Timestamp,User Count,Type,Name,Requests/s,Failures/s,50%,66%,75%,80%,90%,95%,98%,99%,99.9%,99.99%,100%,Total Request Count,Total Failure Count,Total Median Response Time,Total Average Response Time,Total Min Response Time,Total Max Response Time,Total Average Content Size
1789505322,0,,Aggregated,0.000000,0.000000,N/A,N/A,N/A,N/A,N/A,N/A,N/A,N/A,N/A,N/A,N/A,0,0,0,0.0,0,0,0
1789505323,10,,Aggregated,0.000000,0.000000,9,9,10,10,12,13,14,14,14,14,14,27,0,9,7.8759448523568505,3.035059999092482,14.067643001908436,227.11111111111111
1789505324,20,,Aggregated,0.000000,0.000000,9,10,11,12,14,18,29,36,36,36,36,89,0,9,9.639855550672058,2.843117999873357,36.42902600040543,230.56179775280899
1789505325,30,,Aggregated,9.000000,0.000000,9,10,11,12,16,22,29,36,56,56,56,177,0,9,9.470991225976308,2.843117999873357,56.28589499974623,230.090395480226
1789505326,40,,Aggregated,25.000000,0.000000,7,9,11,12,16,24,36,46,56,56,56,300,0,7,9.168263223218673,2.770396000414621,56.28589499974623,230.58333333333334
1789505327,50,,Aggregated,42.666667,0.000000,8,10,12,14,22,31,37,41,56,56,56,451,0,8,10.450441294801195,2.770396000414621,56.28589499974623,230.94235033259423
1789505328,60,,Aggregated,57.500000,0.000000,8,10,13,16,24,34,45,56,78,78,78,622,0,8,11.530574358444042,2.770396000414621,77.52856699880795,230.37138263665594
1789505329,70,,Aggregated,73.400000,0.000000,9,13,18,23,38,110,170,200,220,220,220,814,0,9,21.01037473703154,2.770396000414621,223.76708699812298,229.495085995086
1789505330,80,,Aggregated,86.500000,0.000000,8,13,20,24,69,140,170,190,220,220,220,1029,0,8,24.245711475180343,2.653873998497147,223.76708699812298,228.83187560738583
1789505331,90,,Aggregated,96.142857,0.000000,9,17,24,31,67,130,170,190,220,220,220,1300,0,9,24.99377978377407,2.574147998529952,223.76708699812298,227.78846153846155
1789505332,100,,Aggregated,112.875000,0.000000,10,19,29,39,88,130,160,180,220,220,220,1570,0,10,28.27415978529985,2.5305800008936785,223.76708699812298,227.115923566879
1789505333,100,,Aggregated,127.333333,0.000000,9,15,23,30,75,130,160,170,220,220,220,1903,0,9,24.802882018371236,2.5305800008936785,223.76708699812298,226.17498686284813
1789505334,100,,Aggregated,141.200000,0.000000,8,12,20,26,60,120,150,170,220,220,220,2230,0,8,22.228071143019463,2.5305800008936785,223.76708699812298,225.8188340807175
1789505335,100,,Aggregated,171.500000,0.000000,7,10,16,22,52,100,150,170,220,220,220,2555,0,7,20.0759371424372,2.4788909977360163,223.76708699812298,225.42818003913894
1789505336,100,,Aggregated,199.700000,0.000000,7,10,14,20,45,93,140,160,220,220,220,2886,0,7,18.63310103186161,2.4732290003157686,223.76708699812298,225.41580041580042
1789505337,100,,Aggregated,224.900000,0.000000,7,9,13,18,41,87,140,160,210,220,220,3214,0,6,17.57219992375643,2.4732290003157686,223.76708699812298,225.24424393279403
1789505338,100,,Aggregated,247.100000,0.000000,6,9,12,16,37,82,140,160,210,220,220,3539,0,6,16.558495653288706,2.4138270018738694,223.76708699812298,225.25854761231986
1789505339,100,,Aggregated,266.800000,0.000000,6,9,12,15,32,73,130,160,210,220,220,3873,0,6,15.721754242965167,2.4138270018738694,223.76708699812298,224.99147947327654
1789505340,100,,Aggregated,284.400000,0.000000,6,9,11,14,30,64,130,150,210,220,220,4199,0,6,15.066472675165016,2.4138270018738694,223.76708699812298,224.88235294117646
1789505341,100,,Aggregated,301.000000,0.000000,6,8,11,13,28,59,130,150,210,220,220,4531,0,6,14.396924847488972,2.4138270018738694,223.76708699812298,224.91701611123372
1789505342,100,,Aggregated,311.600000,0.000000,6,8,11,13,26,54,130,150,210,220,220,4865,0,6,13.949861742643227,2.4138270018738694,223.76708699812298,224.75704008221993
1789505343,100,,Aggregated,320.400000,0.000000,6,8,11,13,25,51,130,150,210,220,220,5179,0,6,13.5938568671475,2.4138270018738694,223.76708699812298,224.61672137478277
1789505344,100,,Aggregated,326.500000,0.000000,6,8,10,12,24,47,120,140,210,220,220,5506,0,6,13.154361167256505,2.4138270018738694,223.76708699812298,224.63567017798766
1789505345,100,,Aggregated,327.600000,0.000000,6,8,10,12,23,45,120,140,210,220,220,5839,0,6,12.879308325205384,2.4138270018738694,223.76708699812298,224.56054118855968
1789505346,100,,Aggregated,327.900000,0.000000,6,8,10,12,23,45,110,140,210,220,220,6161,0,6,12.702355369564486,2.4138270018738694,223.76708699812298,224.60899204674567
1789505347,100,,Aggregated,327.400000,0.000000,6,8,10,12,23,45,100,140,210,220,220,6496,0,6,12.56123199275049,2.4138270018738694,223.76708699812298,224.6266933497537
1789505348,100,,Aggregated,327.300000,0.000000,6,8,10,12,22,43,96,140,210,220,220,6806,0,6,12.24543232234371,2.4138270018738694,223.76708699812298,224.6650014692918
1789505349,100,,Aggregated,326.600000,0.000000,6,8,10,12,22,40,94,140,200,220,220,7141,0,6,11.959883646244245,2.4138270018738694,223.76708699812298,224.65523035989358
1789505350,100,,Aggregated,326.000000,0.000000,6,8,10,11,21,39,91,140,200,220,220,7463,0,6,11.69604680462091,2.4138270018738694,223.76708699812298,224.58582339541738
1789505351,100,,Aggregated,326.300000,0.000000,6,8,10,11,21,39,88,130,200,220,220,7777,0,6,11.612883561511772,2.4138270018738694,223.76708699812298,224.52590973383053
1789505352,100,,Aggregated,325.200000,0.000000,6,8,10,11,21,40,86,130,200,220,220,8109,0,6,11.603231774925256,2.4138270018738694,223.76708699812298,224.5305216426193
1789505353,100,,Aggregated,324.800000,0.000000,6,8,10,12,22,39,84,130,200,220,220,8433,0,6,11.547224426877749,2.4138270018738694,223.76708699812298,224.53847978180957
1789505354,100,,Aggregated,324.700000,0.000000,6,8,10,11,21,38,83,130,200,220,220,8769,0,6,11.381900490691272,2.4138270018738694,223.76708699812298,224.53426844566084
1789505355,100,,Aggregated,324.800000,0.000000,6,8,9,11,20,37,78,130,190,220,220,9092,0,5,11.204909802893221,2.4138270018738694,223.76708699812298,224.50087989441266
1789505356,100,,Aggregated,323.900000,0.000000,5,7,9,11,20,36,76,130,190,220,220,9413,0,5,11.004171404958074,2.4138270018738694,223.76708699812298,224.49410389886327
1789505357,100,,Aggregated,324.900000,0.000000,5,7,9,11,20,35,73,130,190,220,220,9737,0,5,10.883211705850435,2.4138270018738694,223.76708699812298,224.47530040053405
1789505358,100,,Aggregated,325.100000,0.000000,5,7,9,11,19,34,70,130,190,220,220,10060,0,5,10.732809281294871,2.4138270018738694,223.76708699812298,224.3768389662028
1789505359,100,,Aggregated,323.900000,0.000000,5,7,9,11,19,33,69,130,190,220,220,10378,0,5,10.609021062906084,2.4138270018738694,223.76708699812298,224.39159761032954
1789505360,100,,Aggregated,324.100000,0.000000,5,7,9,11,18,33,67,120,190,220,220,10712,0,5,10.53044533970279,2.4138270018738694,223.76708699812298,224.3871359223301
1789505361,100,,Aggregated,324.500000,0.000000,5,7,9,11,19,32,64,120,190,220,220,11038,0,5,10.483240821968622,2.4138270018738694,223.76708699812298,224.41828229751766
1789505362,100,,Aggregated,324.600000,0.000000,5,7,9,11,18,32,63,120,190,220,220,11357,0,5,10.381290833575704,2.4138270018738694,223.76708699812298,224.43532623051863
1789505363,100,,Aggregated,323.000000,0.000000,5,7,9,11,18,32,62,120,190,220,220,11683,0,5,10.347383310955745,2.4138270018738694,223.76708699812298,224.4486861251391
1789505364,100,,Aggregated,324.900000,0.000000,5,7,9,11,18,31,61,110,190,220,220,12018,0,5,10.23720731817978,2.4138270018738694,223.76708699812298,224.42269928440672
1789505365,100,,Aggregated,323.800000,0.000000,5,7,9,10,17,31,60,110,190,220,220,12347,0,5,10.11805174284319,2.4138270018738694,223.76708699812298,224.43014497448772
1789505366,100,,Aggregated,324.400000,0.000000,5,7,9,11,18,31,59,110,190,220,220,12677,0,5,10.112752899024159,2.4138270018738694,223.76708699812298,224.44206042439063
1789505367,100,,Aggregated,324.000000,0.000000,5,7,9,11,18,30,58,99,190,220,220,13014,0,5,10.050889635770313,2.4138270018738694,223.76708699812298,224.42715537113878
1789505368,100,,Aggregated,324.500000,0.000000,5,7,9,10,17,29,57,97,190,220,220,13342,0,5,9.950801582814258,2.4138270018738694,223.76708699812298,224.4078099235497
1789505369,100,,Aggregated,327.200000,0.000000,5,7,9,11,18,30,56,96,190,220,220,13670,0,5,9.997375732544025,2.4138270018738694,223.76708699812298,224.35581565471836
1789505370,100,,Aggregated,328.000000,0.000000,5,7,9,10,17,29,55,94,180,220,220,14004,0,5,9.900524862172968,2.4138270018738694,223.76708699812298,224.3598257640674
1789505371,100,,Aggregated,327.900000,0.000000,5,7,9,10,17,29,55,93,180,220,220,14333,0,5,9.816667244114054,2.4138270018738694,223.76708699812298,224.31061187469476
1789505372,100,,Aggregated,327.300000,0.000000,5,7,9,10,17,29,54,92,180,220,220,14640,0,5,9.75409884002003,2.4138270018738694,223.76708699812298,224.32670765027322
1789505373,100,,Aggregated,330.200000,0.000000,5,7,9,10,17,28,53,91,180,220,220,14962,0,5,9.679570520444763,2.4138270018738694,223.76708699812298,224.29802165485899
1789505374,100,,Aggregated,326.800000,0.000000,5,7,9,10,16,28,52,89,180,220,220,15317,0,5,9.632276636673433,2.4138270018738694,223.76708699812298,224.30946007703858
1789505375,100,,Aggregated,327.700000,0.000000,5,7,9,10,16,28,53,88,180,220,220,15627,0,5,9.630310909895863,2.4138270018738694,223.76708699812298,224.29013886222563
1789505376,100,,Aggregated,328.700000,0.000000,5,7,9,10,16,27,52,87,180,220,220,15947,0,5,9.576701618482897,2.4138270018738694,223.76708699812298,224.31385213519783
1789505377,100,,Aggregated,328.600000,0.000000,5,7,9,10,16,27,51,86,180,220,220,16279,0,5,9.522299947845136,2.4138270018738694,223.76708699812298,224.30757417531788
1789505378,100,,Aggregated,328.000000,0.000000,5,7,9,10,16,27,51,84,180,220,220,16609,0,5,9.50858313607119,2.4138270018738694,223.76708699812298,224.3182611836956
1789505379,100,,Aggregated,327.300000,0.000000,5,7,9,10,16,27,50,84,180,220,220,16933,0,5,9.459853356289699,2.4138270018738694,223.76708699812298,224.2867772987657
1789505380,100,,Aggregated,325.800000,0.000000,5,7,9,10,16,27,50,83,180,220,220,17262,0,5,9.440469226337816,2.4138270018738694,223.76708699812298,224.30152937087243
1789505381,100,,Aggregated,325.600000,0.000000,5,7,9,10,16,27,49,83,180,220,220,17589,0,5,9.40420177469137,2.4138270018738694,223.76708699812298,224.28483711410541
1789505382,100,,Aggregated,326.500000,0.000000,5,7,9,10,16,26,48,79,180,220,220,17930,0,5,9.336834579031885,2.4138270018738694,223.76708699812298,224.28717233686558
1789505383,100,,Aggregated,324.900000,0.000000,5,7,9,10,16,26,48,78,170,220,220,18246,0,5,9.29507536693055,2.4138270018738694,223.76708699812298,224.25923490080018
1789505384,100,,Aggregated,326.800000,0.000000,5,7,9,10,16,26,47,76,170,220,220,18568,0,5,9.258749800515803,2.4138270018738694,223.76708699812298,224.26341016803102
1789505385,100,,Aggregated,327.500000,0.000000,5,7,9,10,16,25,47,76,170,220,220,18888,0,5,9.196102915447613,2.4138270018738694,223.76708699812298,224.24428208386277
1789505386,100,,Aggregated,326.600000,0.000000,5,7,9,10,16,25,47,75,170,220,220,19196,0,5,9.152667352465794,2.4138270018738694,223.76708699812298,224.26135653261096
1789505387,100,,Aggregated,325.000000,0.000000,5,7,9,10,16,25,46,71,170,220,220,19510,0,5,9.121757554686072,2.4138270018738694,223.76708699812298,224.23429010763712
1789505388,100,,Aggregated,323.900000,0.000000,5,7,9,10,16,25,46,71,170,220,220,19842,0,5,9.075049254758918,2.4138270018738694,223.76708699812298,224.2276988206834
1789505389,100,,Aggregated,322.300000,0.000000,5,7,9,10,16,25,46,70,170,220,220,20178,0,5,9.063040603129316,2.4138270018738694,223.76708699812298,224.20294380017842
1789505390,100,,Aggregated,322.100000,0.000000,5,7,9,10,16,25,46,69,170,220,220,20493,0,5,9.070672957644415,2.4138270018738694,223.76708699812298,224.20582637973942
1789505391,100,,Aggregated,322.500000,0.000000,5,7,9,10,16,25,46,69,170,220,220,20823,0,5,9.047145207466084,2.4138270018738694,223.76708699812298,224.2091917591125
1789505392,100,,Aggregated,322.700000,0.000000,5,7,9,10,16,25,46,68,170,220,220,21148,0,5,9.020263400655356,2.4138270018738694,223.76708699812298,224.18417817287687
1789505393,100,,Aggregated,322.300000,0.000000,5,7,9,10,16,25,45,67,170,220,220,21471,0,5,8.99484069931891,2.4138270018738694,223.76708699812298,224.1896045829258
1789505394,100,,Aggregated,322.200000,0.000000,5,7,9,10,15,24,45,67,170,220,220,21799,0,5,8.94949966751154,2.4138270018738694,223.76708699812298,224.18477911830817
1789505395,100,,Aggregated,320.800000,0.000000,5,7,9,10,15,24,45,66,170,220,220,22126,0,5,8.912433731226159,2.4138270018738694,223.76708699812298,224.19506462984725
1789505396,100,,Aggregated,321.500000,0.000000,5,7,9,10,15,24,44,64,170,220,220,22440,0,5,8.872998031823203,2.4138270018738694,223.76708699812298,224.20490196078433
1789505397,100,,Aggregated,322.600000,0.000000,5,7,9,10,15,24,44,64,170,220,220,22765,0,5,8.839494843977121,2.4138270018738694,223.76708699812298,224.21388095761037
1789505398,100,,Aggregated,322.700000,0.000000,5,7,9,10,15,24,44,63,170,220,220,23103,0,5,8.835625077699865,2.375259999098489,223.76708699812298,224.2307059689218
1789505399,100,,Aggregated,324.200000,0.000000,5,7,9,10,15,24,44,63,170,220,220,23421,0,5,8.805497752575695,2.375259999098489,223.76708699812298,224.23730839844583
1789505400,100,,Aggregated,325.300000,0.000000,5,7,9,10,15,24,43,62,170,220,220,23758,0,5,8.764674003372669,2.375259999098489,223.76708699812298,224.2301961444566
1789505401,100,,Aggregated,324.900000,0.000000,5,7,9,10,15,24,43,62,170,220,220,24087,0,5,8.762038208790964,2.375259999098489,223.76708699812298,224.23423423423424
1789505402,100,,Aggregated,325.900000,0.000000,5,7,9,10,15,23,43,61,170,220,220,24410,0,5,8.745260678374803,2.375259999098489,223.76708699812298,224.21900860303154
1789505403,100,,Aggregated,325.500000,0.000000,5,7,9,10,15,23,42,60,170,220,220,24731,0,5,8.712409989853883,2.3331919983320404,223.76708699812298,224.26044235979134
1789505404,100,,Aggregated,325.000000,0.000000,5,7,9,10,15,23,42,60,170,220,220,25054,0,5,8.675414677300164,2.3331919983320404,223.76708699812298,224.2593198690828
1789505405,100,,Aggregated,325.300000,0.000000,5,7,9,10,15,23,42,60,170,220,220,25385,0,5,8.673897922398808,2.3331919983320404,223.76708699812298,224.26255662792988
1789505406,100,,Aggregated,325.100000,0.000000,5,7,9,10,15,23,42,60,170,220,220,25696,0,5,8.657230221437077,2.3331919983320404,223.76708699812298,224.24264476961395
1789505407,100,,Aggregated,325.600000,0.000000,5,7,9,10,15,23,41,59,170,220,220,26032,0,5,8.679605188115085,2.3331919983320404,223.76708699812298,224.27420098340505
1789505408,100,,Aggregated,326.500000,0.000000,5,7,9,10,15,24,42,59,170,220,220,26350,0,5,8.690447894043084,2.3331919983320404,223.76708699812298,224.287779886148
1789505409,100,,Aggregated,325.600000,0.000000,5,7,9,10,15,23,42,58,170,220,220,26688,0,5,8.67435322309731,2.3331919983320404,223.76708699812298,224.28855665467626
1789505410,100,,Aggregated,325.200000,0.000000,5,7,9,10,15,23,41,58,160,220,220,27015,0,5,8.64242605619227,2.3331919983320404,223.76708699812298,224.28543401813806
1789505411,100,,Aggregated,324.400000,0.000000,5,7,9,10,15,23,41,57,160,220,220,27346,0,5,8.619768896437472,2.3331919983320404,223.76708699812298,224.30355445037665
1789505412,100,,Aggregated,325.000000,0.000000,5,7,9,10,15,23,41,57,160,220,220,27683,0,5,8.601090368711352,2.3331919983320404,223.76708699812298,224.3132969692591
1789505413,100,,Aggregated,325.400000,0.000000,5,7,9,10,15,23,40,56,160,220,220,28019,0,5,8.59046431928612,2.3331919983320404,223.76708699812298,224.3054355972733
1789505414,100,,Aggregated,326.200000,0.000000,5,7,9,10,15,23,40,56,160,220,220,28360,0,5,8.574157316187973,2.3331919983320404,223.76708699812298,224.31622002820873
1789505415,100,,Aggregated,327.400000,0.000000,5,7,9,10,15,23,40,56,160,220,220,28680,0,5,8.546720355372734,2.3331919983320404,223.76708699812298,224.32771966527196
1789505416,100,,Aggregated,328.900000,0.000000,5,7,9,10,15,23,40,55,160,220,220,29009,0,5,8.523170363440713,2.3331919983320404,223.76708699812298,224.32838084732325
1789505417,100,,Aggregated,328.400000,0.000000,5,7,9,10,15,23,40,56,160,220,220,29323,0,5,8.541613534258301,2.3331919983320404,223.76708699812298,224.31286021212017
1789505418,100,,Aggregated,328.500000,0.000000,5,7,9,10,15,23,40,55,160,220,220,29640,0,5,8.50984977716198,2.3331919983320404,223.76708699812298,224.30259784075574
1789505419,100,,Aggregated,328.700000,0.000000,5,7,9,10,15,23,40,55,160,220,220,29971,0,5,8.509190233761437,2.3331919983320404,223.76708699812298,224.30943245136964
1789505420,100,,Aggregated,328.500000,0.000000,5,7,9,10,15,23,40,55,160,210,220,30301,0,5,8.542761871623508,2.3331919983320404,223.76708699812298,224.30764661232303
1789505421,100,,Aggregated,329.200000,0.000000,5,7,9,10,15,23,40,55,160,210,220,30640,0,5,8.51879556883387,2.3331919983320404,223.76708699812298,224.29288511749348
1789505422,100,,Aggregated,326.900000,0.000000,5,7,9,10,15,23,40,55,160,210,220,30975,0,5,8.498579786539455,2.3331919983320404,223.76708699812298,224.28293785310734
1789505423,100,,Aggregated,327.900000,0.000000,5,7,8,10,15,23,40,55,160,210,220,31308,0,5,8.480350088444922,2.3331919983320404,223.76708699812298,224.27689408457903
1789505424,100,,Aggregated,329.000000,0.000000,5,7,8,10,15,23,39,54,160,210,220,31625,0,5,8.449499882056559,2.3331919983320404,223.76708699812298,224.2749723320158
1789505425,100,,Aggregated,329.200000,0.000000,5,7,8,10,15,23,39,54,160,210,220,31955,0,5,8.444566002159704,2.3331919983320404,223.76708699812298,224.27610702550461
1789505426,100,,Aggregated,327.900000,0.000000,5,7,8,10,15,23,41,57,160,210,220,32290,0,5,8.503550313099975,2.3331919983320404,223.76708699812298,224.2821306906163
1789505427,100,,Aggregated,327.600000,0.000000,5,7,8,10,15,23,40,56,160,210,220,32615,0,5,8.492365847338515,2.3331919983320404,223.76708699812298,224.27619193622567
1789505428,100,,Aggregated,327.700000,0.000000,5,7,8,10,15,23,40,56,160,210,220,32924,0,5,8.473024243286021,2.3331919983320404,223.76708699812298,224.26096464585106
1789505429,100,,Aggregated,326.700000,0.000000,5,7,8,10,15,23,40,56,160,210,220,33255,0,5,8.445724747255428,2.3331919983320404,223.76708699812298,224.23551345662307
1789505430,100,,Aggregated,327.500000,0.000000,5,7,8,10,15,23,40,55,160,210,220,33597,0,5,8.448574280293082,2.3331919983320404,223.76708699812298,224.2310027681043
1789505431,100,,Aggregated,327.300000,0.000000,5,7,8,10,15,23,40,55,160,210,220,33928,0,5,8.44007892743536,2.3331919983320404,223.76708699812298,224.2430146191936
1789505432,100,,Aggregated,327.600000,0.000000,5,7,8,10,15,23,41,56,160,210,220,34253,0,5,8.484236946633803,2.3331919983320404,223.76708699812298,224.25530610457477
1789505433,100,,Aggregated,329.100000,0.000000,5,7,8,10,15,23,40,56,160,210,220,34566,0,5,8.484860990541355,2.3331919983320404,223.76708699812298,224.26080541572642
1789505434,100,,Aggregated,327.500000,0.000000,5,7,8,10,15,23,41,56,160,210,220,34881,0,5,8.495378757920962,2.3331919983320404,223.76708699812298,224.27507812276025
1789505435,100,,Aggregated,325.200000,0.000000,5,7,8,10,15,23,41,56,160,210,220,35201,0,5,8.502305105878696,2.3331919983320404,223.76708699812298,224.26916848953155
1789505436,100,,Aggregated,324.100000,0.000000,5,7,8,10,15,23,41,56,160,210,220,35526,0,5,8.485884219332702,2.3331919983320404,223.76708699812298,224.2585993356978
1789505437,100,,Aggregated,324.900000,0.000000,5,7,8,10,15,23,41,56,160,210,220,35849,0,5,8.456889754665895,2.3331919983320404,223.76708699812298,224.24739881168233
1789505438,100,,Aggregated,324.000000,0.000000,5,7,8,10,15,23,41,56,160,210,220,36176,0,5,8.446132176885685,2.3331919983320404,223.76708699812298,224.22888102609465
1789505439,100,,Aggregated,324.600000,0.000000,5,7,8,10,15,23,41,55,160,210,220,36485,0,5,8.429032332191198,2.3331919983320404,223.76708699812298,224.2148828285597
1789505440,100,,Aggregated,324.400000,0.000000,5,7,8,10,15,23,41,55,160,210,220,36810,0,5,8.435429084459381,2.3331919983320404,223.76708699812298,224.20760662863353
1789505441,100,,Aggregated,323.200000,0.000000,5,7,8,10,15,23,40,55,160,210,220,37133,0,5,8.414116218699272,2.3331919983320404,223.76708699812298,224.19605202919237
1789505442,100,,Aggregated,322.600000,0.000000,5,7,8,10,15,23,41,55,160,210,220,37465,0,5,8.406335190150607,2.3331919983320404,223.76708699812298,224.21406646203124
1789505443,100,,Aggregated,321.100000,0.000000,5,7,8,10,15,23,41,55,160,210,220,37790,0,5,8.407730118470084,2.3331919983320404,223.76708699812298,224.20500132310136
1789505444,100,,Aggregated,321.900000,0.000000,5,7,8,10,15,23,40,55,160,210,220,38117,0,5,8.393682861033666,2.3331919983320404,223.76708699812298,224.21525828370542
1789505445,100,,Aggregated,323.600000,0.000000,5,7,8,10,14,23,40,54,160,210,220,38446,0,5,8.373019802970969,2.3331919983320404,223.76708699812298,224.21211569474067
1789505446,100,,Aggregated,322.500000,0.000000,5,7,8,10,14,23,40,54,160,210,220,38774,0,5,8.358285808171615,2.3331919983320404,223.76708699812298,224.19280961469025
1789505447,100,,Aggregated,321.800000,0.000000,5,7,8,10,14,23,40,54,150,210,220,39093,0,5,8.339419241502394,2.3331919983320404,223.76708699812298,224.19671040851304
1789505448,100,,Aggregated,322.700000,0.000000,5,7,8,10,14,23,40,54,150,210,220,39418,0,5,8.33234564681195,2.3331919983320404,223.76708699812298,224.20211578466692
1789505449,100,,Aggregated,323.000000,0.000000,5,7,8,10,14,23,40,54,150,210,220,39759,0,5,8.313473743026401,2.3331919983320404,223.76708699812298,224.2287029351845
1789505450,100,,Aggregated,324.500000,0.000000,5,7,8,10,14,23,40,54,150,210,220,40093,0,5,8.315760913475364,2.3331919983320404,223.76708699812298,224.2211109171177
1789505451,100,,Aggregated,324.600000,0.000000,5,7,8,10,14,23,40,54,150,210,220,40412,0,5,8.312862434869393,2.3331919983320404,223.76708699812298,224.22763040680985
1789505452,100,,Aggregated,326.000000,0.000000,5,7,8,10,14,23,40,53,150,210,220,40726,0,5,8.307398944554528,2.3331919983320404,223.76708699812298,224.22364091735008
1789505453,100,,Aggregated,326.700000,0.000000,5,7,8,10,14,23,40,53,150,210,220,41049,0,5,8.290745812295691,2.3331919983320404,223.76708699812298,224.2300665058832
1789505454,100,,Aggregated,325.500000,0.000000,5,7,8,10,14,23,39,53,150,210,220,41372,0,5,8.270784723942707,2.3331919983320404,223.76708699812298,224.22208256792032
1789505455,100,,Aggregated,324.700000,0.000000,5,7,8,10,14,23,40,53,150,210,220,41708,0,5,8.283501656155636,2.3331919983320404,223.76708699812298,224.21974201592022
1789505456,100,,Aggregated,325.700000,0.000000,5,7,8,10,14,23,39,53,150,210,220,42031,0,5,8.270969394231326,2.3331919983320404,223.76708699812298,224.21212914277558
1789505457,100,,Aggregated,325.400000,0.000000,5,7,8,10,14,23,40,53,150,210,220,42356,0,5,8.265213499714855,2.3331919983320404,223.76708699812298,224.20960430635566
1789505458,100,,Aggregated,325.900000,0.000000,5,7,8,10,14,23,39,53,150,210,220,42696,0,5,8.266899633920582,2.3331919983320404,223.76708699812298,224.21934139029418
1789505459,100,,Aggregated,327.100000,0.000000,5,7,8,10,14,22,39,52,150,210,220,43015,0,5,8.244727506890309,2.3331919983320404,223.76708699812298,224.22020225502732
1789505460,100,,Aggregated,325.000000,0.000000,5,7,8,10,14,23,40,53,150,210,220,43331,0,5,8.252284735730203,2.3331919983320404,223.76708699812298,224.21658858553923
1789505461,100,,Aggregated,326.800000,0.000000,5,7,8,10,14,22,39,53,150,210,220,43661,0,5,8.242705755203582,2.3331919983320404,223.76708699812298,224.22672407869723
1789505462,100,,Aggregated,325.300000,0.000000,5,7,8,10,14,22,39,53,150,210,220,43983,0,5,8.23480141490886,2.3331919983320404,223.76708699812298,224.21471932337494
1789505463,100,,Aggregated,324.200000,0.000000,5,7,8,10,14,22,39,52,150,210,220,44310,0,5,8.231818138207153,2.3331919983320404,223.76708699812298,224.234416610246
1789505464,100,,Aggregated,324.400000,0.000000,5,7,8,10,14,22,39,52,150,210,220,44631,0,5,8.223741416389421,2.3331919983320404,223.76708699812298,224.23429902982232
1789505465,100,,Aggregated,324.700000,0.000000,5,7,8,10,14,22,39,52,150,210,220,44950,0,5,8.204848517505054,2.3331919983320404,223.76708699812298,224.23877641824248
1789505466,100,,Aggregated,325.800000,0.000000,5,7,8,10,14,22,39,52,150,210,220,45275,0,5,8.206834573559178,2.3331919983320404,223.76708699812298,224.23158475980122
1789505467,100,,Aggregated,326.100000,0.000000,5,7,8,10,14,22,39,52,150,210,220,45592,0,5,8.196385077204237,2.3331919983320404,223.76708699812298,224.2084576241446
1789505468,100,,Aggregated,324.700000,0.000000,5,7,8,9,14,22,39,52,150,210,220,45929,0,5,8.181635971280572,2.3331919983320404,223.76708699812298,224.21076008622003
1789505469,100,,Aggregated,322.000000,0.000000,5,7,8,9,14,22,39,52,150,210,220,46253,0,5,8.175587740015235,2.3331919983320404,223.76708699812298,224.194279289992
1789505470,100,,Aggregated,322.800000,0.000000,5,7,8,9,14,22,39,52,150,210,220,46588,0,5,8.165007475313978,2.3331919983320404,223.76708699812298,224.18423199107067
1789505471,100,,Aggregated,323.900000,0.000000,5,7,8,9,14,22,39,52,150,210,220,46905,0,5,8.146869060034795,2.3331919983320404,223.76708699812298,224.19245283018867
1789505472,100,,Aggregated,324.400000,0.000000,5,7,8,9,14,22,38,51,150,210,220,47243,0,5,8.13435915085673,2.3331919983320404,223.76708699812298,224.17979383189044
1789505473,100,,Aggregated,324.400000,0.000000,5,7,8,9,14,22,38,51,150,210,220,47563,0,5,8.129797845340185,2.3331919983320404,223.76708699812298,224.18522801337173
1789505474,100,,Aggregated,324.100000,0.000000,5,7,8,9,14,22,38,51,150,210,220,47884,0,5,8.125222164499752,2.3331919983320404,223.76708699812298,224.1879751065074
1789505475,100,,Aggregated,325.100000,0.000000,5,7,8,9,14,22,38,51,150,210,220,48216,0,5,8.109089416126013,2.3331919983320404,223.76708699812298,224.18570598971297
1789505476,100,,Aggregated,325.000000,0.000000,5,7,8,9,14,22,38,51,150,210,220,48533,0,5,8.136341871323998,2.3331919983320404,223.76708699812298,224.17841468691407
1789505477,100,,Aggregated,324.700000,0.000000,5,7,8,9,14,22,38,51,150,210,220,48852,0,5,8.126144778227058,2.3331919983320404,223.76708699812298,224.1708220748383
1789505478,100,,Aggregated,325.500000,0.000000,5,7,8,9,14,22,38,51,150,210,220,49195,0,5,8.109836551417265,2.3331919983320404,223.76708699812298,224.18024189450148
1789505479,100,,Aggregated,326.300000,0.000000,5,7,8,9,14,22,38,51,150,210,220,49525,0,5,8.114123107823449,2.3331919983320404,223.76708699812298,224.1846542150429
1789505480,100,,Aggregated,326.200000,0.000000,5,7,8,9,14,22,39,51,150,210,220,49860,0,5,8.116511104553105,2.3331919983320404,223.76708699812298,224.18537906137183
1789505481,100,,Aggregated,326.200000,0.000000,5,7,8,9,14,22,38,51,150,210,220,50177,0,5,8.099206993164072,2.3331919983320404,223.76708699812298,224.17408374354784
1789505482,100,,Aggregated,326.500000,0.000000,5,7,8,9,14,22,39,52,150,210,220,50495,0,5,8.170594406435377,2.3331919983320404,223.76708699812298,224.1736805624319
1789505483,100,,Aggregated,326.700000,0.000000,5,7,8,9,14,22,39,52,150,210,220,50817,0,5,8.152806898948711,2.3331919983320404,223.76708699812298,224.1701792707165
1789505484,100,,Aggregated,325.200000,0.000000,5,7,8,9,14,22,39,52,150,210,220,51137,0,5,8.143055985507608,2.3331919983320404,223.76708699812298,224.17678002229306
1789505485,100,,Aggregated,325.600000,0.000000,5,7,8,9,14,22,39,52,150,210,220,51472,0,5,8.131265729618567,2.3331919983320404,223.76708699812298,224.1813607398197
1789505486,100,,Aggregated,324.700000,0.000000,5,7,8,9,14,22,39,52,150,210,220,51805,0,5,8.121854543286558,2.3331919983320404,223.76708699812298,224.18214458063895
1789505487,100,,Aggregated,325.600000,0.000000,5,7,8,9,14,22,39,52,150,210,220,52140,0,5,8.109425724932272,2.3331919983320404,223.76708699812298,224.1891254315305
1789505488,100,,Aggregated,325.500000,0.000000,5,7,8,9,14,22,38,51,150,210,220,52467,0,5,8.097360571882165,2.3331919983320404,223.76708699812298,224.17778794289745
1789505489,100,,Aggregated,327.200000,0.000000,5,7,8,9,14,22,38,51,150,210,220,52798,0,5,8.093346941929385,2.3331919983320404,223.76708699812298,224.17256335467252
1789505490,100,,Aggregated,327.200000,0.000000,5,7,8,9,14,22,38,51,150,210,220,53124,0,5,8.078992459114808,2.3331919983320404,223.76708699812298,224.17602213688727
1789505491,100,,Aggregated,325.700000,0.000000,5,7,8,9,14,22,38,51,150,210,220,53457,0,5,8.081488986906301,2.3331919983320404,223.76708699812298,224.16922012084478
1789505492,100,,Aggregated,325.500000,0.000000,5,7,8,9,14,22,38,51,150,210,220,53777,0,5,8.075661287019622,2.3331919983320404,223.76708699812298,224.17150454655336
1789505493,100,,Aggregated,326.600000,0.000000,5,7,8,9,14,22,38,51,140,210,220,54098,0,5,8.06574349846638,2.3331919983320404,223.76708699812298,224.1741469185552
1789505494,100,,Aggregated,328.500000,0.000000,5,7,8,9,14,22,38,52,140,210,220,54421,0,5,8.09252385709695,2.3331919983320404,223.76708699812298,224.1740688337223
1789505495,100,,Aggregated,326.700000,0.000000,5,7,8,9,14,22,38,51,140,210,220,54752,0,5,8.080438722348875,2.3331919983320404,223.76708699812298,224.17453243717125
1789505496,100,,Aggregated,328.100000,0.000000,5,7,8,9,14,22,39,52,140,210,220,55064,0,5,8.093732485745452,2.3331919983320404,223.76708699812298,224.16873093127995
1789505497,100,,Aggregated,326.600000,0.000000,5,7,8,9,14,22,38,52,140,210,220,55375,0,5,8.083366855171509,2.3331919983320404,223.76708699812298,224.15535891647855
1789505498,100,,Aggregated,327.200000,0.000000,5,7,8,9,14,22,38,51,140,210,220,55701,0,5,8.068807272780008,2.3331919983320404,223.76708699812298,224.14662214322902
1789505499,100,,Aggregated,324.800000,0.000000,5,7,8,9,14,22,38,51,140,210,220,56009,0,5,8.065863166724379,2.3331919983320404,223.76708699812298,224.1498330625435
1789505500,100,,Aggregated,323.400000,0.000000,5,7,8,9,14,22,38,51,140,210,220,56338,0,5,8.051725353616446,2.3331919983320404,223.76708699812298,224.16718733359366
1789505501,100,,Aggregated,323.700000,0.000000,5,7,8,9,14,22,38,51,140,210,220,56667,0,5,8.03892847325691,2.3331919983320404,223.76708699812298,224.1786048317363
1789505502,100,,Aggregated,322.200000,0.000000,5,7,8,9,14,22,38,51,140,210,220,56989,0,5,8.047605706786248,2.3331919983320404,223.76708699812298,224.1877028900314
1789505503,100,,Aggregated,320.100000,0.000000,5,7,8,9,14,22,38,51,140,210,220,57322,0,5,8.02958578374926,2.3331919983320404,223.76708699812298,224.18368165800217
1789505504,100,,Aggregated,321.300000,0.000000,5,7,8,9,14,21,38,51,140,210,220,57638,0,5,8.023610893561177,2.3331919983320404,223.76708699812298,224.1881571185676
1789505505,100,,Aggregated,320.900000,0.000000,5,7,8,9,14,21,38,51,140,210,220,57960,0,5,8.021651867979532,2.3331919983320404,223.76708699812298,224.19094202898552
1789505506,100,,Aggregated,321.000000,0.000000,5,7,8,9,14,21,38,51,140,210,220,58273,0,5,8.01133650843617,2.3331919983320404,223.76708699812298,224.19216446724897
1789505507,100,,Aggregated,321.300000,0.000000,5,7,8,9,14,21,38,51,140,210,220,58622,0,5,8.011396829810637,2.3331919983320404,223.76708699812298,224.19245334516052
1789505508,100,,Aggregated,319.500000,0.000000,5,7,8,9,14,22,38,52,140,210,220,58925,0,5,8.033122102404416,2.3331919983320404,223.76708699812298,224.19182011030972
1789505509,100,,Aggregated,319.400000,0.000000,5,7,8,9,14,21,38,51,140,210,220,59260,0,5,8.02213456362101,2.3331919983320404,223.76708699812298,224.18660141748228
1789505510,100,,Aggregated,323.400000,0.000000,5,7,8,9,14,21,38,51,140,210,220,59587,0,5,8.020689572476837,2.3331919983320404,223.76708699812298,224.1880611542786
1789505511,100,,Aggregated,321.700000,0.000000,5,7,8,9,14,22,38,51,140,210,220,59905,0,5,8.018035296072384,2.3331919983320404,223.76708699812298,224.1782155078875
1789505512,100,,Aggregated,323.600000,0.000000,5,7,8,9,14,21,38,51,140,210,220,60218,0,5,8.008855076857612,2.3331919983320404,223.76708699812298,224.18323424889567
1789505513,100,,Aggregated,324.200000,0.000000,5,7,8,9,14,22,38,51,140,210,220,60543,0,5,8.016608822658405,2.3331919983320404,223.76708699812298,224.17470227771997
1789505514,100,,Aggregated,321.900000,0.000000,5,7,8,9,14,22,38,51,140,210,220,60853,0,5,8.015072364324114,2.3331919983320404,223.76708699812298,224.17034492958442
1789505515,100,,Aggregated,323.000000,0.000000,5,7,8,9,14,21,38,51,140,210,220,61189,0,5,7.998190484191522,2.3331919983320404,223.76708699812298,224.17035741718283
1789505516,100,,Aggregated,320.900000,0.000000,5,7,8,9,14,21,38,51,140,210,220,61492,0,5,7.991615423538094,2.3331919983320404,223.76708699812298,224.17130683666167
1789505517,100,,Aggregated,321.000000,0.000000,5,7,8,9,14,21,38,51,140,210,220,61823,0,5,7.9826743656766155,2.3331919983320404,223.76708699812298,224.1789139964091
1789505518,100,,Aggregated,322.600000,0.000000,5,7,8,9,14,21,37,51,140,210,220,62154,0,5,7.975577371693564,2.3331919983320404,223.76708699812298,224.17783248061266
1789505519,100,,Aggregated,322.500000,0.000000,5,7,8,9,14,21,37,50,140,210,220,62485,0,5,7.966523396819305,2.3331919983320404,223.76708699812298,224.18229975194046
1789505520,100,,Aggregated,319.900000,0.000000,5,7,8,9,14,21,37,50,140,210,220,62823,0,5,7.970752784302574,2.3331919983320404,223.76708699812298,224.18905496394632
1789505521,100,,Aggregated,321.600000,0.000000,5,7,8,9,14,21,37,50,140,210,220,63133,0,5,7.958889155628372,2.3331919983320404,223.76708699812298,224.1884751239447
1789505522,100,,Aggregated,321.500000,0.000000,5,7,8,9,14,21,37,50,140,210,220,63455,0,5,7.954449567209143,2.3331919983320404,223.76708699812298,224.19757308328738
1789505523,100,,Aggregated,322.400000,0.000000,5,7,8,9,14,21,37,50,140,210,220,63770,0,5,7.9419665986401435,2.3331919983320404,223.76708699812298,224.1925984005018
1789505524,100,,Aggregated,323.600000,0.000000,5,7,8,9,14,21,37,50,140,210,220,64088,0,5,7.931653756526401,2.3331919983320404,223.76708699812298,224.1794251653976
1789505525,100,,Aggregated,322.900000,0.000000,5,7,8,9,14,21,37,50,140,210,220,64419,0,5,7.923078962763133,2.3331919983320404,223.76708699812298,224.18069203185397
1789505526,100,,Aggregated,323.100000,0.000000,5,7,8,9,14,21,37,50,140,210,220,64746,0,5,7.912005301381375,2.3331919983320404,223.76708699812298,224.18330089889722
1789505527,100,,Aggregated,322.700000,0.000000,5,7,8,9,14,21,37,50,140,210,220,65066,0,5,7.928581657689961,2.3331919983320404,223.76708699812298,224.18153874527403
1789505528,100,,Aggregated,323.200000,0.000000,5,7,8,9,14,21,37,50,140,210,220,65385,0,5,7.94841405099406,2.3331919983320404,223.76708699812298,224.18690831230404
1789505529,100,,Aggregated,323.700000,0.000000,5,7,8,9,14,21,37,50,140,210,220,65724,0,5,7.941107811260098,2.3331919983320404,223.76708699812298,224.1992879313493
1789505530,100,,Aggregated,323.700000,0.000000,5,7,8,9,14,21,37,50,140,210,220,66043,0,5,7.946206221572332,2.3331919983320404,223.76708699812298,224.20330693638994
1789505531,100,,Aggregated,323.000000,0.000000,5,7,8,9,14,21,37,50,140,210,220,66359,0,5,7.945103770479946,2.3331919983320404,223.76708699812298,224.19745626064287
1789505532,100,,Aggregated,323.700000,0.000000,5,7,8,9,14,21,37,50,140,210,220,66697,0,5,7.9358815020810285,2.3331919983320404,223.76708699812298,224.2024528839378
1789505533,100,,Aggregated,322.700000,0.000000,5,7,8,9,14,21,37,50,140,210,220,67027,0,5,7.92993767664064,2.3331919983320404,223.76708699812298,224.1901174153699
1789505534,100,,Aggregated,320.800000,0.000000,5,7,8,9,14,21,37,50,140,210,220,67347,0,5,7.927132857115965,2.3331919983320404,223.76708699812298,224.1861552853134
1789505535,100,,Aggregated,322.600000,0.000000,5,7,8,9,14,21,37,49,140,210,220,67668,0,5,7.921543392506888,2.3331919983320404,223.76708699812298,224.18889282969795
1789505536,100,,Aggregated,324.400000,0.000000,5,7,8,9,14,21,37,49,140,210,220,67990,0,5,7.9169739533487045,2.3331919983320404,223.76708699812298,224.1942344462421
1789505537,100,,Aggregated,324.300000,0.000000,5,7,8,9,14,21,37,49,140,210,220,68316,0,5,7.910107016207057,2.3331919983320404,223.76708699812298,224.19952866092862
1789505538,100,,Aggregated,324.100000,0.000000,5,7,8,9,14,21,37,49,140,210,220,68649,0,5,7.907953280575357,2.3331919983320404,223.76708699812298,224.2046060394179
1789505539,100,,Aggregated,324.600000,0.000000,5,7,8,9,14,21,36,49,140,210,220,68967,0,5,7.8949832995231715,2.3331919983320404,223.76708699812298,224.21411689648673
1789505540,100,,Aggregated,324.200000,0.000000,5,7,8,9,14,21,36,49,140,210,220,69279,0,5,7.899438999007768,2.3331919983320404,223.76708699812298,224.2036980903304
1789505541,100,,Aggregated,325.000000,0.000000,5,7,8,9,14,21,37,49,140,210,220,69607,0,5,7.906358426053105,2.3331919983320404,223.76708699812298,224.20291062680477
1789505542,100,,Aggregated,322.900000,0.000000,5,7,8,9,14,21,37,49,140,210,220,69927,0,5,7.922580548833657,2.3331919983320404,223.76708699812298,224.19946515652038
1789505543,100,,Aggregated,322.500000,0.000000,5,7,8,9,14,21,37,49,140,200,220,70244,0,5,7.93064521881266,2.3331919983320404,223.76708699812298,224.2051990205569
1789505544,100,,Aggregated,324.600000,0.000000,5,7,8,9,14,21,37,49,140,200,220,70566,0,5,7.931078939451231,2.3331919983320404,223.76708699812298,224.2050987727801
1789505545,100,,Aggregated,322.400000,0.000000,5,7,8,9,14,21,37,49,140,200,220,70892,0,5,7.934582003262707,2.3331919983320404,223.76708699812298,224.2019268746826
1789505546,100,,Aggregated,321.300000,0.000000,5,7,8,9,14,21,37,49,140,200,220,71223,0,5,7.937699796769039,2.3331919983320404,223.76708699812298,224.19679036266373
1789505547,100,,Aggregated,322.300000,0.000000,5,7,8,9,14,21,37,49,140,200,220,71563,0,5,7.926409102347743,2.3331919983320404,223.76708699812298,224.20129117001804
1789505548,100,,Aggregated,322.100000,0.000000,5,7,8,9,14,21,37,49,140,200,220,71897,0,5,7.930987948180211,2.3331919983320404,223.76708699812298,224.20380544389891
1789505549,100,,Aggregated,322.200000,0.000000,5,7,8,9,14,21,37,49,140,200,220,72209,0,5,7.931484055413307,2.3331919983320404,223.76708699812298,224.20255092855461
1789505550,100,,Aggregated,324.000000,0.000000,5,7,8,9,14,21,37,49,140,200,220,72553,0,5,7.923490631557053,2.3331919983320404,223.76708699812298,224.1992750127493
1789505551,100,,Aggregated,324.600000,0.000000,5,7,8,9,14,21,37,49,140,200,220,72877,0,5,7.917734510480876,2.3331919983320404,223.76708699812298,224.19746970923612
1789505552,100,,Aggregated,324.600000,0.000000,5,7,8,9,14,21,37,48,140,200,220,73195,0,5,7.92303022731429,2.3331919983320404,223.76708699812298,224.19404330896919
1789505553,100,,Aggregated,326.700000,0.000000,5,7,8,9,14,21,37,48,140,200,220,73533,0,5,7.918195068761838,2.3331919983320404,223.76708699812298,224.19020031822447
1789505554,100,,Aggregated,326.200000,0.000000,5,7,8,9,14,21,37,49,140,200,220,73848,0,5,7.928735094833794,2.3331919983320404,223.76708699812298,224.19082439605677
1789505555,100,,Aggregated,326.900000,0.000000,5,7,8,9,14,21,37,49,140,200,220,74183,0,5,7.922410616654791,2.3331919983320404,223.76708699812298,224.18883032500707
1789505556,100,,Aggregated,327.900000,0.000000,5,7,8,9,14,21,37,48,140,200,220,74517,0,5,7.914163585065072,2.3331919983320404,223.76708699812298,224.18052256532067
1789505557,100,,Aggregated,327.000000,0.000000,5,7,8,9,14,21,37,48,140,200,220,74833,0,5,7.916045569899843,2.3331919983320404,223.76708699812298,224.18467788275225
1789505558,100,,Aggregated,327.500000,0.000000,5,7,8,9,14,21,37,49,140,200,220,75158,0,5,7.922817066916341,2.3331919983320404,223.76708699812298,224.18574203677585
1789505559,100,,Aggregated,328.600000,0.000000,5,7,8,9,14,21,37,49,140,200,220,75478,0,5,7.9145472039042115,2.3331919983320404,223.76708699812298,224.19314237261187
1789505560,100,,Aggregated,326.100000,0.000000,5,7,8,9,14,21,37,49,140,200,220,75806,0,5,7.907156007140076,2.3331919983320404,223.76708699812298,224.18948368203044
1789505561,100,,Aggregated,325.500000,0.000000,5,7,8,9,14,21,37,48,140,200,220,76122,0,5,7.919293103731853,2.3331919983320404,223.76708699812298,224.19169228343975
1789505562,100,,Aggregated,325.700000,0.000000,5,7,8,9,14,21,36,48,140,200,220,76449,0,5,7.91688524767185,2.3331919983320404,223.76708699812298,224.19326609896794
1789505563,100,,Aggregated,324.500000,0.000000,5,7,8,9,14,21,36,48,140,200,220,76770,0,5,7.907986443366879,2.3331919983320404,223.76708699812298,224.19648300117234
1789505565,100,,Aggregated,324.400000,0.000000,5,7,8,9,14,21,36,48,130,200,220,77098,0,5,7.905689623754992,2.3331919983320404,223.76708699812298,224.19699603102544
1789505566,100,,Aggregated,322.900000,0.000000,5,7,8,9,14,21,36,48,130,200,220,77431,0,5,7.8966881546961085,2.3331919983320404,223.76708699812298,224.19643295320995
1789505567,100,,Aggregated,324.200000,0.000000,5,7,8,9,14,21,36,48,130,200,220,77762,0,5,7.895110865156003,2.3331919983320404,223.76708699812298,224.20200097734113
1789505568,100,,Aggregated,324.100000,0.000000,5,7,8,9,14,21,36,48,130,200,220,78089,0,5,7.891293531640233,2.3331919983320404,223.76708699812298,224.18966819910614
1789505569,100,,Aggregated,324.100000,0.000000,5,7,8,9,14,21,36,48,130,200,220,78419,0,5,7.881498209124222,2.3331919983320404,223.76708699812298,224.1861028577258
1789505570,100,,Aggregated,325.100000,0.000000,5,7,8,9,14,21,36,48,130,200,220,78743,0,5,7.8880049760779904,2.3331919983320404,223.76708699812298,224.1897946484132
1789505571,100,,Aggregated,325.400000,0.000000,5,7,8,9,14,21,36,48,130,200,220,79068,0,5,7.8874864511725615,2.3331919983320404,223.76708699812298,224.19016542722719
1789505572,100,,Aggregated,325.400000,0.000000,5,7,8,9,14,21,36,48,130,200,220,79391,0,5,7.878367771753353,2.3331919983320404,223.76708699812298,224.18495799271957
1789505573,100,,Aggregated,324.800000,0.000000,5,7,8,9,14,21,36,48,130,200,220,79709,0,5,7.872428862792367,2.3331919983320404,223.76708699812298,224.18869889222046
1789505574,100,,Aggregated,325.600000,0.000000,5,7,8,9,14,21,36,48,130,200,220,80046,0,5,7.872225630616951,2.3331919983320404,223.76708699812298,224.19265172525797
1789505575,100,,Aggregated,324.500000,0.000000,5,7,8,9,14,21,36,48,130,200,220,80370,0,5,7.865588962503402,2.3331919983320404,223.76708699812298,224.19929078014184
1789505576,100,,Aggregated,326.200000,0.000000,5,7,8,9,14,21,36,48,130,200,220,80698,0,5,7.86193284620938,2.3331919983320404,223.76708699812298,224.19369748940494
1789505577,100,,Aggregated,326.900000,0.000000,5,7,8,9,14,21,36,47,130,200,220,81014,0,5,7.8607495150025235,2.3331919983320404,223.76708699812298,224.19958278816006
1789505578,100,,Aggregated,325.900000,0.000000,5,7,8,9,14,21,36,47,130,200,220,81341,0,5,7.85672525525179,2.3331919983320404,223.76708699812298,224.20852952385636
1789505579,100,,Aggregated,324.300000,0.000000,5,7,8,9,14,21,36,47,130,200,220,81674,0,5,7.856028991336271,2.3331919983320404,223.76708699812298,224.210140313931
1789505580,100,,Aggregated,323.700000,0.000000,5,7,8,9,14,21,36,47,130,200,220,81991,0,5,7.848156565761956,2.3331919983320404,223.76708699812298,224.21293800539084
1789505581,100,,Aggregated,324.400000,0.000000,5,7,8,9,14,21,36,47,130,200,220,82323,0,5,7.843413583864397,2.3331919983320404,223.76708699812298,224.2087994849556
1789505582,100,,Aggregated,323.700000,0.000000,5,7,8,9,14,21,36,47,130,200,220,82651,0,5,7.837261479976009,2.3331919983320404,223.76708699812298,224.20568414175267
1789505583,100,,Aggregated,325.100000,0.000000,5,7,8,9,14,21,35,47,130,200,220,82970,0,5,7.830321316963875,2.3331919983320404,223.76708699812298,224.20444739062313
1789505584,100,,Aggregated,325.400000,0.000000,5,7,8,9,14,21,35,47,130,200,220,83293,0,5,7.823868802822079,2.3331919983320404,223.76708699812298,224.20522733002772
1789505585,100,,Aggregated,325.300000,0.000000,5,7,8,9,14,21,35,47,130,200,220,83608,0,5,7.82019544173308,2.3331919983320404,223.76708699812298,224.2060448760884
1789505586,100,,Aggregated,323.900000,0.000000,5,7,8,9,14,21,35,47,130,200,220,83940,0,5,7.818563672866833,2.3331919983320404,223.76708699812298,224.20620681439124
1789505587,100,,Aggregated,322.300000,0.000000,5,7,8,9,14,21,35,47,130,200,220,84268,0,5,7.813157125628046,2.3331919983320404,223.76708699812298,224.20025395167798
1789505588,100,,Aggregated,323.000000,0.000000,5,7,8,9,14,21,35,47,130,200,220,84593,0,5,7.808400724367191,2.3331919983320404,223.76708699812298,224.19741586183255
1789505589,100,,Aggregated,323.600000,0.000000,5,7,8,9,14,21,35,47,130,200,220,84911,0,5,7.8155846519334435,2.3331919983320404,223.76708699812298,224.2018584164596
1789505590,100,,Aggregated,324.700000,0.000000,5,7,8,9,14,21,35,47,130,200,220,85258,0,5,7.809030843901053,2.3331919983320404,223.76708699812298,224.2039456707875
1789505591,100,,Aggregated,322.300000,0.000000,5,7,8,9,14,21,35,47,130,200,220,85590,0,5,7.804814605822228,2.3331919983320404,223.76708699812298,224.1992872999182
1789505592,100,,Aggregated,326.300000,0.000000,5,7,8,9,14,21,35,47,130,200,220,85922,0,5,7.800118723951106,2.3331919983320404,223.76708699812298,224.20019319848234
1789505593,100,,Aggregated,325.700000,0.000000,5,7,8,9,14,21,35,47,130,200,220,86240,0,5,7.794495710741255,2.3331919983320404,223.76708699812298,224.19618506493507
1789505594,100,,Aggregated,326.700000,0.000000,5,7,8,9,14,21,35,47,130,200,220,86566,0,5,7.790420658010148,2.3331919983320404,223.76708699812298,224.1977681768824
1789505595,100,,Aggregated,326.300000,0.000000,5,7,8,9,14,21,35,47,130,200,220,86897,0,5,7.796374640324362,2.3331919983320404,223.76708699812298,224.20579536692867
1789505596,100,,Aggregated,327.000000,0.000000,5,7,8,9,14,21,35,47,130,200,220,87224,0,5,7.788813301800821,2.3331919983320404,223.76708699812298,224.2049321287719
1789505597,100,,Aggregated,328.200000,0.000000,5,7,8,9,14,21,35,47,130,200,220,87561,0,5,7.795857543098576,2.3331919983320404,223.76708699812298,224.2027386621898
1789505598,100,,Aggregated,327.700000,0.000000,5,7,8,9,14,21,35,47,130,200,220,87872,0,5,7.791844219447022,2.3331919983320404,223.76708699812298,224.19725282228697
1789505599,100,,Aggregated,329.100000,0.000000,5,7,8,9,14,21,35,47,130,200,220,88193,0,5,7.786551902228305,2.3331919983320404,223.76708699812298,224.19679566405497
1789505600,100,,Aggregated,327.100000,0.000000,5,7,8,9,14,21,35,47,130,200,220,88522,0,5,7.784926742077948,2.3331919983320404,223.76708699812298,224.1927091570457
1789505601,100,,Aggregated,328.200000,0.000000,5,7,8,9,14,21,35,47,130,200,220,88841,0,5,7.781452248491355,2.3331919983320404,223.76708699812298,224.2022827298207
1789505602,100,,Aggregated,326.100000,0.000000,5,7,8,9,14,21,35,47,130,200,220,89160,0,5,7.779036838898746,2.3331919983320404,223.76708699812298,224.2070771646478
1789505603,100,,Aggregated,324.800000,0.000000,5,7,8,9,14,21,35,47,130,200,220,89484,0,5,7.777521557207418,2.3331919983320404,223.76708699812298,224.2117026507532
1789505604,100,,Aggregated,323.200000,0.000000,5,7,8,9,14,21,35,47,130,200,220,89799,0,5,7.773128687281478,2.3331919983320404,223.76708699812298,224.20770832637334
1789505605,100,,Aggregated,324.200000,0.000000,5,7,8,9,14,21,35,46,130,190,220,90137,0,5,7.768458499264871,2.3331919983320404,223.76708699812298,224.2069516402809
1789505606,100,,Aggregated,322.800000,0.000000,5,7,8,9,14,21,35,46,130,190,220,90455,0,5,7.774398455621694,2.3331919983320404,223.76708699812298,224.2100491957327
1789505607,100,,Aggregated,323.400000,0.000000,5,7,8,9,14,21,35,46,130,190,220,90791,0,5,7.772660519328311,2.3331919983320404,223.76708699812298,224.21004284565652
1789505608,100,,Aggregated,322.900000,0.000000,5,7,8,9,14,21,35,46,130,190,220,91127,0,5,7.770104882814678,2.3331919983320404,223.76708699812298,224.2131750194783
1789505609,100,,Aggregated,322.200000,0.000000,5,7,8,9,14,21,35,46,130,190,220,91442,0,5,7.76988626481551,2.3331919983320404,223.76708699812298,224.21064718619454
1789505610,100,,Aggregated,323.500000,0.000000,5,7,8,9,14,21,35,46,130,190,220,91761,0,5,7.764437807895328,2.3331919983320404,223.76708699812298,224.2195377120999
1789505611,100,,Aggregated,324.400000,0.000000,5,7,8,9,14,21,34,46,130,190,220,92081,0,5,7.756328393157555,2.3331919983320404,223.76708699812298,224.20907679108612
1789505612,100,,Aggregated,322.800000,0.000000,5,7,8,9,14,20,34,46,130,190,220,92406,0,5,7.750972150665528,2.3331919983320404,223.76708699812298,224.2168798562864
1789505613,100,,Aggregated,323.200000,0.000000,5,7,8,9,14,21,34,46,130,190,220,92728,0,5,7.749113520106139,2.3331919983320404,223.76708699812298,224.22515313605385
1789505614,100,,Aggregated,323.000000,0.000000,5,7,8,9,14,20,34,46,130,190,220,93055,0,5,7.745247499322314,2.3331919983320404,223.76708699812298,224.22828434796625
1789505615,100,,Aggregated,323.800000,0.000000,5,7,8,9,14,20,34,46,130,190,220,93391,0,5,7.739581330262272,2.3331919983320404,223.76708699812298,224.22073861506996
1789505616,100,,Aggregated,324.400000,0.000000,5,7,8,9,14,20,34,46,130,190,220,93709,0,5,7.734459946039422,2.3331919983320404,223.76708699812298,224.2146005186268
1789505617,100,,Aggregated,324.200000,0.000000,5,7,8,9,14,20,34,46,130,190,220,94042,0,5,7.726828763364939,2.3331919983320404,223.76708699812298,224.2189659939176
1789505618,100,,Aggregated,324.100000,0.000000,5,7,8,9,14,20,34,46,130,190,220,94363,0,5,7.743036839411647,2.3331919983320404,223.76708699812298,224.2120958426502
1789505619,100,,Aggregated,323.400000,0.000000,5,7,8,9,14,20,35,46,130,190,220,94684,0,5,7.751316938019815,2.3331919983320404,223.76708699812298,224.2211883739597
1789505620,100,,Aggregated,323.900000,0.000000,5,7,8,9,14,20,34,46,130,190,220,94999,0,5,7.744847704790377,2.3331919983320404,223.76708699812298,224.21839177254498
1789505621,100,,Aggregated,323.000000,0.000000,5,7,8,9,14,20,35,46,130,190,220,95336,0,5,7.747244399286387,2.3331919983320404,223.76708699812298,224.2213539481413
1789505622,100,,Aggregated,323.700000,0.000000,5,7,8,9,14,20,35,46,130,190,220,95673,0,5,7.748902139499797,2.3331919983320404,223.76708699812298,224.21430288587166
1789505623,100,,Aggregated,324.400000,0.000000,5,7,8,9,14,20,34,46,130,190,220,96001,0,5,7.741635371063174,2.3331919983320404,223.76708699812298,224.219789377194
1789505624,100,,Aggregated,326.400000,0.000000,5,7,8,9,14,20,34,46,130,190,220,96321,0,5,7.734367272355573,2.3331919983320404,223.76708699812298,224.2193083543568
1789505625,100,,Aggregated,326.300000,0.000000,5,7,8,9,14,20,35,46,130,190,220,96644,0,5,7.737667754630656,2.3331919983320404,223.76708699812298,224.2251148545176
1789505626,100,,Aggregated,326.200000,0.000000,5,7,8,9,14,20,35,46,130,190,220,96967,0,5,7.739045289514826,2.3331919983320404,223.76708699812298,224.2158260026607
1789505627,100,,Aggregated,324.900000,0.000000,5,7,8,9,14,21,35,46,130,190,220,97295,0,5,7.739514051475754,2.3331919983320404,223.76708699812298,224.21565342515032
1789505628,100,,Aggregated,325.800000,0.000000,5,7,8,9,14,21,35,46,130,190,220,97610,0,5,7.737070317419703,2.3331919983320404,223.76708699812298,224.2152648294232
1789505629,100,,Aggregated,324.700000,0.000000,5,7,8,9,14,20,34,46,130,190,220,97933,0,5,7.728443169935657,2.3331919983320404,223.76708699812298,224.21116477591823
1789505630,100,,Aggregated,324.900000,0.000000,5,7,8,9,14,20,34,46,130,190,220,98262,0,5,7.724411530432489,2.3331919983320404,223.76708699812298,224.2054609106267
1789505631,100,,Aggregated,323.200000,0.000000,5,7,8,9,14,20,34,46,130,190,220,98592,0,5,7.720731149772487,2.3331919983320404,223.76708699812298,224.20806962025316
1789505632,100,,Aggregated,324.600000,0.000000,5,7,8,9,14,20,34,46,130,190,220,98909,0,5,7.71442839934037,2.3331919983320404,223.76708699812298,224.21094137035053
1789505633,100,,Aggregated,323.900000,0.000000,5,7,8,9,13,20,34,46,130,190,220,99233,0,5,7.708702131532845,2.3331919983320404,223.76708699812298,224.21146191287173
1789505634,100,,Aggregated,322.600000,0.000000,5,7,8,9,14,20,34,46,130,190,220,99558,0,5,7.720384827230581,2.3331919983320404,223.76708699812298,224.21215773719842
1789505635,100,,Aggregated,322.300000,0.000000,5,7,8,9,14,20,34,46,130,190,220,99878,0,5,7.718166785201921,2.3331919983320404,223.76708699812298,224.21280962774586
1789505636,100,,Aggregated,322.200000,0.000000,5,7,8,9,13,20,34,46,130,190,220,100197,0,5,7.712453873893016,2.3331919983320404,223.76708699812298,224.21032565845286
1789505637,100,,Aggregated,323.000000,0.000000,5,7,8,9,14,20,34,46,130,190,220,100527,0,5,7.715842459174905,2.3331919983320404,223.76708699812298,224.2123907010057
1789505638,100,,Aggregated,322.200000,0.000000,5,7,8,9,14,20,34,46,130,190,220,100857,0,5,7.72042304401803,2.3331919983320404,223.76708699812298,224.210912480046
1789505639,100,,Aggregated,322.600000,0.000000,5,7,8,9,14,20,34,46,130,190,220,101185,0,5,7.7284463445518465,2.3331919983320404,223.76708699812298,224.2111577803034
1789505640,100,,Aggregated,323.500000,0.000000,5,7,8,9,14,20,34,46,130,190,220,101506,0,5,7.7257867145830295,2.332559997739736,223.76708699812298,224.21404646030777
1789505641,100,,Aggregated,325.200000,0.000000,5,7,8,9,14,20,34,46,130,190,220,101842,0,5,7.718698443613291,2.332559997739736,223.76708699812298,224.21625655427033
1789505642,100,,Aggregated,324.000000,0.000000,5,7,8,9,14,20,34,46,130,190,220,102161,0,5,7.718576411149285,2.332559997739736,223.76708699812298,224.2170789244428
1789505643,100,,Aggregated,323.800000,0.000000,5,7,8,9,14,20,34,46,130,190,220,102488,0,5,7.718670842131521,2.332559997739736,223.76708699812298,224.21392748419328
1789505644,100,,Aggregated,324.800000,0.000000,5,7,8,9,14,20,34,46,130,190,220,102822,0,5,7.712396044527461,2.332559997739736,223.76708699812298,224.20993561689133
1789505645,100,,Aggregated,324.500000,0.000000,5,7,8,9,14,20,34,46,130,190,220,103142,0,5,7.714502700570777,2.332559997739736,223.76708699812298,224.21532450408176
1789505646,100,,Aggregated,325.200000,0.000000,5,7,8,9,14,20,34,46,130,190,220,103468,0,5,7.709663324866225,2.332559997739736,223.76708699812298,224.21470406309197
1789505647,100,,Aggregated,324.700000,0.000000,5,7,8,9,14,20,34,46,130,190,220,103776,0,5,7.704913281030748,2.332559997739736,223.76708699812298,224.21430773974714
1789505648,100,,Aggregated,325.200000,0.000000,5,7,8,9,14,21,35,47,140,190,220,104083,0,5,7.784597660936697,2.332559997739736,223.76708699812298,224.21432894901184
1789505649,100,,Aggregated,325.500000,0.000000,5,7,8,9,14,21,35,47,140,190,220,104418,0,5,7.782574592400918,2.332559997739736,223.76708699812298,224.2183148499301
1789505650,100,,Aggregated,320.600000,0.000000,5,7,8,9,14,20,35,47,140,190,220,104753,0,5,7.776246645158967,2.332559997739736,223.76708699812298,224.22034691130565
1789505651,100,,Aggregated,321.700000,0.000000,5,7,8,9,14,21,35,47,140,190,220,105076,0,5,7.784013660877764,2.332559997739736,223.76708699812298,224.2135501922418
1789505652,100,,Aggregated,323.600000,0.000000,5,7,8,9,14,21,35,47,140,190,220,105398,0,5,7.779359148167365,2.332559997739736,223.76708699812298,224.22248050247632
1789505653,100,,Aggregated,323.600000,0.000000,5,7,8,9,14,21,35,47,140,190,220,105705,0,5,7.77477881261521,2.332559997739736,223.76708699812298,224.2159973511187
1789505654,100,,Aggregated,322.800000,0.000000,5,7,8,9,14,21,35,47,140,190,220,106036,0,5,7.777545093011174,2.332559997739736,223.76708699812298,224.21772794145386
1789505655,100,,Aggregated,322.200000,0.000000,5,7,8,9,14,21,35,47,140,190,220,106371,0,5,7.774153450203205,2.332559997739736,223.76708699812298,224.21711744742458
1789505656,100,,Aggregated,320.400000,0.000000,5,7,8,9,14,20,35,47,140,190,220,106703,0,5,7.7687677816324365,2.332559997739736,223.76708699812298,224.22035931510828
1789505657,100,,Aggregated,322.900000,0.000000,5,7,8,9,14,20,35,47,140,190,220,107026,0,5,7.767077400038831,2.332559997739736,223.76708699812298,224.2129949731841
1789505658,100,,Aggregated,323.200000,0.000000,5,7,8,9,14,21,35,47,140,190,220,107351,0,5,7.771914609147455,2.332559997739736,223.76708699812298,224.21353317621634
1789505659,100,,Aggregated,323.700000,0.000000,5,7,8,9,14,20,35,47,140,190,220,107674,0,5,7.767289006097358,2.332559997739736,223.76708699812298,224.21516800713263
1789505660,100,,Aggregated,326.900000,0.000000,5,7,8,9,14,20,34,46,140,190,220,108005,0,5,7.764127327462085,2.332559997739736,223.76708699812298,224.20914772464238
1789505661,100,,Aggregated,325.500000,0.000000,5,7,8,9,14,20,35,46,140,190,220,108317,0,5,7.766909865216062,2.332559997739736,223.76708699812298,224.20269209819327
1789505662,100,,Aggregated,324.200000,0.000000,5,7,8,9,14,21,35,47,140,190,220,108648,0,5,7.791275535855521,2.332559997739736,223.76708699812298,224.20650173035858
1789505663,100,,Aggregated,324.100000,0.000000,5,7,8,9,14,21,35,47,140,190,220,108970,0,5,7.79441202440669,2.332559997739736,223.76708699812298,224.20413875378546
1789505664,100,,Aggregated,323.400000,0.000000,5,7,8,9,14,21,35,47,130,190,220,109284,0,5,7.792458177515656,2.332559997739736,223.76708699812298,224.20154825958053
1789505665,100,,Aggregated,325.100000,0.000000,5,7,8,9,14,21,35,47,130,190,220,109614,0,5,7.789778864247038,2.332559997739736,223.76708699812298,224.2022916780703
1789505666,100,,Aggregated,325.600000,0.000000,5,7,8,9,14,21,35,47,130,190,220,109939,0,5,7.785122553876269,2.332559997739736,223.76708699812298,224.20324907448676
1789505667,100,,Aggregated,322.200000,0.000000,5,7,8,9,14,21,35,47,130,190,220,110257,0,5,7.781006202288038,2.332559997739736,223.76708699812298,224.19713941064967
1789505668,100,,Aggregated,322.600000,0.000000,5,7,8,9,14,20,35,47,130,190,220,110583,0,5,7.7788182311354275,2.332559997739736,223.76708699812298,224.19233516905854
1789505669,100,,Aggregated,323.400000,0.000000,5,7,8,9,14,20,35,47,130,190,220,110910,0,5,7.773676879737986,2.332559997739736,223.76708699812298,224.19220088359933
1789505670,100,,Aggregated,322.600000,0.000000,5,7,8,9,14,20,35,47,130,190,220,111236,0,5,7.768947154911772,2.332559997739736,223.76708699812298,224.19032507461614
1789505671,100,,Aggregated,323.300000,0.000000,5,7,8,9,14,20,35,47,130,190,220,111553,0,5,7.768742952773243,2.332559997739736,223.76708699812298,224.19691088540873
1789505672,100,,Aggregated,322.000000,0.000000,5,7,8,9,14,20,35,47,130,190,220,111890,0,5,7.761008803232832,2.332559997739736,223.76708699812298,224.20108141925104
1789505673,100,,Aggregated,323.400000,0.000000,5,7,8,9,14,20,35,47,130,190,220,112206,0,5,7.757751063310359,2.332559997739736,223.76708699812298,224.19506978236458
1789505674,100,,Aggregated,323.900000,0.000000,5,7,8,9,14,20,35,47,130,190,220,112540,0,5,7.756702547102237,2.2539909987244755,223.76708699812298,224.19657899413542
1789505675,100,,Aggregated,323.100000,0.000000,5,7,8,9,14,20,35,47,130,190,220,112885,0,5,7.751815140089702,2.2539909987244755,223.76708699812298,224.1952163706427
1789505676,100,,Aggregated,324.400000,0.000000,5,7,8,9,14,20,34,46,130,190,220,113207,0,5,7.749801784924971,2.2539909987244755,223.76708699812298,224.19569461252397
1789505677,100,,Aggregated,326.400000,0.000000,5,7,8,9,14,20,34,46,130,190,220,113522,0,5,7.747535277065241,2.2539909987244755,223.76708699812298,224.19713359525025
1789505678,100,,Aggregated,325.600000,0.000000,5,7,8,9,14,20,34,46,130,190,220,113859,0,5,7.747740715024339,2.2539909987244755,223.76708699812298,224.1877848918399
1789505679,100,,Aggregated,324.200000,0.000000,5,7,8,9,14,20,35,47,130,190,220,114161,0,5,7.780722330156391,2.2539909987244755,223.76708699812298,224.18254920682193
1789505680,100,,Aggregated,326.400000,0.000000,5,7,8,9,14,20,35,47,130,190,220,114495,0,5,7.7732841390184415,2.2539909987244755,223.76708699812298,224.18399056727367
1789505681,100,,Aggregated,323.500000,0.000000,5,7,8,9,14,20,35,47,130,190,220,114821,0,5,7.768857087100175,2.2539909987244755,223.76708699812298,224.18603739734021
1789505682,100,,Aggregated,325.600000,0.000000,5,7,8,9,14,20,35,47,130,190,220,115140,0,5,7.76353444480619,2.2539909987244755,223.76708699812298,224.18877887788778
1789505683,100,,Aggregated,325.600000,0.000000,5,7,8,9,14,20,35,47,130,190,220,115475,0,5,7.7587891759417875,2.2539909987244755,223.76708699812298,224.19121887854513
1789505684,100,,Aggregated,324.500000,0.000000,5,7,8,9,14,20,35,47,130,190,220,115794,0,5,7.759066417040734,2.2539909987244755,223.76708699812298,224.18998393699155
1789505685,100,,Aggregated,326.200000,0.000000,5,7,8,9,14,20,35,47,130,190,220,116135,0,5,7.760301652041375,2.2539909987244755,223.76708699812298,224.18271838808283
1789505686,100,,Aggregated,325.300000,0.000000,5,7,8,9,14,20,35,47,130,190,220,116465,0,5,7.753158383032387,2.2539909987244755,223.76708699812298,224.18309363328038
1789505687,100,,Aggregated,324.600000,0.000000,5,7,8,9,13,20,34,47,130,190,220,116791,0,5,7.748587708059206,2.2539909987244755,223.76708699812298,224.1829849902818
1789505688,100,,Aggregated,325.500000,0.000000,5,7,8,9,14,20,34,47,130,190,220,117100,0,5,7.748393900853613,2.2539909987244755,223.76708699812298,224.18212638770282
1789505689,100,,Aggregated,325.300000,0.000000,5,7,8,9,14,20,34,47,130,190,220,117394,0,5,7.745669628626593,2.2539909987244755,223.76708699812298,224.18386800006814
1789505690,100,,Aggregated,323.500000,0.000000,5,7,8,9,14,20,35,47,130,190,220,117717,0,5,7.754352156808664,2.2539909987244755,223.76708699812298,224.1817324600525
1789505691,100,,Aggregated,326.500000,0.000000,5,7,8,9,14,20,35,47,130,190,220,118052,0,5,7.757775698675699,2.2539909987244755,223.76708699812298,224.18043743435098
1789505692,100,,Aggregated,322.600000,0.000000,5,7,8,9,14,20,35,47,130,190,220,118380,0,5,7.7556964325054825,2.2539909987244755,223.76708699812298,224.1790082784254
1789505693,100,,Aggregated,321.300000,0.000000,5,7,8,9,14,20,35,47,130,190,220,118711,0,5,7.764650959953913,2.2539909987244755,223.76708699812298,224.1789471910775
1789505694,100,,Aggregated,322.400000,0.000000,5,7,8,9,14,20,35,47,130,190,220,119047,0,5,7.76079038489118,2.2539909987244755,223.76708699812298,224.17759372348735
1789505695,100,,Aggregated,322.000000,0.000000,5,7,8,9,14,20,35,47,130,190,220,119385,0,5,7.761131975592967,2.2539909987244755,223.76708699812298,224.17621979310633
1789505696,100,,Aggregated,323.300000,0.000000,5,7,8,9,14,20,35,47,130,190,220,119705,0,5,7.757140854636493,2.2539909987244755,223.76708699812298,224.17520571404702
1789505697,100,,Aggregated,323.000000,0.000000,5,7,8,9,14,20,34,47,130,190,220,120044,0,5,7.755470643082673,2.2539909987244755,223.76708699812298,224.16866315684248
1789505698,100,,Aggregated,322.700000,0.000000,5,7,8,9,14,20,34,47,130,190,220,120359,0,5,7.754756640377692,2.2539909987244755,223.76708699812298,224.17339791789564
1789505699,100,,Aggregated,324.000000,0.000000,5,7,8,9,14,20,34,47,130,190,220,120671,0,5,7.7561601022713855,2.2539909987244755,223.76708699812298,224.17527823586445
1789505700,100,,Aggregated,325.400000,0.000000,5,7,8,9,14,20,34,47,130,190,220,121005,0,5,7.751962830884715,2.2539909987244755,223.76708699812298,224.17547208793025
1789505701,100,,Aggregated,323.400000,0.000000,5,7,8,9,14,20,34,47,130,190,220,121329,0,5,7.755308841457921,2.2539909987244755,223.76708699812298,224.1784898911225
1789505702,100,,Aggregated,325.900000,0.000000,5,7,8,9,14,20,34,47,130,190,220,121658,0,5,7.750685110887332,2.2539909987244755,223.76708699812298,224.180325173848
1789505703,100,,Aggregated,326.500000,0.000000,5,7,8,9,14,20,34,47,130,190,220,121989,0,5,7.744659366970084,2.2539909987244755,223.76708699812298,224.18345096689046
1789505704,100,,Aggregated,328.600000,0.000000,5,7,8,9,14,20,34,47,130,190,220,122320,0,5,7.742416589415765,2.2539909987244755,223.76708699812298,224.17943100065403
1789505705,100,,Aggregated,326.300000,0.000000,5,7,8,9,14,20,34,47,130,190,220,122654,0,5,7.740897847736931,2.2539909987244755,223.76708699812298,224.18003489490764
1789505706,100,,Aggregated,326.400000,0.000000,5,7,8,9,14,20,34,47,130,190,220,122958,0,5,7.739174656496172,2.2539909987244755,223.76708699812298,224.17789814408172
1789505707,100,,Aggregated,327.200000,0.000000,5,7,8,9,14,20,34,46,130,190,220,123296,0,5,7.739013366512042,2.2539909987244755,223.76708699812298,224.1763885284194
1789505708,100,,Aggregated,326.400000,0.000000,5,7,8,9,14,20,35,47,130,190,220,123609,0,5,7.744846015075507,2.2539909987244755,223.76708699812298,224.17545647970616
1789505709,100,,Aggregated,325.600000,0.000000,5,7,8,9,14,20,35,47,130,190,220,123937,0,5,7.762551612952938,2.2539909987244755,223.76708699812298,224.17692053220588
1789505710,100,,Aggregated,325.000000,0.000000,5,7,8,9,14,20,35,47,130,190,220,124273,0,5,7.76761336632673,2.2539909987244755,223.76708699812298,224.18278306631368
1789505711,100,,Aggregated,326.600000,0.000000,5,7,8,9,14,20,35,47,130,190,220,124600,0,5,7.762728411721387,2.2539909987244755,223.76708699812298,224.18063402889246
1789505712,100,,Aggregated,326.900000,0.000000,5,7,8,9,14,20,35,47,130,190,220,124929,0,5,7.759257420418146,2.2539909987244755,223.76708699812298,224.1840805577568
1789505713,100,,Aggregated,326.400000,0.000000,5,7,8,9,14,20,35,47,130,190,220,125240,0,5,7.7637107783008625,2.2539909987244755,223.76708699812298,224.18863781539443
1789505714,100,,Aggregated,324.700000,0.000000,5,7,8,9,14,20,35,47,130,190,220,125570,0,5,7.762452825861463,2.2539909987244755,223.76708699812298,224.18417615672533
1789505715,100,,Aggregated,324.500000,0.000000,5,7,8,9,14,20,35,47,130,190,220,125901,0,5,7.7579032568016615,2.2539909987244755,223.76708699812298,224.18597151730327
1789505716,100,,Aggregated,325.000000,0.000000,5,7,8,9,14,20,35,47,130,190,220,126237,0,5,7.763429814306862,2.2539909987244755,223.76708699812298,224.1888194427941
1789505717,100,,Aggregated,325.700000,0.000000,5,7,8,9,14,20,35,47,130,190,220,126559,0,5,7.758867752713095,2.2539909987244755,223.76708699812298,224.19082009181489
1789505718,100,,Aggregated,325.600000,0.000000,5,7,8,9,14,20,35,47,130,190,220,126878,0,5,7.753273909059511,2.2539909987244755,223.76708699812298,224.1943441731427
1789505719,100,,Aggregated,327.100000,0.000000,5,7,8,9,14,20,35,47,130,190,220,127199,0,5,7.751024168630495,2.2539909987244755,223.76708699812298,224.1923600028302
1789505720,100,,Aggregated,325.600000,0.000000,5,7,8,9,14,20,35,47,130,190,220,127537,0,5,7.759165886312633,2.2539909987244755,223.76708699812298,224.1941867850114
1789505721,100,,Aggregated,324.400000,0.000000,5,7,8,9,14,20,35,47,130,190,220,127853,0,5,7.757738242698156,2.2539909987244755,223.76708699812298,224.19437948268714
1789505722,100,,Aggregated,325.200000,0.000000,5,7,8,9,14,20,35,47,130,190,220,128172,0,5,7.763728776625761,2.2539909987244755,223.76708699812298,224.18971382205163
1789505723,100,,Aggregated,325.000000,0.000000,5,7,8,9,14,20,35,47,130,190,220,128494,0,5,7.763690684169543,2.2539909987244755,223.76708699812298,224.1904680374181
1789505724,100,,Aggregated,324.800000,0.000000,5,7,8,9,14,20,35,47,130,190,220,128826,0,5,7.762186192381248,2.2539909987244755,223.76708699812298,224.1922826137581
1789505725,100,,Aggregated,326.200000,0.000000,5,7,8,9,14,20,35,47,130,190,220,129153,0,5,7.76090385108154,2.2539909987244755,223.76708699812298,224.18990654495056
1789505726,100,,Aggregated,323.800000,0.000000,5,7,8,9,14,20,35,47,130,190,220,129480,0,5,7.755317540313557,2.2539909987244755,223.76708699812298,224.18928792091444
1789505727,100,,Aggregated,323.700000,0.000000,5,7,8,9,14,20,35,47,130,190,220,129807,0,5,7.764763775965523,2.2539909987244755,223.76708699812298,224.18711625721264
1789505728,100,,Aggregated,324.000000,0.000000,5,7,8,9,14,20,35,47,130,190,220,130111,0,5,7.764676800222424,2.2539909987244755,223.76708699812298,224.18840835901653
1789505729,100,,Aggregated,321.800000,0.000000,5,7,8,9,14,20,35,47,130,190,220,130428,0,5,7.763634715940842,2.2539909987244755,223.76708699812298,224.18604900788173
1789505730,100,,Aggregated,322.600000,0.000000,5,7,8,9,14,20,35,47,130,190,220,130766,0,5,7.759568095511872,2.2539909987244755,223.76708699812298,224.18458926632306
1789505731,100,,Aggregated,322.800000,0.000000,5,7,8,9,14,20,35,47,130,190,220,131094,0,5,7.759756089040621,2.2539909987244755,223.76708699812298,224.18456985064154
1789505732,100,,Aggregated,322.300000,0.000000,5,7,8,9,14,20,35,47,130,190,220,131412,0,5,7.757177932834695,2.2539909987244755,223.76708699812298,224.18438955346545
1789505733,100,,Aggregated,323.300000,0.000000,5,7,8,9,14,20,35,47,130,190,220,131735,0,5,7.766353419354065,2.2539909987244755,223.76708699812298,224.18045318252553
1789505734,100,,Aggregated,323.600000,0.000000,5,7,8,9,14,20,35,47,130,190,220,132068,0,5,7.761363264625005,2.2539909987244755,223.76708699812298,224.17396341278734
1789505735,100,,Aggregated,322.800000,0.000000,5,7,8,9,14,20,35,47,130,190,220,132393,0,5,7.765461400485527,2.2539909987244755,223.76708699812298,224.17315114847463
1789505736,100,,Aggregated,324.000000,0.000000,5,7,8,9,14,20,35,47,130,190,220,132724,0,5,7.763244015494382,2.2539909987244755,223.76708699812298,224.16943431481872
1789505737,100,,Aggregated,323.300000,0.000000,5,7,8,9,14,20,35,47,130,190,220,133053,0,5,7.759629973104833,2.2539909987244755,223.76708699812298,224.16786543708147
1789505738,100,,Aggregated,323.900000,0.000000,5,7,8,9,14,20,35,47,130,190,220,133370,0,5,7.755572339990348,2.2539909987244755,223.76708699812298,224.16442228387194
1789505739,100,,Aggregated,326.000000,0.000000,5,7,8,9,14,20,35,47,130,190,220,133693,0,5,7.764176908308947,2.2539909987244755,223.76708699812298,224.16300778649594
1789505740,100,,Aggregated,325.400000,0.000000,5,7,8,9,14,20,35,47,130,190,220,134004,0,5,7.760741056099609,2.2539909987244755,223.76708699812298,224.16418912868272
1789505741,100,,Aggregated,326.000000,0.000000,5,7,8,9,14,20,35,47,130,190,220,134319,0,5,7.760559567995429,2.2539909987244755,223.76708699812298,224.16451134984626
1789505742,100,,Aggregated,323.100000,0.000000,5,7,8,9,14,20,35,47,130,190,220,134647,0,5,7.7601866321232595,2.2539909987244755,223.76708699812298,224.16583362421738
1789505743,100,,Aggregated,322.200000,0.000000,5,7,8,9,14,20,35,47,130,190,220,134954,0,5,7.760449710934521,2.2539909987244755,223.76708699812298,224.15835766261097
1789505744,100,,Aggregated,321.600000,0.000000,5,7,8,9,14,20,35,47,130,190,220,135282,0,5,7.755486033636058,2.2539909987244755,223.76708699812298,224.15554175721826
1789505745,100,,Aggregated,321.600000,0.000000,5,7,8,9,14,20,35,47,130,190,220,135600,0,5,7.752112027930441,2.2539909987244755,223.76708699812298,224.15994100294986
1789505746,100,,Aggregated,321.000000,0.000000,5,7,8,9,14,20,35,47,130,190,220,135936,0,5,7.75376867176723,2.2539909987244755,223.76708699812298,224.15783162664783
1789505747,100,,Aggregated,320.200000,0.000000,5,7,8,9,14,21,35,47,130,190,220,136251,0,5,7.761600760613486,2.2539909987244755,223.76708699812298,224.16263366874372
1789505748,100,,Aggregated,320.500000,0.000000,5,7,8,9,14,20,35,47,130,190,220,136582,0,5,7.755958469713236,2.2539909987244755,223.76708699812298,224.16203452870803
1789505749,100,,Aggregated,317.700000,0.000000,5,7,8,9,14,20,35,47,130,190,220,136911,0,5,7.752057672395875,2.2539909987244755,223.76708699812298,224.1641942575834
1789505750,100,,Aggregated,320.300000,0.000000,5,7,8,9,14,20,35,47,130,190,220,137236,0,5,7.7547648956425075,2.2539909987244755,223.76708699812298,224.16320790463143
1789505751,100,,Aggregated,320.500000,0.000000,5,7,8,9,14,20,35,47,130,190,220,137558,0,5,7.7504511522947785,2.2539909987244755,223.76708699812298,224.1718475115951
1789505752,100,,Aggregated,323.000000,0.000000,5,7,8,9,14,20,35,47,130,190,220,137883,0,5,7.754480407898894,2.2539909987244755,223.76708699812298,224.1684181516213
1789505753,100,,Aggregated,322.800000,0.000000,5,7,8,9,14,21,35,48,130,190,220,138191,0,5,7.766365321129502,2.2539909987244755,223.76708699812298,224.17156688930538
1789505754,100,,Aggregated,323.000000,0.000000,5,7,8,9,14,21,35,47,130,190,220,138515,0,5,7.762429066391316,2.2539909987244755,223.76708699812298,224.1733097498466
1789505755,100,,Aggregated,322.800000,0.000000,5,7,8,9,14,20,35,47,130,190,220,138852,0,5,7.760461106618513,2.2539909987244755,223.76708699812298,224.1736813297612
1789505756,100,,Aggregated,322.400000,0.000000,5,7,8,9,14,20,35,47,130,190,220,139160,0,5,7.762218326525186,2.2539909987244755,223.76708699812298,224.1681661396953
1789505757,100,,Aggregated,322.600000,0.000000,5,7,8,9,14,20,35,47,130,190,220,139500,0,5,7.761650764725749,2.2539909987244755,223.76708699812298,224.16751254480286
1789505758,100,,Aggregated,321.200000,0.000000,5,7,8,9,14,21,35,47,130,190,220,139843,0,5,7.761202566674014,2.2539909987244755,223.76708699812298,224.16642234505838
1789505759,100,,Aggregated,325.700000,0.000000,5,7,8,9,14,21,35,47,120,190,220,140162,0,5,7.764943639619808,2.2539909987244755,223.76708699812298,224.16376764030193
1789505760,100,,Aggregated,324.100000,0.000000,5,7,8,9,14,21,35,47,120,190,220,140481,0,5,7.762610353083001,2.2539909987244755,223.76708699812298,224.16295442088253
1789505761,100,,Aggregated,323.400000,0.000000,5,7,8,9,14,21,35,47,120,190,220,140812,0,5,7.761323334008147,2.2539909987244755,223.76708699812298,224.16634945885295
1789505762,100,,Aggregated,324.300000,0.000000,5,7,8,9,14,21,35,47,120,190,220,141131,0,5,7.761004704460715,2.2539909987244755,223.76708699812298,224.16317463916502
1789505763,100,,Aggregated,325.200000,0.000000,5,7,8,9,14,20,35,47,120,190,220,141452,0,5,7.756711472331757,2.2539909987244755,223.76708699812298,224.16566750558493
1789505764,100,,Aggregated,323.900000,0.000000,5,7,8,9,14,20,35,47,120,190,220,141774,0,5,7.753935610931613,2.2539909987244755,223.76708699812298,224.17122321441167
1789505765,100,,Aggregated,324.800000,0.000000,5,7,8,9,14,20,35,47,120,190,220,142094,0,5,7.756936007397781,2.2539909987244755,223.76708699812298,224.16949343392403
1789505766,100,,Aggregated,325.100000,0.000000,5,7,8,9,14,20,35,47,120,190,220,142443,0,5,7.754905766645164,2.2539909987244755,223.76708699812298,224.1702084342509
1789505767,100,,Aggregated,324.300000,0.000000,5,7,8,9,14,20,35,47,120,190,220,142749,0,5,7.75431294108015,2.2539909987244755,223.76708699812298,224.1703409480977
1789505768,100,,Aggregated,327.400000,0.000000,5,7,8,9,14,21,35,48,120,190,220,143098,0,5,7.773652804569271,2.2539909987244755,223.76708699812298,224.16834616836013
1789505769,100,,Aggregated,325.100000,0.000000,5,7,8,9,14,21,35,48,120,190,220,143433,0,5,7.776228492120207,2.2539909987244755,223.76708699812298,224.1680784756646
1789505770,100,,Aggregated,325.200000,0.000000,5,7,8,9,14,21,35,48,120,190,220,143749,0,5,7.772582583762705,2.2539909987244755,223.76708699812298,224.1712429303856
1789505771,100,,Aggregated,325.900000,0.000000,5,7,8,9,14,21,35,48,120,190,220,144078,0,5,7.774036968005792,2.2539909987244755,223.76708699812298,224.16949846610865
1789505772,100,,Aggregated,324.400000,0.000000,5,7,8,9,14,21,35,48,120,190,220,144406,0,5,7.768980873650462,2.2539909987244755,223.76708699812298,224.17632231347727
1789505773,100,,Aggregated,324.900000,0.000000,5,7,8,9,14,21,35,47,120,190,220,144736,0,5,7.7656802456913345,2.2539909987244755,223.76708699812298,224.1773366681406
1789505774,100,,Aggregated,326.800000,0.000000,5,7,8,9,14,21,35,47,120,190,220,145061,0,5,7.763240407534742,2.2539909987244755,223.76708699812298,224.17566403099386
1789505775,100,,Aggregated,326.500000,0.000000,5,7,8,9,14,20,35,47,120,190,220,145383,0,5,7.759249504848469,2.2539909987244755,223.76708699812298,224.17909934449008
1789505776,100,,Aggregated,326.800000,0.000000,5,7,8,9,14,20,35,47,120,190,220,145705,0,5,7.758807553916074,2.2539909987244755,223.76708699812298,224.17359047390275
1789505777,100,,Aggregated,327.900000,0.000000,5,7,8,9,14,21,35,47,120,190,220,146030,0,5,7.760791691462795,2.2539909987244755,223.76708699812298,224.17455317400535
1789505778,100,,Aggregated,326.300000,0.000000,5,7,8,9,14,20,35,47,120,190,220,146363,0,5,7.756701124063352,2.2539909987244755,223.76708699812298,224.1786243791122
1789505779,100,,Aggregated,325.400000,0.000000,5,7,8,9,14,21,35,47,120,190,220,146691,0,5,7.755130961035824,2.2539909987244755,223.76708699812298,224.1763571043895
1789505780,100,,Aggregated,325.500000,0.000000,5,7,8,9,14,20,35,47,120,190,220,147016,0,5,7.750808145298842,2.2539909987244755,223.76708699812298,224.17525983566415
1789505781,100,,Aggregated,325.600000,0.000000,5,7,8,9,14,20,35,47,120,190,220,147338,0,5,7.745736493214814,2.2539909987244755,223.76708699812298,224.1781549905659
1789505782,100,,Aggregated,326.300000,0.000000,5,7,8,9,14,20,35,47,120,190,220,147668,0,5,7.745728022884346,2.2539909987244755,223.76708699812298,224.17718801636101
1789505783,100,,Aggregated,325.700000,0.000000,5,7,8,9,14,21,35,48,120,190,220,147978,0,5,7.764101638218415,2.2539909987244755,223.76708699812298,224.1756680047034
1789505784,100,,Aggregated,324.900000,0.000000,5,7,8,9,14,21,35,48,120,190,220,148302,0,5,7.762268635138114,2.2539909987244755,223.76708699812298,224.18061118528408
1789505785,100,,Aggregated,324.100000,0.000000,5,7,8,9,14,20,35,48,120,190,220,148634,0,5,7.757414408770883,2.2539909987244755,223.76708699812298,224.1814456988307
1789505786,100,,Aggregated,324.700000,0.000000,5,7,8,9,14,20,35,47,120,190,220,148960,0,5,7.756364768329011,2.2539909987244755,223.76708699812298,224.1793367346939
1789505787,100,,Aggregated,323.500000,0.000000,5,7,8,9,14,21,35,48,120,190,220,149281,0,5,7.765031883189284,2.2539909987244755,223.76708699812298,224.18071958253228
1789505788,100,,Aggregated,323.200000,0.000000,5,7,8,9,14,20,35,48,120,190,220,149625,0,5,7.760349179337056,2.2539909987244755,223.76708699812298,224.17821219715955
1789505789,100,,Aggregated,324.400000,0.000000,5,7,8,9,14,20,35,48,120,190,220,149931,0,5,7.756865431613428,2.2539909987244755,223.76708699812298,224.17620105248415
1789505790,100,,Aggregated,324.200000,0.000000,5,7,8,9,14,20,35,48,120,180,220,150270,0,5,7.755946788488939,2.2539909987244755,223.76708699812298,224.17701470686097
1789505791,100,,Aggregated,325.100000,0.000000,5,7,8,9,14,20,35,48,120,180,220,150597,0,5,7.752707428476872,2.2539909987244755,223.76708699812298,224.17872865993345
1789505792,100,,Aggregated,324.000000,0.000000,5,7,8,9,14,20,35,48,120,180,220,150940,0,5,7.752028802394477,2.2539909987244755,223.76708699812298,224.1798992977342
1789505793,100,,Aggregated,325.700000,0.000000,5,7,8,9,14,20,35,47,120,180,220,151249,0,5,7.7493725999999015,2.2539909987244755,223.76708699812298,224.18193178136715
1789505794,100,,Aggregated,326.500000,0.000000,5,7,8,9,14,20,35,47,120,180,220,151581,0,5,7.744548688961109,2.2539909987244755,223.76708699812298,224.18050415289514
1789505795,100,,Aggregated,327.200000,0.000000,5,7,8,9,14,20,35,47,120,180,220,151917,0,5,7.747095366946687,2.2539909987244755,223.76708699812298,224.17891348565334
1789505796,100,,Aggregated,326.500000,0.000000,5,7,8,9,14,20,35,47,120,180,220,152231,0,5,7.750059671363957,2.2539909987244755,223.76708699812298,224.18490320631147
1789505797,100,,Aggregated,327.600000,0.000000,5,7,8,9,14,20,35,47,120,180,220,152566,0,5,7.7474709422831625,2.2539909987244755,223.76708699812298,224.18277335710448
1789505798,100,,Aggregated,327.800000,0.000000,5,7,8,9,14,20,35,47,120,180,220,152885,0,5,7.749629076066705,2.2539909987244755,223.76708699812298,224.17920659319097
1789505799,100,,Aggregated,326.500000,0.000000,5,7,8,9,14,20,35,47,120,180,220,153213,0,5,7.747908534846976,2.2539909987244755,223.76708699812298,224.17948868568595
1789505800,100,,Aggregated,326.000000,0.000000,5,7,8,9,14,20,35,47,120,180,220,153542,0,5,7.7438419019063875,2.2539909987244755,223.76708699812298,224.18538250120488
1789505801,100,,Aggregated,326.400000,0.000000,5,7,8,9,14,20,35,47,120,180,220,153856,0,5,7.7466084582113774,2.2539909987244755,223.76708699812298,224.18148138519135
1789505802,100,,Aggregated,327.200000,0.000000,5,7,8,9,14,20,35,47,120,180,220,154183,0,5,7.748523088897705,2.2539909987244755,223.76708699812298,224.18406049953626
1789505803,100,,Aggregated,324.400000,0.000000,5,7,8,9,14,20,35,47,120,180,220,154511,0,5,7.745118760273353,2.2539909987244755,223.76708699812298,224.18374743545766
1789505804,100,,Aggregated,323.700000,0.000000,5,7,8,9,14,20,35,47,120,180,220,154840,0,5,7.752477333691202,2.2539909987244755,223.76708699812298,224.18767114440712
1789505805,100,,Aggregated,323.800000,0.000000,5,7,8,9,14,20,35,47,120,180,220,155167,0,5,7.748230403499283,2.2539909987244755,223.76708699812298,224.18716608557233
1789505806,100,,Aggregated,325.300000,0.000000,5,7,8,9,14,20,35,47,120,180,220,155484,0,5,7.743433221584039,2.2539909987244755,223.76708699812298,224.18482287566567
1789505807,100,,Aggregated,325.900000,0.000000,5,7,8,9,14,20,35,47,120,180,220,155801,0,5,7.7476276495838565,2.2539909987244755,223.76708699812298,224.1836701946714
1789505808,100,,Aggregated,324.000000,0.000000,5,7,8,9,14,20,35,47,120,180,220,156128,0,5,7.748822911282667,2.2539909987244755,223.76708699812298,224.1806338389014
1789505809,100,,Aggregated,323.600000,0.000000,5,7,8,9,14,20,35,47,120,180,220,156454,0,5,7.7466410864328274,2.2539909987244755,223.76708699812298,224.18393265752235
1789505810,100,,Aggregated,323.600000,0.000000,5,7,8,9,14,20,35,47,120,180,220,156788,0,5,7.747704138370039,2.2539909987244755,223.76708699812298,224.1866086690308
1789505811,100,,Aggregated,324.100000,0.000000,5,7,8,9,14,20,35,47,120,180,220,157102,0,5,7.748127297054295,2.2539909987244755,223.76708699812298,224.18545912846432
1789505812,100,,Aggregated,323.400000,0.000000,5,7,8,9,14,20,35,47,120,180,220,157428,0,5,7.746549316734041,2.2539909987244755,223.76708699812298,224.18593896892548
1789505813,100,,Aggregated,325.100000,0.000000,5,7,8,9,14,20,35,47,120,180,220,157746,0,5,7.746706338619535,2.2539909987244755,223.76708699812298,224.1852218122805
1789505814,100,,Aggregated,323.500000,0.000000,5,7,8,9,14,21,35,47,120,180,220,158063,0,5,7.751102707154184,2.2539909987244755,223.76708699812298,224.18178827429568
1789505815,100,,Aggregated,323.000000,0.000000,5,7,8,9,14,20,35,47,120,180,220,158400,0,5,7.746638661362957,2.2539909987244755,223.76708699812298,224.18563762626263
1789505816,100,,Aggregated,322.000000,0.000000,5,7,8,9,14,20,35,47,120,180,220,158722,0,5,7.747958188259392,2.2539909987244755,223.76708699812298,224.1825014805761
1789505817,100,,Aggregated,321.800000,0.000000,5,7,8,9,14,21,35,47,120,180,220,159044,0,5,7.751271827442919,2.2539909987244755,223.76708699812298,224.17802620658435
1789505818,100,,Aggregated,323.600000,0.000000,5,7,8,9,14,20,35,47,120,180,220,159369,0,5,7.747567566634205,2.2539909987244755,223.76708699812298,224.17536660203677
1789505819,100,,Aggregated,322.700000,0.000000,5,7,8,9,14,20,35,47,120,180,220,159698,0,5,7.7459041656305905,2.2539909987244755,223.76708699812298,224.17339603501608
1789505820,100,,Aggregated,323.600000,0.000000,5,7,8,9,14,20,35,47,120,180,220,160017,0,5,7.744991779735033,2.2539909987244755,223.76708699812298,224.1690195416737
1789505821,100,,Aggregated,321.500000,0.000000,5,7,8,9,14,20,35,47,120,180,220,160341,0,5,7.740590580842475,2.2539909987244755,223.76708699812298,224.16953243400005
1789505822,100,,Aggregated,322.700000,0.000000,5,7,8,9,14,20,35,47,120,180,220,160680,0,5,7.73758093507521,2.2539909987244755,223.76708699812298,224.1711351755041
1789505823,100,,Aggregated,322.100000,0.000000,5,7,8,9,14,20,35,47,120,180,220,160996,0,5,7.7365931087534685,2.2539909987244755,223.76708699812298,224.16859425078883
1789505824,100,,Aggregated,324.600000,0.000000,5,7,8,9,14,20,35,47,120,180,220,161324,0,5,7.732146681206439,2.2539909987244755,223.76708699812298,224.1718467184052
1789505825,100,,Aggregated,325.500000,0.000000,5,7,8,9,14,20,35,47,120,180,220,161648,0,5,7.731737255505255,2.2539909987244755,223.76708699812298,224.17327155300407
1789505826,100,,Aggregated,325.600000,0.000000,5,7,8,9,14,20,35,47,120,180,220,161967,0,5,7.729658782535369,2.2539909987244755,223.76708699812298,224.1752764452018
1789505827,100,,Aggregated,323.700000,0.000000,5,7,8,9,14,20,35,47,120,180,220,162272,0,5,7.727262612015173,2.2539909987244755,223.76708699812298,224.1713974068231
1789505828,100,,Aggregated,322.400000,0.000000,5,7,8,9,14,20,35,47,120,180,220,162602,0,5,7.723762933444544,2.2539909987244755,223.76708699812298,224.17191055460572
1789505829,100,,Aggregated,323.500000,0.000000,5,7,8,9,14,20,35,47,120,180,220,162933,0,5,7.721867741598999,2.2539909987244755,223.76708699812298,224.17170861642515
1789505830,100,,Aggregated,322.500000,0.000000,5,7,8,9,14,20,35,47,110,180,220,163261,0,5,7.7176918211145935,2.2539909987244755,223.76708699812298,224.1702121143445
1789505831,100,,Aggregated,323.800000,0.000000,5,7,8,9,14,20,35,47,110,180,220,163575,0,5,7.725784690813948,2.2539909987244755,223.76708699812298,224.16885832187072
1789505832,100,,Aggregated,322.700000,0.000000,5,7,8,9,14,20,35,47,110,180,220,163904,0,5,7.724238234228022,2.2539909987244755,223.76708699812298,224.16957487309645
1789505833,100,,Aggregated,322.900000,0.000000,5,7,8,9,14,20,35,47,110,180,220,164230,0,5,7.7238796064966095,2.2539909987244755,223.76708699812298,224.1704743347744
1789505834,100,,Aggregated,322.400000,0.000000,5,7,8,9,14,20,35,47,110,180,220,164557,0,5,7.722412021365673,2.2539909987244755,223.76708699812298,224.16896273023937
1789505835,100,,Aggregated,321.800000,0.000000,5,7,8,9,14,20,35,47,110,180,220,164888,0,5,7.719816661035889,2.2539909987244755,223.76708699812298,224.16753796516423
1789505836,100,,Aggregated,322.200000,0.000000,5,7,8,9,14,20,35,47,110,180,220,165212,0,5,7.721661441626134,2.2539909987244755,223.76708699812298,224.16526644553664
1789505837,100,,Aggregated,323.200000,0.000000,5,7,8,9,14,20,35,47,110,180,220,165529,0,5,7.72837095440685,2.2539909987244755,223.76708699812298,224.1687921753892
1789505838,100,,Aggregated,322.900000,0.000000,5,7,8,9,14,20,35,47,110,180,220,165860,0,5,7.725243054714978,2.2539909987244755,223.76708699812298,224.1682865066924
1789505839,100,,Aggregated,325.300000,0.000000,5,7,8,9,14,20,35,47,110,180,220,166193,0,5,7.723950991155009,2.2539909987244755,223.76708699812298,224.1639058203414
1789505840,100,,Aggregated,325.800000,0.000000,5,7,8,9,14,20,35,47,110,180,220,166496,0,5,7.721760219387238,2.2539909987244755,223.76708699812298,224.16091677878148
1789505841,100,,Aggregated,324.900000,0.000000,5,7,8,9,14,20,35,47,110,180,220,166845,0,5,7.727945392892254,2.2539909987244755,223.76708699812298,224.15900386586353
1789505842,100,,Aggregated,325.400000,0.000000,5,7,8,9,14,20,35,47,110,180,220,167174,0,5,7.734777244249771,2.2539909987244755,223.76708699812298,224.15422254656823
1789505843,100,,Aggregated,325.500000,0.000000,5,7,8,9,14,20,35,47,110,180,220,167478,0,5,7.732297246947183,2.2539909987244755,223.76708699812298,224.1558234514384
1789505844,100,,Aggregated,325.900000,0.000000,5,7,8,9,14,20,35,47,110,180,220,167818,0,5,7.735560780394479,2.2539909987244755,223.76708699812298,224.15613343026374
1789505845,100,,Aggregated,325.600000,0.000000,5,7,8,9,14,20,35,47,110,180,220,168152,0,5,7.74074816110025,2.2539909987244755,223.76708699812298,224.1561444407441
1789505846,100,,Aggregated,324.700000,0.000000,5,7,8,9,14,20,35,47,110,180,220,168469,0,5,7.737368871598563,2.2539909987244755,223.76708699812298,224.15589218194447
1789505847,100,,Aggregated,325.500000,0.000000,5,7,8,9,14,20,35,47,110,180,220,168801,0,5,7.734954334170861,2.2539909987244755,223.76708699812298,224.1566459914337
1789505848,100,,Aggregated,326.500000,0.000000,5,7,8,9,14,20,35,47,110,180,220,169125,0,5,7.736737938332598,2.2539909987244755,223.76708699812298,224.15831485587583
1789505849,100,,Aggregated,324.000000,0.000000,5,7,8,9,14,20,35,47,110,180,220,169453,0,5,7.735085417162934,2.2539909987244755,223.76708699812298,224.15612588741422
1789505850,100,,Aggregated,324.600000,0.000000,5,7,8,9,14,20,35,47,110,180,220,169779,0,5,7.733517346853196,2.2539909987244755,223.76708699812298,224.15419457058883
1789505851,100,,Aggregated,325.000000,0.000000,5,7,8,9,14,20,35,47,110,180,220,170115,0,5,7.73245217128678,2.2539909987244755,223.76708699812298,224.15287893483818
1789505852,100,,Aggregated,324.800000,0.000000,5,7,8,9,14,20,35,47,110,180,220,170434,0,5,7.729914241639017,2.2539909987244755,223.76708699812298,224.1497529835596
1789505853,100,,Aggregated,325.400000,0.000000,5,7,8,9,14,20,35,47,110,180,220,170753,0,5,7.726626730373864,2.2539909987244755,223.76708699812298,224.14476466006454
1789505854,100,,Aggregated,326.700000,0.000000,5,7,8,9,14,20,35,47,110,180,220,171097,0,5,7.7242061915897855,2.2539909987244755,223.76708699812298,224.1461159459254
1789505855,100,,Aggregated,325.600000,0.000000,5,7,8,9,14,20,35,47,110,180,220,171434,0,5,7.734090924580121,2.2539909987244755,223.76708699812298,224.14538539612911
1789505856,100,,Aggregated,326.200000,0.000000,5,7,8,9,14,20,35,47,110,180,220,171746,0,5,7.731621222779908,2.2539909987244755,223.76708699812298,224.14625085882642
1789505857,100,,Aggregated,327.600000,0.000000,5,7,8,9,14,20,35,47,110,180,220,172073,0,5,7.729286030106988,2.2539909987244755,223.76708699812298,224.14957605202443
1789505858,100,,Aggregated,328.000000,0.000000,5,7,8,9,14,20,35,47,110,180,220,172403,0,5,7.728140597400096,2.2539909987244755,223.76708699812298,224.15071083449823
1789505859,100,,Aggregated,328.800000,0.000000,5,7,8,9,14,20,35,47,110,180,220,172727,0,5,7.732561108712693,2.2539909987244755,223.76708699812298,224.14716286394136
1789505860,100,,Aggregated,327.800000,0.000000,5,7,8,9,14,20,35,48,110,180,220,173046,0,5,7.744162407045256,2.2539909987244755,223.76708699812298,224.1464350519515
1789505861,100,,Aggregated,327.200000,0.000000,5,7,8,9,14,20,35,48,110,180,220,173381,0,5,7.744214721442396,2.2539909987244755,223.76708699812298,224.14983764080262
1789505862,100,,Aggregated,327.800000,0.000000,5,7,8,9,14,20,35,48,110,180,220,173701,0,5,7.74269136503746,2.2539909987244755,223.76708699812298,224.14843322721228
1789505863,100,,Aggregated,326.700000,0.000000,5,7,8,9,14,20,35,48,110,180,220,174010,0,5,7.740142581135241,2.2539909987244755,223.76708699812298,224.15009482213665
1789505864,100,,Aggregated,324.900000,0.000000,5,7,8,9,14,20,35,48,110,180,220,174336,0,5,7.739560754573847,2.2539909987244755,223.76708699812298,224.15215446035242
1789505865,100,,Aggregated,325.900000,0.000000,5,7,8,9,14,20,35,48,110,180,220,174668,0,5,7.743262057780362,2.2539909987244755,223.76708699812298,224.14772024641033
1789505866,100,,Aggregated,325.100000,0.000000,5,7,8,9,14,20,35,48,110,180,220,174996,0,5,7.738753586067352,2.2539909987244755,223.76708699812298,224.1474890854648
1789505867,100,,Aggregated,322.800000,0.000000,5,7,8,9,14,20,35,48,110,180,220,175325,0,5,7.747661756705651,2.2539909987244755,223.76708699812298,224.14724083844288
1789505868,100,,Aggregated,322.800000,0.000000,5,7,8,9,14,21,36,48,110,180,220,175661,0,5,7.749865804215871,2.2539909987244755,223.76708699812298,224.1472893812514
1789505869,100,,Aggregated,323.400000,0.000000,5,7,8,9,14,21,35,48,110,180,220,176001,0,5,7.749353407681389,2.2539909987244755,223.76708699812298,224.1526752688905
1789505870,100,,Aggregated,325.100000,0.000000,5,7,8,9,14,21,36,48,110,180,220,176319,0,5,7.747442335371424,2.2539909987244755,223.76708699812298,224.15082889535444
1789505871,100,,Aggregated,326.000000,0.000000,5,7,8,9,14,21,35,48,110,180,220,176655,0,5,7.744643508099878,2.2539909987244755,223.76708699812298,224.14934759842632
1789505872,100,,Aggregated,326.900000,0.000000,5,7,8,9,14,21,35,48,110,180,220,176988,0,5,7.74381137010593,2.2539909987244755,223.76708699812298,224.14666531064253
1789505873,100,,Aggregated,326.800000,0.000000,5,7,8,9,14,20,35,48,110,180,220,177323,0,5,7.7438749601875,2.2539909987244755,223.76708699812298,224.14770785515697
1789505874,100,,Aggregated,328.000000,0.000000,5,7,8,9,14,21,35,48,110,180,220,177650,0,5,7.745375525579955,2.2539909987244755,223.76708699812298,224.14001125809176
1789505875,100,,Aggregated,330.000000,0.000000,5,7,8,9,14,20,35,48,110,180,220,177976,0,5,7.742012594598458,2.2539909987244755,223.76708699812298,224.13988964804244
1789505876,100,,Aggregated,331.100000,0.000000,5,7,8,9,14,20,35,48,100,180,220,178300,0,5,7.739555776882491,2.2539909987244755,223.76708699812298,224.14421200224342
1789505877,100,,Aggregated,330.200000,0.000000,5,7,8,9,14,20,35,48,100,180,220,178616,0,5,7.742083081773757,2.2539909987244755,223.76708699812298,224.14466229229186
1789505878,100,,Aggregated,330.500000,0.000000,5,7,8,9,14,20,35,48,100,180,220,178949,0,5,7.738217125550157,2.2539909987244755,223.76708699812298,224.14404662781016
1789505879,100,,Aggregated,329.500000,0.000000,5,7,8,9,14,20,35,48,100,180,220,179284,0,5,7.739510586567474,2.2539909987244755,223.76708699812298,224.14616474420473
1789505880,100,,Aggregated,328.400000,0.000000,5,7,8,9,14,20,35,48,100,180,220,179614,0,5,7.7425461830766436,2.2539909987244755,223.76708699812298,224.1464863540704
1789505881,100,,Aggregated,328.000000,0.000000,5,7,8,9,14,20,35,48,100,180,220,179936,0,5,7.738738571237109,2.2539909987244755,223.76708699812298,224.14941423617287
1789505882,100,,Aggregated,327.300000,0.000000,5,7,8,9,14,20,35,48,100,180,220,180263,0,5,7.73721371021308,2.2539909987244755,223.76708699812298,224.14854961916754
1789505883,100,,Aggregated,328.100000,0.000000,5,7,8,9,14,20,35,48,100,180,220,180587,0,5,7.738044458921022,2.2539909987244755,223.76708699812298,224.14461727588363
1789505884,100,,Aggregated,327.000000,0.000000,5,7,8,9,14,20,35,47,100,180,220,180912,0,5,7.7347059703342245,2.2539909987244755,223.76708699812298,224.1428042363138
1789505885,100,,Aggregated,325.500000,0.000000,5,7,8,9,14,20,35,47,100,180,220,181222,0,5,7.737055913720307,2.2539909987244755,223.76708699812298,224.14603083510832
1789505886,100,,Aggregated,324.600000,0.000000,5,7,8,9,14,20,35,47,100,180,220,181538,0,5,7.73508554013617,2.2539909987244755,223.76708699812298,224.14282960041425
1789505887,100,,Aggregated,325.200000,0.000000,5,7,8,9,14,20,35,48,100,180,220,181865,0,5,7.741030136773763,2.2539909987244755,223.76708699812298,224.1384598465895
1789505888,100,,Aggregated,323.600000,0.000000,5,7,8,9,14,20,35,48,100,180,220,182197,0,5,7.740890913776513,2.2539909987244755,223.76708699812298,224.13869602682811
1789505889,100,,Aggregated,323.600000,0.000000,5,7,8,9,14,21,36,48,100,180,220,182508,0,5,7.756145690294768,2.2539909987244755,223.76708699812298,224.13734192473754
1789505890,100,,Aggregated,322.800000,0.000000,5,7,8,9,14,21,36,48,100,180,220,182827,0,5,7.755396127477322,2.2539909987244755,223.76708699812298,224.13938860233992
1789505891,100,,Aggregated,323.700000,0.000000,5,7,8,9,14,21,36,48,100,180,220,183150,0,5,7.751920933433034,2.2539909987244755,223.76708699812298,224.13692055692056
1789505892,100,,Aggregated,322.100000,0.000000,5,7,8,9,14,21,36,48,100,180,220,183461,0,5,7.761202912544455,2.2539909987244755,223.76708699812298,224.14009517009063
1789505893,100,,Aggregated,319.500000,0.000000,5,7,8,9,14,21,36,48,100,180,220,183785,0,5,7.765851882021986,2.2539909987244755,223.76708699812298,224.14148597546045
1789505894,100,,Aggregated,318.600000,0.000000,5,7,8,9,14,21,36,48,100,180,220,184104,0,5,7.76209954252718,2.2539909987244755,223.76708699812298,224.13985573371573
1789505895,100,,Aggregated,318.800000,0.000000,5,7,8,9,14,21,36,48,100,180,220,184438,0,5,7.761756590737087,2.2539909987244755,223.76708699812298,224.13607282664094
1789505896,100,,Aggregated,319.200000,0.000000,5,7,8,9,14,21,36,48,100,180,220,184745,0,5,7.759513793587962,2.2539909987244755,223.76708699812298,224.13908901458768
1789505897,100,,Aggregated,320.100000,0.000000,5,7,8,9,14,21,36,48,100,180,220,185077,0,5,7.758423818115614,2.2539909987244755,223.76708699812298,224.1410764168427
1789505898,100,,Aggregated,321.100000,0.000000,5,7,8,9,14,21,36,48,100,180,220,185401,0,5,7.755655249892938,2.2539909987244755,223.76708699812298,224.13861306033948
1789505899,100,,Aggregated,319.500000,0.000000,5,7,8,9,14,21,36,48,100,180,220,185724,0,5,7.753987243605492,2.2539909987244755,223.76708699812298,224.1390558032349
1789505900,100,,Aggregated,321.100000,0.000000,5,7,8,9,14,21,36,48,100,180,220,186048,0,5,7.756302324654956,2.2539909987244755,223.76708699812298,224.13389017887857
1789505901,100,,Aggregated,320.300000,0.000000,5,7,8,9,14,21,36,48,100,180,220,186385,0,5,7.760387761163389,2.2539909987244755,223.76708699812298,224.13364272876035
1789505902,100,,Aggregated,321.400000,0.000000,5,7,8,9,14,21,36,48,100,180,220,186713,0,5,7.758248325154077,2.2539909987244755,223.76708699812298,224.13814249677313
1789505903,100,,Aggregated,323.600000,0.000000,5,7,8,9,14,21,36,48,100,180,220,187023,0,5,7.766356357616362,2.2539909987244755,223.76708699812298,224.14411596434664
1789505904,100,,Aggregated,324.600000,0.000000,5,7,8,9,14,21,36,48,100,180,220,187335,0,5,7.765288887295441,2.2539909987244755,223.76708699812298,224.14427629647423
1789505905,100,,Aggregated,323.900000,0.000000,5,7,8,9,14,21,36,48,100,180,220,187652,0,5,7.764747906878245,2.2539909987244755,223.76708699812298,224.14250314411782
1789505906,100,,Aggregated,323.100000,0.000000,5,7,8,9,14,21,36,48,100,180,220,187989,0,5,7.763525720385586,2.2539909987244755,223.76708699812298,224.1452053045657
1789505907,100,,Aggregated,321.400000,0.000000,5,7,8,9,14,21,36,48,100,180,220,188296,0,5,7.774296159236162,2.2539909987244755,223.76708699812298,224.14618473042444
1789505908,100,,Aggregated,320.400000,0.000000,5,7,8,9,14,21,36,48,100,180,220,188619,0,5,7.778154130243844,2.2539909987244755,223.76708699812298,224.14453474994565
1789505909,100,,Aggregated,323.400000,0.000000,5,7,8,9,14,21,36,48,100,180,220,188940,0,5,7.774919545032886,2.2539909987244755,223.76708699812298,224.14360114322008
1789505910,100,,Aggregated,320.900000,0.000000,5,7,8,9,14,21,36,49,100,180,220,189270,0,5,7.778384224179652,2.2539909987244755,223.76708699812298,224.14388439795002
1789505911,100,,Aggregated,320.600000,0.000000,5,7,8,9,14,21,36,49,100,180,220,189586,0,5,7.7744242277829985,2.2539909987244755,223.76708699812298,224.14157163503634
1789505912,100,,Aggregated,320.300000,0.000000,5,7,8,9,14,21,36,48,100,180,220,189926,0,5,7.772624908966726,2.2539909987244755,223.76708699812298,224.1402335646515
1789505913,100,,Aggregated,320.100000,0.000000,5,7,8,9,14,21,36,48,100,180,220,190266,0,5,7.769932183350953,2.2539909987244755,223.76708699812298,224.14189608232684
1789505914,100,,Aggregated,319.400000,0.000000,5,7,8,9,14,21,36,48,100,180,220,190582,0,5,7.765817405764619,2.2539909987244755,223.76708699812298,224.1402126118941
1789505915,100,,Aggregated,321.600000,0.000000,5,7,8,9,14,21,36,48,100,180,220,190928,0,5,7.767917447930236,2.2539909987244755,223.76708699812298,224.14155074164083
1789505916,100,,Aggregated,322.200000,0.000000,5,7,8,9,14,21,36,48,100,180,220,191234,0,5,7.767145474629848,2.2539909987244755,223.76708699812298,224.1411778240271
1789505917,100,,Aggregated,323.800000,0.000000,5,7,8,9,14,21,36,48,100,180,220,191561,0,5,7.763403841901256,2.2539909987244755,223.76708699812298,224.1410673362532
1789505918,100,,Aggregated,326.600000,0.000000,5,7,8,9,14,21,36,49,110,180,220,191871,0,5,7.780938690758385,2.2539909987244755,223.76708699812298,224.1419547508482
1789505919,100,,Aggregated,324.900000,0.000000,5,7,8,9,14,21,36,49,100,180,220,192201,0,5,7.77930258781957,2.2539909987244755,223.76708699812298,224.140306241903
1789505920,100,,Aggregated,322.900000,0.000000,5,7,8,9,14,21,36,49,100,180,220,192532,0,5,7.777548988394124,2.2539909987244755,223.76708699812298,224.1375511603266
1789505921,100,,Aggregated,325.000000,0.000000,5,7,8,9,14,21,36,49,100,180,220,192858,0,5,7.781259995916725,2.2539909987244755,223.76708699812298,224.13503717761253
1789505922,100,,Aggregated,325.900000,0.000000,5,7,8,9,14,21,36,49,100,180,220,193185,0,5,7.780796305285357,2.2539909987244755,223.76708699812298,224.13327121670937
1789505923,100,,Aggregated,326.600000,0.000000,5,7,8,9,14,21,36,49,100,180,220,193504,0,5,7.7800530515883795,2.2539909987244755,223.76708699812298,224.13261741359352
1789505924,100,,Aggregated,326.600000,0.000000,5,7,8,9,14,21,36,49,100,180,220,193822,0,5,7.776557794989921,2.2539909987244755,223.76708699812298,224.12928872883367
1789505925,100,,Aggregated,324.100000,0.000000,5,7,8,9,14,21,36,49,100,180,220,194153,0,5,7.777058286972421,2.2539909987244755,223.76708699812298,224.12603977275654
1789505926,100,,Aggregated,323.900000,0.000000,5,7,8,9,14,21,36,49,100,180,220,194482,0,5,7.7761669797388535,2.2539909987244755,223.76708699812298,224.1313232072891
1789505927,100,,Aggregated,322.900000,0.000000,5,7,8,9,14,21,36,49,100,180,220,194812,0,5,7.772878233695468,2.2539909987244755,223.76708699812298,224.13166026733467
1789505928,100,,Aggregated,322.500000,0.000000,5,7,8,9,14,21,36,48,100,180,220,195148,0,5,7.77404827217623,2.2539909987244755,223.76708699812298,224.1331092299178
1789505929,100,,Aggregated,322.400000,0.000000,5,7,8,9,14,21,36,48,100,180,220,195455,0,5,7.77243515747202,2.2539909987244755,223.76708699812298,224.13336573635874
1789505930,100,,Aggregated,326.700000,0.000000,5,7,8,9,14,21,36,48,100,180,220,195782,0,5,7.770997582452302,2.2539909987244755,223.76708699812298,224.1308036489565
1789505931,100,,Aggregated,325.700000,0.000000,5,7,8,9,14,21,36,48,100,180,220,196103,0,5,7.768585349635872,2.2539909987244755,223.76708699812298,224.1336134582337
1789505932,100,,Aggregated,323.300000,0.000000,5,7,8,9,14,21,36,48,100,180,220,196423,0,5,7.76654753850465,2.2539909987244755,223.76708699812298,224.13469909328336
1789505933,100,,Aggregated,322.800000,0.000000,5,7,8,9,14,21,36,48,100,180,220,196748,0,5,7.7686954021422725,2.2539909987244755,223.76708699812298,224.13767357228537
1789505934,100,,Aggregated,322.500000,0.000000,5,7,8,9,14,21,36,49,100,180,220,197070,0,5,7.7803304899157135,2.2539909987244755,223.76708699812298,224.13743339929974
1789505935,100,,Aggregated,323.300000,0.000000,5,7,8,9,14,21,36,49,100,180,220,197391,0,5,7.778222695354022,2.2539909987244755,223.76708699812298,224.1402900841477
1789505936,100,,Aggregated,323.400000,0.000000,5,7,8,9,14,21,36,49,100,180,220,197713,0,5,7.77479056719892,2.2539909987244755,223.76708699812298,224.14381451902506
1789505937,100,,Aggregated,323.800000,0.000000,5,7,8,9,14,21,36,49,100,180,220,198043,0,5,7.77508867018037,2.2539909987244755,223.76708699812298,224.14243371389043
1789505938,100,,Aggregated,322.800000,0.000000,5,7,8,9,14,21,36,49,100,180,220,198355,0,5,7.773753167832929,2.2539909987244755,223.76708699812298,224.14136774974162
1789505939,100,,Aggregated,323.400000,0.000000,5,7,8,9,14,21,36,49,100,180,220,198676,0,5,7.774211399145144,2.2539909987244755,223.76708699812298,224.14161247458173
1789505940,100,,Aggregated,322.800000,0.000000,5,7,8,9,14,21,36,48,100,180,220,198997,0,5,7.774482072591376,2.2539909987244755,223.76708699812298,224.13822821449568
1789505941,100,,Aggregated,321.200000,0.000000,5,7,8,9,14,21,36,48,100,180,220,199321,0,5,7.77702091494361,2.2539909987244755,223.76708699812298,224.13762724449506
1789505942,100,,Aggregated,322.200000,0.000000,5,7,8,9,14,21,36,48,100,180,220,199641,0,5,7.775429109308361,2.2539909987244755,223.76708699812298,224.13484204146442
1789505943,100,,Aggregated,321.300000,0.000000,5,7,8,9,14,21,36,48,100,180,220,199959,0,5,7.773569703055917,2.2539909987244755,223.76708699812298,224.1361429092964
1789505944,100,,Aggregated,322.100000,0.000000,5,7,8,9,14,21,36,48,100,180,220,200271,0,5,7.772367873717585,2.2539909987244755,223.76708699812298,224.13556630765314
1789505945,100,,Aggregated,322.000000,0.000000,5,7,8,9,14,21,36,48,100,180,220,200604,0,5,7.7711173168146175,2.2539909987244755,223.76708699812298,224.13584973380392
1789505946,100,,Aggregated,320.700000,0.000000,5,7,8,9,14,21,36,48,100,180,220,200929,0,5,7.771928316854934,2.2539909987244755,223.76708699812298,224.1364959761906
1789505947,100,,Aggregated,321.100000,0.000000,5,7,8,9,14,21,36,48,100,180,220,201255,0,5,7.769507669286586,2.2539909987244755,223.76708699812298,224.13907729000522
1789505948,100,,Aggregated,320.700000,0.000000,5,7,8,9,14,21,36,48,100,180,220,201575,0,5,7.766765056060204,2.2539909987244755,223.76708699812298,224.1401612303113
1789505949,100,,Aggregated,321.200000,0.000000,5,7,8,9,14,21,36,48,100,180,220,201903,0,5,7.764799339090426,2.2539909987244755,223.76708699812298,224.14477248975993
1789505950,100,,Aggregated,320.700000,0.000000,5,7,8,9,14,21,36,48,100,180,220,202239,0,5,7.762153375092597,2.2539909987244755,223.76708699812298,224.14641092964266
1789505951,100,,Aggregated,320.400000,0.000000,5,7,8,9,14,21,36,48,100,180,220,202568,0,5,7.760235326642927,2.2539909987244755,223.76708699812298,224.14807373326488
1789505952,100,,Aggregated,322.600000,0.000000,5,7,8,9,14,21,36,48,100,180,220,202897,0,5,7.758479046823451,2.2539909987244755,223.76708699812298,224.14990857430124
1789505953,100,,Aggregated,323.700000,0.000000,5,7,8,9,14,21,36,48,100,180,220,203220,0,5,7.75433327796181,2.2539909987244755,223.76708699812298,224.15073319555162
1789505954,100,,Aggregated,324.100000,0.000000,5,7,8,9,14,21,36,48,100,180,220,203544,0,5,7.7510904256739,2.2539909987244755,223.76708699812298,224.1487540777424
1789505955,100,,Aggregated,324.700000,0.000000,5,7,8,9,14,21,36,48,100,180,220,203880,0,5,7.75097851380929,2.2539909987244755,223.76708699812298,224.14940651363548
1789505956,100,,Aggregated,326.200000,0.000000,5,7,8,9,14,21,35,48,100,180,220,204211,0,5,7.747089859926407,2.2539909987244755,223.76708699812298,224.14593729035164
1789505957,100,,Aggregated,326.200000,0.000000,5,7,8,9,14,21,35,48,100,180,220,204519,0,5,7.7468679951566175,2.2539909987244755,223.76708699812298,224.14383015758926
1789505958,100,,Aggregated,326.700000,0.000000,5,7,8,9,14,21,35,48,100,180,220,204844,0,5,7.745974923783521,2.2539909987244755,223.76708699812298,224.1455644295171
1789505959,100,,Aggregated,326.600000,0.000000,5,7,8,9,14,20,35,48,100,180,220,205169,0,5,7.743438249304286,2.2539909987244755,223.76708699812298,224.14570914709338
1789505960,100,,Aggregated,325.000000,0.000000,5,7,8,9,14,20,35,48,100,180,220,205482,0,5,7.746693591178346,2.2539909987244755,223.76708699812298,224.14080065407188
1789505961,100,,Aggregated,325.900000,0.000000,5,7,8,9,14,20,36,48,100,180,220,205798,0,5,7.745471403466092,2.2539909987244755,223.76708699812298,224.14009854323172
1789505962,100,,Aggregated,324.800000,0.000000,5,7,8,9,14,20,35,48,100,180,220,206128,0,5,7.743074286145022,2.2539909987244755,223.76708699812298,224.139617131103
1789505963,100,,Aggregated,323.900000,0.000000,5,7,8,9,14,21,36,48,100,180,220,206439,0,5,7.757940360433818,2.2539909987244755,223.76708699812298,224.13836532825678
1789505964,100,,Aggregated,322.200000,0.000000,5,7,8,9,14,21,36,48,100,180,220,206760,0,5,7.7554316668629655,2.2539909987244755,223.76708699812298,224.13711549622752
1789505965,100,,Aggregated,322.200000,0.000000,5,7,8,9,14,21,36,48,100,180,220,207090,0,5,7.752590483112064,2.2539909987244755,223.76708699812298,224.13732193732193
1789505966,100,,Aggregated,320.200000,0.000000,5,7,8,9,14,21,36,48,100,180,220,207406,0,5,7.753620855161354,2.2539909987244755,223.76708699812298,224.13661610560928
1789505967,100,,Aggregated,320.400000,0.000000,5,7,8,9,14,21,36,48,100,180,220,207739,0,5,7.750537559840072,2.2539909987244755,223.76708699812298,224.13452457169814
1789505968,100,,Aggregated,320.000000,0.000000,5,7,8,9,14,21,36,48,100,180,220,208081,0,5,7.752741045903115,2.2539909987244755,223.76708699812298,224.13413526463253
1789505969,100,,Aggregated,319.100000,0.000000,5,7,8,9,14,21,36,48,100,180,220,208404,0,5,7.7543726256194265,2.2539909987244755,223.76708699812298,224.13528531122245
1789505970,100,,Aggregated,323.000000,0.000000,5,7,8,9,14,21,36,48,100,180,220,208728,0,5,7.751627309448942,2.2539909987244755,223.76708699812298,224.13649342685218
1789505971,100,,Aggregated,323.200000,0.000000,5,7,8,9,14,21,36,48,100,180,220,209066,0,5,7.749845527171546,2.2539909987244755,223.76708699812298,224.13611969425924
1789505972,100,,Aggregated,323.300000,0.000000,5,7,8,9,14,20,36,48,100,180,220,209388,0,5,7.748268018862937,2.2539909987244755,223.76708699812298,224.13772040422566
1789505973,100,,Aggregated,324.100000,0.000000,5,7,8,9,14,20,36,48,100,180,220,209712,0,5,7.745719297778485,2.2539909987244755,223.76708699812298,224.1386186770428
1789505974,100,,Aggregated,325.700000,0.000000,5,7,8,9,14,20,36,48,100,170,220,210044,0,5,7.745563462401879,2.2539909987244755,223.76708699812298,224.1375330883053
1789505975,100,,Aggregated,325.200000,0.000000,5,7,8,9,14,20,36,48,100,170,220,210373,0,5,7.7442170155851535,2.2539909987244755,223.76708699812298,224.1363387887229
1789505976,100,,Aggregated,327.600000,0.000000,5,7,8,9,14,20,36,48,100,170,220,210702,0,5,7.740530878120072,2.2539909987244755,223.76708699812298,224.13731715883097
1789505977,100,,Aggregated,328.600000,0.000000,5,7,8,9,14,20,36,48,100,170,220,211020,0,5,7.7393276127315005,2.2539909987244755,223.76708699812298,224.13629987678894
1789505978,100,,Aggregated,327.800000,0.000000,5,7,8,9,14,20,35,48,100,170,220,211351,0,5,7.739309271924801,2.2539909987244755,223.76708699812298,224.1379080297704
1789505979,100,,Aggregated,328.400000,0.000000,5,7,8,9,14,20,36,48,100,170,220,211667,0,5,7.742694535159539,2.2539909987244755,223.76708699812298,224.1362281319242
1789505980,100,,Aggregated,326.800000,0.000000,5,7,8,9,14,20,36,48,100,170,220,212000,0,5,7.743364665715103,2.2539909987244755,223.76708699812298,224.13516981132076
1789505981,100,,Aggregated,325.500000,0.000000,5,7,8,9,14,20,36,48,100,170,220,212322,0,5,7.744660439679491,2.2539909987244755,223.76708699812298,224.1335612889856
1789505982,100,,Aggregated,325.500000,0.000000,5,7,8,9,14,20,36,48,100,170,220,212645,0,5,7.741677356526784,2.2539909987244755,223.76708699812298,224.1345622986668
1789505983,100,,Aggregated,326.000000,0.000000,5,7,8,9,14,20,36,48,100,170,220,212978,0,5,7.740143862669945,2.2539909987244755,223.76708699812298,224.135887274742
1789505984,100,,Aggregated,324.500000,0.000000,5,7,8,9,14,20,36,48,100,170,220,213312,0,5,7.737549702758146,2.2539909987244755,223.76708699812298,224.13815912841284
1789505985,100,,Aggregated,324.200000,0.000000,5,7,8,9,14,20,35,48,100,170,220,213636,0,5,7.734425616023454,2.2539909987244755,223.76708699812298,224.13853470388887
1789505986,100,,Aggregated,325.300000,0.000000,5,7,8,9,14,20,36,48,100,170,220,213964,0,5,7.738075709156007,2.2539909987244755,223.76708699812298,224.13993008169598
1789505987,100,,Aggregated,324.800000,0.000000,5,7,8,9,14,20,36,48,100,170,220,214297,0,5,7.738098314903206,2.2539909987244755,223.76708699812298,224.14173320205137
1789505988,100,,Aggregated,325.700000,0.000000,5,7,8,9,14,20,36,48,100,170,220,214623,0,5,7.7391531345977045,2.2539909987244755,223.76708699812298,224.1390111963769
1789505989,100,,Aggregated,325.900000,0.000000,5,7,8,9,14,20,36,48,100,170,220,214933,0,5,7.73693487388959,2.2539909987244755,223.76708699812298,224.13717297948662
1789505990,100,,Aggregated,326.400000,0.000000,5,7,8,9,14,20,36,48,100,170,220,215264,0,5,7.738508624139287,2.2539909987244755,223.76708699812298,224.13879701204104
1789505991,100,,Aggregated,327.300000,0.000000,5,7,8,9,14,20,36,48,100,170,220,215587,0,5,7.7396086467869605,2.2539909987244755,223.76708699812298,224.13973940914804
1789505993,100,,Aggregated,325.700000,0.000000,5,7,8,9,14,20,36,48,100,170,220,215925,0,5,7.7393200688798,2.2539909987244755,223.76708699812298,224.14115086256803
1789505994,100,,Aggregated,326.200000,0.000000,5,7,8,9,14,20,36,48,100,170,220,216241,0,5,7.737649098468383,2.2539909987244755,223.76708699812298,224.14049602064364
1789505995,100,,Aggregated,328.000000,0.000000,5,7,8,9,14,20,36,48,100,170,220,216575,0,5,7.73836898578727,2.2539909987244755,223.76708699812298,224.14123052060486
1789505996,100,,Aggregated,328.000000,0.000000,5,7,8,9,14,20,36,48,100,170,220,216900,0,5,7.736713963817119,2.2539909987244755,223.76708699812298,224.1407376671277
1789505997,100,,Aggregated,326.000000,0.000000,5,7,8,9,14,20,36,48,100,170,220,217232,0,5,7.735097640223127,2.2539909987244755,223.76708699812298,224.1413097517861
1789505998,100,,Aggregated,325.800000,0.000000,5,7,8,9,14,20,36,48,100,170,220,217555,0,5,7.7355729887889515,2.2539909987244755,223.76708699812298,224.14314541150515
1789505999,100,,Aggregated,326.400000,0.000000,5,7,8,9,14,20,36,48,100,170,220,217884,0,5,7.733777982068405,2.2539909987244755,223.76708699812298,224.14415927741368
1789506000,100,,Aggregated,325.100000,0.000000,5,7,8,9,14,20,36,48,100,170,220,218207,0,5,7.733293107251462,2.2539909987244755,223.76708699812298,224.14268561503528
1789506001,100,,Aggregated,325.500000,0.000000,5,7,8,9,14,20,36,48,100,170,220,218539,0,5,7.73156022736907,2.2539909987244755,223.76708699812298,224.1440795464425
1789506002,100,,Aggregated,327.000000,0.000000,5,7,8,9,14,20,35,48,100,170,220,218863,0,5,7.729356650292612,2.2539909987244755,223.76708699812298,224.14585379895186
1789506003,100,,Aggregated,327.100000,0.000000,5,7,8,9,14,20,36,48,99,170,220,219174,0,5,7.730742354289207,2.2539909987244755,223.76708699812298,224.1445061914278
1789506004,100,,Aggregated,327.100000,0.000000,5,7,8,9,14,20,36,48,99,170,220,219491,0,5,7.731458871602632,2.2539909987244755,223.76708699812298,224.1489172676784
1789506005,100,,Aggregated,324.700000,0.000000,5,7,8,9,14,20,35,48,99,170,220,219811,0,5,7.73025147160444,2.2539909987244755,223.76708699812298,224.14779970065192
1789506006,100,,Aggregated,324.900000,0.000000,5,7,8,9,14,20,35,48,99,170,220,220132,0,5,7.728642945663936,2.2539909987244755,223.76708699812298,224.1471480747915
1789506007,100,,Aggregated,323.400000,0.000000,5,7,8,9,14,20,35,48,99,170,220,220468,0,5,7.726313503242798,2.2539909987244755,223.76708699812298,224.1468149572727
1789506008,100,,Aggregated,322.600000,0.000000,5,7,8,9,14,20,35,48,99,170,220,220809,0,5,7.724125940808066,2.2539909987244755,223.76708699812298,224.1456598236485
1789506009,100,,Aggregated,323.100000,0.000000,5,7,8,9,14,20,35,48,99,170,220,221121,0,5,7.728930881964741,2.2539909987244755,223.76708699812298,224.14423324785977
1789506010,100,,Aggregated,324.700000,0.000000,5,7,8,9,14,20,35,48,99,170,220,221456,0,5,7.730343218661023,2.2539909987244755,223.76708699812298,224.144665305975
1789506011,100,,Aggregated,323.200000,0.000000,5,7,8,9,14,20,35,48,99,170,220,221766,0,5,7.727379011362439,2.2539909987244755,223.76708699812298,224.1448463695968
1789506012,100,,Aggregated,323.500000,0.000000,5,7,8,9,14,20,36,48,99,170,220,222091,0,5,7.731351049784976,2.2539909987244755,223.76708699812298,224.14499461932272
1789506013,100,,Aggregated,322.900000,0.000000,5,7,8,9,14,20,35,48,99,170,220,222424,0,5,7.730262541132115,2.2539909987244755,223.76708699812298,224.1450562888897
1789506014,100,,Aggregated,321.900000,0.000000,5,7,8,9,14,20,35,48,99,170,220,222736,0,5,7.727729327436049,2.2539909987244755,223.76708699812298,224.14532450973348
1789506015,100,,Aggregated,323.400000,0.000000,5,7,8,9,14,20,35,48,99,170,220,223067,0,5,7.727631077603599,2.2539909987244755,223.76708699812298,224.1464806537946
1789506016,100,,Aggregated,324.300000,0.000000,5,7,8,9,14,20,35,48,99,170,220,223402,0,5,7.7265674128287,2.2539909987244755,223.76708699812298,224.1479485411948
1789506017,100,,Aggregated,324.500000,0.000000,5,7,8,9,14,20,36,48,99,170,220,223719,0,5,7.732328858450542,2.2539909987244755,223.76708699812298,224.1476629164264
1789506018,100,,Aggregated,326.100000,0.000000,5,7,8,9,14,20,35,48,99,170,220,224045,0,5,7.731395777016581,2.2539909987244755,223.76708699812298,224.14630989310183
1789506019,100,,Aggregated,323.700000,0.000000,5,7,8,9,14,20,36,48,99,170,220,224368,0,5,7.732763354015369,2.2539909987244755,223.76708699812298,224.1487645297012
1789506020,100,,Aggregated,322.400000,0.000000,5,7,8,9,14,20,36,48,99,170,220,224695,0,5,7.729254629540685,2.2539909987244755,223.76708699812298,224.1452279757004
1789506021,100,,Aggregated,323.300000,0.000000,5,7,8,9,14,20,36,48,99,170,220,225027,0,5,7.731011635202301,2.2539909987244755,223.76708699812298,224.14538255409352
1789506022,100,,Aggregated,324.100000,0.000000,5,7,8,9,14,20,36,48,99,170,220,225350,0,5,7.73091692852783,2.2539909987244755,223.76708699812298,224.1443310406035
1789506023,100,,Aggregated,323.700000,0.000000,5,7,8,9,14,20,36,48,99,170,220,225676,0,5,7.731689597594808,2.2539909987244755,223.76708699812298,224.14483152838582
1789506024,100,,Aggregated,325.600000,0.000000,5,7,8,9,14,20,36,48,99,170,220,226011,0,5,7.731192548180715,2.2539909987244755,223.76708699812298,224.14767422824553
1789506025,100,,Aggregated,325.000000,0.000000,5,7,8,9,14,20,36,48,99,170,220,226327,0,5,7.732068854405238,2.2539909987244755,223.76708699812298,224.14608950765927
1789506026,100,,Aggregated,325.600000,0.000000,5,7,8,9,14,20,36,48,99,170,220,226643,0,5,7.731463130063143,2.2539909987244755,223.76708699812298,224.14589905710744
1789506027,100,,Aggregated,325.900000,0.000000,5,7,8,9,14,20,36,48,99,170,220,226968,0,5,7.733368138640168,2.2539909987244755,223.76708699812298,224.14631578019808
1789506028,100,,Aggregated,323.600000,0.000000,5,7,8,9,14,20,36,48,98,170,220,227295,0,5,7.733182649551958,2.2539909987244755,223.76708699812298,224.14706438769
1789506029,100,,Aggregated,324.500000,0.000000,5,7,8,9,14,20,36,48,98,170,220,227615,0,5,7.7313688815229895,2.2539909987244755,223.76708699812298,224.14915537200974
1789506030,100,,Aggregated,324.900000,0.000000,5,7,8,9,14,20,36,48,98,170,220,227933,0,5,7.733122738449265,2.2539909987244755,223.76708699812298,224.1497238223513
1789506031,100,,Aggregated,326.000000,0.000000,5,7,8,9,14,21,36,48,98,170,220,228264,0,5,7.736092732472027,2.2539909987244755,223.76708699812298,224.14760978516105
1789506032,100,,Aggregated,323.400000,0.000000,5,7,8,9,14,21,36,48,98,170,220,228570,0,5,7.735552520986815,2.2539909987244755,223.76708699812298,224.1487028043925
1789506033,100,,Aggregated,323.800000,0.000000,5,7,8,9,14,21,36,48,98,170,220,228922,0,5,7.737764706546608,2.2539909987244755,223.76708699812298,224.14997247970925
1789506034,100,,Aggregated,322.200000,0.000000,5,7,8,9,14,21,36,48,98,170,220,229233,0,5,7.738464220212695,2.2539909987244755,223.76708699812298,224.14908411965118
1789506035,100,,Aggregated,324.100000,0.000000,5,7,8,9,14,21,36,48,100,170,220,229536,0,5,7.759199049769979,2.2539909987244755,223.76708699812298,224.148399379618
1789506036,100,,Aggregated,321.500000,0.000000,5,7,8,9,14,21,36,48,100,170,220,229846,0,5,7.763331903974563,2.2539909987244755,223.76708699812298,224.14751616299608
1789506037,100,,Aggregated,317.700000,0.000000,5,7,8,9,14,21,36,48,100,170,220,230188,0,5,7.764979166224469,2.2539909987244755,223.76708699812298,224.14946478530592
1789506038,100,,Aggregated,320.700000,0.000000,5,7,8,9,14,21,36,48,100,170,220,230511,0,5,7.764289193434914,2.2539909987244755,223.76708699812298,224.14964578696896
1789506039,100,,Aggregated,321.300000,0.000000,5,7,8,9,14,21,36,48,100,170,220,230843,0,5,7.765208614481496,2.2539909987244755,223.76708699812298,224.14819162807623
1789506040,100,,Aggregated,321.800000,0.000000,5,7,8,9,14,21,36,48,100,170,220,231168,0,5,7.763181780427446,2.2539909987244755,223.76708699812298,224.1458636143411
1789506041,100,,Aggregated,321.000000,0.000000,5,7,8,9,14,21,36,48,100,170,220,231489,0,5,7.7634101263726505,2.2539909987244755,223.76708699812298,224.1445554648385
1789506042,100,,Aggregated,322.700000,0.000000,5,7,8,9,14,21,36,48,100,170,220,231812,0,5,7.760614434601899,2.2539909987244755,223.76708699812298,224.14460424827016
1789506043,100,,Aggregated,321.600000,0.000000,5,7,8,9,14,21,36,48,100,170,220,232135,0,5,7.758847414000222,2.2539909987244755,223.76708699812298,224.1459840179206
1789506044,100,,Aggregated,322.600000,0.000000,5,7,8,9,14,21,36,48,100,170,220,232458,0,5,7.756590558569386,2.2539909987244755,223.76708699812298,224.1445809565599
1789506045,100,,Aggregated,320.800000,0.000000,5,7,8,9,14,21,36,48,100,170,220,232780,0,5,7.755882680092251,2.2539909987244755,223.76708699812298,224.143753758914
1789506046,100,,Aggregated,322.100000,0.000000,5,7,8,9,14,21,36,48,100,170,220,233102,0,5,7.753648350819861,2.2539909987244755,223.76708699812298,224.14448181482786
1789506047,100,,Aggregated,325.800000,0.000000,5,7,8,9,14,21,36,48,100,170,220,233429,0,5,7.752674324389159,2.2539909987244755,223.76708699812298,224.1426215251747
1789506048,100,,Aggregated,322.900000,0.000000,5,7,8,9,14,20,36,48,100,170,220,233746,0,5,7.749913414350796,2.2539909987244755,223.76708699812298,224.13976281947072
1789506049,100,,Aggregated,323.000000,0.000000,5,7,8,9,14,20,36,48,100,170,220,234071,0,5,7.748967153410122,2.2539909987244755,223.76708699812298,224.13990626775637
1789506050,100,,Aggregated,322.100000,0.000000,5,7,8,9,14,21,36,48,100,170,220,234396,0,5,7.750411256138404,2.2539909987244755,223.76708699812298,224.13981040632092
1789506051,100,,Aggregated,321.600000,0.000000,5,7,8,9,14,21,36,48,100,170,220,234708,0,5,7.7543506303823,2.2539909987244755,223.76708699812298,224.1408516113639
1789506052,100,,Aggregated,321.500000,0.000000,5,7,8,9,14,21,36,48,100,170,220,235045,0,5,7.75172632942519,2.2539909987244755,223.76708699812298,224.14331298262036
1789506053,100,,Aggregated,321.600000,0.000000,5,7,8,9,14,21,36,48,100,170,220,235368,0,5,7.755925908640043,2.2539909987244755,223.76708699812298,224.14233880561503
1789506054,100,,Aggregated,321.200000,0.000000,5,7,8,9,14,21,36,48,100,170,220,235668,0,5,7.755089195325027,2.2539909987244755,223.76708699812298,224.14429197005958
1789506055,100,,Aggregated,321.100000,0.000000,5,7,8,9,14,21,36,48,100,170,220,236013,0,5,7.7528732019711715,2.2539909987244755,223.76708699812298,224.14442848487158
1789506056,100,,Aggregated,321.100000,0.000000,5,7,8,9,14,21,36,48,100,170,220,236324,0,5,7.755849900060418,2.2539909987244755,223.76708699812298,224.14538514920196
1789506057,100,,Aggregated,322.000000,0.000000,5,7,8,9,14,21,36,48,100,170,220,236630,0,5,7.7602351713218365,2.2539909987244755,223.76708699812298,224.1437983349533
1789506058,100,,Aggregated,321.600000,0.000000,5,7,8,9,14,21,36,48,100,170,220,236958,0,5,7.757869278517048,2.2539909987244755,223.76708699812298,224.14086040564152
1789506059,100,,Aggregated,320.900000,0.000000,5,7,8,9,14,21,36,48,100,170,220,237284,0,5,7.758087728282739,2.2539909987244755,223.76708699812298,224.14270663002983
1789506060,100,,Aggregated,319.600000,0.000000,5,7,8,9,14,21,36,48,100,170,220,237617,0,5,7.758481235310776,2.2539909987244755,223.76708699812298,224.14368079724935
1789506061,100,,Aggregated,320.400000,0.000000,5,7,8,9,14,21,36,48,100,170,220,237955,0,5,7.757865913764541,2.2539909987244755,223.76708699812298,224.14561576768716
1789506062,100,,Aggregated,321.800000,0.000000,5,7,8,9,14,21,36,48,100,170,220,238288,0,5,7.757111844569496,2.2539909987244755,223.76708699812298,224.1465495534815
1789506063,100,,Aggregated,323.500000,0.000000,5,7,8,9,14,21,36,48,100,170,220,238602,0,5,7.755735104386509,2.2539909987244755,223.76708699812298,224.14635669441162
1789506064,100,,Aggregated,324.100000,0.000000,5,7,8,9,14,21,36,48,100,170,220,238924,0,5,7.753306855593179,2.2539909987244755,223.76708699812298,224.1435393681673
1789506065,100,,Aggregated,323.500000,0.000000,5,7,8,9,14,21,36,48,110,170,220,239249,0,5,7.766003347611398,2.2539909987244755,223.76708699812298,224.1430392603522
1789506066,100,,Aggregated,323.800000,0.000000,5,7,8,9,14,21,36,48,110,170,220,239568,0,5,7.765059307013601,2.2539909987244755,223.76708699812298,224.14476056902424
1789506067,100,,Aggregated,320.500000,0.000000,5,7,8,9,14,21,36,48,110,170,220,239888,0,5,7.768860299888374,2.2539909987244755,223.76708699812298,224.1461682118322
1789506068,100,,Aggregated,323.100000,0.000000,5,7,8,9,14,21,36,48,110,170,220,240225,0,5,7.76938547427881,2.2539909987244755,223.76708699812298,224.14595483400979
1789506069,100,,Aggregated,323.200000,0.000000,5,7,8,9,14,21,36,48,110,170,220,240548,0,5,7.7679288315082,2.2539909987244755,223.76708699812298,224.1431523022432
1789506070,100,,Aggregated,325.800000,0.000000,5,7,8,9,14,21,36,48,110,170,220,240879,0,5,7.766715798436643,2.2539909987244755,223.76708699812298,224.14346622162995
1789506071,100,,Aggregated,325.000000,0.000000,5,7,8,9,14,21,36,48,100,170,220,241204,0,5,7.764897261756188,2.2539909987244755,223.76708699812298,224.14400673289
1789506072,100,,Aggregated,324.700000,0.000000,5,7,8,9,14,21,36,48,100,170,220,241532,0,5,7.768493587676443,2.2539909987244755,223.76708699812298,224.1427057284335
1789506073,100,,Aggregated,323.800000,0.000000,5,7,8,9,14,21,36,48,100,170,220,241849,0,5,7.767485422038891,2.2539909987244755,223.76708699812298,224.14125342672494
1789506074,100,,Aggregated,323.900000,0.000000,5,7,8,9,14,21,36,48,100,170,220,242180,0,5,7.776566516432445,2.2539909987244755,223.76708699812298,224.1405318358246
1789506075,100,,Aggregated,324.300000,0.000000,5,7,8,9,14,21,36,48,100,170,220,242505,0,5,7.774771256133359,2.2539909987244755,223.76708699812298,224.14069812993546
1789506076,100,,Aggregated,323.700000,0.000000,5,7,8,9,14,21,36,48,100,170,220,242831,0,5,7.771715159698174,2.2539909987244755,223.76708699812298,224.13905555715704
1789506077,100,,Aggregated,326.000000,0.000000,5,7,8,9,14,21,36,48,100,170,220,243157,0,5,7.7709269733905995,2.2539909987244755,223.76708699812298,224.13965051386552
1789506078,100,,Aggregated,326.600000,0.000000,5,7,8,9,14,21,36,48,100,170,220,243491,0,5,7.772989258948841,2.2539909987244755,223.76708699812298,224.13959858885954
1789506079,100,,Aggregated,327.400000,0.000000,5,7,8,9,14,21,36,48,100,170,220,243816,0,5,7.76970964217587,2.2539909987244755,223.76708699812298,224.1369680414739
1789506080,100,,Aggregated,326.300000,0.000000,5,7,8,9,14,21,36,48,100,170,220,244141,0,5,7.772288062348172,2.2539909987244755,223.76708699812298,224.1388173227766
1789506081,100,,Aggregated,327.200000,0.000000,5,7,8,9,14,21,36,48,100,170,220,244452,0,5,7.772204088879335,2.2539909987244755,223.76708699812298,224.13992112971053
1789506082,100,,Aggregated,325.600000,0.000000,5,7,8,9,14,21,36,48,100,170,220,244787,0,5,7.769702062110003,2.2539909987244755,223.76708699812298,224.146310874352
1789506083,100,,Aggregated,324.800000,0.000000,5,7,8,9,14,21,36,48,100,170,220,245103,0,5,7.76857989690744,2.2539909987244755,223.76708699812298,224.14573465033067
1789506084,100,,Aggregated,323.700000,0.000000,5,7,8,9,14,21,36,48,100,170,220,245436,0,5,7.767779264654319,2.2539909987244755,223.76708699812298,224.1479408073795
1789506085,100,,Aggregated,324.300000,0.000000,5,7,8,9,14,21,36,48,100,170,220,245762,0,5,7.767492976854903,2.2539909987244755,223.76708699812298,224.1483589814536
1789506086,100,,Aggregated,325.400000,0.000000,5,7,8,9,14,21,36,48,100,170,220,246093,0,5,7.769705306261643,2.2539909987244755,223.76708699812298,224.15002052069747
1789506087,100,,Aggregated,324.400000,0.000000,5,7,8,9,14,21,36,48,100,170,220,246411,0,5,7.7734802181430664,2.2539909987244755,223.76708699812298,224.15018404210852
1789506088,100,,Aggregated,323.700000,0.000000,5,7,8,9,14,21,36,48,100,170,220,246727,0,5,7.771547927473752,2.2539909987244755,223.76708699812298,224.15258159828474
1789506089,100,,Aggregated,322.900000,0.000000,5,7,8,9,14,21,36,48,100,170,220,247046,0,5,7.772009446393925,2.2539909987244755,223.76708699812298,224.15046590513506
1789506090,100,,Aggregated,323.100000,0.000000,5,7,8,9,14,21,36,48,100,170,220,247355,0,5,7.776698995722474,2.2539909987244755,223.76708699812298,224.14971195245698
1789506091,100,,Aggregated,322.000000,0.000000,5,7,8,9,14,21,36,48,100,170,220,247675,0,5,7.7770050191173565,2.2539909987244755,223.76708699812298,224.1479923286565
1789506092,100,,Aggregated,320.000000,0.000000,5,7,8,9,14,21,36,48,100,170,220,247992,0,5,7.778223904073126,2.2539909987244755,223.76708699812298,224.1482023613665
1789506093,100,,Aggregated,320.800000,0.000000,5,7,8,9,14,21,36,48,100,170,220,248328,0,5,7.780401018765008,2.2539909987244755,223.76708699812298,224.1509213620695
1789506094,100,,Aggregated,321.300000,0.000000,5,7,8,9,14,21,36,48,100,170,220,248646,0,5,7.778347261918256,2.2539909987244755,223.76708699812298,224.15347924358323
1789506095,100,,Aggregated,320.800000,0.000000,5,7,8,9,14,21,36,48,100,170,220,248977,0,5,7.784962455459267,2.2539909987244755,223.76708699812298,224.15300610096514
1789506096,100,,Aggregated,320.400000,0.000000,5,7,8,9,14,21,36,48,100,170,220,249312,0,5,7.784657662835868,2.2539909987244755,223.76708699812298,224.15300105891413
1789506097,100,,Aggregated,321.700000,0.000000,5,7,8,9,14,21,36,48,100,170,220,249633,0,5,7.7848089280019135,2.2539909987244755,223.76708699812298,224.15452283952843
1789506098,100,,Aggregated,321.900000,0.000000,5,7,8,9,14,21,36,49,100,170,220,249953,0,5,7.7900907454677295,2.2539909987244755,223.76708699812298,224.15405296195684
1789506099,100,,Aggregated,321.500000,0.000000,5,7,8,9,14,21,36,49,100,170,220,250289,0,5,7.7874619935470175,2.2539909987244755,223.76708699812298,224.15546827866984
1789506100,100,,Aggregated,322.800000,0.000000,5,7,8,9,14,21,36,49,100,170,220,250621,0,5,7.787164716507573,2.2539909987244755,223.76708699812298,224.15216202951868
1789506101,100,,Aggregated,322.700000,0.000000,5,7,8,9,14,21,36,48,100,170,220,250955,0,5,7.788473126623628,2.2539909987244755,223.76708699812298,224.15284413540277
1789506102,100,,Aggregated,325.500000,0.000000,5,7,8,9,14,21,36,48,100,170,220,251286,0,5,7.786521033037346,2.2539909987244755,223.76708699812298,224.1508679353406
1789506103,100,,Aggregated,327.100000,0.000000,5,7,8,9,14,21,36,48,100,170,220,251603,0,5,7.786329569463969,2.2539909987244755,223.76708699812298,224.15058643974834
1789506104,100,,Aggregated,327.700000,0.000000,5,7,8,9,14,21,36,48,100,170,220,251933,0,5,7.784467613956205,2.2539909987244755,223.76708699812298,224.14981761023765
1789506105,100,,Aggregated,327.900000,0.000000,5,7,8,9,14,21,36,48,100,170,220,252262,0,5,7.781389160071391,2.2539909987244755,223.76708699812298,224.15154878657904
1789506106,100,,Aggregated,328.100000,0.000000,5,7,8,9,14,21,36,48,100,170,220,252579,0,5,7.779729498449324,2.2539909987244755,223.76708699812298,224.15334212266262
1789506107,100,,Aggregated,327.500000,0.000000,5,7,8,9,14,21,36,48,100,170,220,252907,0,5,7.78098817339537,2.2539909987244755,223.76708699812298,224.1545587903854
1789506108,100,,Aggregated,326.800000,0.000000,5,7,8,9,14,21,36,48,100,170,220,253223,0,5,7.779272914750668,2.2539909987244755,223.76708699812298,224.15531764492167
1789506109,100,,Aggregated,326.500000,0.000000,5,7,8,9,14,21,36,48,100,170,220,253530,0,5,7.779783938168457,2.2539909987244755,223.76708699812298,224.15200567980122
1789506110,100,,Aggregated,325.900000,0.000000,5,7,8,9,14,21,36,48,100,170,220,253862,0,5,7.778807025371607,2.2539909987244755,223.76708699812298,224.1495103638985
1789506111,100,,Aggregated,323.800000,0.000000,5,7,8,9,14,21,36,48,100,170,220,254192,0,5,7.777713507005906,2.2539909987244755,223.76708699812298,224.15214876943412
1789506112,100,,Aggregated,324.600000,0.000000,5,7,8,9,14,21,36,48,100,170,220,254517,0,5,7.777662600929823,2.2539909987244755,223.76708699812298,224.15207235665986
1789506113,100,,Aggregated,322.600000,0.000000,5,7,8,9,14,21,36,48,100,170,220,254850,0,5,7.77995174188269,2.2539909987244755,223.76708699812298,224.15354129880322
1789506114,100,,Aggregated,323.200000,0.000000,5,7,8,9,14,21,36,48,100,170,220,255180,0,5,7.776251752706805,2.2539909987244755,223.76708699812298,224.15463202445332
1789506115,100,,Aggregated,323.100000,0.000000,5,7,8,9,14,21,36,48,100,170,220,255511,0,5,7.777406012976682,2.2539909987244755,223.76708699812298,224.15230655431665
1789506116,100,,Aggregated,323.500000,0.000000,5,7,8,9,14,21,36,48,100,170,220,255842,0,5,7.775009159941434,2.2539909987244755,223.76708699812298,224.15220331298224
1789506117,100,,Aggregated,324.500000,0.000000,5,7,8,9,14,21,36,48,100,170,220,256177,0,5,7.776228462261103,2.2539909987244755,223.76708699812298,224.1535969271246
1789506118,100,,Aggregated,324.700000,0.000000,5,7,8,9,14,21,36,48,100,170,220,256509,0,5,7.7757154326778695,2.2539909987244755,223.76708699812298,224.1516282079771
1789506119,100,,Aggregated,326.500000,0.000000,5,7,8,9,14,21,36,48,100,170,220,256834,0,5,7.774793728672099,2.2539909987244755,223.76708699812298,224.15129227438734
1789506120,100,,Aggregated,327.400000,0.000000,5,7,8,9,14,21,36,48,100,170,220,257165,0,5,7.773897380556253,2.2539909987244755,223.76708699812298,224.1504637100694
1789506121,100,,Aggregated,330.100000,0.000000,5,7,8,9,14,21,36,48,100,170,220,257491,0,5,7.7749026591095785,2.2539909987244755,223.76708699812298,224.15153539347006
1789506122,100,,Aggregated,328.000000,0.000000,5,7,8,9,14,21,36,48,100,170,220,257819,0,5,7.7726129659325975,2.2539909987244755,223.76708699812298,224.15144345451654
1789506123,100,,Aggregated,329.400000,0.000000,5,7,8,9,14,21,36,48,100,170,220,258141,0,5,7.771027643953453,2.2539909987244755,223.76708699812298,224.15078193700342
1789506124,100,,Aggregated,329.000000,0.000000,5,7,8,9,14,21,36,48,100,170,220,258476,0,5,7.774528506251029,2.2539909987244755,223.76708699812298,224.1502267135053
1789506125,100,,Aggregated,329.600000,0.000000,5,7,8,9,14,21,36,48,100,170,220,258801,0,5,7.771741932499363,2.2539909987244755,223.76708699812298,224.1512590755059
1789506126,100,,Aggregated,329.500000,0.000000,5,7,8,9,14,21,36,48,100,170,220,259131,0,5,7.769182578081261,2.2539909987244755,223.76708699812298,224.14936846614262
1789506127,100,,Aggregated,328.800000,0.000000,5,7,8,9,14,21,36,48,100,170,220,259451,0,5,7.76815241845996,2.2539909987244755,223.76708699812298,224.15136191419575
1789506128,100,,Aggregated,328.700000,0.000000,5,7,8,9,14,21,36,48,100,170,220,259787,0,5,7.76611941859219,2.2539909987244755,223.76708699812298,224.1517012013688
1789506129,100,,Aggregated,328.500000,0.000000,5,7,8,9,14,21,36,48,100,170,220,260117,0,5,7.765241875974243,2.2539909987244755,223.76708699812298,224.15305420253193
1789506130,100,,Aggregated,326.700000,0.000000,5,7,8,9,14,21,36,48,100,170,220,260436,0,5,7.769687708645747,2.2539909987244755,223.76708699812298,224.15313551121966
1789506131,100,,Aggregated,327.600000,0.000000,5,7,8,9,14,21,36,48,100,170,220,260764,0,5,7.768100189166694,2.2539909987244755,223.76708699812298,224.15445383565216
1789506132,100,,Aggregated,328.800000,0.000000,5,7,8,9,14,21,36,48,100,170,220,261082,0,5,7.7676756600183365,2.2539909987244755,223.76708699812298,224.1544074275515
1789506133,100,,Aggregated,326.800000,0.000000,5,7,8,9,14,21,36,48,100,170,220,261417,0,5,7.767600038531921,2.2539909987244755,223.76708699812298,224.15490576358843
1789506134,100,,Aggregated,326.700000,0.000000,5,7,8,9,14,21,36,48,100,170,220,261771,0,5,7.766416835103666,2.2539909987244755,223.76708699812298,224.15682027420914
1789506135,100,,Aggregated,326.400000,0.000000,5,7,8,9,14,21,36,48,100,170,220,262091,0,5,7.767621495445983,2.2539909987244755,223.76708699812298,224.15669366746664
1789506136,100,,Aggregated,327.700000,0.000000,5,7,8,9,14,21,36,48,100,170,220,262405,0,5,7.765398695741202,2.2539909987244755,223.76708699812298,224.1583201539605
1789506137,100,,Aggregated,328.100000,0.000000,5,7,8,9,14,21,36,48,100,170,220,262723,0,5,7.764272661243518,2.2539909987244755,223.76708699812298,224.15729113933688
1789506138,100,,Aggregated,327.400000,0.000000,5,7,8,9,14,21,36,48,100,170,220,263059,0,5,7.763193255588713,2.2539909987244755,223.76708699812298,224.160100965943
1789506139,100,,Aggregated,325.400000,0.000000,5,7,8,9,14,21,36,48,100,170,220,263366,0,5,7.771677250191333,2.2539909987244755,223.76708699812298,224.1585702026837
1789506140,100,,Aggregated,325.300000,0.000000,5,7,8,9,14,21,36,48,100,170,220,263685,0,5,7.77210683347133,2.2539909987244755,223.76708699812298,224.15998634734626
1789506141,100,,Aggregated,323.800000,0.000000,5,7,8,9,14,21,36,48,100,170,220,263995,0,5,7.770491246114091,2.2539909987244755,223.76708699812298,224.15991211954773
1789506142,100,,Aggregated,322.400000,0.000000,5,7,8,9,14,21,36,48,100,170,220,264336,0,5,7.7703408680839745,2.2539909987244755,223.76708699812298,224.16087101265057
1789506143,100,,Aggregated,324.700000,0.000000,5,7,8,9,14,21,36,48,100,170,220,264650,0,5,7.769700463676047,2.2539909987244755,223.76708699812298,224.16121292272814
1789506144,100,,Aggregated,323.000000,0.000000,5,7,8,9,14,21,36,48,100,170,220,264977,0,5,7.767758098362841,2.2539909987244755,223.76708699812298,224.16098755741064
1789506145,100,,Aggregated,322.700000,0.000000,5,7,8,9,14,21,36,48,100,170,220,265298,0,5,7.767484455988705,2.2539909987244755,223.76708699812298,224.16092469600224
1789506146,100,,Aggregated,321.400000,0.000000,5,7,8,9,14,21,36,48,100,170,220,265614,0,5,7.767483114093421,2.2539909987244755,223.76708699812298,224.15754064168306
1789506147,100,,Aggregated,321.000000,0.000000,5,7,8,9,14,21,36,48,100,170,220,265938,0,5,7.76648416458674,2.2539909987244755,223.76708699812298,224.15377268385865
1789506148,100,,Aggregated,320.200000,0.000000,5,7,8,9,14,21,36,48,100,170,220,266266,0,5,7.764993387183928,2.2539909987244755,223.76708699812298,224.15417665041724
1789506149,100,,Aggregated,320.500000,0.000000,5,7,8,9,14,21,36,48,100,170,220,266593,0,5,7.766474871620475,2.2539909987244755,223.76708699812298,224.1563619449873
1789506150,100,,Aggregated,321.600000,0.000000,5,7,8,9,14,21,36,48,100,170,220,266906,0,5,7.766857655684038,2.2539909987244755,223.76708699812298,224.15710399916074
1789506151,100,,Aggregated,322.700000,0.000000,5,7,8,9,14,21,36,48,100,170,220,267242,0,5,7.765764031702128,2.2539909987244755,223.76708699812298,224.1570860867678
1789506152,100,,Aggregated,323.200000,0.000000,5,7,8,9,14,21,36,48,100,170,220,267568,0,5,7.76316163843244,2.2539909987244755,223.76708699812298,224.15702176642947
1789506153,100,,Aggregated,322.700000,0.000000,5,7,8,9,14,21,36,48,100,170,220,267893,0,5,7.763434008327868,2.2539909987244755,223.76708699812298,224.15572635343216
1789506154,100,,Aggregated,323.500000,0.000000,5,7,8,9,14,21,36,48,100,170,220,268225,0,5,7.766086092906921,2.2539909987244755,223.76708699812298,224.15491844533508
1789506155,100,,Aggregated,324.600000,0.000000,5,7,8,9,14,21,36,48,100,170,220,268540,0,5,7.768198427053675,2.2539909987244755,223.76708699812298,224.15381321218442
1789506156,100,,Aggregated,323.400000,0.000000,5,7,8,9,14,21,36,48,100,170,220,268870,0,5,7.765257982203118,2.2539909987244755,223.76708699812298,224.1549968386209
1789506157,100,,Aggregated,321.600000,0.000000,5,7,8,9,14,21,36,48,100,170,220,269205,0,5,7.7646293448301895,2.2539909987244755,223.76708699812298,224.1567281439795
1789506158,100,,Aggregated,323.900000,0.000000,5,7,8,9,14,21,36,48,100,170,220,269533,0,5,7.765527013404867,2.2539909987244755,223.76708699812298,224.15859653548915
1789506159,100,,Aggregated,326.600000,0.000000,5,7,8,9,14,21,36,48,100,170,220,269868,0,5,7.762526818541205,2.2539909987244755,223.76708699812298,224.15603183778737
1789506160,100,,Aggregated,326.900000,0.000000,5,7,8,9,14,21,36,48,100,170,220,270195,0,5,7.761279220085493,2.2539909987244755,223.76708699812298,224.15405910546087
1789506161,100,,Aggregated,326.700000,0.000000,5,7,8,9,14,21,36,48,100,170,220,270515,0,5,7.764484704522558,2.2539909987244755,223.76708699812298,224.15389904441528
1789506162,100,,Aggregated,327.100000,0.000000,5,7,8,9,14,21,36,48,100,170,220,270839,0,5,7.762634975143332,2.2539909987244755,223.76708699812298,224.15245957930728
1789506163,100,,Aggregated,327.000000,0.000000,5,7,8,9,14,21,36,48,100,170,220,271161,0,5,7.763532118825685,2.2539909987244755,223.76708699812298,224.15337382588203
1789506164,100,,Aggregated,326.600000,0.000000,5,7,8,9,14,21,36,48,100,170,220,271493,0,5,7.763578567509789,2.2539909987244755,223.76708699812298,224.1523354193294
1789506165,100,,Aggregated,325.400000,0.000000,5,7,8,9,14,21,36,48,100,170,220,271823,0,5,7.762459029445613,2.2539909987244755,223.76708699812298,224.15614940604732
1789506166,100,,Aggregated,326.100000,0.000000,5,7,8,9,14,21,36,48,100,170,220,272149,0,5,7.761260657768089,2.2539909987244755,223.76708699812298,224.15481592803943
1789506167,100,,Aggregated,329.600000,0.000000,5,7,8,9,14,21,36,48,100,170,220,272458,0,5,7.769795978396742,2.2539909987244755,223.76708699812298,224.15665900799388
1789506168,100,,Aggregated,327.400000,0.000000,5,7,8,9,14,21,36,48,100,170,220,272784,0,5,7.768050150782276,2.2539909987244755,223.76708699812298,224.1567284004927
1789506169,100,,Aggregated,323.200000,0.000000,5,7,8,9,14,21,36,48,100,170,220,273108,0,5,7.769389236649987,2.2539909987244755,223.76708699812298,224.15521698375733
1789506170,100,,Aggregated,324.200000,0.000000,5,7,8,9,14,21,36,48,100,170,220,273428,0,5,7.768262978934042,2.2539909987244755,223.76708699812298,224.15530230993167
1789506171,100,,Aggregated,323.700000,0.000000,5,7,8,9,14,21,36,48,100,170,220,273754,0,5,7.767506556397192,2.2539909987244755,223.76708699812298,224.15525252599048
1789506172,100,,Aggregated,323.200000,0.000000,5,7,8,9,14,21,36,48,100,170,220,274075,0,5,7.769425196314797,2.2539909987244755,223.76708699812298,224.1532244823497
1789506173,100,,Aggregated,322.700000,0.000000,5,7,8,9,14,21,36,48,100,170,220,274394,0,5,7.770249610119001,2.2539909987244755,223.76708699812298,224.15462437225304
1789506174,100,,Aggregated,322.200000,0.000000,5,7,8,9,14,21,36,48,100,170,220,274723,0,5,7.768170895374495,2.2539909987244755,223.76708699812298,224.15590249087262
1789506175,100,,Aggregated,323.200000,0.000000,5,7,8,9,14,21,36,48,100,170,220,275046,0,5,7.769094767006036,2.2539909987244755,223.76708699812298,224.1561702406143
1789506176,100,,Aggregated,323.000000,0.000000,5,7,8,9,14,21,36,48,100,170,220,275379,0,5,7.767543712272763,2.2539909987244755,223.76708699812298,224.15750656368132
1789506177,100,,Aggregated,320.700000,0.000000,5,7,8,9,14,21,36,48,100,170,220,275704,0,5,7.771257931836117,2.2539909987244755,223.76708699812298,224.15556176188957
1789506178,100,,Aggregated,322.700000,0.000000,5,7,8,9,14,21,36,48,100,170,220,276032,0,5,7.772482993768381,2.2539909987244755,223.76708699812298,224.15707236842104
1789506179,100,,Aggregated,325.800000,0.000000,5,7,8,9,14,21,36,48,100,170,220,276380,0,5,7.771313846290631,2.2539909987244755,223.76708699812298,224.15573123959766
1789506180,100,,Aggregated,324.300000,0.000000,5,7,8,9,14,21,36,48,100,170,220,276692,0,5,7.772104520672337,2.2539909987244755,223.76708699812298,224.1568747921877
1789506181,100,,Aggregated,325.400000,0.000000,5,7,8,9,14,21,36,48,100,170,220,277011,0,5,7.782774574706045,2.2539909987244755,223.76708699812298,224.15595409568573
1789506182,100,,Aggregated,325.200000,0.000000,5,7,8,9,14,21,36,48,100,170,220,277340,0,5,7.78176355641389,2.2539909987244755,223.76708699812298,224.15687603663375
1789506183,100,,Aggregated,326.300000,0.000000,5,7,8,9,14,21,36,48,100,170,220,277657,0,5,7.785039969577281,2.2539909987244755,223.76708699812298,224.15640520498312
1789506184,100,,Aggregated,325.800000,0.000000,5,7,8,9,14,21,36,48,100,170,220,277979,0,5,7.784139219865552,2.2539909987244755,223.76708699812298,224.1564938358653
1789506185,100,,Aggregated,325.600000,0.000000,5,7,8,9,14,21,36,48,99,170,220,278287,0,5,7.782414247952699,2.2539909987244755,223.76708699812298,224.1581245261187
1789506186,100,,Aggregated,325.300000,0.000000,5,7,8,9,14,21,36,48,99,170,220,278634,0,5,7.780587357411408,2.2539909987244755,223.76708699812298,224.15634847147155
1789506187,100,,Aggregated,325.500000,0.000000,5,7,8,9,14,21,36,48,99,170,220,278960,0,5,7.779338960302904,2.2539909987244755,223.76708699812298,224.1566783768282
1789506188,100,,Aggregated,324.700000,0.000000,5,7,8,9,14,21,36,48,99,170,220,279288,0,5,7.776235791538064,2.2539909987244755,223.76708699812298,224.15669130073616
1789506189,100,,Aggregated,324.700000,0.000000,5,7,8,9,14,21,36,48,99,170,220,279595,0,5,7.784429679626305,2.2539909987244755,223.76708699812298,224.15404424256513
1789506190,100,,Aggregated,324.400000,0.000000,5,7,8,9,14,21,36,48,99,170,220,279947,0,5,7.782155139608939,2.2539909987244755,223.76708699812298,224.15601881784767
1789506191,100,,Aggregated,322.600000,0.000000,5,7,8,9,14,21,36,49,99,170,220,280267,0,5,7.791224451883849,2.2539909987244755,223.76708699812298,224.1563794524507
1789506192,100,,Aggregated,324.700000,0.000000,5,7,8,9,14,21,36,49,99,170,220,280598,0,5,7.791332281078903,2.2539909987244755,223.76708699812298,224.15742093671372
1789506193,100,,Aggregated,323.500000,0.000000,5,7,8,9,14,21,36,49,99,170,220,280917,0,5,7.789331679297135,2.2539909987244755,223.76708699812298,224.15743084256204
1789506194,100,,Aggregated,325.900000,0.000000,5,7,8,9,14,21,36,49,99,170,220,281225,0,5,7.795061927485644,2.2539909987244755,223.76708699812298,224.1564156813939
1789506195,100,,Aggregated,325.600000,0.000000,5,7,8,9,14,21,36,49,100,170,220,281536,0,5,7.808130104906965,2.2539909987244755,223.76708699812298,224.15524835189817
1789506196,100,,Aggregated,324.300000,0.000000,5,7,8,9,14,21,36,49,100,170,220,281862,0,5,7.806269550425819,2.2539909987244755,223.76708699812298,224.1556328983687
1789506197,100,,Aggregated,324.700000,0.000000,5,7,8,9,14,21,36,49,100,170,220,282178,0,5,7.806888034655624,2.2539909987244755,223.76708699812298,224.15507233023126
1789506198,100,,Aggregated,323.000000,0.000000,5,7,8,9,14,21,36,49,100,170,220,282497,0,5,7.8059776127286025,2.2539909987244755,223.76708699812298,224.15587068181256
1789506199,100,,Aggregated,322.200000,0.000000,5,7,8,9,14,21,36,49,100,170,220,282830,0,5,7.804243190039752,2.2539909987244755,223.76708699812298,224.157960612382
1789506200,100,,Aggregated,320.300000,0.000000,5,7,8,9,14,21,36,49,100,170,220,283140,0,5,7.804300951013517,2.2539909987244755,223.76708699812298,224.15754397118033
1789506201,100,,Aggregated,321.200000,0.000000,5,7,8,9,14,21,36,49,100,170,220,283448,0,5,7.80336905178347,2.2539909987244755,223.76708699812298,224.1583006406819
1789506202,100,,Aggregated,319.900000,0.000000,5,7,8,9,14,21,36,49,100,170,220,283782,0,5,7.803198510768645,2.2539909987244755,223.76708699812298,224.1595062407059
1789506203,100,,Aggregated,319.000000,0.000000,5,7,8,9,14,21,36,49,100,170,220,284116,0,5,7.8114259626138285,2.2539909987244755,223.76708699812298,224.16008954089176
1789506204,100,,Aggregated,318.100000,0.000000,5,7,8,9,14,21,36,49,100,170,220,284442,0,5,7.808154778337626,2.2539909987244755,223.76708699812298,224.16175881198978
1789506205,100,,Aggregated,316.400000,0.000000,5,7,8,9,14,21,36,49,100,170,220,284767,0,5,7.807590977455006,2.2539909987244755,223.76708699812298,224.16246966818485
1789506206,100,,Aggregated,320.200000,0.000000,5,7,8,9,14,21,36,49,100,170,220,285101,0,5,7.8085872197993975,2.2539909987244755,223.76708699812298,224.1629001652046
1789506207,100,,Aggregated,320.300000,0.000000,5,7,8,9,14,21,36,49,100,170,220,285434,0,5,7.80642770497561,2.2539909987244755,223.76708699812298,224.1611160548498
1789506208,100,,Aggregated,323.100000,0.000000,5,7,8,9,14,21,36,49,100,170,220,285761,0,5,7.807586126332858,2.2539909987244755,223.76708699812298,224.1614321058507
1789506209,100,,Aggregated,323.900000,0.000000,5,7,8,9,14,21,37,49,110,170,220,286058,0,5,7.836731421774387,2.2539909987244755,223.76708699812298,224.16007592865782
1789506210,100,,Aggregated,325.700000,0.000000,5,7,8,9,14,21,37,49,110,170,220,286386,0,5,7.834803951292542,2.2539909987244755,223.76708699812298,224.15883807169345
1789506211,100,,Aggregated,324.900000,0.000000,5,7,8,9,14,21,37,49,110,170,220,286702,0,5,7.832991374957105,2.2539909987244755,223.76708699812298,224.15959777050736
1789506212,100,,Aggregated,322.900000,0.000000,5,7,8,9,14,21,37,49,110,170,220,287021,0,5,7.833230709853584,2.2539909987244755,223.76708699812298,224.16011720396764
1789506213,100,,Aggregated,323.900000,0.000000,5,7,8,9,14,21,37,50,120,170,220,287327,0,5,7.8679755524920925,2.2539909987244755,223.76708699812298,224.16100818927563
1789506214,100,,Aggregated,323.500000,0.000000,5,7,8,9,14,21,37,50,120,170,220,287639,0,5,7.870200180458712,2.2539909987244755,223.76708699812298,224.16013475224153
1789506215,100,,Aggregated,322.300000,0.000000,5,7,8,9,14,21,37,50,120,170,220,287960,0,5,7.869488655653738,2.2539909987244755,223.76708699812298,224.15804278371996
1789506216,100,,Aggregated,320.000000,0.000000,5,7,8,9,14,21,37,50,120,170,220,288284,0,5,7.867104096460827,2.2539909987244755,223.76708699812298,224.15945734067793
1789506217,100,,Aggregated,319.300000,0.000000,5,7,8,9,14,21,37,50,120,170,220,288612,0,5,7.869644654433065,2.2539909987244755,223.76708699812298,224.16118872396157
1789506218,100,,Aggregated,316.700000,0.000000,5,7,8,9,14,21,37,50,120,170,220,288926,0,5,7.869648778297095,2.2539909987244755,223.76708699812298,224.16293445380478
1789506219,100,,Aggregated,317.200000,0.000000,5,7,8,9,14,21,37,50,120,170,220,289233,0,5,7.881954883586073,2.2539909987244755,223.76708699812298,224.16165859359063
1789506220,100,,Aggregated,315.900000,0.000000,5,7,8,9,14,21,37,50,120,170,220,289566,0,5,7.879085215854862,2.2539909987244755,223.76708699812298,224.15872029174696
1789506221,100,,Aggregated,315.200000,0.000000,5,7,8,9,14,21,37,50,120,170,220,289892,0,5,7.876695532036887,2.2539909987244755,223.76708699812298,224.16094269590053
1789506222,100,,Aggregated,317.800000,0.000000,5,7,8,9,14,21,37,50,120,170,220,290199,0,5,7.878821293365263,2.2539909987244755,223.76708699812298,224.16299504822553
1789506223,100,,Aggregated,317.600000,0.000000,5,7,8,9,14,21,37,50,120,170,220,290542,0,5,7.877901788675134,2.2539909987244755,223.76708699812298,224.16083044792148
1789506224,100,,Aggregated,318.200000,0.000000,5,7,8,9,14,21,37,50,120,170,220,290851,0,5,7.882985663079257,2.2539909987244755,223.76708699812298,224.1597243949651
1789506225,100,,Aggregated,321.200000,0.000000,5,7,8,9,14,21,37,50,120,170,220,291175,0,5,7.884743286371557,2.2539909987244755,223.76708699812298,224.16128445093156
1789506226,100,,Aggregated,322.000000,0.000000,5,7,8,9,14,21,37,50,120,170,220,291490,0,5,7.896423655923833,2.2539909987244755,223.76708699812298,224.16200555765207
1789506227,100,,Aggregated,320.900000,0.000000,5,7,8,9,14,21,37,51,120,170,220,291778,0,5,7.936887218159887,2.2539909987244755,223.76708699812298,224.16025882691636
1789506228,100,,Aggregated,321.400000,0.000000,5,7,8,9,14,21,38,51,120,170,220,292088,0,5,7.956497447462145,2.2539909987244755,223.76708699812298,224.159520418504
1789506229,100,,Aggregated,317.600000,0.000000,5,7,8,9,14,22,38,51,120,170,220,292390,0,5,7.9724563438567895,2.2539909987244755,223.76708699812298,224.15745408529705
1789506230,100,,Aggregated,316.300000,0.000000,5,7,8,9,14,22,38,51,120,170,220,292703,0,5,7.987735575803033,2.2539909987244755,223.76708699812298,224.15495912238686
1789506231,100,,Aggregated,316.000000,0.000000,5,7,8,9,14,22,38,52,130,190,220,292906,0,5,8.053888401973042,2.2539909987244755,223.76708699812298,224.15318566366003
1789506232,100,,Aggregated,314.800000,0.000000,5,7,8,9,14,22,39,53,140,230,300,293231,0,5,8.121438537069112,2.2539909987244755,295.4319909986225,224.15308067700892
1789506233,100,,Aggregated,307.300000,0.000000,5,7,8,9,14,22,39,53,140,230,300,293535,0,5,8.121426299757408,2.2539909987244755,295.4319909986225,224.15148449077623
1789506234,100,,Aggregated,300.200000,0.000000,5,7,8,9,14,22,39,54,140,230,300,293824,0,5,8.155126127036151,2.2539909987244755,295.4319909986225,224.15130145937704
1789506235,100,,Aggregated,300.900000,0.000000,5,7,8,9,14,22,39,54,140,230,300,294143,0,5,8.160705237660771,2.2539909987244755,295.4319909986225,224.15133455496135
1789506236,100,,Aggregated,296.200000,0.000000,5,7,8,9,14,22,39,54,140,230,300,294462,0,5,8.1603694794381,2.2539909987244755,295.4319909986225,224.1529025816574
1789506237,100,,Aggregated,295.800000,0.000000,5,7,8,9,14,22,39,54,140,230,300,294788,0,5,8.16049663392443,2.2539909987244755,295.4319909986225,224.15411075077682
1789506238,100,,Aggregated,296.500000,0.000000,5,7,8,9,14,22,39,54,140,230,300,295131,0,5,8.158742577398884,2.2539909987244755,295.4319909986225,224.1548126086382
1789506239,100,,Aggregated,300.100000,0.000000,5,7,8,9,14,22,39,54,140,230,300,295451,0,5,8.156320004648128,2.2539909987244755,295.4319909986225,224.15426246653422
1789506240,100,,Aggregated,302.100000,0.000000,5,7,8,9,14,22,39,54,140,230,300,295780,0,5,8.155942989486212,2.2539909987244755,295.4319909986225,224.1532422746636
1789506241,100,,Aggregated,304.300000,0.000000,5,7,8,9,14,22,39,54,140,230,300,296105,0,5,8.153672942325375,2.2539909987244755,295.4319909986225,224.1524391685382
1789506242,100,,Aggregated,304.800000,0.000000,5,7,8,9,14,22,39,54,140,230,300,296432,0,5,8.151193929819383,2.2539909987244755,295.4319909986225,224.15393412317158
1789506243,100,,Aggregated,313.200000,0.000000,5,7,8,9,14,22,39,54,140,230,300,296749,0,5,8.159212659463897,2.2539909987244755,295.4319909986225,224.15614205945093
1789506244,100,,Aggregated,320.400000,0.000000,5,7,8,9,14,22,39,54,140,230,300,297075,0,5,8.158214273147106,2.2539909987244755,295.4319909986225,224.15630396364554
1789506245,100,,Aggregated,317.800000,0.000000,5,7,8,9,14,22,39,54,140,230,300,297414,0,5,8.156972776322366,2.2539909987244755,295.4319909986225,224.15690249954608
1789506246,100,,Aggregated,322.500000,0.000000,5,7,8,9,14,22,39,54,140,230,300,297737,0,5,8.15817884832642,2.2539909987244755,295.4319909986225,224.1535986457847
1789506247,100,,Aggregated,326.200000,0.000000,5,7,8,9,14,22,39,54,140,230,300,298062,0,5,8.156580643222462,2.2539909987244755,295.4319909986225,224.15460877267145
1789506248,100,,Aggregated,326.500000,0.000000,5,7,8,9,14,22,39,54,140,230,300,298379,0,5,8.155497102015307,2.2539909987244755,295.4319909986225,224.15518183250163
1789506249,100,,Aggregated,325.200000,0.000000,5,7,8,9,14,22,39,54,140,230,300,298697,0,5,8.154583453336347,2.2539909987244755,295.4319909986225,224.15590380887656
1789506250,100,,Aggregated,325.700000,0.000000,5,7,8,9,14,22,39,54,140,230,300,299032,0,5,8.152666874161243,2.2539909987244755,295.4319909986225,224.1571637818026
1789506251,100,,Aggregated,325.300000,0.000000,5,7,8,9,14,22,39,54,140,230,300,299364,0,5,8.15224479726402,2.2539909987244755,295.4319909986225,224.15810184257293
1789506252,100,,Aggregated,324.800000,0.000000,5,7,8,9,14,22,39,54,140,230,300,299687,0,5,8.155601930134404,2.2539909987244755,295.4319909986225,224.15774458017864
1789506253,100,,Aggregated,325.100000,0.000000,5,7,8,9,14,22,39,54,140,220,300,300001,0,5,8.154330612718498,2.2539909987244755,295.4319909986225,224.15838280539066
1789506254,100,,Aggregated,325.800000,0.000000,5,7,8,9,14,22,39,54,140,220,300,300329,0,5,8.154237327251609,2.2539909987244755,295.4319909986225,224.15770704793744
1789506255,100,,Aggregated,327.100000,0.000000,5,7,8,9,14,22,39,54,140,220,300,300649,0,5,8.152333623302376,2.2539909987244755,295.4319909986225,224.15901599539663
1789506256,100,,Aggregated,325.900000,0.000000,5,7,8,9,14,22,39,54,140,220,300,300983,0,5,8.149248623623825,2.2539909987244755,295.4319909986225,224.15680287590993
1789506257,100,,Aggregated,323.300000,0.000000,5,7,8,9,14,22,39,54,140,220,300,301316,0,5,8.15615310824572,2.2539909987244755,295.4319909986225,224.15666609141235
1789506258,100,,Aggregated,323.700000,0.000000,5,7,8,9,14,22,39,54,140,220,300,301633,0,5,8.156088329785534,2.2539909987244755,295.4319909986225,224.15762532614136
1789506259,100,,Aggregated,324.100000,0.000000,5,7,8,9,14,22,39,54,140,220,300,301947,0,5,8.153743822555992,2.2539909987244755,295.4319909986225,224.15913057589577
1789506260,100,,Aggregated,324.800000,0.000000,5,7,8,9,14,22,39,54,140,220,300,302286,0,5,8.152525396271292,2.2539909987244755,295.4319909986225,224.15940533137493
1789506261,100,,Aggregated,323.700000,0.000000,5,7,8,9,14,22,39,54,140,220,300,302606,0,5,8.1529580029619,2.2539909987244755,295.4319909986225,224.1572176361341
1789506262,100,,Aggregated,325.300000,0.000000,5,7,8,9,14,22,39,54,140,220,300,302937,0,5,8.150944488960603,2.2539909987244755,295.4319909986225,224.15691711477965
1789506263,100,,Aggregated,323.600000,0.000000,5,7,8,9,14,22,39,54,140,220,300,303255,0,5,8.155605209913185,2.2539909987244755,295.4319909986225,224.15626782740597
1789506264,100,,Aggregated,323.400000,0.000000,5,7,8,9,14,22,39,54,140,220,300,303575,0,5,8.160250071400075,2.2539909987244755,295.4319909986225,224.1564160421642
1789506265,100,,Aggregated,323.200000,0.000000,5,7,8,9,14,22,39,54,140,220,300,303892,0,5,8.159033617355275,2.2539909987244755,295.4319909986225,224.15808576731206
1789506266,100,,Aggregated,323.700000,0.000000,5,7,8,9,14,22,39,54,140,220,300,304222,0,5,8.15706581224329,2.2539909987244755,295.4319909986225,224.15671121746618
1789506267,100,,Aggregated,324.400000,0.000000,5,7,8,9,14,22,39,54,140,220,300,304556,0,5,8.154271332100612,2.2539909987244755,295.4319909986225,224.15442151853847
1789506268,100,,Aggregated,324.000000,0.000000,5,7,8,9,14,22,39,54,140,220,300,304902,0,5,8.152757119009802,2.2539909987244755,295.4319909986225,224.15365592879024
1789506269,100,,Aggregated,324.700000,0.000000,5,7,8,9,14,22,39,54,140,220,300,305232,0,5,8.151788418980773,2.2539909987244755,295.4319909986225,224.15290336530902
1789506270,100,,Aggregated,325.100000,0.000000,5,7,8,9,14,22,39,54,140,220,300,305555,0,5,8.152136915554639,2.2539909987244755,295.4319909986225,224.1527842777896
1789506271,100,,Aggregated,326.600000,0.000000,5,7,8,9,14,22,39,54,140,220,300,305888,0,5,8.150191302003433,2.2539909987244755,295.4319909986225,224.1521275761063
1789506272,100,,Aggregated,326.800000,0.000000,5,7,8,9,14,22,39,54,140,220,300,306208,0,5,8.148233332513476,2.2539909987244755,295.4319909986225,224.1513121799561
1789506273,100,,Aggregated,327.600000,0.000000,5,7,8,9,14,22,39,54,140,220,300,306513,0,5,8.166901844663553,2.2539909987244755,295.4319909986225,224.14999690062086
1789506274,100,,Aggregated,327.000000,0.000000,5,7,8,9,14,22,39,54,140,220,300,306842,0,5,8.164655344028453,2.2539909987244755,295.4319909986225,224.14961771856525
1789506275,100,,Aggregated,327.400000,0.000000,5,7,8,9,14,22,39,54,140,220,300,307165,0,5,8.178171961012572,2.2539909987244755,295.4319909986225,224.15228297494832
1789506276,100,,Aggregated,325.900000,0.000000,5,7,8,9,14,22,39,54,140,220,300,307477,0,5,8.176595521838594,2.2539909987244755,295.4319909986225,224.15227155201853
1789506277,100,,Aggregated,326.500000,0.000000,5,7,8,9,14,22,40,54,140,220,300,307791,0,5,8.181095933274248,2.2539909987244755,295.4319909986225,224.15242161076836
1789506278,100,,Aggregated,325.900000,0.000000,5,7,8,9,14,22,40,54,140,220,300,308125,0,5,8.18329106576353,2.2539909987244755,295.4319909986225,224.15204543610548
1789506279,100,,Aggregated,323.400000,0.000000,5,7,8,9,14,22,40,54,140,220,300,308451,0,5,8.181077741766186,2.2539909987244755,295.4319909986225,224.15370674758714
1789506280,100,,Aggregated,322.600000,0.000000,5,7,8,9,14,22,40,54,140,220,300,308778,0,5,8.181642182045195,2.2539909987244755,295.4319909986225,224.15497865780594
1789506281,100,,Aggregated,322.100000,0.000000,5,7,8,9,14,22,40,54,140,220,300,309097,0,5,8.180936026042321,2.2539909987244755,295.4319909986225,224.1563651539808
1789506282,100,,Aggregated,321.800000,0.000000,5,7,8,9,14,22,40,54,140,220,300,309414,0,5,8.17828505955006,2.2539909987244755,295.4319909986225,224.1563665509641
1789506283,100,,Aggregated,321.100000,0.000000,5,7,8,9,14,22,40,54,140,220,300,309748,0,5,8.176580919940037,2.2539909987244755,295.4319909986225,224.1556006818446
1789506284,100,,Aggregated,320.900000,0.000000,5,7,8,9,14,22,39,54,140,220,300,310070,0,5,8.176506202888252,2.2539909987244755,295.4319909986225,224.15426194085205
1789506285,100,,Aggregated,320.400000,0.000000,5,7,8,9,14,22,39,54,140,220,300,310385,0,5,8.176324324647013,2.2539909987244755,295.4319909986225,224.15360922725003
1789506286,100,,Aggregated,322.000000,0.000000,5,7,8,9,14,22,39,54,140,220,300,310709,0,5,8.175492655898674,2.2539909987244755,295.4319909986225,224.15249960574042
1789506287,100,,Aggregated,320.900000,0.000000,5,7,8,9,14,22,39,54,140,220,300,311038,0,5,8.175694583264963,2.2539909987244755,295.4319909986225,224.1540712067336
1789506288,100,,Aggregated,321.700000,0.000000,5,7,8,9,14,22,39,54,140,220,300,311376,0,5,8.17359271650876,2.2539909987244755,295.4319909986225,224.15412555880994
1789506289,100,,Aggregated,323.900000,0.000000,5,7,8,9,14,22,39,54,140,220,300,311702,0,5,8.17630247964293,2.2539909987244755,295.4319909986225,224.15358579669044
1789506290,100,,Aggregated,323.100000,0.000000,5,7,8,9,14,22,39,54,140,220,300,312022,0,5,8.175338233722917,2.2539909987244755,295.4319909986225,224.1522200357667
1789506291,100,,Aggregated,323.100000,0.000000,5,7,8,9,14,22,39,54,140,220,300,312336,0,5,8.173276606826098,2.2539909987244755,295.4319909986225,224.15268172737052
1789506292,100,,Aggregated,322.800000,0.000000,5,7,8,9,14,22,39,54,140,220,300,312674,0,5,8.171591351044873,2.2539909987244755,295.4319909986225,224.15074806347826
1789506293,100,,Aggregated,323.100000,0.000000,5,7,8,9,14,22,39,54,140,220,300,312997,0,5,8.170283094561965,2.2539909987244755,295.4319909986225,224.15000782755106
1789506294,100,,Aggregated,324.000000,0.000000,5,7,8,9,14,22,39,54,140,220,300,313305,0,5,8.16895778473861,2.2539909987244755,295.4319909986225,224.14932414101276
1789506295,100,,Aggregated,324.500000,0.000000,5,7,8,9,14,22,39,54,140,220,300,313637,0,5,8.168058390886543,2.2539909987244755,295.4319909986225,224.14881853862906
1789506296,100,,Aggregated,323.600000,0.000000,5,7,8,9,14,22,39,54,140,220,300,313959,0,5,8.166314159356627,2.2539909987244755,295.4319909986225,224.14918826980593
1789506297,100,,Aggregated,323.400000,0.000000,5,7,8,9,14,22,39,54,140,220,300,314276,0,5,8.1647063902984,2.2539909987244755,295.4319909986225,224.1492318853492
1789506298,100,,Aggregated,324.000000,0.000000,5,7,8,9,14,22,39,54,140,220,300,314606,0,5,8.164903201138717,2.2539909987244755,295.4319909986225,224.1517326433698
1789506299,100,,Aggregated,322.500000,0.000000,5,7,8,9,14,22,39,54,140,220,300,314935,0,5,8.163004913342347,2.2539909987244755,295.4319909986225,224.15250130979408
1789506300,100,,Aggregated,322.500000,0.000000,5,7,8,9,14,22,39,54,140,220,300,315250,0,5,8.161883284784611,2.2539909987244755,295.4319909986225,224.15218715305312
1789506301,100,,Aggregated,324.400000,0.000000,5,7,8,9,14,22,39,54,140,220,300,315585,0,5,8.159846233868054,2.2539909987244755,295.4319909986225,224.15095457642155
1789506302,100,,Aggregated,322.700000,0.000000,5,7,8,9,14,22,39,54,140,220,300,315897,0,5,8.159402515668843,2.2539909987244755,295.4319909986225,224.15013754483266
1789506303,100,,Aggregated,323.300000,0.000000,5,7,8,9,14,22,39,54,140,220,300,316224,0,5,8.157684762444463,2.2539909987244755,295.4319909986225,224.1483220754908
1789506304,100,,Aggregated,322.600000,0.000000,5,7,8,9,14,22,39,54,140,220,300,316539,0,5,8.156665281963136,2.2539909987244755,295.4319909986225,224.148553574757
1789506305,100,,Aggregated,321.700000,0.000000,5,7,8,9,14,22,39,54,140,220,300,316857,0,5,8.160130550002913,2.2539909987244755,295.4319909986225,224.15044325989325
1789506306,100,,Aggregated,322.900000,0.000000,5,7,8,9,14,22,39,54,140,220,300,317201,0,5,8.157337600771543,2.2539909987244755,295.4319909986225,224.15262246966435
1789506307,100,,Aggregated,324.800000,0.000000,5,7,8,9,14,22,39,54,140,220,300,317512,0,5,8.155671169868608,2.2539909987244755,295.4319909986225,224.1534304215274
1789506308,100,,Aggregated,324.000000,0.000000,5,7,8,9,14,22,39,54,140,220,300,317842,0,5,8.15381093837628,2.2539909987244755,295.4319909986225,224.1529942550072
1789506309,100,,Aggregated,325.100000,0.000000,5,7,8,9,14,22,39,54,140,220,300,318172,0,5,8.151652050288689,2.2539909987244755,295.4319909986225,224.15477163295324
1789506310,100,,Aggregated,324.000000,0.000000,5,7,8,9,14,22,39,54,140,220,300,318507,0,5,8.150218832247031,2.2539909987244755,295.4319909986225,224.15468419846346
1789506311,100,,Aggregated,322.600000,0.000000,5,7,8,9,14,22,39,54,140,220,300,318830,0,5,8.152691093672448,2.2539909987244755,295.4319909986225,224.15632782360507
1789506312,100,,Aggregated,323.900000,0.000000,5,7,8,9,14,22,39,54,140,220,300,319138,0,5,8.150915741408175,2.2539909987244755,295.4319909986225,224.15598267833977
1789506313,100,,Aggregated,325.000000,0.000000,5,7,8,9,14,22,39,54,140,220,300,319478,0,5,8.149365882356431,2.2539909987244755,295.4319909986225,224.15407633702478
1789506314,100,,Aggregated,323.800000,0.000000,5,7,8,9,14,22,39,54,140,220,300,319801,0,5,8.148164609427306,2.2539909987244755,295.4319909986225,224.15368932554932
1789506315,100,,Aggregated,323.800000,0.000000,5,7,8,9,14,22,39,54,140,220,300,320124,0,5,8.145795628314128,2.2539909987244755,295.4319909986225,224.15313753420548
1789506316,100,,Aggregated,325.300000,0.000000,5,7,8,9,14,22,39,54,140,220,300,320452,0,5,8.143370798429514,2.2539909987244755,295.4319909986225,224.15273426285373
1789506317,100,,Aggregated,325.600000,0.000000,5,7,8,9,14,22,39,54,140,220,300,320784,0,5,8.141626733631961,2.2539909987244755,295.4319909986225,224.1536953214624
1789506318,100,,Aggregated,324.100000,0.000000,5,7,8,9,14,22,39,54,140,220,300,321099,0,5,8.14117709623308,2.2539909987244755,295.4319909986225,224.15062021370358
1789506319,100,,Aggregated,324.300000,0.000000,5,7,8,9,14,22,39,54,140,220,300,321427,0,5,8.146683279324234,2.2539909987244755,295.4319909986225,224.15129407299324
1789506320,100,,Aggregated,324.900000,0.000000,5,7,8,9,14,22,39,54,140,220,300,321754,0,5,8.146800013707177,2.2539909987244755,295.4319909986225,224.15111234048373
1789506321,100,,Aggregated,324.400000,0.000000,5,7,8,9,14,22,39,54,140,220,300,322081,0,5,8.14546799037894,2.2539909987244755,295.4319909986225,224.15023860457464
1789506322,100,,Aggregated,324.800000,0.000000,5,7,8,9,14,22,39,54,140,220,300,322389,0,5,8.14731918778322,2.2539909987244755,295.4319909986225,224.15158395602828
1789506323,100,,Aggregated,324.000000,0.000000,5,7,8,9,14,22,39,54,140,220,300,322704,0,5,8.14627861019474,2.2539909987244755,295.4319909986225,224.1519379989092
1789506324,100,,Aggregated,325.300000,0.000000,5,7,8,9,14,22,39,54,140,220,300,323052,0,5,8.143473989302857,2.2539909987244755,295.4319909986225,224.1524522367916
1789506325,100,,Aggregated,323.500000,0.000000,5,7,8,9,14,22,39,54,140,220,300,323374,0,5,8.142361556776818,2.2539909987244755,295.4319909986225,224.15367036310897
1789506326,100,,Aggregated,322.200000,0.000000,5,7,8,9,14,22,39,54,140,220,300,323712,0,5,8.140708678683806,2.2539909987244755,295.4319909986225,224.14987087287466
1789506327,100,,Aggregated,323.300000,0.000000,5,7,8,9,14,22,39,54,140,220,300,324036,0,5,8.139324700391418,2.2539909987244755,295.4319909986225,224.14890012220863
1789506328,100,,Aggregated,324.900000,0.000000,5,7,8,9,14,22,39,54,140,220,300,324358,0,5,8.138867794646824,2.2539909987244755,295.4319909986225,224.14925791871943
1789506329,100,,Aggregated,325.700000,0.000000,5,7,8,9,14,22,39,54,140,220,300,324686,0,5,8.138232447731623,2.2539909987244755,295.4319909986225,224.1494705654078
1789506330,100,,Aggregated,326.600000,0.000000,5,7,8,9,14,22,39,54,140,220,300,325016,0,5,8.13538390534081,2.2539909987244755,295.4319909986225,224.14636817879736
1789506331,100,,Aggregated,325.800000,0.000000,5,7,8,9,14,22,39,54,140,220,300,325334,0,5,8.136036296708014,2.2539909987244755,295.4319909986225,224.14475585091014
1789506332,100,,Aggregated,325.700000,0.000000,5,7,8,9,14,22,39,54,140,220,300,325658,0,5,8.133947396877057,2.2539909987244755,295.4319909986225,224.1462393062661
1789506333,100,,Aggregated,325.700000,0.000000,5,7,8,9,14,22,39,54,140,220,300,325987,0,5,8.132763804639696,2.2539909987244755,295.4319909986225,224.1468402114195
1789506334,100,,Aggregated,324.700000,0.000000,5,7,8,9,14,22,39,54,140,220,300,326305,0,5,8.132443937902,2.2539909987244755,295.4319909986225,224.1440002451694
1789506335,100,,Aggregated,327.300000,0.000000,5,7,8,9,14,22,39,54,140,220,300,326630,0,5,8.130471965814893,2.2539909987244755,295.4319909986225,224.14187612895324
1789506336,100,,Aggregated,327.000000,0.000000,5,7,8,9,14,22,39,54,140,220,300,326960,0,5,8.128586595953536,2.2539909987244755,295.4319909986225,224.14158306826522
1789506337,100,,Aggregated,325.600000,0.000000,5,7,8,9,14,22,39,54,140,220,300,327277,0,5,8.127371796481365,2.2539909987244755,295.4319909986225,224.14114343507183
1789506338,100,,Aggregated,324.700000,0.000000,5,7,8,9,14,22,39,54,140,220,300,327610,0,5,8.124694266795782,2.2539909987244755,295.4319909986225,224.14228503403436
1789506339,100,,Aggregated,323.500000,0.000000,5,7,8,9,14,22,39,54,140,220,300,327915,0,5,8.12619137094065,2.2539909987244755,295.4319909986225,224.14290898556027
1789506340,100,,Aggregated,323.500000,0.000000,5,7,8,9,14,22,39,54,140,220,300,328236,0,5,8.127814066753958,2.2539909987244755,295.4319909986225,224.1439787226264
1789506341,100,,Aggregated,324.100000,0.000000,5,7,8,9,14,22,39,54,140,220,300,328570,0,5,8.127053065215858,2.2539909987244755,295.4319909986225,224.14221627050551
1789506342,100,,Aggregated,321.400000,0.000000,5,7,8,9,14,22,39,54,140,220,300,328901,0,5,8.123990915567221,2.2539909987244755,295.4319909986225,224.14250488748894
1789506343,100,,Aggregated,322.100000,0.000000,5,7,8,9,14,22,39,54,140,220,300,329220,0,5,8.12941343161102,2.2539909987244755,295.4319909986225,224.14146467407812
1789506344,100,,Aggregated,323.200000,0.000000,5,7,8,9,14,22,39,54,140,220,300,329540,0,5,8.127724095721238,2.2539909987244755,295.4319909986225,224.142116283304
1789506345,100,,Aggregated,322.800000,0.000000,5,7,8,9,14,22,39,54,140,220,300,329857,0,5,8.1261569059473,2.2539909987244755,295.4319909986225,224.14082162876642
1789506346,100,,Aggregated,323.200000,0.000000,5,7,8,9,14,22,39,54,140,220,300,330201,0,5,8.125555608850586,2.2539909987244755,295.4319909986225,224.14110496334052
1789506347,100,,Aggregated,322.100000,0.000000,5,7,8,9,14,22,39,54,140,220,300,330527,0,5,8.123035711221934,2.2539909987244755,295.4319909986225,224.14214572485758
1789506348,100,,Aggregated,322.900000,0.000000,5,7,8,9,14,22,39,54,140,220,300,330861,0,5,8.12895449742063,2.2539909987244755,295.4319909986225,224.14196898395397
1789506349,100,,Aggregated,323.300000,0.000000,5,7,8,9,14,22,39,54,140,220,300,331173,0,5,8.140612708569469,2.2539909987244755,295.4319909986225,224.14157555114699
1789506350,100,,Aggregated,323.400000,0.000000,5,7,8,9,14,22,39,54,140,220,300,331495,0,5,8.139867381713236,2.2539909987244755,295.4319909986225,224.14055717280803
1789506351,100,,Aggregated,324.300000,0.000000,5,7,8,9,14,22,39,54,140,220,300,331816,0,5,8.141626536179649,2.2539909987244755,295.4319909986225,224.1403006485522
1789506352,100,,Aggregated,325.000000,0.000000,5,7,8,9,14,22,39,54,140,220,300,332135,0,5,8.139943204811305,2.2539909987244755,295.4319909986225,224.14053923856264
1789506353,100,,Aggregated,323.800000,0.000000,5,7,8,9,14,22,39,54,140,220,300,332459,0,5,8.14123510410607,2.2539909987244755,295.4319909986225,224.1411151450254
1789506354,100,,Aggregated,322.800000,0.000000,5,7,8,9,14,22,39,54,140,220,300,332785,0,5,8.140669459600298,2.2539909987244755,295.4319909986225,224.14018961191158
1789506355,100,,Aggregated,323.000000,0.000000,5,7,8,9,14,22,39,54,140,220,300,333103,0,5,8.139606817738578,2.2539909987244755,295.4319909986225,224.14029594449764
1789506356,100,,Aggregated,322.000000,0.000000,5,7,8,9,14,22,39,54,140,220,300,333427,0,5,8.138681030786945,2.2539909987244755,295.4319909986225,224.14079543648234
1789506357,100,,Aggregated,321.800000,0.000000,5,7,8,9,14,22,39,54,140,220,300,333752,0,5,8.141281703696459,2.2539909987244755,295.4319909986225,224.14107780627532
1789506358,100,,Aggregated,321.500000,0.000000,5,7,8,9,14,22,39,54,140,220,300,334075,0,5,8.139026168722488,2.2539909987244755,295.4319909986225,224.1416598069296
1789506359,100,,Aggregated,321.000000,0.000000,5,7,8,9,14,22,39,54,140,220,300,334393,0,5,8.137731248160193,2.2539909987244755,295.4319909986225,224.14191086535902
1789506360,100,,Aggregated,320.500000,0.000000,5,7,8,9,14,22,39,54,140,220,300,334708,0,5,8.13836937536617,2.2539909987244755,295.4319909986225,224.14167274161358
1789506361,100,,Aggregated,319.500000,0.000000,5,7,8,9,14,22,39,54,140,220,300,335041,0,5,8.136531543691879,2.2539909987244755,295.4319909986225,224.14048429893654
1789506362,100,,Aggregated,321.700000,0.000000,5,7,8,9,14,22,39,54,140,220,300,335373,0,5,8.135819169050613,2.2539909987244755,295.4319909986225,224.1414395315067
1789506363,100,,Aggregated,320.700000,0.000000,5,7,8,9,14,22,39,54,140,220,300,335690,0,5,8.136933836339967,2.2539909987244755,295.4319909986225,224.14255116327564
1789506364,100,,Aggregated,321.600000,0.000000,5,7,8,9,14,22,39,54,140,220,300,336015,0,5,8.136018580595982,2.2539909987244755,295.4319909986225,224.14280910078418
1789506365,100,,Aggregated,321.800000,0.000000,5,7,8,9,14,22,39,54,140,220,300,336338,0,5,8.134409108893538,2.2539909987244755,295.4319909986225,224.14229138545153
1789506366,100,,Aggregated,322.800000,0.000000,5,7,8,9,14,22,39,54,140,220,300,336668,0,5,8.13322585705232,2.2539909987244755,295.4319909986225,224.14070241305976
1789506367,100,,Aggregated,323.300000,0.000000,5,7,8,9,14,22,39,54,140,220,300,336990,0,5,8.133144694373764,2.2539909987244755,295.4319909986225,224.13966883290306
1789506368,100,,Aggregated,322.800000,0.000000,5,7,8,9,14,22,39,54,140,220,300,337319,0,5,8.131373058755049,2.2539909987244755,295.4319909986225,224.13881815136415
1789506369,100,,Aggregated,323.800000,0.000000,5,7,8,9,14,22,39,54,140,220,300,337646,0,5,8.13119412134371,2.2539909987244755,295.4319909986225,224.1409138565243
1789506370,100,,Aggregated,324.800000,0.000000,5,7,8,9,14,22,39,54,140,220,300,337967,0,5,8.129314003216885,2.2539909987244755,295.4319909986225,224.1384099631029
1789506371,100,,Aggregated,325.000000,0.000000,5,7,8,9,14,22,39,54,140,220,300,338299,0,5,8.13030504754422,2.2539909987244755,295.4319909986225,224.1375676546487
1789506372,100,,Aggregated,324.200000,0.000000,5,7,8,9,14,22,39,54,140,220,300,338626,0,5,8.128635657380407,2.2539909987244755,295.4319909986225,224.13565113133663
1789506373,100,,Aggregated,324.900000,0.000000,5,7,8,9,14,22,39,54,140,220,300,338947,0,5,8.127990550924077,2.2539909987244755,295.4319909986225,224.13669393740025
1789506374,100,,Aggregated,325.100000,0.000000,5,7,8,9,14,22,39,54,140,220,300,339276,0,5,8.127085887127235,2.2539909987244755,295.4319909986225,224.1366851766703
1789506375,100,,Aggregated,325.500000,0.000000,5,7,8,9,14,22,39,54,140,220,300,339600,0,5,8.127314873527778,2.2539909987244755,295.4319909986225,224.1360836277974
1789506376,100,,Aggregated,324.000000,0.000000,5,7,8,9,14,22,39,54,140,220,300,339925,0,5,8.126685371681965,2.2539909987244755,295.4319909986225,224.13542104876075
1789506377,100,,Aggregated,325.500000,0.000000,5,7,8,9,14,22,39,54,140,220,300,340245,0,5,8.13196922991637,2.2539909987244755,295.4319909986225,224.13502623109818
1789506378,100,,Aggregated,324.900000,0.000000,5,7,8,9,14,22,39,54,140,220,300,340584,0,5,8.13302082087509,2.2539909987244755,295.4319909986225,224.1342165222089
1789506379,100,,Aggregated,324.700000,0.000000,5,7,8,9,14,22,39,54,140,220,300,340903,0,5,8.13091946228968,2.2539909987244755,295.4319909986225,224.13482427552705
1789506380,100,,Aggregated,323.400000,0.000000,5,7,8,9,14,22,39,54,140,220,300,341228,0,5,8.131805273772647,2.2539909987244755,295.4319909986225,224.13425041321346
1789506381,100,,Aggregated,324.400000,0.000000,5,7,8,9,14,22,39,54,140,220,300,341558,0,5,8.133662260248162,2.2539909987244755,295.4319909986225,224.13315161700208
1789506382,100,,Aggregated,324.800000,0.000000,5,7,8,9,14,22,39,54,140,220,300,341873,0,5,8.131497848884988,2.2539909987244755,295.4319909986225,224.1321367876375
1789506383,100,,Aggregated,324.200000,0.000000,5,7,8,9,14,22,39,54,140,220,300,342198,0,5,8.130717060707044,2.2539909987244755,295.4319909986225,224.13265711664008
1789506384,100,,Aggregated,325.000000,0.000000,5,7,8,9,14,22,39,54,140,220,300,342518,0,5,8.129287618165407,2.2539909987244755,295.4319909986225,224.1323083750343
1789506385,100,,Aggregated,323.500000,0.000000,5,7,8,9,14,22,39,54,140,220,300,342845,0,5,8.127341814414207,2.2539909987244755,295.4319909986225,224.13265178141725
1789506386,100,,Aggregated,324.400000,0.000000,5,7,8,9,14,22,39,54,140,220,300,343167,0,5,8.12644970238615,2.2539909987244755,295.4319909986225,224.13329953054927
1789506387,100,,Aggregated,322.700000,0.000000,5,7,8,9,14,22,39,54,140,220,300,343474,0,5,8.124669206279568,2.2539909987244755,295.4319909986225,224.13182657202583
1789506388,100,,Aggregated,324.100000,0.000000,5,7,8,9,14,22,39,54,140,220,300,343814,0,5,8.12309588747289,2.2539909987244755,295.4319909986225,224.13056478212056
1789506389,100,,Aggregated,323.500000,0.000000,5,7,8,9,14,22,39,54,140,220,300,344140,0,5,8.122153098752149,2.2539909987244755,295.4319909986225,224.13105712791307
1789506390,100,,Aggregated,323.200000,0.000000,5,7,8,9,14,22,39,54,140,220,300,344472,0,5,8.119918933444549,2.2539909987244755,295.4319909986225,224.13328804663368
1789506391,100,,Aggregated,322.500000,0.000000,5,7,8,9,14,22,39,53,140,220,300,344798,0,5,8.11766866412637,2.2539909987244755,295.4319909986225,224.13427572085686
1789506392,100,,Aggregated,322.200000,0.000000,5,7,8,9,14,22,39,54,140,220,300,345112,0,5,8.13286273998985,2.2539909987244755,295.4319909986225,224.1326120216046
1789506393,100,,Aggregated,323.900000,0.000000,5,7,8,9,14,22,39,54,140,220,300,345436,0,5,8.130368743904345,2.2539909987244755,295.4319909986225,224.13398140321218
1789506394,100,,Aggregated,323.200000,0.000000,5,7,8,9,14,22,39,54,140,220,300,345768,0,5,8.13094588915791,2.2539909987244755,295.4319909986225,224.13222449735082
1789506395,100,,Aggregated,323.500000,0.000000,5,7,8,9,14,22,39,54,140,220,300,346082,0,5,8.12967480138602,2.2539909987244755,295.4319909986225,224.13274888610215
1789506396,100,,Aggregated,323.100000,0.000000,5,7,8,9,14,22,39,54,140,220,300,346411,0,5,8.129216272064697,2.2539909987244755,295.4319909986225,224.13312510284027
1789506397,100,,Aggregated,323.900000,0.000000,5,7,8,9,14,22,39,54,140,220,300,346738,0,5,8.127891741577868,2.2539909987244755,295.4319909986225,224.13332545034004
1789506398,100,,Aggregated,322.900000,0.000000,5,7,8,9,14,22,39,54,140,220,300,347066,0,5,8.127572714933851,2.2539909987244755,295.4319909986225,224.13270962871616
1789506399,100,,Aggregated,323.500000,0.000000,5,7,8,9,14,22,39,54,140,220,300,347392,0,5,8.125970516915098,2.2539909987244755,295.4319909986225,224.13275492815032
1789506400,100,,Aggregated,325.200000,0.000000,5,7,8,9,14,22,39,54,140,220,300,347734,0,5,8.127382089735807,2.2539909987244755,295.4319909986225,224.1338724427292
1789506401,100,,Aggregated,325.300000,0.000000,5,7,8,9,14,22,39,54,140,220,300,348049,0,5,8.126212887519326,2.2539909987244755,295.4319909986225,224.1346275955397
1789506402,100,,Aggregated,325.400000,0.000000,5,7,8,9,14,22,39,54,140,220,300,348372,0,5,8.1237213274008,2.2539909987244755,295.4319909986225,224.13345504231108
1789506403,100,,Aggregated,325.300000,0.000000,5,7,8,9,14,22,39,54,140,220,300,348694,0,5,8.12388277085427,2.2539909987244755,295.4319909986225,224.13422083546033
1789506404,100,,Aggregated,324.100000,0.000000,5,7,8,9,14,22,39,54,140,220,300,349023,0,5,8.1218644536184,2.2539909987244755,295.4319909986225,224.13431206539397
1789506405,100,,Aggregated,325.900000,0.000000,5,7,8,9,14,22,39,54,140,220,300,349355,0,5,8.119434244356583,2.2539909987244755,295.4319909986225,224.1335375191424
1789506406,100,,Aggregated,326.000000,0.000000,5,7,8,9,14,22,39,54,140,220,300,349668,0,5,8.128665126454694,2.2539909987244755,295.4319909986225,224.13377546701443
1789506407,100,,Aggregated,324.800000,0.000000,5,7,8,9,14,22,39,54,140,220,300,349993,0,5,8.13096215403193,2.2539909987244755,295.4319909986225,224.13335695285335
1789506408,100,,Aggregated,325.600000,0.000000,5,7,8,9,14,22,39,54,140,220,300,350315,0,5,8.130708426907429,2.2539909987244755,295.4319909986225,224.1332771933831
1789506409,100,,Aggregated,325.000000,0.000000,5,7,8,9,14,22,39,54,140,220,300,350629,0,5,8.135584334818525,2.2539909987244755,295.4319909986225,224.13502591057784
1789506410,100,,Aggregated,323.600000,0.000000,5,7,8,9,14,22,39,54,140,220,300,350961,0,5,8.139603011810681,2.2539909987244755,295.4319909986225,224.1348183986255
1789506411,100,,Aggregated,321.600000,0.000000,5,7,8,9,14,22,39,54,140,220,300,351287,0,5,8.139416634006054,2.2539909987244755,295.4319909986225,224.13590312194873
1789506412,100,,Aggregated,322.000000,0.000000,5,7,8,9,14,22,39,54,140,220,300,351605,0,5,8.140082995310447,2.2539909987244755,295.4319909986225,224.1353308400051
1789506413,100,,Aggregated,321.400000,0.000000,5,7,8,9,14,22,39,54,140,220,300,351934,0,5,8.14276265353767,2.2539909987244755,295.4319909986225,224.13359891343262
1789506414,100,,Aggregated,322.600000,0.000000,5,7,8,9,14,22,39,54,140,220,300,352245,0,5,8.141371340255201,2.2539909987244755,295.4319909986225,224.13277122457382
1789506415,100,,Aggregated,321.600000,0.000000,5,7,8,9,14,22,39,54,140,220,300,352567,0,5,8.13987608494887,2.2539909987244755,295.4319909986225,224.1354607776678
1789506416,100,,Aggregated,322.200000,0.000000,5,7,8,9,14,22,39,54,140,220,300,352887,0,5,8.139134100942265,2.2539909987244755,295.4319909986225,224.1355703100426
1789506417,100,,Aggregated,320.800000,0.000000,5,7,8,9,14,22,39,54,140,220,300,353220,0,5,8.13662296434281,2.2539909987244755,295.4319909986225,224.13701092803353
1789506418,100,,Aggregated,321.000000,0.000000,5,7,8,9,14,22,39,54,140,220,300,353540,0,5,8.135870611410919,2.2539909987244755,295.4319909986225,224.13950896645358
1789506419,100,,Aggregated,321.200000,0.000000,5,7,8,9,14,22,39,54,140,220,300,353860,0,5,8.140806654318693,2.2539909987244755,295.4319909986225,224.13988300457808
1789506420,100,,Aggregated,321.700000,0.000000,5,7,8,9,14,22,39,54,140,220,300,354188,0,5,8.139098683617828,2.2539909987244755,295.4319909986225,224.13918314567405
1789506421,100,,Aggregated,323.200000,0.000000,5,7,8,9,14,22,39,54,140,220,300,354509,0,5,8.137185114914224,2.2539909987244755,295.4319909986225,224.14026160125695
1789506422,100,,Aggregated,322.300000,0.000000,5,7,8,9,14,22,39,54,140,220,300,354843,0,5,8.136179022030168,2.2539909987244755,295.4319909986225,224.14059175466332
1789506423,100,,Aggregated,322.000000,0.000000,5,7,8,9,14,22,39,54,140,220,300,355173,0,5,8.1341402387744,2.2539909987244755,295.4319909986225,224.13957142012484
1789506424,100,,Aggregated,321.900000,0.000000,5,7,8,9,14,22,39,54,140,220,300,355490,0,5,8.133104599927481,2.2539909987244755,295.4319909986225,224.13873526681482
1789506425,100,,Aggregated,322.500000,0.000000,5,7,8,9,14,22,39,54,140,220,300,355809,0,5,8.131215270544512,2.2539909987244755,295.4319909986225,224.13930226610344
1789506426,100,,Aggregated,322.400000,0.000000,5,7,8,9,14,22,39,54,140,220,300,356130,0,5,8.12991282123696,2.2539909987244755,295.4319909986225,224.13960632353354
1789506427,100,,Aggregated,324.700000,0.000000,5,7,8,9,14,22,39,54,140,220,300,356460,0,5,8.128856802115779,2.2539909987244755,295.4319909986225,224.1408460977389
1789506428,100,,Aggregated,324.400000,0.000000,5,7,8,9,14,22,39,54,140,220,300,356774,0,5,8.128320715411537,2.2539909987244755,295.4319909986225,224.14210396497504
1789506429,100,,Aggregated,324.000000,0.000000,5,7,8,9,14,22,39,54,140,220,300,357094,0,5,8.12736426476615,2.2539909987244755,295.4319909986225,224.14168258217725
1789506430,100,,Aggregated,324.000000,0.000000,5,7,8,9,14,22,39,53,140,220,300,357417,0,5,8.127297679249809,2.2539909987244755,295.4319909986225,224.13900010352054
1789506431,100,,Aggregated,322.600000,0.000000,5,7,8,9,14,22,39,53,140,220,300,357736,0,5,8.126308824586902,2.2539909987244755,295.4319909986225,224.1409391282957
1789506432,100,,Aggregated,323.700000,0.000000,5,7,8,9,14,22,39,53,140,220,300,358062,0,5,8.1242875636605,2.2539909987244755,295.4319909986225,224.14198658332916
1789506433,100,,Aggregated,322.500000,0.000000,5,7,8,9,14,22,39,53,140,220,300,358390,0,5,8.126415599342552,2.2539909987244755,295.4319909986225,224.14122882892937
1789506434,100,,Aggregated,321.500000,0.000000,5,7,8,9,14,22,39,54,140,220,300,358708,0,5,8.132872530992941,2.2539909987244755,295.4319909986225,224.1402923826622
1789506435,100,,Aggregated,321.700000,0.000000,5,7,8,9,14,22,39,54,130,220,300,359010,0,5,8.132769256384204,2.2539909987244755,295.4319909986225,224.13979833430824
1789506436,100,,Aggregated,321.600000,0.000000,5,7,8,9,14,22,39,54,130,220,300,359333,0,5,8.13080560033612,2.2539909987244755,295.4319909986225,224.13868194682925
1789506437,100,,Aggregated,321.100000,0.000000,5,7,8,9,14,22,39,54,130,220,300,359657,0,5,8.129887024672161,2.2539909987244755,295.4319909986225,224.1384152122717
1789506438,100,,Aggregated,319.100000,0.000000,5,7,8,9,14,22,39,54,130,220,300,359987,0,5,8.128994706915833,2.2539909987244755,295.4319909986225,224.1391800259454
1789506439,100,,Aggregated,318.900000,0.000000,5,7,8,9,14,22,39,54,130,220,300,360304,0,5,8.126754264674918,2.2539909987244755,295.4319909986225,224.1387966828012
1789506440,100,,Aggregated,319.000000,0.000000,5,7,8,9,14,22,39,54,130,220,300,360622,0,5,8.1268250905753,2.2539909987244755,295.4319909986225,224.14020497917488
1789506441,100,,Aggregated,320.900000,0.000000,5,7,8,9,14,22,39,53,130,220,300,360959,0,5,8.126900010359636,2.2539909987244755,295.4319909986225,224.13805723087663
1789506442,100,,Aggregated,319.300000,0.000000,5,7,8,9,14,22,39,53,130,220,300,361287,0,5,8.125415691728165,2.2539909987244755,295.4319909986225,224.13980298211672
1789506443,100,,Aggregated,320.300000,0.000000,5,7,8,9,14,22,39,53,130,220,300,361602,0,5,8.123728295287066,2.2539909987244755,295.4319909986225,224.13929956139623
1789506444,100,,Aggregated,322.200000,0.000000,5,7,8,9,14,22,39,53,130,220,300,361940,0,5,8.125807784727753,2.2539909987244755,295.4319909986225,224.13923025915898
1789506445,100,,Aggregated,321.600000,0.000000,5,7,8,9,14,22,39,53,130,220,300,362258,0,5,8.124284948918499,2.2539909987244755,295.4319909986225,224.13672575898946
1789506446,100,,Aggregated,321.000000,0.000000,5,7,8,9,14,22,39,53,130,220,300,362583,0,5,8.127163240971859,2.2539909987244755,295.4319909986225,224.13558826530752
1789506447,100,,Aggregated,322.800000,0.000000,5,7,8,9,14,22,39,53,130,220,300,362900,0,5,8.12618908238998,2.2539909987244755,295.4319909986225,224.13590796362635
1789506448,100,,Aggregated,323.700000,0.000000,5,7,8,9,14,22,39,53,130,220,300,363225,0,5,8.12396538553877,2.2539909987244755,295.4319909986225,224.13553582490192
1789506449,100,,Aggregated,324.400000,0.000000,5,7,8,9,14,22,39,54,130,220,300,363558,0,5,8.128499315796205,2.2539909987244755,295.4319909986225,224.13562897804476
1789506450,100,,Aggregated,323.900000,0.000000,5,7,8,9,14,22,39,53,130,220,300,363883,0,5,8.12614343374704,2.2539909987244755,295.4319909986225,224.13793994223417
1789506451,100,,Aggregated,323.600000,0.000000,5,7,8,9,14,22,39,53,130,220,300,364199,0,5,8.124699780622997,2.2539909987244755,295.4319909986225,224.13882794845674
1789506452,100,,Aggregated,325.300000,0.000000,5,7,8,9,14,22,39,53,130,220,300,364532,0,5,8.12372121876593,2.2539909987244755,295.4319909986225,224.13687138577683
1789506453,100,,Aggregated,325.300000,0.000000,5,7,8,9,14,22,39,53,130,220,300,364858,0,5,8.121804465101851,2.2539909987244755,295.4319909986225,224.13742606712748
1789506454,100,,Aggregated,323.900000,0.000000,5,7,8,9,14,22,39,53,130,220,300,365179,0,5,8.12263344599268,2.2539909987244755,295.4319909986225,224.1357197429206
1789506455,100,,Aggregated,324.400000,0.000000,5,7,8,9,14,22,39,53,130,220,300,365503,0,5,8.122679039067147,2.2539909987244755,295.4319909986225,224.13625059165042
1789506456,100,,Aggregated,325.100000,0.000000,5,7,8,9,14,22,39,53,130,220,300,365837,0,5,8.121116250054232,2.2539909987244755,295.4319909986225,224.13663188797196
1789506457,100,,Aggregated,323.200000,0.000000,5,7,8,9,14,22,39,53,130,220,300,366157,0,5,8.121922457252209,2.2539909987244755,295.4319909986225,224.13534358212462
1789506458,100,,Aggregated,324.400000,0.000000,5,7,8,9,14,22,39,53,130,220,300,366477,0,5,8.12668863150481,2.2539909987244755,295.4319909986225,224.1342212471724
1789506459,100,,Aggregated,325.100000,0.000000,5,7,8,9,14,22,39,53,130,220,300,366810,0,5,8.124671025441037,2.2539909987244755,295.4319909986225,224.1343474823478
1789506460,100,,Aggregated,325.100000,0.000000,5,7,8,9,14,22,39,53,130,220,300,367120,0,5,8.123542099953772,2.2539909987244755,295.4319909986225,224.13435388973633
1789506462,100,,Aggregated,324.700000,0.000000,5,7,8,9,14,22,39,53,130,220,300,367452,0,5,8.122406607932609,2.2539909987244755,295.4319909986225,224.13509247466337
1789506463,100,,Aggregated,323.300000,0.000000,5,7,8,9,14,22,39,53,130,220,300,367783,0,5,8.1206332901794,2.2539909987244755,295.4319909986225,224.13444884619463
1789506464,100,,Aggregated,324.100000,0.000000,5,7,8,9,14,22,39,53,130,220,300,368118,0,5,8.11912395458001,2.2539909987244755,295.4319909986225,224.13489152934656
1789506465,100,,Aggregated,323.700000,0.000000,5,7,8,9,14,22,39,53,130,220,300,368438,0,5,8.124922162084612,2.2539909987244755,295.4319909986225,224.13584917950917
1789506466,100,,Aggregated,325.000000,0.000000,5,7,8,9,14,22,39,53,130,220,300,368759,0,5,8.123324530764222,2.2539909987244755,295.4319909986225,224.13535669637895
1789506467,100,,Aggregated,325.300000,0.000000,5,7,8,9,14,22,39,53,130,220,300,369079,0,5,8.124678219668578,2.2539909987244755,295.4319909986225,224.1367918521509
1789506468,100,,Aggregated,325.000000,0.000000,5,7,8,9,14,22,39,53,130,220,300,369402,0,5,8.125389758682994,2.2539909987244755,295.4319909986225,224.1379987114309
1789506469,100,,Aggregated,323.500000,0.000000,5,7,8,9,14,22,39,53,130,220,300,369732,0,5,8.123638676503612,2.2539909987244755,295.4319909986225,224.13873832938452
1789506470,100,,Aggregated,324.100000,0.000000,5,7,8,9,14,22,39,53,130,220,300,370043,0,5,8.12692594758203,2.2539909987244755,295.4319909986225,224.1371516283243
1789506471,100,,Aggregated,323.900000,0.000000,5,7,8,10,14,22,39,53,130,220,300,370311,0,5,8.141885797065193,2.2539909987244755,295.4319909986225,224.1362827461242
1789506472,100,,Aggregated,322.700000,0.000000,5,7,8,10,14,22,40,55,140,220,300,370584,0,5,8.206816781088802,2.2539909987244755,295.4319909986225,224.13670854651036
1789506473,100,,Aggregated,318.500000,0.000000,5,7,8,10,14,22,40,55,140,220,300,370851,0,5,8.234345802672793,2.2539909987244755,295.4319909986225,224.13634047097082
1789506474,100,,Aggregated,312.300000,0.000000,5,7,8,10,14,23,41,56,140,220,300,371167,0,5,8.273950133476342,2.2539909987244755,295.4319909986225,224.1368036490313
1789506475,100,,Aggregated,307.100000,0.000000,5,7,8,10,14,23,41,56,140,220,300,371480,0,5,8.279495007381259,2.2539909987244755,295.4319909986225,224.1387611715301
1789506476,100,,Aggregated,303.600000,0.000000,5,7,8,10,14,23,41,56,140,220,300,371809,0,5,8.280211747932274,2.2539909987244755,295.4319909986225,224.14048073069776
1789506477,100,,Aggregated,303.200000,0.000000,5,7,8,10,14,23,41,56,140,220,300,372135,0,5,8.279189953771965,2.2539909987244755,295.4319909986225,224.13923979201095
1789506478,100,,Aggregated,304.100000,0.000000,5,7,8,10,14,23,41,56,140,220,300,372451,0,5,8.27762485891017,2.2539909987244755,295.4319909986225,224.139379408298
1789506479,100,,Aggregated,304.300000,0.000000,5,7,8,10,14,23,41,56,140,220,300,372779,0,5,8.275786772133163,2.2539909987244755,295.4319909986225,224.13859418046619
1789506480,100,,Aggregated,303.200000,0.000000,5,7,8,10,14,23,41,56,140,220,300,373103,0,5,8.27555380481803,2.2539909987244755,295.4319909986225,224.13659766874028
1789506481,100,,Aggregated,304.500000,0.000000,5,7,8,10,14,23,41,56,140,220,300,373420,0,5,8.274217545340056,2.2539909987244755,295.4319909986225,224.13646831985432
1789506482,100,,Aggregated,305.400000,0.000000,5,7,8,10,14,23,40,56,140,220,300,373744,0,5,8.27290503072663,2.2539909987244755,295.4319909986225,224.13626707050815
1789506483,100,,Aggregated,309.900000,0.000000,5,7,8,10,14,23,40,56,140,220,300,374076,0,5,8.272625014726707,2.2539909987244755,295.4319909986225,224.137461371486
1789506484,100,,Aggregated,315.000000,0.000000,5,7,8,10,14,23,41,56,140,220,300,374398,0,5,8.275288602527047,2.2539909987244755,295.4319909986225,224.13579666558047
1789506485,100,,Aggregated,321.300000,0.000000,5,7,8,10,14,23,41,56,140,220,300,374715,0,5,8.274245885430151,2.2539909987244755,295.4319909986225,224.13478243465033
1789506486,100,,Aggregated,322.400000,0.000000,5,7,8,10,14,23,41,56,140,220,300,375024,0,5,8.27358542010362,2.2539909987244755,295.4319909986225,224.13429540509406
1789506487,100,,Aggregated,322.400000,0.000000,5,7,8,10,14,23,41,56,140,220,300,375351,0,5,8.274467811688172,2.2539909987244755,295.4319909986225,224.13330189609192
1789506488,100,,Aggregated,321.100000,0.000000,5,7,8,10,14,23,41,56,140,220,300,375669,0,5,8.272765771602039,2.2539909987244755,295.4319909986225,224.13255818286842
1789506489,100,,Aggregated,321.500000,0.000000,5,7,8,10,14,23,41,56,140,220,300,375993,0,5,8.276278045075356,2.2539909987244755,295.4319909986225,224.1327072578479
1789506490,100,,Aggregated,321.000000,0.000000,5,7,8,10,14,23,41,56,140,220,300,376314,0,5,8.27685479538663,2.2539909987244755,295.4319909986225,224.13118565878494
1789506491,100,,Aggregated,318.700000,0.000000,5,7,8,10,14,23,41,56,140,220,300,376639,0,5,8.274952763696962,2.2539909987244755,295.4319909986225,224.13234423413402
1789506492,100,,Aggregated,319.500000,0.000000,5,7,8,10,14,23,41,56,140,220,300,376969,0,5,8.274363212123712,2.2539909987244755,295.4319909986225,224.13268465046198
1789506493,100,,Aggregated,320.500000,0.000000,5,7,8,10,14,23,41,56,140,220,300,377289,0,5,8.275641989991861,2.2539909987244755,295.4319909986225,224.1341120467334
1789506494,100,,Aggregated,322.000000,0.000000,5,7,8,10,14,23,41,56,140,220,300,377619,0,5,8.273349580156358,2.2539909987244755,295.4319909986225,224.1334043043385
1789506495,100,,Aggregated,319.400000,0.000000,5,7,8,10,14,23,41,56,140,220,300,377954,0,5,8.272441079091935,2.2539909987244755,295.4319909986225,224.1357810738873
1789506496,100,,Aggregated,321.700000,0.000000,5,7,8,10,14,23,41,56,140,220,300,378279,0,5,8.272761735362065,2.2539909987244755,295.4319909986225,224.1353551214844
1789506497,100,,Aggregated,324.000000,0.000000,5,7,8,10,14,23,41,56,140,220,300,378602,0,5,8.273749921989445,2.2539909987244755,295.4319909986225,224.13395333357985
1789506498,100,,Aggregated,323.400000,0.000000,5,7,8,10,14,23,41,56,140,220,300,378931,0,5,8.272185960710907,2.2539909987244755,295.4319909986225,224.13200556301808
1789506499,100,,Aggregated,323.900000,0.000000,5,7,8,10,14,23,41,56,140,220,300,379251,0,5,8.271120668652424,2.2539909987244755,295.4319909986225,224.13183089827055
1789506500,100,,Aggregated,326.400000,0.000000,5,7,8,10,14,23,41,56,140,220,300,379577,0,5,8.2692552576765,2.2539909987244755,295.4319909986225,224.13152799036823
1789506501,100,,Aggregated,326.400000,0.000000,5,7,8,10,14,23,41,56,140,220,300,379913,0,5,8.267217752161919,2.2539909987244755,295.4319909986225,224.13169067654962
1789506502,100,,Aggregated,325.800000,0.000000,5,7,8,10,14,23,41,56,140,220,300,380222,0,5,8.266187564872935,2.2539909987244755,295.4319909986225,224.13148634218956
1789506503,100,,Aggregated,326.700000,0.000000,5,7,8,10,14,23,40,56,140,220,300,380556,0,5,8.264306804262828,2.2539909987244755,295.4319909986225,224.13157853246304
1789506504,100,,Aggregated,325.900000,0.000000,5,7,8,10,14,23,41,56,140,220,300,380864,0,5,8.273768840893368,2.2539909987244755,295.4319909986225,224.13134609729457
1789506505,100,,Aggregated,327.900000,0.000000,5,7,8,10,14,23,41,56,140,220,300,381202,0,5,8.274284782802825,2.2539909987244755,295.4319909986225,224.13246782545738
1789506506,100,,Aggregated,325.100000,0.000000,5,7,8,10,14,23,41,56,140,220,300,381525,0,5,8.271751365811163,2.2539909987244755,295.4319909986225,224.13436078893912
1789506507,100,,Aggregated,322.700000,0.000000,5,7,8,10,14,23,41,56,140,220,300,381859,0,5,8.27211454983926,2.2539909987244755,295.4319909986225,224.13514150511054
1789506508,100,,Aggregated,324.600000,0.000000,5,7,8,10,14,23,41,56,140,220,300,382187,0,5,8.272442256960776,2.2539909987244755,295.4319909986225,224.13466967740922
1789506509,100,,Aggregated,324.600000,0.000000,5,7,8,10,14,23,41,56,140,220,300,382519,0,5,8.27054314069096,2.2539909987244755,295.4319909986225,224.13385478891246
1789506510,100,,Aggregated,324.300000,0.000000,5,7,8,10,14,23,41,56,140,220,300,382849,0,5,8.268908833242104,2.2539909987244755,295.4319909986225,224.1337341876301
1789506511,100,,Aggregated,327.200000,0.000000,5,7,8,10,14,23,41,56,140,220,300,383187,0,5,8.268272016908004,2.2539909987244755,295.4319909986225,224.13453483547198
1789506512,100,,Aggregated,326.400000,0.000000,5,7,8,10,14,23,41,56,140,220,300,383513,0,5,8.265634834227122,2.2539909987244755,295.4319909986225,224.13447262543903
1789506513,100,,Aggregated,327.000000,0.000000,5,7,8,10,14,23,41,56,140,220,300,383834,0,5,8.264911024703189,2.2539909987244755,295.4319909986225,224.13402929391353
1789506514,100,,Aggregated,327.200000,0.000000,5,7,8,10,14,23,41,56,140,220,300,384162,0,5,8.264358478440993,2.2539909987244755,295.4319909986225,224.13425325774023
1789506515,100,,Aggregated,326.200000,0.000000,5,7,8,10,14,23,41,56,140,220,300,384473,0,5,8.262020121430835,2.2539909987244755,295.4319909986225,224.13292220780133
1789506516,100,,Aggregated,327.300000,0.000000,5,7,8,10,14,23,41,56,140,220,300,384816,0,5,8.263210275689708,2.2539909987244755,295.4319909986225,224.13237755186896
1789506517,100,,Aggregated,328.000000,0.000000,5,7,8,10,14,23,41,56,140,220,300,385135,0,5,8.262299774727815,2.2539909987244755,295.4319909986225,224.1320212393057
1789506518,100,,Aggregated,328.100000,0.000000,5,7,8,10,14,23,41,56,140,220,300,385466,0,5,8.2607268547415,2.2539909987244755,295.4319909986225,224.1308182822869
1789506519,100,,Aggregated,329.100000,0.000000,5,7,8,10,14,23,41,56,140,220,300,385787,0,5,8.26463317579071,2.2539909987244755,295.4319909986225,224.13008473587757
1789506520,100,,Aggregated,327.700000,0.000000,5,7,8,10,14,23,41,56,140,220,300,386130,0,5,8.263782889054692,2.2539909987244755,295.4319909986225,224.12938906585865
1789506521,100,,Aggregated,326.500000,0.000000,5,7,8,10,14,23,41,56,140,220,300,386457,0,5,8.262581600472078,2.2539909987244755,295.4319909986225,224.1285731659667
1789506522,100,,Aggregated,327.300000,0.000000,5,7,8,10,14,23,41,56,140,220,300,386781,0,5,8.260870979266443,2.2539909987244755,295.4319909986225,224.12771051318447
1789506523,100,,Aggregated,326.100000,0.000000,5,7,8,10,14,23,41,56,140,220,300,387125,0,5,8.259596466236001,2.2539909987244755,295.4319909986225,224.12734129803036
1789506524,100,,Aggregated,327.100000,0.000000,5,7,8,10,14,23,41,56,140,220,300,387444,0,5,8.259253276898287,2.2539909987244755,295.4319909986225,224.1291412436378
1789506525,100,,Aggregated,328.000000,0.000000,5,7,8,10,14,23,41,56,140,220,300,387776,0,5,8.25877100533956,2.2539909987244755,295.4319909986225,224.12936076497772
1789506526,100,,Aggregated,328.600000,0.000000,5,7,8,10,14,23,41,56,140,220,300,388099,0,5,8.25789013004301,2.2539909987244755,295.4319909986225,224.1294721192273
1789506527,100,,Aggregated,329.100000,0.000000,5,7,8,10,14,23,41,56,140,220,300,388415,0,5,8.259284893756805,2.2539909987244755,295.4319909986225,224.1301056859287
1789506528,100,,Aggregated,326.600000,0.000000,5,7,8,10,14,23,40,56,140,220,300,388721,0,5,8.257821662962973,2.2539909987244755,295.4319909986225,224.13017819978853
1789506529,100,,Aggregated,325.300000,0.000000,5,7,8,10,14,23,41,56,140,220,300,389056,0,5,8.259931446744467,2.2539909987244755,295.4319909986225,224.13186533558152
1789506530,100,,Aggregated,324.300000,0.000000,5,7,8,10,14,23,41,56,140,220,300,389381,0,5,8.25789014508825,2.2539909987244755,295.4319909986225,224.13347852103723
1789506531,100,,Aggregated,324.700000,0.000000,5,7,8,10,14,23,41,56,140,220,300,389707,0,5,8.256525562267655,2.2539909987244755,295.4319909986225,224.1339724459658
1789506532,100,,Aggregated,323.800000,0.000000,5,7,8,10,14,23,41,56,140,220,300,390018,0,5,8.258892845147145,2.2539909987244755,295.4319909986225,224.13291694229497
1789506533,100,,Aggregated,324.400000,0.000000,5,7,8,10,14,23,40,56,140,220,300,390354,0,5,8.256722013865936,2.2539909987244755,295.4319909986225,224.13287682462584
1789506534,100,,Aggregated,322.400000,0.000000,5,7,8,10,14,23,40,56,140,220,300,390666,0,5,8.25667429086872,2.2539909987244755,295.4319909986225,224.1334259956075
1789506535,100,,Aggregated,322.900000,0.000000,5,7,8,10,14,23,41,56,140,220,300,390982,0,5,8.25613465624622,2.2539909987244755,295.4319909986225,224.13356369346926
1789506536,100,,Aggregated,321.200000,0.000000,5,7,8,10,14,23,41,56,140,220,300,391311,0,5,8.258868247614997,2.2539909987244755,295.4319909986225,224.1329351845463
1789506537,100,,Aggregated,321.200000,0.000000,5,7,8,10,14,23,41,56,140,220,300,391606,0,5,8.276187216767637,2.2539909987244755,295.4319909986225,224.13262820283651
1789506538,100,,Aggregated,321.400000,0.000000,5,7,8,10,14,23,41,57,140,220,300,391844,0,5,8.330669884159379,2.2539909987244755,295.4319909986225,224.13250936597217
1789506539,100,,Aggregated,319.300000,0.000000,5,7,8,10,14,23,42,59,150,240,310,392076,0,5,8.40178674374492,2.2539909987244755,314.11270999524277,224.1324590130485
1789506540,100,,Aggregated,312.800000,0.000000,5,7,8,10,15,23,42,59,150,240,370,392382,0,5,8.442041577122723,2.2539909987244755,371.3774799980456,224.1326386021785
1789506541,100,,Aggregated,301.800000,0.000000,5,7,8,10,15,23,42,59,150,240,370,392698,0,5,8.448516290189,2.2539909987244755,371.3774799980456,224.1327483205924
1789506542,100,,Aggregated,298.900000,0.000000,5,7,8,10,15,23,42,60,150,240,370,393019,0,5,8.459473422647823,2.2539909987244755,371.3774799980456,224.13507235019173
1789506543,100,,Aggregated,299.200000,0.000000,5,7,8,10,15,23,42,60,150,240,370,393348,0,5,8.459377091053241,2.2539909987244755,371.3774799980456,224.13591781323407
1789506544,100,,Aggregated,299.200000,0.000000,5,7,8,10,15,23,42,60,150,240,370,393684,0,5,8.458964244204958,2.2539909987244755,371.3774799980456,224.13490515235569
1789506545,100,,Aggregated,297.200000,0.000000,5,7,8,10,15,23,42,60,150,240,370,394013,0,5,8.458837832804107,2.2539909987244755,371.3774799980456,224.13572141020728
1789506546,100,,Aggregated,300.300000,0.000000,5,7,8,10,15,23,42,60,150,240,370,394342,0,5,8.459415663694532,2.2539909987244755,371.3774799980456,224.13371641874312
1789506547,100,,Aggregated,300.000000,0.000000,5,7,8,10,15,23,42,60,150,240,370,394655,0,5,8.457899632566832,2.2539909987244755,371.3774799980456,224.13423369778667
1789506548,100,,Aggregated,301.400000,0.000000,5,7,8,10,15,23,42,60,150,240,370,394969,0,5,8.46088578054916,2.2539909987244755,371.3774799980456,224.13391937088733
1789506549,100,,Aggregated,303.700000,0.000000,5,7,8,10,15,23,42,60,150,240,370,395301,0,5,8.459318465285236,2.2539909987244755,371.3774799980456,224.13364499457376
1789506550,100,,Aggregated,310.500000,0.000000,5,7,8,10,15,23,42,60,150,240,370,395618,0,5,8.458409842390246,2.2539909987244755,371.3774799980456,224.1341673028022
1789506551,100,,Aggregated,321.800000,0.000000,5,7,8,10,15,23,42,60,150,240,370,395961,0,5,8.458666453175328,2.2539909987244755,371.3774799980456,224.13411421831947
1789506552,100,,Aggregated,324.900000,0.000000,5,7,8,10,15,23,42,59,150,240,370,396275,0,5,8.457476037299056,2.2539909987244755,371.3774799980456,224.13387168002018
1789506553,100,,Aggregated,324.300000,0.000000,5,7,8,10,15,23,42,59,150,240,370,396602,0,5,8.455232444850582,2.2539909987244755,371.3774799980456,224.1328611555161
1789506554,100,,Aggregated,324.900000,0.000000,5,7,8,10,15,23,42,59,150,240,370,396921,0,5,8.456435646026723,2.2539909987244755,371.3774799980456,224.13320786756054
1789506555,100,,Aggregated,324.300000,0.000000,5,7,8,10,15,23,42,59,150,240,370,397259,0,5,8.456728641733939,2.2539909987244755,371.3774799980456,224.13384718785477
1789506556,100,,Aggregated,323.000000,0.000000,5,7,8,10,15,23,42,60,150,240,370,397570,0,5,8.462506247789332,2.2539909987244755,371.3774799980456,224.13577483210503
1789506557,100,,Aggregated,324.500000,0.000000,5,7,8,10,15,23,42,60,150,240,370,397903,0,5,8.46156551091733,2.2539909987244755,371.3774799980456,224.13435183951867
1789506558,100,,Aggregated,323.400000,0.000000,5,7,8,10,15,23,42,60,150,240,370,398217,0,5,8.460618288708375,2.2539909987244755,371.3774799980456,224.1325483341997
1789506559,100,,Aggregated,323.600000,0.000000,5,7,8,10,15,23,42,60,150,240,370,398552,0,5,8.458754417778966,2.2539909987244755,371.3774799980456,224.1314182340071
1789506560,100,,Aggregated,324.900000,0.000000,5,7,8,10,15,23,42,60,150,240,370,398868,0,5,8.457222041849908,2.2539909987244755,371.3774799980456,224.1331994544561
1789506561,100,,Aggregated,323.900000,0.000000,5,7,8,10,15,23,42,60,150,240,370,399189,0,5,8.457572466174266,2.2539909987244755,371.3774799980456,224.13289193840512
1789506562,100,,Aggregated,323.400000,0.000000,5,7,8,10,15,23,42,60,150,240,370,399517,0,5,8.4558969130241,2.2539909987244755,371.3774799980456,224.1321195343377
1789506563,100,,Aggregated,323.400000,0.000000,5,7,8,10,15,23,42,59,150,240,370,399846,0,5,8.45545157667617,2.2539909987244755,371.3774799980456,224.13209335594203
1789506564,100,,Aggregated,322.900000,0.000000,5,7,8,10,15,23,42,59,150,240,370,400171,0,5,8.454551586128627,2.2539909987244755,371.3774799980456,224.13251834840605
1789506565,100,,Aggregated,324.600000,0.000000,5,7,8,10,15,23,42,59,150,240,370,400513,0,5,8.455263783976212,2.2539909987244755,371.3774799980456,224.13229782803555
1789506566,100,,Aggregated,324.300000,0.000000,5,7,8,10,15,23,42,59,150,240,370,400846,0,5,8.457359922056602,2.2539909987244755,371.3774799980456,224.1316540516807
1789506567,100,,Aggregated,323.900000,0.000000,5,7,8,10,15,23,42,59,150,240,370,401176,0,5,8.456088282191995,2.2539909987244755,371.3774799980456,224.13076305661355
1789506568,100,,Aggregated,325.700000,0.000000,5,7,8,10,15,23,42,59,150,240,370,401509,0,5,8.454390104455394,2.2539909987244755,371.3774799980456,224.13309041640412
1789506569,100,,Aggregated,325.900000,0.000000,5,7,8,10,15,23,42,60,150,240,370,401836,0,5,8.462741755257936,2.2539909987244755,371.3774799980456,224.13353955344968
1789506570,100,,Aggregated,326.800000,0.000000,5,7,8,10,15,23,42,60,150,240,370,402163,0,5,8.460816188962959,2.2539909987244755,371.3774799980456,224.1340700163864
1789506571,100,,Aggregated,326.800000,0.000000,5,7,8,10,15,23,42,60,150,240,370,402471,0,5,8.45858682036467,2.2539909987244755,371.3774799980456,224.1348991604364
1789506572,100,,Aggregated,329.300000,0.000000,5,7,8,10,15,23,42,60,150,240,370,402795,0,5,8.458699291110582,2.2539909987244755,371.3774799980456,224.13566454399881
1789506573,100,,Aggregated,326.600000,0.000000,5,7,8,10,15,23,42,60,150,240,370,403112,0,5,8.45697015311856,2.2539909987244755,371.3774799980456,224.1355925896525
1789506574,100,,Aggregated,326.300000,0.000000,5,7,8,10,15,23,42,60,150,240,370,403440,0,5,8.45502198957678,2.2539909987244755,371.3774799980456,224.13708358120167
1789506575,100,,Aggregated,326.400000,0.000000,5,7,8,10,15,23,42,60,150,240,370,403765,0,5,8.453487315452888,2.2539909987244755,371.3774799980456,224.13620298936263
1789506576,100,,Aggregated,326.700000,0.000000,5,7,8,10,15,23,42,60,150,240,370,404081,0,5,8.452055732808041,2.2539909987244755,371.3774799980456,224.13572278825285
1789506577,100,,Aggregated,325.000000,0.000000,5,7,8,10,15,23,42,60,150,240,370,404418,0,5,8.450635863304356,2.2539909987244755,371.3774799980456,224.13619819098062
1789506578,100,,Aggregated,324.700000,0.000000,5,7,8,10,15,23,42,60,150,240,370,404733,0,5,8.453240201742338,2.2539909987244755,371.3774799980456,224.13638621016818
1789506579,100,,Aggregated,323.900000,0.000000,5,7,8,10,15,23,42,60,150,240,370,405055,0,5,8.453019590780697,2.2539909987244755,371.3774799980456,224.13675673673944
1789506580,100,,Aggregated,323.900000,0.000000,5,7,8,10,15,23,42,60,150,240,370,405380,0,5,8.451567218631054,2.2539909987244755,371.3774799980456,224.13622773693817
1789506581,100,,Aggregated,322.200000,0.000000,5,7,8,10,15,23,42,60,150,240,370,405702,0,5,8.449941555845564,2.2539909987244755,371.3774799980456,224.13555023145068
1789506582,100,,Aggregated,320.500000,0.000000,5,7,8,10,15,23,42,59,150,240,370,406039,0,5,8.449693115042136,2.2539909987244755,371.3774799980456,224.13509786005778
1789506583,100,,Aggregated,322.300000,0.000000,5,7,8,10,15,23,42,59,150,240,370,406362,0,5,8.44855647673155,2.2539909987244755,371.3774799980456,224.13521687559367
1789506584,100,,Aggregated,323.700000,0.000000,5,7,8,10,15,23,42,59,150,240,370,406676,0,5,8.447528668484631,2.2539909987244755,371.3774799980456,224.1354665630625
1789506585,100,,Aggregated,323.400000,0.000000,5,7,8,10,15,23,42,59,150,240,370,407020,0,5,8.448414990672639,2.2539909987244755,371.3774799980456,224.1364502972827
1789506586,100,,Aggregated,323.700000,0.000000,5,7,8,10,15,23,42,59,150,240,370,407348,0,5,8.447365573432505,2.2539909987244755,371.3774799980456,224.13647299115252
1789506587,100,,Aggregated,324.800000,0.000000,5,7,8,10,15,23,42,59,150,240,370,407661,0,5,8.447444239460339,2.2539909987244755,371.3774799980456,224.13612045302347
1789506588,100,,Aggregated,323.800000,0.000000,5,7,8,10,15,23,42,59,150,240,370,407986,0,5,8.446885803629625,2.2539909987244755,371.3774799980456,224.13631840308247
1789506589,100,,Aggregated,324.300000,0.000000,5,7,8,10,15,23,42,59,150,240,370,408306,0,5,8.445452995534461,2.2539909987244755,371.3774799980456,224.1365250571875
1789506590,100,,Aggregated,323.400000,0.000000,5,7,8,10,15,23,42,59,150,240,370,408618,0,5,8.44391675984586,2.2539909987244755,371.3774799980456,224.13752698119026
1789506591,100,,Aggregated,324.600000,0.000000,5,7,8,10,15,23,42,59,150,240,370,408943,0,5,8.445190696228314,2.2539909987244755,371.3774799980456,224.13742257478427
1789506592,100,,Aggregated,323.300000,0.000000,5,7,8,10,15,23,42,59,150,240,370,409265,0,5,8.443739323090652,2.2539909987244755,371.3774799980456,224.13633953550877
1789506593,100,,Aggregated,323.400000,0.000000,5,7,8,10,15,23,42,59,150,240,370,409587,0,5,8.44324735427826,2.2539909987244755,371.3774799980456,224.13774851252603
1789506594,100,,Aggregated,322.800000,0.000000,5,7,8,10,15,23,42,59,150,240,370,409911,0,5,8.443713399852152,2.2539909987244755,371.3774799980456,224.13889844380853
1789506595,100,,Aggregated,322.800000,0.000000,5,7,8,10,15,23,42,59,150,240,370,410235,0,5,8.441872289380003,2.2539909987244755,371.3774799980456,224.14018794105817
1789506596,100,,Aggregated,320.800000,0.000000,5,7,8,10,15,23,42,59,150,240,370,410549,0,5,8.441814883708883,2.2539909987244755,371.3774799980456,224.1403242974651
1789506597,100,,Aggregated,320.600000,0.000000,5,7,8,10,15,23,42,59,150,240,370,410881,0,5,8.441210791133686,2.2539909987244755,371.3774799980456,224.1406441281052
1789506598,100,,Aggregated,320.500000,0.000000,5,7,8,10,15,23,42,59,150,240,370,411205,0,5,8.439664316097215,2.2539909987244755,371.3774799980456,224.1410099585365
1789506599,100,,Aggregated,320.700000,0.000000,5,7,8,10,15,23,42,59,150,240,370,411518,0,5,8.439336798518575,2.2539909987244755,371.3774799980456,224.1420302392605
1789506600,100,,Aggregated,319.900000,0.000000,5,7,8,10,15,23,42,59,150,240,370,411835,0,5,8.44118208836972,2.2539909987244755,371.3774799980456,224.14327582648392
1789506601,100,,Aggregated,320.400000,0.000000,5,7,8,10,15,23,42,59,150,240,370,412171,0,5,8.438805820008406,2.2539909987244755,371.3774799980456,224.14353508616568
1789506602,100,,Aggregated,319.900000,0.000000,5,7,8,10,15,23,42,59,150,240,370,412513,0,5,8.438974694289877,2.2539909987244755,371.3774799980456,224.1431663971802
1789506603,100,,Aggregated,321.400000,0.000000,5,7,8,10,15,23,42,59,150,240,370,412828,0,5,8.437899030055133,2.2539909987244755,371.3774799980456,224.14331150018893
1789506604,100,,Aggregated,322.500000,0.000000,5,7,8,10,15,23,42,59,150,240,370,413165,0,5,8.436457248342958,2.2539909987244755,371.3774799980456,224.1438021129573
1789506605,100,,Aggregated,323.300000,0.000000,5,7,8,10,15,23,42,59,150,240,370,413482,0,5,8.43508025412622,2.2539909987244755,371.3774799980456,224.144347275093
1789506606,100,,Aggregated,325.200000,0.000000,5,7,8,10,15,23,42,59,150,240,370,413792,0,5,8.43504802922127,2.2539909987244755,371.3774799980456,224.14394671719126
1789506607,100,,Aggregated,324.500000,0.000000,5,7,8,10,15,23,42,59,150,240,370,414124,0,5,8.43427463083408,2.2539909987244755,371.3774799980456,224.1440172508717
1789506608,100,,Aggregated,324.300000,0.000000,5,7,8,10,15,23,42,59,150,240,370,414450,0,5,8.436166453597583,2.2539909987244755,371.3774799980456,224.14392809747858
1789506609,100,,Aggregated,324.500000,0.000000,5,7,8,10,15,23,42,59,150,240,370,414760,0,5,8.439510108558075,2.2539909987244755,371.3774799980456,224.14327562927957
1789506610,100,,Aggregated,323.600000,0.000000,5,7,8,10,15,23,42,59,150,240,370,415092,0,5,8.438673436302158,2.2539909987244755,371.3774799980456,224.14183843581665
1789506611,100,,Aggregated,323.600000,0.000000,5,7,8,10,15,23,42,59,150,240,370,415378,0,5,8.455786710388153,2.2539909987244755,371.3774799980456,224.14152651320003
1789506612,100,,Aggregated,325.300000,0.000000,5,7,8,10,15,24,43,60,150,250,370,415596,0,5,8.484904066662198,2.2539909987244755,371.3774799980456,224.14168808169472
1789506613,100,,Aggregated,322.800000,0.000000,5,7,8,10,15,24,43,61,150,320,470,415864,0,5,8.579705176592576,2.2539909987244755,468.034589997842,224.13975722832464
1789506614,100,,Aggregated,316.800000,0.000000,5,7,8,10,15,24,44,62,150,320,470,416158,0,5,8.60401274636459,2.2539909987244755,468.034589997842,224.13932208440065
1789506615,100,,Aggregated,305.000000,0.000000,5,7,8,10,15,24,44,62,150,320,470,416473,0,5,8.61708116466502,2.2539909987244755,468.034589997842,224.13868366016524
1789506616,100,,Aggregated,299.000000,0.000000,5,7,8,10,15,24,44,62,150,320,470,416800,0,5,8.620457954125568,2.2539909987244755,468.034589997842,224.1387811900192
1789506617,100,,Aggregated,298.700000,0.000000,5,7,8,10,15,24,44,62,150,320,470,417128,0,5,8.620939343102366,2.2539909987244755,468.034589997842,224.1401200590706
1789506618,100,,Aggregated,298.500000,0.000000,5,7,8,10,15,24,44,62,150,320,470,417453,0,5,8.620001073822895,2.2539909987244755,468.034589997842,224.1382335256903
1789506619,100,,Aggregated,298.200000,0.000000,5,7,8,10,15,24,44,62,150,320,470,417773,0,5,8.618795991688353,2.2539909987244755,468.034589997842,224.1389773872414
1789506620,100,,Aggregated,300.100000,0.000000,5,7,8,10,15,24,44,62,150,320,470,418093,0,5,8.617792851675661,2.2539909987244755,468.034589997842,224.1397225019314
1789506621,100,,Aggregated,300.300000,0.000000,5,7,8,10,15,24,44,62,150,320,470,418417,0,5,8.615899065737304,2.2539909987244755,468.034589997842,224.13911958644127
1789506622,100,,Aggregated,299.400000,0.000000,5,7,8,10,15,24,44,62,150,320,470,418732,0,5,8.614633575025678,2.2539909987244755,468.034589997842,224.13953316202247
1789506623,100,,Aggregated,300.800000,0.000000,5,7,8,10,15,24,44,62,150,320,470,419055,0,5,8.614996543479155,2.2539909987244755,468.034589997842,224.1403849136748
1789506624,100,,Aggregated,305.500000,0.000000,5,7,8,10,15,24,44,62,150,320,470,419381,0,5,8.612635757837463,2.2539909987244755,468.034589997842,224.14228589278008
1789506625,100,,Aggregated,316.100000,0.000000,5,7,8,10,15,24,44,62,150,320,470,419705,0,5,8.617911095473222,2.2539909987244755,468.034589997842,224.14179959733622
1789506626,100,,Aggregated,321.400000,0.000000,5,7,8,10,15,24,44,62,150,320,470,420028,0,5,8.615976173687592,2.2539909987244755,468.034589997842,224.14030493205215
1789506627,100,,Aggregated,322.300000,0.000000,5,7,8,10,15,24,44,62,150,320,470,420349,0,5,8.614364766219541,2.2539909987244755,468.034589997842,224.13883701400502
1789506628,100,,Aggregated,322.300000,0.000000,5,7,8,10,15,24,44,62,150,320,470,420676,0,5,8.614852991341731,2.2539909987244755,468.034589997842,224.1403027508106
1789506629,100,,Aggregated,322.100000,0.000000,5,7,8,10,15,24,44,62,150,320,470,421010,0,5,8.613210496754434,2.2539909987244755,468.034589997842,224.14180898315954
1789506630,100,,Aggregated,322.400000,0.000000,5,7,8,10,15,24,44,62,150,320,470,421341,0,5,8.611627843693391,2.2539909987244755,468.034589997842,224.14012165917867
1789506631,100,,Aggregated,322.600000,0.000000,5,7,8,10,15,24,44,62,150,320,470,421667,0,5,8.611999511544713,2.2539909987244755,468.034589997842,224.14160225960296
1789506632,100,,Aggregated,324.300000,0.000000,5,7,8,10,15,24,44,62,150,320,470,422006,0,5,8.613260921471777,2.2539909987244755,468.034589997842,224.14328706226925
1789506633,100,,Aggregated,323.800000,0.000000,5,7,8,10,15,24,44,62,150,320,470,422334,0,5,8.61082676514926,2.2539909987244755,468.034589997842,224.1429532076508
1789506634,100,,Aggregated,324.800000,0.000000,5,7,8,10,15,24,44,62,150,320,470,422654,0,5,8.610373370841199,2.2539909987244755,468.034589997842,224.14282368083587
1789506635,100,,Aggregated,326.600000,0.000000,5,7,8,10,15,24,44,62,150,320,470,422981,0,5,8.614632218223873,2.2539909987244755,468.034589997842,224.14191417581404
1789506636,100,,Aggregated,327.300000,0.000000,5,7,8,10,15,24,44,62,150,320,470,423298,0,5,8.612704895188859,2.2539909987244755,468.034589997842,224.1423796001871
1789506637,100,,Aggregated,326.700000,0.000000,5,7,8,10,15,24,44,62,150,320,470,423616,0,5,8.612756578298804,2.2539909987244755,468.034589997842,224.14242143828372
1789506638,100,,Aggregated,327.800000,0.000000,5,7,8,10,15,24,44,62,150,320,470,423953,0,5,8.610606315765253,2.2539909987244755,468.034589997842,224.14242144766047
1789506639,100,,Aggregated,326.800000,0.000000,5,7,8,10,15,24,44,62,150,320,470,424269,0,5,8.612910902007032,2.2539909987244755,468.034589997842,224.14265242098762
1789506640,100,,Aggregated,326.300000,0.000000,5,7,8,10,15,24,44,62,150,320,470,424585,0,5,8.613314359437018,2.2539909987244755,468.034589997842,224.14176902151513
1789506641,100,,Aggregated,325.600000,0.000000,5,7,8,10,15,24,44,62,150,320,470,424910,0,5,8.611011206757892,2.2539909987244755,468.034589997842,224.14292203054765
1789506642,100,,Aggregated,324.000000,0.000000,5,7,8,10,15,24,44,62,150,320,470,425224,0,5,8.610544799231775,2.2539909987244755,468.034589997842,224.1412149831618
1789506643,100,,Aggregated,324.300000,0.000000,5,7,8,10,15,24,44,62,150,320,470,425566,0,5,8.610664881845688,2.2539909987244755,468.034589997842,224.1405492920017
1789506644,100,,Aggregated,322.800000,0.000000,5,7,8,10,15,24,44,62,150,320,470,425887,0,5,8.60833694639769,2.2539909987244755,468.034589997842,224.1411642055287
1789506645,100,,Aggregated,322.300000,0.000000,5,7,8,10,15,24,44,62,150,320,470,426194,0,5,8.611434441410251,2.2539909987244755,468.034589997842,224.14131827289918
1789506646,100,,Aggregated,322.600000,0.000000,5,7,8,10,15,24,44,62,150,320,470,426515,0,5,8.61020652518757,2.2539909987244755,468.034589997842,224.14260694231152
1789506647,100,,Aggregated,321.500000,0.000000,5,7,8,10,15,24,44,62,150,320,470,426843,0,5,8.608498276161228,2.2539909987244755,468.034589997842,224.1441045068093
1789506648,100,,Aggregated,320.000000,0.000000,5,7,8,10,15,24,44,62,150,320,470,427183,0,5,8.607232853487924,2.2539909987244755,468.034589997842,224.1457970003488
1789506649,100,,Aggregated,321.600000,0.000000,5,7,8,10,15,24,44,62,150,320,470,427503,0,5,8.60495785823867,2.2539909987244755,468.034589997842,224.14439430834403
1789506650,100,,Aggregated,322.900000,0.000000,5,7,8,10,15,24,44,62,150,320,470,427818,0,5,8.60713076080884,2.2539909987244755,468.034589997842,224.14370363098328
1789506651,100,,Aggregated,323.400000,0.000000,5,7,8,10,15,24,44,62,150,320,470,428158,0,5,8.607948104493522,2.2539909987244755,468.034589997842,224.143909491356
1789506652,100,,Aggregated,323.700000,0.000000,5,7,8,10,15,24,44,62,150,320,470,428478,0,5,8.610871062159044,2.2539909987244755,468.034589997842,224.14472621698198
1789506653,100,,Aggregated,324.000000,0.000000,5,7,8,10,15,24,44,62,150,320,470,428801,0,5,8.609160857539521,2.2539909987244755,468.034589997842,224.1455803507921
1789506654,100,,Aggregated,324.500000,0.000000,5,7,8,10,15,24,44,62,150,320,470,429121,0,5,8.60817717222364,2.2539909987244755,468.034589997842,224.14331855117788
1789506655,100,,Aggregated,322.900000,0.000000,5,7,8,10,15,24,44,62,150,320,470,429451,0,5,8.609414495569487,2.2539909987244755,468.034589997842,224.14138516384872
1789506656,100,,Aggregated,321.900000,0.000000,5,7,8,10,15,24,44,62,150,320,470,429783,0,5,8.607947634999082,2.2539909987244755,468.034589997842,224.14122010409903
1789506657,100,,Aggregated,324.100000,0.000000,5,7,8,10,15,24,44,62,150,310,470,430103,0,5,8.6085723372839,2.2539909987244755,468.034589997842,224.14196134414314
1789506658,100,,Aggregated,325.700000,0.000000,5,7,8,10,15,24,44,62,150,310,470,430435,0,5,8.609122421638292,2.2539909987244755,468.034589997842,224.14128730238016
1789506659,100,,Aggregated,323.200000,0.000000,5,7,8,10,15,24,44,62,150,310,470,430756,0,5,8.612153818604673,2.2539909987244755,468.034589997842,224.1416741728496
1789506660,100,,Aggregated,322.400000,0.000000,5,7,8,10,15,24,44,62,150,310,470,431076,0,5,8.610831033042585,2.2539909987244755,468.034589997842,224.13918659354732
1789506661,100,,Aggregated,323.800000,0.000000,5,7,8,10,15,24,44,62,150,310,470,431405,0,5,8.60983509845703,2.2539909987244755,468.034589997842,224.14051992906897
1789506662,100,,Aggregated,323.800000,0.000000,5,7,8,10,15,24,44,62,150,310,470,431726,0,5,8.607161228695606,2.2539909987244755,468.034589997842,224.14121456664643
1789506663,100,,Aggregated,324.000000,0.000000,5,7,8,10,15,24,44,62,150,310,470,432054,0,5,8.606847862289996,2.2539909987244755,468.034589997842,224.1429150059946
1789506664,100,,Aggregated,324.200000,0.000000,5,7,8,10,15,24,44,61,150,310,470,432372,0,5,8.6058613913942,2.2539909987244755,468.034589997842,224.14267343861306
1789506665,100,,Aggregated,324.400000,0.000000,5,7,8,10,15,24,44,61,150,310,470,432702,0,5,8.603723644119983,2.2539909987244755,468.034589997842,224.14174420270763
1789506666,100,,Aggregated,324.900000,0.000000,5,7,8,10,15,24,44,62,150,310,470,433013,0,5,8.611519835053219,2.2539909987244755,468.034589997842,224.14128906060557
1789506667,100,,Aggregated,324.000000,0.000000,5,7,8,10,15,24,44,62,150,310,470,433344,0,5,8.609813399603597,2.2539909987244755,468.034589997842,224.14084191773742
1789506668,100,,Aggregated,322.600000,0.000000,5,7,8,10,15,24,44,62,150,310,470,433671,0,5,8.608133537787559,2.2539909987244755,468.034589997842,224.14269573017333
1789506669,100,,Aggregated,324.400000,0.000000,5,7,8,10,15,24,44,62,150,310,470,434001,0,5,8.606989144824276,2.2539909987244755,468.034589997842,224.14397662678198
1789506670,100,,Aggregated,323.600000,0.000000,5,7,8,10,15,24,44,62,150,310,470,434344,0,5,8.605432386373346,2.2539909987244755,468.034589997842,224.1416826294366
1789506671,100,,Aggregated,323.800000,0.000000,5,7,8,10,15,24,44,62,150,310,470,434662,0,5,8.603240915308719,2.2539909987244755,468.034589997842,224.14129369487097
1789506672,100,,Aggregated,325.500000,0.000000,5,7,8,10,15,24,44,62,150,310,470,434992,0,5,8.602543596564816,2.2539909987244755,468.034589997842,224.14131984036487
1789506673,100,,Aggregated,325.200000,0.000000,5,7,8,10,15,24,44,62,150,310,470,435324,0,5,8.601874404847424,2.2539909987244755,468.034589997842,224.141370565372
1789506674,100,,Aggregated,323.800000,0.000000,5,7,8,10,15,24,44,62,150,310,470,435639,0,5,8.599565229547261,2.2539909987244755,468.034589997842,224.1412339115644
1789506675,100,,Aggregated,325.800000,0.000000,5,7,8,10,15,24,44,62,150,310,470,435963,0,5,8.599604986541946,2.2539909987244755,468.034589997842,224.13963570302985
1789506676,100,,Aggregated,325.600000,0.000000,5,7,8,10,15,24,44,61,150,310,470,436286,0,5,8.599382769203597,2.2539909987244755,468.034589997842,224.1407906740074
1789506677,100,,Aggregated,324.500000,0.000000,5,7,8,10,15,24,44,61,150,310,470,436620,0,5,8.597676547225833,2.2539909987244755,468.034589997842,224.14137694104713
1789506678,100,,Aggregated,326.500000,0.000000,5,7,8,10,15,24,44,61,150,310,470,436941,0,5,8.599454245082732,2.2539909987244755,468.034589997842,224.14224803806462
1789506679,100,,Aggregated,325.600000,0.000000,5,7,8,10,15,24,44,61,150,310,470,437273,0,5,8.597670178080296,2.2539909987244755,468.034589997842,224.14333608523737
1789506680,100,,Aggregated,326.500000,0.000000,5,7,8,10,15,24,44,62,150,310,470,437576,0,5,8.601909303660852,2.2539909987244755,468.034589997842,224.14485255132823
1789506681,100,,Aggregated,325.600000,0.000000,5,7,8,10,15,24,44,62,150,310,470,437914,0,5,8.600569412765294,2.2539909987244755,468.034589997842,224.1449691035226
1789506682,100,,Aggregated,323.600000,0.000000,5,7,8,10,15,24,44,61,150,310,470,438244,0,5,8.598900067167255,2.2539909987244755,468.034589997842,224.1449877237338
1789506683,100,,Aggregated,323.300000,0.000000,5,7,8,10,15,24,44,61,150,310,470,438568,0,5,8.596950315539742,2.2539909987244755,468.034589997842,224.14554413454698
1789506684,100,,Aggregated,325.600000,0.000000,5,7,8,10,15,24,44,61,150,310,470,438895,0,5,8.59562020989218,2.2539909987244755,468.034589997842,224.14575240091594
1789506685,100,,Aggregated,324.500000,0.000000,5,7,8,10,15,24,44,62,150,310,470,439208,0,5,8.604135872886424,2.2539909987244755,468.034589997842,224.14550509098194
1789506686,100,,Aggregated,324.500000,0.000000,5,7,8,10,15,24,44,63,160,310,470,439455,0,5,8.643543877827515,2.2539909987244755,468.034589997842,224.14394420361583
1789506687,100,,Aggregated,324.900000,0.000000,5,7,8,10,15,24,45,64,170,320,470,439680,0,5,8.721360559360601,2.2539909987244755,468.034589997842,224.14418213245997
1789506688,100,,Aggregated,319.800000,0.000000,5,7,8,10,15,25,45,65,170,320,470,439939,0,5,8.771870597297895,2.2539909987244755,468.034589997842,224.1434085179991
1789506689,100,,Aggregated,313.000000,0.000000,5,7,8,10,15,25,46,66,170,320,470,440207,0,5,8.812948956953575,2.2539909987244755,468.034589997842,224.1435642777148
1789506690,100,,Aggregated,300.400000,0.000000,5,7,8,10,15,25,46,67,170,320,470,440496,0,5,8.832468809345821,2.2539909987244755,468.034589997842,224.14396952526243
1789506691,100,,Aggregated,296.100000,0.000000,5,7,8,10,15,25,46,67,170,320,470,440814,0,5,8.837539372078774,2.2539909987244755,468.034589997842,224.1430898292704
1789506692,100,,Aggregated,291.900000,0.000000,5,7,8,10,15,25,46,67,170,320,470,441134,0,5,8.83850190849849,2.2539909987244755,468.034589997842,224.14421468306682
1789506693,100,,Aggregated,288.800000,0.000000,5,7,8,10,15,25,46,67,170,320,470,441455,0,5,8.838025044798748,2.2539909987244755,468.034589997842,224.14412114485054
1789506694,100,,Aggregated,288.300000,0.000000,5,7,8,10,15,25,46,67,170,320,470,441776,0,5,8.836078408461704,2.2539909987244755,468.034589997842,224.14446461555178
1789506695,100,,Aggregated,286.700000,0.000000,5,7,8,10,15,25,46,67,170,320,470,442104,0,5,8.836740836777484,2.2539909987244755,468.034589997842,224.14341874310117
1789506696,100,,Aggregated,286.800000,0.000000,5,7,8,10,15,25,46,67,170,320,470,442416,0,5,8.836969839132264,2.2539909987244755,468.034589997842,224.1434735633431
1789506697,100,,Aggregated,286.800000,0.000000,5,7,8,10,15,25,46,67,170,320,470,442756,0,5,8.837667335755157,2.2539909987244755,468.034589997842,224.14306073774267
1789506698,100,,Aggregated,290.800000,0.000000,5,7,8,10,15,25,46,67,170,320,470,443073,0,5,8.837837891398578,2.2539909987244755,468.034589997842,224.14248893523188
1789506699,100,,Aggregated,300.300000,0.000000,5,7,8,10,15,25,46,67,170,320,470,443390,0,5,8.837004895930628,2.2539909987244755,468.034589997842,224.14285843162904
1789506700,100,,Aggregated,312.500000,0.000000,5,7,8,10,15,25,46,67,170,320,470,443737,0,5,8.834757886614714,2.2539909987244755,468.034589997842,224.14367744857879
1789506701,100,,Aggregated,314.600000,0.000000,5,7,8,10,15,25,46,67,170,320,470,444056,0,5,8.834639046756974,2.2539909987244755,468.034589997842,224.14338506854992
1789506702,100,,Aggregated,318.500000,0.000000,5,7,8,10,15,25,46,67,170,320,470,444372,0,5,8.834531558457057,2.2539909987244755,468.034589997842,224.14204315303394
1789506703,100,,Aggregated,324.100000,0.000000,5,7,8,10,15,25,46,67,170,320,470,444703,0,5,8.833583309619344,2.2539909987244755,468.034589997842,224.14188121060573
1789506704,100,,Aggregated,322.800000,0.000000,5,7,8,10,15,25,46,66,170,320,470,445019,0,5,8.832898484369618,2.2539909987244755,468.034589997842,224.14187708839398
1789506705,100,,Aggregated,323.200000,0.000000,5,7,8,10,15,25,46,66,170,320,470,445352,0,5,8.830574469405443,2.2539909987244755,468.034589997842,224.14076730316694
1789506706,100,,Aggregated,323.500000,0.000000,5,7,8,10,15,25,46,66,170,320,470,445680,0,5,8.830010695778736,2.2539909987244755,468.034589997842,224.14172724824988
1789506707,100,,Aggregated,323.600000,0.000000,5,7,8,10,15,25,46,66,170,320,470,446002,0,5,8.831210466867141,2.2539909987244755,468.034589997842,224.14139622692275
1789506708,100,,Aggregated,325.800000,0.000000,5,7,8,10,15,25,46,66,170,320,470,446329,0,5,8.829778737394866,2.2539909987244755,468.034589997842,224.1406384079905
1789506709,100,,Aggregated,322.800000,0.000000,5,7,8,10,15,25,46,66,170,320,470,446658,0,5,8.82976957086573,2.2539909987244755,468.034589997842,224.14042287387664
1789506710,100,,Aggregated,324.100000,0.000000,5,7,8,10,15,25,46,66,170,320,470,446983,0,5,8.828491908047267,2.2539909987244755,468.034589997842,224.1407145238186
1789506711,100,,Aggregated,323.800000,0.000000,5,7,8,10,15,25,46,66,170,320,470,447332,0,5,8.827200602884993,2.2539909987244755,468.034589997842,224.13948029651354
1789506712,100,,Aggregated,325.800000,0.000000,5,7,9,10,15,25,46,66,170,320,470,447646,0,5,8.82803812443952,2.2539909987244755,468.034589997842,224.14036984581566
1789506713,100,,Aggregated,325.000000,0.000000,5,7,8,10,15,25,46,66,170,320,470,447979,0,5,8.82601560223327,2.2539909987244755,468.034589997842,224.14111375756454
1789506714,100,,Aggregated,327.300000,0.000000,5,7,8,10,15,25,46,66,170,320,470,448295,0,5,8.824241327804215,2.2539909987244755,468.034589997842,224.14234153849586
1789506715,100,,Aggregated,327.900000,0.000000,5,7,8,10,15,25,46,66,170,320,470,448625,0,5,8.826212104231864,2.2539909987244755,468.034589997842,224.14126274728338
1789506716,100,,Aggregated,326.000000,0.000000,5,7,8,10,15,25,46,66,170,320,470,448939,0,5,8.831628683825809,2.2539909987244755,468.034589997842,224.14135773456974
1789506717,100,,Aggregated,327.500000,0.000000,5,7,8,10,15,25,46,66,170,320,470,449266,0,5,8.830355018603724,2.2539909987244755,468.034589997842,224.14076070746506
1789506718,100,,Aggregated,327.000000,0.000000,5,7,8,10,15,25,46,66,170,320,470,449588,0,5,8.828578309750085,2.2539909987244755,468.034589997842,224.13980355347562
1789506719,100,,Aggregated,326.400000,0.000000,5,7,8,10,15,25,46,66,170,320,470,449911,0,5,8.827181957413597,2.2539909987244755,468.034589997842,224.13836958865198
1789506720,100,,Aggregated,324.500000,0.000000,5,7,8,10,15,25,46,66,170,320,470,450230,0,5,8.825965646413831,2.2539909987244755,468.034589997842,224.1380849787886
1789506721,100,,Aggregated,325.700000,0.000000,5,7,8,10,15,25,46,66,170,320,470,450564,0,5,8.825347878656261,2.2539909987244755,468.034589997842,224.1383199723014
1789506722,100,,Aggregated,325.000000,0.000000,5,7,8,10,15,25,46,66,170,320,470,450885,0,5,8.824235316865284,2.2539909987244755,468.034589997842,224.13844106590372
1789506723,100,,Aggregated,322.800000,0.000000,5,7,8,10,15,25,46,66,170,320,470,451207,0,5,8.824541107863372,2.2539909987244755,468.034589997842,224.13830015935036
1789506724,100,,Aggregated,322.800000,0.000000,5,7,8,10,15,25,46,66,170,320,470,451536,0,5,8.82289896215517,2.2539909987244755,468.034589997842,224.13787826441302
1789506725,100,,Aggregated,323.100000,0.000000,5,7,8,10,15,25,46,66,170,320,470,451862,0,5,8.821206882895108,2.2539909987244755,468.034589997842,224.1377544471542
1789506726,100,,Aggregated,324.500000,0.000000,5,7,8,10,15,25,46,66,170,320,470,452188,0,5,8.819704998818592,2.2539909987244755,468.034589997842,224.13775243925093
1789506727,100,,Aggregated,323.400000,0.000000,5,7,8,10,15,25,46,66,170,320,470,452503,0,5,8.819116183993863,2.2539909987244755,468.034589997842,224.1386267052373
1789506728,100,,Aggregated,321.500000,0.000000,5,7,8,10,15,25,46,66,170,320,470,452827,0,5,8.817038347748186,2.2539909987244755,468.034589997842,224.13880576909062
1789506729,100,,Aggregated,324.100000,0.000000,5,7,8,10,15,25,46,66,170,320,470,453150,0,5,8.814852049563749,2.2539909987244755,468.034589997842,224.13890764647468
1789506730,100,,Aggregated,323.600000,0.000000,5,7,8,10,15,25,46,66,170,320,470,453460,0,5,8.813243181177704,2.2539909987244755,468.034589997842,224.13781590437966
1789506731,100,,Aggregated,323.500000,0.000000,5,7,8,10,15,25,46,66,170,320,470,453793,0,5,8.812451540596381,2.2539909987244755,468.034589997842,224.13779190071244
1789506732,100,,Aggregated,323.100000,0.000000,5,7,8,10,15,25,46,66,170,320,470,454129,0,5,8.81014061064987,2.2539909987244755,468.034589997842,224.13760847688653
1789506733,100,,Aggregated,324.700000,0.000000,5,7,8,10,15,25,46,66,170,320,470,454438,0,5,8.813151548234748,2.2539909987244755,468.034589997842,224.1376073303729
1789506734,100,,Aggregated,322.800000,0.000000,5,7,8,10,15,25,46,66,170,320,470,454779,0,5,8.811695651640907,2.2539909987244755,468.034589997842,224.137189711926
1789506735,100,,Aggregated,322.200000,0.000000,5,7,8,10,15,25,46,66,170,320,470,455105,0,5,8.809580992178928,2.2539909987244755,468.034589997842,224.13544566638467
1789506736,100,,Aggregated,322.100000,0.000000,5,7,8,10,15,25,46,66,170,320,470,455421,0,5,8.810102523365268,2.2539909987244755,468.034589997842,224.13456340397127
1789506737,100,,Aggregated,322.300000,0.000000,5,7,8,10,15,25,46,66,170,320,470,455753,0,5,8.809229249649452,2.2539909987244755,468.034589997842,224.13434250569935
1789506738,100,,Aggregated,324.100000,0.000000,5,7,8,10,15,25,46,66,170,320,470,456077,0,5,8.806868482555513,2.2539909987244755,468.034589997842,224.13485442151216
1789506739,100,,Aggregated,322.000000,0.000000,5,7,8,10,15,25,46,66,170,320,470,456398,0,5,8.80477077011368,2.2539909987244755,468.034589997842,224.1358901660393
1789506740,100,,Aggregated,323.000000,0.000000,5,7,8,10,15,25,46,66,170,320,470,456728,0,5,8.802419490356131,2.2539909987244755,468.034589997842,224.13538911562242
1789506741,100,,Aggregated,324.300000,0.000000,5,7,8,10,15,25,46,66,170,320,470,457054,0,5,8.802108664758268,2.2539909987244755,468.034589997842,224.13623335535846
1789506742,100,,Aggregated,324.400000,0.000000,5,7,8,10,15,25,46,66,170,320,470,457372,0,5,8.802023282022969,2.2539909987244755,468.034589997842,224.13694541860892
1789506743,100,,Aggregated,323.700000,0.000000,5,7,8,10,15,25,46,66,170,320,470,457692,0,5,8.799782754905843,2.2539909987244755,468.034589997842,224.13624664621622
1789506744,100,,Aggregated,324.300000,0.000000,5,7,8,10,15,25,46,66,170,320,470,458028,0,5,8.79873781106494,2.2539909987244755,468.034589997842,224.13650038862252
1789506745,100,,Aggregated,323.900000,0.000000,5,7,8,10,15,25,46,66,170,320,470,458354,0,5,8.79969712339048,2.2539909987244755,468.034589997842,224.13553716123346
1789506746,100,,Aggregated,324.900000,0.000000,5,7,8,10,15,25,46,66,170,320,470,458678,0,5,8.799592651656617,2.2539909987244755,468.034589997842,224.13442109715314
1789506747,100,,Aggregated,324.200000,0.000000,5,7,8,10,15,25,46,66,170,320,470,458994,0,5,8.798436690219205,2.2539909987244755,468.034589997842,224.13470328588173
1789506748,100,,Aggregated,323.200000,0.000000,5,7,8,10,15,25,46,66,170,320,470,459307,0,5,8.80166368094872,2.2539909987244755,468.034589997842,224.13479437500408
1789506749,100,,Aggregated,323.700000,0.000000,5,7,8,10,15,25,46,66,170,320,470,459619,0,5,8.800635956325854,2.2539909987244755,468.034589997842,224.1350335821626
1789506750,100,,Aggregated,323.500000,0.000000,5,7,8,10,15,25,46,66,170,320,470,459933,0,5,8.800363381228504,2.2539909987244755,468.034589997842,224.13467396338163
1789506751,100,,Aggregated,322.300000,0.000000,5,7,8,10,15,25,46,66,170,320,470,460278,0,5,8.79959338930295,2.2539909987244755,468.034589997842,224.1348011419186
1789506752,100,,Aggregated,320.500000,0.000000,5,7,8,10,15,25,46,66,170,320,470,460600,0,5,8.79743029498159,2.2539909987244755,468.034589997842,224.13506513243595
1789506753,100,,Aggregated,321.300000,0.000000,5,7,8,10,15,25,46,66,170,320,470,460908,0,5,8.801762903825503,2.2539909987244755,468.034589997842,224.13422201393772
1789506754,100,,Aggregated,322.100000,0.000000,5,7,8,10,15,25,46,66,170,320,470,461208,0,5,8.818969597796237,2.2539909987244755,468.034589997842,224.13389186657648
1789506755,100,,Aggregated,321.700000,0.000000,5,7,8,10,15,25,46,66,170,320,470,461528,0,5,8.819805553152591,2.2539909987244755,468.034589997842,224.13476972144701
1789506756,100,,Aggregated,319.700000,0.000000,5,7,8,10,15,25,46,66,170,320,470,461845,0,5,8.823059013784675,2.2539909987244755,468.034589997842,224.1340471370265
1789506757,100,,Aggregated,317.200000,0.000000,5,7,8,10,15,25,46,67,170,320,470,462172,0,5,8.826927524180118,2.2539909987244755,468.034589997842,224.13454082030066
1789506758,100,,Aggregated,315.800000,0.000000,5,7,8,10,15,25,46,67,170,320,470,462511,0,5,8.82580840990673,2.2539909987244755,468.034589997842,224.13331791027673
1789506759,100,,Aggregated,317.200000,0.000000,5,7,8,10,15,25,46,67,170,320,470,462847,0,5,8.824266659909968,2.2539909987244755,468.034589997842,224.13276957612342
1789506760,100,,Aggregated,317.800000,0.000000,5,7,8,10,15,25,46,67,170,320,470,463174,0,5,8.827001700219565,2.2539909987244755,468.034589997842,224.13332786382657
1789506761,100,,Aggregated,319.900000,0.000000,5,7,8,10,15,25,46,67,170,320,470,463496,0,5,8.826054250669811,2.2539909987244755,468.034589997842,224.1330367468112
1789506762,100,,Aggregated,321.900000,0.000000,5,7,8,10,15,25,46,67,170,320,470,463819,0,5,8.826851388398039,2.2539909987244755,468.034589997842,224.13310795806123
1789506763,100,,Aggregated,321.800000,0.000000,5,7,8,10,15,25,46,66,170,320,470,464140,0,5,8.827095655958006,2.2539909987244755,468.034589997842,224.13255052354893
1789506764,100,,Aggregated,320.100000,0.000000,5,7,8,10,15,25,46,66,170,320,470,464482,0,5,8.825650301435486,2.2539909987244755,468.034589997842,224.13157668112004
1789506765,100,,Aggregated,322.100000,0.000000,5,7,8,10,15,25,46,67,170,320,470,464792,0,5,8.829233683745116,2.2539909987244755,468.034589997842,224.13186113358233
1789506766,100,,Aggregated,323.800000,0.000000,5,7,8,10,15,25,46,67,170,320,470,465121,0,5,8.832526440619189,2.2539909987244755,468.034589997842,224.13221935797353
1789506767,100,,Aggregated,325.500000,0.000000,5,7,8,10,15,25,46,67,170,320,470,465450,0,5,8.830550352055518,2.2539909987244755,468.034589997842,224.13220754108926
1789506768,100,,Aggregated,328.100000,0.000000,5,7,8,10,15,25,46,67,170,320,470,465772,0,5,8.82871276917076,2.2539909987244755,468.034589997842,224.13160945698755
1789506769,100,,Aggregated,326.400000,0.000000,5,7,8,10,15,25,46,66,170,320,470,466104,0,5,8.829284670395836,2.2539909987244755,468.034589997842,224.13304756020116
1789506770,100,,Aggregated,326.700000,0.000000,5,7,9,10,15,25,46,66,170,320,470,466415,0,5,8.834460086831026,2.2539909987244755,468.034589997842,224.1337328344929
1789506771,100,,Aggregated,325.200000,0.000000,5,7,9,10,15,25,47,68,180,320,470,466642,0,5,8.894273107314424,2.2539909987244755,468.034589997842,224.13275487418622
1789506772,100,,Aggregated,326.200000,0.000000,5,7,9,10,15,25,47,69,180,330,470,466849,0,5,8.958378023721698,2.2539909987244755,468.034589997842,224.13328720849782
1789506773,100,,Aggregated,319.900000,0.000000,5,7,9,10,15,26,48,71,190,330,470,467105,0,5,9.028693163030571,2.2539909987244755,468.034589997842,224.13432097708224
1789506774,100,,Aggregated,312.900000,0.000000,5,7,9,10,15,26,49,72,190,330,470,467370,0,5,9.07336146644708,2.2539909987244755,468.034589997842,224.13547082611208
1789506775,100,,Aggregated,302.200000,0.000000,5,7,9,10,15,26,49,73,190,330,470,467644,0,5,9.11264372389762,2.2539909987244755,468.034589997842,224.13477346015344
1789506776,100,,Aggregated,291.400000,0.000000,5,7,9,10,15,26,49,73,190,330,470,467949,0,5,9.124967891444022,2.2539909987244755,468.034589997842,224.1335807961979
1789506777,100,,Aggregated,285.000000,0.000000,5,7,9,10,15,26,49,73,190,330,470,468280,0,5,9.125807906652666,2.2539909987244755,468.034589997842,224.13363585888786
1789506778,100,,Aggregated,282.700000,0.000000,5,7,9,10,15,26,50,74,190,330,470,468600,0,5,9.134462468041605,2.2539909987244755,468.034589997842,224.1319675629535
1789506779,100,,Aggregated,281.400000,0.000000,5,7,9,10,15,26,50,74,190,330,470,468919,0,5,9.134123671519527,2.2539909987244755,468.034589997842,224.1319076428978
1789506780,100,,Aggregated,280.500000,0.000000,5,7,9,10,15,26,49,73,190,330,470,469252,0,5,9.132705915065587,2.2539909987244755,468.034589997842,224.13090620817812
1789506781,100,,Aggregated,280.500000,0.000000,5,7,9,10,15,26,49,73,190,330,470,469582,0,5,9.132174910821265,2.2539909987244755,468.034589997842,224.13032015707586
1789506782,100,,Aggregated,279.200000,0.000000,5,7,9,10,15,26,49,73,190,330,470,469903,0,5,9.132611069363763,2.2539909987244755,468.034589997842,224.13130795078985
1789506783,100,,Aggregated,285.700000,0.000000,5,7,9,10,15,26,49,73,190,330,470,470240,0,5,9.130035170655823,2.2539909987244755,468.034589997842,224.1316455427016
1789506784,100,,Aggregated,293.100000,0.000000,5,7,9,10,15,26,49,73,190,330,470,470557,0,5,9.131473549653226,2.2539909987244755,468.034589997842,224.1313762200966
1789506785,100,,Aggregated,303.700000,0.000000,5,7,9,10,15,26,49,73,190,330,470,470884,0,5,9.129728280821272,2.2539909987244755,468.034589997842,224.13370384213522
1789506786,100,,Aggregated,314.500000,0.000000,5,7,9,10,15,26,49,73,190,330,470,471220,0,5,9.12713964851503,2.2539909987244755,468.034589997842,224.13464411527525
1789506787,100,,Aggregated,322.600000,0.000000,5,7,9,10,15,26,49,73,190,330,470,471544,0,5,9.126151882323247,2.2539909987244755,468.034589997842,224.13457704901344
1789506788,100,,Aggregated,323.900000,0.000000,5,7,9,10,15,26,49,73,190,330,470,471874,0,5,9.126050726122058,2.2539909987244755,468.034589997842,224.13475843127614
1789506789,100,,Aggregated,326.500000,0.000000,5,7,9,10,15,26,49,73,190,330,470,472180,0,5,9.124610509441544,2.2539909987244755,468.034589997842,224.13520691261806
1789506790,100,,Aggregated,327.000000,0.000000,5,7,9,10,15,26,49,73,190,330,470,472508,0,5,9.12303519051333,2.2539909987244755,468.034589997842,224.13543051122943
1789506791,100,,Aggregated,327.700000,0.000000,5,7,9,10,15,26,49,73,190,330,470,472839,0,5,9.124716525286628,2.2539909987244755,468.034589997842,224.1358263595008
1789506792,100,,Aggregated,326.500000,0.000000,5,7,9,10,15,26,49,73,190,330,470,473169,0,5,9.122306106547542,2.2539909987244755,468.034589997842,224.13539771202255
1789506793,100,,Aggregated,325.000000,0.000000,5,7,9,10,15,26,49,73,190,330,470,473486,0,5,9.120882844248795,2.2539909987244755,468.034589997842,224.13458476068988
1789506794,100,,Aggregated,325.700000,0.000000,5,7,9,10,15,26,49,73,190,330,470,473816,0,5,9.119465891056874,2.2539909987244755,468.034589997842,224.13503132017493
1789506795,100,,Aggregated,326.300000,0.000000,5,7,9,10,15,26,49,73,190,330,470,474144,0,5,9.117705083732028,2.2539909987244755,468.034589997842,224.13602196800971
1789506796,100,,Aggregated,324.800000,0.000000,5,7,9,10,15,26,49,73,190,330,470,474478,0,5,9.115285475925129,2.2539909987244755,468.034589997842,224.13503471183068
1789506797,100,,Aggregated,324.000000,0.000000,5,7,9,10,15,26,49,73,190,330,470,474794,0,5,9.115353026725147,2.2539909987244755,468.034589997842,224.13498485659045
1789506798,100,,Aggregated,325.000000,0.000000,5,7,9,10,15,26,49,73,190,330,470,475132,0,5,9.112544115262835,2.2539909987244755,468.034589997842,224.13484463264945
1789506799,100,,Aggregated,326.500000,0.000000,5,7,9,10,15,26,49,73,190,330,470,475438,0,5,9.117067491450388,2.2539909987244755,468.034589997842,224.13454751197844
1789506800,100,,Aggregated,324.500000,0.000000,5,7,9,10,15,26,49,73,190,330,470,475759,0,5,9.116402774089906,2.2539909987244755,468.034589997842,224.13206056007348
1789506801,100,,Aggregated,324.400000,0.000000,5,7,9,10,15,26,49,73,190,330,470,476081,0,5,9.114009592065804,2.2539909987244755,468.034589997842,224.13203635515805
1789506802,100,,Aggregated,324.800000,0.000000,5,7,9,10,15,26,49,73,190,330,470,476392,0,5,9.112497638399399,2.2539909987244755,468.034589997842,224.1312700465163
1789506803,100,,Aggregated,324.100000,0.000000,5,7,9,10,15,26,49,73,190,330,470,476721,0,5,9.112145499525782,2.2539909987244755,468.034589997842,224.13071796711284
1789506804,100,,Aggregated,323.400000,0.000000,5,7,9,10,15,26,49,73,190,330,470,477043,0,5,9.109775407165419,2.2539909987244755,468.034589997842,224.1310154430523
1789506805,100,,Aggregated,321.400000,0.000000,5,7,9,10,15,26,49,73,190,330,470,477362,0,5,9.112883877957346,2.2539909987244755,468.034589997842,224.13187476171123
1789506806,100,,Aggregated,322.300000,0.000000,5,7,9,10,15,26,49,73,190,330,470,477670,0,5,9.112139434656688,2.2539909987244755,468.034589997842,224.13154688383193
1789506807,100,,Aggregated,322.100000,0.000000,5,7,9,10,15,26,49,73,190,330,470,478007,0,5,9.110026694543082,2.2539909987244755,468.034589997842,224.1326863414134
1789506808,100,,Aggregated,320.600000,0.000000,5,7,9,10,15,26,49,73,190,330,470,478322,0,5,9.109866360047276,2.2539909987244755,468.034589997842,224.13372372585832
1789506809,100,,Aggregated,317.700000,0.000000,5,7,9,10,15,26,49,73,190,330,470,478651,0,5,9.108039413749184,2.2539909987244755,468.034589997842,224.13321814850485
1789506810,100,,Aggregated,320.000000,0.000000,5,7,9,10,15,26,49,73,190,330,470,478978,0,5,9.106424522670155,2.2539909987244755,468.034589997842,224.13318774557496
1789506811,100,,Aggregated,318.700000,0.000000,5,7,9,10,15,26,49,73,190,330,470,479301,0,5,9.104305945980713,2.2539909987244755,468.034589997842,224.13337339166827
1789506812,100,,Aggregated,320.300000,0.000000,5,7,9,10,15,26,49,73,190,330,470,479599,0,5,9.103157922571704,2.2539909987244755,468.034589997842,224.13329468993888
1789506813,100,,Aggregated,321.500000,0.000000,5,7,9,10,15,26,49,73,190,330,470,479938,0,5,9.102915198143277,2.2539909987244755,468.034589997842,224.13303176660318
1789506814,100,,Aggregated,320.900000,0.000000,5,7,9,10,15,26,49,73,190,330,470,480249,0,5,9.10150639022768,2.2539909987244755,468.034589997842,224.13314134959157
1789506815,100,,Aggregated,320.700000,0.000000,5,7,9,10,15,26,49,73,190,330,470,480576,0,5,9.100980469387947,2.2539909987244755,468.034589997842,224.13520025968836
1789506816,100,,Aggregated,321.400000,0.000000,5,7,9,10,15,26,49,73,190,330,470,480897,0,5,9.099837621643633,2.2539909987244755,468.034589997842,224.13574632405692
1789506817,100,,Aggregated,319.900000,0.000000,5,7,9,10,15,26,49,73,190,330,470,481229,0,5,9.097472403671947,2.2539909987244755,468.034589997842,224.13657531029926
1789506818,100,,Aggregated,321.000000,0.000000,5,7,9,10,15,26,49,73,190,330,470,481557,0,5,9.095998320183556,2.2539909987244755,468.034589997842,224.1366671027521
1789506819,100,,Aggregated,322.500000,0.000000,5,7,9,10,15,26,49,73,190,330,470,481888,0,5,9.095315434500796,2.2539909987244755,468.034589997842,224.13610423998938
1789506820,100,,Aggregated,322.100000,0.000000,5,7,9,10,15,26,49,73,190,330,470,482217,0,5,9.09282937173041,2.2539909987244755,468.034589997842,224.13466758741396
1789506821,100,,Aggregated,323.500000,0.000000,5,7,9,10,15,26,49,73,190,330,470,482546,0,5,9.094445251239668,2.2539909987244755,468.034589997842,224.13380693239608
1789506822,100,,Aggregated,322.500000,0.000000,5,7,9,10,15,26,49,73,190,330,470,482874,0,5,9.093563671383786,2.2539909987244755,468.034589997842,224.13402875284237
1789506823,100,,Aggregated,323.600000,0.000000,5,7,9,10,15,26,49,72,190,330,470,483204,0,5,9.09191095796353,2.2539909987244755,468.034589997842,224.13438216571055
1789506824,100,,Aggregated,324.100000,0.000000,5,7,9,10,15,26,49,72,190,330,470,483540,0,5,9.090243598204735,2.2539909987244755,468.034589997842,224.13488646234023
1789506825,100,,Aggregated,326.100000,0.000000,5,7,9,10,15,26,49,72,190,330,470,483864,0,5,9.0896289197582,2.2539909987244755,468.034589997842,224.13520121356413
1789506826,100,,Aggregated,326.400000,0.000000,5,7,9,10,15,26,49,72,190,330,470,484187,0,5,9.087411668662954,2.2539909987244755,468.034589997842,224.1342621755644
1789506827,100,,Aggregated,329.100000,0.000000,5,7,9,10,15,26,49,72,190,330,470,484502,0,5,9.09200280419454,2.2539909987244755,468.034589997842,224.13273629417424
1789506828,100,,Aggregated,327.900000,0.000000,5,7,9,10,15,26,49,72,190,330,470,484738,0,5,9.105813461019979,2.2539909987244755,468.034589997842,224.13280576311328
1789506829,100,,Aggregated,327.600000,0.000000,5,7,9,10,15,26,50,74,210,330,470,484979,0,5,9.182114238432787,2.2539909987244755,468.034589997842,224.1325108922242
1789506830,100,,Aggregated,325.900000,0.000000,5,7,9,10,16,27,50,76,210,330,470,485236,0,5,9.241992004515104,2.2539909987244755,468.034589997842,224.1326941941653
1789506831,100,,Aggregated,316.000000,0.000000,5,7,9,10,16,27,51,77,210,330,470,485489,0,5,9.293178137220147,2.2539909987244755,468.034589997842,224.13293195108437
1789506832,100,,Aggregated,307.600000,0.000000,5,7,9,10,16,27,51,77,210,330,470,485772,0,5,9.32181184925005,2.2539909987244755,468.034589997842,224.13302536992663
1789506833,100,,Aggregated,298.800000,0.000000,5,7,9,10,16,27,51,78,210,330,470,486097,0,5,9.328992858402627,2.2539909987244755,468.034589997842,224.13305163372743
1789506834,100,,Aggregated,293.300000,0.000000,5,7,9,10,16,27,51,78,210,330,470,486420,0,5,9.32982476070475,2.2539909987244755,468.034589997842,224.13361292710005
1789506835,100,,Aggregated,288.900000,0.000000,5,7,9,10,16,27,51,78,210,330,470,486737,0,5,9.333740587818395,2.2539909987244755,468.034589997842,224.1318925826473
1789506836,100,,Aggregated,286.800000,0.000000,5,7,9,10,16,27,51,78,210,330,470,487044,0,5,9.332936693116041,2.2539909987244755,468.034589997842,224.13193879813733
1789506837,100,,Aggregated,285.800000,0.000000,5,7,9,10,16,27,52,78,210,330,470,487375,0,5,9.3385056957168,2.2539909987244755,468.034589997842,224.13142446781225
1789506838,100,,Aggregated,285.500000,0.000000,5,7,9,10,16,27,52,78,210,330,470,487704,0,5,9.336341723537151,2.2539909987244755,468.034589997842,224.1313091547332
1789506839,100,,Aggregated,283.200000,0.000000,5,7,9,10,16,27,52,77,210,330,470,488030,0,5,9.335703616552268,2.2539909987244755,468.034589997842,224.1313976599799
1789506840,100,,Aggregated,286.300000,0.000000,5,7,9,10,16,27,51,77,210,330,470,488358,0,5,9.334684323909856,2.2539909987244755,468.034589997842,224.1307524398085
1789506841,100,,Aggregated,294.400000,0.000000,5,7,9,10,16,27,51,77,210,330,470,488688,0,5,9.332778047285732,2.2539909987244755,468.034589997842,224.1320535801984
1789506842,100,,Aggregated,303.900000,0.000000,5,7,9,10,16,27,51,77,210,330,470,489015,0,5,9.33041615653092,2.2539909987244755,468.034589997842,224.13090600492828
1789506843,100,,Aggregated,312.200000,0.000000,5,7,9,10,16,27,51,77,210,330,470,489332,0,5,9.32909498636101,2.2539909987244755,468.034589997842,224.13037160864198
1789506844,100,,Aggregated,318.900000,0.000000,5,7,9,10,16,27,51,77,210,330,470,489661,0,5,9.32936781095702,2.2539909987244755,468.034589997842,224.13101513087625
1789506845,100,,Aggregated,322.200000,0.000000,5,7,9,10,16,27,51,77,210,330,470,489987,0,5,9.327509717617158,2.2539909987244755,468.034589997842,224.13297495647845
1789506846,100,,Aggregated,322.600000,0.000000,5,7,9,10,16,27,51,77,210,330,470,490317,0,5,9.32659976174209,2.2539909987244755,468.034589997842,224.13205742407462
1789506847,100,,Aggregated,323.200000,0.000000,5,7,9,10,16,27,51,77,210,330,470,490654,0,5,9.324708860192908,2.2539909987244755,468.034589997842,224.13317123675748
1789506848,100,,Aggregated,323.900000,0.000000,5,7,9,10,16,27,51,77,210,330,470,490975,0,5,9.323144436368608,2.2539909987244755,468.034589997842,224.13334487499364
1789506849,100,,Aggregated,326.400000,0.000000,5,7,9,10,16,27,51,77,210,330,470,491293,0,5,9.322543095016782,2.2539909987244755,468.034589997842,224.13246881189025
1789506851,100,,Aggregated,326.200000,0.000000,5,7,9,10,16,27,51,77,210,330,470,491616,0,5,9.320210117429161,2.2539909987244755,468.034589997842,224.13145219032742
1789506852,100,,Aggregated,325.300000,0.000000,5,7,9,10,16,27,51,77,210,330,470,491947,0,5,9.319347532488159,2.2539909987244755,468.034589997842,224.131150306842
1789506853,100,,Aggregated,324.700000,0.000000,5,7,9,10,16,27,51,77,210,330,470,492267,0,5,9.318543319237127,2.2539909987244755,468.034589997842,224.13159525217006
1789506854,100,,Aggregated,324.300000,0.000000,5,7,9,10,16,27,51,77,210,330,470,492598,0,5,9.31598593210871,2.2539909987244755,468.034589997842,224.13303951700982
1789506855,100,,Aggregated,324.100000,0.000000,5,7,9,10,16,27,51,77,210,330,470,492917,0,5,9.314825273706997,2.2539909987244755,468.034589997842,224.133791287377
1789506856,100,,Aggregated,325.500000,0.000000,5,7,9,10,16,27,51,77,210,330,470,493239,0,5,9.312498884473523,2.2539909987244755,468.034589997842,224.13412159216932
1789506857,100,,Aggregated,325.000000,0.000000,5,7,9,10,16,27,51,77,210,330,470,493565,0,5,9.312245841191665,2.2539909987244755,468.034589997842,224.13378987570027
1789506858,100,,Aggregated,324.900000,0.000000,5,7,9,10,16,27,51,77,210,330,470,493891,0,5,9.312360654056645,2.2539909987244755,468.034589997842,224.1337299120656
1789506859,100,,Aggregated,324.200000,0.000000,5,7,9,10,16,27,51,77,210,330,470,494201,0,5,9.31072924098039,2.2539909987244755,468.034589997842,224.13210212039232
1789506860,100,,Aggregated,322.600000,0.000000,5,7,9,10,16,27,51,77,210,330,470,494541,0,5,9.308843521826768,2.2539909987244755,468.034589997842,224.13260983416947
1789506861,100,,Aggregated,321.600000,0.000000,5,7,9,10,16,27,51,77,210,330,470,494864,0,5,9.307223109433588,2.2539909987244755,468.034589997842,224.13164627049048
1789506862,100,,Aggregated,324.000000,0.000000,5,7,9,10,16,27,51,77,210,330,470,495195,0,5,9.306080464117562,2.2539909987244755,468.034589997842,224.13210755359
1789506863,100,,Aggregated,324.200000,0.000000,5,7,9,10,16,27,51,77,210,330,470,495516,0,5,9.303973358238013,2.2539909987244755,468.034589997842,224.1319674844001
1789506864,100,,Aggregated,324.100000,0.000000,5,7,9,10,16,27,51,77,210,330,470,495839,0,5,9.302822074358321,2.2539909987244755,468.034589997842,224.13161126898046
1789506865,100,,Aggregated,324.400000,0.000000,5,7,9,10,16,27,51,77,210,330,470,496182,0,5,9.301328632910309,2.2539909987244755,468.034589997842,224.1301921472363
1789506866,100,,Aggregated,323.800000,0.000000,5,7,9,10,16,27,51,77,210,330,470,496503,0,5,9.29885509193849,2.2539909987244755,468.034589997842,224.13071622930778
1789506867,100,,Aggregated,325.600000,0.000000,5,7,9,10,16,27,51,77,210,330,470,496855,0,5,9.297040517039742,2.2539909987244755,468.034589997842,224.130770546739
1789506868,100,,Aggregated,325.400000,0.000000,5,7,9,10,16,27,51,77,210,330,470,497178,0,5,9.296503205219883,2.2539909987244755,468.034589997842,224.13195877532794
1789506869,100,,Aggregated,328.200000,0.000000,5,7,9,10,16,27,51,77,210,330,470,497510,0,5,9.294633798439861,2.2539909987244755,468.034589997842,224.1318345359892
1789506870,100,,Aggregated,327.100000,0.000000,5,7,9,10,16,27,51,77,210,330,470,497830,0,5,9.294058789809272,2.2539909987244755,468.034589997842,224.13206717152443
1789506871,100,,Aggregated,330.200000,0.000000,5,7,9,10,16,27,51,77,210,330,470,498151,0,5,9.293767260589183,2.2539909987244755,468.034589997842,224.13430265120417
1789506872,100,,Aggregated,328.300000,0.000000,5,7,9,10,16,27,51,76,210,330,470,498487,0,5,9.292442980261955,2.2539909987244755,468.034589997842,224.13390118498577
1789506873,100,,Aggregated,327.700000,0.000000,5,7,9,10,16,27,51,76,210,330,470,498807,0,5,9.293924642414419,2.2539909987244755,468.034589997842,224.13340430266615
1789506874,100,,Aggregated,328.600000,0.000000,5,7,9,10,16,27,51,76,210,330,470,499135,0,5,9.29213436050337,2.2539909987244755,468.034589997842,224.1346068698849
1789506875,100,,Aggregated,327.900000,0.000000,5,7,9,10,16,27,51,76,210,330,470,499461,0,5,9.294448282418255,2.2539909987244755,468.034589997842,224.1358264208817
1789506876,100,,Aggregated,328.600000,0.000000,5,7,9,10,16,27,51,76,210,330,470,499799,0,5,9.292551624428821,2.2539909987244755,468.034589997842,224.13638682750465
1789506877,100,,Aggregated,327.100000,0.000000,5,7,9,10,16,27,51,76,210,330,470,500109,0,5,9.290867878254245,2.2539909987244755,468.034589997842,224.13708611522688
1789506878,100,,Aggregated,327.400000,0.000000,5,7,9,10,16,27,51,76,210,330,470,500449,0,5,9.291478068098515,2.2539909987244755,468.034589997842,224.1367152297237
1789506879,100,,Aggregated,325.700000,0.000000,5,7,9,10,16,27,51,76,210,330,470,500773,0,5,9.290090465420155,2.2539909987244755,468.034589997842,224.1354885347253
1789506880,100,,Aggregated,327.100000,0.000000,5,7,9,10,16,27,51,76,210,330,470,501101,0,5,9.288161707246273,2.2539909987244755,468.034589997842,224.13442000714426
1789506881,100,,Aggregated,325.200000,0.000000,5,7,9,10,16,27,51,76,210,330,470,501425,0,5,9.286335234387412,2.2539909987244755,468.034589997842,224.135707234382
1789506882,100,,Aggregated,326.600000,0.000000,5,7,9,10,16,27,51,76,210,330,470,501745,0,5,9.28860717975218,2.2539909987244755,468.034589997842,224.135269908021
1789506883,100,,Aggregated,326.800000,0.000000,5,7,9,10,16,27,51,76,210,330,470,502057,0,5,9.286619417368483,2.2539909987244755,468.034589997842,224.13530137016315
1789506884,100,,Aggregated,324.400000,0.000000,5,7,9,10,16,27,51,76,210,330,470,502391,0,5,9.286415493254848,2.2539909987244755,468.034589997842,224.1349745516938
1789506885,100,,Aggregated,323.800000,0.000000,5,7,9,10,16,27,51,76,210,330,470,502670,0,5,9.288746786248852,2.2539909987244755,468.034589997842,224.13554618338074
1789506886,100,,Aggregated,324.500000,0.000000,5,7,9,10,16,27,51,77,210,330,470,502969,0,5,9.322874655753573,2.2539909987244755,468.034589997842,224.1345371185898
1789506887,100,,Aggregated,321.500000,0.000000,5,7,9,10,16,27,52,79,210,330,470,503191,0,5,9.36725478342756,2.2539909987244755,468.034589997842,224.1354992438259
1789506888,100,,Aggregated,317.900000,0.000000,5,7,9,10,16,27,53,79,210,330,470,503473,0,5,9.403097649585302,2.2539909987244755,468.034589997842,224.1383470414501
1789506889,100,,Aggregated,307.100000,0.000000,5,7,9,10,16,28,53,81,210,330,470,503739,0,5,9.433181297234508,2.2539909987244755,468.034589997842,224.13787894127714
1789506890,100,,Aggregated,301.500000,0.000000,5,7,9,10,16,28,53,81,210,330,470,504049,0,5,9.447956921758925,2.2539909987244755,468.034589997842,224.13661767010748
1789506891,100,,Aggregated,297.100000,0.000000,5,7,9,10,16,28,54,81,210,330,470,504341,0,5,9.455835497295787,2.2539909987244755,468.034589997842,224.13669917773888
1789506892,100,,Aggregated,293.700000,0.000000,5,7,9,10,16,28,54,81,210,330,470,504672,0,5,9.460012864891667,2.2539909987244755,468.034589997842,224.13682946547462
1789506893,100,,Aggregated,291.400000,0.000000,5,7,9,10,16,28,54,81,210,330,470,504986,0,5,9.462105378687085,2.2539909987244755,468.034589997842,224.1362057561992
1789506894,100,,Aggregated,291.700000,0.000000,5,7,9,10,16,28,54,81,210,330,470,505297,0,5,9.460449619177792,2.2539909987244755,468.034589997842,224.13518386216424
1789506895,100,,Aggregated,292.000000,0.000000,5,7,9,10,16,28,54,81,210,330,470,505642,0,5,9.463536387047943,2.2539909987244755,468.034589997842,224.13584512362502
1789506896,100,,Aggregated,290.400000,0.000000,5,7,9,10,16,28,54,81,210,330,470,505963,0,5,9.462067127350819,2.2539909987244755,468.034589997842,224.1354723566743
1789506897,100,,Aggregated,294.000000,0.000000,5,7,9,10,16,28,54,81,210,330,470,506288,0,5,9.461552394808553,2.2539909987244755,468.034589997842,224.13440571374394
1789506898,100,,Aggregated,296.400000,0.000000,5,7,9,10,16,28,54,80,210,330,470,506606,0,5,9.459031247260697,2.2539909987244755,468.034589997842,224.13434305949792
1789506899,100,,Aggregated,307.900000,0.000000,5,7,9,10,16,28,54,80,210,330,470,506930,0,5,9.45816063497064,2.2539909987244755,468.034589997842,224.13413686307774
1789506900,100,,Aggregated,312.600000,0.000000,5,7,9,10,16,28,54,80,210,330,470,507266,0,5,9.4561137942866,2.2539909987244755,468.034589997842,224.13374048329672
1789506901,100,,Aggregated,317.400000,0.000000,5,7,9,10,16,28,54,80,210,330,470,507594,0,5,9.454585616714578,2.2539909987244755,468.034589997842,224.13504690756787
1789506902,100,,Aggregated,319.700000,0.000000,5,7,9,10,16,28,54,80,210,330,470,507925,0,5,9.453952598355384,2.2539909987244755,468.034589997842,224.1350947482404
1789506903,100,,Aggregated,323.500000,0.000000,5,7,9,10,16,28,54,80,210,330,470,508242,0,5,9.451974652658855,2.2539909987244755,468.034589997842,224.1353056221249
1789506904,100,,Aggregated,324.300000,0.000000,5,7,9,10,16,28,53,80,210,330,470,508547,0,5,9.450681794336843,2.2539909987244755,468.034589997842,224.13425701065978
1789506905,100,,Aggregated,326.100000,0.000000,5,7,9,10,16,28,53,80,210,330,470,508873,0,5,9.44879266397024,2.2539909987244755,468.034589997842,224.13391946517106
1789506906,100,,Aggregated,324.800000,0.000000,5,7,9,10,16,28,53,80,210,330,470,509194,0,5,9.446246714657878,2.2539909987244755,468.034589997842,224.1342219272026
1789506907,100,,Aggregated,323.500000,0.000000,5,7,9,10,16,28,54,81,210,330,470,509518,0,5,9.453708816194137,2.2539909987244755,468.034589997842,224.133267126971
1789506908,100,,Aggregated,324.100000,0.000000,5,7,9,10,16,28,54,81,210,330,470,509829,0,5,9.453826111122863,2.2539909987244755,468.034589997842,224.13423520435282
1789506909,100,,Aggregated,321.200000,0.000000,5,7,9,10,16,28,54,80,210,330,470,510149,0,5,9.451093360791814,2.2539909987244755,468.034589997842,224.13544866303766
1789506910,100,,Aggregated,321.500000,0.000000,5,7,9,10,16,28,54,80,210,330,470,510474,0,5,9.450018035203732,2.2539909987244755,468.034589997842,224.13501373233504
1789506911,100,,Aggregated,321.500000,0.000000,5,7,9,10,16,28,54,80,210,330,470,510801,0,5,9.448149494569401,2.2539909987244755,468.034589997842,224.13455337792996
1789506912,100,,Aggregated,321.600000,0.000000,5,7,9,10,16,28,54,80,210,330,470,511146,0,5,9.445390242440617,2.2539909987244755,468.034589997842,224.13367804893318
1789506913,100,,Aggregated,319.700000,0.000000,5,7,9,10,16,28,54,80,210,330,470,511472,0,5,9.443507789776449,2.2539909987244755,468.034589997842,224.13384310382582
1789506914,100,,Aggregated,321.500000,0.000000,5,7,9,10,16,28,53,80,210,330,470,511795,0,5,9.442538512612508,2.2539909987244755,468.034589997842,224.13234595883117
1789506915,100,,Aggregated,320.300000,0.000000,5,7,9,10,16,28,53,80,210,330,470,512130,0,5,9.440661376661126,2.2539909987244755,468.034589997842,224.13327084919845
1789506916,100,,Aggregated,323.900000,0.000000,5,7,9,10,16,28,54,80,210,330,470,512457,0,5,9.442925687637091,2.2539909987244755,468.034589997842,224.1346786169376
1789506917,100,,Aggregated,324.400000,0.000000,5,7,9,10,16,28,54,80,210,330,470,512781,0,5,9.441213460989138,2.2539909987244755,468.034589997842,224.13514931325457
1789506918,100,,Aggregated,324.800000,0.000000,5,7,9,10,16,28,53,80,210,330,470,513110,0,5,9.44010920656477,2.2539909987244755,468.034589997842,224.1363645222272
1789506919,100,,Aggregated,326.100000,0.000000,5,7,9,10,16,28,53,80,210,330,470,513433,0,5,9.439079607250656,2.2539909987244755,468.034589997842,224.13779597337918
1789506920,100,,Aggregated,326.900000,0.000000,5,7,9,10,16,28,53,80,210,330,470,513749,0,5,9.43704285794511,2.2539909987244755,468.034589997842,224.13665622706807
1789506921,100,,Aggregated,327.100000,0.000000,5,7,9,10,16,28,53,80,210,330,470,514073,0,5,9.434804213435394,2.2539909987244755,468.034589997842,224.13792982708682
1789506922,100,,Aggregated,326.500000,0.000000,5,7,9,10,16,28,53,80,210,330,470,514395,0,5,9.43372132359829,2.2539909987244755,468.034589997842,224.13850640072317
1789506923,100,,Aggregated,326.800000,0.000000,5,7,9,10,16,28,54,80,210,330,470,514732,0,5,9.437207122720828,2.2539909987244755,468.034589997842,224.13882758406316
1789506924,100,,Aggregated,324.400000,0.000000,5,7,9,10,16,28,53,80,210,330,470,515064,0,5,9.434983704346168,2.2539909987244755,468.034589997842,224.13813234860135
1789506925,100,,Aggregated,325.000000,0.000000,5,7,9,10,16,28,53,80,210,330,470,515389,0,5,9.432971261401228,2.2539909987244755,468.034589997842,224.1374379352295
1789506926,100,,Aggregated,323.600000,0.000000,5,7,9,10,16,28,53,80,210,330,470,515705,0,5,9.431216638627419,2.2539909987244755,468.034589997842,224.13810414868965
1789506927,100,,Aggregated,324.800000,0.000000,5,7,9,10,16,28,53,80,210,330,470,516023,0,5,9.431036750114709,2.2539909987244755,468.034589997842,224.13782137617898
1789506928,100,,Aggregated,324.500000,0.000000,5,7,9,10,16,28,53,80,210,330,470,516357,0,5,9.4292546655907,2.2539909987244755,468.034589997842,224.13745916100683
1789506929,100,,Aggregated,324.400000,0.000000,5,7,9,10,16,28,53,80,210,330,470,516671,0,5,9.428502949059208,2.2539909987244755,468.034589997842,224.13755174956597
1789506930,100,,Aggregated,323.600000,0.000000,5,7,9,10,16,28,53,80,210,330,470,516990,0,5,9.42672838201198,2.2539909987244755,468.034589997842,224.13846109209075
1789506931,100,,Aggregated,322.000000,0.000000,5,7,9,10,16,28,53,80,210,330,470,517326,0,5,9.424289926105299,2.2539909987244755,468.034589997842,224.1373447304021
1789506932,100,,Aggregated,322.400000,0.000000,5,7,9,10,16,28,53,80,210,330,470,517646,0,5,9.425018557895386,2.2539909987244755,468.034589997842,224.13771766805885
1789506933,100,,Aggregated,322.900000,0.000000,5,7,9,10,16,28,53,80,210,330,470,517979,0,5,9.42281153817301,2.2539909987244755,468.034589997842,224.13703451298218
1789506934,100,,Aggregated,324.500000,0.000000,5,7,9,10,16,28,53,80,210,330,470,518312,0,5,9.420862105761087,2.2539909987244755,468.034589997842,224.13593742764976
1789506935,100,,Aggregated,324.600000,0.000000,5,7,9,10,16,28,53,80,210,330,470,518631,0,5,9.418864378240723,2.2539909987244755,468.034589997842,224.13550867572513
1789506936,100,,Aggregated,324.500000,0.000000,5,7,9,10,16,28,53,80,210,330,470,518956,0,5,9.417752369841224,2.2539909987244755,468.034589997842,224.13418285943317
1789506937,100,,Aggregated,323.600000,0.000000,5,7,9,10,16,28,53,80,210,330,470,519282,0,5,9.415514364625228,2.2539909987244755,468.034589997842,224.13289696157386
1789506938,100,,Aggregated,323.600000,0.000000,5,7,9,10,16,28,53,80,210,330,470,519602,0,5,9.41694279199901,2.2539909987244755,468.034589997842,224.13245907444545
1789506939,100,,Aggregated,324.100000,0.000000,5,7,9,10,16,28,53,80,210,330,470,519933,0,5,9.414744580810055,2.2539909987244755,468.034589997842,224.1338210884864
1789506940,100,,Aggregated,324.500000,0.000000,5,7,9,10,16,28,53,80,210,330,470,520253,0,5,9.412668358735779,2.2539909987244755,468.034589997842,224.13312753602574
1789506941,100,,Aggregated,326.700000,0.000000,5,7,9,10,16,28,53,80,210,330,470,520589,0,5,9.41155519085963,2.2539909987244755,468.034589997842,224.13415957694073
1789506942,100,,Aggregated,326.600000,0.000000,5,7,9,10,16,28,53,80,210,330,470,520906,0,5,9.410294434693588,2.2539909987244755,468.034589997842,224.13526240818882
1789506943,100,,Aggregated,326.400000,0.000000,5,7,9,10,16,28,53,80,210,330,470,521235,0,5,9.408811406172775,2.2539909987244755,468.034589997842,224.13476071253848
1789506944,100,,Aggregated,325.000000,0.000000,5,7,9,10,16,28,53,79,210,330,470,521559,0,5,9.407386780501202,2.2539909987244755,468.034589997842,224.1353384756087
1789506945,100,,Aggregated,325.000000,0.000000,5,7,9,10,16,28,53,79,210,330,470,521859,0,5,9.410165549179794,2.2539909987244755,468.034589997842,224.13485443386048
1789506946,100,,Aggregated,324.000000,0.000000,5,7,9,10,16,28,54,80,210,330,470,522134,0,5,9.43330650531736,2.2539909987244755,468.034589997842,224.13449229508134
1789506947,100,,Aggregated,323.500000,0.000000,5,7,9,10,16,28,54,81,210,330,470,522366,0,5,9.466972998300832,2.2539909987244755,468.034589997842,224.13432727244881
1789506948,100,,Aggregated,319.400000,0.000000,5,7,9,10,16,28,55,82,210,330,470,522670,0,5,9.513799601349497,2.2539909987244755,468.034589997842,224.13363116306655
1789506949,100,,Aggregated,313.200000,0.000000,5,7,9,10,16,28,55,83,210,330,470,522959,0,5,9.534349995996617,2.2539909987244755,468.034589997842,224.13292246619716
1789506950,100,,Aggregated,305.100000,0.000000,5,7,9,10,16,28,55,83,210,330,470,523280,0,5,9.53582906168851,2.2539909987244755,468.034589997842,224.1311649594863
1789506951,100,,Aggregated,300.300000,0.000000,5,7,9,10,16,28,55,83,210,330,470,523597,0,5,9.539043028591657,2.2539909987244755,468.034589997842,224.13088119297856
1789506952,100,,Aggregated,301.300000,0.000000,5,7,9,10,16,28,55,83,210,330,470,523924,0,5,9.53907797587146,2.2539909987244755,468.034589997842,224.13074224505846
1789506953,100,,Aggregated,300.100000,0.000000,5,7,9,10,16,28,55,83,210,330,470,524243,0,5,9.537060252279003,2.2539909987244755,468.034589997842,224.13016673565502
1789506954,100,,Aggregated,300.700000,0.000000,5,7,9,10,16,28,55,83,210,330,470,524571,0,5,9.536312297613796,2.2539909987244755,468.034589997842,224.1301577860766
1789506955,100,,Aggregated,299.800000,0.000000,5,7,9,10,16,28,55,83,210,330,470,524897,0,5,9.534961542667565,2.2539909987244755,468.034589997842,224.13145055125102
1789506956,100,,Aggregated,300.200000,0.000000,5,7,9,10,16,28,55,83,210,330,470,525231,0,5,9.532636724644206,2.2539909987244755,468.034589997842,224.13161066273696
1789506957,100,,Aggregated,301.500000,0.000000,5,7,9,10,16,28,55,83,210,330,470,525572,0,5,9.530973185427927,2.2539909987244755,468.034589997842,224.13269732786372
1789506958,100,,Aggregated,306.900000,0.000000,5,7,9,10,16,28,55,83,210,330,470,525890,0,5,9.53016972167705,2.2539909987244755,468.034589997842,224.1329042195136
1789506959,100,,Aggregated,312.900000,0.000000,5,7,9,10,16,28,55,83,210,330,470,526218,0,5,9.528887518892706,2.2539909987244755,468.034589997842,224.13410411654485
1789506960,100,,Aggregated,322.100000,0.000000,5,7,9,10,16,28,55,83,210,330,470,526543,0,5,9.526727333679709,2.2539909987244755,468.034589997842,224.13491775600474
1789506961,100,,Aggregated,325.500000,0.000000,5,7,9,10,16,28,55,83,210,330,470,526870,0,5,9.524656289590524,2.2539909987244755,468.034589997842,224.13431017138953
1789506962,100,,Aggregated,324.500000,0.000000,5,7,9,10,16,28,55,83,210,330,470,527197,0,5,9.522773144715662,2.2539909987244755,468.034589997842,224.13393285621882
1789506963,100,,Aggregated,325.600000,0.000000,5,7,9,10,16,28,55,83,210,330,470,527524,0,5,9.5216971168491,2.2539909987244755,468.034589997842,224.13497584944002
1789506964,100,,Aggregated,326.600000,0.000000,5,7,9,10,16,28,55,82,210,330,470,527858,0,5,9.52051239466617,2.2539909987244755,468.034589997842,224.13511967233612
1789506965,100,,Aggregated,327.800000,0.000000,5,7,9,10,16,28,55,82,210,330,470,528170,0,5,9.518585383243387,2.2539909987244755,468.034589997842,224.13352519075298
1789506966,100,,Aggregated,328.000000,0.000000,5,7,9,10,16,28,54,82,210,330,470,528516,0,5,9.517158445299103,2.2539909987244755,468.034589997842,224.13298745922546
1789506967,100,,Aggregated,327.800000,0.000000,5,7,9,10,16,28,54,82,210,330,470,528844,0,5,9.516896670049764,2.2539909987244755,468.034589997842,224.1326591584664
1789506968,100,,Aggregated,326.800000,0.000000,5,7,9,10,16,28,54,82,210,330,470,529168,0,5,9.515479643445467,2.2539909987244755,468.034589997842,224.13206958848608
1789506969,100,,Aggregated,327.600000,0.000000,5,7,9,10,16,28,54,82,210,330,470,529492,0,5,9.51359776174653,2.2539909987244755,468.034589997842,224.13063653464076
1789506970,100,,Aggregated,325.800000,0.000000,5,7,9,10,16,28,54,82,210,330,470,529805,0,5,9.513403275108164,2.2539909987244755,468.034589997842,224.13103122847085
1789506971,100,,Aggregated,326.500000,0.000000,5,7,9,10,16,28,54,82,210,330,470,530123,0,5,9.511769352079849,2.2539909987244755,468.034589997842,224.13063949309878
1789506972,100,,Aggregated,326.600000,0.000000,5,7,9,10,16,28,54,82,210,330,470,530455,0,5,9.513534910811563,2.2539909987244755,468.034589997842,224.13090460076725
1789506973,100,,Aggregated,325.100000,0.000000,5,7,9,10,16,28,54,82,210,330,470,530767,0,5,9.513431143834294,2.2539909987244755,468.034589997842,224.1308822892154
1789506974,100,,Aggregated,324.200000,0.000000,5,7,9,10,16,28,54,82,210,330,470,531097,0,5,9.511253914406415,2.2539909987244755,468.034589997842,224.12993106720617
1789506975,100,,Aggregated,324.100000,0.000000,5,7,9,10,16,28,54,82,210,330,470,531413,0,5,9.509820941852084,2.2539909987244755,468.034589997842,224.12972772589305
1789506976,100,,Aggregated,322.500000,0.000000,5,7,9,10,16,28,54,82,210,330,470,531739,0,5,9.508548555461276,2.2539909987244755,468.034589997842,224.13052268124022
1789506977,100,,Aggregated,322.500000,0.000000,5,7,9,10,16,28,54,82,210,330,470,532078,0,5,9.506271129744926,2.2539909987244755,468.034589997842,224.12981367393502
1789506978,100,,Aggregated,321.600000,0.000000,5,7,9,10,16,28,54,82,210,330,470,532401,0,5,9.50715785079928,2.2539909987244755,468.034589997842,224.1296372471126
1789506979,100,,Aggregated,321.900000,0.000000,5,7,9,10,16,28,54,82,210,330,470,532725,0,5,9.508331410041421,2.2539909987244755,468.034589997842,224.12967103101977
1789506980,100,,Aggregated,323.500000,0.000000,5,7,9,10,16,28,54,82,210,330,470,533051,0,5,9.50764918488333,2.2539909987244755,468.034589997842,224.12936660844835
1789506981,100,,Aggregated,323.200000,0.000000,5,7,9,10,16,28,54,82,210,330,470,533385,0,5,9.50558767878202,2.2539909987244755,468.034589997842,224.12715955641798
1789506982,100,,Aggregated,323.200000,0.000000,5,7,9,10,16,28,54,82,210,330,470,533701,0,5,9.507910494612373,2.2539909987244755,468.034589997842,224.12702056020132
1789506983,100,,Aggregated,325.200000,0.000000,5,7,9,10,16,28,54,82,210,330,470,534032,0,5,9.507159791600875,2.2539909987244755,468.034589997842,224.12826197681036
1789506984,100,,Aggregated,324.200000,0.000000,5,7,9,10,16,28,54,82,210,330,470,534344,0,5,9.504966906395914,2.2539909987244755,468.034589997842,224.12879530789155
1789506985,100,,Aggregated,323.300000,0.000000,5,7,9,10,16,28,54,82,210,330,470,534663,0,5,9.503144652357069,2.2539909987244755,468.034589997842,224.12926086151464
1789506986,100,,Aggregated,325.600000,0.000000,5,7,9,10,16,28,54,82,210,330,470,534979,0,5,9.502831225919412,2.2539909987244755,468.034589997842,224.12969667968275
1789506987,100,,Aggregated,323.500000,0.000000,5,7,9,10,16,28,54,82,210,330,470,535306,0,5,9.501373917656819,2.2539909987244755,468.034589997842,224.12991261073105
1789506988,100,,Aggregated,324.600000,0.000000,5,7,9,10,16,28,54,82,210,330,470,535635,0,5,9.501185133962904,2.2539909987244755,468.034589997842,224.13131143409225
1789506989,100,,Aggregated,323.100000,0.000000,5,7,9,10,16,28,54,82,210,330,470,535940,0,5,9.500430966968924,2.2539909987244755,468.034589997842,224.13143822069634
1789506990,100,,Aggregated,321.100000,0.000000,5,7,9,10,16,28,54,82,210,330,470,536276,0,5,9.500038826326954,2.2539909987244755,468.034589997842,224.13098292670193
1789506991,100,,Aggregated,322.500000,0.000000,5,7,9,10,16,28,54,82,210,330,470,536592,0,5,9.50013360934065,2.2539909987244755,468.034589997842,224.13121887765752
1789506992,100,,Aggregated,321.000000,0.000000,5,7,9,10,16,28,54,82,210,330,470,536861,0,5,9.522058569434659,2.2539909987244755,468.034589997842,224.12987160549937
1789506993,100,,Aggregated,321.800000,0.000000,5,7,9,10,16,28,55,84,210,330,470,537126,0,5,9.576782233658927,2.2539909987244755,468.034589997842,224.13017243626263
1789506994,100,,Aggregated,321.400000,0.000000,5,7,9,10,16,29,56,86,210,330,470,537349,0,5,9.6262905117387,2.2539909987244755,468.034589997842,224.1307920922901
1789506995,100,,Aggregated,311.500000,0.000000,5,7,9,10,16,29,56,87,210,330,470,537600,0,5,9.670742044271313,2.2539909987244755,468.034589997842,224.13150111607143
1789506996,100,,Aggregated,302.200000,0.000000,5,7,9,10,16,29,57,87,210,330,470,537891,0,5,9.69263368172045,2.2539909987244755,468.034589997842,224.13108231965214
1789506997,100,,Aggregated,294.000000,0.000000,5,7,9,10,16,29,57,88,210,330,470,538178,0,5,9.707942844371923,2.2539909987244755,468.034589997842,224.13149924374463
1789506998,100,,Aggregated,290.300000,0.000000,5,7,9,10,16,29,57,88,210,330,470,538492,0,5,9.714047475569476,2.2539909987244755,468.034589997842,224.12955995632248
1789506999,100,,Aggregated,286.200000,0.000000,5,7,9,10,16,29,57,88,210,330,470,538803,0,5,9.712955152633391,2.2539909987244755,468.034589997842,224.12992874946872
1789507000,100,,Aggregated,285.200000,0.000000,5,7,9,10,16,29,57,88,210,330,470,539126,0,5,9.716733074651014,2.2539909987244755,468.034589997842,224.1295838078668
1789507001,100,,Aggregated,284.300000,0.000000,5,7,9,10,16,29,57,88,210,330,470,539451,0,5,9.71519249698543,2.2539909987244755,468.034589997842,224.12931851085642
1789507002,100,,Aggregated,285.400000,0.000000,5,7,9,10,16,29,57,88,210,330,470,539772,0,5,9.712937215730417,2.2539909987244755,468.034589997842,224.13049954425202
1789507003,100,,Aggregated,283.900000,0.000000,5,7,9,10,16,29,57,87,210,330,470,540100,0,5,9.712943063097878,2.2539909987244755,468.034589997842,224.13052953156821
1789507004,100,,Aggregated,284.700000,0.000000,5,7,9,10,16,29,57,87,210,330,470,540419,0,5,9.711163448356054,2.2539909987244755,468.034589997842,224.12906837102324
1789507005,100,,Aggregated,294.900000,0.000000,5,7,9,10,16,29,57,87,210,330,470,540738,0,5,9.709451128213736,2.2539909987244755,468.034589997842,224.1281119507044
1789507006,100,,Aggregated,303.700000,0.000000,5,7,9,10,16,29,57,87,210,330,470,541075,0,5,9.709152080441724,2.2539909987244755,468.034589997842,224.12846278242387
1789507007,100,,Aggregated,312.600000,0.000000,5,7,9,10,16,29,57,87,210,330,470,541415,0,5,9.70823126136882,2.2539909987244755,468.034589997842,224.12789449867478
1789507008,100,,Aggregated,317.100000,0.000000,5,7,9,10,16,29,57,87,210,330,470,541730,0,5,9.708884825154636,2.2539909987244755,468.034589997842,224.12883908958338
1789507009,100,,Aggregated,323.000000,0.000000,5,7,9,10,16,29,57,87,210,330,470,542054,0,5,9.70818578363407,2.2539909987244755,468.034589997842,224.12865323381067
1789507010,100,,Aggregated,324.900000,0.000000,5,7,9,10,16,29,57,87,210,330,470,542383,0,5,9.70852763780384,2.2539909987244755,468.034589997842,224.12656185758036
1789507011,100,,Aggregated,323.300000,0.000000,5,7,9,10,16,29,57,87,210,330,470,542695,0,5,9.706687202360438,2.2539909987244755,468.034589997842,224.12700503966317
1789507012,100,,Aggregated,322.600000,0.000000,5,7,9,10,16,29,57,87,210,330,470,543036,0,5,9.705219148612539,2.2539909987244755,468.034589997842,224.1270744481029
1789507013,100,,Aggregated,324.600000,0.000000,5,7,9,10,16,29,57,87,210,330,470,543363,0,5,9.703161483577134,2.2539909987244755,468.034589997842,224.12566000997492
1789507014,100,,Aggregated,325.000000,0.000000,5,7,9,10,16,29,57,87,210,330,470,543695,0,5,9.700514705527796,2.2539909987244755,468.034589997842,224.12592905949109
1789507015,100,,Aggregated,325.200000,0.000000,5,7,9,10,16,29,57,87,210,330,470,544020,0,5,9.698988521055952,2.2539909987244755,468.034589997842,224.12569574647992
1789507016,100,,Aggregated,325.800000,0.000000,5,7,9,10,16,29,57,87,210,330,470,544351,0,5,9.69683775389386,2.2539909987244755,468.034589997842,224.12607674092635
1789507017,100,,Aggregated,326.900000,0.000000,5,7,9,10,16,29,57,87,210,330,470,544670,0,5,9.697065825985941,2.2539909987244755,468.034589997842,224.1271944480144
1789507018,100,,Aggregated,325.700000,0.000000,5,7,9,10,16,29,57,87,210,330,470,545005,0,5,9.694619578361417,2.2539909987244755,468.034589997842,224.12669608535703
1789507019,100,,Aggregated,324.200000,0.000000,5,7,9,10,16,29,57,87,210,330,470,545324,0,5,9.692420174371355,2.2539909987244755,468.034589997842,224.12683652287447
1789507020,100,,Aggregated,324.800000,0.000000,5,7,9,10,16,29,57,87,210,330,470,545643,0,5,9.691799237902618,2.2539909987244755,468.034589997842,224.1261135944198
1789507021,100,,Aggregated,327.200000,0.000000,5,7,9,10,16,29,57,87,210,330,470,545962,0,5,9.691879117839518,2.2539909987244755,468.034589997842,224.1269227528656
1789507022,100,,Aggregated,327.700000,0.000000,5,7,9,10,16,29,57,87,210,330,470,546283,0,5,9.68961206473367,2.2539909987244755,468.034589997842,224.12721611325998
1789507023,100,,Aggregated,325.000000,0.000000,5,7,9,10,16,29,57,87,210,330,470,546616,0,5,9.687559431220398,2.2539909987244755,468.034589997842,224.12815943916752
1789507024,100,,Aggregated,325.300000,0.000000,5,7,9,10,16,29,57,87,210,330,470,546933,0,5,9.68524493866163,2.2539909987244755,468.034589997842,224.12737940479
1789507025,100,,Aggregated,324.700000,0.000000,5,7,9,10,16,29,57,87,210,330,470,547267,0,5,9.687602235362496,2.2539909987244755,468.034589997842,224.12702940246717
1789507026,100,,Aggregated,323.400000,0.000000,5,7,9,10,16,29,57,87,210,330,470,547586,0,5,9.686003245581578,2.2539909987244755,468.034589997842,224.12644589160425
1789507027,100,,Aggregated,323.100000,0.000000,5,7,9,10,16,29,57,87,210,330,470,547907,0,5,9.68520083286754,2.2539909987244755,468.034589997842,224.1261527960037
1789507028,100,,Aggregated,324.700000,0.000000,5,7,9,10,16,29,57,87,210,330,470,548232,0,5,9.683714874157182,2.2539909987244755,468.034589997842,224.12597221614206
1789507029,100,,Aggregated,323.100000,0.000000,5,7,9,10,16,29,57,87,210,330,470,548554,0,5,9.682921497713933,2.2539909987244755,468.034589997842,224.12685533238295
1789507030,100,,Aggregated,322.100000,0.000000,5,7,9,10,16,29,57,87,210,330,470,548880,0,5,9.680597506454973,2.2539909987244755,468.034589997842,224.12698039644366
1789507031,100,,Aggregated,321.800000,0.000000,5,7,9,10,16,29,57,87,210,330,470,549206,0,5,9.679491206055642,2.2539909987244755,468.034589997842,224.1274366995262
1789507032,100,,Aggregated,322.100000,0.000000,5,7,9,10,16,29,57,87,210,330,470,549532,0,5,9.680248942323647,2.2539909987244755,468.034589997842,224.12798890692443
1789507033,100,,Aggregated,323.100000,0.000000,5,7,9,10,16,29,57,87,210,330,470,549831,0,5,9.6798241499605,2.2539909987244755,468.034589997842,224.12791566863274
1789507034,100,,Aggregated,323.000000,0.000000,5,7,9,10,16,29,57,87,210,330,470,550170,0,5,9.678424166123143,2.2539909987244755,468.034589997842,224.1275460312267
1789507035,100,,Aggregated,322.800000,0.000000,5,7,9,10,16,29,57,87,210,330,470,550491,0,5,9.678487165043668,2.2539909987244755,468.034589997842,224.12748073992128
1789507036,100,,Aggregated,322.500000,0.000000,5,7,9,10,16,29,57,87,210,330,470,550819,0,5,9.676333211953613,2.2539909987244755,468.034589997842,224.12801664430603
1789507037,100,,Aggregated,321.800000,0.000000,5,7,9,10,16,29,57,87,210,330,470,551145,0,5,9.67480582082223,2.2539909987244755,468.034589997842,224.1275580836259
1789507038,100,,Aggregated,320.700000,0.000000,5,7,9,10,16,29,57,87,210,330,470,551478,0,5,9.673523996438835,2.2539909987244755,468.034589997842,224.12652000623777
1789507039,100,,Aggregated,322.900000,0.000000,5,7,9,10,16,29,57,87,210,330,470,551776,0,5,9.673175869167963,2.2539909987244755,468.034589997842,224.12780004929536
1789507040,100,,Aggregated,322.100000,0.000000,5,7,9,10,16,29,57,87,210,330,470,552115,0,5,9.676507683932057,2.2539909987244755,468.034589997842,224.12924662434457
1789507041,100,,Aggregated,323.600000,0.000000,5,7,9,10,16,29,57,87,210,330,470,552463,0,5,9.676320679202265,2.2539909987244755,468.034589997842,224.1275940651229
1789507042,100,,Aggregated,322.800000,0.000000,5,7,9,10,16,29,57,87,210,330,470,552781,0,5,9.676166362300972,2.2539909987244755,468.034589997842,224.12767262261184
1789507043,100,,Aggregated,324.600000,0.000000,5,7,9,10,16,29,57,87,210,330,470,553101,0,5,9.673525584887837,2.2539909987244755,468.034589997842,224.12886615645243
1789507044,100,,Aggregated,324.300000,0.000000,5,7,9,10,16,29,57,87,210,330,470,553428,0,5,9.671660578131366,2.2539909987244755,468.034589997842,224.1281792753529
1789507045,100,,Aggregated,326.200000,0.000000,5,7,9,10,16,29,57,86,210,330,470,553762,0,5,9.67162747985436,2.2539909987244755,468.034589997842,224.12765953604617
1789507046,100,,Aggregated,325.500000,0.000000,5,7,9,10,16,29,57,86,210,330,470,554079,0,5,9.66980412862623,2.2539909987244755,468.034589997842,224.12698008767703
1789507047,100,,Aggregated,326.900000,0.000000,5,7,9,10,16,29,57,86,210,330,470,554391,0,5,9.67461956016972,2.2539909987244755,468.034589997842,224.12709080775122
1789507048,100,,Aggregated,326.500000,0.000000,5,7,9,10,16,29,57,86,210,330,470,554706,0,5,9.680552985852026,2.2539909987244755,468.034589997842,224.12671216824768
1789507049,100,,Aggregated,326.000000,0.000000,5,7,9,10,16,29,57,87,210,330,470,554972,0,5,9.712414643805587,2.2539909987244755,468.034589997842,224.12697036967631
1789507050,100,,Aggregated,325.300000,0.000000,5,7,9,10,16,29,57,88,210,330,470,555204,0,5,9.755344661969456,2.2539909987244755,468.034589997842,224.12707401243506
1789507051,100,,Aggregated,318.200000,0.000000,5,7,9,10,16,29,58,90,210,330,470,555403,0,5,9.812084490424121,2.2539909987244755,468.034589997842,224.12774687929306
1789507052,100,,Aggregated,311.100000,0.000000,5,7,9,10,16,30,59,92,220,330,470,555658,0,5,9.869484788454564,2.2539909987244755,468.034589997842,224.12768645461776
1789507053,100,,Aggregated,300.800000,0.000000,5,7,9,10,16,30,59,92,220,330,470,555956,0,5,9.88040526714366,2.2539909987244755,468.034589997842,224.12894006000474
1789507054,100,,Aggregated,291.000000,0.000000,5,7,9,10,16,30,59,92,220,330,470,556272,0,5,9.888979459563354,2.2539909987244755,468.034589997842,224.12965959099145
1789507055,100,,Aggregated,283.800000,0.000000,5,7,9,10,16,30,59,92,220,330,470,556588,0,5,9.895630234227484,2.2539909987244755,468.034589997842,224.1294494311771
1789507056,100,,Aggregated,281.700000,0.000000,5,7,9,10,16,30,59,92,220,330,470,556906,0,5,9.894197000196067,2.2539909987244755,468.034589997842,224.12913669452294
1789507057,100,,Aggregated,281.400000,0.000000,5,7,9,10,16,30,59,92,220,330,470,557216,0,5,9.893982070881384,2.2539909987244755,468.034589997842,224.12919585941538
1789507058,100,,Aggregated,281.200000,0.000000,5,7,9,10,16,30,59,92,220,330,470,557552,0,5,9.89286824872167,2.2539909987244755,468.034589997842,224.129082130456
1789507059,100,,Aggregated,279.900000,0.000000,5,7,9,10,16,30,59,91,220,330,470,557861,0,5,9.891942872160456,2.2539909987244755,468.034589997842,224.1292813084263
1789507060,100,,Aggregated,281.900000,0.000000,5,7,9,10,16,30,59,91,220,330,470,558199,0,5,9.89056597026744,2.2539909987244755,468.034589997842,224.12905791662112
1789507061,100,,Aggregated,286.900000,0.000000,5,7,9,10,16,30,59,91,220,330,470,558523,0,5,9.888726204966025,2.2539909987244755,468.034589997842,224.12978695595348
1789507062,100,,Aggregated,295.000000,0.000000,5,7,9,10,16,30,59,91,220,330,470,558851,0,5,9.88797122941397,2.2539909987244755,468.034589997842,224.12882682503923
1789507063,100,,Aggregated,305.500000,0.000000,5,7,9,10,16,30,59,91,220,330,470,559172,0,5,9.886824691421054,2.2539909987244755,468.034589997842,224.13012811800306
1789507064,100,,Aggregated,312.800000,0.000000,5,7,9,10,16,30,59,91,220,330,470,559493,0,5,9.884456156606563,2.2539909987244755,468.034589997842,224.1295583680225
1789507065,100,,Aggregated,319.700000,0.000000,5,7,9,10,16,30,59,91,220,330,470,559815,0,5,9.88508887071667,2.2539909987244755,468.034589997842,224.1293873869046
1789507066,100,,Aggregated,323.200000,0.000000,5,7,9,10,16,30,59,91,220,330,470,560135,0,5,9.884136407420195,2.2539909987244755,468.034589997842,224.12865469931356
1789507067,100,,Aggregated,322.900000,0.000000,5,7,9,10,16,30,59,91,220,330,470,560444,0,5,9.88279517065628,2.2539909987244755,468.034589997842,224.12879074448117
1789507068,100,,Aggregated,322.500000,0.000000,5,7,9,10,16,30,59,91,220,330,470,560779,0,5,9.88210818449562,2.2539909987244755,468.034589997842,224.1293843029072
1789507069,100,,Aggregated,323.300000,0.000000,5,7,9,10,16,30,59,91,220,330,470,561084,0,5,9.883954717420666,2.2539909987244755,468.034589997842,224.12918743004613
1789507070,100,,Aggregated,321.900000,0.000000,5,7,9,10,16,30,59,91,220,330,470,561420,0,5,9.883049121812864,2.2539909987244755,468.034589997842,224.12856506715116
1789507071,100,,Aggregated,321.700000,0.000000,5,7,9,10,16,30,59,91,220,330,470,561737,0,5,9.881623136047956,2.2539909987244755,468.034589997842,224.12851743787573
1789507072,100,,Aggregated,321.300000,0.000000,5,7,9,10,16,30,59,91,220,330,470,562060,0,5,9.879752996869165,2.2539909987244755,468.034589997842,224.1279044941821
1789507073,100,,Aggregated,318.500000,0.000000,5,7,9,10,16,30,59,91,220,330,470,562394,0,5,9.878552410260907,2.2539909987244755,468.034589997842,224.1277076213473
1789507074,100,,Aggregated,321.700000,0.000000,5,7,9,10,16,30,59,91,220,330,470,562718,0,5,9.8806408080162,2.2539909987244755,468.034589997842,224.12961376746435
1789507075,100,,Aggregated,320.200000,0.000000,5,7,9,10,16,30,59,91,210,330,470,563049,0,5,9.878608989939059,2.2539909987244755,468.034589997842,224.12862823661885
1789507076,100,,Aggregated,320.800000,0.000000,5,7,9,10,16,30,59,91,210,330,470,563369,0,5,9.880801001214593,2.2539909987244755,468.034589997842,224.12811319046665
1789507077,100,,Aggregated,321.200000,0.000000,5,7,9,10,16,30,59,91,210,330,470,563697,0,5,9.87935253774342,2.2539909987244755,468.034589997842,224.12894693425724
1789507078,100,,Aggregated,321.500000,0.000000,5,7,9,10,16,30,59,91,210,330,470,564029,0,5,9.877965003101544,2.2539909987244755,468.034589997842,224.1290554209092
1789507079,100,,Aggregated,322.300000,0.000000,5,7,9,10,16,30,59,91,210,330,470,564362,0,5,9.875580693872703,2.2539909987244755,468.034589997842,224.12915291957998
1789507080,100,,Aggregated,324.100000,0.000000,5,7,9,10,16,30,59,91,210,330,470,564679,0,5,9.873826632811772,2.2539909987244755,468.034589997842,224.127906297206
1789507081,100,,Aggregated,324.300000,0.000000,5,7,9,10,16,30,59,91,210,330,470,565010,0,5,9.871346183183656,2.2539909987244755,468.034589997842,224.12641369179306
1789507082,100,,Aggregated,325.300000,0.000000,5,7,9,10,16,30,59,91,210,330,470,565334,0,5,9.869194870212153,2.2539909987244755,468.034589997842,224.12715492080787
1789507083,100,,Aggregated,325.800000,0.000000,5,7,9,10,16,30,59,91,210,330,470,565662,0,5,9.868861232743969,2.2539909987244755,468.034589997842,224.12698926213886
1789507084,100,,Aggregated,327.300000,0.000000,5,7,9,10,16,30,59,91,210,330,470,565990,0,5,9.86870675436922,2.2539909987244755,468.034589997842,224.12569656707717
1789507085,100,,Aggregated,327.300000,0.000000,5,7,9,10,16,30,59,91,210,330,470,566302,0,5,9.866441748661332,2.2539909987244755,468.034589997842,224.12495982708873
1789507086,100,,Aggregated,326.700000,0.000000,5,7,9,10,16,30,59,91,210,330,470,566636,0,5,9.868160194476545,2.2539909987244755,468.034589997842,224.1244767363881
1789507087,100,,Aggregated,326.700000,0.000000,5,7,9,10,16,30,59,91,210,330,470,566958,0,5,9.866922924942255,2.2539909987244755,468.034589997842,224.1244536632343
1789507088,100,,Aggregated,325.700000,0.000000,5,7,9,10,16,30,59,91,210,330,470,567286,0,5,9.865338719629113,2.2539909987244755,468.034589997842,224.12480477219603
1789507089,100,,Aggregated,325.100000,0.000000,5,7,9,10,16,30,59,91,210,330,470,567604,0,5,9.864557117567117,2.2539909987244755,468.034589997842,224.1246555697282
1789507090,100,,Aggregated,325.500000,0.000000,5,7,9,10,16,30,59,91,210,330,470,567927,0,5,9.864244388531475,2.2539909987244755,468.034589997842,224.12485759613472
1789507091,100,,Aggregated,324.500000,0.000000,5,7,9,10,16,30,59,91,210,330,470,568242,0,5,9.863868511631457,2.2539909987244755,468.034589997842,224.12448041503444
1789507092,100,,Aggregated,323.000000,0.000000,5,7,9,10,16,30,58,91,210,330,470,568576,0,5,9.861561028060374,2.2539909987244755,468.034589997842,224.1244582958127
1789507093,100,,Aggregated,322.900000,0.000000,5,7,9,10,16,30,58,90,210,330,470,568895,0,5,9.859953362705717,2.2539909987244755,468.034589997842,224.12392445003033
1789507094,100,,Aggregated,321.200000,0.000000,5,7,9,10,16,30,58,90,210,330,470,569217,0,5,9.860190548273343,2.2539909987244755,468.034589997842,224.1238104273063
1789507095,100,,Aggregated,322.100000,0.000000,5,7,9,10,16,30,58,90,210,330,470,569558,0,5,9.858229228541148,2.2539909987244755,468.034589997842,224.12325522598226
1789507096,100,,Aggregated,321.900000,0.000000,5,7,9,10,16,30,58,90,210,330,470,569890,0,5,9.858792351861748,2.2539909987244755,468.034589997842,224.12365193282915
1789507097,100,,Aggregated,320.800000,0.000000,5,7,9,10,16,30,58,90,210,330,470,570210,0,5,9.857730323921764,2.2539909987244755,468.034589997842,224.1240420196068
1789507098,100,,Aggregated,323.900000,0.000000,5,7,9,10,16,30,58,90,210,330,470,570531,0,5,9.855503256204239,2.2539909987244755,468.034589997842,224.12405986703615
1789507099,100,,Aggregated,324.800000,0.000000,5,7,9,10,16,30,58,90,210,330,470,570837,0,5,9.858868923858186,2.2539909987244755,468.034589997842,224.1248955481162
1789507100,100,,Aggregated,324.600000,0.000000,5,7,9,10,16,30,58,90,210,330,470,571154,0,5,9.856718937837122,2.2539909987244755,468.034589997842,224.12526569016413
1789507101,100,,Aggregated,323.400000,0.000000,5,7,9,10,16,30,58,90,210,330,470,571481,0,5,9.854196056149654,2.2539909987244755,468.034589997842,224.1250242790224
1789507102,100,,Aggregated,323.200000,0.000000,5,7,9,10,16,30,58,90,210,330,470,571811,0,5,9.853022734521529,2.2539909987244755,468.034589997842,224.12447469531017
1789507103,100,,Aggregated,322.800000,0.000000,5,7,9,10,16,30,58,90,210,330,470,572131,0,5,9.854354938343661,2.2539909987244755,468.034589997842,224.1253803761726
1789507104,100,,Aggregated,322.800000,0.000000,5,7,9,10,16,30,59,90,210,330,470,572408,0,5,9.87652774040974,2.2539909987244755,468.034589997842,224.12580886360777
1789507105,100,,Aggregated,323.300000,0.000000,5,7,9,10,17,30,60,92,210,330,470,572649,0,5,9.92533653144511,2.2539909987244755,468.034589997842,224.12550620013306
1789507106,100,,Aggregated,320.500000,0.000000,5,7,9,10,17,30,60,93,210,330,470,572912,0,5,9.956804820774286,2.2539909987244755,468.034589997842,224.1249249448432
1789507107,100,,Aggregated,313.900000,0.000000,5,7,9,10,17,31,61,93,210,330,470,573202,0,5,9.981462236205456,2.2539909987244755,468.034589997842,224.1256171471837
1789507108,100,,Aggregated,306.000000,0.000000,5,7,9,10,17,31,61,93,210,330,470,573483,0,5,9.986429474138644,2.2539909987244755,468.034589997842,224.12636468735778
1789507109,100,,Aggregated,300.100000,0.000000,5,7,9,10,17,31,61,94,210,330,470,573814,0,5,10.001759586060144,2.2539909987244755,468.034589997842,224.12662988355112
1789507110,100,,Aggregated,297.600000,0.000000,5,7,9,10,17,31,61,94,210,330,470,574141,0,5,10.002596357064762,2.2539909987244755,468.034589997842,224.1275453242322
1789507111,100,,Aggregated,296.000000,0.000000,5,7,9,10,17,31,61,94,210,330,470,574460,0,5,10.00276648326522,2.2539909987244755,468.034589997842,224.12751279462452
1789507112,100,,Aggregated,296.900000,0.000000,5,7,9,10,17,31,61,94,210,330,470,574782,0,5,10.001867197853407,2.2539909987244755,468.034589997842,224.12765361476178
1789507113,100,,Aggregated,298.500000,0.000000,5,7,9,10,17,31,61,94,210,330,470,575105,0,5,10.001121317384888,2.2539909987244755,468.034589997842,224.12742021022248
1789507114,100,,Aggregated,296.200000,0.000000,5,7,9,10,17,31,61,93,210,330,470,575412,0,5,9.99905747529175,2.2539909987244755,468.034589997842,224.1277606306438
1789507115,100,,Aggregated,296.300000,0.000000,5,7,9,10,17,31,61,93,210,330,470,575745,0,5,9.999681555067951,2.2539909987244755,468.034589997842,224.12825990672954
1789507116,100,,Aggregated,298.200000,0.000000,5,7,9,10,17,31,61,93,210,330,470,576071,0,5,9.997409599396006,2.2539909987244755,468.034589997842,224.12877926505587
