Timestamp,User Count,Type,Name,Requests/s,Failures/s,50%,66%,75%,80%,90%,95%,98%,99%,99.9%,99.99%,100%,Total Request Count,Total Failure Count,Total Median Response Time,Total Average Response Time,Total Min Response Time,Total Max Response Time,Total Average Content Size
1789527141,0,,Aggregated,0.000000,0.000000,N/A,N/A,N/A,N/A,N/A,N/A,N/A,N/A,N/A,N/A,N/A,0,0,0,0.0,0,0,0
1789527142,2,,Aggregated,0.000000,0.000000,4,4,5,5,6,6,6,6,6,6,6,6,0,4.339676000000736,4.810946166675952,4.339676000000736,5.85933100001057,215.33333333333334
1789527143,4,,Aggregated,0.000000,0.000000,4,5,5,5,6,11,11,11,11,11,11,18,0,4,4.791823055559992,3.5176749999834556,10.520485999990115,232.16666666666666
1789527144,6,,Aggregated,3.000000,0.000000,4,4,5,5,6,8,11,11,11,11,11,40,0,4,4.568172700002293,3.4572559999901387,10.520485999990115,235.05
1789527145,8,,Aggregated,6.000000,0.000000,4,4,5,5,5,6,8,11,11,11,11,65,0,4,4.512048307692742,3.4572559999901387,10.520485999990115,232.26153846153846
1789527146,10,,Aggregated,9.333333,0.000000,4,4,5,5,5,6,8,11,11,11,11,99,0,4,4.447279272727253,3.4572559999901387,10.520485999990115,233.12121212121212
1789527147,10,,Aggregated,12.500000,0.000000,4,4,5,5,5,6,7,8,11,11,11,129,0,4,4.4332892403103905,3.4572559999901387,10.520485999990115,232.11627906976744
1789527148,10,,Aggregated,15.800000,0.000000,4,4,5,5,5,6,7,8,11,11,11,162,0,4,4.455441962963005,3.4572559999901387,10.520485999990115,232.679012345679
1789527149,10,,Aggregated,19.333333,0.000000,4,4,5,5,5,6,7,8,11,11,11,197,0,4,4.426016274111604,3.4572559999901387,10.520485999990115,231.45685279187816
1789527150,10,,Aggregated,21.000000,0.000000,4,4,5,5,5,6,6,8,11,11,11,226,0,4,4.40780885840662,3.4572559999901387,10.520485999990115,231.1946902654867
1789527151,10,,Aggregated,22.875000,0.000000,4,4,5,5,5,6,6,8,11,11,11,257,0,4,4.400546887159278,3.4572559999901387,10.520485999990115,231.19844357976655
1789527152,10,,Aggregated,23.444444,0.000000,4,4,5,5,5,6,6,8,11,11,11,293,0,4,4.415107948805322,3.4572559999901387,10.520485999990115,232.3071672354949
1789527153,10,,Aggregated,24.200000,0.000000,4,4,5,5,5,6,6,7,11,11,11,322,0,4,4.405864757763704,3.4572559999901387,10.520485999990115,232.24534161490683
1789527154,10,,Aggregated,27.300000,0.000000,4,4,5,5,5,6,6,7,11,11,11,359,0,4,4.39084257938665,3.4572559999901387,10.520485999990115,231.8857938718663
1789527155,10,,Aggregated,29.900000,0.000000,4,4,5,5,5,6,6,7,11,11,11,391,0,4,4.373346928388292,3.4572559999901387,10.520485999990115,231.17135549872123
1789527156,10,,Aggregated,31.400000,0.000000,4,4,5,5,5,6,6,8,17,17,17,429,0,4,4.395935254078677,3.409386000015502,16.90753900001596,230.995337995338
1789527157,10,,Aggregated,32.500000,0.000000,4,4,5,5,5,6,6,8,17,17,17,461,0,4,4.382099338393961,2.961247999991201,16.90753900001596,231.32104121475055
1789527158,10,,Aggregated,32.900000,0.000000,4,4,4,5,5,6,6,8,17,17,17,497,0,4,4.359284372232592,2.961247999991201,16.90753900001596,231.40643863179073
1789527159,10,,Aggregated,33.000000,0.000000,4,4,4,5,5,6,6,7,17,17,17,530,0,4,4.347374796225962,2.961247999991201,16.90753900001596,230.64528301886793
1789527160,10,,Aggregated,33.100000,0.000000,4,4,4,5,5,6,6,8,29,29,29,563,0,4,4.377874314386959,2.961247999991201,29.32881500001372,230.5328596802842
1789527161,10,,Aggregated,32.900000,0.000000,4,4,4,5,5,6,6,8,29,29,29,595,0,4,4.377722510924353,2.961247999991201,29.32881500001372,230.2268907563025
1789527162,10,,Aggregated,33.400000,0.000000,4,4,4,5,5,6,6,7,29,29,29,629,0,4,4.371062248012632,2.961247999991201,29.32881500001372,230.05087440381558
1789527163,10,,Aggregated,33.700000,0.000000,4,4,4,5,5,5,6,7,29,29,29,663,0,4,4.359424134238276,2.961247999991201,29.32881500001372,229.92156862745097
1789527164,10,,Aggregated,33.500000,0.000000,4,4,4,5,5,5,6,8,29,29,29,694,0,4,4.360266635446658,2.961247999991201,29.32881500001372,229.85878962536023
1789527165,10,,Aggregated,33.300000,0.000000,4,4,4,5,5,5,6,7,29,29,29,729,0,4,4.350643976680264,2.961247999991201,29.32881500001372,229.75582990397805
1789527166,10,,Aggregated,33.700000,0.000000,4,4,4,5,5,5,6,7,29,29,29,759,0,4,4.3395741067192874,2.961247999991201,29.32881500001372,229.7246376811594
1789527167,10,,Aggregated,33.600000,0.000000,4,4,4,5,5,5,6,7,29,29,29,791,0,4,4.337786279393111,2.961247999991201,29.32881500001372,229.47914032869784
1789527168,10,,Aggregated,33.500000,0.000000,4,4,4,5,5,5,6,7,29,29,29,829,0,4,4.334454330518944,2.961247999991201,29.32881500001372,229.6381182147165
1789527169,10,,Aggregated,32.800000,0.000000,4,4,4,5,5,5,6,7,29,29,29,860,0,4,4.327536517442022,2.961247999991201,29.32881500001372,229.7046511627907
1789527170,10,,Aggregated,33.200000,0.000000,4,4,4,5,5,5,6,7,29,29,29,895,0,4,4.3210228324023845,2.961247999991201,29.32881500001372,229.5005586592179
1789527171,10,,Aggregated,33.500000,0.000000,4,4,5,5,5,6,7,11,29,29,29,931,0,4,4.4106072008593555,2.961247999991201,29.32881500001372,229.4425349087003
1789527172,10,,Aggregated,33.000000,0.000000,4,4,5,5,5,7,10,12,29,29,29,962,0,4,4.577911348232979,2.961247999991201,29.32881500001372,229.18607068607068
1789527173,10,,Aggregated,33.000000,0.000000,4,4,5,5,6,9,12,13,29,29,29,994,0,4,4.750747142857292,2.961247999991201,29.32881500001372,228.88531187122737
1789527174,10,,Aggregated,33.400000,0.000000,4,4,5,5,8,9,12,14,17,29,29,1027,0,4,4.913455184031322,2.961247999991201,29.32881500001372,228.76241480038948
1789527175,10,,Aggregated,33.600000,0.000000,4,4,5,5,9,10,12,14,17,29,29,1061,0,4,5.073325845428991,2.961247999991201,29.32881500001372,228.62865221489162
1789527176,10,,Aggregated,33.000000,0.000000,4,5,5,5,9,10,12,14,17,29,29,1096,0,4,5.203171756386957,2.961247999991201,29.32881500001372,228.41332116788323
1789527177,10,,Aggregated,33.000000,0.000000,4,5,5,6,9,11,12,14,17,29,29,1131,0,4,5.334764737400556,2.961247999991201,29.32881500001372,228.34305923961097
1789527178,10,,Aggregated,33.200000,0.000000,4,5,5,8,9,11,12,14,17,29,29,1166,0,4,5.44541775557458,2.961247999991201,29.32881500001372,228.13464837049742
1789527179,10,,Aggregated,33.800000,0.000000,4,5,6,8,9,11,13,15,29,29,29,1203,0,4,5.60774846467167,2.961247999991201,29.32881500001372,228.04239401496258
1789527180,10,,Aggregated,33.800000,0.000000,4,5,7,8,9,11,13,15,29,29,29,1237,0,4,5.6878995109134936,2.961247999991201,29.32881500001372,228.30153597413096
1789527181,10,,Aggregated,33.700000,0.000000,4,5,8,9,10,11,13,15,29,29,29,1270,0,4,5.782234054330735,2.961247999991201,29.32881500001372,228.2464566929134
1789527182,10,,Aggregated,34.300000,0.000000,4,5,8,9,10,11,13,14,29,29,29,1303,0,4,5.881055427475156,2.961247999991201,29.32881500001372,228.08135072908672
1789527183,10,,Aggregated,34.300000,0.000000,4,5,8,9,10,11,13,14,29,29,29,1332,0,4,5.942923125375544,2.961247999991201,29.32881500001372,227.95420420420422
1789527184,10,,Aggregated,33.700000,0.000000,4,6,8,9,10,12,13,15,29,29,29,1363,0,4,6.0360344013208485,2.961247999991201,29.32881500001372,227.7549523110785
1789527185,10,,Aggregated,33.600000,0.000000,4,6,9,9,10,12,13,15,29,29,29,1391,0,4,6.106576018691791,2.961247999991201,29.32881500001372,227.74478792235803
1789527186,10,,Aggregated,33.400000,0.000000,5,7,9,9,10,12,13,15,29,29,29,1421,0,5,6.177120244898109,2.961247999991201,29.32881500001372,227.7058409570725
1789527187,10,,Aggregated,33.400000,0.000000,5,8,9,9,10,12,13,15,29,29,29,1448,0,5,6.235752515884075,2.961247999991201,29.32881500001372,227.55662983425415
1789527188,10,,Aggregated,33.200000,0.000000,5,8,9,9,10,12,13,15,29,29,29,1479,0,5,6.293070655172526,2.8658020000023043,29.32881500001372,227.473968897904
1789527189,10,,Aggregated,32.100000,0.000000,5,8,9,9,10,12,14,15,29,29,29,1513,0,5,6.370603244547432,2.8658020000023043,29.32881500001372,227.38863185723727
1789527190,10,,Aggregated,31.600000,0.000000,5,8,9,9,10,12,14,15,29,29,29,1544,0,5,6.43214546955973,2.8658020000023043,29.32881500001372,227.24352331606218
1789527191,10,,Aggregated,31.000000,0.000000,5,8,9,9,10,12,14,15,29,29,29,1578,0,5,6.489794057034344,2.8658020000023043,29.32881500001372,227.16413181242078
1789527192,10,,Aggregated,30.700000,0.000000,5,8,9,9,11,12,14,15,29,29,29,1608,0,5,6.548373919776144,2.8658020000023043,29.32881500001372,227.13059701492537
1789527193,10,,Aggregated,30.800000,0.000000,5,8,9,9,11,12,14,15,29,29,29,1638,0,5,6.597364974359039,2.8658020000023043,29.32881500001372,227.1037851037851
1789527194,10,,Aggregated,30.800000,0.000000,5,9,9,9,11,12,14,15,29,29,29,1674,0,5,6.655145233572272,2.8658020000023043,29.32881500001372,227.08183990442055
1789527195,10,,Aggregated,30.500000,0.000000,5,9,9,9,11,12,14,15,29,29,29,1707,0,5,6.730832487990743,2.8658020000023043,29.32881500001372,226.98066783831283
1789527196,10,,Aggregated,31.200000,0.000000,5,9,9,9,11,12,14,15,29,29,29,1739,0,5,6.7911844514089665,2.8658020000023043,29.32881500001372,226.9217941345601
1789527197,10,,Aggregated,31.100000,0.000000,5,9,9,9,11,12,14,15,29,29,29,1771,0,5,6.834845002823321,2.8658020000023043,29.32881500001372,227.01863354037266
1789527198,10,,Aggregated,31.200000,0.000000,5,9,9,9,11,12,14,15,29,29,29,1804,0,5,6.866302385255087,2.8658020000023043,29.32881500001372,226.9950110864745
1789527199,10,,Aggregated,31.700000,0.000000,6,9,9,9,11,12,14,15,29,29,29,1836,0,6,6.908236391612264,2.8658020000023043,29.32881500001372,226.98747276688454
1789527200,10,,Aggregated,32.300000,0.000000,6,9,9,9,11,12,14,15,29,29,29,1867,0,6,6.953545827530814,2.8658020000023043,29.32881500001372,226.99892876272094
1789527201,10,,Aggregated,32.200000,0.000000,6,9,9,9,11,12,14,15,29,29,29,1901,0,6,7.004817381378224,2.8658020000023043,29.32881500001372,226.93845344555498
1789527202,10,,Aggregated,32.100000,0.000000,7,9,9,9,11,12,14,15,29,29,29,1936,0,7,7.0401686089875914,2.8658020000023043,29.32881500001372,227.05268595041323
1789527203,10,,Aggregated,31.900000,0.000000,8,9,9,9,11,12,14,15,29,29,29,1966,0,8,7.072502050864707,2.8658020000023043,29.32881500001372,226.95930824008138
1789527204,10,,Aggregated,32.200000,0.000000,8,9,9,9,11,12,14,15,29,29,29,1993,0,8,7.100476250376299,2.8658020000023043,29.32881500001372,226.9337681886603
1789527205,10,,Aggregated,32.600000,0.000000,8,9,9,9,11,12,14,15,21,29,29,2024,0,8,7.13370378063236,2.8658020000023043,29.32881500001372,226.82905138339922
1789527206,10,,Aggregated,31.800000,0.000000,8,9,9,10,11,12,14,15,21,29,29,2054,0,8,7.173980407497526,2.8658020000023043,29.32881500001372,226.87439143135344
1789527207,10,,Aggregated,31.700000,0.000000,8,9,9,10,11,12,14,15,21,29,29,2089,0,8,7.216928924844381,2.8658020000023043,29.32881500001372,226.80947821924366
1789527208,10,,Aggregated,31.700000,0.000000,8,9,9,10,11,12,14,15,21,29,29,2120,0,8,7.245515524528223,2.8658020000023043,29.32881500001372,226.83632075471698
1789527209,10,,Aggregated,31.600000,0.000000,8,9,9,10,11,12,14,15,21,29,29,2154,0,8,7.278267961466952,2.8658020000023043,29.32881500001372,226.80640668523677
1789527210,10,,Aggregated,31.200000,0.000000,8,9,9,10,11,12,14,15,21,29,29,2186,0,8,7.300981374199337,2.8658020000023043,29.32881500001372,226.73924977127172
1789527211,10,,Aggregated,31.600000,0.000000,8,9,9,10,11,12,14,15,21,29,29,2222,0,8,7.331393582808184,2.8658020000023043,29.32881500001372,226.5823582358236
1789527212,10,,Aggregated,32.000000,0.000000,8,9,9,10,11,12,14,15,21,29,29,2251,0,8,7.365735585517486,2.8658020000023043,29.32881500001372,226.49711239449132
1789527213,10,,Aggregated,32.100000,0.000000,8,9,9,10,11,12,14,15,21,29,29,2283,0,8,7.391550358738428,2.8658020000023043,29.32881500001372,226.35611038107754
1789527214,10,,Aggregated,31.800000,0.000000,8,9,9,10,11,12,14,15,21,29,29,2318,0,8,7.418625702760992,2.8658020000023043,29.32881500001372,226.24547023295943
1789527215,10,,Aggregated,31.600000,0.000000,8,9,9,10,11,12,14,15,21,29,29,2353,0,8,7.448247944751373,2.8658020000023043,29.32881500001372,226.1742456438589
1789527216,10,,Aggregated,32.100000,0.000000,8,9,9,10,11,12,14,15,21,29,29,2384,0,8,7.469188602348956,2.8658020000023043,29.32881500001372,226.13842281879195
1789527217,10,,Aggregated,32.700000,0.000000,8,9,9,10,11,12,14,15,21,29,29,2412,0,8,7.488365077943537,2.8658020000023043,29.32881500001372,225.98383084577114
1789527218,10,,Aggregated,32.800000,0.000000,8,9,9,10,11,12,14,15,21,29,29,2445,0,8,7.512024947648203,2.8658020000023043,29.32881500001372,225.79345603271983
1789527219,10,,Aggregated,32.700000,0.000000,8,9,9,10,11,12,14,15,21,29,29,2478,0,8,7.544089202582664,2.8658020000023043,29.32881500001372,225.7546408393866
1789527220,10,,Aggregated,32.300000,0.000000,8,9,9,10,11,12,14,15,21,29,29,2506,0,8,7.56553965403029,2.8658020000023043,29.32881500001372,225.8659217877095
1789527221,10,,Aggregated,32.500000,0.000000,8,9,9,10,11,12,14,15,21,29,29,2540,0,8,7.58508084330703,2.8658020000023043,29.32881500001372,225.90393700787402
1789527222,10,,Aggregated,32.100000,0.000000,8,9,9,10,11,12,14,15,21,29,29,2573,0,8,7.607001041974318,2.8658020000023043,29.32881500001372,225.86669257675865
1789527223,10,,Aggregated,32.000000,0.000000,8,9,9,10,11,12,14,15,21,29,29,2602,0,8,7.622236222136776,2.8658020000023043,29.32881500001372,225.87240584166025
1789527224,10,,Aggregated,32.200000,0.000000,8,9,9,10,11,12,14,15,21,29,29,2637,0,8,7.631970157754946,2.8658020000023043,29.32881500001372,225.81569965870307
1789527225,10,,Aggregated,31.900000,0.000000,8,9,9,10,11,12,14,15,21,29,29,2671,0,8,7.652814554473868,2.8658020000023043,29.32881500001372,225.82141520029953
1789527226,10,,Aggregated,31.800000,0.000000,8,9,9,10,11,12,14,15,21,29,29,2704,0,8,7.675770282174433,2.8658020000023043,29.32881500001372,225.8032544378698
1789527227,10,,Aggregated,31.600000,0.000000,8,9,9,10,11,12,14,15,21,29,29,2737,0,8,7.694647829009747,2.8658020000023043,29.32881500001372,225.80087687248812
1789527228,10,,Aggregated,31.600000,0.000000,8,9,9,10,11,12,14,15,21,29,29,2768,0,8,7.710888869219526,2.8658020000023043,29.32881500001372,225.76806358381504
1789527229,10,,Aggregated,32.300000,0.000000,8,9,9,10,11,12,14,15,21,29,29,2803,0,8,7.726802095611676,2.8658020000023043,29.32881500001372,225.69853728148414
1789527230,10,,Aggregated,32.400000,0.000000,9,9,9,10,11,12,14,15,21,29,29,2830,0,9,7.739646797526343,2.8658020000023043,29.32881500001372,225.66183745583038
1789527231,10,,Aggregated,32.000000,0.000000,9,9,9,10,11,12,14,15,21,29,29,2864,0,9,7.754845292248446,2.8658020000023043,29.32881500001372,225.66899441340783
1789527232,10,,Aggregated,32.200000,0.000000,9,9,9,10,11,12,14,15,21,29,29,2893,0,9,7.765214698928268,2.8658020000023043,29.32881500001372,225.59903214656066
1789527233,10,,Aggregated,31.900000,0.000000,9,9,9,10,11,12,14,15,21,29,29,2927,0,9,7.775395445848797,2.8658020000023043,29.32881500001372,225.59104885548342
1789527234,10,,Aggregated,32.400000,0.000000,9,9,9,10,11,12,14,15,21,29,29,2957,0,9,7.7965714768344325,2.8658020000023043,29.32881500001372,225.60432871153196
1789527235,10,,Aggregated,32.000000,0.000000,9,9,9,10,11,12,14,15,21,29,29,2989,0,9,7.809466505854602,2.8658020000023043,29.32881500001372,225.6145868183339
1789527236,10,,Aggregated,32.500000,0.000000,9,9,9,10,11,13,14,15,19,29,29,3022,0,9,7.841660124751619,2.8658020000023043,29.32881500001372,225.53871608206487
1789527237,10,,Aggregated,32.300000,0.000000,9,9,9,10,11,13,14,15,19,29,29,3048,0,9,7.856622901902699,2.8658020000023043,29.32881500001372,225.57578740157481
1789527238,10,,Aggregated,31.800000,0.000000,9,9,9,10,11,13,14,16,22,29,29,3082,0,9,7.889282863724657,2.8658020000023043,29.32881500001372,225.59669046073978
1789527239,10,,Aggregated,31.200000,0.000000,9,9,9,10,11,13,14,16,22,29,29,3114,0,9,7.90240684553608,2.8658020000023043,29.32881500001372,225.592164418754
1789527240,10,,Aggregated,31.200000,0.000000,9,9,9,10,11,13,14,16,22,29,29,3148,0,9,7.923153912007456,2.8658020000023043,29.32881500001372,225.58354510800507
1789527241,10,,Aggregated,31.500000,0.000000,9,9,9,10,11,13,14,16,22,29,29,3182,0,9,7.938704131363742,2.8658020000023043,29.32881500001372,225.63167818981773
1789527242,10,,Aggregated,31.400000,0.000000,9,9,9,10,11,13,14,16,22,29,29,3213,0,9,7.961744943354927,2.8658020000023043,29.32881500001372,225.59290382819793
1789527243,10,,Aggregated,31.800000,0.000000,9,9,9,10,11,13,15,16,22,29,29,3244,0,9,7.991725820283375,2.8658020000023043,29.32881500001372,225.5530209617756
1789527244,10,,Aggregated,31.400000,0.000000,9,9,9,10,11,13,15,16,22,29,29,3273,0,9,8.009140039718707,2.8658020000023043,29.32881500001372,225.50443018637336
1789527245,10,,Aggregated,31.800000,0.000000,9,9,9,10,11,13,15,16,22,29,29,3306,0,9,8.014991043859483,2.8658020000023043,29.32881500001372,225.44978826376285
1789527246,10,,Aggregated,31.500000,0.000000,9,9,9,10,11,13,15,16,22,29,29,3336,0,9,8.022014488608985,2.8658020000023043,29.32881500001372,225.42206235011992
1789527247,10,,Aggregated,31.200000,0.000000,9,9,9,10,11,13,15,16,22,29,29,3371,0,9,8.035624882230696,2.8658020000023043,29.32881500001372,225.42005339661821
1789527248,10,,Aggregated,31.600000,0.000000,9,9,9,10,11,13,15,16,22,29,29,3406,0,9,8.04483949559585,2.8658020000023043,29.32881500001372,225.3667058132707
1789527249,10,,Aggregated,31.700000,0.000000,9,9,9,10,11,13,15,16,22,29,29,3433,0,9,8.054440381881559,2.8658020000023043,29.32881500001372,225.42994465482084
1789527250,10,,Aggregated,32.100000,0.000000,9,9,9,10,11,13,15,16,22,29,29,3467,0,9,8.06841865099493,2.8658020000023043,29.32881500001372,225.42457456013844
1789527251,10,,Aggregated,31.800000,0.000000,9,9,9,10,11,13,15,16,22,29,29,3499,0,9,8.078042590168495,2.8658020000023043,29.32881500001372,225.44612746498998
1789527252,10,,Aggregated,31.800000,0.000000,9,9,9,10,11,13,15,16,22,29,29,3533,0,9,8.086570130766942,2.8658020000023043,29.32881500001372,225.37701669968865
1789527253,10,,Aggregated,31.600000,0.000000,9,9,9,10,11,13,15,16,22,29,29,3567,0,9,8.107215319596245,2.8658020000023043,29.32881500001372,225.35912531539108
1789527254,10,,Aggregated,31.800000,0.000000,9,9,9,10,11,13,15,16,22,29,29,3597,0,9,8.122155724214503,2.8658020000023043,29.32881500001372,225.38393105365583
1789527255,10,,Aggregated,32.100000,0.000000,9,9,9,10,11,13,15,16,22,29,29,3626,0,9,8.13344296469926,2.8658020000023043,29.32881500001372,225.3899613899614
1789527256,10,,Aggregated,32.100000,0.000000,9,9,10,10,11,13,15,16,22,29,29,3658,0,9,8.143971101421453,2.8658020000023043,29.32881500001372,225.3745215965008
1789527257,10,,Aggregated,32.300000,0.000000,9,9,10,10,11,13,15,16,22,29,29,3694,0,9,8.155028613968545,2.8658020000023043,29.32881500001372,225.34461288576068
1789527258,10,,Aggregated,32.200000,0.000000,9,9,10,10,11,13,15,16,22,29,29,3723,0,9,8.160361481600763,2.8658020000023043,29.32881500001372,225.32715551974215
1789527259,10,,Aggregated,32.100000,0.000000,9,9,10,10,11,13,15,16,22,29,29,3758,0,9,8.17013639302806,2.8658020000023043,29.32881500001372,225.34007450771688
1789527260,10,,Aggregated,32.100000,0.000000,9,9,10,10,11,13,15,16,22,29,29,3788,0,9,8.176991013199434,2.8658020000023043,29.32881500001372,225.291974656811
1789527261,10,,Aggregated,32.300000,0.000000,9,9,10,10,11,13,15,16,22,29,29,3817,0,9,8.187605520827708,2.8658020000023043,29.32881500001372,225.3335079905685
1789527262,10,,Aggregated,32.200000,0.000000,9,9,10,10,11,13,15,16,22,29,29,3849,0,9,8.196627266562613,2.8658020000023043,29.32881500001372,225.29851909586907
1789527263,10,,Aggregated,32.000000,0.000000,9,9,10,10,11,13,15,16,22,29,29,3879,0,9,8.203728375869952,2.8658020000023043,29.32881500001372,225.28950760505285
1789527264,10,,Aggregated,31.800000,0.000000,9,9,10,10,11,13,15,16,22,29,29,3916,0,9,8.21289590960149,2.8658020000023043,29.32881500001372,225.3005617977528
1789527265,10,,Aggregated,31.500000,0.000000,9,9,10,10,11,13,15,16,22,29,29,3945,0,9,8.224853421546106,2.8658020000023043,29.32881500001372,225.31964512040557
1789527266,10,,Aggregated,31.300000,0.000000,9,9,10,10,11,13,15,16,22,29,29,3977,0,9,8.229721199647823,2.8658020000023043,29.32881500001372,225.34096052300728
1789527267,10,,Aggregated,31.600000,0.000000,9,9,10,10,11,13,15,16,22,29,29,4007,0,9,8.237244143997845,2.8658020000023043,29.32881500001372,225.34190167207387
1789527268,10,,Aggregated,31.400000,0.000000,9,9,10,10,11,13,15,16,22,29,29,4036,0,9,8.243724807234733,2.8658020000023043,29.32881500001372,225.30302279484638
1789527269,10,,Aggregated,31.600000,0.000000,9,9,10,10,11,13,14,16,22,29,29,4070,0,9,8.250460163390505,2.8658020000023043,29.32881500001372,225.3108108108108
1789527270,10,,Aggregated,31.300000,0.000000,9,9,10,10,11,13,14,16,22,29,29,4103,0,9,8.25106630075539,2.8658020000023043,29.32881500001372,225.32512795515476
1789527271,10,,Aggregated,30.600000,0.000000,9,9,10,10,11,13,14,16,22,29,29,4136,0,9,8.260819181092684,2.8658020000023043,29.32881500001372,225.27224371373308
1789527272,10,,Aggregated,31.500000,0.000000,9,9,10,10,11,13,14,16,22,29,29,4167,0,9,8.271640588192788,2.8658020000023043,29.32881500001372,225.21118310535158
1789527273,10,,Aggregated,31.600000,0.000000,9,9,10,10,11,13,15,16,22,29,29,4197,0,9,8.292100467000042,2.8658020000023043,29.32881500001372,225.20133428639505
1789527274,10,,Aggregated,31.600000,0.000000,9,9,10,10,11,13,15,16,22,29,29,4231,0,9,8.299197839045009,2.8658020000023043,29.32881500001372,225.18837154337035
1789527275,10,,Aggregated,31.800000,0.000000,9,9,10,10,11,13,14,16,22,29,29,4261,0,9,8.305106623562386,2.8658020000023043,29.32881500001372,225.2328091997184
1789527276,10,,Aggregated,31.800000,0.000000,9,9,10,10,11,13,14,16,22,29,29,4294,0,9,8.314364611550841,2.8658020000023043,29.32881500001372,225.21658127619935
1789527277,10,,Aggregated,31.500000,0.000000,9,9,10,10,11,13,14,16,22,29,29,4330,0,9,8.317686774826562,2.8658020000023043,29.32881500001372,225.17967667436488
1789527278,10,,Aggregated,31.600000,0.000000,9,9,10,10,11,13,14,16,22,29,29,4360,0,9,8.32533001123831,2.8658020000023043,29.32881500001372,225.17155963302753
1789527279,10,,Aggregated,31.800000,0.000000,9,9,10,10,11,13,14,16,22,29,29,4391,0,9,8.339387158961257,2.8658020000023043,29.32881500001372,225.1673878387611
1789527280,10,,Aggregated,32.300000,0.000000,9,9,10,10,11,13,14,16,22,29,29,4422,0,9,8.342261226141854,2.8658020000023043,29.32881500001372,225.1010854816825
1789527281,10,,Aggregated,32.700000,0.000000,9,9,10,10,11,13,14,16,22,29,29,4459,0,9,8.34870393182317,2.8658020000023043,29.32881500001372,225.06100022426554
1789527282,10,,Aggregated,31.700000,0.000000,9,9,10,10,11,13,15,16,22,29,29,4490,0,9,8.35153563140303,2.8658020000023043,29.32881500001372,225.0772828507795
1789527283,10,,Aggregated,32.000000,0.000000,9,9,10,10,11,13,15,16,22,29,29,4523,0,9,8.34921813398175,2.8658020000023043,29.32881500001372,225.0924165376962
1789527284,10,,Aggregated,32.000000,0.000000,9,9,10,10,11,13,14,16,22,29,29,4557,0,9,8.345716065174342,2.8658020000023043,29.32881500001372,225.0195303928023
1789527285,10,,Aggregated,32.100000,0.000000,9,9,10,10,11,13,14,16,22,29,29,4591,0,9,8.354766339577322,2.8658020000023043,29.32881500001372,225.04791984317143
1789527286,10,,Aggregated,32.100000,0.000000,9,9,10,10,11,13,14,16,22,29,29,4622,0,9,8.364665948290694,2.8658020000023043,29.32881500001372,225.04348766767632
1789527287,10,,Aggregated,32.500000,0.000000,9,9,10,10,11,13,14,16,22,29,29,4649,0,9,8.37258569950515,2.8658020000023043,29.32881500001372,225.02430630243063
1789527288,10,,Aggregated,32.800000,0.000000,9,9,10,10,11,13,14,16,22,29,29,4682,0,9,8.377000197137868,2.8658020000023043,29.32881500001372,225.00149508756942
1789527289,10,,Aggregated,32.500000,0.000000,9,9,10,10,11,13,14,16,22,29,29,4717,0,9,8.384908125291407,2.8658020000023043,29.32881500001372,224.99512401950392
1789527290,10,,Aggregated,31.800000,0.000000,9,9,10,10,11,13,14,16,22,29,29,4750,0,9,8.399580291578879,2.8658020000023043,29.32881500001372,224.98105263157893
1789527291,10,,Aggregated,31.800000,0.000000,9,9,10,10,11,13,14,16,22,29,29,4782,0,9,8.409986598494287,2.8658020000023043,29.32881500001372,224.90547887913007
1789527292,10,,Aggregated,32.500000,0.000000,9,9,10,10,12,13,14,16,22,29,29,4816,0,9,8.41684684655306,2.8658020000023043,29.32881500001372,224.92400332225913
1789527293,10,,Aggregated,32.700000,0.000000,9,9,10,10,12,13,14,16,22,29,29,4851,0,9,8.42522100412276,2.8658020000023043,29.32881500001372,224.92764378478665
1789527294,10,,Aggregated,32.500000,0.000000,9,9,10,10,12,13,14,16,22,29,29,4876,0,9,8.433443706726697,2.8658020000023043,29.32881500001372,224.91940114848236
1789527295,10,,Aggregated,32.500000,0.000000,9,9,10,10,12,13,14,16,22,29,29,4908,0,9,8.437103251222364,2.8658020000023043,29.32881500001372,224.88488182559087
1789527296,10,,Aggregated,32.600000,0.000000,9,9,10,10,12,13,14,16,22,29,29,4939,0,9,8.449724539785224,2.8658020000023043,29.32881500001372,224.89997975298644
1789527297,10,,Aggregated,31.900000,0.000000,9,9,10,10,12,13,15,16,22,29,29,4968,0,9,8.457456415660038,2.8658020000023043,29.32881500001372,224.91787439613526
1789527298,10,,Aggregated,31.900000,0.000000,9,9,10,10,12,13,15,16,22,29,29,4998,0,9,8.461769105441991,2.8658020000023043,29.32881500001372,224.9123649459784
1789527299,10,,Aggregated,31.700000,0.000000,9,9,10,10,12,13,14,16,21,29,29,5032,0,9,8.461977053855152,2.4468099999808146,29.32881500001372,224.9215023847377
1789527300,10,,Aggregated,31.800000,0.000000,9,9,10,10,12,13,14,16,21,29,29,5068,0,9,8.474935524664387,2.4468099999808146,29.32881500001372,224.9556037884767
1789527301,10,,Aggregated,31.900000,0.000000,9,9,10,10,12,13,15,16,21,29,29,5100,0,9,8.478588170784121,2.4468099999808146,29.32881500001372,224.90313725490196
1789527302,10,,Aggregated,31.500000,0.000000,9,9,10,10,12,13,15,16,21,29,29,5134,0,9,8.492238263926598,2.4468099999808146,29.32881500001372,224.92072458122323
1789527303,10,,Aggregated,31.700000,0.000000,9,9,10,10,12,13,15,16,21,29,29,5164,0,9,8.50361366169617,2.4468099999808146,29.32881500001372,224.93299767622
1789527304,10,,Aggregated,31.600000,0.000000,9,9,10,10,12,13,15,16,21,29,29,5196,0,9,8.510589649345443,2.4468099999808146,29.32881500001372,224.92551963048498
1789527305,10,,Aggregated,32.000000,0.000000,9,9,10,10,12,13,15,16,21,29,29,5230,0,9,8.510244753537087,2.4468099999808146,29.32881500001372,224.90841300191204
1789527306,10,,Aggregated,31.600000,0.000000,9,9,10,10,12,13,15,16,21,29,29,5263,0,9,8.515852284818356,2.4468099999808146,29.32881500001372,224.94698840965228
1789527307,10,,Aggregated,32.100000,0.000000,9,9,10,10,12,13,15,16,21,29,29,5297,0,9,8.51523463545386,2.4468099999808146,29.32881500001372,224.9295827827072
1789527308,10,,Aggregated,32.200000,0.000000,9,9,10,10,12,13,15,16,21,29,29,5323,0,9,8.515641078714834,2.4468099999808146,29.32881500001372,224.9432650760849
1789527309,10,,Aggregated,32.400000,0.000000,9,9,10,10,12,13,15,16,21,29,29,5354,0,9,8.515673434254587,2.4468099999808146,29.32881500001372,224.96544639521852
1789527310,10,,Aggregated,32.500000,0.000000,9,9,10,10,12,13,15,16,21,29,29,5383,0,9,8.521712180010987,2.4468099999808146,29.32881500001372,224.92179082296119
1789527311,10,,Aggregated,32.200000,0.000000,9,9,10,10,12,13,15,16,21,29,29,5413,0,9,8.535154378902446,2.4468099999808146,29.32881500001372,224.88195085904306
1789527312,10,,Aggregated,32.200000,0.000000,9,9,10,10,12,13,15,16,21,29,29,5448,0,9,8.539842823604792,2.4468099999808146,29.32881500001372,224.90290014684288
1789527313,10,,Aggregated,31.100000,0.000000,9,9,10,10,12,13,15,16,21,29,29,5481,0,9,8.54835544298463,2.4468099999808146,29.32881500001372,224.87374566684912
1789527314,10,,Aggregated,31.600000,0.000000,9,9,10,10,12,13,15,16,21,29,29,5514,0,9,8.562538837322982,2.4468099999808146,29.32881500001372,224.87033006891548
1789527315,10,,Aggregated,30.800000,0.000000,9,9,10,10,12,13,15,16,21,29,29,5552,0,9,8.56711052107327,2.4468099999808146,29.32881500001372,224.84329971181558
1789527316,10,,Aggregated,31.500000,0.000000,9,9,10,10,12,13,15,16,21,29,29,5581,0,9,8.574584453502727,2.4468099999808146,29.32881500001372,224.8837125963089
1789527317,10,,Aggregated,31.500000,0.000000,9,9,10,10,12,13,15,16,21,29,29,5611,0,9,8.577079753163217,2.4468099999808146,29.32881500001372,224.9019782569952
1789527318,10,,Aggregated,31.700000,0.000000,9,9,10,10,12,13,15,17,21,29,29,5647,0,9,8.588941425535467,2.4468099999808146,29.32881500001372,224.90880113334515
1789527319,10,,Aggregated,31.700000,0.000000,9,9,10,10,12,13,15,17,21,29,29,5679,0,9,8.5974185009683,2.4468099999808146,29.32881500001372,224.9020954393379
1789527320,10,,Aggregated,32.000000,0.000000,9,9,10,10,12,13,15,17,21,29,29,5710,0,9,8.60557605394027,2.4468099999808146,29.32881500001372,224.8448336252189
1789527321,10,,Aggregated,32.300000,0.000000,9,9,10,10,12,13,15,17,21,29,29,5739,0,9,8.604976179822085,2.4468099999808146,29.32881500001372,224.85241331242378
1789527322,10,,Aggregated,32.400000,0.000000,9,9,10,10,12,13,15,17,21,29,29,5774,0,9,8.611143942673896,2.4468099999808146,29.32881500001372,224.84014547973675
1789527323,10,,Aggregated,32.600000,0.000000,9,9,10,10,12,13,15,17,22,29,29,5805,0,9,8.618183591042031,2.4468099999808146,29.32881500001372,224.83083548664945
1789527324,10,,Aggregated,32.200000,0.000000,9,9,10,10,12,13,15,17,22,29,29,5839,0,9,8.624883492378695,2.4468099999808146,29.32881500001372,224.8158931323857
1789527325,10,,Aggregated,32.600000,0.000000,9,9,10,10,12,13,15,17,22,29,29,5869,0,9,8.631905255920856,2.4468099999808146,29.32881500001372,224.77236326461068
1789527326,10,,Aggregated,32.400000,0.000000,9,9,10,10,12,13,15,17,22,29,29,5903,0,9,8.641603286295002,2.4468099999808146,29.32881500001372,224.76554294426563
1789527327,10,,Aggregated,32.500000,0.000000,9,9,10,10,12,13,15,17,22,29,29,5936,0,9,8.642401424865135,2.4468099999808146,29.32881500001372,224.76954177897574
1789527328,10,,Aggregated,31.800000,0.000000,9,9,10,10,12,13,15,17,22,29,29,5964,0,9,8.647132524815484,2.4468099999808146,29.32881500001372,224.74329309188465
1789527329,10,,Aggregated,32.200000,0.000000,9,9,10,10,12,13,15,17,22,29,29,6002,0,9,8.657880002665694,2.4468099999808146,29.32881500001372,224.74891702765746
1789527330,10,,Aggregated,32.000000,0.000000,9,9,10,10,12,13,15,17,22,29,29,6030,0,9,8.656796718242056,2.4468099999808146,29.32881500001372,224.72321724709784
1789527331,10,,Aggregated,32.000000,0.000000,9,9,10,10,12,13,15,17,22,29,29,6064,0,9,8.661299241754556,2.4468099999808146,29.32881500001372,224.723944591029
1789527332,10,,Aggregated,32.400000,0.000000,9,9,10,10,12,13,15,17,22,29,29,6095,0,9,8.664311200656192,2.4468099999808146,29.32881500001372,224.7529122231337
1789527333,10,,Aggregated,32.100000,0.000000,9,9,10,10,12,13,15,17,22,29,29,6123,0,9,8.66621222031675,2.4468099999808146,29.32881500001372,224.74995917034133
1789527334,10,,Aggregated,32.400000,0.000000,9,9,10,10,12,13,15,17,22,29,29,6156,0,9,8.673734379954393,2.4468099999808146,29.32881500001372,224.76949317738791
1789527335,10,,Aggregated,32.200000,0.000000,9,9,10,10,12,13,15,17,22,29,29,6191,0,9,8.68405721902752,2.4468099999808146,29.32881500001372,224.7580358585043
1789527336,10,,Aggregated,31.700000,0.000000,9,9,10,10,12,13,15,17,22,29,29,6223,0,9,8.689962386790826,2.4468099999808146,29.32881500001372,224.73806845572875
1789527337,10,,Aggregated,31.700000,0.000000,9,9,10,10,12,13,15,17,22,29,29,6258,0,9,8.696744404442207,2.4468099999808146,29.32881500001372,224.74065196548418
1789527338,10,,Aggregated,32.100000,0.000000,9,9,10,10,12,13,15,17,22,29,29,6295,0,9,8.703065591739364,2.4468099999808146,29.32881500001372,224.7358220810167
1789527339,10,,Aggregated,31.800000,0.000000,9,9,10,10,12,13,15,17,22,29,29,6324,0,9,8.70606106546479,2.4468099999808146,29.32881500001372,224.7139468690702
1789527341,10,,Aggregated,32.100000,0.000000,9,9,10,10,12,13,15,17,22,29,29,6361,0,9,8.717590802703857,2.4468099999808146,29.32881500001372,224.70193365822985
1789527342,10,,Aggregated,32.700000,0.000000,9,9,10,10,12,13,15,17,22,29,29,6395,0,9,8.719356009694955,2.4468099999808146,29.32881500001372,224.72462861610634
1789527343,10,,Aggregated,31.900000,0.000000,9,9,10,10,12,13,15,17,22,29,29,6430,0,9,8.722382163296952,2.4468099999808146,29.32881500001372,224.70062208398133
1789527344,10,,Aggregated,33.000000,0.000000,9,9,10,10,12,13,15,17,22,29,29,6464,0,9,8.722888286664528,2.4468099999808146,29.32881500001372,224.7085396039604
1789527345,10,,Aggregated,33.400000,0.000000,9,9,10,10,12,13,15,17,22,29,29,6493,0,9,8.728475709841298,2.4468099999808146,29.32881500001372,224.70922531957493
1789527346,10,,Aggregated,33.400000,0.000000,9,9,10,10,12,13,15,17,22,29,29,6522,0,9,8.729523203925098,2.4468099999808146,29.32881500001372,224.72416436675866
1789527347,10,,Aggregated,34.100000,0.000000,9,9,10,10,12,13,15,17,22,29,29,6554,0,9,8.734217800427116,2.4468099999808146,29.32881500001372,224.7113213304852
1789527348,10,,Aggregated,33.100000,0.000000,9,9,10,10,12,13,15,17,22,29,29,6590,0,9,8.737352781335233,2.4468099999808146,29.32881500001372,224.72397572078907
1789527349,10,,Aggregated,33.100000,0.000000,9,9,10,10,12,13,15,17,22,29,29,6621,0,9,8.742295090167557,2.4468099999808146,29.32881500001372,224.75728741881892
1789527350,10,,Aggregated,33.100000,0.000000,9,9,10,10,12,13,15,17,22,29,29,6648,0,9,8.743872523164782,2.4468099999808146,29.32881500001372,224.7651925391095
1789527351,10,,Aggregated,32.600000,0.000000,9,9,10,10,12,13,15,17,22,29,29,6683,0,9,8.749385118958466,2.4468099999808146,29.32881500001372,224.73410145144396
1789527352,10,,Aggregated,32.600000,0.000000,9,9,10,10,12,13,15,17,22,29,29,6716,0,9,8.755373918701519,2.4468099999808146,29.32881500001372,224.73257891602145
1789527353,10,,Aggregated,32.300000,0.000000,9,9,10,10,12,13,15,17,22,29,29,6748,0,9,8.755789044902091,2.4468099999808146,29.32881500001372,224.74051570835803
1789527354,10,,Aggregated,32.100000,0.000000,9,9,10,10,12,13,15,17,22,29,29,6780,0,9,8.758996866666541,2.4468099999808146,29.32881500001372,224.70973451327433
1789527355,10,,Aggregated,31.800000,0.000000,9,9,10,10,12,13,15,17,22,29,29,6813,0,9,8.760646223249537,2.4468099999808146,29.32881500001372,224.7083516806106
1789527356,10,,Aggregated,31.500000,0.000000,9,9,10,10,12,13,15,17,22,29,29,6843,0,9,8.763890997661724,2.4468099999808146,29.32881500001372,224.68434896975012
1789527357,10,,Aggregated,31.800000,0.000000,9,9,10,10,12,13,15,17,22,29,29,6874,0,9,8.766297385655971,2.4468099999808146,29.32881500001372,224.68300843759093
1789527358,10,,Aggregated,31.900000,0.000000,9,9,10,10,12,13,15,17,22,29,29,6907,0,9,8.771019794990451,2.4468099999808146,29.32881500001372,224.6813377732735
1789527359,10,,Aggregated,31.900000,0.000000,9,9,10,10,12,13,15,17,22,29,29,6938,0,9,8.774201554626545,2.4468099999808146,29.32881500001372,224.70077832228307
1789527360,10,,Aggregated,31.600000,0.000000,9,9,10,10,12,13,15,17,22,29,29,6971,0,9,8.779607526610086,2.4468099999808146,29.32881500001372,224.69215320613972
1789527361,10,,Aggregated,31.500000,0.000000,9,9,10,10,12,13,15,17,22,29,29,7002,0,9,8.782090997571947,2.4468099999808146,29.32881500001372,224.67095115681235
1789527362,10,,Aggregated,31.500000,0.000000,9,9,10,10,12,13,15,17,22,29,29,7034,0,9,8.78600581959039,2.4468099999808146,29.32881500001372,224.64685811771395
1789527363,10,,Aggregated,32.000000,0.000000,9,9,10,10,12,13,15,17,22,29,29,7068,0,9,8.792045782257889,2.4468099999808146,29.32881500001372,224.6287492925863
1789527364,10,,Aggregated,32.000000,0.000000,9,9,10,10,12,13,15,17,22,29,29,7098,0,9,8.794417891236801,2.4468099999808146,29.32881500001372,224.60650887573965
1789527365,10,,Aggregated,31.800000,0.000000,9,9,10,10,12,13,15,17,22,29,29,7132,0,9,8.802045910403628,2.4468099999808146,29.32881500001372,224.6138530566461
1789527366,10,,Aggregated,31.900000,0.000000,9,9,10,10,12,13,15,17,22,29,29,7162,0,9,8.803664057106776,2.4468099999808146,29.32881500001372,224.58531136554035
1789527367,10,,Aggregated,32.000000,0.000000,9,9,10,10,12,13,15,17,22,29,29,7196,0,9,8.803947108254421,2.4468099999808146,29.32881500001372,224.58727070594776
1789527368,10,,Aggregated,31.900000,0.000000,9,9,10,10,12,13,15,17,22,29,29,7230,0,9,8.80754158022117,2.4468099999808146,29.32881500001372,224.53762102351314
1789527369,10,,Aggregated,32.000000,0.000000,9,9,10,10,12,13,15,17,22,29,29,7264,0,9,8.8071716466133,2.4468099999808146,29.32881500001372,224.52629405286345
1789527370,10,,Aggregated,32.100000,0.000000,9,9,10,10,12,13,15,17,22,29,29,7294,0,9,8.810517546202218,2.4468099999808146,29.32881500001372,224.51631477927063
1789527371,10,,Aggregated,32.400000,0.000000,9,9,10,10,12,13,15,17,22,29,29,7329,0,9,8.812884576613307,2.4468099999808146,29.32881500001372,224.53909128121163
1789527372,10,,Aggregated,32.500000,0.000000,9,9,10,10,12,13,15,17,22,29,29,7357,0,9,8.818676140274427,2.4468099999808146,29.32881500001372,224.55022427619954
1789527373,10,,Aggregated,32.400000,0.000000,9,9,10,10,12,13,15,17,22,29,29,7390,0,9,8.819990844790114,2.4468099999808146,29.32881500001372,224.55426251691475
1789527374,10,,Aggregated,32.000000,0.000000,9,9,10,10,12,13,15,17,22,29,29,7422,0,9,8.821067858528544,2.4468099999808146,29.32881500001372,224.55119913769875
1789527375,10,,Aggregated,32.000000,0.000000,9,9,10,10,12,13,15,17,22,29,29,7453,0,9,8.825905250100472,2.4468099999808146,29.32881500001372,224.53186636253858
1789527376,10,,Aggregated,32.200000,0.000000,9,9,10,10,12,13,15,17,22,29,29,7483,0,9,8.827677794066377,2.4468099999808146,29.32881500001372,224.55980221836163
1789527377,10,,Aggregated,32.000000,0.000000,9,9,10,10,12,13,15,17,22,29,29,7516,0,9,8.830589392628886,2.4468099999808146,29.32881500001372,224.540047897818
1789527378,10,,Aggregated,32.000000,0.000000,9,9,10,10,12,13,15,17,22,29,29,7546,0,9,8.83574772899531,2.4468099999808146,29.32881500001372,224.50702358865624
1789527379,10,,Aggregated,31.800000,0.000000,9,9,10,10,12,13,15,17,22,29,29,7580,0,9,8.84512513364097,2.4468099999808146,29.32881500001372,224.49142480211083
1789527380,10,,Aggregated,31.800000,0.000000,9,9,10,10,12,13,15,17,22,29,29,7609,0,9,8.846065849914385,2.4468099999808146,29.32881500001372,224.51057957681692
1789527381,10,,Aggregated,31.300000,0.000000,9,9,10,10,12,13,15,17,22,29,29,7637,0,9,8.853257234777878,2.4468099999808146,29.32881500001372,224.5089694906377
1789527382,10,,Aggregated,31.200000,0.000000,9,9,10,10,12,13,15,17,22,29,29,7675,0,9,8.855944959869515,2.4468099999808146,29.32881500001372,224.51465798045604
1789527383,10,,Aggregated,30.800000,0.000000,9,9,10,10,12,13,15,17,22,29,29,7706,0,9,8.858876561250787,2.4468099999808146,29.32881500001372,224.50337399429017
1789527384,10,,Aggregated,31.700000,0.000000,9,9,10,10,12,13,15,17,22,29,29,7739,0,9,8.858225057371563,2.4468099999808146,29.32881500001372,224.5133738209071
1789527385,10,,Aggregated,31.700000,0.000000,9,9,10,10,12,13,15,17,22,29,29,7776,0,9,8.862303306969993,2.4468099999808146,29.32881500001372,224.53395061728395
1789527386,10,,Aggregated,31.400000,0.000000,9,9,10,10,12,13,15,17,22,29,29,7811,0,9,8.867141600563142,2.4468099999808146,29.32881500001372,224.53770323902188
1789527387,10,,Aggregated,31.700000,0.000000,9,9,10,10,12,13,15,17,22,29,29,7842,0,9,8.870386596276278,2.4468099999808146,29.32881500001372,224.54348380515174
1789527388,10,,Aggregated,32.300000,0.000000,9,9,10,10,12,13,15,17,22,29,29,7876,0,9,8.87194650787186,2.4468099999808146,29.32881500001372,224.54583544946672
1789527389,10,,Aggregated,32.800000,0.000000,9,9,10,10,12,13,15,17,22,29,29,7908,0,9,8.877927754931573,2.4468099999808146,29.32881500001372,224.51947395042995
1789527390,10,,Aggregated,32.600000,0.000000,9,9,10,10,12,13,15,17,22,29,29,7938,0,9,8.878515672335439,2.4468099999808146,29.32881500001372,224.4939531368103
1789527391,10,,Aggregated,33.000000,0.000000,9,9,10,10,12,13,15,17,22,29,29,7973,0,9,8.891838933776326,2.4468099999808146,29.32881500001372,224.4756051674401
1789527392,10,,Aggregated,33.000000,0.000000,9,9,10,10,12,13,15,17,21,29,29,8003,0,9,8.893168318505406,2.4468099999808146,29.32881500001372,224.47307259777583
1789527393,10,,Aggregated,33.700000,0.000000,9,9,10,10,12,13,15,17,21,29,29,8040,0,9,8.895344028233698,2.4468099999808146,29.32881500001372,224.48121890547264
1789527394,10,,Aggregated,32.700000,0.000000,9,9,10,10,12,13,15,17,21,29,29,8073,0,9,8.895677770840965,2.4468099999808146,29.32881500001372,224.51269664313142
1789527395,10,,Aggregated,33.000000,0.000000,9,9,10,10,12,13,15,17,21,29,29,8104,0,9,8.899435952615864,2.4468099999808146,29.32881500001372,224.5185093780849
1789527396,10,,Aggregated,33.300000,0.000000,9,9,10,10,12,13,15,17,21,29,29,8135,0,9,8.902235211800706,2.4468099999808146,29.32881500001372,224.51309157959435
1789527397,10,,Aggregated,33.200000,0.000000,9,9,10,10,12,13,15,17,21,29,29,8165,0,9,8.905529678995597,2.4468099999808146,29.32881500001372,224.50496019595835
1789527398,10,,Aggregated,32.400000,0.000000,9,9,10,10,12,13,15,17,21,29,29,8201,0,9,8.907869847945243,2.4468099999808146,29.32881500001372,224.50567004023898
1789527399,10,,Aggregated,32.200000,0.000000,9,9,10,10,12,13,15,17,21,29,29,8231,0,9,8.909111296804609,2.4468099999808146,29.32881500001372,224.5029765520593
1789527400,10,,Aggregated,32.500000,0.000000,9,9,10,10,12,13,15,17,21,29,29,8264,0,9,8.910118901742345,2.4468099999808146,29.32881500001372,224.52395934172313
1789527401,10,,Aggregated,32.000000,0.000000,9,9,10,10,12,13,15,17,21,29,29,8291,0,9,8.912864485948454,2.4468099999808146,29.32881500001372,224.5204438547823
1789527402,10,,Aggregated,32.700000,0.000000,9,9,10,10,12,13,15,17,21,29,29,8324,0,9,8.914766050095944,2.4468099999808146,29.32881500001372,224.52462758289283
1789527403,10,,Aggregated,31.900000,0.000000,9,9,10,10,12,13,15,17,21,29,29,8353,0,9,8.914567584580222,2.4468099999808146,29.32881500001372,224.51466538968035
1789527404,10,,Aggregated,31.900000,0.000000,9,9,10,10,12,13,15,17,22,29,29,8386,0,9,8.916794338421049,2.4468099999808146,29.32881500001372,224.48604817553064
1789527405,10,,Aggregated,31.400000,0.000000,9,9,10,10,12,13,15,17,22,29,29,8419,0,9,8.918601820049762,2.4468099999808146,29.32881500001372,224.50730490557072
1789527406,10,,Aggregated,31.300000,0.000000,9,9,10,10,12,13,15,17,22,29,29,8450,0,9,8.918044498579782,2.4468099999808146,29.32881500001372,224.50165680473373
1789527407,10,,Aggregated,31.600000,0.000000,9,9,10,10,12,13,15,17,22,29,29,8482,0,9,8.919065195944272,2.4468099999808146,29.32881500001372,224.4930440933742
1789527408,10,,Aggregated,31.900000,0.000000,9,9,10,10,12,13,15,17,22,29,29,8517,0,9,8.918083818363193,2.4468099999808146,29.32881500001372,224.4906657273688
1789527409,10,,Aggregated,31.400000,0.000000,9,9,10,10,12,13,15,17,22,29,29,8545,0,9,8.91942812603852,2.4468099999808146,29.32881500001372,224.48344060854302
1789527410,10,,Aggregated,31.700000,0.000000,9,9,10,10,12,13,15,17,22,29,29,8579,0,9,8.922567426739604,2.4468099999808146,29.32881500001372,224.50122391887166
1789527411,10,,Aggregated,31.700000,0.000000,9,9,10,10,12,13,15,17,22,29,29,8607,0,9,8.926395706750212,2.4468099999808146,29.32881500001372,224.49970953874754
1789527412,10,,Aggregated,30.800000,0.000000,9,9,10,10,12,13,15,17,22,29,29,8635,0,9,8.927478463694182,2.4468099999808146,29.32881500001372,224.50330052113492
1789527413,10,,Aggregated,31.200000,0.000000,9,9,10,10,12,13,15,17,22,29,29,8666,0,9,8.929534616893525,2.4468099999808146,29.32881500001372,224.49792291714746
1789527414,10,,Aggregated,31.200000,0.000000,9,9,10,10,12,13,15,17,22,29,29,8699,0,9,8.931759164731503,2.4468099999808146,29.32881500001372,224.5023565927118
1789527415,10,,Aggregated,31.300000,0.000000,9,9,10,10,12,13,15,17,22,29,29,8729,0,9,8.935965815786382,2.4468099999808146,29.32881500001372,224.48986138160157
1789527416,10,,Aggregated,31.300000,0.000000,9,9,10,10,12,13,15,17,22,29,29,8765,0,9,8.938256792926301,2.4468099999808146,29.32881500001372,224.505875641757
1789527417,10,,Aggregated,30.800000,0.000000,9,9,10,10,12,13,15,17,22,29,29,8797,0,9,8.941232093554497,2.4468099999808146,29.32881500001372,224.51869955666706
1789527418,10,,Aggregated,31.600000,0.000000,9,9,10,10,12,13,15,17,22,29,29,8830,0,9,8.940531426160709,2.4468099999808146,29.32881500001372,224.5021517553794
1789527419,10,,Aggregated,31.300000,0.000000,9,9,10,10,12,13,15,17,22,29,29,8860,0,9,8.940390171670298,2.4468099999808146,29.32881500001372,224.51004514672687
1789527420,10,,Aggregated,31.200000,0.000000,9,9,10,10,12,13,15,17,22,29,29,8891,0,9,8.944389934427948,2.4468099999808146,29.32881500001372,224.51490271060624
1789527421,10,,Aggregated,31.400000,0.000000,9,9,10,10,12,13,15,17,22,29,29,8924,0,9,8.945918306028535,2.4468099999808146,29.32881500001372,224.51871358135367
1789527422,10,,Aggregated,31.700000,0.000000,9,9,10,10,12,13,15,17,22,29,29,8958,0,9,8.94697635365027,2.4468099999808146,29.32881500001372,224.51585175262335
1789527423,10,,Aggregated,31.400000,0.000000,9,9,10,10,12,13,15,17,22,29,29,8993,0,9,8.946375459023576,2.4468099999808146,29.32881500001372,224.50906260424776
1789527424,10,,Aggregated,32.200000,0.000000,9,9,10,10,12,13,15,17,21,29,29,9025,0,9,8.94808195246529,2.4468099999808146,29.32881500001372,224.49628808864267
1789527425,10,,Aggregated,32.500000,0.000000,9,9,10,10,12,13,15,17,21,29,29,9059,0,9,8.95040393608557,2.4468099999808146,29.32881500001372,224.507119991169
1789527426,10,,Aggregated,32.700000,0.000000,9,9,10,10,12,13,15,17,21,29,29,9090,0,9,8.955557019141818,2.4468099999808146,29.32881500001372,224.48679867986797
1789527427,10,,Aggregated,32.700000,0.000000,9,9,10,10,12,13,15,17,21,29,29,9124,0,9,8.956166398947728,2.4468099999808146,29.32881500001372,224.48290223586147
1789527428,10,,Aggregated,32.000000,0.000000,9,9,10,10,12,13,15,17,21,29,29,9157,0,9,8.957896765206844,2.4468099999808146,29.32881500001372,224.47275308507153
1789527429,10,,Aggregated,32.600000,0.000000,9,9,10,10,12,13,15,17,22,29,29,9193,0,9,8.962664563580896,2.4468099999808146,29.32881500001372,224.46361361905798
1789527430,10,,Aggregated,32.600000,0.000000,9,9,10,10,12,13,15,17,22,29,29,9228,0,9,8.965424744256518,2.4468099999808146,29.32881500001372,224.4725834416992
1789527431,10,,Aggregated,33.300000,0.000000,9,9,10,10,12,13,15,17,22,29,29,9261,0,9,8.967835039088591,2.4468099999808146,29.32881500001372,224.4520030234316
1789527432,10,,Aggregated,33.200000,0.000000,9,9,10,10,12,13,15,17,22,29,29,9292,0,9,8.968623737838927,2.4468099999808146,29.32881500001372,224.447266465777
1789527433,10,,Aggregated,33.800000,0.000000,9,9,10,10,12,13,15,17,22,29,29,9325,0,9,8.97121971528144,2.4468099999808146,29.32881500001372,224.4560857908847
1789527434,10,,Aggregated,33.200000,0.000000,9,9,10,10,12,13,15,17,22,29,29,9357,0,9,8.974398221117811,2.4468099999808146,29.32881500001372,224.4674575184354
1789527435,10,,Aggregated,33.000000,0.000000,9,9,10,10,12,13,15,17,22,29,29,9393,0,9,8.974592669434644,2.4468099999808146,29.32881500001372,224.46374960076653
1789527436,10,,Aggregated,33.200000,0.000000,9,9,10,10,12,13,15,17,22,29,29,9423,0,9,8.975848360394748,2.4468099999808146,29.32881500001372,224.4573914889101
1789527437,10,,Aggregated,33.400000,0.000000,9,9,10,10,12,13,15,17,22,29,29,9458,0,9,8.978634039648961,2.4468099999808146,29.32881500001372,224.44660604779023
1789527438,10,,Aggregated,33.400000,0.000000,9,9,10,10,12,13,15,17,22,29,29,9492,0,9,8.980487142435733,2.4468099999808146,29.32881500001372,224.43426042983566
1789527439,10,,Aggregated,33.400000,0.000000,9,9,10,10,12,13,15,17,22,29,29,9527,0,9,8.9833504960638,2.4468099999808146,29.32881500001372,224.4374934396977
1789527440,10,,Aggregated,33.500000,0.000000,9,9,10,10,12,13,15,17,22,29,29,9561,0,9,8.983509576299507,2.4468099999808146,29.32881500001372,224.43928459366174
1789527441,10,,Aggregated,32.800000,0.000000,9,9,10,10,12,13,15,17,22,29,29,9593,0,9,8.985418380068769,2.4468099999808146,29.32881500001372,224.45554049828
1789527442,10,,Aggregated,33.000000,0.000000,9,9,10,10,12,13,15,17,22,29,29,9626,0,9,8.990436566071024,2.4468099999808146,29.32881500001372,224.45491377519218
1789527443,10,,Aggregated,32.700000,0.000000,9,9,10,10,12,13,15,17,22,29,29,9653,0,9,8.990871689526518,2.4468099999808146,29.32881500001372,224.45643841292863
1789527444,10,,Aggregated,33.200000,0.000000,9,9,10,10,12,13,15,17,22,29,29,9685,0,9,8.99078833773872,2.4468099999808146,29.32881500001372,224.47826535880228
1789527445,10,,Aggregated,33.100000,0.000000,9,9,10,10,12,13,15,17,22,29,29,9718,0,9,8.990928407902807,2.4468099999808146,29.32881500001372,224.4741716402552
1789527446,10,,Aggregated,32.400000,0.000000,9,9,10,10,12,13,15,17,22,29,29,9754,0,9,8.992876685359777,2.4468099999808146,29.32881500001372,224.4656551158499
1789527447,10,,Aggregated,32.600000,0.000000,9,9,10,10,12,13,15,17,22,29,29,9787,0,9,8.993647916521816,2.4468099999808146,29.32881500001372,224.46061101461123
1789527448,10,,Aggregated,32.600000,0.000000,9,9,10,10,12,13,15,17,22,29,29,9817,0,9,8.994692069369362,2.4468099999808146,29.32881500001372,224.45930528674748
1789527449,10,,Aggregated,32.900000,0.000000,9,9,10,10,12,13,15,17,22,29,29,9849,0,9,8.995679380038473,2.4468099999808146,29.32881500001372,224.46167123565843
1789527450,10,,Aggregated,32.400000,0.000000,9,9,10,10,12,13,15,17,22,29,29,9881,0,9,8.996951827041668,2.4468099999808146,29.32881500001372,224.4682724420605
1789527451,10,,Aggregated,32.600000,0.000000,9,9,10,10,12,13,15,17,22,29,29,9911,0,9,8.996418997073828,2.4468099999808146,29.32881500001372,224.475935828877
1789527452,10,,Aggregated,32.300000,0.000000,9,9,10,10,12,13,15,17,22,29,29,9942,0,9,8.999070314121788,2.4468099999808146,29.32881500001372,224.47636290484812
1789527453,10,,Aggregated,32.500000,0.000000,9,9,10,10,12,13,15,17,22,29,29,9975,0,9,8.998581527518668,2.4468099999808146,29.32881500001372,224.47057644110276
1789527454,10,,Aggregated,31.900000,0.000000,9,9,10,10,12,13,15,17,22,29,29,10010,0,9,9.000633147152705,2.4468099999808146,29.32881500001372,224.44185814185815
1789527455,10,,Aggregated,31.800000,0.000000,9,9,10,10,12,13,15,17,22,29,29,10039,0,9,9.001493640302684,2.4468099999808146,29.32881500001372,224.4701663512302
1789527456,10,,Aggregated,32.100000,0.000000,9,9,10,10,12,13,15,17,22,29,29,10073,0,9,9.001205171746111,2.4468099999808146,29.32881500001372,224.48069095602105
1789527457,10,,Aggregated,32.200000,0.000000,9,9,10,10,12,13,15,17,22,29,29,10104,0,9,9.003060327197016,2.4468099999808146,29.32881500001372,224.46733966745842
1789527458,10,,Aggregated,31.900000,0.000000,9,9,10,10,12,13,15,17,22,29,29,10136,0,9,9.004268073993545,2.4468099999808146,29.32881500001372,224.45096685082873
1789527459,10,,Aggregated,31.800000,0.000000,9,9,10,10,12,13,15,17,22,29,29,10165,0,9,9.003567674962973,2.4468099999808146,29.32881500001372,224.46561731431382
1789527460,10,,Aggregated,31.500000,0.000000,9,9,10,10,12,13,15,17,22,29,29,10196,0,9,9.012392563456121,2.4468099999808146,29.32881500001372,224.4565515888584
1789527461,10,,Aggregated,31.400000,0.000000,9,9,10,10,12,13,15,17,22,29,29,10234,0,9,9.013593113640672,2.4468099999808146,29.32881500001372,224.48778581199923
1789527462,10,,Aggregated,31.400000,0.000000,9,9,10,10,12,13,15,17,22,29,29,10265,0,9,9.012619004481122,2.4468099999808146,29.32881500001372,224.49663906478324
1789527463,10,,Aggregated,31.800000,0.000000,9,9,10,10,12,13,15,17,22,29,29,10296,0,9,9.014887452699954,2.4468099999808146,29.32881500001372,224.49708624708626
1789527464,10,,Aggregated,32.000000,0.000000,9,9,10,10,12,13,15,17,22,29,29,10327,0,9,9.014165918853378,2.4468099999808146,29.32881500001372,224.48348988089475
1789527465,10,,Aggregated,32.000000,0.000000,9,9,10,10,12,13,15,17,22,29,29,10363,0,9,9.018948333976539,2.4468099999808146,29.32881500001372,224.4882755958699
1789527466,10,,Aggregated,32.000000,0.000000,9,9,10,10,12,13,15,17,22,29,29,10400,0,9,9.023282652115293,2.4468099999808146,29.32881500001372,224.49461538461537
1789527467,10,,Aggregated,32.000000,0.000000,9,9,10,10,12,13,15,17,22,29,29,10430,0,9,9.022924512463964,2.4468099999808146,29.32881500001372,224.5012464046021
1789527468,10,,Aggregated,32.500000,0.000000,9,9,10,10,12,13,15,17,22,29,29,10468,0,9,9.025012078716,2.4468099999808146,29.32881500001372,224.49159342758884
1789527469,10,,Aggregated,32.400000,0.000000,9,9,10,10,12,13,15,17,22,29,29,10500,0,9,9.02736719057133,2.4468099999808146,29.32881500001372,224.51561904761905
1789527470,10,,Aggregated,32.800000,0.000000,9,9,10,10,12,13,15,17,22,29,29,10530,0,9,9.028063819278165,2.4468099999808146,29.32881500001372,224.5096866096866
1789527471,10,,Aggregated,33.100000,0.000000,9,9,10,10,12,13,15,17,22,29,29,10560,0,9,9.029625974715813,2.4468099999808146,29.32881500001372,224.5034090909091
1789527472,10,,Aggregated,33.400000,0.000000,9,9,10,10,12,13,15,17,22,29,29,10589,0,9,9.030057655491444,2.4468099999808146,29.32881500001372,224.49098120691283
1789527473,10,,Aggregated,32.800000,0.000000,9,9,10,10,12,13,15,17,22,29,29,10622,0,9,9.033823786951501,2.4468099999808146,29.32881500001372,224.49133873093578
1789527474,10,,Aggregated,32.400000,0.000000,9,9,10,10,12,13,15,17,22,29,29,10656,0,9,9.033738424267916,2.4468099999808146,29.32881500001372,224.47531906906906
1789527475,10,,Aggregated,32.600000,0.000000,9,9,10,10,12,13,15,17,22,29,29,10689,0,9,9.0361483458695,2.4468099999808146,29.32881500001372,224.47460005613246
1789527476,10,,Aggregated,32.400000,0.000000,9,9,10,10,12,13,15,17,22,29,29,10720,0,9,9.038393358768571,2.4468099999808146,29.32881500001372,224.4705223880597
1789527477,10,,Aggregated,32.400000,0.000000,9,9,10,10,12,13,15,17,22,29,29,10747,0,9,9.039643759002438,2.4468099999808146,29.32881500001372,224.47175956080767
1789527478,10,,Aggregated,32.500000,0.000000,9,9,10,10,12,13,15,17,22,29,29,10777,0,9,9.041333193374712,2.4468099999808146,29.32881500001372,224.47443629952676
1789527479,10,,Aggregated,31.800000,0.000000,9,9,10,10,12,13,15,17,22,29,29,10810,0,9,9.04228396410725,2.4468099999808146,29.32881500001372,224.46975023126734
1789527480,10,,Aggregated,31.300000,0.000000,9,9,10,10,12,13,15,17,22,29,29,10845,0,9,9.042296478838109,2.4468099999808146,29.32881500001372,224.46021207929923
1789527481,10,,Aggregated,31.200000,0.000000,9,9,10,10,12,13,15,17,22,29,29,10876,0,9,9.04276509856557,2.4468099999808146,29.32881500001372,224.48115115851417
1789527482,10,,Aggregated,31.100000,0.000000,9,9,10,10,12,13,15,17,22,29,29,10906,0,9,9.043226733449403,2.4468099999808146,29.32881500001372,224.48358701632128
1789527483,10,,Aggregated,31.300000,0.000000,9,9,10,10,12,13,15,17,22,29,29,10933,0,9,9.043816477910845,2.4468099999808146,29.32881500001372,224.476355986463
1789527484,10,,Aggregated,31.500000,0.000000,9,9,10,10,12,13,15,17,22,29,29,10970,0,9,9.043765186964388,2.4468099999808146,29.32881500001372,224.48249772105743
1789527485,10,,Aggregated,31.300000,0.000000,9,9,10,10,12,13,15,17,22,29,29,10997,0,9,9.043419696371668,2.4468099999808146,29.32881500001372,224.48831499499863
1789527486,10,,Aggregated,31.400000,0.000000,9,9,10,10,12,13,15,17,21,29,29,11033,0,9,9.044558042871298,2.4468099999808146,29.32881500001372,224.50158615063899
1789527487,10,,Aggregated,31.300000,0.000000,9,9,10,10,12,13,15,17,21,29,29,11064,0,9,9.047341365780817,2.4468099999808146,29.32881500001372,224.50976138828634
1789527488,10,,Aggregated,30.900000,0.000000,9,9,10,10,12,13,15,17,22,29,29,11097,0,9,9.04956335180669,2.4468099999808146,29.32881500001372,224.5133819951338
1789527489,10,,Aggregated,31.400000,0.000000,9,9,10,10,12,13,15,17,22,29,29,11132,0,9,9.050258469726828,2.4468099999808146,29.32881500001372,224.52452389507727
1789527490,10,,Aggregated,31.900000,0.000000,9,9,10,10,12,13,15,17,22,29,29,11165,0,9,9.049817742140544,2.4468099999808146,29.32881500001372,224.53184057321988
1789527491,10,,Aggregated,31.900000,0.000000,9,9,10,10,12,13,15,17,22,29,29,11198,0,9,9.051402377299429,2.4468099999808146,29.32881500001372,224.51527058403286
1789527492,10,,Aggregated,32.000000,0.000000,9,9,10,10,12,13,15,17,22,29,29,11227,0,9,9.051582756123546,2.4468099999808146,29.32881500001372,224.50770464059855
1789527493,10,,Aggregated,32.000000,0.000000,9,9,10,10,12,13,15,17,22,29,29,11259,0,9,9.0524752877697,2.4468099999808146,29.32881500001372,224.50945909938716
1789527494,10,,Aggregated,32.000000,0.000000,9,9,10,10,12,13,15,17,22,29,29,11288,0,9,9.051728026133867,2.4468099999808146,29.32881500001372,224.50983345145286
1789527495,10,,Aggregated,32.400000,0.000000,9,9,10,10,12,13,15,17,22,29,29,11321,0,9,9.051106694549889,2.4468099999808146,29.32881500001372,224.5134705414716
1789527496,10,,Aggregated,32.000000,0.000000,9,9,10,10,12,13,15,17,22,29,29,11357,0,9,9.052786480496554,2.4468099999808146,29.32881500001372,224.5176543101171
1789527497,10,,Aggregated,31.800000,0.000000,9,9,10,10,12,13,15,17,22,29,29,11386,0,9,9.052846591252399,2.4468099999808146,29.32881500001372,224.53451607236957
1789527498,10,,Aggregated,31.900000,0.000000,9,9,10,10,12,13,15,17,22,29,29,11419,0,9,9.053138137665263,2.4468099999808146,29.32881500001372,224.53778789736404
1789527499,10,,Aggregated,32.400000,0.000000,9,9,10,10,12,13,15,17,22,29,29,11453,0,9,9.057145676591274,2.4468099999808146,29.32881500001372,224.51907797083734
1789527500,10,,Aggregated,32.200000,0.000000,9,9,10,10,12,13,15,17,22,29,29,11488,0,9,9.057102812499958,2.4468099999808146,29.32881500001372,224.51375348189416
1789527501,10,,Aggregated,32.100000,0.000000,9,9,10,10,12,13,15,17,22,29,29,11523,0,9,9.058528603575443,2.4468099999808146,29.32881500001372,224.5006508721687
1789527502,10,,Aggregated,32.400000,0.000000,9,9,10,10,12,13,15,17,22,29,29,11555,0,9,9.058167246732992,2.4468099999808146,29.32881500001372,224.51830376460407
1789527503,10,,Aggregated,32.400000,0.000000,9,9,10,10,12,13,15,17,22,29,29,11586,0,9,9.058793051700315,2.4468099999808146,29.32881500001372,224.5107888831348
1789527504,10,,Aggregated,32.800000,0.000000,9,9,10,10,12,13,15,17,22,29,29,11618,0,9,9.059062354708217,2.4468099999808146,29.32881500001372,224.5163539335514
1789527505,10,,Aggregated,32.500000,0.000000,9,9,10,10,12,13,15,17,22,29,29,11650,0,9,9.059877763347668,2.4468099999808146,29.32881500001372,224.517339055794
1789527506,10,,Aggregated,32.800000,0.000000,9,9,10,10,12,13,15,17,22,29,29,11685,0,9,9.060354597347047,2.4468099999808146,29.32881500001372,224.5237483953787
1789527507,10,,Aggregated,32.700000,0.000000,9,9,10,10,12,13,15,17,22,29,29,11715,0,9,9.061085539308595,2.4468099999808146,29.32881500001372,224.51822449850619
1789527508,10,,Aggregated,32.900000,0.000000,9,9,10,10,12,13,15,17,22,29,29,11752,0,9,9.06459899029955,2.4468099999808146,29.32881500001372,224.51650782845473
1789527509,10,,Aggregated,32.800000,0.000000,9,9,10,10,12,13,15,17,22,29,29,11778,0,9,9.065790739938896,2.4468099999808146,29.32881500001372,224.52784853115978
1789527510,10,,Aggregated,33.100000,0.000000,9,9,10,10,12,13,15,17,22,29,29,11809,0,9,9.069596441612378,2.4468099999808146,29.32881500001372,224.52739436023373
1789527511,10,,Aggregated,32.700000,0.000000,9,9,10,10,12,13,15,17,22,29,29,11842,0,9,9.071331627765643,2.4468099999808146,29.32881500001372,224.4997466644148
1789527512,10,,Aggregated,32.300000,0.000000,9,9,10,10,12,13,15,17,22,29,29,11868,0,9,9.071548054769183,2.4468099999808146,29.32881500001372,224.4952814290529
1789527513,10,,Aggregated,31.600000,0.000000,9,9,10,10,12,13,15,17,22,29,29,11898,0,9,9.07202872760129,2.4468099999808146,29.32881500001372,224.49327618087074
1789527514,10,,Aggregated,31.400000,0.000000,9,9,10,10,12,13,15,17,22,29,29,11932,0,9,9.072707136775064,2.4468099999808146,29.32881500001372,224.4979047938317
1789527515,10,,Aggregated,31.200000,0.000000,9,9,10,10,12,13,15,17,22,29,29,11963,0,9,9.07290820789103,2.4468099999808146,29.32881500001372,224.49435760260803
1789527516,10,,Aggregated,31.200000,0.000000,9,9,10,10,12,13,15,17,22,29,29,11997,0,9,9.07450133049933,2.4468099999808146,29.32881500001372,224.50671001083603
1789527517,10,,Aggregated,31.400000,0.000000,9,9,10,10,12,13,15,17,21,29,29,12030,0,9,9.076654185120585,2.4468099999808146,29.32881500001372,224.51030756442228
1789527518,10,,Aggregated,31.400000,0.000000,9,9,10,10,12,13,15,17,21,29,29,12063,0,9,9.079112371798113,2.4468099999808146,29.32881500001372,224.52118046920336
1789527519,10,,Aggregated,31.200000,0.000000,9,9,10,10,12,13,15,17,21,29,29,12097,0,9,9.08113745217829,2.4468099999808146,29.32881500001372,224.53715797305117
1789527520,10,,Aggregated,30.900000,0.000000,9,9,10,10,12,13,15,17,21,29,29,12129,0,9,9.085888684227918,2.4468099999808146,29.32881500001372,224.55025146343473
1789527521,10,,Aggregated,31.700000,0.000000,9,9,10,10,12,13,15,17,21,29,29,12163,0,9,9.087005483351177,2.4468099999808146,29.32881500001372,224.54328701800543
1789527522,10,,Aggregated,31.600000,0.000000,9,9,10,10,12,13,15,17,21,29,29,12198,0,9,9.089363935317287,2.4468099999808146,29.32881500001372,224.53082472536482
1789527523,10,,Aggregated,32.300000,0.000000,9,9,10,10,12,13,15,17,21,29,29,12231,0,9,9.091900920284521,2.4468099999808146,29.32881500001372,224.51917259422777
1789527524,10,,Aggregated,32.300000,0.000000,9,9,10,10,12,13,15,17,21,29,29,12265,0,9,9.095350880065217,2.4468099999808146,29.32881500001372,224.5271096616388
1789527525,10,,Aggregated,33.100000,0.000000,9,9,10,10,12,13,15,17,21,29,29,12296,0,9,9.096619293184755,2.4468099999808146,29.32881500001372,224.5195185426155
1789527526,10,,Aggregated,33.100000,0.000000,9,9,10,10,12,13,15,17,21,29,29,12328,0,9,9.097298209928603,2.4468099999808146,29.32881500001372,224.52125243348476
1789527527,10,,Aggregated,33.000000,0.000000,9,9,10,10,12,13,15,17,21,29,29,12360,0,9,9.09572525477348,2.4468099999808146,29.32881500001372,224.53009708737864
1789527528,10,,Aggregated,32.800000,0.000000,9,9,10,10,12,13,15,17,21,29,29,12391,0,9,9.095781721168606,2.4468099999808146,29.32881500001372,224.52239528690177
1789527529,10,,Aggregated,32.600000,0.000000,9,9,10,10,12,13,15,17,21,29,29,12426,0,9,9.095848014244348,2.4468099999808146,29.32881500001372,224.53951392242072
1789527530,10,,Aggregated,32.700000,0.000000,9,9,10,10,12,13,15,17,21,29,29,12460,0,9,9.096855361797799,2.4468099999808146,29.32881500001372,224.5292937399679
1789527531,10,,Aggregated,32.600000,0.000000,9,9,10,10,12,13,15,17,21,29,29,12490,0,9,9.098037608647008,2.4468099999808146,29.32881500001372,224.5420336269015
1789527532,10,,Aggregated,32.900000,0.000000,9,9,10,10,12,13,15,17,21,29,29,12523,0,9,9.09883381282452,2.4468099999808146,29.32881500001372,224.5414836700471
1789527533,10,,Aggregated,32.900000,0.000000,9,9,10,10,12,13,15,17,21,29,29,12560,0,9,9.09886812277082,2.4468099999808146,29.32881500001372,224.52850318471337
1789527534,10,,Aggregated,32.600000,0.000000,9,9,10,10,12,13,15,17,21,29,29,12594,0,9,9.100571418453335,2.4468099999808146,29.32881500001372,224.5292202636176
1789527535,10,,Aggregated,32.700000,0.000000,9,9,10,10,12,13,15,17,21,29,29,12626,0,9,9.09933277435461,2.4468099999808146,29.32881500001372,224.5125930619357
1789527536,10,,Aggregated,33.000000,0.000000,9,9,10,10,12,13,15,17,21,29,29,12660,0,9,9.101800181279696,2.4468099999808146,29.32881500001372,224.51627172195893
1789527537,10,,Aggregated,33.200000,0.000000,9,9,10,10,12,13,15,17,21,29,29,12690,0,9,9.103952231363374,2.4468099999808146,29.32881500001372,224.52545311268716
1789527538,10,,Aggregated,33.400000,0.000000,9,9,10,10,12,13,15,17,21,29,29,12721,0,9,9.10431542842555,2.4468099999808146,29.32881500001372,224.5147394072793
1789527539,10,,Aggregated,33.200000,0.000000,9,9,10,10,12,13,15,17,21,29,29,12753,0,9,9.10286584121399,2.4468099999808146,29.32881500001372,224.52011291460832
1789527540,10,,Aggregated,33.200000,0.000000,9,9,10,10,12,13,15,17,21,29,29,12785,0,9,9.104019132655608,2.4468099999808146,29.32881500001372,224.50739147438404
1789527541,10,,Aggregated,32.900000,0.000000,9,9,10,10,12,13,15,17,21,29,29,12815,0,9,9.103533073663856,2.4468099999808146,29.32881500001372,224.52376121732345
1789527542,10,,Aggregated,32.800000,0.000000,9,9,10,10,12,13,15,17,21,29,29,12845,0,9,9.104139413079222,2.4468099999808146,29.32881500001372,224.54013234721683
1789527543,10,,Aggregated,32.300000,0.000000,9,9,10,10,12,13,15,17,21,29,29,12879,0,9,9.104112792841294,2.4468099999808146,29.32881500001372,224.5269042627533
1789527544,10,,Aggregated,32.500000,0.000000,9,9,10,10,12,13,15,17,21,29,29,12911,0,9,9.103820714197424,2.4468099999808146,29.32881500001372,224.52474634032995
1789527545,10,,Aggregated,31.700000,0.000000,9,9,10,10,12,13,15,17,21,29,29,12942,0,9,9.103786253902262,2.4468099999808146,29.32881500001372,224.535234121465
1789527546,10,,Aggregated,31.600000,0.000000,9,9,10,10,12,13,15,17,21,29,29,12976,0,9,9.10526547217965,2.4468099999808146,29.32881500001372,224.518803945746
1789527547,10,,Aggregated,31.500000,0.000000,9,9,10,10,12,13,15,17,21,29,29,13010,0,9,9.107668226134022,2.4468099999808146,29.32881500001372,224.5056110684089
1789527548,10,,Aggregated,31.200000,0.000000,9,9,10,10,12,13,15,17,21,29,29,13041,0,9,9.107118712062224,2.4468099999808146,29.32881500001372,224.5126140633387
1789527549,10,,Aggregated,31.600000,0.000000,9,9,10,10,12,13,15,17,21,29,29,13079,0,9,9.108623548207296,2.4468099999808146,29.32881500001372,224.5158651273033
1789527550,10,,Aggregated,31.700000,0.000000,9,9,10,10,12,13,15,17,21,29,29,13108,0,9,9.108735407842806,2.4468099999808146,29.32881500001372,224.5132743362832
1789527551,10,,Aggregated,32.100000,0.000000,9,9,10,10,12,13,15,17,21,29,29,13147,0,9,9.11168234357676,2.4468099999808146,29.32881500001372,224.51121928957176
1789527552,10,,Aggregated,32.000000,0.000000,9,9,10,10,12,13,15,17,21,29,29,13183,0,9,9.117287432071883,2.4468099999808146,29.32881500001372,224.49419707198666
1789527553,10,,Aggregated,32.600000,0.000000,9,9,10,10,12,13,15,17,21,29,29,13214,0,9,9.11764559104009,2.4468099999808146,29.32881500001372,224.46995610715908
1789527554,10,,Aggregated,32.800000,0.000000,9,9,10,10,12,13,15,17,21,29,29,13249,0,9,9.119775948751117,2.4468099999808146,29.32881500001372,224.47580949505624
1789527555,10,,Aggregated,33.700000,0.000000,9,9,10,10,12,13,15,17,21,29,29,13279,0,9,9.119841562241378,2.4468099999808146,29.32881500001372,224.48475035770767
1789527556,10,,Aggregated,33.600000,0.000000,9,9,10,10,12,13,15,17,21,29,29,13312,0,9,9.122399151818126,2.4468099999808146,29.32881500001372,224.47746394230768
1789527557,10,,Aggregated,33.500000,0.000000,9,9,10,10,12,13,15,17,21,29,29,13341,0,9,9.122583511581068,2.4468099999808146,29.32881500001372,224.47140394273293
1789527558,10,,Aggregated,33.400000,0.000000,9,9,10,10,12,13,15,17,21,29,29,13376,0,9,9.123658994991263,2.4468099999808146,29.32881500001372,224.46688098086125
1789527559,10,,Aggregated,33.400000,0.000000,9,9,10,10,12,13,15,17,21,29,29,13408,0,9,9.123025179445335,2.4468099999808146,29.32881500001372,224.4721807875895
1789527560,10,,Aggregated,33.100000,0.000000,9,9,10,10,12,13,15,17,21,29,29,13442,0,9,9.123363707261069,2.4468099999808146,29.32881500001372,224.463249516441
1789527561,10,,Aggregated,33.200000,0.000000,9,9,10,10,12,13,15,17,21,29,29,13477,0,9,9.123983459301279,2.4468099999808146,29.32881500001372,224.45566520739038
1789527562,10,,Aggregated,33.300000,0.000000,9,9,10,10,12,13,15,17,21,29,29,13505,0,9,9.12387035883029,2.4468099999808146,29.32881500001372,224.44827841540172
1789527563,10,,Aggregated,33.200000,0.000000,9,9,10,10,12,13,15,17,21,29,29,13534,0,9,9.124654579282046,2.4468099999808146,29.32881500001372,224.4354957883848
1789527564,10,,Aggregated,33.200000,0.000000,9,9,10,10,12,13,15,17,21,29,29,13565,0,9,9.125102805308014,2.4468099999808146,29.32881500001372,224.42550681901955
1789527565,10,,Aggregated,32.000000,0.000000,9,9,10,10,12,13,15,17,21,29,29,13597,0,9,9.127004142016848,2.4468099999808146,29.32881500001372,224.41369419724938
1789527566,10,,Aggregated,31.800000,0.000000,9,9,10,10,12,13,15,17,21,29,29,13630,0,9,9.127016682465404,2.4468099999808146,29.32881500001372,224.41621423330886
1789527567,10,,Aggregated,31.600000,0.000000,9,9,10,10,12,13,15,17,21,29,29,13662,0,9,9.128923102767034,2.4468099999808146,29.32881500001372,224.39745278875714
1789527568,10,,Aggregated,31.700000,0.000000,9,9,10,10,12,13,15,17,21,29,29,13695,0,9,9.12962142548395,2.4468099999808146,29.32881500001372,224.38707557502738
1789527569,10,,Aggregated,31.900000,0.000000,9,9,10,10,12,13,15,17,21,29,29,13726,0,9,9.130888025863525,2.4468099999808146,29.32881500001372,224.3904997814367
1789527570,10,,Aggregated,32.000000,0.000000,9,9,10,10,12,13,15,17,21,29,29,13760,0,9,9.132237440625186,2.4468099999808146,29.32881500001372,224.3922965116279
1789527571,10,,Aggregated,31.300000,0.000000,9,9,10,10,12,13,15,17,21,29,29,13792,0,9,9.133666294083659,2.4468099999808146,29.32881500001372,224.3871084686775
1789527572,10,,Aggregated,31.500000,0.000000,9,9,10,10,12,13,15,17,21,29,29,13824,0,9,9.135043513454976,2.4468099999808146,29.32881500001372,224.37890625
1789527573,10,,Aggregated,31.600000,0.000000,9,9,10,10,12,13,15,17,21,29,29,13859,0,9,9.135241637275538,2.4468099999808146,29.32881500001372,224.3941842845804
1789527574,10,,Aggregated,31.600000,0.000000,9,9,10,10,12,13,15,17,21,29,29,13892,0,9,9.135819597034374,2.4468099999808146,29.32881500001372,224.39360783184566
1789527575,10,,Aggregated,32.100000,0.000000,9,9,10,10,12,13,15,17,21,29,29,13923,0,9,9.136597747181034,2.4468099999808146,29.32881500001372,224.41356029591324
1789527576,10,,Aggregated,32.700000,0.000000,9,9,10,10,12,13,15,17,21,29,29,13955,0,9,9.13456888104634,2.4468099999808146,29.32881500001372,224.4312432819778
1789527577,10,,Aggregated,32.600000,0.000000,9,9,10,10,12,13,15,17,21,29,29,13986,0,9,9.134325590876694,2.4468099999808146,29.32881500001372,224.44115544115544
1789527578,10,,Aggregated,32.700000,0.000000,9,9,10,10,12,13,15,17,21,29,29,14022,0,9,9.134447711524846,2.4468099999808146,29.32881500001372,224.4410212523178
1789527579,10,,Aggregated,32.400000,0.000000,9,9,10,10,12,13,15,17,21,29,29,14055,0,9,9.136029899466468,2.4468099999808146,29.32881500001372,224.440626111704
1789527580,10,,Aggregated,32.600000,0.000000,9,9,10,10,12,13,15,17,21,29,29,14091,0,9,9.138704953871335,2.4468099999808146,29.32881500001372,224.4445390674899
1789527581,10,,Aggregated,32.800000,0.000000,9,9,10,10,12,13,15,17,21,29,29,14121,0,9,9.140246785780077,2.4468099999808146,29.32881500001372,224.45336732526025
1789527582,10,,Aggregated,32.800000,0.000000,9,9,10,10,12,13,15,17,21,29,29,14151,0,9,9.139010284644229,2.4468099999808146,29.32881500001372,224.4490848703272
1789527583,10,,Aggregated,32.400000,0.000000,9,9,10,10,12,13,15,17,21,29,29,14184,0,9,9.13834935547101,2.4468099999808146,29.32881500001372,224.45170614777214
1789527584,10,,Aggregated,32.500000,0.000000,9,9,10,10,12,13,15,17,21,29,29,14216,0,9,9.13833038294882,2.4468099999808146,29.32881500001372,224.44977490151942
1789527585,10,,Aggregated,32.600000,0.000000,9,9,10,10,12,13,15,17,21,29,29,14247,0,9,9.14059463704641,2.4468099999808146,29.32881500001372,224.4337053414754
1789527586,10,,Aggregated,32.000000,0.000000,9,9,10,10,12,13,15,17,21,29,29,14278,0,9,9.142102091119229,2.4468099999808146,29.32881500001372,224.41406359434094
1789527587,10,,Aggregated,32.500000,0.000000,9,9,10,10,12,13,15,17,21,29,29,14315,0,9,9.142453757247674,2.4468099999808146,29.32881500001372,224.41599720572825
1789527588,10,,Aggregated,32.400000,0.000000,9,9,10,10,12,13,15,17,21,29,29,14344,0,9,9.143404099553846,2.4468099999808146,29.32881500001372,224.42645008365866
1789527589,10,,Aggregated,32.400000,0.000000,9,9,10,10,12,13,15,17,21,29,29,14371,0,9,9.143540614362271,2.4468099999808146,29.32881500001372,224.40539976341242
1789527590,10,,Aggregated,32.500000,0.000000,9,9,10,10,12,13,15,17,21,29,29,14405,0,9,9.145585369316224,2.4468099999808146,29.32881500001372,224.40284623394655
1789527591,10,,Aggregated,32.300000,0.000000,9,9,10,10,12,13,15,17,21,29,29,14442,0,9,9.146523614388594,2.4468099999808146,29.32881500001372,224.39495914693256
1789527592,10,,Aggregated,31.300000,0.000000,9,9,10,10,12,13,15,17,21,29,29,14474,0,9,9.14848525770347,2.4468099999808146,29.32881500001372,224.40907834738152
1789527593,10,,Aggregated,32.100000,0.000000,9,9,10,10,12,13,15,17,21,29,29,14513,0,9,9.150277190587758,2.4468099999808146,29.32881500001372,224.3981947219734
1789527594,10,,Aggregated,32.200000,0.000000,9,9,10,10,12,13,15,17,21,29,29,14542,0,9,9.151682089396251,2.4468099999808146,29.32881500001372,224.38282217026543
1789527595,10,,Aggregated,32.300000,0.000000,9,9,10,10,12,13,15,17,21,29,29,14575,0,9,9.152387930840517,2.4468099999808146,29.32881500001372,224.37303602058319
1789527596,10,,Aggregated,32.800000,0.000000,9,9,10,10,12,13,15,17,21,29,29,14613,0,9,9.153663452884453,2.4468099999808146,29.32881500001372,224.38233080134128
1789527597,10,,Aggregated,32.400000,0.000000,9,9,10,10,12,13,15,17,21,29,29,14645,0,9,9.154372691157448,2.4468099999808146,29.32881500001372,224.37767156025947
1789527598,10,,Aggregated,32.400000,0.000000,9,9,10,10,12,13,15,17,21,29,29,14676,0,9,9.155282404674349,2.4468099999808146,29.32881500001372,224.37482965385664
1789527599,10,,Aggregated,33.300000,0.000000,9,9,10,10,12,13,15,17,21,29,29,14705,0,9,9.155902113022861,2.4468099999808146,29.32881500001372,224.39734784087045
1789527600,10,,Aggregated,33.100000,0.000000,9,9,10,10,12,13,15,17,21,29,29,14739,0,9,9.155544701336671,2.4468099999808146,29.32881500001372,224.404505054617
1789527601,10,,Aggregated,33.300000,0.000000,9,9,10,10,12,13,15,17,21,29,29,14770,0,9,9.155737370209987,2.4468099999808146,29.32881500001372,224.39878131347325
1789527602,10,,Aggregated,33.600000,0.000000,9,10,10,10,12,13,15,17,21,29,29,14806,0,9,9.160783936444776,2.4468099999808146,29.32881500001372,224.4053086586519
1789527603,10,,Aggregated,32.700000,0.000000,9,10,10,10,12,13,15,17,21,29,29,14836,0,9,9.16056517632795,2.4468099999808146,29.32881500001372,224.388986249663
1789527604,10,,Aggregated,32.900000,0.000000,9,10,10,10,12,13,15,17,21,29,29,14866,0,9,9.16431998789191,2.4468099999808146,29.32881500001372,224.38490515269743
1789527605,10,,Aggregated,32.800000,0.000000,9,10,10,10,12,13,15,17,21,29,29,14899,0,9,9.164137286260893,2.4468099999808146,29.32881500001372,224.3784817773005
1789527606,10,,Aggregated,32.600000,0.000000,9,10,10,10,12,13,15,17,21,29,29,14933,0,9,9.167135994307975,2.4468099999808146,29.32881500001372,224.37949507801514
1789527607,10,,Aggregated,32.300000,0.000000,9,10,10,10,12,13,15,17,22,29,29,14969,0,9,9.170296467365985,2.4468099999808146,29.32881500001372,224.3923441779678
1789527608,10,,Aggregated,32.500000,0.000000,9,10,10,10,12,13,15,17,21,29,29,15001,0,9,9.17156076254924,2.4468099999808146,29.32881500001372,224.38504099726686
1789527609,10,,Aggregated,31.700000,0.000000,9,10,10,10,12,13,15,17,21,29,29,15034,0,9,9.172464669682105,2.4468099999808146,29.32881500001372,224.38200079819077
1789527610,10,,Aggregated,31.900000,0.000000,9,10,10,10,12,13,15,17,21,29,29,15070,0,9,9.171993860384905,2.4468099999808146,29.32881500001372,224.3765096217651
1789527611,10,,Aggregated,32.300000,0.000000,9,10,10,10,12,13,15,17,21,29,29,15100,0,9,9.17169645980137,2.4468099999808146,29.32881500001372,224.37543046357615
1789527612,10,,Aggregated,33.000000,0.000000,9,10,10,10,12,13,15,17,21,29,29,15129,0,9,9.173427654108057,2.4468099999808146,29.32881500001372,224.36420120298763
1789527613,10,,Aggregated,33.200000,0.000000,9,10,10,11,12,13,15,17,21,29,29,15163,0,9,9.17429371661287,2.4468099999808146,29.32881500001372,224.3562619534393
1789527614,10,,Aggregated,32.500000,0.000000,9,10,10,10,12,13,15,17,21,29,29,15195,0,9,9.175073150378475,2.4468099999808146,29.32881500001372,224.3486015136558
1789527615,10,,Aggregated,32.400000,0.000000,9,10,10,10,12,13,15,17,21,29,29,15228,0,9,9.174220039466846,2.4468099999808146,29.32881500001372,224.35736800630417
1789527616,10,,Aggregated,32.200000,0.000000,9,10,10,11,12,13,15,17,21,29,29,15264,0,9,9.177568128472345,2.4468099999808146,29.32881500001372,224.36419025157232
1789527617,10,,Aggregated,32.800000,0.000000,9,10,10,11,12,13,15,17,21,29,29,15301,0,9,9.178998803346301,2.4468099999808146,29.32881500001372,224.36579308541926
1789527618,10,,Aggregated,32.900000,0.000000,9,10,10,11,12,13,15,17,21,29,29,15332,0,9,9.180355663318661,2.4468099999808146,29.32881500001372,224.37183668145056
1789527619,10,,Aggregated,33.000000,0.000000,9,10,10,11,12,13,15,17,21,29,29,15363,0,9,9.17964415817234,2.4468099999808146,29.32881500001372,224.38403957560374
1789527620,10,,Aggregated,33.300000,0.000000,9,10,10,11,12,13,15,17,21,29,29,15396,0,9,9.18089157566914,2.4468099999808146,29.32881500001372,224.37503247596777
1789527621,10,,Aggregated,33.000000,0.000000,9,10,10,11,12,13,15,17,21,29,29,15428,0,9,9.18166816593222,2.4468099999808146,29.32881500001372,224.36459683691987
1789527622,10,,Aggregated,32.200000,0.000000,9,10,10,11,12,13,15,17,21,29,29,15456,0,9,9.182544738807113,2.4468099999808146,29.32881500001372,224.37292960662526
1789527623,10,,Aggregated,32.300000,0.000000,9,10,10,11,12,13,15,17,21,29,29,15491,0,9,9.181650304305878,2.4468099999808146,29.32881500001372,224.37525014524562
1789527624,10,,Aggregated,32.600000,0.000000,9,10,10,11,12,13,15,17,21,29,29,15521,0,9,9.181692222086347,2.4468099999808146,29.32881500001372,224.39481992139682
1789527625,10,,Aggregated,32.800000,0.000000,9,10,10,11,12,13,15,17,21,29,29,15551,0,9,9.181943860523544,2.4468099999808146,29.32881500001372,224.37868947334576
1789527626,10,,Aggregated,32.800000,0.000000,9,10,10,10,12,13,15,17,21,29,29,15580,0,9,9.182411271502005,2.4468099999808146,29.32881500001372,224.37920410783056
1789527627,10,,Aggregated,32.600000,0.000000,9,10,10,11,12,13,15,17,21,29,29,15615,0,9,9.183466818956227,2.4468099999808146,29.32881500001372,224.36356067883446
1789527628,10,,Aggregated,32.100000,0.000000,9,10,10,11,12,13,15,17,21,29,29,15648,0,9,9.184668245654503,2.4468099999808146,29.32881500001372,224.3693762781186
1789527629,10,,Aggregated,31.800000,0.000000,9,10,10,11,12,13,15,17,21,29,29,15678,0,9,9.185250988263903,2.4468099999808146,29.32881500001372,224.35967597907896
1789527630,10,,Aggregated,31.700000,0.000000,9,10,10,10,12,13,15,17,21,29,29,15709,0,9,9.185215320007735,2.4468099999808146,29.32881500001372,224.35992106435802
1789527631,10,,Aggregated,31.500000,0.000000,9,10,10,11,12,13,15,17,21,29,29,15744,0,9,9.188524174098177,2.4468099999808146,29.32881500001372,224.34228912601625
1789527632,10,,Aggregated,31.700000,0.000000,9,10,10,11,12,13,15,17,21,29,29,15778,0,9,9.187991673723005,2.4468099999808146,29.32881500001372,224.35188236785396
1789527633,10,,Aggregated,31.700000,0.000000,9,10,10,11,12,13,15,17,21,29,29,15809,0,9,9.188092511544149,2.4468099999808146,29.32881500001372,224.37541906508952
1789527634,10,,Aggregated,32.100000,0.000000,9,10,10,11,12,13,15,17,21,29,29,15841,0,9,9.189095968436428,2.4468099999808146,29.32881500001372,224.38286724322958
1789527635,10,,Aggregated,31.700000,0.000000,9,10,10,10,12,13,15,17,21,29,29,15870,0,9,9.189318388909982,2.4468099999808146,29.32881500001372,224.3835538752363
1789527636,10,,Aggregated,31.600000,0.000000,9,10,10,11,12,13,15,17,21,29,29,15904,0,9,9.190680005281783,2.4468099999808146,29.32881500001372,224.37588028169014
1789527637,10,,Aggregated,31.900000,0.000000,9,10,10,11,12,13,15,17,21,29,29,15930,0,9,9.191663809416292,2.4468099999808146,29.32881500001372,224.37043314500943
1789527638,10,,Aggregated,32.200000,0.000000,9,10,10,11,12,13,15,17,21,29,29,15962,0,9,9.19110465254987,2.4468099999808146,29.32881500001372,224.37758426262374
1789527639,10,,Aggregated,32.000000,0.000000,9,10,10,11,12,13,15,17,21,29,29,15992,0,9,9.19293670616565,2.4468099999808146,29.32881500001372,224.37956478239118
1789527640,10,,Aggregated,31.300000,0.000000,9,10,10,11,12,13,15,17,21,29,29,16022,0,9,9.194077411309522,2.4468099999808146,29.32881500001372,224.35313943327924
1789527641,10,,Aggregated,31.100000,0.000000,9,10,10,11,12,13,15,17,21,29,29,16057,0,9,9.194996190695703,2.4468099999808146,29.32881500001372,224.35523447717506
1789527642,10,,Aggregated,31.200000,0.000000,9,10,10,11,12,13,15,17,21,29,29,16091,0,9,9.196819167733604,2.4468099999808146,29.32881500001372,224.33347834193026
1789527643,10,,Aggregated,31.200000,0.000000,9,10,10,11,12,13,15,17,21,29,29,16125,0,9,9.198049348961328,2.4468099999808146,29.32881500001372,224.33761240310076
1789527644,10,,Aggregated,30.900000,0.000000,9,10,10,11,12,13,15,17,21,29,29,16155,0,9,9.197615003837914,2.4468099999808146,29.32881500001372,224.34255648406065
1789527645,10,,Aggregated,31.000000,0.000000,9,10,10,11,12,13,15,17,21,29,29,16189,0,9,9.198696516708983,2.4468099999808146,29.32881500001372,224.34362838964728
1789527646,10,,Aggregated,31.400000,0.000000,9,10,10,11,12,13,15,17,21,29,29,16218,0,9,9.197987821864709,2.4468099999808146,29.32881500001372,224.34153409791588
1789527647,10,,Aggregated,31.300000,0.000000,9,10,10,11,12,13,15,17,21,29,29,16251,0,9,9.199897423174068,2.4468099999808146,29.32881500001372,224.34422497077102
1789527648,10,,Aggregated,31.300000,0.000000,9,10,10,11,12,13,15,17,21,29,29,16283,0,9,9.198289696984695,2.4468099999808146,29.32881500001372,224.34858441319167
1789527649,10,,Aggregated,31.600000,0.000000,9,10,10,11,12,13,15,17,21,29,29,16318,0,9,9.200660736119726,2.4468099999808146,29.32881500001372,224.35641622747886
1789527650,10,,Aggregated,31.900000,0.000000,9,10,10,11,12,13,15,17,21,29,29,16347,0,9,9.201115217593538,2.4468099999808146,29.32881500001372,224.34605738055913
1789527651,10,,Aggregated,32.000000,0.000000,9,10,10,11,12,13,15,17,21,29,29,16378,0,9,9.201989454756482,2.4468099999808146,29.32881500001372,224.34076199780193
1789527652,10,,Aggregated,32.500000,0.000000,9,10,10,11,12,13,15,17,21,29,29,16409,0,9,9.20141841239574,2.4468099999808146,29.32881500001372,224.3330489365592
1789527653,10,,Aggregated,32.300000,0.000000,9,10,10,11,12,13,15,17,21,29,29,16444,0,9,9.201812931342813,2.4468099999808146,29.32881500001372,224.33313062515202
1789527654,10,,Aggregated,31.900000,0.000000,9,10,10,11,12,13,15,17,21,29,29,16479,0,9,9.202127173797027,2.4468099999808146,29.32881500001372,224.3330906001578
1789527655,10,,Aggregated,32.100000,0.000000,9,10,10,11,12,13,15,17,21,29,29,16510,0,9,9.20310833404005,2.4468099999808146,29.32881500001372,224.34173228346458
1789527656,10,,Aggregated,31.800000,0.000000,9,10,10,11,12,13,15,17,21,29,29,16539,0,9,9.2020653763227,2.4468099999808146,29.32881500001372,224.34228187919464
1789527657,10,,Aggregated,32.000000,0.000000,9,10,10,11,12,13,15,17,21,29,29,16574,0,9,9.20433350730066,2.4468099999808146,29.32881500001372,224.33341378062025
1789527658,10,,Aggregated,32.100000,0.000000,9,10,10,11,12,13,15,17,21,29,29,16607,0,9,9.203009386102291,2.4468099999808146,29.32881500001372,224.33630396820618
1789527659,10,,Aggregated,31.900000,0.000000,9,10,10,11,12,13,15,17,21,29,29,16635,0,9,9.203598927923135,2.4468099999808146,29.32881500001372,224.33880372708146
1789527660,10,,Aggregated,32.100000,0.000000,9,10,10,11,12,13,15,17,21,29,29,16669,0,9,9.203213561521496,2.4468099999808146,29.32881500001372,224.32611434399183
1789527661,10,,Aggregated,32.500000,0.000000,9,10,10,11,12,13,15,17,21,29,29,16706,0,9,9.204862459415892,2.4468099999808146,29.32881500001372,224.3198252124985
1789527662,10,,Aggregated,31.800000,0.000000,9,10,10,11,12,13,15,17,21,29,29,16740,0,9,9.205408472162619,2.4468099999808146,29.32881500001372,224.32377538829152
1789527663,10,,Aggregated,32.500000,0.000000,9,10,10,11,12,13,15,17,21,29,29,16767,0,9,9.205934895210943,2.4468099999808146,29.32881500001372,224.32188226874217
1789527664,10,,Aggregated,33.000000,0.000000,9,10,10,11,12,13,15,17,21,29,29,16799,0,9,9.205582618905977,2.4468099999808146,29.32881500001372,224.31543544258588
1789527665,10,,Aggregated,32.700000,0.000000,9,10,10,11,12,13,15,17,21,29,29,16837,0,9,9.205304827819784,2.4468099999808146,29.32881500001372,224.3234542970838
1789527666,10,,Aggregated,32.400000,0.000000,9,10,10,11,12,13,15,17,21,29,29,16870,0,9,9.205972653942036,2.4468099999808146,29.32881500001372,224.34202726733847
1789527667,10,,Aggregated,32.100000,0.000000,9,10,10,11,12,13,15,17,21,29,29,16903,0,9,9.206903812814415,2.4468099999808146,29.32881500001372,224.33644915103827
1789527668,10,,Aggregated,32.600000,0.000000,9,10,10,11,12,13,15,17,21,29,29,16936,0,9,9.206896062883926,2.4468099999808146,29.32881500001372,224.3421705243269
1789527669,10,,Aggregated,33.000000,0.000000,9,10,10,11,12,13,15,17,21,29,29,16974,0,9,9.206555266819965,2.4468099999808146,29.32881500001372,224.35330505478967
1789527670,10,,Aggregated,32.900000,0.000000,9,10,10,11,12,13,15,17,21,29,29,17001,0,9,9.206450254102796,2.4468099999808146,29.32881500001372,224.3569201811658
1789527671,10,,Aggregated,32.600000,0.000000,9,10,10,11,12,13,15,17,21,29,29,17033,0,9,9.208482764809588,2.4468099999808146,29.32881500001372,224.36106381729584
1789527672,10,,Aggregated,33.400000,0.000000,9,10,10,11,12,13,15,17,21,29,29,17063,0,9,9.209568807712687,2.4468099999808146,29.32881500001372,224.3524585360136
1789527673,10,,Aggregated,32.500000,0.000000,9,10,10,11,12,13,15,17,21,29,29,17097,0,9,9.210821441130117,2.4468099999808146,29.32881500001372,224.34275019009183
1789527674,10,,Aggregated,32.500000,0.000000,9,10,10,11,12,13,15,17,21,29,29,17127,0,9,9.211961107432813,2.4468099999808146,29.32881500001372,224.35324341682724
1789527675,10,,Aggregated,32.500000,0.000000,9,10,10,11,12,13,15,17,21,29,29,17158,0,9,9.213397044177718,2.4468099999808146,29.32881500001372,224.34281384776781
1789527676,10,,Aggregated,33.000000,0.000000,9,10,10,11,12,13,15,17,21,29,29,17191,0,9,9.214337875632681,2.4468099999808146,29.32881500001372,224.34262113896807
1789527677,10,,Aggregated,32.700000,0.000000,9,10,10,11,12,13,15,17,21,29,29,17227,0,9,9.215909624600984,2.4468099999808146,29.32881500001372,224.33795785685263
1789527678,10,,Aggregated,32.300000,0.000000,9,10,10,11,12,13,15,17,21,29,29,17262,0,9,9.216899169852908,2.4468099999808146,29.32881500001372,224.32950990615225
1789527679,10,,Aggregated,32.300000,0.000000,9,10,10,11,12,13,15,17,21,29,29,17293,0,9,9.216154643786542,2.4468099999808146,29.32881500001372,224.34036893540738
1789527680,10,,Aggregated,32.300000,0.000000,9,10,10,11,12,13,15,17,21,29,29,17324,0,9,9.218141223274127,2.4468099999808146,29.32881500001372,224.32498268298315
1789527681,10,,Aggregated,32.500000,0.000000,9,10,10,11,12,13,15,17,21,29,29,17354,0,9,9.218301721447567,2.4468099999808146,29.32881500001372,224.32666820329607
1789527682,10,,Aggregated,32.100000,0.000000,9,10,10,11,12,13,15,17,21,29,29,17383,0,9,9.218626251165,2.4468099999808146,29.32881500001372,224.3193925099235
1789527683,10,,Aggregated,32.200000,0.000000,9,10,10,11,12,13,15,17,21,29,29,17415,0,9,9.218379127304104,2.4468099999808146,29.32881500001372,224.3206431237439
1789527684,10,,Aggregated,32.000000,0.000000,9,10,10,11,12,13,15,17,21,29,29,17447,0,9,9.218611132630274,2.4468099999808146,29.32881500001372,224.3088783171892
1789527685,10,,Aggregated,31.800000,0.000000,9,10,10,11,12,13,15,17,21,29,29,17481,0,9,9.219473070362163,2.4468099999808146,29.32881500001372,224.29946799382185
1789527686,10,,Aggregated,31.700000,0.000000,9,10,10,11,12,13,15,17,21,29,29,17514,0,9,9.21944693165474,2.4468099999808146,29.32881500001372,224.30432796619846
1789527687,10,,Aggregated,32.100000,0.000000,9,10,10,11,12,13,15,17,21,29,29,17547,0,9,9.218814314013843,2.4468099999808146,29.32881500001372,224.32227731236108
1789527688,10,,Aggregated,32.000000,0.000000,9,10,10,11,12,13,15,17,21,29,29,17582,0,9,9.219527139517728,2.4468099999808146,29.32881500001372,224.32703901717665
1789527689,10,,Aggregated,32.100000,0.000000,9,10,10,11,12,13,15,17,22,29,29,17612,0,9,9.224078028787245,2.4468099999808146,29.32881500001372,224.32625482625483
1789527690,10,,Aggregated,31.900000,0.000000,9,10,10,11,12,13,15,17,22,29,29,17641,0,9,9.225174548154929,2.4468099999808146,29.32881500001372,224.32418797120346
1789527691,10,,Aggregated,32.100000,0.000000,9,10,10,11,12,13,15,17,22,29,29,17675,0,9,9.224351765261753,2.4468099999808146,29.32881500001372,224.3146817538897
1789527692,10,,Aggregated,31.700000,0.000000,9,10,10,11,12,13,15,17,22,29,29,17705,0,9,9.224613303982014,2.4468099999808146,29.32881500001372,224.3269133013273
1789527693,10,,Aggregated,31.700000,0.000000,9,10,10,11,12,13,15,17,22,29,29,17738,0,9,9.225022420566116,2.4468099999808146,29.32881500001372,224.321513135641
1789527694,10,,Aggregated,31.900000,0.000000,9,10,10,11,12,13,15,17,22,29,29,17772,0,9,9.225678888701454,2.4468099999808146,29.32881500001372,224.327706504614
1789527696,10,,Aggregated,32.200000,0.000000,9,10,10,11,12,13,15,17,22,29,29,17801,0,9,9.224988454412813,2.4468099999808146,29.32881500001372,224.3231840907814
1789527697,10,,Aggregated,32.200000,0.000000,9,10,10,11,12,13,15,17,22,29,29,17834,0,9,9.226663769541453,2.4468099999808146,29.32881500001372,224.31529662442526
1789527698,10,,Aggregated,32.300000,0.000000,9,10,10,11,12,13,15,17,22,29,29,17873,0,9,9.225289809209562,2.4468099999808146,29.32881500001372,224.32210596989873
1789527699,10,,Aggregated,31.900000,0.000000,9,10,10,11,12,13,15,17,22,29,29,17900,0,9,9.22636198256998,2.4468099999808146,29.32881500001372,224.31301675977653
1789527700,10,,Aggregated,31.700000,0.000000,9,10,10,11,12,13,15,17,22,29,29,17935,0,9,9.2282641233344,2.4468099999808146,29.32881500001372,224.31257318093114
1789527701,10,,Aggregated,31.700000,0.000000,9,10,10,11,12,13,15,17,22,29,29,17962,0,9,9.229428798296553,2.4468099999808146,29.32881500001372,224.31850573432803
1789527702,10,,Aggregated,32.300000,0.000000,9,10,10,11,12,13,15,17,22,29,29,17994,0,9,9.228219048516323,2.4468099999808146,29.32881500001372,224.31721685006113
1789527703,10,,Aggregated,32.000000,0.000000,9,10,10,11,12,13,15,17,22,29,29,18028,0,9,9.227846606944919,2.4468099999808146,29.32881500001372,224.32088972709118
1789527704,10,,Aggregated,32.000000,0.000000,9,10,10,11,12,13,15,17,22,29,29,18059,0,9,9.227245255606796,2.4468099999808146,29.32881500001372,224.32360595824795
1789527705,10,,Aggregated,32.000000,0.000000,9,10,10,11,12,13,15,17,22,29,29,18092,0,9,9.22729505051973,2.4468099999808146,29.32881500001372,224.32865354852973
1789527706,10,,Aggregated,32.000000,0.000000,9,10,10,11,12,13,15,17,22,29,29,18122,0,9,9.229708794504074,2.4468099999808146,29.32881500001372,224.32777839090608
1789527707,10,,Aggregated,32.100000,0.000000,9,10,10,11,12,13,15,17,22,29,29,18152,0,9,9.230482045890426,2.4468099999808146,29.32881500001372,224.34205597179374
1789527708,10,,Aggregated,32.100000,0.000000,9,10,10,11,12,13,15,17,22,29,29,18184,0,9,9.2311093537727,2.4468099999808146,29.32881500001372,224.33886933567973
1789527709,10,,Aggregated,32.100000,0.000000,9,10,10,11,12,13,15,17,22,29,29,18217,0,9,9.232815935225485,2.4468099999808146,29.32881500001372,224.33611461821377
1789527710,10,,Aggregated,31.000000,0.000000,9,10,10,11,12,13,15,17,22,29,29,18249,0,9,9.233978160830885,2.4468099999808146,29.32881500001372,224.32007233273055
1789527711,10,,Aggregated,31.000000,0.000000,9,10,10,11,12,13,15,17,22,29,29,18278,0,9,9.233684361144704,2.4468099999808146,29.32881500001372,224.32317540212276
1789527712,10,,Aggregated,31.200000,0.000000,9,10,10,11,12,13,15,17,22,29,29,18312,0,9,9.233172684032477,2.4468099999808146,29.32881500001372,224.32175622542596
1789527713,10,,Aggregated,31.700000,0.000000,9,10,10,11,12,13,15,17,22,29,29,18344,0,9,9.234848601286664,2.4468099999808146,29.32881500001372,224.32064980375054
1789527714,10,,Aggregated,31.700000,0.000000,9,10,10,11,12,13,15,17,22,29,29,18375,0,9,9.234207219700846,2.4468099999808146,29.32881500001372,224.32353741496598
1789527715,10,,Aggregated,31.700000,0.000000,9,10,10,11,12,13,15,17,22,29,29,18405,0,9,9.233128683999087,2.4468099999808146,29.32881500001372,224.33023634881826
1789527716,10,,Aggregated,31.500000,0.000000,9,10,10,11,12,13,15,17,22,29,29,18437,0,9,9.23378616119779,2.4468099999808146,29.32881500001372,224.321798557249
1789527717,10,,Aggregated,31.200000,0.000000,9,10,10,11,12,13,15,17,22,29,29,18473,0,9,9.23356646229653,2.4468099999808146,29.32881500001372,224.33708655876143
1789527718,10,,Aggregated,31.300000,0.000000,9,10,10,11,12,13,15,17,22,29,29,18508,0,9,9.232944090393541,2.4468099999808146,29.32881500001372,224.33164037173114
1789527719,10,,Aggregated,31.800000,0.000000,9,10,10,11,12,13,15,17,22,29,29,18539,0,9,9.232779917741164,2.4468099999808146,29.32881500001372,224.32229354334106
1789527720,10,,Aggregated,32.100000,0.000000,9,10,10,11,12,13,15,17,22,29,29,18573,0,9,9.232463945243273,2.4468099999808146,29.32881500001372,224.32789533193346
1789527721,10,,Aggregated,32.100000,0.000000,9,10,10,11,12,13,15,17,22,29,29,18611,0,9,9.232246422277358,2.4468099999808146,29.32881500001372,224.32582881091827
1789527722,10,,Aggregated,32.200000,0.000000,9,10,10,11,12,13,15,17,22,29,29,18644,0,9,9.232563428234483,2.4468099999808146,29.32881500001372,224.31372023170994
1789527723,10,,Aggregated,32.800000,0.000000,9,10,10,11,12,13,15,17,22,29,29,18676,0,9,9.232962089312704,2.4468099999808146,29.32881500001372,224.3175198115228
1789527724,10,,Aggregated,33.100000,0.000000,9,10,10,11,12,13,15,17,22,29,29,18706,0,9,9.234411981717333,2.4468099999808146,29.32881500001372,224.31663637335615
1789527725,10,,Aggregated,32.800000,0.000000,9,10,10,11,12,13,15,17,22,29,29,18738,0,9,9.235945503575834,2.4468099999808146,29.32881500001372,224.32271320311665
1789527726,10,,Aggregated,32.900000,0.000000,9,10,10,11,12,13,15,17,22,29,29,18771,0,9,9.236978514197617,2.4468099999808146,29.32881500001372,224.31783069628682
1789527727,10,,Aggregated,33.400000,0.000000,9,10,10,11,12,13,15,17,22,29,29,18803,0,9,9.236536061001077,2.4468099999808146,29.32881500001372,224.31899165026857
1789527728,10,,Aggregated,33.400000,0.000000,9,10,10,11,12,13,15,17,22,29,29,18837,0,9,9.237555372193206,2.4468099999808146,29.32881500001372,224.32213197430588
1789527729,10,,Aggregated,33.100000,0.000000,9,10,10,11,12,13,15,17,22,29,29,18867,0,9,9.237685548895069,2.4468099999808146,29.32881500001372,224.31663751523826
1789527730,10,,Aggregated,32.900000,0.000000,9,10,10,11,12,13,15,17,22,29,29,18902,0,9,9.240705366099016,2.4468099999808146,29.32881500001372,224.31880224314887
1789527731,10,,Aggregated,32.700000,0.000000,9,10,10,11,12,13,15,17,22,29,29,18939,0,9,9.241190554200504,2.4468099999808146,29.32881500001372,224.31559216431702
1789527732,10,,Aggregated,32.800000,0.000000,9,10,10,11,12,13,15,17,22,29,29,18977,0,9,9.241602225905211,2.4468099999808146,29.32881500001372,224.3156979501502
1789527733,10,,Aggregated,32.900000,0.000000,9,10,10,11,12,13,15,17,22,29,29,19004,0,9,9.24034786550217,2.4468099999808146,29.32881500001372,224.31935382024838
1789527734,10,,Aggregated,33.200000,0.000000,9,10,10,11,12,13,15,17,22,29,29,19035,0,9,9.241401310691018,2.4468099999808146,29.32881500001372,224.3124244812188
1789527735,10,,Aggregated,33.200000,0.000000,9,10,10,11,12,13,15,17,22,29,29,19066,0,9,9.241186969212393,2.4468099999808146,29.32881500001372,224.3080352459876
1789527736,10,,Aggregated,32.900000,0.000000,9,10,10,11,12,13,15,17,22,29,29,19098,0,9,9.242400970991913,2.4468099999808146,29.32881500001372,224.31437846894963
1789527737,10,,Aggregated,32.600000,0.000000,9,10,10,11,12,13,15,17,22,29,29,19128,0,9,9.241740402499135,2.4468099999808146,29.32881500001372,224.31608113759933
1789527738,10,,Aggregated,32.400000,0.000000,9,10,10,11,12,13,15,17,22,29,29,19160,0,9,9.242529531054455,2.4468099999808146,29.32881500001372,224.30088726513569
1789527739,10,,Aggregated,32.400000,0.000000,9,10,10,11,12,13,15,17,22,29,29,19195,0,9,9.242463683719905,2.4468099999808146,29.32881500001372,224.31461318051575
1789527740,10,,Aggregated,32.400000,0.000000,9,10,10,11,12,13,15,17,22,29,29,19225,0,9,9.244694160520355,2.4468099999808146,29.32881500001372,224.32566970091028
1789527741,10,,Aggregated,32.400000,0.000000,9,10,10,11,12,13,15,17,22,29,29,19255,0,9,9.24428257844736,2.4468099999808146,29.32881500001372,224.33419890937418
1789527742,10,,Aggregated,32.500000,0.000000,9,10,10,11,12,13,15,17,22,29,29,19287,0,9,9.245446312646036,2.4468099999808146,29.32881500001372,224.32379322859958
1789527743,10,,Aggregated,31.600000,0.000000,9,10,10,11,12,13,15,17,22,29,29,19316,0,9,9.24406510380016,2.4468099999808146,29.32881500001372,224.3387347276869
1789527744,10,,Aggregated,31.000000,0.000000,9,10,10,11,12,13,15,17,22,29,29,19347,0,9,9.244526100739334,2.4468099999808146,29.32881500001372,224.32950845092262
1789527745,10,,Aggregated,30.800000,0.000000,9,10,10,11,12,13,15,17,22,29,29,19384,0,9,9.245697103126513,2.4468099999808146,29.32881500001372,224.3146925299216
1789527746,10,,Aggregated,31.100000,0.000000,9,10,10,11,12,13,15,17,22,29,29,19414,0,9,9.246957930050698,2.4468099999808146,29.32881500001372,224.3163696301638
1789527747,10,,Aggregated,31.300000,0.000000,9,10,10,11,12,13,15,17,22,29,29,19446,0,9,9.24803607651981,2.4468099999808146,29.32881500001372,224.3106551475882
1789527748,10,,Aggregated,31.600000,0.000000,9,10,10,11,12,13,15,17,22,29,29,19482,0,9,9.247655449132756,2.4468099999808146,29.32881500001372,224.30407555692435
1789527749,10,,Aggregated,31.500000,0.000000,9,10,10,11,12,13,15,17,22,29,29,19515,0,9,9.247257141173698,2.4468099999808146,29.32881500001372,224.30412503202663
1789527750,10,,Aggregated,31.700000,0.000000,9,10,10,11,12,13,15,17,22,29,29,19548,0,9,9.248486906537988,2.4468099999808146,29.32881500001372,224.30898301616534
1789527751,10,,Aggregated,32.000000,0.000000,9,10,10,11,12,13,15,17,22,29,29,19586,0,9,9.249527868732983,2.4468099999808146,29.32881500001372,224.30669866230983
1789527752,10,,Aggregated,32.300000,0.000000,9,10,10,11,12,13,15,17,22,29,29,19617,0,9,9.250302775704965,2.4468099999808146,29.32881500001372,224.31156649844522
1789527753,10,,Aggregated,32.700000,0.000000,9,10,10,11,12,13,15,17,22,29,29,19652,0,9,9.251675892581124,2.4468099999808146,29.32881500001372,224.30185222878077
1789527754,10,,Aggregated,32.800000,0.000000,9,10,10,11,12,13,15,17,22,29,29,19685,0,9,9.252135846634687,2.4468099999808146,29.32881500001372,224.3001778003556
1789527755,10,,Aggregated,33.300000,0.000000,9,10,10,11,12,13,15,17,22,29,29,19714,0,9,9.25283347139109,2.4468099999808146,29.32881500001372,224.2938520848128
1789527756,10,,Aggregated,33.500000,0.000000,9,10,10,11,12,13,15,17,22,29,29,19749,0,9,9.253601786166586,2.4468099999808146,29.32881500001372,224.29809104258445
1789527757,10,,Aggregated,33.600000,0.000000,9,10,10,11,12,13,15,17,22,29,29,19781,0,9,9.254152857388585,2.4468099999808146,29.32881500001372,224.30402911885142
1789527758,10,,Aggregated,33.200000,0.000000,9,10,10,11,12,13,15,17,22,29,29,19814,0,9,9.254388028565849,2.4468099999808146,29.32881500001372,224.30660139295446
1789527759,10,,Aggregated,33.700000,0.000000,9,10,10,11,12,13,15,17,22,29,29,19846,0,9,9.254655353371142,2.4468099999808146,29.32881500001372,224.30338607276025
1789527760,10,,Aggregated,33.600000,0.000000,9,10,10,11,12,13,15,17,22,29,29,19875,0,9,9.255504858515906,2.4468099999808146,29.32881500001372,224.30415094339622
1789527761,10,,Aggregated,33.000000,0.000000,9,10,10,11,12,13,15,17,22,29,29,19912,0,9,9.256013564835479,2.4468099999808146,29.32881500001372,224.30092406588992
1789527762,10,,Aggregated,32.700000,0.000000,9,10,10,11,12,13,15,17,22,29,29,19944,0,9,9.25636895206597,2.4468099999808146,29.32881500001372,224.30219614921782
1789527763,10,,Aggregated,32.800000,0.000000,9,10,10,11,12,13,15,17,22,29,29,19975,0,9,9.25704784886127,2.4468099999808146,29.32881500001372,224.30232790988737
1789527764,10,,Aggregated,32.800000,0.000000,9,10,10,11,12,13,15,17,22,29,29,20010,0,9,9.256836730934731,2.4468099999808146,29.32881500001372,224.3040979510245
1789527765,10,,Aggregated,32.400000,0.000000,9,10,10,11,12,13,15,17,22,29,29,20041,0,9,9.256976003542947,2.4468099999808146,29.32881500001372,224.3018312459458
1789527766,10,,Aggregated,32.600000,0.000000,9,10,10,11,12,13,15,17,22,29,29,20070,0,9,9.256773753861701,2.4468099999808146,29.32881500001372,224.3047832585949
1789527767,10,,Aggregated,32.200000,0.000000,9,10,10,11,12,13,15,17,22,29,29,20104,0,9,9.258629256367088,2.4468099999808146,29.32881500001372,224.3033227218464
1789527768,10,,Aggregated,32.200000,0.000000,9,10,10,11,12,13,15,17,22,29,29,20137,0,9,9.257303753588118,2.4468099999808146,29.32881500001372,224.30779162735263
1789527769,10,,Aggregated,32.000000,0.000000,9,10,10,11,12,13,15,17,22,29,29,20167,0,9,9.25658547746336,2.4468099999808146,29.32881500001372,224.32533346556255
1789527770,10,,Aggregated,32.000000,0.000000,9,10,10,11,12,13,15,17,22,29,29,20201,0,9,9.25617877194217,2.4468099999808146,29.32881500001372,224.34389386664026
1789527771,10,,Aggregated,32.400000,0.000000,9,10,10,11,12,13,15,17,22,29,29,20234,0,9,9.256130447365987,2.4468099999808146,29.32881500001372,224.3438766432737
1789527772,10,,Aggregated,32.400000,0.000000,9,10,10,11,12,13,15,17,22,29,29,20268,0,9,9.255941558664068,2.4468099999808146,29.32881500001372,224.34477994868757
1789527773,10,,Aggregated,32.100000,0.000000,9,10,10,11,12,13,15,17,22,29,29,20302,0,9,9.257789229681965,2.4468099999808146,29.32881500001372,224.3389321249138
1789527774,10,,Aggregated,32.100000,0.000000,9,10,10,11,12,13,15,17,22,29,29,20333,0,9,9.258103101805125,2.4468099999808146,29.32881500001372,224.33693994983525
1789527775,10,,Aggregated,32.400000,0.000000,9,10,10,11,12,13,15,17,22,29,29,20366,0,9,9.257186738338577,2.4468099999808146,29.32881500001372,224.33673770008838
1789527776,10,,Aggregated,32.000000,0.000000,9,10,10,11,12,13,15,17,22,29,29,20396,0,9,9.257265973377288,2.4468099999808146,29.32881500001372,224.33594822514218
1789527777,10,,Aggregated,32.300000,0.000000,9,10,10,11,12,13,15,17,22,29,29,20432,0,9,9.257594439898373,2.4468099999808146,29.32881500001372,224.33432850430697
1789527778,10,,Aggregated,32.600000,0.000000,9,10,10,11,12,13,15,17,22,29,29,20462,0,9,9.257418234532482,2.4468099999808146,29.32881500001372,224.3381878604242
1789527779,10,,Aggregated,32.600000,0.000000,9,10,10,11,12,13,15,17,22,29,29,20496,0,9,9.258649925595419,2.4468099999808146,29.32881500001372,224.3345530835285
1789527780,10,,Aggregated,32.800000,0.000000,9,10,10,11,12,13,15,17,22,29,29,20535,0,9,9.260133394107815,2.4468099999808146,29.32881500001372,224.32695398100805
1789527781,10,,Aggregated,32.600000,0.000000,9,10,10,11,12,13,15,17,22,29,29,20564,0,9,9.26084813723028,2.4468099999808146,29.32881500001372,224.32979964987356
1789527782,10,,Aggregated,32.900000,0.000000,9,10,10,11,12,13,15,17,22,29,29,20597,0,9,9.25980991163777,2.4468099999808146,29.32881500001372,224.3229596543186
1789527783,10,,Aggregated,33.000000,0.000000,9,10,10,11,12,13,15,17,22,29,29,20629,0,9,9.259042936691214,2.4468099999808146,29.32881500001372,224.32430074167434
1789527784,10,,Aggregated,32.700000,0.000000,9,10,10,11,12,13,15,17,22,29,29,20662,0,9,9.25994910512066,2.4468099999808146,29.32881500001372,224.3263478850063
1789527785,10,,Aggregated,32.800000,0.000000,9,10,10,11,12,13,15,17,22,29,29,20697,0,9,9.260105676958156,2.4468099999808146,29.32881500001372,224.3366671498285
1789527786,10,,Aggregated,32.900000,0.000000,9,10,10,11,12,13,15,17,22,29,29,20728,0,9,9.25922380263425,2.4468099999808146,29.32881500001372,224.33698379004247
1789527787,10,,Aggregated,33.000000,0.000000,9,10,10,11,12,13,15,17,22,29,29,20765,0,9,9.261603565807976,2.4468099999808146,29.32881500001372,224.32718516734892
1789527788,10,,Aggregated,33.200000,0.000000,9,10,10,11,12,13,15,17,22,29,29,20793,0,9,9.26185463968655,2.4468099999808146,29.32881500001372,224.32049247342854
1789527789,10,,Aggregated,33.300000,0.000000,9,10,10,11,12,13,15,17,22,29,29,20823,0,9,9.262259092638047,2.4468099999808146,29.32881500001372,224.32161552129855
1789527790,10,,Aggregated,32.700000,0.000000,9,10,10,11,12,13,15,17,22,29,29,20857,0,9,9.262306522222861,2.4468099999808146,29.32881500001372,224.33120774799826
1789527791,10,,Aggregated,32.600000,0.000000,9,10,10,11,12,13,15,17,22,29,29,20888,0,9,9.262380202748094,2.4468099999808146,29.32881500001372,224.3294235924933
1789527792,10,,Aggregated,32.200000,0.000000,9,10,10,11,12,13,15,17,22,29,29,20920,0,9,9.263399954111007,2.4468099999808146,29.32881500001372,224.33499043977056
1789527793,10,,Aggregated,32.300000,0.000000,9,10,10,11,12,13,15,17,22,29,29,20955,0,9,9.26274179546657,2.4468099999808146,29.32881500001372,224.33896444762587
1789527794,10,,Aggregated,32.200000,0.000000,9,10,10,11,12,13,15,17,22,29,29,20987,0,9,9.263900490351272,2.4468099999808146,29.32881500001372,224.3249154238338
1789527795,10,,Aggregated,32.600000,0.000000,9,10,10,11,12,13,15,17,21,29,29,21024,0,9,9.265163858162202,2.4468099999808146,29.32881500001372,224.32838660578386
1789527796,10,,Aggregated,32.200000,0.000000,9,10,10,11,12,13,15,17,21,29,29,21055,0,9,9.266599600190098,2.4468099999808146,29.32881500001372,224.32861553075278
1789527797,10,,Aggregated,32.600000,0.000000,9,10,10,11,12,13,15,17,21,29,29,21082,0,9,9.266598839152012,2.4468099999808146,29.32881500001372,224.3229769471587
1789527798,10,,Aggregated,32.200000,0.000000,9,10,10,11,12,13,15,17,21,29,29,21112,0,9,9.26647189527295,2.4468099999808146,29.32881500001372,224.32436528988254
1789527799,10,,Aggregated,32.000000,0.000000,9,10,10,11,12,13,15,17,21,29,29,21146,0,9,9.267901154402848,2.4468099999808146,29.32881500001372,224.3185472429774
1789527800,10,,Aggregated,31.900000,0.000000,9,10,10,11,12,13,15,17,21,29,29,21180,0,9,9.267296841407116,2.4468099999808146,29.32881500001372,224.31931067044383
1789527801,10,,Aggregated,31.800000,0.000000,9,10,10,11,12,13,15,17,21,29,29,21216,0,9,9.26903459601258,2.4468099999808146,29.32881500001372,224.31744909502262
1789527802,10,,Aggregated,32.200000,0.000000,9,10,10,11,12,13,15,17,21,29,29,21245,0,9,9.268711967663123,2.4468099999808146,29.32881500001372,224.3157448811485
1789527803,10,,Aggregated,32.400000,0.000000,9,10,10,11,12,13,15,17,21,29,29,21274,0,9,9.26937114364967,2.4468099999808146,29.32881500001372,224.31634859452853
1789527804,10,,Aggregated,32.600000,0.000000,9,10,10,11,12,13,15,17,21,29,29,21309,0,9,9.270649139237074,2.4468099999808146,29.32881500001372,224.3138579942747
1789527805,10,,Aggregated,31.800000,0.000000,9,10,10,11,12,13,15,17,21,29,29,21344,0,9,9.271927344218664,2.4468099999808146,29.32881500001372,224.317559970015
1789527806,10,,Aggregated,32.300000,0.000000,9,10,10,11,12,13,15,17,21,29,29,21374,0,9,9.271513311827608,2.4468099999808146,29.32881500001372,224.3144942453448
1789527807,10,,Aggregated,32.100000,0.000000,9,10,10,11,12,13,15,17,21,29,29,21405,0,9,9.272926114973298,2.4468099999808146,29.32881500001372,224.31268395234758
1789527808,10,,Aggregated,32.000000,0.000000,9,10,10,11,12,13,15,17,21,29,29,21438,0,9,9.272923519311638,2.4468099999808146,29.32881500001372,224.30837764716858
1789527809,10,,Aggregated,32.100000,0.000000,9,10,10,11,12,13,15,17,21,29,29,21475,0,9,9.272857109057172,2.4468099999808146,29.32881500001372,224.30970896391153
1789527810,10,,Aggregated,32.500000,0.000000,9,10,10,11,12,13,15,17,21,29,29,21507,0,9,9.273808392430494,2.4468099999808146,29.32881500001372,224.30459850281304
1789527811,10,,Aggregated,33.200000,0.000000,9,10,10,11,12,13,15,17,21,29,29,21544,0,9,9.273751850306462,2.4468099999808146,29.32881500001372,224.3040289639807
1789527812,10,,Aggregated,33.000000,0.000000,9,10,10,11,12,13,15,17,22,29,30,21577,0,9,9.274024891273214,2.4468099999808146,30.442092000043885,224.30175649997682
1789527813,10,,Aggregated,32.700000,0.000000,9,10,10,11,12,13,15,17,22,29,30,21614,0,9,9.273269460997604,2.4468099999808146,30.442092000043885,224.29235680577403
1789527814,10,,Aggregated,33.000000,0.000000,9,10,10,11,12,13,15,17,22,29,30,21643,0,9,9.273572167583177,2.4468099999808146,30.442092000043885,224.28244698054797
1789527815,10,,Aggregated,33.600000,0.000000,9,10,10,11,12,13,15,17,22,29,30,21677,0,9,9.274363982839066,2.4468099999808146,30.442092000043885,224.28975411726714
1789527816,10,,Aggregated,33.200000,0.000000,9,10,10,11,12,13,15,17,22,29,30,21707,0,9,9.274663978348114,2.4468099999808146,30.442092000043885,224.29128852443912
1789527817,10,,Aggregated,33.200000,0.000000,9,10,10,11,12,13,15,17,22,29,30,21740,0,9,9.275131449448127,2.4468099999808146,30.442092000043885,224.2913063477461
1789527818,10,,Aggregated,33.300000,0.000000,9,10,10,11,12,13,15,17,22,29,30,21767,0,9,9.276567854504618,2.4468099999808146,30.442092000043885,224.29834152616345
1789527819,10,,Aggregated,33.000000,0.000000,9,10,10,11,12,13,15,17,22,29,30,21801,0,9,9.276886597587366,2.4468099999808146,30.442092000043885,224.31379294527773
1789527820,10,,Aggregated,32.800000,0.000000,9,10,10,11,12,13,15,17,22,29,30,21834,0,9,9.277909443574323,2.4468099999808146,30.442092000043885,224.31350187780527
1789527821,10,,Aggregated,32.400000,0.000000,9,10,10,11,12,13,15,17,22,29,30,21868,0,9,9.276946554463219,2.4468099999808146,30.442092000043885,224.31209987195902
1789527822,10,,Aggregated,32.200000,0.000000,9,10,10,11,12,13,15,17,22,29,30,21901,0,9,9.277675278206551,2.4468099999808146,30.442092000043885,224.31199488607825
1789527823,10,,Aggregated,32.400000,0.000000,9,10,10,11,12,13,15,17,22,29,30,21933,0,9,9.27737345921677,2.4468099999808146,30.442092000043885,224.31318105138376
1789527824,10,,Aggregated,32.300000,0.000000,9,10,10,11,12,13,15,17,22,29,30,21964,0,9,9.277890760426212,2.4468099999808146,30.442092000043885,224.3052267346567
1789527825,10,,Aggregated,32.000000,0.000000,9,10,10,11,12,13,15,17,22,29,30,21993,0,9,9.277267802209861,2.4468099999808146,30.442092000043885,224.30609739462557
1789527826,10,,Aggregated,32.100000,0.000000,9,10,10,11,12,13,15,17,21,29,30,22026,0,9,9.277755492962921,2.4468099999808146,30.442092000043885,224.31857804412965
1789527827,10,,Aggregated,31.600000,0.000000,9,10,10,11,12,13,15,17,21,29,30,22058,0,9,9.277380165155563,2.4468099999808146,30.442092000043885,224.31775319611933
1789527828,10,,Aggregated,31.400000,0.000000,9,10,10,11,12,13,15,17,22,29,30,22090,0,9,9.277964697510273,2.4468099999808146,30.442092000043885,224.3144409234948
1789527829,10,,Aggregated,31.700000,0.000000,9,10,10,11,12,13,15,17,22,29,30,22120,0,9,9.276934545253262,2.4468099999808146,30.442092000043885,224.31984629294755
1789527830,10,,Aggregated,31.800000,0.000000,9,10,10,11,12,13,15,17,22,29,30,22155,0,9,9.277546363349247,2.4468099999808146,30.442092000043885,224.32380952380953
1789527831,10,,Aggregated,32.100000,0.000000,9,10,10,11,12,13,15,17,22,29,30,22188,0,9,9.27717273170196,2.4468099999808146,30.442092000043885,224.31535063998558
1789527832,10,,Aggregated,31.800000,0.000000,9,10,10,11,12,13,15,17,22,29,30,22221,0,9,9.27776362949476,2.4468099999808146,30.442092000043885,224.3131272219972
1789527833,10,,Aggregated,31.900000,0.000000,9,10,10,11,12,13,15,17,22,29,30,22253,0,9,9.279105234440438,2.4468099999808146,30.442092000043885,224.31649665213678
1789527834,10,,Aggregated,31.900000,0.000000,9,10,10,11,12,13,15,17,22,29,30,22285,0,9,9.27904406475222,2.4468099999808146,30.442092000043885,224.33215167152792
1789527835,10,,Aggregated,31.700000,0.000000,9,10,10,11,12,13,15,17,22,29,30,22319,0,9,9.27834699063594,2.4468099999808146,30.442092000043885,224.32510417133383
1789527836,10,,Aggregated,32.100000,0.000000,9,10,10,11,12,13,15,17,22,29,30,22353,0,9,9.279053469691025,2.4468099999808146,30.442092000043885,224.31364917460743
1789527837,10,,Aggregated,32.400000,0.000000,9,10,10,11,12,13,15,17,22,29,30,22387,0,9,9.278015095591332,2.4468099999808146,30.442092000043885,224.3141555366954
1789527838,10,,Aggregated,32.800000,0.000000,9,10,10,11,12,13,15,17,22,29,30,22423,0,9,9.279102568389762,2.4468099999808146,30.442092000043885,224.31463229719483
1789527839,10,,Aggregated,32.800000,0.000000,9,10,10,11,12,13,15,17,22,29,30,22456,0,9,9.278745646197192,2.4468099999808146,30.442092000043885,224.30842536515854
1789527840,10,,Aggregated,33.100000,0.000000,9,10,10,11,12,13,15,17,22,29,30,22488,0,9,9.278678357346333,2.4468099999808146,30.442092000043885,224.3054073283529
1789527841,10,,Aggregated,33.300000,0.000000,9,10,10,11,12,13,15,17,22,29,30,22520,0,9,9.280729711234658,2.4468099999808146,30.442092000043885,224.30652753108347
1789527842,10,,Aggregated,33.600000,0.000000,9,10,10,11,12,13,15,17,22,29,30,22556,0,9,9.281055360436435,2.4468099999808146,30.442092000043885,224.30497428622095
1789527843,10,,Aggregated,33.300000,0.000000,9,10,10,11,12,13,15,17,22,29,30,22584,0,9,9.281024057120275,2.4468099999808146,30.442092000043885,224.30495040736804
1789527844,10,,Aggregated,33.300000,0.000000,9,10,10,11,12,13,15,17,22,29,30,22616,0,9,9.280986690440582,2.4468099999808146,30.442092000043885,224.30827732578706
1789527845,10,,Aggregated,33.400000,0.000000,9,10,10,11,12,13,15,17,22,29,30,22648,0,9,9.28139258362789,2.4468099999808146,30.442092000043885,224.311418226775
1789527846,10,,Aggregated,33.200000,0.000000,9,10,10,11,12,13,15,17,22,29,30,22680,0,9,9.281475161023106,2.4468099999808146,30.442092000043885,224.31243386243386
1789527847,10,,Aggregated,32.900000,0.000000,9,10,10,11,12,13,15,17,22,29,30,22713,0,9,9.28190058948638,2.4468099999808146,30.442092000043885,224.29793510324484
1789527848,10,,Aggregated,32.700000,0.000000,9,10,10,11,12,13,15,17,22,29,30,22748,0,9,9.282662902848799,2.4468099999808146,30.442092000043885,224.2975646210656
1789527849,10,,Aggregated,32.400000,0.000000,9,10,10,11,12,13,15,17,22,29,30,22783,0,9,9.283574132072339,2.4468099999808146,30.442092000043885,224.29728306193215
1789527850,10,,Aggregated,32.300000,0.000000,9,10,10,11,12,13,15,17,22,29,30,22815,0,9,9.283556396932015,2.4468099999808146,30.442092000043885,224.30032873109795
1789527851,10,,Aggregated,32.300000,0.000000,9,10,10,11,12,13,15,17,22,29,30,22851,0,9,9.283921105422246,2.4468099999808146,30.442092000043885,224.30090586845213
1789527852,10,,Aggregated,32.500000,0.000000,9,10,10,11,12,13,15,17,22,29,30,22886,0,9,9.284303719348243,2.4468099999808146,30.442092000043885,224.2946342742288
1789527853,10,,Aggregated,32.800000,0.000000,9,10,10,11,12,13,15,17,22,29,30,22919,0,9,9.285271159300299,2.4468099999808146,30.442092000043885,224.30062393647194
1789527854,10,,Aggregated,32.900000,0.000000,9,10,10,11,12,13,15,17,22,29,30,22950,0,9,9.285194586928275,2.4468099999808146,30.442092000043885,224.29485838779956
1789527855,10,,Aggregated,33.000000,0.000000,9,10,10,11,12,13,15,17,22,29,30,22980,0,9,9.285813346388332,2.4468099999808146,30.442092000043885,224.29638816362055
1789527856,10,,Aggregated,33.100000,0.000000,9,10,10,11,12,13,15,17,22,29,30,23011,0,9,9.286284692799255,2.4468099999808146,30.442092000043885,224.30050845247925
1789527857,10,,Aggregated,33.100000,0.000000,9,10,10,11,12,13,15,17,22,29,30,23041,0,9,9.286260088624768,2.4468099999808146,30.442092000043885,224.29564689032594
1789527858,10,,Aggregated,33.100000,0.000000,9,10,10,11,12,13,15,17,22,29,30,23069,0,9,9.28667825601471,2.4468099999808146,30.442092000043885,224.2975855043565
1789527859,10,,Aggregated,33.300000,0.000000,9,10,10,11,12,13,15,17,22,29,30,23101,0,9,9.287395823860585,2.4468099999808146,30.442092000043885,224.29288775377688
1789527860,10,,Aggregated,32.800000,0.000000,9,10,10,11,12,13,15,17,22,29,30,23135,0,9,9.28783173810257,2.4468099999808146,30.442092000043885,224.28778906418844
1789527861,10,,Aggregated,32.100000,0.000000,9,10,10,11,12,13,15,17,22,29,30,23167,0,9,9.287918468166032,2.4468099999808146,30.442092000043885,224.2853196356887
1789527862,10,,Aggregated,31.800000,0.000000,9,10,10,11,12,13,15,17,22,29,30,23202,0,9,9.288468108395932,2.4468099999808146,30.442092000043885,224.28700112059306
1789527863,10,,Aggregated,31.400000,0.000000,9,10,10,11,12,13,15,17,22,29,30,23234,0,9,9.288165530730943,2.4468099999808146,30.442092000043885,224.2921580442455
1789527864,10,,Aggregated,31.700000,0.000000,9,10,10,11,12,13,15,17,22,29,30,23260,0,9,9.287708890025918,2.4468099999808146,30.442092000043885,224.29625967325882
1789527865,10,,Aggregated,31.700000,0.000000,9,10,10,11,12,13,15,17,22,29,30,23296,0,9,9.28817156370204,2.4468099999808146,30.442092000043885,224.29678914835165
1789527866,10,,Aggregated,31.300000,0.000000,9,10,10,11,12,13,15,17,22,29,30,23325,0,9,9.288468329474938,2.4468099999808146,30.442092000043885,224.29551982851018
1789527867,10,,Aggregated,31.400000,0.000000,9,10,10,11,12,13,15,17,22,29,30,23357,0,9,9.290364264374828,2.4468099999808146,30.442092000043885,224.29455837650383
1789527868,10,,Aggregated,31.300000,0.000000,9,10,10,11,12,13,15,17,22,29,30,23386,0,9,9.288866977037678,2.4468099999808146,30.442092000043885,224.29748567519027
1789527869,10,,Aggregated,31.100000,0.000000,9,10,10,11,12,13,15,17,22,29,30,23415,0,9,9.28973295490084,2.4468099999808146,30.442092000043885,224.2942558189195
1789527870,10,,Aggregated,31.300000,0.000000,9,10,10,11,12,13,15,17,22,29,30,23445,0,9,9.289887312092267,2.4468099999808146,30.442092000043885,224.2974194924291
1789527871,10,,Aggregated,31.100000,0.000000,9,10,10,11,12,13,15,17,22,29,30,23479,0,9,9.290282636185674,2.4468099999808146,30.442092000043885,224.29818135354998
1789527872,10,,Aggregated,30.900000,0.000000,9,10,10,11,12,13,15,17,22,29,30,23512,0,9,9.29081714575551,2.4468099999808146,30.442092000043885,224.2943603266417
1789527873,10,,Aggregated,30.900000,0.000000,9,10,10,11,12,13,15,17,22,29,30,23541,0,9,9.29008246756738,2.4468099999808146,30.442092000043885,224.2871585744021
1789527874,10,,Aggregated,30.900000,0.000000,9,10,10,11,12,13,15,17,22,29,30,23578,0,9,9.289987760157947,2.4468099999808146,30.442092000043885,224.29048265332088
1789527875,10,,Aggregated,30.800000,0.000000,9,10,10,11,12,13,15,17,22,29,30,23607,0,9,9.290375332105043,2.4468099999808146,30.442092000043885,224.29097301647818
1789527876,10,,Aggregated,30.900000,0.000000,9,10,10,11,12,13,15,17,22,29,30,23646,0,9,9.29079181265345,2.4468099999808146,30.442092000043885,224.29188869153344
1789527877,10,,Aggregated,31.300000,0.000000,9,10,10,11,12,13,15,17,22,29,30,23676,0,9,9.29255071283171,2.4468099999808146,30.442092000043885,224.28759080925832
1789527878,10,,Aggregated,31.800000,0.000000,9,10,10,11,12,13,15,17,22,29,30,23707,0,9,9.292002224996983,2.4468099999808146,30.442092000043885,224.28409330577466
1789527879,10,,Aggregated,32.100000,0.000000,9,10,10,11,12,13,15,17,22,29,30,23739,0,9,9.293685873625819,2.4468099999808146,30.442092000043885,224.28686970807533
1789527880,10,,Aggregated,32.100000,0.000000,9,10,10,11,12,13,15,17,22,29,30,23773,0,9,9.294759131493857,2.4468099999808146,30.442092000043885,224.27615361965255
1789527881,10,,Aggregated,32.400000,0.000000,9,10,10,11,12,13,15,17,22,29,30,23808,0,9,9.29483860315876,2.4468099999808146,30.442092000043885,224.27037130376345
1789527882,10,,Aggregated,32.900000,0.000000,9,10,10,11,12,13,15,17,22,29,30,23836,0,9,9.295119368056865,2.4468099999808146,30.442092000043885,224.26640375901997
1789527883,10,,Aggregated,33.200000,0.000000,9,10,10,11,12,13,15,17,22,29,30,23871,0,9,9.296118589669636,2.4468099999808146,30.442092000043885,224.26605504587155
1789527884,10,,Aggregated,32.400000,0.000000,9,10,10,11,12,13,15,17,22,29,30,23903,0,9,9.296113192193644,2.4468099999808146,30.442092000043885,224.27285277998578
1789527885,10,,Aggregated,32.500000,0.000000,9,10,10,11,12,13,15,17,22,29,30,23941,0,9,9.296943857942631,2.4468099999808146,30.442092000043885,224.26878576500565
1789527886,10,,Aggregated,32.700000,0.000000,9,10,10,11,12,13,15,17,22,29,30,23974,0,9,9.298870626971054,2.4468099999808146,30.442092000043885,224.2765078835405
1789527887,10,,Aggregated,32.600000,0.000000,9,10,10,11,12,13,15,17,22,29,30,24004,0,9,9.298943290826696,2.4468099999808146,30.442092000043885,224.27982836193968
1789527888,10,,Aggregated,32.600000,0.000000,9,10,10,11,12,13,15,17,22,29,30,24037,0,9,9.298327538378492,2.4468099999808146,30.442092000043885,224.27815451179433
1789527889,10,,Aggregated,32.500000,0.000000,9,10,10,11,12,13,15,17,22,29,30,24069,0,9,9.29835474269823,2.4468099999808146,30.442092000043885,224.2772030412564
1789527890,10,,Aggregated,32.700000,0.000000,9,10,10,11,12,13,15,17,22,29,30,24101,0,9,9.298872551595533,2.4468099999808146,30.442092000043885,224.28019584249617
1789527891,10,,Aggregated,32.900000,0.000000,9,10,10,11,12,13,15,17,22,29,30,24135,0,9,9.299146995318148,2.4468099999808146,30.442092000043885,224.2866376631448
1789527892,10,,Aggregated,32.600000,0.000000,9,10,10,11,12,13,15,17,22,29,30,24169,0,9,9.29934583222324,2.4468099999808146,30.442092000043885,224.2760147296123
1789527893,10,,Aggregated,32.600000,0.000000,9,10,10,11,12,13,15,17,22,29,30,24203,0,9,9.298723275213973,2.4468099999808146,30.442092000043885,224.27839524025947
1789527894,10,,Aggregated,33.100000,0.000000,9,10,10,11,12,13,15,17,22,29,31,24233,0,9,9.300389360912954,2.4468099999808146,30.59157999996387,224.27780299591467
1789527895,10,,Aggregated,33.100000,0.000000,9,10,10,11,12,13,15,17,22,29,31,24267,0,9,9.299060576668051,2.4468099999808146,30.59157999996387,224.28404829603988
1789527896,10,,Aggregated,33.000000,0.000000,9,10,10,11,12,13,15,17,22,29,31,24296,0,9,9.299275682005412,2.4468099999808146,30.59157999996387,224.28815442871255
1789527897,10,,Aggregated,32.700000,0.000000,9,10,10,11,12,13,15,17,22,29,31,24328,0,9,9.299706210786054,2.4468099999808146,30.59157999996387,224.27992436698455
1789527898,10,,Aggregated,32.300000,0.000000,9,10,10,11,12,13,15,17,22,29,31,24366,0,9,9.300267048264098,2.4468099999808146,30.59157999996387,224.27821554625297
1789527899,10,,Aggregated,32.400000,0.000000,9,10,10,11,12,13,15,17,22,29,31,24398,0,9,9.298689676735936,2.4468099999808146,30.59157999996387,224.27551438642513
1789527900,10,,Aggregated,32.600000,0.000000,9,10,10,11,12,13,15,17,22,29,31,24434,0,9,9.29883499787194,2.4468099999808146,30.59157999996387,224.28132929524432
1789527901,10,,Aggregated,32.500000,0.000000,9,10,10,11,12,13,15,17,22,29,31,24463,0,9,9.299100028001591,2.4468099999808146,30.59157999996387,224.29113354862446
1789527902,10,,Aggregated,32.900000,0.000000,9,10,10,11,12,13,15,17,22,29,31,24497,0,9,9.299360294852558,2.4468099999808146,30.59157999996387,224.28995387190267
1789527903,10,,Aggregated,33.100000,0.000000,9,10,10,11,12,13,15,17,22,29,31,24528,0,9,9.298845458822708,2.4468099999808146,30.59157999996387,224.2993721461187
1789527904,10,,Aggregated,33.000000,0.000000,9,10,10,11,12,13,15,17,22,29,31,24553,0,9,9.300064711603595,2.4468099999808146,30.59157999996387,224.30595039302733
1789527905,10,,Aggregated,32.600000,0.000000,9,10,10,11,12,13,15,17,22,29,31,24590,0,9,9.301283739487735,2.4468099999808146,30.59157999996387,224.2994306628711
1789527906,10,,Aggregated,32.300000,0.000000,9,10,10,11,12,13,15,17,22,29,31,24624,0,9,9.302198415895218,2.4468099999808146,30.59157999996387,224.30007309941521
1789527907,10,,Aggregated,31.900000,0.000000,9,10,10,11,12,13,15,17,22,29,31,24654,0,9,9.303117291393015,2.4468099999808146,30.59157999996387,224.30137097428408
1789527908,10,,Aggregated,32.600000,0.000000,9,10,10,11,12,13,15,17,22,29,31,24685,0,9,9.302774173222744,2.4468099999808146,30.59157999996387,224.30520559043953
1789527909,10,,Aggregated,32.500000,0.000000,9,10,10,11,12,13,15,17,22,29,31,24722,0,9,9.30255689806663,2.4468099999808146,30.59157999996387,224.31372866272955
1789527910,10,,Aggregated,32.300000,0.000000,9,10,10,11,12,13,15,17,22,29,31,24756,0,9,9.303755164727873,2.4468099999808146,30.59157999996387,224.31814509613832
1789527911,10,,Aggregated,32.200000,0.000000,9,10,10,11,12,13,15,17,22,29,31,24784,0,9,9.305397731359061,2.4468099999808146,30.59157999996387,224.312378954164
1789527912,10,,Aggregated,32.200000,0.000000,9,10,10,11,12,13,15,17,22,29,31,24817,0,9,9.305942056453363,2.4468099999808146,30.59157999996387,224.30152717894993
1789527913,10,,Aggregated,31.700000,0.000000,9,10,10,11,12,13,15,17,22,29,31,24849,0,9,9.304363026077647,2.4468099999808146,30.59157999996387,224.30286933075777
1789527914,10,,Aggregated,31.600000,0.000000,9,10,10,11,12,13,15,17,22,29,31,24885,0,9,9.303761145348725,2.4468099999808146,30.59157999996387,224.31259795057264
1789527915,10,,Aggregated,32.000000,0.000000,9,10,10,11,12,13,15,17,22,29,31,24915,0,9,9.303180403371597,2.4468099999808146,30.59157999996387,224.3103351394742
1789527916,10,,Aggregated,32.600000,0.000000,9,10,10,11,12,13,15,17,22,29,31,24942,0,9,9.303944341031338,2.4468099999808146,30.59157999996387,224.31853901050437
1789527917,10,,Aggregated,33.000000,0.000000,9,10,10,11,12,13,15,17,22,29,31,24975,0,9,9.30437900880895,2.4468099999808146,30.59157999996387,224.32212212212212
1789527918,10,,Aggregated,32.200000,0.000000,9,10,10,11,12,13,15,17,22,29,31,25010,0,9,9.304811493642669,2.4468099999808146,30.59157999996387,224.3186325469812
1789527919,10,,Aggregated,31.900000,0.000000,9,10,10,11,12,13,15,17,22,29,31,25042,0,9,9.30492060749953,2.4468099999808146,30.59157999996387,224.32161967893938
1789527920,10,,Aggregated,32.000000,0.000000,9,10,10,11,12,13,15,17,22,29,31,25073,0,9,9.304637123240251,2.4468099999808146,30.59157999996387,224.32193993538866
1789527921,10,,Aggregated,32.000000,0.000000,9,10,10,11,12,13,15,17,22,29,31,25103,0,9,9.304776165677511,2.4468099999808146,30.59157999996387,224.31968290642553
1789527922,10,,Aggregated,32.000000,0.000000,9,10,10,11,12,13,15,17,22,29,31,25137,0,9,9.304891794884153,2.4468099999808146,30.59157999996387,224.32585431833553
1789527923,10,,Aggregated,32.200000,0.000000,9,10,10,11,12,13,15,17,22,29,31,25169,0,9,9.3047455888197,2.4468099999808146,30.59157999996387,224.32138742103382
1789527924,10,,Aggregated,31.800000,0.000000,9,10,10,11,12,13,15,17,22,29,31,25199,0,9,9.305065210246571,2.4468099999808146,30.59157999996387,224.32433826739157
1789527925,10,,Aggregated,32.200000,0.000000,9,10,10,11,12,13,15,17,22,29,31,25233,0,9,9.306467338842122,2.4468099999808146,30.59157999996387,224.31752070701066
1789527926,10,,Aggregated,31.500000,0.000000,9,10,10,11,12,13,15,17,22,29,31,25263,0,9,9.306522766298675,2.4468099999808146,30.59157999996387,224.31334362506433
1789527927,10,,Aggregated,31.500000,0.000000,9,10,10,11,12,13,15,17,22,29,31,25299,0,9,9.307159666864434,2.4468099999808146,30.59157999996387,224.31898494011622
1789527928,10,,Aggregated,31.600000,0.000000,9,10,10,11,12,13,15,17,22,29,31,25331,0,9,9.308055918124165,2.4468099999808146,30.59157999996387,224.32556946034504
1789527929,10,,Aggregated,31.900000,0.000000,9,10,10,11,12,13,15,17,22,29,31,25361,0,9,9.308617450849846,2.4468099999808146,30.59157999996387,224.32684042427348
1789527930,10,,Aggregated,32.000000,0.000000,9,10,10,11,12,13,15,17,22,29,31,25394,0,9,9.30942454075778,2.4468099999808146,30.59157999996387,224.31779160431597
1789527931,10,,Aggregated,32.200000,0.000000,9,10,10,11,12,13,15,17,22,29,31,25422,0,9,9.309160270592503,2.4468099999808146,30.59157999996387,224.32286995515696
1789527932,10,,Aggregated,31.800000,0.000000,9,10,10,11,12,13,15,17,22,29,31,25457,0,9,9.309286780453409,2.4468099999808146,30.59157999996387,224.32435086616647
1789527933,10,,Aggregated,31.600000,0.000000,9,10,10,11,12,13,15,17,22,29,31,25489,0,9,9.309397078622238,2.4468099999808146,30.59157999996387,224.33410490799952
1789527934,10,,Aggregated,31.700000,0.000000,9,10,10,11,12,13,15,17,22,29,31,25518,0,9,9.309182081315246,2.4468099999808146,30.59157999996387,224.3329022650678
1789527935,10,,Aggregated,31.600000,0.000000,9,10,10,11,12,13,15,17,22,29,31,25547,0,9,9.311041927193127,2.4468099999808146,30.59157999996387,224.33334638117978
1789527936,10,,Aggregated,32.100000,0.000000,9,10,10,11,12,13,15,17,22,29,31,25578,0,9,9.312138943897207,2.4468099999808146,30.59157999996387,224.34428024083198
1789527937,10,,Aggregated,31.600000,0.000000,9,10,10,11,12,13,15,17,22,29,31,25612,0,9,9.312388211151132,2.4468099999808146,30.59157999996387,224.3396845228799
1789527938,10,,Aggregated,31.700000,0.000000,9,10,10,11,12,13,15,17,22,29,31,25640,0,9,9.312019697660022,2.4468099999808146,30.59157999996387,224.3376365054602
1789527939,10,,Aggregated,31.400000,0.000000,9,10,10,11,12,13,15,17,22,29,31,25669,0,9,9.312458462776256,2.4468099999808146,30.59157999996387,224.33258015505083
1789527940,10,,Aggregated,31.200000,0.000000,9,10,10,11,12,13,15,17,22,29,31,25701,0,9,9.313135383564967,2.4468099999808146,30.59157999996387,224.32808061943115
1789527941,10,,Aggregated,31.000000,0.000000,9,10,10,11,12,13,15,17,22,29,31,25731,0,9,9.312802853989485,2.4468099999808146,30.59157999996387,224.32221833585947
1789527942,10,,Aggregated,30.500000,0.000000,9,10,10,11,12,13,15,17,22,29,31,25763,0,9,9.311736610565685,2.4468099999808146,30.59157999996387,224.33039630477816
1789527943,10,,Aggregated,30.600000,0.000000,9,10,10,11,12,13,15,17,22,29,31,25797,0,9,9.311368572973755,2.4468099999808146,30.59157999996387,224.33662829011126
1789527944,10,,Aggregated,31.000000,0.000000,9,10,10,11,12,13,15,17,22,29,31,25827,0,9,9.310539439075558,2.4468099999808146,30.59157999996387,224.3378247570372
1789527945,10,,Aggregated,30.700000,0.000000,9,10,10,11,12,13,15,17,22,29,31,25858,0,9,9.31090204076126,2.4468099999808146,30.59157999996387,224.34001082837034
1789527946,10,,Aggregated,30.500000,0.000000,9,10,10,11,12,13,15,17,22,29,31,25890,0,9,9.310630257474129,2.4468099999808146,30.59157999996387,224.34472769409038
1789527947,10,,Aggregated,31.000000,0.000000,9,10,10,11,12,13,15,17,22,29,31,25921,0,9,9.310697752710386,2.4468099999808146,30.59157999996387,224.34504841634197
1789527948,10,,Aggregated,30.700000,0.000000,9,10,10,11,12,13,15,17,22,29,31,25955,0,9,9.311569022423646,2.4468099999808146,30.59157999996387,224.34559815064534
1789527949,10,,Aggregated,30.700000,0.000000,9,10,10,11,12,13,15,17,22,29,31,25989,0,9,9.312028463504012,2.4468099999808146,30.59157999996387,224.34264496517758
1789527950,10,,Aggregated,31.300000,0.000000,9,10,10,11,12,13,15,17,22,29,31,26019,0,9,9.311636190630141,2.4468099999808146,30.59157999996387,224.34401783312194
1789527951,10,,Aggregated,31.500000,0.000000,9,10,10,11,12,13,15,17,22,29,31,26052,0,9,9.311956510747935,2.4468099999808146,30.59157999996387,224.33694150161216
1789527952,10,,Aggregated,32.100000,0.000000,9,10,10,11,12,13,15,17,22,29,31,26085,0,9,9.31254870975675,2.4468099999808146,30.59157999996387,224.33325666091625
1789527953,10,,Aggregated,31.900000,0.000000,9,10,10,11,12,13,15,17,22,29,31,26114,0,9,9.312170992532934,2.4468099999808146,30.59157999996387,224.3303591943019
1789527954,10,,Aggregated,31.900000,0.000000,9,10,10,11,12,13,15,17,22,29,31,26149,0,9,9.312418227465864,2.4468099999808146,30.59157999996387,224.31940035947838
1789527955,10,,Aggregated,31.800000,0.000000,9,10,10,11,12,13,15,17,22,29,31,26177,0,9,9.312075568781943,2.4468099999808146,30.59157999996387,224.3119914428697
1789527956,10,,Aggregated,32.100000,0.000000,9,10,10,11,12,13,15,17,22,29,31,26207,0,9,9.312045401228872,2.4468099999808146,30.59157999996387,224.3078948372572
1789527957,10,,Aggregated,32.100000,0.000000,9,10,10,11,12,13,15,17,22,29,31,26241,0,9,9.311573818033049,2.4468099999808146,30.59157999996387,224.31206889981328
1789527958,10,,Aggregated,31.800000,0.000000,9,10,10,11,12,13,15,17,22,29,31,26273,0,9,9.311850455791317,2.4468099999808146,30.59157999996387,224.312982910212
1789527959,10,,Aggregated,32.100000,0.000000,9,10,10,11,12,13,15,17,22,29,31,26306,0,9,9.311771792595048,2.4468099999808146,30.59157999996387,224.31646772599407
1789527960,10,,Aggregated,31.600000,0.000000,9,10,10,11,12,13,15,17,22,29,31,26339,0,9,9.310581633205706,2.4468099999808146,30.59157999996387,224.31447663161092
1789527961,10,,Aggregated,31.600000,0.000000,9,10,10,11,12,13,15,17,22,29,31,26375,0,9,9.312371336341421,2.4468099999808146,30.59157999996387,224.30968720379147
1789527962,10,,Aggregated,31.900000,0.000000,9,10,10,11,12,13,15,17,22,29,31,26407,0,9,9.312707734540288,2.4468099999808146,30.59157999996387,224.3123792933692
1789527963,10,,Aggregated,32.100000,0.000000,9,10,10,11,12,13,15,17,22,29,31,26445,0,9,9.312296828323134,2.4468099999808146,30.59157999996387,224.31075817734921
1789527964,10,,Aggregated,32.000000,0.000000,9,10,10,11,12,13,15,17,22,29,31,26474,0,9,9.311611054922016,2.4468099999808146,30.59157999996387,224.30630052126614
1789527965,10,,Aggregated,32.700000,0.000000,9,10,10,11,12,13,15,17,22,29,31,26505,0,9,9.312058156046218,2.4468099999808146,30.59157999996387,224.2959818902094
1789527966,10,,Aggregated,32.400000,0.000000,9,10,10,11,12,13,15,17,22,29,31,26538,0,9,9.311216515374365,2.4468099999808146,30.59157999996387,224.2923355188786
1789527967,10,,Aggregated,32.100000,0.000000,9,10,10,11,12,13,15,17,22,29,31,26571,0,9,9.31182211896447,2.4468099999808146,30.59157999996387,224.29046705054384
1789527968,10,,Aggregated,32.900000,0.000000,9,10,10,11,12,13,15,17,22,29,31,26603,0,9,9.312920430289994,2.4468099999808146,30.59157999996387,224.29316242529038
1789527969,10,,Aggregated,32.800000,0.000000,9,10,10,11,12,13,15,17,22,29,31,26634,0,9,9.313320273410104,2.4468099999808146,30.59157999996387,224.29496132762634
1789527970,10,,Aggregated,33.000000,0.000000,9,10,10,11,12,13,15,17,22,29,31,26668,0,9,9.314409274748947,2.4468099999808146,30.59157999996387,224.29222288885555
1789527971,10,,Aggregated,32.800000,0.000000,9,10,10,11,12,13,15,17,22,29,31,26704,0,9,9.314914912784783,2.4468099999808146,30.59157999996387,224.2959481725584
1789527972,10,,Aggregated,32.300000,0.000000,9,10,10,11,12,13,15,17,22,29,31,26738,0,9,9.313211194853936,2.4468099999808146,30.59157999996387,224.2866332560401
1789527973,10,,Aggregated,32.800000,0.000000,9,10,10,11,12,13,15,17,22,29,31,26770,0,9,9.313624945050615,2.4468099999808146,30.59157999996387,224.2909226746358
1789527974,10,,Aggregated,33.000000,0.000000,9,10,10,11,12,13,15,17,22,29,31,26803,0,9,9.31361567567084,2.4468099999808146,30.59157999996387,224.2943327239488
1789527975,10,,Aggregated,32.100000,0.000000,9,10,10,11,12,13,15,17,22,29,31,26835,0,9,9.313154422284546,2.4468099999808146,30.59157999996387,224.2969256567915
1789527976,10,,Aggregated,32.800000,0.000000,9,10,10,11,12,13,15,17,22,29,31,26868,0,9,9.314402523448187,2.4468099999808146,30.59157999996387,224.3021065952062
1789527977,10,,Aggregated,32.800000,0.000000,9,10,10,11,12,13,15,17,22,29,31,26897,0,9,9.314192730825225,2.4468099999808146,30.59157999996387,224.30096293266908
1789527978,10,,Aggregated,33.000000,0.000000,9,10,10,11,12,13,15,17,22,29,31,26930,0,9,9.314245510211883,2.4468099999808146,30.59157999996387,224.30274786483474
1789527979,10,,Aggregated,32.700000,0.000000,9,10,10,11,12,13,15,17,22,29,31,26964,0,9,9.315253779521063,2.4468099999808146,30.59157999996387,224.29524551253525
1789527980,10,,Aggregated,32.300000,0.000000,9,10,10,11,12,13,15,17,22,29,31,26994,0,9,9.314951686708376,2.4468099999808146,30.59157999996387,224.2931392161221
1789527981,10,,Aggregated,32.600000,0.000000,9,10,10,11,12,13,15,17,22,29,31,27030,0,9,9.315933825194447,2.4468099999808146,30.59157999996387,224.28653348131706
1789527982,10,,Aggregated,33.000000,0.000000,9,10,10,11,12,13,15,17,22,29,31,27059,0,9,9.316724526035923,2.4468099999808146,30.59157999996387,224.28707638863224
1789527983,10,,Aggregated,32.500000,0.000000,9,10,10,11,12,13,15,17,22,29,31,27092,0,9,9.317310454082602,2.4468099999808146,30.59157999996387,224.29377676066736
1789527984,10,,Aggregated,32.100000,0.000000,9,10,10,11,12,13,15,17,22,29,31,27124,0,9,9.317949308177464,2.4468099999808146,30.59157999996387,224.28819495649608
1789527985,10,,Aggregated,32.400000,0.000000,9,10,10,11,12,13,15,17,22,29,31,27154,0,9,9.318251672976565,2.4468099999808146,30.59157999996387,224.28934963541283
1789527986,10,,Aggregated,31.600000,0.000000,9,10,10,11,12,13,15,17,22,29,31,27183,0,9,9.318090343854829,2.4468099999808146,30.59157999996387,224.2912482065997
1789527987,10,,Aggregated,32.200000,0.000000,9,10,10,11,12,13,15,17,22,29,31,27215,0,9,9.317263591585728,2.4468099999808146,30.59157999996387,224.29075877273561
1789527988,10,,Aggregated,31.700000,0.000000,9,10,10,11,12,13,15,17,22,29,31,27246,0,9,9.316865582691241,2.4468099999808146,30.59157999996387,224.29097849225573
1789527989,10,,Aggregated,31.900000,0.000000,9,10,10,11,12,13,15,17,22,29,31,27281,0,9,9.316684601664376,2.4468099999808146,30.59157999996387,224.28569333968696
1789527990,10,,Aggregated,31.600000,0.000000,9,10,10,11,12,13,15,17,22,29,31,27312,0,9,9.316766387265893,2.4468099999808146,30.59157999996387,224.28419742237844
1789527991,10,,Aggregated,31.700000,0.000000,9,10,10,11,12,13,15,17,22,29,31,27344,0,9,9.316836276441126,2.4468099999808146,30.59157999996387,224.2868636629608
1789527992,10,,Aggregated,31.600000,0.000000,9,10,10,11,12,13,15,17,22,29,31,27377,0,9,9.317173888885055,2.4468099999808146,30.59157999996387,224.28527596157357
1789527993,10,,Aggregated,31.700000,0.000000,9,10,10,11,12,13,15,17,22,29,31,27408,0,9,9.31648148821534,2.4468099999808146,30.59157999996387,224.28385872737886
1789527994,10,,Aggregated,31.900000,0.000000,9,10,10,11,12,13,15,17,22,29,31,27442,0,9,9.316470653050294,2.4468099999808146,30.59157999996387,224.2778587566504
1789527995,10,,Aggregated,32.000000,0.000000,9,10,10,11,12,13,15,17,22,29,31,27479,0,9,9.31612962029207,2.4468099999808146,30.59157999996387,224.27548309618254
1789527996,10,,Aggregated,31.900000,0.000000,9,10,10,11,12,13,15,17,22,29,31,27510,0,9,9.316526998618876,2.4468099999808146,30.59157999996387,224.26935659760088
1789527997,10,,Aggregated,31.600000,0.000000,9,10,10,11,12,13,15,17,22,29,31,27542,0,9,9.315850336758595,2.4468099999808146,30.59157999996387,224.2687531769661
1789527998,10,,Aggregated,32.300000,0.000000,9,10,10,11,12,13,15,17,22,29,31,27577,0,9,9.31661990006183,2.4468099999808146,30.59157999996387,224.26387931972295
1789527999,10,,Aggregated,32.500000,0.000000,9,10,10,11,12,13,15,17,22,29,31,27609,0,9,9.31641239892807,2.4468099999808146,30.59157999996387,224.26802854141766
1789528000,10,,Aggregated,32.900000,0.000000,9,10,10,11,12,13,15,17,22,29,31,27640,0,9,9.316747624059506,2.4468099999808146,30.59157999996387,224.26338639652678
1789528001,10,,Aggregated,32.700000,0.000000,9,10,10,11,12,13,15,17,22,29,31,27674,0,9,9.316860852099614,2.4468099999808146,30.59157999996387,224.25919635759197
1789528002,10,,Aggregated,32.700000,0.000000,9,10,10,11,12,13,15,17,22,29,31,27709,0,9,9.316398118950701,2.4468099999808146,30.59157999996387,224.24898047565773
1789528003,10,,Aggregated,32.400000,0.000000,9,10,10,11,12,13,15,17,22,29,31,27744,0,9,9.31587672999587,2.4468099999808146,30.59157999996387,224.24542243367935
1789528004,10,,Aggregated,32.600000,0.000000,9,10,10,11,12,13,15,17,22,29,31,27778,0,9,9.316598623839209,2.4468099999808146,30.59157999996387,224.24609403124774
1789528005,10,,Aggregated,33.000000,0.000000,9,10,10,11,12,13,15,17,22,29,31,27809,0,9,9.3163524425188,2.4468099999808146,30.59157999996387,224.25153727210616
1789528006,10,,Aggregated,33.400000,0.000000,9,10,10,11,12,13,15,17,22,29,31,27842,0,9,9.316753601752925,2.4468099999808146,30.59157999996387,224.25964370375692
1789528007,10,,Aggregated,33.500000,0.000000,9,10,10,11,12,13,15,17,22,29,31,27873,0,9,9.317129150647771,2.4468099999808146,30.59157999996387,224.25648477020772
1789528008,10,,Aggregated,33.100000,0.000000,9,10,10,11,12,13,15,17,22,29,31,27910,0,9,9.317573602974056,2.4468099999808146,30.59157999996387,224.25940523109998
1789528009,10,,Aggregated,33.300000,0.000000,9,10,10,11,12,13,15,17,22,29,31,27947,0,9,9.316792987476507,2.4468099999808146,30.59157999996387,224.25566250402548
1789528010,10,,Aggregated,33.000000,0.000000,9,10,10,11,12,13,15,17,22,29,31,27977,0,9,9.316763355470774,2.4468099999808146,30.59157999996387,224.258355077385
1789528011,10,,Aggregated,33.600000,0.000000,9,10,10,11,12,13,15,17,22,29,31,28009,0,9,9.316319081474026,2.4468099999808146,30.59157999996387,224.2608090256703
1789528012,10,,Aggregated,33.600000,0.000000,9,10,10,11,12,13,15,17,22,29,31,28039,0,9,9.315906904668713,2.4468099999808146,30.59157999996387,224.26035165305467
1789528013,10,,Aggregated,33.700000,0.000000,9,10,10,11,12,13,15,17,22,29,31,28074,0,9,9.316236992128143,2.4468099999808146,30.59157999996387,224.2616299779155
1789528014,10,,Aggregated,33.600000,0.000000,9,10,10,11,12,13,15,17,22,29,31,28108,0,9,9.31592643731343,2.4468099999808146,30.59157999996387,224.25885868791804
1789528015,10,,Aggregated,33.000000,0.000000,9,10,10,11,12,13,15,17,22,29,31,28142,0,9,9.316907380037158,2.4468099999808146,30.59157999996387,224.26117546727312
1789528016,10,,Aggregated,33.000000,0.000000,9,10,10,11,12,13,15,17,22,29,31,28175,0,9,9.317222748358693,2.4468099999808146,30.59157999996387,224.26438331854482
1789528017,10,,Aggregated,33.200000,0.000000,9,10,10,11,12,13,15,17,22,29,31,28209,0,9,9.317329529476627,2.4468099999808146,30.59157999996387,224.26005884646744
1789528018,10,,Aggregated,33.500000,0.000000,9,10,10,11,12,13,15,17,22,29,31,28239,0,9,9.317695353589253,2.4468099999808146,30.59157999996387,224.2596763341478
1789528019,10,,Aggregated,32.900000,0.000000,9,10,10,11,12,13,15,17,22,29,31,28267,0,9,9.319372222132063,2.4468099999808146,30.59157999996387,224.2561998089645
1789528020,10,,Aggregated,33.400000,0.000000,9,10,10,11,12,13,15,17,22,29,31,28297,0,9,9.319220856557463,2.4468099999808146,30.59157999996387,224.25571615365587
1789528021,10,,Aggregated,32.600000,0.000000,9,10,10,11,12,13,15,17,22,29,31,28328,0,9,9.320013853607986,2.4468099999808146,30.59157999996387,224.2560717311494
1789528022,10,,Aggregated,32.300000,0.000000,9,10,10,11,12,13,15,17,22,29,31,28358,0,9,9.319404279145454,2.4468099999808146,30.59157999996387,224.25407292474787
1789528023,10,,Aggregated,32.100000,0.000000,9,10,10,11,12,13,15,17,22,29,31,28394,0,9,9.319299288230152,2.4468099999808146,30.59157999996387,224.2625202507572
1789528024,10,,Aggregated,31.700000,0.000000,9,10,10,11,12,13,15,17,22,29,31,28424,0,9,9.318717674113708,2.4468099999808146,30.59157999996387,224.25379960596678
1789528025,10,,Aggregated,31.600000,0.000000,9,10,10,11,12,13,15,17,22,29,31,28452,0,9,9.319257462041605,2.4468099999808146,30.59157999996387,224.2456417826515
1789528026,10,,Aggregated,32.000000,0.000000,9,10,10,11,12,13,15,17,22,29,31,28485,0,9,9.320601827699063,2.4468099999808146,30.59157999996387,224.24388274530455
1789528027,10,,Aggregated,31.400000,0.000000,9,10,10,11,12,13,15,17,22,29,31,28515,0,9,9.31990893610405,2.4468099999808146,30.59157999996387,224.2435910924075
1789528028,10,,Aggregated,30.500000,0.000000,9,10,10,11,12,13,15,17,22,29,31,28551,0,9,9.319715177086886,2.4468099999808146,30.59157999996387,224.25680361458444
1789528029,10,,Aggregated,30.900000,0.000000,9,10,10,11,12,13,15,17,22,29,31,28586,0,9,9.320666946197724,2.4468099999808146,30.59157999996387,224.26491989085565
1789528030,10,,Aggregated,30.700000,0.000000,9,10,10,11,12,13,15,17,22,29,31,28616,0,9,9.320727759924784,2.4468099999808146,30.59157999996387,224.25995946323735
1789528031,10,,Aggregated,31.000000,0.000000,9,10,10,11,12,13,15,17,22,29,31,28653,0,9,9.321082004851444,2.4468099999808146,30.59157999996387,224.26897707046382
1789528032,10,,Aggregated,31.500000,0.000000,9,10,10,11,12,13,15,17,22,29,31,28679,0,9,9.31940375564032,2.4468099999808146,30.59157999996387,224.2707904738659
1789528033,10,,Aggregated,31.600000,0.000000,9,10,10,11,12,13,15,17,22,29,31,28712,0,9,9.319819985929525,2.4468099999808146,30.59157999996387,224.27047924212872
1789528034,10,,Aggregated,32.600000,0.000000,9,10,10,11,12,13,15,17,22,29,31,28745,0,9,9.320060320508206,2.4468099999808146,30.59157999996387,224.2594886067142
1789528035,10,,Aggregated,32.000000,0.000000,9,10,10,11,12,13,15,17,22,29,31,28775,0,9,9.320155495291363,2.4468099999808146,30.59157999996387,224.26220677671589
1789528036,10,,Aggregated,31.700000,0.000000,9,10,10,11,12,13,15,17,22,29,31,28809,0,9,9.320248569683393,2.4468099999808146,30.59157999996387,224.262730396751
1789528037,10,,Aggregated,32.000000,0.000000,9,10,10,11,12,13,15,17,22,29,31,28838,0,9,9.320143230806858,2.4468099999808146,30.59157999996387,224.26000416117623
1789528039,10,,Aggregated,32.300000,0.000000,9,10,10,11,12,13,15,17,22,29,31,28867,0,9,9.320308268230464,2.4468099999808146,30.59157999996387,224.26504312883222
1789528040,10,,Aggregated,32.400000,0.000000,9,10,10,11,12,13,15,17,22,29,31,28903,0,9,9.320055916099024,2.4468099999808146,30.59157999996387,224.270179566135
1789528041,10,,Aggregated,31.600000,0.000000,9,10,10,11,12,13,15,17,22,29,31,28938,0,9,9.320258771891986,2.4468099999808146,30.59157999996387,224.26359803718293
1789528042,10,,Aggregated,31.700000,0.000000,9,10,10,11,12,13,15,17,22,29,31,28972,0,9,9.320933014911276,2.4468099999808146,30.59157999996387,224.26304707993924
1789528043,10,,Aggregated,31.700000,0.000000,9,10,10,11,12,13,15,17,21,29,31,29002,0,9,9.320708412282238,2.4468099999808146,30.59157999996387,224.2578442866009
1789528044,10,,Aggregated,31.600000,0.000000,9,10,10,11,12,13,15,17,21,29,31,29035,0,9,9.32088993766176,2.4468099999808146,30.59157999996387,224.25314275873944
1789528045,10,,Aggregated,31.600000,0.000000,9,10,10,11,12,13,15,17,21,29,31,29062,0,9,9.32089176336828,2.4468099999808146,30.59157999996387,224.2631959259514
1789528046,10,,Aggregated,32.300000,0.000000,9,10,10,11,12,13,15,17,21,29,31,29095,0,9,9.320848319024206,2.4468099999808146,30.59157999996387,224.2711118748926
1789528047,10,,Aggregated,32.100000,0.000000,9,10,10,11,12,13,15,17,21,29,31,29126,0,9,9.3211185694915,2.4468099999808146,30.59157999996387,224.2652269449976
1789528048,10,,Aggregated,32.000000,0.000000,9,10,10,11,12,13,15,17,21,29,31,29158,0,9,9.3214371374583,2.4468099999808146,30.59157999996387,224.25848823650455
1789528049,10,,Aggregated,32.000000,0.000000,9,10,10,11,12,13,15,17,21,29,31,29191,0,9,9.320566794731546,2.4468099999808146,30.59157999996387,224.24589770819773
1789528050,10,,Aggregated,31.900000,0.000000,9,10,10,11,12,13,15,17,21,29,31,29224,0,9,9.320605153641116,2.4468099999808146,30.59157999996387,224.24445661100467
1789528051,10,,Aggregated,32.400000,0.000000,9,10,10,11,12,13,15,17,21,29,31,29258,0,9,9.321326850536876,2.4468099999808146,30.59157999996387,224.24519789459293
1789528052,10,,Aggregated,32.400000,0.000000,9,10,10,11,12,13,15,17,21,29,31,29291,0,9,9.32201324464882,2.4468099999808146,30.59157999996387,224.24843808678435
1789528053,10,,Aggregated,31.900000,0.000000,9,10,10,11,12,13,15,17,21,29,31,29323,0,9,9.321247571087845,2.4468099999808146,30.59157999996387,224.2415851038434
1789528054,10,,Aggregated,31.900000,0.000000,9,10,10,11,12,13,15,17,22,29,31,29355,0,9,9.322564116266708,2.4468099999808146,30.59157999996387,224.2332141032192
1789528055,10,,Aggregated,32.000000,0.000000,9,10,10,11,12,13,15,17,22,29,31,29382,0,9,9.32319498679494,2.4468099999808146,30.59157999996387,224.23245524470764
1789528056,10,,Aggregated,32.100000,0.000000,9,10,10,11,12,13,15,17,22,29,31,29417,0,9,9.323048643335783,2.4468099999808146,30.59157999996387,224.23071693238603
1789528057,10,,Aggregated,32.100000,0.000000,9,10,10,11,12,13,15,17,22,29,31,29448,0,9,9.322005956941366,2.4468099999808146,30.59157999996387,224.23254550393915
1789528058,10,,Aggregated,32.000000,0.000000,9,10,10,11,12,13,15,17,22,29,31,29483,0,9,9.321650628226807,2.4468099999808146,30.59157999996387,224.2293185903741
1789528059,10,,Aggregated,32.200000,0.000000,9,10,10,11,12,13,15,17,22,29,31,29517,0,9,9.32054276159538,2.4468099999808146,30.59157999996387,224.2283091100044
1789528060,10,,Aggregated,32.200000,0.000000,9,10,10,11,12,13,15,17,22,29,31,29550,0,9,9.321002480778734,2.4468099999808146,30.59157999996387,224.22846023688663
1789528061,10,,Aggregated,32.100000,0.000000,9,10,10,11,12,13,15,17,22,29,31,29580,0,9,9.320865374138307,2.4468099999808146,30.59157999996387,224.23279242731576
1789528062,10,,Aggregated,32.400000,0.000000,9,10,10,11,12,13,15,17,22,29,31,29613,0,9,9.320774583426559,2.4468099999808146,30.59157999996387,224.2313173268497
1789528063,10,,Aggregated,32.300000,0.000000,9,10,10,11,12,13,15,17,22,29,31,29651,0,9,9.32043291248227,2.4468099999808146,30.59157999996387,224.22697379515026
1789528064,10,,Aggregated,32.100000,0.000000,9,10,10,11,12,13,15,17,22,29,31,29684,0,9,9.320363765530647,2.4468099999808146,30.59157999996387,224.23153887616223
1789528065,10,,Aggregated,32.600000,0.000000,9,10,10,11,12,13,15,17,22,29,31,29716,0,9,9.320178558622029,2.4468099999808146,30.59157999996387,224.23428456050613
1789528066,10,,Aggregated,32.500000,0.000000,9,10,10,11,12,13,15,17,22,29,31,29747,0,9,9.319854957138967,2.4468099999808146,30.59157999996387,224.2284263959391
1789528067,10,,Aggregated,33.100000,0.000000,9,10,10,11,12,13,15,17,22,29,31,29781,0,9,9.31975022437164,2.4468099999808146,30.59157999996387,224.2292401195393
1789528068,10,,Aggregated,32.800000,0.000000,9,10,10,11,12,13,15,17,22,29,31,29812,0,9,9.319764350262032,2.4468099999808146,30.59157999996387,224.22953844089628
1789528069,10,,Aggregated,33.000000,0.000000,9,10,10,11,12,13,15,17,22,29,31,29844,0,9,9.32005565235932,2.4468099999808146,30.59157999996387,224.22131751775902
1789528070,10,,Aggregated,32.900000,0.000000,9,10,10,11,12,13,15,17,22,29,31,29879,0,9,9.31973070470939,2.4468099999808146,30.59157999996387,224.22872251414037
1789528071,10,,Aggregated,32.900000,0.000000,9,10,10,11,12,13,15,17,22,29,31,29915,0,9,9.320269628113396,2.4468099999808146,30.59157999996387,224.22777870633462
1789528072,10,,Aggregated,32.800000,0.000000,9,10,10,11,12,13,15,17,22,29,31,29943,0,9,9.320638123201142,2.4468099999808146,30.59157999996387,224.22612964632802
1789528073,10,,Aggregated,33.000000,0.000000,9,10,10,11,12,13,15,17,22,29,31,29976,0,9,9.320749239258435,2.4468099999808146,30.59157999996387,224.2307512676808
1789528074,10,,Aggregated,33.000000,0.000000,9,10,10,11,12,13,15,17,22,29,31,30005,0,9,9.319576963273123,2.4468099999808146,30.59157999996387,224.23429428428597
1789528075,10,,Aggregated,32.300000,0.000000,9,10,10,11,12,13,15,17,22,29,31,30036,0,9,9.320585383972897,2.4468099999808146,30.59157999996387,224.23172193367958
1789528076,10,,Aggregated,32.100000,0.000000,9,10,10,11,12,13,15,17,22,29,31,30069,0,9,9.321217747979977,2.4468099999808146,30.59157999996387,224.23339652133427
1789528077,10,,Aggregated,32.100000,0.000000,9,10,10,11,12,13,15,17,22,29,31,30099,0,9,9.321111595402202,2.4468099999808146,30.59157999996387,224.2313033655603
1789528078,10,,Aggregated,32.200000,0.000000,9,10,10,11,12,13,15,17,22,29,31,30131,0,9,9.320108957884257,2.4468099999808146,30.59157999996387,224.23703162855531
1789528079,10,,Aggregated,32.000000,0.000000,9,10,10,11,12,13,15,17,22,29,31,30162,0,9,9.320281187222697,2.4468099999808146,30.59157999996387,224.2402360586168
1789528080,10,,Aggregated,32.000000,0.000000,9,10,10,11,12,13,15,17,22,29,31,30191,0,9,9.319075120499846,2.4468099999808146,30.59157999996387,224.24371501440828
1789528081,10,,Aggregated,31.500000,0.000000,9,10,10,11,12,13,15,17,22,29,31,30226,0,9,9.318833946966535,2.4468099999808146,30.59157999996387,224.24052140541255
1789528082,10,,Aggregated,31.200000,0.000000,9,10,10,11,12,13,15,17,22,29,31,30256,0,9,9.318469487011209,2.4468099999808146,30.59157999996387,224.24015071390798
1789528083,10,,Aggregated,31.100000,0.000000,9,10,10,11,12,13,15,17,22,29,31,30285,0,9,9.318542013703489,2.4468099999808146,30.59157999996387,224.24206702988278
1789528084,10,,Aggregated,30.800000,0.000000,9,10,10,11,12,13,15,17,22,29,31,30321,0,9,9.317835294911442,2.4468099999808146,30.59157999996387,224.24237327264933
1789528085,10,,Aggregated,30.800000,0.000000,9,10,10,11,12,13,15,17,22,29,31,30349,0,9,9.318202383802062,2.4468099999808146,30.59157999996387,224.24379715970872
1789528086,10,,Aggregated,31.500000,0.000000,9,10,10,11,12,13,15,17,22,29,31,30380,0,9,9.319087086372901,2.4468099999808146,30.59157999996387,224.24256089532588
1789528087,10,,Aggregated,31.200000,0.000000,9,10,10,11,12,13,15,17,22,29,31,30409,0,9,9.320381524812035,2.4468099999808146,30.59157999996387,224.2446315235621
1789528088,10,,Aggregated,30.700000,0.000000,9,10,10,11,12,13,15,17,22,29,31,30442,0,9,9.320396026378347,2.4468099999808146,30.59157999996387,224.24469482951187
1789528089,10,,Aggregated,30.700000,0.000000,9,10,10,11,12,13,15,17,22,29,31,30472,0,9,9.32094221140749,2.4468099999808146,30.59157999996387,224.24714491992648
1789528090,10,,Aggregated,30.700000,0.000000,9,10,10,11,12,13,15,17,22,29,31,30506,0,9,9.320901734937681,2.4468099999808146,30.59157999996387,224.24480430079328
1789528091,10,,Aggregated,31.100000,0.000000,9,10,10,11,12,13,15,17,22,29,31,30532,0,9,9.320743735621946,2.4468099999808146,30.59157999996387,224.24937770208305
1789528092,10,,Aggregated,31.500000,0.000000,9,10,10,11,12,13,15,17,22,29,31,30562,0,9,9.32048879157154,2.4468099999808146,30.59157999996387,224.24154178391467
1789528093,10,,Aggregated,30.900000,0.000000,9,10,10,11,12,13,15,17,22,29,31,30596,0,9,9.321001190907614,2.4468099999808146,30.59157999996387,224.23947574846386
1789528094,10,,Aggregated,30.700000,0.000000,9,10,10,11,12,13,15,17,22,29,31,30630,0,9,9.321431618870706,2.4468099999808146,30.59157999996387,224.2430297094352
1789528095,10,,Aggregated,31.300000,0.000000,9,10,10,11,12,13,15,17,22,29,31,30663,0,9,9.321653886084539,2.4468099999808146,30.59157999996387,224.2476274337149
1789528096,10,,Aggregated,30.800000,0.000000,9,10,10,11,12,13,15,17,22,29,31,30693,0,9,9.321856283810968,2.4468099999808146,30.59157999996387,224.2501873391327
1789528097,10,,Aggregated,31.100000,0.000000,9,10,10,11,12,13,15,17,22,29,31,30723,0,9,9.321576261400603,2.4468099999808146,30.59157999996387,224.25267714741398
1789528098,10,,Aggregated,31.600000,0.000000,9,10,10,11,12,13,15,17,22,29,31,30756,0,9,9.32214363990801,2.4468099999808146,30.59157999996387,224.25858369098714
1789528099,10,,Aggregated,31.200000,0.000000,9,10,10,11,12,13,15,17,22,29,31,30791,0,9,9.322697877302184,2.4468099999808146,30.59157999996387,224.25371049982138
1789528100,10,,Aggregated,31.500000,0.000000,9,10,10,11,12,13,15,17,22,29,31,30820,0,9,9.322282541823897,2.4468099999808146,30.59157999996387,224.264990266061
1789528101,10,,Aggregated,31.900000,0.000000,9,10,10,11,12,13,15,17,22,29,31,30853,0,9,9.323423623894351,2.4468099999808146,30.59157999996387,224.27235601076072
1789528102,10,,Aggregated,31.600000,0.000000,9,10,10,11,12,13,15,17,22,29,31,30884,0,9,9.32308513401801,2.4468099999808146,30.59157999996387,224.27094935889133
1789528103,10,,Aggregated,31.800000,0.000000,9,10,10,11,12,13,15,17,22,29,31,30918,0,9,9.323279007536453,2.4468099999808146,30.59157999996387,224.2717187398926
1789528104,10,,Aggregated,32.300000,0.000000,9,10,10,11,12,13,15,17,22,29,31,30948,0,9,9.323952021423432,2.4468099999808146,30.59157999996387,224.26544526302183
1789528105,10,,Aggregated,31.700000,0.000000,9,10,10,11,12,13,15,17,22,29,31,30982,0,9,9.324113674876125,2.4468099999808146,30.59157999996387,224.2587308759925
1789528106,10,,Aggregated,31.700000,0.000000,9,10,10,11,12,13,15,17,22,29,31,31015,0,9,9.324953642624928,2.4468099999808146,30.59157999996387,224.2542318233113
1789528107,10,,Aggregated,31.600000,0.000000,9,10,10,11,12,13,15,17,22,29,31,31046,0,9,9.325398255331189,2.4468099999808146,30.59157999996387,224.25307608065452
1789528108,10,,Aggregated,31.800000,0.000000,9,10,10,11,12,13,15,17,22,29,31,31084,0,9,9.32583634136573,2.4468099999808146,30.59157999996387,224.24739415776605
1789528109,10,,Aggregated,32.300000,0.000000,9,10,10,11,12,13,15,17,22,29,31,31114,0,9,9.326858708845275,2.4468099999808146,30.59157999996387,224.2456450472456
1789528110,10,,Aggregated,32.400000,0.000000,9,10,10,11,12,13,15,17,22,29,31,31150,0,9,9.327163978844697,2.4468099999808146,30.59157999996387,224.2430176565008
1789528111,10,,Aggregated,32.100000,0.000000,9,10,10,11,12,13,15,17,22,29,31,31177,0,9,9.327616835937151,2.4468099999808146,30.59157999996387,224.24357699586233
1789528112,10,,Aggregated,32.100000,0.000000,9,10,10,11,12,13,15,17,22,29,31,31210,0,9,9.327342170779001,2.4468099999808146,30.59157999996387,224.24661967318167
1789528113,10,,Aggregated,32.200000,0.000000,9,10,10,11,12,13,15,17,22,29,31,31243,0,9,9.327027162756815,2.4468099999808146,30.59157999996387,224.2452389335211
1789528114,10,,Aggregated,32.000000,0.000000,9,10,10,11,12,13,15,17,22,29,31,31273,0,9,9.328112670706727,2.4468099999808146,30.59157999996387,224.24928852364658
1789528115,10,,Aggregated,32.400000,0.000000,9,10,10,11,12,13,15,17,22,29,31,31306,0,9,9.328727199546773,2.4468099999808146,30.59157999996387,224.24940905896634
1789528116,10,,Aggregated,32.400000,0.000000,9,10,10,11,12,13,15,17,22,29,31,31340,0,9,9.329527111519143,2.4468099999808146,30.59157999996387,224.25443522654754
1789528117,10,,Aggregated,32.600000,0.000000,9,10,10,11,12,13,15,17,22,29,31,31372,0,9,9.329053096615116,2.4468099999808146,30.59157999996387,224.25092439117685
1789528118,10,,Aggregated,32.500000,0.000000,9,10,10,11,12,13,15,17,22,29,31,31404,0,9,9.328528478983863,2.4468099999808146,30.59157999996387,224.24761176920137
1789528119,10,,Aggregated,32.600000,0.000000,9,10,10,11,12,13,15,17,22,29,31,31435,0,9,9.328519600445675,2.4468099999808146,30.59157999996387,224.2450453316367
1789528120,10,,Aggregated,32.200000,0.000000,9,10,10,11,12,13,15,17,22,29,31,31466,0,9,9.32961916309699,2.4468099999808146,30.59157999996387,224.24378694463866
1789528121,10,,Aggregated,31.800000,0.000000,9,10,10,11,12,13,15,17,22,29,31,31494,0,9,9.329431703658157,2.4468099999808146,30.59157999996387,224.23922016892107
1789528122,10,,Aggregated,32.100000,0.000000,9,10,10,11,12,13,15,17,22,29,31,31529,0,9,9.329688295632934,2.4468099999808146,30.59157999996387,224.23337245075962
1789528123,10,,Aggregated,31.800000,0.000000,9,10,10,11,12,13,15,17,22,29,31,31557,0,9,9.329908656304779,2.4468099999808146,30.59157999996387,224.2331653832747
1789528124,10,,Aggregated,31.900000,0.000000,9,10,10,11,12,13,15,17,22,29,31,31589,0,9,9.332056957042333,2.4468099999808146,30.59157999996387,224.23248599195924
1789528125,10,,Aggregated,31.800000,0.000000,9,10,10,11,12,13,15,17,22,29,31,31621,0,9,9.331504906581392,2.4468099999808146,30.59157999996387,224.23354732614402
1789528126,10,,Aggregated,31.500000,0.000000,9,10,10,11,12,13,15,17,22,29,31,31654,0,9,9.331447961016279,2.4468099999808146,30.59157999996387,224.23513615972706
1789528127,10,,Aggregated,31.300000,0.000000,9,10,10,11,12,13,15,17,22,29,31,31687,0,9,9.331499641619873,2.4468099999808146,30.59157999996387,224.23066241676398
1789528128,10,,Aggregated,31.400000,0.000000,9,10,10,11,12,13,15,17,22,29,31,31721,0,9,9.331207765644505,2.4468099999808146,30.59157999996387,224.21846726143565
1789528129,10,,Aggregated,31.600000,0.000000,9,10,10,11,12,13,15,17,22,29,31,31752,0,9,9.330525429831473,2.4468099999808146,30.59157999996387,224.2187893675989
1789528130,10,,Aggregated,31.600000,0.000000,9,10,10,11,12,13,15,17,22,29,31,31786,0,9,9.331117906059573,2.4468099999808146,30.59157999996387,224.2121374189895
1789528131,10,,Aggregated,32.200000,0.000000,9,10,10,11,12,13,15,17,22,29,31,31820,0,9,9.331542230138574,2.4468099999808146,30.59157999996387,224.20974230043998
1789528132,10,,Aggregated,31.500000,0.000000,9,10,10,11,12,13,15,17,22,29,31,31850,0,9,9.33145977491396,2.4468099999808146,30.59157999996387,224.21510204081633
1789528133,10,,Aggregated,31.900000,0.000000,9,10,10,11,12,13,15,17,22,29,31,31879,0,9,9.331738664293406,2.4468099999808146,30.59157999996387,224.2141535179899
1789528134,10,,Aggregated,32.400000,0.000000,9,10,10,11,12,13,15,17,22,29,31,31915,0,9,9.332272496412635,2.4468099999808146,30.59157999996387,224.21037129876234
1789528135,10,,Aggregated,31.900000,0.000000,9,10,10,11,12,13,15,17,22,29,31,31945,0,9,9.33201758200059,2.4468099999808146,30.59157999996387,224.2100485208953
1789528136,10,,Aggregated,32.600000,0.000000,9,10,10,11,12,13,15,17,22,29,31,31975,0,9,9.332471450758684,2.4468099999808146,30.59157999996387,224.20825645035183
1789528137,10,,Aggregated,32.500000,0.000000,9,10,10,11,12,13,15,17,21,29,31,32008,0,9,9.33286693742216,2.4468099999808146,30.59157999996387,224.2055423644089
1789528138,10,,Aggregated,32.500000,0.000000,9,10,10,11,12,13,15,17,21,29,31,32041,0,9,9.332422613058561,2.4468099999808146,30.59157999996387,224.20701601073625
1789528139,10,,Aggregated,31.700000,0.000000,9,10,10,11,12,13,15,17,21,29,31,32074,0,9,9.332130414416948,2.4468099999808146,30.59157999996387,224.20976491862567
1789528140,10,,Aggregated,32.000000,0.000000,9,10,10,11,12,13,15,17,21,29,31,32111,0,9,9.33375413808382,2.4468099999808146,30.59157999996387,224.21061318551276
1789528141,10,,Aggregated,31.700000,0.000000,9,10,10,11,12,13,15,17,21,29,31,32142,0,9,9.333279323502264,2.4468099999808146,30.59157999996387,224.21513907037522
1789528142,10,,Aggregated,32.400000,0.000000,9,10,10,11,12,13,15,17,21,29,31,32176,0,9,9.33338365946696,2.4468099999808146,30.59157999996387,224.20717304823472
1789528143,10,,Aggregated,32.600000,0.000000,9,10,10,11,12,13,15,17,21,29,31,32209,0,9,9.333973863889225,2.4468099999808146,30.59157999996387,224.2017448539228
1789528144,10,,Aggregated,32.300000,0.000000,9,10,10,11,12,13,15,17,21,29,31,32242,0,9,9.333882559301802,2.4468099999808146,30.59157999996387,224.2019415669003
1789528145,10,,Aggregated,32.800000,0.000000,9,10,10,11,12,13,15,17,21,29,31,32272,0,9,9.334439566621498,2.4468099999808146,30.59157999996387,224.20159890927118
1789528146,10,,Aggregated,32.700000,0.000000,9,10,10,11,12,13,15,17,21,29,31,32306,0,9,9.336215216368734,2.4468099999808146,30.59157999996387,224.19829133907015
1789528147,10,,Aggregated,32.800000,0.000000,9,10,10,11,12,13,15,17,21,29,31,32341,0,9,9.337138846603644,2.4468099999808146,30.59157999996387,224.193716953712
1789528148,10,,Aggregated,32.300000,0.000000,9,10,10,11,12,13,15,17,21,29,31,32373,0,9,9.336271740586549,2.4468099999808146,30.59157999996387,224.19760294072222
1789528149,10,,Aggregated,32.900000,0.000000,9,10,10,11,12,13,15,17,21,29,31,32405,0,9,9.336238855917562,2.4468099999808146,30.59157999996387,224.20003085943526
1789528150,10,,Aggregated,32.900000,0.000000,9,10,10,11,12,13,15,17,21,29,31,32438,0,9,9.336415493218102,2.4468099999808146,30.59157999996387,224.20161538935815
1789528151,10,,Aggregated,33.200000,0.000000,9,10,10,11,12,13,15,17,21,29,31,32469,0,9,9.33699306005755,2.4468099999808146,30.59157999996387,224.20203886784319
1789528152,10,,Aggregated,32.800000,0.000000,9,10,10,11,12,13,15,17,21,29,31,32502,0,9,9.337216044982094,2.4468099999808146,30.59157999996387,224.2020798720079
1789528153,10,,Aggregated,32.400000,0.000000,9,10,10,11,12,13,15,17,21,29,31,32534,0,9,9.337058973597092,2.4468099999808146,30.59157999996387,224.20726009712916
1789528154,10,,Aggregated,32.100000,0.000000,9,10,10,11,12,13,15,17,21,29,31,32566,0,9,9.336537235491283,2.4468099999808146,30.59157999996387,224.20951298900695
1789528155,10,,Aggregated,32.000000,0.000000,9,10,10,11,12,13,15,17,21,29,31,32595,0,9,9.33685205209418,2.4468099999808146,30.59157999996387,224.20733241294678
1789528156,10,,Aggregated,32.000000,0.000000,9,10,10,11,12,13,15,17,21,29,31,32624,0,9,9.337274231976748,2.4468099999808146,30.59157999996387,224.21214443354586
1789528157,10,,Aggregated,31.800000,0.000000,9,10,10,11,12,13,15,17,21,29,31,32657,0,9,9.336958378510262,2.4468099999808146,30.59157999996387,224.21783997305326
1789528158,10,,Aggregated,31.900000,0.000000,9,10,10,11,12,13,15,17,21,29,31,32686,0,9,9.336954501958305,2.4468099999808146,30.59157999996387,224.21119133574007
1789528159,10,,Aggregated,31.700000,0.000000,9,10,10,11,12,13,15,17,21,29,31,32718,0,9,9.336572665994558,2.4468099999808146,30.59157999996387,224.2093037471728
1789528160,10,,Aggregated,31.300000,0.000000,9,10,10,11,12,13,15,17,21,29,31,32751,0,9,9.337057620927943,2.4468099999808146,30.59157999996387,224.20649751152638
1789528161,10,,Aggregated,31.200000,0.000000,9,10,10,11,12,13,15,17,21,29,31,32782,0,9,9.338784753767637,2.4468099999808146,30.59157999996387,224.20794948447318
1789528162,10,,Aggregated,31.200000,0.000000,9,10,10,11,12,13,15,17,21,29,31,32817,0,9,9.338659965414578,2.4468099999808146,30.59157999996387,224.20367492458178
1789528163,10,,Aggregated,31.500000,0.000000,9,10,10,11,12,13,15,17,21,29,31,32853,0,9,9.338862774328351,2.4468099999808146,30.59157999996387,224.20810884850698
1789528164,10,,Aggregated,31.700000,0.000000,9,10,10,11,12,13,15,17,21,29,31,32885,0,9,9.338290158796077,2.4468099999808146,30.59157999996387,224.20897065531398
1789528165,10,,Aggregated,32.100000,0.000000,9,10,10,11,12,13,15,17,21,29,31,32918,0,9,9.338106523270213,2.4468099999808146,30.59157999996387,224.21034084695305
1789528166,10,,Aggregated,32.200000,0.000000,9,10,10,11,12,13,15,17,21,29,31,32952,0,9,9.337754990380182,2.4468099999808146,30.59157999996387,224.20554139354212
1789528167,10,,Aggregated,32.200000,0.000000,9,10,10,11,12,13,15,17,21,29,31,32982,0,9,9.338441696713584,2.4468099999808146,30.59157999996387,224.19983627433146
1789528168,10,,Aggregated,32.500000,0.000000,9,10,10,11,12,13,15,17,21,29,31,33016,0,9,9.33811044829804,2.4468099999808146,30.59157999996387,224.20320450690573
1789528169,10,,Aggregated,32.800000,0.000000,9,10,10,11,12,13,15,17,21,29,31,33050,0,9,9.338976534130344,2.4468099999808146,30.59157999996387,224.2081089258699
1789528170,10,,Aggregated,33.100000,0.000000,9,10,10,11,12,13,15,17,21,29,31,33083,0,9,9.339143096877814,2.4468099999808146,30.59157999996387,224.2068433938881
1789528171,10,,Aggregated,32.900000,0.000000,9,10,10,11,12,13,15,17,21,29,31,33116,0,9,9.339318381749262,2.4468099999808146,30.59157999996387,224.1999637637396
1789528172,10,,Aggregated,32.700000,0.000000,9,10,10,11,12,13,15,17,21,29,31,33148,0,9,9.339469901804277,2.4468099999808146,30.59157999996387,224.20495957523832
1789528173,10,,Aggregated,33.100000,0.000000,9,10,10,11,12,13,15,17,21,29,31,33181,0,9,9.338993522829597,2.4468099999808146,30.59157999996387,224.2022844398903
1789528174,10,,Aggregated,33.000000,0.000000,9,10,10,11,12,13,15,17,21,29,31,33212,0,9,9.338396679001841,2.4468099999808146,30.59157999996387,224.2079971094785
1789528175,10,,Aggregated,32.900000,0.000000,9,10,10,11,12,13,15,17,21,29,31,33244,0,9,9.338528225484582,2.4468099999808146,30.59157999996387,224.208729394778
1789528176,10,,Aggregated,32.400000,0.000000,9,10,10,11,12,13,15,17,21,29,31,33275,0,9,9.338384490939415,2.4468099999808146,30.59157999996387,224.2048985725019
1789528177,10,,Aggregated,32.700000,0.000000,9,10,10,11,12,13,15,17,21,29,31,33309,0,9,9.338851204389488,2.4468099999808146,30.59157999996387,224.20132696868714
1789528178,10,,Aggregated,32.700000,0.000000,9,10,10,11,12,13,15,17,21,29,31,33341,0,9,9.338545523679826,2.4468099999808146,30.59157999996387,224.20890195255092
1789528179,10,,Aggregated,32.300000,0.000000,9,10,10,11,12,13,15,17,21,29,31,33377,0,9,9.339035149684204,2.4468099999808146,30.59157999996387,224.2066093417623
1789528180,10,,Aggregated,32.400000,0.000000,9,10,10,11,12,13,15,17,21,29,31,33413,0,9,9.339094853889524,2.4468099999808146,30.59157999996387,224.20845180019754
1789528181,10,,Aggregated,32.800000,0.000000,9,10,10,11,12,13,15,17,21,29,31,33448,0,9,9.340057013782902,2.4468099999808146,30.59157999996387,224.206948098541
1789528182,10,,Aggregated,33.100000,0.000000,9,10,10,11,12,13,15,17,21,29,31,33479,0,9,9.339739227396596,2.4468099999808146,30.59157999996387,224.21001224648288
1789528183,10,,Aggregated,33.200000,0.000000,9,10,10,11,12,13,15,17,21,29,31,33512,0,9,9.34073705678593,2.4468099999808146,30.59157999996387,224.20888040105038
1789528184,10,,Aggregated,33.100000,0.000000,9,10,10,11,12,13,15,17,21,29,31,33543,0,9,9.339988055988139,2.4468099999808146,30.59157999996387,224.20892585636346
1789528185,10,,Aggregated,32.600000,0.000000,9,10,10,11,12,13,15,17,21,29,31,33576,0,9,9.340874837145913,2.4468099999808146,30.59157999996387,224.20350845842268
1789528186,10,,Aggregated,32.900000,0.000000,9,10,10,11,12,13,15,17,21,29,31,33606,0,9,9.340481630750777,2.4468099999808146,30.59157999996387,224.20169017437362
1789528187,10,,Aggregated,32.800000,0.000000,9,10,10,11,12,13,15,17,21,29,31,33641,0,9,9.341060797895786,2.4468099999808146,30.59157999996387,224.20302606937963
1789528188,10,,Aggregated,33.200000,0.000000,9,10,10,11,12,13,15,17,21,29,31,33671,0,9,9.340798580202916,2.4468099999808146,30.59157999996387,224.20141961925694
1789528189,10,,Aggregated,32.900000,0.000000,9,10,10,11,12,13,15,17,21,29,31,33704,0,9,9.34010208559853,2.4468099999808146,30.59157999996387,224.20285426062188
1789528190,10,,Aggregated,32.800000,0.000000,9,10,10,11,12,13,15,17,21,29,31,33736,0,9,9.340281153278786,2.4468099999808146,30.59157999996387,224.20372895423287
1789528191,10,,Aggregated,32.100000,0.000000,9,10,10,11,12,13,15,17,21,29,31,33769,0,9,9.340973217329893,2.4468099999808146,30.59157999996387,224.20243418519945
1789528192,10,,Aggregated,32.200000,0.000000,9,10,10,11,12,13,15,17,21,29,31,33806,0,9,9.341395144678854,2.4468099999808146,30.59157999996387,224.20596935455245
1789528193,10,,Aggregated,31.800000,0.000000,9,10,10,11,12,13,15,17,21,29,31,33843,0,9,9.341417535916246,2.4468099999808146,30.59157999996387,224.20169606713353
1789528194,10,,Aggregated,32.400000,0.000000,9,10,10,11,12,13,15,17,21,29,31,33875,0,9,9.342706858863872,2.4468099999808146,30.59157999996387,224.20115129151293
1789528195,10,,Aggregated,33.100000,0.000000,9,10,10,11,12,13,15,17,21,29,31,33907,0,9,9.343241406789554,2.4468099999808146,30.59157999996387,224.1993983543221
1789528196,10,,Aggregated,33.000000,0.000000,9,10,10,11,12,13,15,17,21,29,31,33940,0,9,9.343546743547819,2.4468099999808146,30.59157999996387,224.19652327637007
1789528197,10,,Aggregated,33.300000,0.000000,9,10,10,11,12,13,15,17,21,29,31,33972,0,9,9.343292334540608,2.4468099999808146,30.59157999996387,224.20269633816085
1789528198,10,,Aggregated,33.000000,0.000000,9,10,10,11,12,13,15,17,21,29,31,34006,0,9,9.342769223931501,2.4468099999808146,30.59157999996387,224.20743398223843
1789528199,10,,Aggregated,33.300000,0.000000,9,10,10,11,12,13,15,17,21,29,31,34039,0,9,9.343103753254042,2.4468099999808146,30.59157999996387,224.2046476100943
1789528200,10,,Aggregated,33.200000,0.000000,9,10,10,11,12,13,15,17,21,29,31,34069,0,9,9.34341472708369,2.4468099999808146,30.59157999996387,224.20570019665973
1789528201,10,,Aggregated,33.800000,0.000000,9,10,10,11,12,13,15,17,21,29,31,34106,0,9,9.34291120005321,2.4468099999808146,30.59157999996387,224.20550636251687
1789528202,10,,Aggregated,33.600000,0.000000,9,10,10,11,12,13,15,17,21,29,31,34136,0,9,9.343200987286556,2.4468099999808146,30.59157999996387,224.2037145535505
1789528203,10,,Aggregated,33.600000,0.000000,9,10,10,11,12,13,15,17,21,29,31,34169,0,9,9.343089968422085,2.4468099999808146,30.59157999996387,224.20117650501916
1789528204,10,,Aggregated,32.800000,0.000000,9,10,10,11,12,13,15,17,22,30,33,34201,0,9,9.343840159703344,2.4468099999808146,33.20895900014875,224.20476009473407
1789528205,10,,Aggregated,32.500000,0.000000,9,10,10,11,12,13,15,17,22,30,33,34233,0,9,9.343622843601619,2.4468099999808146,33.20895900014875,224.20024537726755
1789528206,10,,Aggregated,32.900000,0.000000,9,10,10,11,12,13,15,17,22,30,33,34265,0,9,9.34371763861123,2.4468099999808146,33.20895900014875,224.20096308186197
1789528207,10,,Aggregated,32.500000,0.000000,9,10,10,11,12,13,15,17,22,30,33,34300,0,9,9.344011085598058,2.4468099999808146,33.20895900014875,224.19040816326532
1789528208,10,,Aggregated,32.300000,0.000000,9,10,10,11,12,13,15,17,22,30,33,34333,0,9,9.343944571025352,2.4468099999808146,33.20895900014875,224.1917397256284
1789528209,10,,Aggregated,32.400000,0.000000,9,10,10,11,12,13,15,17,22,30,33,34366,0,9,9.343020538090386,2.4468099999808146,33.20895900014875,224.1852121282663
1789528210,10,,Aggregated,32.600000,0.000000,9,10,10,11,12,13,15,17,22,30,33,34396,0,9,9.34359905904797,2.4468099999808146,33.20895900014875,224.18473078264915
1789528211,10,,Aggregated,32.500000,0.000000,9,10,10,11,12,13,15,17,22,30,33,34426,0,9,9.343665757073534,2.4468099999808146,33.20895900014875,224.1858769534654
1789528212,10,,Aggregated,32.600000,0.000000,9,10,10,11,12,13,15,17,22,30,33,34459,0,9,9.34390638625654,2.4468099999808146,33.20895900014875,224.17809570794276
1789528213,10,,Aggregated,32.200000,0.000000,9,10,10,11,12,13,15,17,22,30,33,34491,0,9,9.34312927882678,2.4468099999808146,33.20895900014875,224.17755356469803
1789528214,10,,Aggregated,32.400000,0.000000,9,10,10,11,12,13,15,17,22,30,33,34522,0,9,9.344598138318041,2.4468099999808146,33.20895900014875,224.1831585655524
1789528215,10,,Aggregated,32.400000,0.000000,9,10,10,11,12,13,15,17,22,30,33,34549,0,9,9.34477459917844,2.4468099999808146,33.20895900014875,224.18261020579467
1789528216,10,,Aggregated,31.800000,0.000000,9,10,10,11,12,13,15,17,22,30,33,34582,0,9,9.345320111243316,2.4468099999808146,33.20895900014875,224.17876351859348
1789528217,10,,Aggregated,31.600000,0.000000,9,10,10,11,12,13,15,17,22,30,33,34616,0,9,9.345541738011791,2.4468099999808146,33.20895900014875,224.18332562976659
1789528218,10,,Aggregated,31.500000,0.000000,9,10,10,11,12,13,15,17,22,30,33,34654,0,9,9.345964921769998,2.4468099999808146,33.20895900014875,224.17706469671612
1789528219,10,,Aggregated,31.300000,0.000000,9,10,10,11,12,13,15,17,22,30,33,34686,0,9,9.346233711988031,2.4468099999808146,33.20895900014875,224.17900593899557
1789528220,10,,Aggregated,31.800000,0.000000,9,10,10,11,12,13,15,17,22,30,33,34721,0,9,9.347044949886746,2.4468099999808146,33.20895900014875,224.17902710175397
1789528221,10,,Aggregated,32.000000,0.000000,9,10,10,11,12,13,15,17,22,30,33,34751,0,9,9.34701708158088,2.4468099999808146,33.20895900014875,224.18013870104457
1789528222,10,,Aggregated,32.400000,0.000000,9,10,10,11,12,13,15,17,22,30,33,34780,0,9,9.347300063341503,2.4468099999808146,33.20895900014875,224.17271420356528
1789528223,10,,Aggregated,32.300000,0.000000,9,10,10,11,12,13,15,17,22,30,33,34814,0,9,9.34692507370648,2.4468099999808146,33.20895900014875,224.1734072499569
1789528224,10,,Aggregated,32.300000,0.000000,9,10,10,11,12,13,15,17,22,30,33,34846,0,9,9.34695221227737,2.4468099999808146,33.20895900014875,224.1689720484417
1789528225,10,,Aggregated,32.000000,0.000000,9,10,10,11,12,13,15,17,22,30,33,34876,0,9,9.34710154851523,2.4468099999808146,33.20895900014875,224.16733570363573
1789528226,10,,Aggregated,32.200000,0.000000,9,10,10,11,12,13,15,17,22,30,33,34910,0,9,9.347384763477983,2.4468099999808146,33.20895900014875,224.16685763391578
1789528227,10,,Aggregated,32.700000,0.000000,9,10,10,11,12,13,15,17,22,30,33,34950,0,9,9.347402855336666,2.4468099999808146,33.20895900014875,224.16964234620886
1789528228,10,,Aggregated,32.900000,0.000000,9,10,10,11,12,13,15,17,22,30,33,34978,0,9,9.34683540176732,2.4468099999808146,33.20895900014875,224.1735662416376
1789528229,10,,Aggregated,33.600000,0.000000,9,10,10,11,12,13,15,17,22,30,33,35014,0,9,9.346702357428954,2.4468099999808146,33.20895900014875,224.17527274804365
1789528230,10,,Aggregated,32.900000,0.000000,9,10,10,11,12,13,15,17,22,30,33,35044,0,9,9.346540082639441,2.4468099999808146,33.20895900014875,224.17101358292433
1789528231,10,,Aggregated,32.400000,0.000000,9,10,10,11,12,13,15,17,22,30,33,35074,0,9,9.346240813908205,2.4468099999808146,33.20895900014875,224.17072475337858
1789528232,10,,Aggregated,32.200000,0.000000,9,10,10,11,12,13,15,17,22,30,33,35108,0,9,9.346925662527523,2.4468099999808146,33.20895900014875,224.16873647032014
1789528233,10,,Aggregated,32.700000,0.000000,9,10,10,11,12,13,15,17,22,30,33,35140,0,9,9.347115161611205,2.4468099999808146,33.20895900014875,224.1592202618099
1789528234,10,,Aggregated,32.400000,0.000000,9,10,10,11,12,13,15,17,22,30,33,35172,0,9,9.345965285312701,2.4468099999808146,33.20895900014875,224.16143523257136
1789528235,10,,Aggregated,32.300000,0.000000,9,10,10,11,12,13,15,17,22,30,33,35201,0,9,9.346213301724893,2.4468099999808146,33.20895900014875,224.15664327717963
1789528236,10,,Aggregated,32.500000,0.000000,9,10,10,11,12,13,15,17,22,30,33,35231,0,9,9.346390308705928,2.4468099999808146,33.20895900014875,224.1575601033181
1789528237,10,,Aggregated,32.100000,0.000000,9,10,10,11,12,13,15,17,22,30,33,35266,0,9,9.346642042817987,2.4468099999808146,33.20895900014875,224.16137356093688
1789528238,10,,Aggregated,32.300000,0.000000,9,10,10,11,12,13,15,17,22,30,33,35294,0,9,9.346567376551818,2.4468099999808146,33.20895900014875,224.16277554258514
1789528239,10,,Aggregated,31.400000,0.000000,9,10,10,11,12,13,15,17,22,30,33,35324,0,9,9.346419838155903,2.4468099999808146,33.20895900014875,224.16764805797757
1789528240,10,,Aggregated,31.300000,0.000000,9,10,10,11,12,13,15,17,22,30,33,35354,0,9,9.345904559314915,2.4468099999808146,33.20895900014875,224.1711546076823
1789528241,10,,Aggregated,31.300000,0.000000,9,10,10,11,12,13,15,17,22,30,33,35388,0,9,9.346029254945721,2.4468099999808146,33.20895900014875,224.17045326099242
1789528242,10,,Aggregated,30.900000,0.000000,9,10,10,11,12,13,15,17,22,30,33,35420,0,9,9.345952503586082,2.4468099999808146,33.20895900014875,224.16877470355732
1789528243,10,,Aggregated,30.700000,0.000000,9,10,10,11,12,13,15,17,22,30,33,35452,0,9,9.346331740184457,2.4468099999808146,33.20895900014875,224.16836849825117
1789528244,10,,Aggregated,31.400000,0.000000,9,10,10,11,12,13,15,17,22,30,33,35483,0,9,9.34573370275961,2.4468099999808146,33.20895900014875,224.1583293408111
1789528245,10,,Aggregated,31.500000,0.000000,9,10,10,11,12,13,15,17,22,30,33,35513,0,9,9.346486439417081,2.4468099999808146,33.20895900014875,224.15684397262973
1789528246,10,,Aggregated,31.200000,0.000000,9,10,10,11,12,13,15,17,22,30,33,35543,0,9,9.346911852826691,2.4468099999808146,33.20895900014875,224.160340995414
1789528247,10,,Aggregated,31.300000,0.000000,9,10,10,11,12,13,15,17,22,30,33,35575,0,9,9.34723529338071,2.4468099999808146,33.20895900014875,224.15842586085734
1789528248,10,,Aggregated,30.900000,0.000000,9,10,10,11,12,13,15,17,22,30,33,35607,0,9,9.347499420620078,2.4468099999808146,33.20895900014875,224.15811497739207
1789528249,10,,Aggregated,31.100000,0.000000,9,10,10,11,12,13,15,17,22,30,33,35638,0,9,9.347990876957713,2.4468099999808146,33.20895900014875,224.15971715584487
1789528250,10,,Aggregated,31.000000,0.000000,9,10,10,11,12,13,15,17,22,30,33,35673,0,9,9.34872108732147,2.4468099999808146,33.20895900014875,224.1571216326073
1789528251,10,,Aggregated,31.200000,0.000000,9,10,10,11,12,13,15,17,22,30,33,35704,0,9,9.349585998656122,2.4468099999808146,33.20895900014875,224.1562850100829
1789528252,10,,Aggregated,31.700000,0.000000,9,10,10,11,12,13,15,17,22,30,33,35740,0,9,9.349721061640125,2.4468099999808146,33.20895900014875,224.16068830442083
1789528253,10,,Aggregated,31.700000,0.000000,9,10,10,11,12,13,15,17,22,30,33,35774,0,9,9.349109665232248,2.4468099999808146,33.20895900014875,224.1650640129703
1789528254,10,,Aggregated,31.500000,0.000000,9,10,10,11,12,13,15,17,22,30,33,35807,0,9,9.3492258986516,2.4468099999808146,33.20895900014875,224.15876783869075
1789528255,10,,Aggregated,32.000000,0.000000,9,10,10,11,12,13,15,17,22,30,33,35839,0,9,9.34904396933559,2.4468099999808146,33.20895900014875,224.1556684059265
1789528256,10,,Aggregated,32.200000,0.000000,9,10,10,11,12,13,15,17,22,30,33,35877,0,9,9.350353289656812,2.4468099999808146,33.20895900014875,224.1560609861471
1789528257,10,,Aggregated,32.300000,0.000000,9,10,10,11,12,13,15,17,22,30,33,35911,0,9,9.350785102949443,2.4468099999808146,33.20895900014875,224.15933836428948
1789528258,10,,Aggregated,33.100000,0.000000,9,10,10,11,12,13,15,17,22,30,33,35942,0,9,9.350459719075666,2.4468099999808146,33.20895900014875,224.1645985198375
1789528259,10,,Aggregated,33.200000,0.000000,9,10,10,11,12,13,15,17,22,30,33,35970,0,9,9.350076489602928,2.4468099999808146,33.20895900014875,224.16080066722267
1789528260,10,,Aggregated,33.300000,0.000000,9,10,10,11,12,13,15,17,21,30,33,36005,0,9,9.350086159450584,2.4468099999808146,33.20895900014875,224.15825579780585
1789528261,10,,Aggregated,33.400000,0.000000,9,10,10,11,12,13,15,17,21,30,33,36037,0,9,9.349885701557254,2.4468099999808146,33.20895900014875,224.1603352110331
1789528262,10,,Aggregated,33.000000,0.000000,9,10,10,11,12,13,15,17,21,30,33,36071,0,9,9.350292231932011,2.4468099999808146,33.20895900014875,224.1636494691026
1789528263,10,,Aggregated,33.200000,0.000000,9,10,10,11,12,13,15,17,21,30,33,36103,0,9,9.350345905880944,2.4468099999808146,33.20895900014875,224.1654710134892
1789528264,10,,Aggregated,33.400000,0.000000,9,10,10,11,12,13,15,17,21,30,33,36134,0,9,9.351382107406332,2.4468099999808146,33.20895900014875,224.16582719876018
1789528265,10,,Aggregated,32.900000,0.000000,9,10,10,11,12,13,15,17,21,30,33,36165,0,9,9.351949516605016,2.4468099999808146,33.20895900014875,224.16352827319233
1789528266,10,,Aggregated,32.600000,0.000000,9,10,10,11,12,13,15,17,21,30,33,36196,0,9,9.352341099486711,2.4468099999808146,33.20895900014875,224.16399602165984
1789528267,10,,Aggregated,32.500000,0.000000,9,10,10,11,12,13,15,17,21,30,33,36226,0,9,9.353011318418282,2.4468099999808146,33.20895900014875,224.16366697951747
1789528268,10,,Aggregated,32.000000,0.000000,9,10,10,11,12,13,15,17,21,30,33,36261,0,9,9.352650074350423,2.4468099999808146,33.20895900014875,224.15967568461983
1789528269,10,,Aggregated,32.300000,0.000000,9,10,10,11,12,13,15,17,21,30,33,36295,0,9,9.353515600964876,2.4468099999808146,33.20895900014875,224.15657804105248
1789528270,10,,Aggregated,32.000000,0.000000,9,10,10,11,12,13,15,17,21,30,33,36325,0,9,9.353732313310951,2.4468099999808146,33.20895900014875,224.15377838953887
1789528271,10,,Aggregated,31.700000,0.000000,9,10,10,11,12,13,15,17,21,30,33,36357,0,9,9.353805314630465,2.4468099999808146,33.20895900014875,224.15325796957944
1789528272,10,,Aggregated,32.100000,0.000000,9,10,10,11,12,13,15,17,21,30,33,36390,0,9,9.35371874473811,2.4468099999808146,33.20895900014875,224.15987908766144
1789528273,10,,Aggregated,31.800000,0.000000,9,10,10,11,12,13,15,17,21,30,33,36423,0,9,9.353732784889214,2.4468099999808146,33.20895900014875,224.1623699310875
1789528274,10,,Aggregated,31.400000,0.000000,9,10,10,11,12,13,15,17,21,30,33,36454,0,9,9.354268313848156,2.4468099999808146,33.20895900014875,224.16267076315356
1789528275,10,,Aggregated,31.900000,0.000000,9,10,10,11,12,13,15,17,21,30,33,36493,0,9,9.354217144219993,2.4468099999808146,33.20895900014875,224.15945523799084
1789528276,10,,Aggregated,32.100000,0.000000,9,10,10,11,12,13,15,17,21,30,33,36524,0,9,9.354245233600361,2.4468099999808146,33.20895900014875,224.15726645493373
1789528277,10,,Aggregated,32.300000,0.000000,9,10,10,11,12,13,15,17,21,30,33,36558,0,9,9.355282562312459,2.4468099999808146,33.20895900014875,224.15536954975656
1789528278,10,,Aggregated,32.700000,0.000000,9,10,10,11,12,13,15,17,21,30,33,36587,0,9,9.354963015115171,2.4468099999808146,33.20895900014875,224.15336048323175
1789528279,10,,Aggregated,32.200000,0.000000,9,10,10,11,12,13,15,17,21,30,33,36619,0,9,9.354476183293333,2.4468099999808146,33.20895900014875,224.14926677407902
1789528280,10,,Aggregated,32.700000,0.000000,9,10,10,11,12,13,15,17,21,30,33,36651,0,9,9.35473978510868,2.4468099999808146,33.20895900014875,224.14648986385092
1789528281,10,,Aggregated,32.500000,0.000000,9,10,10,11,12,13,15,17,21,30,33,36684,0,9,9.354601951696074,2.4468099999808146,33.20895900014875,224.14919310871224
1789528282,10,,Aggregated,32.300000,0.000000,9,10,10,11,12,13,15,17,21,30,33,36719,0,9,9.355163282960293,2.4468099999808146,33.20895900014875,224.15286364007736
1789528283,10,,Aggregated,32.800000,0.000000,9,10,10,11,12,13,15,17,21,30,33,36749,0,9,9.355416413943773,2.4468099999808146,33.20895900014875,224.14781354594683
1789528284,10,,Aggregated,33.100000,0.000000,9,10,10,11,12,13,15,17,21,30,33,36780,0,9,9.355857403208798,2.4468099999808146,33.20895900014875,224.14548667754215
1789528285,10,,Aggregated,32.600000,0.000000,9,10,10,11,12,13,15,17,21,30,33,36808,0,9,9.356472241985973,2.4468099999808146,33.20895900014875,224.14303955661813
1789528286,10,,Aggregated,32.200000,0.000000,9,10,10,11,12,13,15,17,21,30,33,36844,0,9,9.356370783303129,2.4468099999808146,33.20895900014875,224.14352404733472
1789528287,10,,Aggregated,32.300000,0.000000,9,10,10,11,12,13,15,17,21,30,33,36873,0,9,9.356274245790159,2.4468099999808146,33.20895900014875,224.13909906978006
1789528288,10,,Aggregated,31.400000,0.000000,9,10,10,11,12,13,15,17,21,30,33,36902,0,9,9.356767499648274,2.4468099999808146,33.20895900014875,224.1395317326974
1789528289,10,,Aggregated,31.700000,0.000000,9,10,10,11,12,13,15,17,21,30,33,36934,0,9,9.356618426788872,2.4468099999808146,33.20895900014875,224.14027725131317
1789528290,10,,Aggregated,31.500000,0.000000,9,10,10,11,12,13,15,17,21,30,33,36970,0,9,9.357257677576959,2.4468099999808146,33.20895900014875,224.13954557749526
1789528291,10,,Aggregated,31.700000,0.000000,9,10,10,11,12,13,15,17,21,30,33,36999,0,9,9.357604145436923,2.4468099999808146,33.20895900014875,224.13878753479824
1789528292,10,,Aggregated,31.500000,0.000000,9,10,10,11,12,13,15,17,21,30,33,37034,0,9,9.357959261976049,2.4468099999808146,33.20895900014875,224.14008748717396
1789528293,10,,Aggregated,31.100000,0.000000,9,10,10,11,12,13,15,17,21,30,33,37065,0,9,9.357633451396751,2.4468099999808146,33.20895900014875,224.13921489275597
1789528294,10,,Aggregated,31.200000,0.000000,9,10,10,11,12,13,15,17,21,30,33,37094,0,9,9.358155650348328,2.4468099999808146,33.20895900014875,224.1433385453173
1789528295,10,,Aggregated,31.300000,0.000000,9,10,10,11,12,13,15,17,21,30,33,37124,0,9,9.357855030546855,2.4468099999808146,33.20895900014875,224.14906798836333
1789528296,10,,Aggregated,31.800000,0.000000,9,10,10,11,12,13,15,17,21,30,33,37158,0,9,9.358489254750536,2.4468099999808146,33.20895900014875,224.1472092147048
1789528297,10,,Aggregated,31.400000,0.000000,9,10,10,11,12,13,15,17,21,30,33,37193,0,9,9.358822269890052,2.4468099999808146,33.20895900014875,224.14984002366037
1789528298,10,,Aggregated,31.500000,0.000000,9,10,10,11,12,13,15,17,21,30,33,37222,0,9,9.358826557332247,2.4468099999808146,33.20895900014875,224.14647251625382
1789528299,10,,Aggregated,31.700000,0.000000,9,10,10,11,12,13,15,17,21,30,33,37258,0,9,9.358730622819841,2.4468099999808146,33.20895900014875,224.14944441462237
1789528300,10,,Aggregated,31.900000,0.000000,9,10,10,11,12,13,15,17,21,30,33,37288,0,9,9.358533566831762,2.4468099999808146,33.20895900014875,224.14310233855394
1789528301,10,,Aggregated,31.800000,0.000000,9,10,10,11,12,13,15,17,22,30,33,37316,0,9,9.360264709160202,2.4468099999808146,33.20895900014875,224.1442812734484
1789528302,10,,Aggregated,32.300000,0.000000,9,10,10,11,12,13,15,17,22,30,33,37345,0,9,9.360677983586095,2.4468099999808146,33.20895900014875,224.150917124113
1789528303,10,,Aggregated,32.100000,0.000000,9,10,10,11,12,13,15,17,22,30,33,37377,0,9,9.361036283383445,2.4468099999808146,33.20895900014875,224.15563046793483
1789528304,10,,Aggregated,31.700000,0.000000,9,10,10,11,12,13,15,17,22,30,33,37414,0,9,9.361245185359046,2.4468099999808146,33.20895900014875,224.15534291976266
1789528305,10,,Aggregated,31.000000,0.000000,9,10,10,11,12,13,15,17,22,30,33,37442,0,9,9.361295494071461,2.4468099999808146,33.20895900014875,224.16265156775813
1789528306,10,,Aggregated,31.100000,0.000000,9,10,10,11,12,13,15,17,22,30,33,37477,0,9,9.360892934787303,2.4468099999808146,33.20895900014875,224.158790724978
1789528307,10,,Aggregated,31.600000,0.000000,9,10,10,11,12,13,15,17,22,30,33,37510,0,9,9.360871826340256,2.4468099999808146,33.20895900014875,224.1612636630232
1789528308,10,,Aggregated,31.600000,0.000000,9,10,10,11,12,13,15,17,22,30,33,37540,0,9,9.361001481620217,2.4468099999808146,33.20895900014875,224.16100159829514
1789528309,10,,Aggregated,31.500000,0.000000,9,10,10,11,12,13,15,17,22,30,33,37570,0,9,9.36069388088961,2.4468099999808146,33.20895900014875,224.16191109928135
1789528310,10,,Aggregated,31.800000,0.000000,9,10,10,11,12,13,15,17,22,30,33,37597,0,9,9.360675573743197,2.4468099999808146,33.20895900014875,224.16240657499267
1789528311,10,,Aggregated,31.700000,0.000000,9,10,10,11,12,13,15,17,22,30,33,37629,0,9,9.36007483124777,2.4468099999808146,33.20895900014875,224.1631720215791
1789528312,10,,Aggregated,30.900000,0.000000,9,10,10,11,12,13,15,17,22,30,33,37660,0,9,9.360598888264013,2.4468099999808146,33.20895900014875,224.16826872012746
1789528313,10,,Aggregated,31.100000,0.000000,9,10,10,11,12,13,15,17,22,30,33,37694,0,9,9.360117722821245,2.4468099999808146,33.20895900014875,224.16872711837428
1789528314,10,,Aggregated,31.200000,0.000000,9,10,10,11,12,13,15,17,22,30,33,37727,0,9,9.360354591725395,2.4468099999808146,33.20895900014875,224.16651204707503
1789528315,10,,Aggregated,31.600000,0.000000,9,10,10,11,12,13,15,17,22,30,33,37760,0,9,9.360103026033489,2.4468099999808146,33.20895900014875,224.1630031779661
1789528316,10,,Aggregated,32.000000,0.000000,9,10,10,11,12,13,15,17,22,30,33,37794,0,9,9.360049556517543,2.4468099999808146,33.20895900014875,224.16367677409113
1789528317,10,,Aggregated,31.100000,0.000000,9,10,10,11,12,13,15,17,22,30,33,37825,0,9,9.359887139590876,2.4468099999808146,33.20895900014875,224.16388631857237
1789528318,10,,Aggregated,31.900000,0.000000,9,10,10,11,12,13,15,17,22,30,33,37859,0,9,9.360035322698058,2.4468099999808146,33.20895900014875,224.16466362027523
1789528319,10,,Aggregated,31.500000,0.000000,9,10,10,11,12,13,15,17,22,30,33,37889,0,9,9.360240830848662,2.4468099999808146,33.20895900014875,224.16434849164665
1789528320,10,,Aggregated,31.000000,0.000000,9,10,10,11,12,13,15,17,22,30,33,37925,0,9,9.36007948076532,2.4468099999808146,33.20895900014875,224.16348055372447
1789528321,10,,Aggregated,31.800000,0.000000,9,10,10,11,12,13,15,17,22,30,33,37959,0,9,9.36029078410983,2.4468099999808146,33.20895900014875,224.16644274085198
1789528322,10,,Aggregated,32.400000,0.000000,9,10,10,11,12,13,15,17,22,30,33,37991,0,9,9.3613556563403,2.4468099999808146,33.20895900014875,224.16840830723066
1789528323,10,,Aggregated,32.500000,0.000000,9,10,10,11,12,13,15,17,22,30,33,38025,0,9,9.361080511900724,2.4468099999808146,33.20895900014875,224.17257067718606
1789528324,10,,Aggregated,32.900000,0.000000,9,10,10,11,12,13,15,17,22,30,33,38056,0,9,9.363235599222849,2.4468099999808146,33.20895900014875,224.17760668488543
1789528325,10,,Aggregated,33.000000,0.000000,9,10,10,11,12,13,15,17,22,30,33,38085,0,9,9.363216073415375,2.4468099999808146,33.20895900014875,224.17568596560326
1789528326,10,,Aggregated,32.700000,0.000000,9,10,10,11,12,13,15,17,22,30,33,38119,0,9,9.363531057373594,2.4468099999808146,33.20895900014875,224.17390277814212
1789528327,10,,Aggregated,33.100000,0.000000,9,10,10,11,12,13,15,17,22,30,33,38152,0,9,9.363954040391716,2.4468099999808146,33.20895900014875,224.17883728244914
1789528328,10,,Aggregated,32.200000,0.000000,9,10,10,11,12,13,15,17,22,30,33,38185,0,9,9.363576256305496,2.4468099999808146,33.20895900014875,224.18025402645017
1789528329,10,,Aggregated,33.000000,0.000000,9,10,10,11,12,13,15,17,22,30,33,38217,0,9,9.36343503660742,2.4468099999808146,33.20895900014875,224.18462987675642
1789528330,10,,Aggregated,33.100000,0.000000,9,10,10,11,12,13,15,17,22,30,33,38250,0,9,9.363990591817663,2.4468099999808146,33.20895900014875,224.18585620915033
1789528331,10,,Aggregated,32.900000,0.000000,9,10,10,11,12,13,15,17,22,30,33,38279,0,9,9.364009207189978,2.4468099999808146,33.20895900014875,224.1838083544502
1789528332,10,,Aggregated,32.500000,0.000000,9,10,10,11,12,13,15,17,22,30,33,38310,0,9,9.36376425228464,2.4468099999808146,33.20895900014875,224.1840250587314
1789528333,10,,Aggregated,32.500000,0.000000,9,10,10,11,12,13,15,17,22,30,33,38342,0,9,9.363219258333544,2.4468099999808146,33.20895900014875,224.1834541755777
1789528334,10,,Aggregated,31.800000,0.000000,9,10,10,11,12,13,15,17,22,30,33,38375,0,9,9.36303322254137,2.4468099999808146,33.20895900014875,224.18001302931597
1789528335,10,,Aggregated,31.800000,0.000000,9,10,10,11,12,13,15,17,22,30,33,38404,0,9,9.363420915191769,2.4468099999808146,33.20895900014875,224.18302780960317
1789528336,10,,Aggregated,31.500000,0.000000,9,10,10,11,12,13,15,17,22,30,33,38438,0,9,9.363776610724406,2.4468099999808146,33.20895900014875,224.17997814662573
1789528337,10,,Aggregated,31.500000,0.000000,9,10,10,11,12,13,15,17,22,30,33,38469,0,9,9.364046218020341,2.4468099999808146,33.20895900014875,224.18261457277288
1789528338,10,,Aggregated,32.200000,0.000000,9,10,10,11,12,13,15,17,22,30,33,38506,0,9,9.364651455903605,2.4468099999808146,33.20895900014875,224.17644003531916
1789528339,10,,Aggregated,31.500000,0.000000,9,10,10,11,12,13,15,17,22,30,33,38535,0,9,9.364408189646422,2.4468099999808146,33.20895900014875,224.18271701050992
1789528340,10,,Aggregated,31.700000,0.000000,9,10,10,11,12,13,15,17,22,30,33,38568,0,9,9.36456872977663,2.4468099999808146,33.20895900014875,224.18287181082763
1789528341,10,,Aggregated,31.800000,0.000000,9,10,10,11,12,13,15,17,22,30,33,38599,0,9,9.365380839452463,2.4468099999808146,33.20895900014875,224.17964195963626
1789528342,10,,Aggregated,31.800000,0.000000,9,10,10,11,12,13,15,17,22,30,33,38635,0,9,9.365685245218716,2.4468099999808146,33.20895900014875,224.18584185324187
1789528343,10,,Aggregated,31.500000,0.000000,9,10,10,11,12,13,15,17,22,30,33,38663,0,9,9.366129137444709,2.4468099999808146,33.20895900014875,224.18449163282725
1789528344,10,,Aggregated,31.900000,0.000000,9,10,10,11,12,13,15,17,22,30,33,38695,0,9,9.365963686859425,2.4468099999808146,33.20895900014875,224.18648404186587
1789528345,10,,Aggregated,32.200000,0.000000,9,10,10,11,12,13,15,17,22,30,33,38726,0,9,9.36624749692777,2.4468099999808146,33.20895900014875,224.18904611888652
1789528346,10,,Aggregated,32.100000,0.000000,9,10,10,11,12,13,15,17,22,30,33,38762,0,9,9.365628425546287,2.4468099999808146,33.20895900014875,224.18115680305453
1789528347,10,,Aggregated,32.300000,0.000000,9,10,10,11,12,13,15,17,22,30,33,38799,0,9,9.366193502230074,2.4468099999808146,33.20895900014875,224.1843346478002
1789528348,10,,Aggregated,31.700000,0.000000,9,10,10,11,12,13,15,17,22,30,33,38832,0,9,9.36582832501608,2.4468099999808146,33.20895900014875,224.18325092707045
1789528349,10,,Aggregated,32.200000,0.000000,9,10,10,11,12,13,15,17,22,30,33,38864,0,9,9.365837522000419,2.4468099999808146,33.20895900014875,224.18508130918073
1789528350,10,,Aggregated,32.500000,0.000000,9,10,10,11,12,13,15,17,22,30,33,38898,0,9,9.365536340763672,2.4468099999808146,33.20895900014875,224.18566507275438
1789528351,10,,Aggregated,32.500000,0.000000,9,10,10,11,12,13,15,17,22,30,33,38932,0,9,9.365259591262344,2.4468099999808146,33.20895900014875,224.18968971540122
1789528352,10,,Aggregated,32.700000,0.000000,9,10,10,11,12,13,15,17,22,30,33,38963,0,9,9.364803534174076,2.4468099999808146,33.20895900014875,224.18648461360777
1789528353,10,,Aggregated,33.100000,0.000000,9,10,10,11,12,13,15,17,22,30,33,38991,0,9,9.364412502193446,2.4468099999808146,33.20895900014875,224.18873586212203
1789528354,10,,Aggregated,33.000000,0.000000,9,10,10,11,12,13,15,17,22,30,33,39025,0,9,9.36384886308841,2.4468099999808146,33.20895900014875,224.1939013452915
1789528355,10,,Aggregated,32.900000,0.000000,9,10,10,11,12,13,15,17,22,30,33,39059,0,9,9.364992227989108,2.4468099999808146,33.20895900014875,224.1897386005786
1789528356,10,,Aggregated,32.700000,0.000000,9,10,10,11,12,13,15,17,22,30,33,39095,0,9,9.365497830132403,2.4468099999808146,33.20895900014875,224.19485867758024
1789528357,10,,Aggregated,32.600000,0.000000,9,10,10,11,12,13,15,17,22,30,33,39126,0,9,9.365219105608196,2.4468099999808146,33.20895900014875,224.19501099013445
1789528358,10,,Aggregated,33.300000,0.000000,9,10,10,11,12,13,15,17,22,30,33,39158,0,9,9.365614421957869,2.4468099999808146,33.20895900014875,224.19357474845498
1789528359,10,,Aggregated,33.200000,0.000000,9,10,10,11,12,13,15,17,22,30,33,39186,0,9,9.36562815043703,2.4468099999808146,33.20895900014875,224.194763435921
1789528360,10,,Aggregated,32.700000,0.000000,9,10,10,11,12,13,15,17,22,30,33,39217,0,9,9.366551273733977,2.4468099999808146,33.20895900014875,224.19262054721167
1789528361,10,,Aggregated,32.300000,0.000000,9,10,10,11,12,13,15,17,22,30,33,39243,0,9,9.366382177357124,2.4468099999808146,33.20895900014875,224.18923120046887
1789528362,10,,Aggregated,31.900000,0.000000,9,10,10,11,12,13,15,17,22,30,33,39273,0,9,9.36623351129338,2.4468099999808146,33.20895900014875,224.18783897334046
1789528363,10,,Aggregated,31.900000,0.000000,9,10,10,11,12,13,15,17,22,30,33,39302,0,9,9.367100613302746,2.4468099999808146,33.20895900014875,224.1859192916391
1789528364,10,,Aggregated,31.200000,0.000000,9,10,10,11,12,13,15,17,22,30,33,39335,0,9,9.36715298434025,2.4468099999808146,33.20895900014875,224.18604296428117
1789528365,10,,Aggregated,31.000000,0.000000,9,10,10,11,12,13,15,17,22,30,33,39369,0,9,9.367092599533242,2.4468099999808146,33.20895900014875,224.1890827808682
1789528366,10,,Aggregated,30.800000,0.000000,9,10,10,11,12,13,15,17,22,30,33,39398,0,9,9.367713990964628,2.4468099999808146,33.20895900014875,224.18592314330678
1789528367,10,,Aggregated,31.000000,0.000000,9,10,10,11,12,13,15,17,22,30,33,39431,0,9,9.368337454008872,2.4468099999808146,33.20895900014875,224.18480383454641
1789528368,10,,Aggregated,30.800000,0.000000,9,10,10,11,12,13,15,17,22,30,33,39461,0,9,9.368236341933125,2.4468099999808146,33.20895900014875,224.18570233901826
1789528369,10,,Aggregated,30.300000,0.000000,9,10,10,11,12,13,15,17,22,30,33,39489,0,9,9.368570552812768,2.4468099999808146,33.20895900014875,224.1856719592798
1789528370,10,,Aggregated,30.400000,0.000000,9,10,10,11,12,13,15,17,22,30,33,39524,0,9,9.368838533423311,2.4468099999808146,33.20895900014875,224.1877593360996
1789528371,10,,Aggregated,30.200000,0.000000,9,10,10,11,12,13,15,17,22,30,33,39555,0,9,9.368642684970881,2.4468099999808146,33.20895900014875,224.1879155606118
1789528372,10,,Aggregated,30.300000,0.000000,9,10,10,11,12,13,15,17,22,30,33,39585,0,9,9.36857210546982,2.4468099999808146,33.20895900014875,224.185347985348
1789528374,10,,Aggregated,30.400000,0.000000,9,10,10,11,12,13,15,17,22,30,33,39617,0,9,9.368337000278256,2.4468099999808146,33.20895900014875,224.18484488982003
1789528375,10,,Aggregated,31.000000,0.000000,9,10,10,11,12,13,15,17,22,30,33,39650,0,9,9.368998665952665,2.4468099999808146,33.20895900014875,224.18358133669608
1789528376,10,,Aggregated,31.000000,0.000000,9,10,10,11,12,13,15,17,22,30,33,39680,0,9,9.369320033140717,2.4468099999808146,33.20895900014875,224.18334173387098
1789528377,10,,Aggregated,31.500000,0.000000,9,10,10,11,12,13,15,17,22,30,33,39715,0,9,9.369347549138213,2.4468099999808146,33.20895900014875,224.17867304544882
1789528378,10,,Aggregated,31.500000,0.000000,9,10,10,11,12,13,15,17,22,30,33,39745,0,9,9.368998563920629,2.4468099999808146,33.20895900014875,224.17954459680462
1789528379,10,,Aggregated,31.100000,0.000000,9,10,10,11,12,13,15,17,22,30,33,39777,0,9,9.369460133620587,2.4468099999808146,33.20895900014875,224.18138622822235
1789528380,10,,Aggregated,31.400000,0.000000,9,10,10,11,12,13,15,17,22,30,33,39811,0,9,9.369193990505812,2.4468099999808146,33.20895900014875,224.18429579764387
1789528381,10,,Aggregated,31.400000,0.000000,9,10,10,11,12,13,15,17,22,30,33,39844,0,9,9.369385336588358,2.4468099999808146,33.20895900014875,224.19237526352777
1789528382,10,,Aggregated,32.000000,0.000000,9,10,10,11,12,13,15,17,22,30,33,39873,0,9,9.369712026810792,2.4468099999808146,33.20895900014875,224.1996839966895
1789528383,10,,Aggregated,32.000000,0.000000,9,10,10,11,12,13,15,17,22,30,33,39909,0,9,9.369531783833914,2.4468099999808146,33.20895900014875,224.1965471447543
1789528384,10,,Aggregated,32.000000,0.000000,9,10,10,11,12,13,15,17,22,30,33,39943,0,9,9.36875245712711,2.4468099999808146,33.20895900014875,224.20043562075958
1789528385,10,,Aggregated,32.400000,0.000000,9,10,10,11,12,13,15,17,22,30,33,39976,0,9,9.369128227612267,2.4468099999808146,33.20895900014875,224.19826896137684
1789528386,10,,Aggregated,32.600000,0.000000,9,10,10,11,12,13,15,17,22,29,33,40008,0,9,9.36951451747221,2.4468099999808146,33.20895900014875,224.19558588282342
1789528387,10,,Aggregated,32.400000,0.000000,9,10,10,11,12,13,15,17,22,29,33,40040,0,9,9.369947442083614,2.4468099999808146,33.20895900014875,224.2031968031968
1789528388,10,,Aggregated,32.400000,0.000000,9,10,10,11,12,13,15,17,22,29,33,40074,0,9,9.370279790313614,2.4468099999808146,33.20895900014875,224.19696062284774
1789528389,10,,Aggregated,32.400000,0.000000,9,10,10,11,12,13,15,17,22,29,33,40108,0,9,9.370158773262894,2.4468099999808146,33.20895900014875,224.20098234766132
1789528390,10,,Aggregated,32.900000,0.000000,9,10,10,11,12,13,15,17,22,29,33,40141,0,9,9.369870984480407,2.4468099999808146,33.20895900014875,224.20218728980345
1789528391,10,,Aggregated,32.900000,0.000000,9,10,10,11,12,13,15,17,22,29,33,40171,0,9,9.369788845262212,2.4468099999808146,33.20895900014875,224.20328097383685
1789528392,10,,Aggregated,32.900000,0.000000,9,10,10,11,12,13,15,17,22,29,33,40206,0,9,9.370352803089801,2.4468099999808146,33.20895900014875,224.20422325026115
1789528393,10,,Aggregated,32.500000,0.000000,9,10,10,11,12,13,15,17,22,29,33,40237,0,9,9.369937817656089,2.4468099999808146,33.20895900014875,224.20672515346573
1789528394,10,,Aggregated,33.100000,0.000000,9,10,10,11,12,13,15,17,22,29,33,40270,0,9,9.369493009834324,2.4468099999808146,33.20895900014875,224.20680407251055
1789528395,10,,Aggregated,32.600000,0.000000,9,10,10,11,12,13,15,17,22,29,33,40303,0,9,9.36953413353914,2.4468099999808146,33.20895900014875,224.20462496588343
1789528396,10,,Aggregated,32.600000,0.000000,9,10,10,11,12,13,15,17,22,29,33,40335,0,9,9.36900536605993,2.4468099999808146,33.20895900014875,224.20416511714393
1789528397,10,,Aggregated,32.700000,0.000000,9,10,10,11,12,13,15,17,22,29,33,40365,0,9,9.369497125183395,2.4468099999808146,33.20895900014875,224.2061439365787
1789528398,10,,Aggregated,32.600000,0.000000,9,10,10,11,12,13,15,17,22,29,33,40395,0,9,9.36960445320032,2.4468099999808146,33.20895900014875,224.20351528654535
1789528399,10,,Aggregated,32.400000,0.000000,9,10,10,11,12,13,15,17,22,29,33,40426,0,9,9.369485943428176,2.4468099999808146,33.20895900014875,224.20828179884234
1789528400,10,,Aggregated,31.900000,0.000000,9,10,10,11,12,13,15,17,22,29,33,40457,0,9,9.369511835109554,2.4468099999808146,33.20895900014875,224.2096794127098
1789528401,10,,Aggregated,31.700000,0.000000,9,10,10,11,12,13,15,17,22,29,33,40488,0,9,9.370119486614009,2.4468099999808146,33.20895900014875,224.2097658565501
1789528402,10,,Aggregated,31.700000,0.000000,9,10,10,11,12,13,15,17,22,29,33,40522,0,9,9.370697846651877,2.4468099999808146,33.20895900014875,224.20917032722966
1789528403,10,,Aggregated,31.800000,0.000000,9,10,10,11,12,13,15,17,22,29,33,40557,0,9,9.370879795744962,2.4468099999808146,33.20895900014875,224.21241709199398
1789528404,10,,Aggregated,31.600000,0.000000,9,10,10,11,12,13,15,17,22,29,33,40590,0,9,9.371071359769111,2.4468099999808146,33.20895900014875,224.20768662232078
1789528405,10,,Aggregated,31.900000,0.000000,9,10,10,11,12,13,15,17,22,29,33,40620,0,9,9.370603518415269,2.4468099999808146,33.20895900014875,224.21430329886755
1789528406,10,,Aggregated,31.600000,0.000000,9,10,10,11,12,13,15,17,22,29,33,40653,0,9,9.37040596059401,2.4468099999808146,33.20895900014875,224.21649078788772
1789528407,10,,Aggregated,31.600000,0.000000,9,10,10,11,12,13,15,17,22,29,33,40687,0,9,9.370228486249337,2.4468099999808146,33.20895900014875,224.21589205397302
1789528408,10,,Aggregated,31.700000,0.000000,9,10,10,11,12,13,15,17,22,29,33,40717,0,9,9.370929314193747,2.4468099999808146,33.20895900014875,224.21666625733724
1789528409,10,,Aggregated,32.100000,0.000000,9,10,10,11,12,13,15,17,22,29,33,40748,0,9,9.370558872656968,2.4468099999808146,33.20895900014875,224.2215814273093
1789528410,10,,Aggregated,31.900000,0.000000,9,10,10,11,12,13,15,17,22,29,33,40781,0,9,9.37077386930253,2.4468099999808146,33.20895900014875,224.2180917584169
1789528411,10,,Aggregated,31.900000,0.000000,9,10,10,11,12,13,15,17,22,29,33,40811,0,9,9.37097280390156,2.4468099999808146,33.20895900014875,224.2177109112739
1789528412,10,,Aggregated,32.300000,0.000000,9,10,10,11,12,13,15,17,22,29,33,40845,0,9,9.371761674746633,2.4468099999808146,33.20895900014875,224.2149589913086
1789528413,10,,Aggregated,32.400000,0.000000,9,10,10,11,12,13,15,17,22,29,33,40874,0,9,9.371837631722507,2.4468099999808146,33.20895900014875,224.20864118999853
1789528414,10,,Aggregated,32.000000,0.000000,9,10,10,11,12,13,15,17,22,29,33,40905,0,9,9.371787766361713,2.4468099999808146,33.20895900014875,224.20449822760054
1789528415,10,,Aggregated,31.600000,0.000000,9,10,10,11,12,13,15,17,22,29,33,40939,0,9,9.371913572486527,2.4468099999808146,33.20895900014875,224.20843205745132
1789528416,10,,Aggregated,31.600000,0.000000,9,10,10,11,12,13,15,17,22,29,33,40974,0,9,9.3722660224783,2.4468099999808146,33.20895900014875,224.2116708156392
1789528417,10,,Aggregated,31.900000,0.000000,9,10,10,11,12,13,15,17,22,29,33,41004,0,9,9.37200513347541,2.4468099999808146,33.20895900014875,224.2124426885182
1789528418,10,,Aggregated,32.000000,0.000000,9,10,10,11,12,13,15,17,22,29,33,41034,0,9,9.371794071209871,2.4468099999808146,33.20895900014875,224.2044645903397
1789528419,10,,Aggregated,31.400000,0.000000,9,10,10,11,12,13,15,17,22,29,33,41069,0,9,9.371554839928567,2.4468099999808146,33.20895900014875,224.20219630378145
1789528420,10,,Aggregated,32.000000,0.000000,9,10,10,11,12,13,15,17,22,29,33,41096,0,9,9.371546442744458,2.4468099999808146,33.20895900014875,224.2061027837259
1789528421,10,,Aggregated,31.900000,0.000000,9,10,10,11,12,13,15,17,22,29,33,41131,0,9,9.371121396635763,2.4468099999808146,33.20895900014875,224.2094284116603
1789528422,10,,Aggregated,31.600000,0.000000,9,10,10,11,12,13,15,17,22,29,33,41160,0,9,9.370823228936501,2.4468099999808146,33.20895900014875,224.2065840621963
1789528423,10,,Aggregated,31.500000,0.000000,9,10,10,11,12,13,15,17,22,29,33,41194,0,9,9.37107281771683,2.4468099999808146,33.20895900014875,224.20044181191435
1789528424,10,,Aggregated,31.900000,0.000000,9,10,10,11,12,13,15,17,22,29,33,41226,0,9,9.371469198904284,2.4468099999808146,33.20895900014875,224.19778780381313
1789528425,10,,Aggregated,31.900000,0.000000,9,10,10,11,12,13,15,17,22,29,33,41258,0,9,9.370991079500424,2.4468099999808146,33.20895900014875,224.19724659459985
1789528426,10,,Aggregated,32.100000,0.000000,9,10,10,11,12,13,15,17,22,29,33,41294,0,9,9.371804435245538,2.4468099999808146,33.20895900014875,224.19458032643968
1789528427,10,,Aggregated,31.500000,0.000000,9,10,10,11,12,13,15,17,22,29,33,41325,0,9,9.372205328300764,2.4468099999808146,33.20895900014875,224.18826376285543
1789528428,10,,Aggregated,32.000000,0.000000,9,10,10,11,12,13,15,17,22,29,33,41359,0,9,9.371767102009933,2.4468099999808146,33.20895900014875,224.18772214028385
1789528429,10,,Aggregated,32.200000,0.000000,9,10,10,11,12,13,15,17,22,29,33,41391,0,9,9.371668214902495,2.4468099999808146,33.20895900014875,224.18958227634027
1789528430,10,,Aggregated,32.000000,0.000000,9,10,10,11,12,13,15,17,22,29,33,41419,0,9,9.37187421453991,2.4468099999808146,33.20895900014875,224.19278591950555
1789528431,10,,Aggregated,32.500000,0.000000,9,10,10,11,12,13,15,17,22,29,33,41456,0,9,9.37152296647118,2.4468099999808146,33.20895900014875,224.19140775762253
1789528432,10,,Aggregated,32.400000,0.000000,9,10,10,11,12,13,15,17,22,29,33,41494,0,9,9.371408330265345,2.4468099999808146,33.20895900014875,224.18400250638646
1789528433,10,,Aggregated,32.500000,0.000000,9,10,10,11,12,13,15,17,22,29,33,41525,0,9,9.371909808044064,2.4468099999808146,33.20895900014875,224.18203491872367
1789528434,10,,Aggregated,32.900000,0.000000,9,10,10,11,12,13,15,17,22,29,33,41556,0,9,9.371766730725525,2.4468099999808146,33.20895900014875,224.1821397632111
1789528435,10,,Aggregated,33.000000,0.000000,9,10,10,11,12,13,15,17,22,29,33,41591,0,9,9.37200379512467,2.4468099999808146,33.20895900014875,224.1821067057777
1789528436,10,,Aggregated,32.700000,0.000000,9,10,10,11,12,13,15,17,22,29,33,41625,0,9,9.371916990415121,2.4468099999808146,33.20895900014875,224.18042042042043
1789528437,10,,Aggregated,33.300000,0.000000,9,10,10,11,12,13,15,17,22,29,33,41654,0,9,9.371783159385137,2.4468099999808146,33.20895900014875,224.18744898449128
1789528438,10,,Aggregated,32.800000,0.000000,9,10,10,11,12,13,15,17,22,29,33,41689,0,9,9.371255428387064,2.4468099999808146,33.20895900014875,224.18410132169157
1789528439,10,,Aggregated,33.000000,0.000000,9,10,10,11,12,13,15,17,22,29,33,41722,0,9,9.371750545036862,2.4468099999808146,33.20895900014875,224.18302094818083
1789528440,10,,Aggregated,32.800000,0.000000,9,10,10,11,12,13,15,17,22,29,33,41755,0,9,9.372017290480837,2.4468099999808146,33.20895900014875,224.17775116752486
1789528441,10,,Aggregated,32.900000,0.000000,9,10,10,11,12,13,15,17,22,29,33,41783,0,9,9.371580143025332,2.4468099999808146,33.20895900014875,224.17545413206327
1789528442,10,,Aggregated,33.000000,0.000000,9,10,10,11,12,13,15,17,22,29,33,41818,0,9,9.371642028744256,2.4468099999808146,33.20895900014875,224.1763833755799
1789528443,10,,Aggregated,32.500000,0.000000,9,10,10,11,12,13,15,17,22,29,33,41851,0,9,9.371498747772518,2.4468099999808146,33.20895900014875,224.1722061599484
1789528444,10,,Aggregated,32.500000,0.000000,9,10,10,11,12,13,15,17,22,29,33,41883,0,9,9.371361189862887,2.4468099999808146,33.20895900014875,224.16963923310175
1789528445,10,,Aggregated,32.300000,0.000000,9,10,10,11,12,13,15,17,22,29,33,41919,0,9,9.371155020611832,2.4468099999808146,33.20895900014875,224.16672630549394
1789528446,10,,Aggregated,32.600000,0.000000,9,10,10,11,12,13,15,17,22,29,33,41949,0,9,9.371626452359454,2.4468099999808146,33.20895900014875,224.16648787813773
1789528447,10,,Aggregated,32.600000,0.000000,9,10,10,11,12,13,15,17,22,29,33,41981,0,9,9.372411364594154,2.4468099999808146,33.20895900014875,224.17262571163144
1789528448,10,,Aggregated,32.500000,0.000000,9,10,10,11,12,13,15,17,22,29,33,42014,0,9,9.372328373780837,2.4468099999808146,33.20895900014875,224.1747274717951
1789528449,10,,Aggregated,32.400000,0.000000,9,10,10,11,12,13,15,17,22,29,33,42050,0,9,9.37308104839542,2.4468099999808146,33.20895900014875,224.16963139120094
1789528450,10,,Aggregated,32.400000,0.000000,9,10,10,11,12,13,15,17,22,29,33,42081,0,9,9.37365557339481,2.4468099999808146,33.20895900014875,224.1709322497089
1789528451,10,,Aggregated,32.600000,0.000000,9,10,10,11,12,13,15,17,22,29,33,42117,0,9,9.373842548852652,2.4468099999808146,33.20895900014875,224.16805565448632
1789528452,10,,Aggregated,32.500000,0.000000,9,10,10,11,12,13,15,17,22,29,33,42151,0,9,9.373986543759989,2.4468099999808146,33.20895900014875,224.1653816042324
1789528453,10,,Aggregated,33.300000,0.000000,9,10,10,11,12,13,15,17,22,29,33,42183,0,9,9.37398875573163,2.4468099999808146,33.20895900014875,224.16516132091127
1789528454,10,,Aggregated,33.000000,0.000000,9,10,10,11,12,13,15,17,22,29,33,42218,0,9,9.374114699086375,2.4468099999808146,33.20895900014875,224.16935904116727
1789528455,10,,Aggregated,33.200000,0.000000,9,10,10,11,12,13,15,17,22,29,33,42247,0,9,9.37472018796668,2.4468099999808146,33.20895900014875,224.16753852344544
1789528456,10,,Aggregated,33.200000,0.000000,9,10,10,11,12,13,15,17,22,29,33,42283,0,9,9.374877066741442,2.4468099999808146,33.20895900014875,224.16358820329683
1789528457,10,,Aggregated,33.100000,0.000000,9,10,10,11,12,13,15,17,22,29,33,42313,0,9,9.37540573166706,2.4468099999808146,33.20895900014875,224.16224328220642
1789528458,10,,Aggregated,33.200000,0.000000,9,10,10,11,12,13,15,17,22,29,33,42345,0,9,9.375041351045633,2.4468099999808146,33.20895900014875,224.15650017711656
1789528459,10,,Aggregated,33.200000,0.000000,9,10,10,11,12,13,15,17,22,29,33,42374,0,9,9.375580184453394,2.4468099999808146,33.20895900014875,224.15695945627036
1789528460,10,,Aggregated,33.300000,0.000000,9,10,10,11,12,13,15,17,22,29,33,42405,0,9,9.375289882396606,2.4468099999808146,33.20895900014875,224.16153755453365
1789528461,10,,Aggregated,32.500000,0.000000,9,10,10,11,12,13,15,17,22,29,33,42434,0,9,9.374952692888437,2.4468099999808146,33.20895900014875,224.16423151246642
1789528462,10,,Aggregated,32.500000,0.000000,9,10,10,11,12,13,15,17,22,29,33,42467,0,9,9.374689646643937,2.4468099999808146,33.20895900014875,224.16108978736432
1789528463,10,,Aggregated,31.700000,0.000000,9,10,10,11,12,13,15,17,22,29,33,42495,0,9,9.374320274362352,2.4468099999808146,33.20895900014875,224.15679491704907
1789528464,10,,Aggregated,31.300000,0.000000,9,10,10,11,12,13,15,17,22,29,33,42526,0,9,9.374524275526234,2.4468099999808146,33.20895900014875,224.15178949348635
1789528465,10,,Aggregated,31.300000,0.000000,9,10,10,11,12,13,15,17,22,29,33,42558,0,9,9.37505694224421,2.4468099999808146,33.20895900014875,224.15353165092344
1789528466,10,,Aggregated,31.000000,0.000000,9,10,10,11,12,13,15,17,22,29,33,42592,0,9,9.375191734105679,2.4468099999808146,33.20895900014875,224.15627347858754
1789528467,10,,Aggregated,30.400000,0.000000,9,10,10,11,12,13,15,17,22,29,33,42620,0,9,9.375234610488704,2.4468099999808146,33.20895900014875,224.15624120131395
1789528468,10,,Aggregated,30.800000,0.000000,9,10,10,11,12,13,15,17,22,29,33,42650,0,9,9.37533887798428,2.4468099999808146,33.20895900014875,224.16112543962484
1789528469,10,,Aggregated,30.400000,0.000000,9,10,10,11,12,13,15,17,22,29,33,42683,0,9,9.375266691845228,2.4468099999808146,33.20895900014875,224.16325000585712
1789528470,10,,Aggregated,30.500000,0.000000,9,10,10,11,12,13,15,17,22,29,33,42711,0,9,9.374975165063567,2.4468099999808146,33.20895900014875,224.16431364285546
1789528471,10,,Aggregated,30.600000,0.000000,9,10,10,11,12,13,15,17,22,29,33,42744,0,9,9.374906273185244,2.4468099999808146,33.20895900014875,224.16973142429347
1789528472,10,,Aggregated,30.500000,0.000000,9,10,10,11,12,13,15,17,22,29,33,42775,0,9,9.374973629784472,2.4468099999808146,33.20895900014875,224.17098772647574
1789528473,10,,Aggregated,30.900000,0.000000,9,10,10,11,12,13,15,17,22,29,33,42805,0,9,9.374639994043477,2.4468099999808146,33.20895900014875,224.17292372386405
1789528474,10,,Aggregated,31.100000,0.000000,9,10,10,11,12,13,15,17,22,29,33,42837,0,9,9.373984729206777,2.4468099999808146,33.20895900014875,224.16828909587505
1789528475,10,,Aggregated,30.900000,0.000000,9,10,10,11,12,13,15,17,22,29,33,42868,0,9,9.374387046608911,2.4468099999808146,33.20895900014875,224.16739759260986
1789528476,10,,Aggregated,30.900000,0.000000,9,10,10,11,12,13,15,17,22,29,33,42903,0,9,9.373835142718026,2.4468099999808146,33.20895900014875,224.1705242057665
1789528477,10,,Aggregated,31.100000,0.000000,9,10,10,11,12,13,15,17,22,29,33,42932,0,9,9.373953518425214,2.4468099999808146,33.20895900014875,224.17311096617908
1789528478,10,,Aggregated,31.000000,0.000000,9,10,10,11,12,13,15,17,22,29,33,42963,0,9,9.373086327282373,2.4468099999808146,33.20895900014875,224.17445243581687
1789528479,10,,Aggregated,31.400000,0.000000,9,10,10,11,12,13,15,17,22,29,33,42995,0,9,9.37296746310114,2.4468099999808146,33.20895900014875,224.17827654378416
1789528480,10,,Aggregated,30.900000,0.000000,9,10,10,11,12,13,15,17,22,29,33,43026,0,9,9.37291515202514,2.4468099999808146,33.20895900014875,224.17745084367593
1789528481,10,,Aggregated,31.300000,0.000000,9,10,10,11,12,13,15,17,22,29,33,43061,0,9,9.373738411440351,2.4468099999808146,33.20895900014875,224.18269431736374
1789528482,10,,Aggregated,31.500000,0.000000,9,10,10,11,12,13,15,17,22,29,33,43094,0,9,9.373648535365316,2.4468099999808146,33.20895900014875,224.18482851441036
1789528483,10,,Aggregated,31.600000,0.000000,9,10,10,11,12,13,15,17,22,29,33,43122,0,9,9.373572737675284,2.4468099999808146,33.20895900014875,224.1816474189509
1789528484,10,,Aggregated,31.500000,0.000000,9,10,10,11,12,13,15,17,22,29,33,43152,0,9,9.374104608431447,2.4468099999808146,33.20895900014875,224.18235539488322
1789528485,10,,Aggregated,31.800000,0.000000,9,10,10,11,12,13,15,17,22,29,33,43185,0,9,9.374265939146309,2.4468099999808146,33.20895900014875,224.18138242445295
1789528486,10,,Aggregated,31.600000,0.000000,9,10,10,11,12,13,15,17,22,29,33,43214,0,9,9.374353135003313,2.4468099999808146,33.20895900014875,224.18170037487852
1789528487,10,,Aggregated,31.800000,0.000000,9,10,10,11,12,13,15,17,22,29,33,43247,0,9,9.374757631004067,2.4468099999808146,33.20895900014875,224.1892385599001
1789528488,10,,Aggregated,31.100000,0.000000,9,10,10,11,12,13,15,17,22,29,33,43280,0,9,9.375059919409273,2.4468099999808146,33.20895900014875,224.1902033271719
1789528489,10,,Aggregated,31.100000,0.000000,9,10,10,11,12,13,15,17,22,29,33,43313,0,9,9.375185363956172,2.4468099999808146,33.20895900014875,224.19239027543694
1789528490,10,,Aggregated,31.600000,0.000000,9,10,10,11,12,13,15,17,22,29,33,43344,0,9,9.375245956373039,2.4468099999808146,33.20895900014875,224.19158361018827
1789528491,10,,Aggregated,31.600000,0.000000,9,10,10,11,12,13,15,17,22,29,33,43379,0,9,9.374699784620063,2.4468099999808146,33.20895900014875,224.19364208487977
1789528492,10,,Aggregated,31.400000,0.000000,9,10,10,11,12,13,15,17,22,29,33,43409,0,9,9.374842731208608,2.4468099999808146,33.20895900014875,224.1922873136907
1789528493,10,,Aggregated,31.700000,0.000000,9,10,10,11,12,13,15,17,22,29,33,43441,0,9,9.374328242766838,2.4468099999808146,33.20895900014875,224.19394120761493
1789528494,10,,Aggregated,31.700000,0.000000,9,10,10,11,12,13,15,17,22,29,33,43473,0,9,9.374149669266762,2.4468099999808146,33.20895900014875,224.1946725553792
1789528495,10,,Aggregated,31.500000,0.000000,9,10,10,11,12,13,15,17,22,29,33,43504,0,9,9.37399577450425,2.4468099999808146,33.20895900014875,224.1896377344612
1789528496,10,,Aggregated,32.000000,0.000000,9,10,10,11,12,13,15,17,22,29,33,43539,0,9,9.373896962654918,2.4468099999808146,33.20895900014875,224.1895771607065
1789528497,10,,Aggregated,31.800000,0.000000,9,10,10,11,12,13,15,17,22,29,33,43574,0,9,9.373626337380843,2.4468099999808146,33.20895900014875,224.18735943452518
1789528498,10,,Aggregated,32.300000,0.000000,9,10,10,11,12,13,15,17,22,29,33,43605,0,9,9.373947020342468,2.4468099999808146,33.20895900014875,224.18867102396513
1789528499,10,,Aggregated,32.500000,0.000000,9,10,10,11,12,13,15,17,22,29,33,43638,0,9,9.373853973235107,2.4468099999808146,33.20895900014875,224.1866492506531
1789528500,10,,Aggregated,32.200000,0.000000,9,10,10,11,12,13,15,17,22,29,33,43671,0,9,9.374559416226637,2.4468099999808146,33.20895900014875,224.18671429552793
1789528501,10,,Aggregated,32.200000,0.000000,9,10,10,11,12,13,15,17,22,29,33,43702,0,9,9.375130379022336,2.4468099999808146,33.20895900014875,224.18500297469222
1789528502,10,,Aggregated,32.700000,0.000000,9,10,10,11,12,13,15,17,22,29,33,43733,0,9,9.37623432737372,2.4468099999808146,33.20895900014875,224.18731850090322
1789528503,10,,Aggregated,32.100000,0.000000,9,10,10,11,12,13,15,17,22,29,33,43763,0,9,9.37639424861266,2.4468099999808146,33.20895900014875,224.1841052944268
1789528504,10,,Aggregated,32.400000,0.000000,9,10,10,11,12,13,15,17,22,29,33,43798,0,9,9.376828308051426,2.4468099999808146,33.20895900014875,224.18720032878213
1789528505,10,,Aggregated,32.200000,0.000000,9,10,10,11,12,13,15,17,22,29,33,43835,0,9,9.376850721000013,2.4468099999808146,33.20895900014875,224.18587886392152
1789528506,10,,Aggregated,32.500000,0.000000,9,10,10,11,12,13,15,17,22,29,33,43866,0,9,9.377283404528248,2.4468099999808146,33.20895900014875,224.17785984589432
1789528507,10,,Aggregated,32.800000,0.000000,9,10,10,11,12,13,15,17,22,29,33,43899,0,9,9.376658405613693,2.4468099999808146,33.20895900014875,224.1809836214948
1789528508,10,,Aggregated,32.600000,0.000000,9,10,10,11,12,13,15,17,22,29,33,43928,0,9,9.376125752755312,2.4468099999808146,33.20895900014875,224.18234383536696
1789528509,10,,Aggregated,32.800000,0.000000,9,10,10,11,12,13,15,17,22,29,33,43960,0,9,9.375919057712348,2.4468099999808146,33.20895900014875,224.1809372156506
1789528510,10,,Aggregated,32.800000,0.000000,9,10,10,11,12,13,15,17,22,29,33,43991,0,9,9.376793051875044,2.4468099999808146,33.20895900014875,224.17710440771975
1789528511,10,,Aggregated,32.100000,0.000000,9,10,10,11,12,13,15,17,22,29,33,44023,0,9,9.376737558867763,2.4468099999808146,33.20895900014875,224.17261431524432
1789528512,10,,Aggregated,31.800000,0.000000,9,10,10,11,12,13,15,17,22,29,33,44059,0,9,9.377402886176158,2.4468099999808146,33.20895900014875,224.16986313806487
1789528513,10,,Aggregated,32.300000,0.000000,9,10,10,11,12,13,15,17,22,29,33,44094,0,9,9.377126927904829,2.4468099999808146,33.20895900014875,224.17086224883204
1789528514,10,,Aggregated,32.300000,0.000000,9,10,10,11,12,13,15,17,22,29,33,44121,0,9,9.376691601097804,2.4468099999808146,33.20895900014875,224.17352281226627
1789528515,10,,Aggregated,32.600000,0.000000,9,10,10,11,12,13,15,17,22,29,33,44153,0,9,9.376685665391625,2.4468099999808146,33.20895900014875,224.17715670509367
1789528516,10,,Aggregated,32.400000,0.000000,9,10,10,11,12,13,15,17,22,29,33,44190,0,9,9.376327526205836,2.4468099999808146,33.20895900014875,224.17795881421137
1789528517,10,,Aggregated,32.100000,0.000000,9,10,10,11,12,13,15,17,22,29,33,44218,0,9,9.376413239518659,2.4468099999808146,33.20895900014875,224.17879596544392
1789528518,10,,Aggregated,31.900000,0.000000,9,10,10,11,12,13,15,17,22,29,33,44251,0,9,9.376721341665402,2.4468099999808146,33.20895900014875,224.17274185894104
1789528519,10,,Aggregated,31.500000,0.000000,9,10,10,11,12,13,15,17,22,29,33,44285,0,9,9.376940636040118,2.4468099999808146,33.20895900014875,224.17439313537315
1789528520,10,,Aggregated,31.900000,0.000000,9,10,10,11,12,13,15,17,22,29,33,44317,0,9,9.377143377846803,2.4468099999808146,33.20895900014875,224.17609495227566
1789528521,10,,Aggregated,32.500000,0.000000,9,10,10,11,12,13,15,17,22,29,33,44350,0,9,9.376726341466458,2.4468099999808146,33.20895900014875,224.17616685456596
1789528522,10,,Aggregated,32.700000,0.000000,9,10,10,11,12,13,15,17,22,29,33,44381,0,9,9.376855136050049,2.4468099999808146,33.20895900014875,224.17647191365674
1789528523,10,,Aggregated,32.300000,0.000000,9,10,10,11,12,13,15,17,22,29,33,44414,0,9,9.376680842460418,2.4468099999808146,33.20895900014875,224.1794704372495
1789528524,10,,Aggregated,32.200000,0.000000,9,10,10,11,12,13,15,17,22,29,33,44446,0,9,9.37631103433464,2.4468099999808146,33.20895900014875,224.17907123250686
1789528525,10,,Aggregated,32.200000,0.000000,9,10,10,11,12,13,15,17,22,29,33,44482,0,9,9.375875838812041,2.4468099999808146,33.20895900014875,224.17939840834495
1789528526,10,,Aggregated,32.000000,0.000000,9,10,10,11,12,13,15,17,22,29,33,44515,0,9,9.375823502617951,2.4468099999808146,33.20895900014875,224.17847916432663
1789528527,10,,Aggregated,32.200000,0.000000,9,10,10,11,12,13,15,17,22,29,33,44545,0,9,9.375891131979765,2.4468099999808146,33.20895900014875,224.17420585924347
1789528528,10,,Aggregated,32.600000,0.000000,9,10,10,11,12,13,15,17,22,29,33,44580,0,9,9.375959564401947,2.4468099999808146,33.20895900014875,224.17301480484522
1789528529,10,,Aggregated,33.100000,0.000000,9,10,10,11,12,13,15,17,22,29,33,44614,0,9,9.376162785987326,2.4468099999808146,33.20895900014875,224.1724570762541
1789528530,10,,Aggregated,32.800000,0.000000,9,10,10,11,12,13,15,17,22,29,33,44640,0,9,9.376316726591385,2.4468099999808146,33.20895900014875,224.1756048387097
1789528531,10,,Aggregated,32.700000,0.000000,9,10,10,11,12,13,15,17,22,29,33,44672,0,9,9.376410903654175,2.4468099999808146,33.20895900014875,224.17321812320918
1789528532,10,,Aggregated,32.300000,0.000000,9,10,10,11,12,13,15,17,22,29,33,44704,0,9,9.376604004497102,2.4468099999808146,33.20895900014875,224.17401127415891
1789528533,10,,Aggregated,32.300000,0.000000,9,10,10,11,12,13,15,17,22,29,33,44741,0,9,9.377113079637004,2.4468099999808146,33.20895900014875,224.17574484253817
1789528534,10,,Aggregated,32.300000,0.000000,9,10,10,11,12,13,15,17,22,29,33,44774,0,9,9.37668234459819,2.4468099999808146,33.20895900014875,224.17271184169385
1789528535,10,,Aggregated,32.500000,0.000000,9,10,10,11,12,13,15,17,22,29,33,44808,0,9,9.377221790261554,2.4468099999808146,33.20895900014875,224.17222371005178
1789528536,10,,Aggregated,32.500000,0.000000,9,10,10,11,12,13,15,17,22,29,33,44841,0,9,9.377121192057265,2.4468099999808146,33.20895900014875,224.17149483731407
1789528537,10,,Aggregated,33.000000,0.000000,9,10,10,11,12,13,15,17,22,29,33,44872,0,9,9.377598684704061,2.4468099999808146,33.20895900014875,224.16867980032092
1789528538,10,,Aggregated,32.800000,0.000000,9,10,10,11,12,13,15,17,22,29,33,44905,0,9,9.377428940497504,2.4468099999808146,33.20895900014875,224.16269903128827
1789528539,10,,Aggregated,32.400000,0.000000,9,10,10,11,12,13,15,17,22,29,33,44938,0,9,9.377633423495492,2.4468099999808146,33.20895900014875,224.16162268013707
1789528540,10,,Aggregated,32.300000,0.000000,9,10,10,11,12,13,15,17,22,29,33,44964,0,9,9.377392190798002,2.4468099999808146,33.20895900014875,224.1586825015568
1789528541,10,,Aggregated,32.400000,0.000000,9,10,10,11,12,13,15,17,22,29,33,44995,0,9,9.377375318658535,2.4468099999808146,33.20895900014875,224.16281809089898
1789528542,10,,Aggregated,32.500000,0.000000,9,10,10,11,12,13,15,17,21,29,33,45029,0,9,9.377781662995863,2.4468099999808146,33.20895900014875,224.1610961824602
1789528543,10,,Aggregated,32.100000,0.000000,9,10,10,11,12,13,15,17,21,29,33,45063,0,9,9.377678936267918,2.4468099999808146,33.20895900014875,224.16155160553004
1789528544,10,,Aggregated,32.500000,0.000000,9,10,10,11,12,13,15,17,21,29,33,45092,0,9,9.377803593432128,2.4468099999808146,33.20895900014875,224.16297791182473
1789528545,10,,Aggregated,32.200000,0.000000,9,10,10,11,12,13,15,17,21,29,33,45118,0,9,9.378498806995912,2.4468099999808146,33.20895900014875,224.1640586905448
1789528546,10,,Aggregated,32.300000,0.000000,9,10,10,11,12,13,15,17,21,29,33,45158,0,9,9.378273119957509,2.4468099999808146,33.20895900014875,224.16307188095132
1789528547,10,,Aggregated,31.000000,0.000000,9,10,10,11,12,13,15,17,21,29,33,45188,0,9,9.378440525560785,2.4468099999808146,33.20895900014875,224.16389306895636
1789528548,10,,Aggregated,30.900000,0.000000,9,10,10,11,12,13,15,17,21,29,33,45219,0,9,9.378530770539824,2.4468099999808146,33.20895900014875,224.16218846060283
1789528549,10,,Aggregated,31.300000,0.000000,9,10,10,11,12,13,15,17,21,29,33,45249,0,9,9.378633393026151,2.4468099999808146,33.20895900014875,224.16199253022165
1789528550,10,,Aggregated,31.800000,0.000000,9,10,10,11,12,13,15,17,21,29,33,45283,0,9,9.378462999515039,2.4468099999808146,33.20895900014875,224.1595521498134
1789528551,10,,Aggregated,31.300000,0.000000,9,10,10,11,12,13,15,17,21,29,33,45312,0,9,9.378459891177599,2.4468099999808146,33.20895900014875,224.15794932909606
1789528552,10,,Aggregated,31.400000,0.000000,9,10,10,11,12,13,15,17,21,29,33,45345,0,9,9.378484832418998,2.4468099999808146,33.20895900014875,224.1569522549344
1789528553,10,,Aggregated,31.700000,0.000000,9,10,10,11,12,13,15,17,21,29,33,45375,0,9,9.378376681675824,2.4468099999808146,33.20895900014875,224.15667217630855
1789528554,10,,Aggregated,31.300000,0.000000,9,10,10,11,12,13,15,17,21,29,33,45408,0,9,9.378911152705255,2.4468099999808146,33.20895900014875,224.1547965116279
1789528555,10,,Aggregated,31.100000,0.000000,9,10,10,11,12,13,15,17,22,29,33,45441,0,9,9.380484093858858,2.4468099999808146,33.20895900014875,224.1548601483242
1789528556,10,,Aggregated,31.000000,0.000000,9,10,10,11,12,13,15,17,22,29,33,45473,0,9,9.380298394938542,2.4468099999808146,33.20895900014875,224.15050689420096
1789528557,10,,Aggregated,31.800000,0.000000,9,10,10,11,12,13,15,17,22,29,33,45508,0,9,9.380326886526328,2.4468099999808146,33.20895900014875,224.14953414784213
1789528558,10,,Aggregated,32.100000,0.000000,9,10,10,11,12,13,15,17,22,29,33,45539,0,9,9.380140747953174,2.4468099999808146,33.20895900014875,224.14664353630954
1789528559,10,,Aggregated,31.700000,0.000000,9,10,10,11,12,13,15,17,22,29,33,45571,0,9,9.379577345154592,2.4468099999808146,33.20895900014875,224.15239955234688
1789528560,10,,Aggregated,31.600000,0.000000,9,10,10,11,12,13,15,17,22,29,33,45601,0,9,9.380335008948038,2.4468099999808146,33.20895900014875,224.15017214534768
1789528561,10,,Aggregated,31.700000,0.000000,9,10,10,11,12,13,15,17,22,29,33,45633,0,9,9.380214572810022,2.4468099999808146,33.20895900014875,224.14991343983522
1789528562,10,,Aggregated,31.900000,0.000000,9,10,10,11,12,13,15,17,22,29,33,45665,0,9,9.379667803438961,2.4468099999808146,33.20895900014875,224.14650169714224
1789528563,10,,Aggregated,31.900000,0.000000,9,10,10,11,12,13,15,17,22,29,33,45694,0,9,9.37963871893554,2.4468099999808146,33.20895900014875,224.14087188689982
1789528564,10,,Aggregated,31.900000,0.000000,9,10,10,11,12,13,15,17,22,29,33,45726,0,9,9.379614805166444,2.4468099999808146,33.20895900014875,224.14457857673972
1789528565,10,,Aggregated,32.100000,0.000000,9,10,10,11,12,13,15,17,22,29,33,45757,0,9,9.380070850581134,2.4468099999808146,33.20895900014875,224.14286338702274
1789528566,10,,Aggregated,32.000000,0.000000,9,10,10,11,12,13,15,17,22,29,33,45790,0,9,9.380575553615218,2.4468099999808146,33.20895900014875,224.14206158549902
1789528567,10,,Aggregated,31.900000,0.000000,9,10,10,11,12,13,15,17,22,29,33,45821,0,9,9.380877757492001,2.4468099999808146,33.20895900014875,224.1382990331944
1789528568,10,,Aggregated,31.400000,0.000000,9,10,10,11,12,13,15,17,22,29,33,45851,0,9,9.380115899370594,2.4468099999808146,33.20895900014875,224.14405356480773
1789528569,10,,Aggregated,31.400000,0.000000,9,10,10,11,12,13,15,17,22,29,33,45877,0,9,9.380075057001157,2.4468099999808146,33.20895900014875,224.14721973973886
1789528570,10,,Aggregated,31.300000,0.000000,9,10,10,11,12,13,15,17,22,29,33,45912,0,9,9.379942717460393,2.4468099999808146,33.20895900014875,224.14627983969334
1789528571,10,,Aggregated,31.100000,0.000000,9,10,10,11,12,13,15,17,22,29,33,45942,0,9,9.38058124594143,2.4468099999808146,33.20895900014875,224.14707674894433
1789528572,10,,Aggregated,30.500000,0.000000,9,10,10,11,12,13,15,17,22,29,33,45975,0,9,9.38088743164853,2.4468099999808146,33.20895900014875,224.14723219140836
1789528573,10,,Aggregated,30.800000,0.000000,9,10,10,11,12,13,15,17,21,29,33,46010,0,9,9.380914738144753,2.4468099999808146,33.20895900014875,224.14520756357314
1789528574,10,,Aggregated,31.000000,0.000000,9,10,10,11,12,13,15,17,21,29,33,46044,0,9,9.380912629876644,2.4468099999808146,33.20895900014875,224.1457084527843
1789528575,10,,Aggregated,31.400000,0.000000,9,10,10,11,12,13,15,17,21,29,33,46075,0,9,9.380724152339456,2.4468099999808146,33.20895900014875,224.14111774281062
1789528576,10,,Aggregated,31.700000,0.000000,9,10,10,11,12,13,15,17,21,29,33,46110,0,9,9.381033404446777,2.4468099999808146,33.20895900014875,224.1432227282585
1789528577,10,,Aggregated,31.900000,0.000000,9,10,10,11,12,13,15,17,21,29,33,46143,0,9,9.38106019662876,2.4468099999808146,33.20895900014875,224.14236178835358
1789528578,10,,Aggregated,31.700000,0.000000,9,10,10,11,12,13,15,17,21,29,33,46172,0,9,9.381284040934796,2.4468099999808146,33.20895900014875,224.14558606947935
1789528579,10,,Aggregated,32.100000,0.000000,9,10,10,11,12,13,15,17,21,29,33,46204,0,9,9.38105815176266,2.4468099999808146,33.20895900014875,224.14920786079128
1789528580,10,,Aggregated,32.000000,0.000000,9,10,10,11,12,13,15,17,21,29,33,46236,0,9,9.381740131478546,2.4468099999808146,33.20895900014875,224.14711480231853
1789528581,10,,Aggregated,32.400000,0.000000,9,10,10,11,12,13,15,17,21,29,33,46267,0,9,9.381562499492997,2.4468099999808146,33.20895900014875,224.14833466617677
1789528582,10,,Aggregated,32.800000,0.000000,9,10,10,11,12,13,15,17,21,29,33,46300,0,9,9.38195164239833,2.4468099999808146,33.20895900014875,224.14738660907128
1789528583,10,,Aggregated,32.500000,0.000000,9,10,10,11,12,13,15,17,21,29,33,46333,0,9,9.381389245873198,2.4468099999808146,33.20895900014875,224.14447585953855
1789528584,10,,Aggregated,32.400000,0.000000,9,10,10,11,12,13,15,17,21,29,33,46367,0,9,9.381995601182789,2.4468099999808146,33.20895900014875,224.1449953630815
1789528585,10,,Aggregated,32.100000,0.000000,9,10,10,11,12,13,15,17,21,29,33,46398,0,9,9.382064412626479,2.4468099999808146,33.20895900014875,224.14132074658392
1789528586,10,,Aggregated,32.000000,0.000000,9,10,10,11,12,13,15,17,21,29,33,46428,0,9,9.38286754473686,2.4468099999808146,33.20895900014875,224.1450633238563
1789528587,10,,Aggregated,32.000000,0.000000,9,10,10,11,12,13,15,17,21,29,33,46464,0,9,9.383709197013664,2.4468099999808146,33.20895900014875,224.14236828512398
1789528588,10,,Aggregated,32.300000,0.000000,9,10,10,11,12,13,15,17,21,29,33,46495,0,9,9.383570146597327,2.4468099999808146,33.20895900014875,224.14268200881816
1789528589,10,,Aggregated,31.800000,0.000000,9,10,10,11,12,13,15,17,21,29,33,46527,0,9,9.383523760570046,2.4468099999808146,33.20895900014875,224.14724783459067
1789528590,10,,Aggregated,32.200000,0.000000,9,10,10,11,12,13,15,17,21,29,33,46563,0,9,9.383194587806694,2.4468099999808146,33.20895900014875,224.1436548332367
1789528591,10,,Aggregated,32.000000,0.000000,9,10,10,11,12,13,15,17,21,29,33,46593,0,9,9.383502109395025,2.4468099999808146,33.20895900014875,224.15124589530618
1789528592,10,,Aggregated,32.200000,0.000000,9,10,10,11,12,13,15,17,21,29,33,46627,0,9,9.384047924829877,2.4468099999808146,33.20895900014875,224.14888369399705
1789528593,10,,Aggregated,32.400000,0.000000,9,10,10,11,12,13,15,17,21,29,33,46665,0,9,9.383466221451666,2.4468099999808146,33.20895900014875,224.1432336869174
1789528594,10,,Aggregated,32.500000,0.000000,9,10,10,11,12,13,15,17,21,29,33,46693,0,9,9.383398454951317,2.4468099999808146,33.20895900014875,224.14226971922986
1789528595,10,,Aggregated,32.600000,0.000000,9,10,10,11,12,13,15,17,21,29,33,46724,0,9,9.383049298305846,2.4468099999808146,33.20895900014875,224.13954284735897
1789528596,10,,Aggregated,32.700000,0.000000,9,10,10,11,12,13,15,17,21,29,33,46757,0,9,9.383826246787489,2.4468099999808146,33.20895900014875,224.14171140150137
1789528597,10,,Aggregated,32.500000,0.000000,9,10,10,11,12,13,15,17,21,29,33,46791,0,9,9.383905541729025,2.4468099999808146,33.20895900014875,224.14616058643756
1789528598,10,,Aggregated,32.700000,0.000000,9,10,10,11,12,13,15,17,21,29,33,46822,0,9,9.384491035027153,2.4468099999808146,33.20895900014875,224.1454017342275
1789528599,10,,Aggregated,32.800000,0.000000,9,10,10,11,12,13,15,17,21,29,33,46854,0,9,9.385133923529317,2.4468099999808146,33.20895900014875,224.14489691381738
1789528600,10,,Aggregated,32.300000,0.000000,9,10,10,11,12,13,15,17,21,29,33,46891,0,9,9.386322256595996,2.4468099999808146,33.20895900014875,224.1438442345013
1789528601,10,,Aggregated,32.600000,0.000000,9,10,10,11,12,13,15,17,21,29,33,46921,0,9,9.386074413781508,2.4468099999808146,33.20895900014875,224.1446260736131
1789528602,10,,Aggregated,32.700000,0.000000,9,10,10,11,12,13,15,17,21,29,33,46950,0,9,9.386210077764458,2.4468099999808146,33.20895900014875,224.14287539936103
1789528603,10,,Aggregated,33.000000,0.000000,9,10,10,11,12,13,15,17,21,29,33,46987,0,9,9.386072395769931,2.4468099999808146,33.20895900014875,224.14167748526188
1789528604,10,,Aggregated,32.600000,0.000000,9,10,10,11,12,13,15,17,21,29,33,47017,0,9,9.385899930387767,2.4468099999808146,33.20895900014875,224.13667396898995
1789528605,10,,Aggregated,32.200000,0.000000,9,10,10,11,12,13,15,17,21,29,33,47048,0,9,9.386036824903105,2.4468099999808146,33.20895900014875,224.13403332766535
1789528606,10,,Aggregated,32.200000,0.000000,9,10,10,11,12,13,15,17,21,29,33,47081,0,9,9.386328826236518,2.4468099999808146,33.20895900014875,224.12928782311334
1789528607,10,,Aggregated,32.500000,0.000000,9,10,10,11,12,13,15,17,21,29,33,47114,0,9,9.386250260029762,2.4468099999808146,33.20895900014875,224.12457019145052
1789528608,10,,Aggregated,32.100000,0.000000,9,10,10,11,12,13,15,17,21,29,33,47147,0,9,9.385684665260614,2.4468099999808146,33.20895900014875,224.12564956412922
1789528609,10,,Aggregated,32.200000,0.000000,9,10,10,11,12,13,15,17,21,29,33,47179,0,9,9.385645881727944,2.4468099999808146,33.20895900014875,224.13130842111957
1789528610,10,,Aggregated,32.600000,0.000000,9,10,10,11,12,13,15,17,21,29,33,47208,0,9,9.38622733517715,2.4468099999808146,33.20895900014875,224.13366378579903
1789528611,10,,Aggregated,32.400000,0.000000,9,10,10,11,12,13,15,17,21,29,33,47237,0,9,9.386066851219217,2.4468099999808146,33.20895900014875,224.13311598958444
1789528612,10,,Aggregated,31.800000,0.000000,9,10,10,11,12,13,15,17,21,29,33,47267,0,9,9.386170087292228,2.4468099999808146,33.20895900014875,224.13392007108553
1789528613,10,,Aggregated,31.600000,0.000000,9,10,10,11,12,13,15,17,21,29,33,47298,0,9,9.385620895091582,2.4468099999808146,33.20895900014875,224.1360945494524
1789528614,10,,Aggregated,31.300000,0.000000,9,10,10,11,12,13,15,17,21,29,33,47336,0,9,9.385570310948157,2.4468099999808146,33.20895900014875,224.13349247929693
1789528615,10,,Aggregated,31.300000,0.000000,9,10,10,11,12,13,15,17,21,29,33,47365,0,9,9.386150166959622,2.4468099999808146,33.20895900014875,224.13385411168585
1789528616,10,,Aggregated,31.300000,0.000000,9,10,10,11,12,13,15,17,21,29,33,47393,0,9,9.386231081827306,2.4468099999808146,33.20895900014875,224.13381723039268
1789528617,10,,Aggregated,31.200000,0.000000,9,10,10,11,12,13,15,17,21,29,33,47426,0,9,9.3862248942572,2.4468099999808146,33.20895900014875,224.1316577404799
1789528618,10,,Aggregated,31.700000,0.000000,9,10,10,11,12,13,15,17,21,29,33,47454,0,9,9.385987843681079,2.4468099999808146,33.20895900014875,224.13257048931598
1789528619,10,,Aggregated,31.100000,0.000000,9,10,10,11,12,13,15,17,21,29,33,47488,0,9,9.386355495262833,2.4468099999808146,33.20895900014875,224.13013814016173
1789528620,10,,Aggregated,30.600000,0.000000,9,10,10,11,12,13,15,17,21,29,33,47520,0,9,9.387189841204579,2.4468099999808146,33.20895900014875,224.1278409090909
1789528621,10,,Aggregated,30.700000,0.000000,9,10,10,11,12,13,15,17,21,29,33,47549,0,9,9.387225797409872,2.4468099999808146,33.20895900014875,224.1291720120297
1789528622,10,,Aggregated,31.000000,0.000000,9,10,10,11,12,13,15,17,21,29,33,47586,0,9,9.38780121731269,2.4468099999808146,33.20895900014875,224.1330013029042
1789528623,10,,Aggregated,31.100000,0.000000,9,10,10,11,12,13,15,17,21,29,33,47615,0,9,9.387855993742349,2.4468099999808146,33.20895900014875,224.1411109944345
1789528624,10,,Aggregated,31.200000,0.000000,9,10,10,11,12,13,15,17,21,29,33,47651,0,9,9.387564711465487,2.4468099999808146,33.20895900014875,224.1415919917735
1789528625,10,,Aggregated,31.700000,0.000000,9,10,10,11,12,13,15,17,21,29,33,47682,0,9,9.387352045280032,2.4468099999808146,33.20895900014875,224.14378591502035
1789528626,10,,Aggregated,31.800000,0.000000,9,10,10,11,12,13,15,17,21,29,33,47715,0,9,9.387069402306249,2.4468099999808146,33.20895900014875,224.1390548045688
1789528627,10,,Aggregated,31.700000,0.000000,9,10,10,11,12,13,15,17,21,29,33,47749,0,9,9.38660170242398,2.4468099999808146,33.20895900014875,224.1433328446669
1789528628,10,,Aggregated,31.400000,0.000000,9,10,10,11,12,13,15,17,21,29,33,47782,0,9,9.38623726669127,2.4468099999808146,33.20895900014875,224.14423841613996
1789528629,10,,Aggregated,32.300000,0.000000,9,10,10,11,12,13,15,17,21,29,33,47812,0,9,9.386285510751328,2.4468099999808146,33.20895900014875,224.1440642516523
1789528630,10,,Aggregated,32.500000,0.000000,9,10,10,11,12,13,15,17,22,29,33,47842,0,9,9.386658718198268,2.4468099999808146,33.20895900014875,224.14092220224907
1789528631,10,,Aggregated,32.500000,0.000000,9,10,10,11,12,13,15,17,22,29,33,47878,0,9,9.388267618468646,2.4468099999808146,33.20895900014875,224.1404402857262
1789528632,10,,Aggregated,32.500000,0.000000,9,10,10,11,12,13,15,17,22,29,33,47908,0,9,9.388657510875895,2.4468099999808146,33.20895900014875,224.1344869332888
1789528633,10,,Aggregated,32.600000,0.000000,9,10,10,11,12,13,15,17,22,29,33,47945,0,9,9.388677661926026,2.4468099999808146,33.20895900014875,224.13256856815102
1789528634,10,,Aggregated,32.700000,0.000000,9,10,10,11,12,13,15,17,22,29,33,47974,0,9,9.388456088340421,2.4468099999808146,33.20895900014875,224.1339267103014
1789528635,10,,Aggregated,32.500000,0.000000,9,10,10,11,12,13,15,17,21,29,33,48009,0,9,9.388760522507106,2.4468099999808146,33.20895900014875,224.13489137453394
1789528636,10,,Aggregated,32.500000,0.000000,9,10,10,11,12,13,15,17,22,30,39,48039,0,9,9.389759638065815,2.4468099999808146,38.58992799996486,224.1328920252295
1789528637,10,,Aggregated,32.600000,0.000000,9,10,10,11,12,13,15,17,22,30,39,48074,0,9,9.389483445896833,2.4468099999808146,38.58992799996486,224.12337230103591
1789528638,10,,Aggregated,32.800000,0.000000,9,10,10,11,12,13,15,17,22,30,39,48106,0,9,9.389507325802272,2.4468099999808146,38.58992799996486,224.12401779403817
1789528639,10,,Aggregated,32.200000,0.000000,9,10,10,11,12,13,15,17,22,30,39,48140,0,9,9.389699851413472,2.4468099999808146,38.58992799996486,224.12363938512672
1789528640,10,,Aggregated,32.300000,0.000000,9,10,10,11,12,13,15,17,22,30,39,48170,0,9,9.389830361948176,2.4468099999808146,38.58992799996486,224.12441353539546
1789528641,10,,Aggregated,32.400000,0.000000,9,10,10,11,12,13,15,17,22,30,39,48205,0,9,9.389981274972381,2.4468099999808146,38.58992799996486,224.12255990042527
1789528642,10,,Aggregated,32.500000,0.000000,9,10,10,11,12,13,15,17,22,30,39,48238,0,9,9.389786906112263,2.4468099999808146,38.58992799996486,224.12270409220946
1789528643,10,,Aggregated,32.400000,0.000000,9,10,10,11,12,13,15,17,22,30,39,48270,0,9,9.390167424778191,2.4468099999808146,38.58992799996486,224.12247772943857
1789528644,10,,Aggregated,32.900000,0.000000,9,10,10,11,12,13,15,17,22,30,39,48303,0,9,9.390103622819339,2.4468099999808146,38.58992799996486,224.12539593814049
1789528645,10,,Aggregated,32.900000,0.000000,9,10,10,11,12,13,15,17,22,30,39,48336,0,9,9.39018918419071,2.4468099999808146,38.58992799996486,224.12824809665673
1789528646,10,,Aggregated,32.400000,0.000000,9,10,10,11,12,13,15,17,22,30,39,48372,0,9,9.389590639048249,2.4468099999808146,38.58992799996486,224.13150169519557
1789528647,10,,Aggregated,32.500000,0.000000,9,10,10,11,12,13,15,17,22,30,39,48406,0,9,9.389840920485916,2.4468099999808146,38.58992799996486,224.13202908730324
1789528648,10,,Aggregated,32.700000,0.000000,9,10,10,11,12,13,15,17,22,30,39,48436,0,9,9.389456677740547,2.4468099999808146,38.58992799996486,224.13180279131225
1789528649,10,,Aggregated,33.100000,0.000000,9,10,10,11,12,13,15,17,22,30,39,48469,0,9,9.390030252388982,2.4468099999808146,38.58992799996486,224.13189873940044
1789528650,10,,Aggregated,33.300000,0.000000,9,10,10,11,12,13,15,17,22,30,39,48499,0,9,9.389850300873029,2.4468099999808146,38.58992799996486,224.1327243860698
1789528651,10,,Aggregated,32.900000,0.000000,9,10,10,11,12,13,15,17,22,30,39,48531,0,9,9.390107573263299,2.4468099999808146,38.58992799996486,224.13337866518307
1789528652,10,,Aggregated,32.900000,0.000000,9,10,10,11,12,13,15,17,22,30,39,48563,0,9,9.390885901922061,2.4468099999808146,38.58992799996486,224.13125218787965
1789528653,10,,Aggregated,32.500000,0.000000,9,10,10,11,12,13,15,17,22,30,39,48599,0,9,9.391773307764392,2.4468099999808146,38.58992799996486,224.1307228543797
1789528654,10,,Aggregated,32.400000,0.000000,9,10,10,11,12,13,15,17,22,30,39,48632,0,9,9.392232572607394,2.4468099999808146,38.58992799996486,224.12800213850963
1789528655,10,,Aggregated,32.400000,0.000000,9,10,10,11,12,13,15,17,22,30,39,48670,0,9,9.392602710561805,2.4468099999808146,38.58992799996486,224.12732689541812
1789528656,10,,Aggregated,32.900000,0.000000,9,10,10,11,12,13,15,17,22,30,39,48698,0,9,9.392405724240051,2.4468099999808146,38.58992799996486,224.12731529015565
1789528657,10,,Aggregated,33.100000,0.000000,9,10,10,11,12,13,15,17,22,30,39,48736,0,9,9.392264463887912,2.4468099999808146,38.58992799996486,224.1275443204202
1789528658,10,,Aggregated,32.900000,0.000000,9,10,10,11,12,13,15,17,22,30,39,48768,0,9,9.392115992988058,2.4468099999808146,38.58992799996486,224.1327099737533
1789528659,10,,Aggregated,32.900000,0.000000,9,10,10,11,12,13,15,17,22,30,39,48804,0,9,9.391699178039534,2.4468099999808146,38.58992799996486,224.13310384394723
1789528660,10,,Aggregated,32.700000,0.000000,9,10,10,11,12,13,15,17,22,30,39,48839,0,9,9.391777431991688,2.4468099999808146,38.58992799996486,224.12930240176908
1789528661,10,,Aggregated,33.200000,0.000000,9,10,10,11,12,13,15,17,22,30,39,48869,0,9,9.391823881479917,2.4468099999808146,38.58992799996486,224.1282408070556
1789528662,10,,Aggregated,33.500000,0.000000,9,10,10,11,12,13,15,17,22,30,39,48903,0,9,9.39153547199645,2.4468099999808146,38.58992799996486,224.12786536613297
1789528663,10,,Aggregated,34.100000,0.000000,9,10,10,11,12,13,15,17,22,30,39,48938,0,9,9.391043287405335,2.4468099999808146,38.58992799996486,224.131472475377
1789528664,10,,Aggregated,33.700000,0.000000,9,10,10,11,12,13,15,17,22,30,39,48967,0,9,9.390920026774003,2.4468099999808146,38.58992799996486,224.13088406477831
1789528665,10,,Aggregated,34.000000,0.000000,9,10,10,11,12,13,15,17,22,30,39,48999,0,9,9.390770677524873,2.4468099999808146,38.58992799996486,224.1324516826874
1789528666,10,,Aggregated,33.800000,0.000000,9,10,10,11,12,13,15,17,22,30,39,49034,0,9,9.390893111270572,2.4468099999808146,38.58992799996486,224.13233674593138
1789528667,10,,Aggregated,32.900000,0.000000,9,10,10,11,12,13,15,17,22,30,39,49067,0,9,9.390314136161594,2.4468099999808146,38.58992799996486,224.13251268673446
1789528668,10,,Aggregated,32.800000,0.000000,9,10,10,11,12,13,15,17,22,30,39,49097,0,9,9.390302296475156,2.4468099999808146,38.58992799996486,224.126830559912
1789528669,10,,Aggregated,32.800000,0.000000,9,10,10,11,12,13,15,17,22,30,39,49130,0,9,9.390324781112161,2.4468099999808146,38.58992799996486,224.1258497862813
1789528670,10,,Aggregated,33.100000,0.000000,9,10,10,11,12,13,15,17,22,30,39,49165,0,9,9.390523650687282,2.4468099999808146,38.58992799996486,224.12586189362352
1789528671,10,,Aggregated,33.200000,0.000000,9,10,10,11,12,13,15,17,22,30,39,49194,0,9,9.390334796256436,2.4468099999808146,38.58992799996486,224.1243850876123
1789528672,10,,Aggregated,32.600000,0.000000,9,10,10,11,12,13,15,17,22,30,39,49223,0,9,9.390302065783061,2.4468099999808146,38.58992799996486,224.12579485200007
1789528673,10,,Aggregated,32.300000,0.000000,9,10,10,11,12,13,15,17,22,30,39,49256,0,9,9.390317176710235,2.4468099999808146,38.58992799996486,224.12591359428293
1789528674,10,,Aggregated,32.500000,0.000000,9,10,10,11,12,13,15,17,22,30,39,49285,0,9,9.390011087410755,2.4468099999808146,38.58992799996486,224.1225525007609
1789528675,10,,Aggregated,31.700000,0.000000,9,10,10,11,12,13,15,17,22,30,39,49322,0,9,9.390153000913152,2.4468099999808146,38.58992799996486,224.1206155468148
1789528676,10,,Aggregated,31.600000,0.000000,9,10,10,11,12,13,15,17,22,30,39,49358,0,9,9.390553205985627,2.4468099999808146,38.58992799996486,224.12190526358444
1789528677,10,,Aggregated,31.900000,0.000000,9,10,10,11,12,13,15,17,22,30,39,49389,0,9,9.391196807609761,2.4468099999808146,38.58992799996486,224.12304359270283
1789528678,10,,Aggregated,32.200000,0.000000,9,10,10,11,12,13,15,17,22,30,39,49418,0,9,9.391501782144923,2.4468099999808146,38.58992799996486,224.1224654984014
1789528679,10,,Aggregated,32.500000,0.000000,9,10,10,11,12,13,15,17,22,30,39,49452,0,9,9.392337660439166,2.4468099999808146,38.58992799996486,224.12033891450295
1789528680,10,,Aggregated,32.300000,0.000000,9,10,10,11,12,13,15,17,22,30,39,49481,0,9,9.39224555635573,2.4468099999808146,38.58992799996486,224.11802510054363
1789528681,10,,Aggregated,31.500000,0.000000,9,10,10,11,12,13,15,17,22,30,39,49516,0,9,9.392390897771174,2.4468099999808146,38.58992799996486,224.11527587042573
1789528682,10,,Aggregated,31.900000,0.000000,9,10,10,11,12,13,15,17,22,30,39,49547,0,9,9.393474051083539,2.4468099999808146,38.58992799996486,224.1192605001312
1789528683,10,,Aggregated,31.600000,0.000000,9,10,10,11,12,13,15,17,22,30,39,49580,0,9,9.392759088705843,2.4468099999808146,38.58992799996486,224.116579265833
1789528684,10,,Aggregated,31.700000,0.000000,9,10,10,11,12,13,15,17,22,30,39,49610,0,9,9.392901983532246,2.4468099999808146,38.58992799996486,224.1154807498488
1789528685,10,,Aggregated,32.300000,0.000000,9,10,10,11,12,13,15,17,22,30,39,49640,0,9,9.393414340109475,2.4468099999808146,38.58992799996486,224.11452457695407
1789528686,10,,Aggregated,32.400000,0.000000,9,10,10,11,12,13,15,17,22,30,39,49675,0,9,9.393826029935273,2.4468099999808146,38.58992799996486,224.1117060895823
1789528687,10,,Aggregated,32.400000,0.000000,9,10,10,11,12,13,15,17,22,30,39,49706,0,9,9.393844666519847,2.4468099999808146,38.58992799996486,224.1147748762725
1789528688,10,,Aggregated,32.100000,0.000000,9,10,10,11,12,13,15,17,22,30,39,49738,0,9,9.393923635430356,2.4468099999808146,38.58992799996486,224.11727451847682
1789528689,10,,Aggregated,31.800000,0.000000,9,10,10,11,12,13,15,17,22,30,39,49772,0,9,9.393847400024807,2.4468099999808146,38.58992799996486,224.1131559913204
1789528690,10,,Aggregated,31.400000,0.000000,9,10,10,11,12,13,15,17,22,30,39,49803,0,9,9.394044834066925,2.4468099999808146,38.58992799996486,224.11159970282915
1789528691,10,,Aggregated,31.900000,0.000000,9,10,10,11,12,13,15,17,22,30,39,49835,0,9,9.39398556634964,2.4468099999808146,38.58992799996486,224.1113474465737
1789528692,10,,Aggregated,31.900000,0.000000,9,10,10,11,12,13,15,17,22,30,39,49865,0,9,9.393898411491703,2.4468099999808146,38.58992799996486,224.11491025769578
1789528693,10,,Aggregated,32.000000,0.000000,9,10,10,11,12,13,15,17,22,30,39,49898,0,9,9.394078113351913,2.4468099999808146,38.58992799996486,224.1142129945088
1789528694,10,,Aggregated,32.000000,0.000000,9,10,10,11,12,13,15,17,22,30,39,49926,0,9,9.394412525077783,2.4468099999808146,38.58992799996486,224.11324760645755
1789528695,10,,Aggregated,32.000000,0.000000,9,10,10,11,12,13,15,17,22,30,39,49960,0,9,9.394274719676412,2.4468099999808146,38.58992799996486,224.11565252201763
1789528696,10,,Aggregated,31.600000,0.000000,9,10,10,11,12,13,15,17,22,30,39,49994,0,9,9.394213968176834,2.4468099999808146,38.58992799996486,224.10981317758132
1789528697,10,,Aggregated,31.600000,0.000000,9,10,10,11,12,13,15,17,22,29,39,50028,0,9,9.394290788858903,2.4468099999808146,38.58992799996486,224.11025825537698
1789528698,10,,Aggregated,31.700000,0.000000,9,10,10,11,12,13,15,17,22,29,39,50064,0,9,9.393870830138074,2.4468099999808146,38.58992799996486,224.11249600511346
1789528699,10,,Aggregated,31.700000,0.000000,9,10,10,11,12,13,15,17,22,29,39,50097,0,9,9.393823574825495,2.4468099999808146,38.58992799996486,224.11355969419327
1789528700,10,,Aggregated,32.200000,0.000000,9,10,10,11,12,13,15,17,22,29,39,50132,0,9,9.39398898892989,2.4468099999808146,38.58992799996486,224.1162929865156
1789528701,10,,Aggregated,32.500000,0.000000,9,10,10,11,12,13,15,17,22,29,39,50164,0,9,9.394200555538504,2.4468099999808146,38.58992799996486,224.12136193286022
1789528702,10,,Aggregated,32.500000,0.000000,9,10,10,11,12,13,15,17,22,29,39,50195,0,9,9.394292420939003,2.4468099999808146,38.58992799996486,224.11883653750374
1789528703,10,,Aggregated,32.900000,0.000000,9,10,10,11,12,13,15,17,22,29,39,50229,0,9,9.394428707679511,2.4468099999808146,38.58992799996486,224.11666567122577
1789528704,10,,Aggregated,32.900000,0.000000,9,10,10,11,12,13,15,17,22,29,39,50259,0,9,9.394049236336457,2.4468099999808146,38.58992799996486,224.11830716886527
1789528705,10,,Aggregated,32.600000,0.000000,9,10,10,11,12,13,15,17,22,29,39,50293,0,9,9.394726991371236,2.4468099999808146,38.58992799996486,224.11609965601573
1789528707,10,,Aggregated,33.100000,0.000000,9,10,10,11,12,13,15,17,22,29,39,50325,0,9,9.39438780848552,2.4468099999808146,38.58992799996486,224.11854942871335
1789528708,10,,Aggregated,33.100000,0.000000,9,10,10,11,12,13,15,17,22,29,39,50358,0,9,9.394092873565928,2.4468099999808146,38.58992799996486,224.11757814051393
1789528709,10,,Aggregated,33.200000,0.000000,9,10,10,11,12,13,15,17,22,29,39,50388,0,9,9.394006395987793,2.4468099999808146,38.58992799996486,224.1156624593157
1789528710,10,,Aggregated,33.000000,0.000000,9,10,10,11,12,13,15,17,22,29,39,50420,0,9,9.393798852777337,2.4468099999808146,38.58992799996486,224.11545021816738
1789528711,10,,Aggregated,32.900000,0.000000,9,10,10,11,12,13,15,17,22,29,39,50452,0,9,9.39356687982704,2.4468099999808146,38.58992799996486,224.11611036232458
1789528712,10,,Aggregated,32.200000,0.000000,9,10,10,11,12,13,15,17,22,29,39,50486,0,9,9.393804538684659,2.4468099999808146,38.58992799996486,224.11743849780137
1789528713,10,,Aggregated,32.200000,0.000000,9,10,10,11,12,13,15,17,22,29,39,50522,0,9,9.393718373540908,2.4468099999808146,38.58992799996486,224.1133169708246
1789528714,10,,Aggregated,31.900000,0.000000,9,10,10,11,12,13,15,17,22,29,39,50552,0,9,9.39364657283656,2.4468099999808146,38.58992799996486,224.11595980376643
1789528715,10,,Aggregated,32.700000,0.000000,9,10,10,11,12,13,15,17,22,29,39,50585,0,9,9.393705996007403,2.4468099999808146,38.58992799996486,224.11865177424139
1789528716,10,,Aggregated,32.700000,0.000000,9,10,10,11,12,13,15,17,22,29,39,50614,0,9,9.393847482752482,2.4468099999808146,38.58992799996486,224.11888015173668
1789528717,10,,Aggregated,32.300000,0.000000,9,10,10,11,12,13,15,17,22,29,39,50644,0,9,9.393890705849348,2.4468099999808146,38.58992799996486,224.11691414580207
1789528718,10,,Aggregated,32.100000,0.000000,9,10,10,11,12,13,15,17,22,29,39,50680,0,9,9.393474517680223,2.4468099999808146,38.58992799996486,224.11558800315706
1789528719,10,,Aggregated,31.900000,0.000000,9,10,10,11,12,13,15,17,22,29,39,50715,0,9,9.39321647745309,2.4468099999808146,38.58992799996486,224.1172631371389
1789528720,10,,Aggregated,31.900000,0.000000,9,10,10,11,12,13,15,17,22,29,39,50743,0,9,9.393196526615158,2.4468099999808146,38.58992799996486,224.11447884437263
1789528721,10,,Aggregated,32.600000,0.000000,9,10,10,11,12,13,15,17,22,29,39,50775,0,9,9.39316139111833,2.4468099999808146,38.58992799996486,224.11692762186115
1789528722,10,,Aggregated,32.100000,0.000000,9,10,10,11,12,13,15,17,22,29,39,50810,0,9,9.393042785948316,2.4468099999808146,38.58992799996486,224.12052745522536
1789528723,10,,Aggregated,32.100000,0.000000,9,10,10,11,12,13,15,17,22,29,39,50838,0,9,9.392653293285212,2.4468099999808146,38.58992799996486,224.1205397537275
1789528724,10,,Aggregated,32.300000,0.000000,9,10,10,11,12,13,15,17,22,29,39,50869,0,9,9.392748437772195,2.4468099999808146,38.58992799996486,224.1190508954373
1789528725,10,,Aggregated,32.300000,0.000000,9,10,10,11,12,13,15,17,22,29,39,50898,0,9,9.392248831781881,2.4468099999808146,38.58992799996486,224.12039765806122
1789528726,10,,Aggregated,31.600000,0.000000,9,10,10,11,12,13,15,17,22,29,39,50931,0,9,9.392481148966906,2.4468099999808146,38.58992799996486,224.12132100292553
1789528727,10,,Aggregated,31.500000,0.000000,9,10,10,11,12,13,15,17,22,29,39,50962,0,9,9.39273679535799,2.4468099999808146,38.58992799996486,224.12332718496134
1789528728,10,,Aggregated,31.500000,0.000000,9,10,10,11,12,13,15,17,22,29,39,50992,0,9,9.392691915438379,2.4468099999808146,38.58992799996486,224.1214308126765
1789528729,10,,Aggregated,31.700000,0.000000,9,10,10,11,12,13,15,17,22,29,39,51026,0,9,9.39295231154771,2.4468099999808146,38.58992799996486,224.11927252773097
1789528730,10,,Aggregated,31.500000,0.000000,9,10,10,11,12,13,15,17,22,29,39,51058,0,9,9.392998931274892,2.4468099999808146,38.58992799996486,224.11633828195386
1789528731,10,,Aggregated,30.800000,0.000000,9,10,10,11,12,13,15,17,22,29,39,51089,0,9,9.39357884830458,2.4468099999808146,38.58992799996486,224.11301845798508
1789528732,10,,Aggregated,31.500000,0.000000,9,10,10,11,12,13,15,17,22,29,39,51121,0,9,9.393682894212402,2.4468099999808146,38.58992799996486,224.11011130455194
1789528733,10,,Aggregated,31.500000,0.000000,9,10,10,11,12,13,15,17,22,29,39,51152,0,9,9.39404751831858,2.4468099999808146,38.58992799996486,224.11127619643415
1789528734,10,,Aggregated,30.900000,0.000000,9,10,10,11,12,13,15,17,22,29,39,51180,0,9,9.394708109086205,2.4468099999808146,38.58992799996486,224.11031652989448
1789528735,10,,Aggregated,31.300000,0.000000,9,10,10,11,12,13,15,17,22,29,39,51213,0,9,9.394931261418638,2.4468099999808146,38.58992799996486,224.11311581043876
1789528736,10,,Aggregated,31.100000,0.000000,9,10,10,11,12,13,15,17,22,29,39,51247,0,9,9.395176413800469,2.4468099999808146,38.58992799996486,224.1118699631198
1789528737,10,,Aggregated,31.400000,0.000000,9,10,10,11,12,13,15,17,22,29,39,51279,0,9,9.39522445535272,2.4468099999808146,38.58992799996486,224.1115466370249
1789528738,10,,Aggregated,31.700000,0.000000,9,10,10,11,12,13,15,17,22,29,39,51310,0,9,9.395002998051673,2.4468099999808146,38.58992799996486,224.11475345936464
1789528739,10,,Aggregated,31.700000,0.000000,9,10,10,11,12,13,15,17,22,29,39,51341,0,9,9.39497259533378,2.4468099999808146,38.58992799996486,224.11406088701037
1789528740,10,,Aggregated,31.400000,0.000000,9,10,10,11,12,13,15,17,22,29,39,51373,0,9,9.394678337999178,2.4468099999808146,38.58992799996486,224.112062756701
1789528741,10,,Aggregated,31.900000,0.000000,9,10,10,11,12,13,15,17,22,29,39,51406,0,9,9.394218246469903,2.4468099999808146,38.58992799996486,224.10858654631755
1789528742,10,,Aggregated,31.500000,0.000000,9,10,10,11,12,13,15,17,22,29,39,51434,0,9,9.39475697346177,2.4468099999808146,38.58992799996486,224.1024614068515
1789528743,10,,Aggregated,31.500000,0.000000,9,10,10,11,12,13,15,17,22,29,39,51468,0,9,9.39524213798927,2.4468099999808146,38.58992799996486,224.10212170669155
1789528744,10,,Aggregated,31.600000,0.000000,9,10,10,11,12,13,15,17,22,29,39,51504,0,9,9.39510216711385,2.4468099999808146,38.58992799996486,224.0990796831314
1789528745,10,,Aggregated,31.800000,0.000000,9,10,10,11,12,13,15,17,22,29,39,51537,0,9,9.395244023808763,2.4468099999808146,38.58992799996486,224.09472805945242
1789528746,10,,Aggregated,31.900000,0.000000,9,10,10,11,12,13,15,17,22,29,39,51571,0,9,9.395116509628139,2.4468099999808146,38.58992799996486,224.0993775571542
1789528747,10,,Aggregated,32.000000,0.000000,9,10,10,11,12,13,15,17,22,29,39,51605,0,9,9.395310457940738,2.4468099999808146,38.58992799996486,224.09805251429125
1789528748,10,,Aggregated,32.000000,0.000000,9,10,10,11,12,13,15,17,22,29,39,51639,0,9,9.394834650187487,2.4468099999808146,38.58992799996486,224.10035051027324
1789528749,10,,Aggregated,32.500000,0.000000,9,10,10,11,12,13,15,17,22,29,39,51668,0,9,9.39478853830286,2.4468099999808146,38.58992799996486,224.10251993496942
1789528750,10,,Aggregated,32.700000,0.000000,9,10,10,11,12,13,15,17,22,29,39,51699,0,9,9.394499775663586,2.4468099999808146,38.58992799996486,224.10617226638814
1789528751,10,,Aggregated,32.400000,0.000000,9,10,10,11,12,13,15,17,22,29,39,51733,0,9,9.39476350635052,2.4468099999808146,38.58992799996486,224.10654707826725
1789528752,10,,Aggregated,32.500000,0.000000,9,10,10,11,12,13,15,17,22,29,39,51765,0,9,9.394867470202483,2.4468099999808146,38.58992799996486,224.10539940113978
1789528753,10,,Aggregated,32.700000,0.000000,9,10,10,11,12,13,15,17,22,29,39,51796,0,9,9.39502049679572,2.4468099999808146,38.58992799996486,224.10473781759208
1789528754,10,,Aggregated,33.000000,0.000000,9,10,10,11,12,13,15,17,22,29,39,51828,0,9,9.395314876843239,2.4468099999808146,38.58992799996486,224.10527128193254
1789528755,10,,Aggregated,32.400000,0.000000,9,10,10,11,12,13,15,17,22,29,39,51856,0,9,9.394999411794789,2.4468099999808146,38.58992799996486,224.10513730330146
1789528756,10,,Aggregated,32.200000,0.000000,9,10,10,11,12,13,15,17,22,29,39,51888,0,9,9.39478375826841,2.4468099999808146,38.58992799996486,224.10740440949738
1789528757,10,,Aggregated,32.000000,0.000000,9,10,10,11,12,13,15,17,22,29,39,51921,0,9,9.394782450242328,2.4468099999808146,38.58992799996486,224.10920436817472
1789528758,10,,Aggregated,31.600000,0.000000,9,10,10,11,12,13,15,17,22,29,39,51953,0,9,9.394818635844551,2.4468099999808146,38.58992799996486,224.10984928685542
1789528759,10,,Aggregated,31.600000,0.000000,9,10,10,11,12,13,15,17,22,29,39,51990,0,9,9.39478500217411,2.4468099999808146,38.58992799996486,224.11229082515868
1789528760,10,,Aggregated,31.700000,0.000000,9,10,10,11,12,13,15,17,22,29,39,52022,0,9,9.394178007382111,2.4468099999808146,38.58992799996486,224.11106839414094
1789528761,10,,Aggregated,31.800000,0.000000,9,10,10,11,12,13,15,17,22,29,39,52054,0,9,9.394069856476586,2.4468099999808146,38.58992799996486,224.1089829792139
1789528762,10,,Aggregated,32.100000,0.000000,9,10,10,11,12,13,15,17,22,29,39,52092,0,9,9.393944057053545,2.4468099999808146,38.58992799996486,224.11178299930893
1789528763,10,,Aggregated,32.100000,0.000000,9,10,10,11,12,13,15,17,22,29,39,52124,0,9,9.395052995684006,2.4468099999808146,38.58992799996486,224.10966157624128
1789528764,10,,Aggregated,32.400000,0.000000,9,10,10,11,12,13,15,17,22,29,39,52153,0,9,9.395029027400803,2.4468099999808146,38.58992799996486,224.1100032596399
1789528765,10,,Aggregated,33.100000,0.000000,9,10,10,11,12,13,15,17,22,29,39,52184,0,9,9.395106543347282,2.4468099999808146,38.58992799996486,224.1119883489192
1789528766,10,,Aggregated,32.800000,0.000000,9,10,10,11,12,13,15,17,22,29,39,52217,0,9,9.395056101097989,2.4468099999808146,38.58992799996486,224.11117069153724
1789528767,10,,Aggregated,32.700000,0.000000,9,10,10,11,12,13,15,17,22,29,39,52251,0,9,9.395366570994486,2.4468099999808146,38.58992799996486,224.11331840538938
1789528768,10,,Aggregated,32.800000,0.000000,9,10,10,11,12,13,15,17,22,29,39,52281,0,9,9.39502342872236,2.4468099999808146,38.58992799996486,224.11313861632334
1789528769,10,,Aggregated,32.700000,0.000000,9,10,10,11,12,13,15,17,22,29,39,52311,0,9,9.39484528477821,2.4468099999808146,38.58992799996486,224.11823517042305
1789528770,10,,Aggregated,32.600000,0.000000,9,10,10,11,12,13,15,17,22,29,39,52345,0,9,9.394849582252995,2.4468099999808146,38.58992799996486,224.116935714968
1789528771,10,,Aggregated,32.300000,0.000000,9,10,10,11,12,13,15,17,22,29,39,52380,0,9,9.39525724763332,2.4468099999808146,38.58992799996486,224.1151775486827
1789528772,10,,Aggregated,32.200000,0.000000,9,10,10,11,12,13,15,17,22,29,39,52412,0,9,9.395102908208685,2.4468099999808146,38.58992799996486,224.11575593375562
1789528773,10,,Aggregated,32.100000,0.000000,9,10,10,11,12,13,15,17,22,29,39,52443,0,9,9.395326251569022,2.4468099999808146,38.58992799996486,224.11780409206185
1789528774,10,,Aggregated,31.900000,0.000000,9,10,10,11,12,13,15,17,22,29,39,52478,0,9,9.395445548954491,2.4468099999808146,38.58992799996486,224.11858302526772
1789528775,10,,Aggregated,31.400000,0.000000,9,10,10,11,12,13,15,17,22,29,39,52510,0,9,9.395381004076048,2.4468099999808146,38.58992799996486,224.11832031993907
1789528776,10,,Aggregated,32.500000,0.000000,9,10,10,11,12,13,15,17,22,29,39,52546,0,9,9.394726601968413,2.4468099999808146,38.58992799996486,224.11686902904123
1789528777,10,,Aggregated,32.500000,0.000000,9,10,10,11,12,13,15,17,22,29,39,52583,0,9,9.395028393682985,2.4468099999808146,38.58992799996486,224.1148089686781
1789528778,10,,Aggregated,33.100000,0.000000,9,10,10,11,12,13,15,17,22,29,39,52614,0,9,9.394624164196449,2.4468099999808146,38.58992799996486,224.11590071083742
1789528779,10,,Aggregated,33.100000,0.000000,9,10,10,11,12,13,15,17,22,29,39,52643,0,9,9.39459507442647,2.4468099999808146,38.58992799996486,224.11623577683642
1789528780,10,,Aggregated,33.000000,0.000000,9,10,10,11,12,13,15,17,22,29,39,52674,0,9,9.394592066826752,2.4468099999808146,38.58992799996486,224.11555985875384
1789528781,10,,Aggregated,33.100000,0.000000,9,10,10,11,12,13,15,17,22,29,39,52711,0,9,9.395220624689966,2.4468099999808146,38.58992799996486,224.1111153269716
1789528782,10,,Aggregated,32.900000,0.000000,9,10,10,11,12,13,15,17,22,29,39,52744,0,9,9.394969223343569,2.4468099999808146,38.58992799996486,224.11036326406796
1789528783,10,,Aggregated,33.000000,0.000000,9,10,10,11,12,13,15,17,22,29,39,52773,0,9,9.39469212023258,2.4468099999808146,38.58992799996486,224.11073844579616
1789528784,10,,Aggregated,33.000000,0.000000,9,10,10,11,12,13,15,17,22,29,39,52804,0,9,9.393951388115182,2.4468099999808146,38.58992799996486,224.11277554730702
1789528785,10,,Aggregated,33.000000,0.000000,9,10,10,11,12,13,15,17,22,29,39,52835,0,9,9.393717667115224,2.4468099999808146,38.58992799996486,224.11558625910854
1789528786,10,,Aggregated,32.500000,0.000000,9,10,10,11,12,13,15,17,22,29,39,52868,0,9,9.394129754483478,2.4468099999808146,38.58992799996486,224.1138306726186
1789528787,10,,Aggregated,32.400000,0.000000,9,10,10,11,12,13,15,17,22,29,39,52900,0,9,9.39400085561497,2.4468099999808146,38.58992799996486,224.11187145557656
1789528788,10,,Aggregated,32.100000,0.000000,9,10,10,11,12,13,15,17,22,29,39,52933,0,9,9.393822113124736,2.4468099999808146,38.58992799996486,224.11454102355808
1789528789,10,,Aggregated,32.100000,0.000000,9,10,10,11,12,13,15,17,22,29,39,52968,0,9,9.393657622187584,2.4468099999808146,38.58992799996486,224.1136535266576
1789528790,10,,Aggregated,32.000000,0.000000,9,10,10,11,12,13,15,17,22,29,39,52997,0,9,9.393668602959258,2.4468099999808146,38.58992799996486,224.11230824386286
1789528791,10,,Aggregated,32.500000,0.000000,9,10,10,11,12,13,15,17,22,29,39,53034,0,9,9.393027629370449,2.4468099999808146,38.58992799996486,224.11396462646604
1789528792,10,,Aggregated,32.200000,0.000000,9,10,10,11,12,13,15,17,22,29,39,53071,0,9,9.393541071697015,2.4468099999808146,38.58992799996486,224.1103615910761
1789528793,10,,Aggregated,32.300000,0.000000,9,10,10,11,12,13,15,17,22,29,39,53105,0,9,9.39350629857891,2.4468099999808146,38.58992799996486,224.11081819037756
1789528794,10,,Aggregated,32.800000,0.000000,9,10,10,11,12,13,15,17,22,29,39,53139,0,9,9.393614762660793,2.4468099999808146,38.58992799996486,224.1129302395604
1789528795,10,,Aggregated,33.300000,0.000000,9,10,10,11,12,13,15,17,22,29,39,53170,0,9,9.393868094113834,2.4468099999808146,38.58992799996486,224.1115478653376
1789528796,10,,Aggregated,33.400000,0.000000,9,10,10,11,12,13,15,17,22,29,39,53203,0,9,9.394625168957244,2.4468099999808146,38.58992799996486,224.11343345300077
1789528797,10,,Aggregated,33.500000,0.000000,9,10,10,11,12,13,15,17,22,29,39,53232,0,9,9.394595444244684,2.4468099999808146,38.58992799996486,224.11553201082057
1789528798,10,,Aggregated,33.200000,0.000000,9,10,10,11,12,13,15,17,22,29,39,53264,0,9,9.39490671395376,2.4468099999808146,38.58992799996486,224.11270276359267
1789528799,10,,Aggregated,32.900000,0.000000,9,10,10,11,12,13,15,17,22,29,39,53295,0,9,9.394768448992087,2.4468099999808146,38.58992799996486,224.11635237827187
1789528800,10,,Aggregated,32.800000,0.000000,9,10,10,11,12,13,15,17,22,29,39,53328,0,9,9.394769186281769,2.4468099999808146,38.58992799996486,224.11652415241525
1789528801,10,,Aggregated,32.500000,0.000000,9,10,10,11,12,13,15,17,22,29,39,53358,0,9,9.394534742269844,2.4468099999808146,38.58992799996486,224.11732073915815
1789528802,10,,Aggregated,32.700000,0.000000,9,10,10,11,12,13,15,17,22,29,39,53396,0,9,9.394935137164493,2.4468099999808146,38.58992799996486,224.11753689414937
1789528803,10,,Aggregated,32.400000,0.000000,9,10,10,11,12,13,15,17,22,29,39,53427,0,9,9.39499369713881,2.4468099999808146,38.58992799996486,224.11524135736613
1789528804,10,,Aggregated,32.100000,0.000000,9,10,10,11,12,13,15,17,22,29,39,53462,0,9,9.395109930792618,2.4468099999808146,38.58992799996486,224.1109573154764
1789528805,10,,Aggregated,32.000000,0.000000,9,10,10,11,12,13,15,17,22,29,39,53495,0,9,9.395221955921754,2.4468099999808146,38.58992799996486,224.10758014767734
1789528806,10,,Aggregated,31.900000,0.000000,9,10,10,11,12,13,15,17,22,29,39,53526,0,9,9.395247843908248,2.4468099999808146,38.58992799996486,224.11379516496655
1789528807,10,,Aggregated,32.200000,0.000000,9,10,10,11,12,13,15,17,22,29,39,53560,0,9,9.39499933933969,2.4468099999808146,38.58992799996486,224.1150298730396
1789528808,10,,Aggregated,32.400000,0.000000,9,10,10,11,12,13,15,17,22,29,39,53590,0,9,9.394682257100836,2.4468099999808146,38.58992799996486,224.11317409964545
1789528809,10,,Aggregated,32.400000,0.000000,9,10,10,11,12,13,15,17,22,29,39,53621,0,9,9.394527835680675,2.4468099999808146,38.58992799996486,224.10928554111263
1789528810,10,,Aggregated,32.400000,0.000000,9,10,10,11,12,13,15,17,22,29,39,53649,0,9,9.395063020727932,2.4468099999808146,38.58992799996486,224.10749501388656
1789528811,10,,Aggregated,32.200000,0.000000,9,10,10,11,12,13,15,17,22,29,39,53678,0,9,9.395070398394752,2.4468099999808146,38.58992799996486,224.1061328663512
1789528812,10,,Aggregated,32.300000,0.000000,9,10,10,11,12,13,15,17,22,29,39,53708,0,9,9.395017067960698,2.4468099999808146,38.58992799996486,224.10525433827362
1789528813,10,,Aggregated,32.000000,0.000000,9,10,10,11,12,13,15,17,22,29,39,53743,0,9,9.394758268500691,2.4468099999808146,38.58992799996486,224.10516718456358
1789528814,10,,Aggregated,31.300000,0.000000,9,10,10,11,12,13,15,17,22,29,39,53778,0,9,9.394571721522418,2.4468099999808146,38.58992799996486,224.10353676224477
1789528815,10,,Aggregated,31.400000,0.000000,9,10,10,11,12,13,15,17,22,29,39,53813,0,9,9.394737648524197,2.4468099999808146,38.58992799996486,224.10536487465853
1789528816,10,,Aggregated,31.200000,0.000000,9,10,10,11,12,13,15,17,22,29,39,53846,0,9,9.39486513603671,2.4468099999808146,38.58992799996486,224.1054674441927
1789528817,10,,Aggregated,31.600000,0.000000,9,10,10,11,12,13,15,17,22,29,39,53881,0,9,9.396054318220388,2.4468099999808146,38.58992799996486,224.1062155490804
1789528818,10,,Aggregated,31.700000,0.000000,9,10,10,11,12,13,15,17,22,29,39,53914,0,9,9.39668146012227,2.4468099999808146,38.58992799996486,224.11139963645806
1789528819,10,,Aggregated,32.100000,0.000000,9,10,10,11,12,13,15,17,22,29,39,53946,0,9,9.396566626719913,2.4468099999808146,38.58992799996486,224.11035109183257
1789528820,10,,Aggregated,32.400000,0.000000,9,10,10,11,12,13,15,17,22,29,39,53974,0,9,9.396640866788314,2.4468099999808146,38.58992799996486,224.11624115314783
1789528821,10,,Aggregated,32.700000,0.000000,9,10,10,11,12,13,15,17,22,29,39,54008,0,9,9.396788362965356,2.4468099999808146,38.58992799996486,224.11492741816028
1789528822,10,,Aggregated,32.600000,0.000000,9,10,10,11,12,13,15,17,22,29,39,54040,0,9,9.396682830940653,2.4468099999808146,38.58992799996486,224.11302738712064
1789528823,10,,Aggregated,32.800000,0.000000,9,10,10,11,12,13,15,17,22,29,39,54073,0,9,9.395951098349146,2.4468099999808146,38.58992799996486,224.10964806835204
1789528824,10,,Aggregated,32.900000,0.000000,9,10,10,11,12,13,15,17,22,29,39,54105,0,9,9.396093117808572,2.4468099999808146,38.58992799996486,224.10932446169485
1789528825,10,,Aggregated,32.700000,0.000000,9,10,10,11,12,13,15,17,22,29,39,54138,0,9,9.396590246814295,2.4468099999808146,38.58992799996486,224.1103106875023
1789528826,10,,Aggregated,33.100000,0.000000,9,10,10,11,12,13,15,17,22,29,39,54172,0,9,9.396848638928441,2.4468099999808146,38.58992799996486,224.10900465184966
1789528827,10,,Aggregated,32.700000,0.000000,9,10,10,11,12,13,15,17,22,29,39,54200,0,9,9.396637055554084,2.4468099999808146,38.58992799996486,224.11147601476014
1789528828,10,,Aggregated,32.300000,0.000000,9,10,10,11,12,13,15,17,22,29,39,54237,0,9,9.396962286815851,2.4468099999808146,38.58992799996486,224.10885557829525
1789528829,10,,Aggregated,32.000000,0.000000,9,10,10,11,12,13,15,17,22,29,39,54267,0,9,9.396633590285655,2.4468099999808146,38.58992799996486,224.10870326349348
1789528830,10,,Aggregated,32.300000,0.000000,9,10,10,11,12,13,15,17,22,29,39,54301,0,9,9.396777086628822,2.4468099999808146,38.58992799996486,224.10749341632751
1789528831,10,,Aggregated,31.900000,0.000000,9,10,10,11,12,13,15,17,22,29,39,54330,0,9,9.397303498877813,2.4468099999808146,38.58992799996486,224.1078961899503
1789528832,10,,Aggregated,32.300000,0.000000,9,10,10,11,12,13,15,17,22,29,39,54361,0,9,9.397337760656203,2.4468099999808146,38.58992799996486,224.10639980868638
1789528833,10,,Aggregated,32.200000,0.000000,9,10,10,11,12,13,15,17,22,29,39,54395,0,9,9.397436586617003,2.4468099999808146,38.58992799996486,224.10611269418146
1789528834,10,,Aggregated,32.500000,0.000000,9,10,10,11,12,13,15,17,22,29,39,54427,0,9,9.39716997795271,2.4468099999808146,38.58992799996486,224.10671174233377
1789528835,10,,Aggregated,32.300000,0.000000,9,10,10,11,12,13,15,17,22,29,39,54456,0,9,9.397886310765225,2.4468099999808146,38.58992799996486,224.10707727339502
1789528836,10,,Aggregated,32.100000,0.000000,9,10,10,11,12,13,15,17,22,29,39,54489,0,9,9.397458027584115,2.4468099999808146,38.58992799996486,224.10804015489364
1789528837,10,,Aggregated,31.500000,0.000000,9,10,10,11,12,13,15,17,22,29,39,54519,0,9,9.398107666630535,2.4468099999808146,38.58992799996486,224.10785230836956
1789528838,10,,Aggregated,31.800000,0.000000,9,10,10,11,12,13,15,17,22,29,39,54553,0,9,9.398071512309667,2.4468099999808146,38.58992799996486,224.10655692629186
1789528839,10,,Aggregated,31.900000,0.000000,9,10,10,11,12,13,15,17,22,29,39,54586,0,9,9.397903257868856,2.4468099999808146,38.58992799996486,224.1061627523541
1789528840,10,,Aggregated,31.600000,0.000000,9,10,10,11,12,13,15,17,22,29,39,54619,0,9,9.397710067834074,2.4468099999808146,38.58992799996486,224.10957725333674
1789528841,10,,Aggregated,31.500000,0.000000,9,10,10,11,12,13,15,17,22,29,39,54653,0,9,9.398699219384648,2.4468099999808146,38.58992799996486,224.1042943662745
1789528842,10,,Aggregated,31.500000,0.000000,9,10,10,11,12,13,15,17,22,29,39,54686,0,9,9.398677314084582,2.4468099999808146,38.58992799996486,224.1077423837911
1789528843,10,,Aggregated,32.000000,0.000000,9,10,10,11,12,13,15,17,22,29,39,54721,0,9,9.398539902560788,2.4468099999808146,38.58992799996486,224.1069607646059
1789528844,10,,Aggregated,32.200000,0.000000,9,10,10,11,12,13,15,17,22,29,39,54748,0,9,9.398894424527457,2.4468099999808146,38.58992799996486,224.10995835464308
1789528845,10,,Aggregated,32.200000,0.000000,9,10,10,11,12,13,15,17,22,29,39,54783,0,9,9.39952122625686,2.4468099999808146,38.58992799996486,224.1134476023584
1789528846,10,,Aggregated,32.100000,0.000000,9,10,10,11,12,13,15,17,22,29,39,54814,0,9,9.399627195607497,2.4468099999808146,38.58992799996486,224.11537198525923
1789528847,10,,Aggregated,32.300000,0.000000,9,10,10,11,12,13,15,17,22,29,39,54842,0,9,9.399697549743426,2.4468099999808146,38.58992799996486,224.11542248641553
1789528848,10,,Aggregated,32.400000,0.000000,9,10,10,11,12,13,15,17,22,29,39,54874,0,9,9.399750912618527,2.4468099999808146,38.58992799996486,224.11852607792397
1789528849,10,,Aggregated,32.200000,0.000000,9,10,10,11,12,13,15,17,22,29,39,54905,0,9,9.399447398689182,2.4468099999808146,38.58992799996486,224.12038976413805
1789528850,10,,Aggregated,31.900000,0.000000,9,10,10,11,12,13,15,17,22,29,39,54943,0,9,9.399580324282054,2.4468099999808146,38.58992799996486,224.11724878510455
1789528851,10,,Aggregated,32.100000,0.000000,9,10,10,11,12,13,15,17,22,29,39,54971,0,9,9.399683596005687,2.4468099999808146,38.58992799996486,224.11815320805516
1789528852,10,,Aggregated,31.900000,0.000000,9,10,10,11,12,13,15,17,22,29,39,55007,0,9,9.399449241842486,2.4468099999808146,38.58992799996486,224.11598523824242
1789528853,10,,Aggregated,32.100000,0.000000,9,10,10,11,12,13,15,17,22,29,39,55044,0,9,9.400035959360322,2.4468099999808146,38.58992799996486,224.1183598575685
1789528854,10,,Aggregated,31.800000,0.000000,9,10,10,11,12,13,15,17,22,29,39,55077,0,9,9.399412973619285,2.4468099999808146,38.58992799996486,224.11765346696444
1789528855,10,,Aggregated,32.300000,0.000000,9,10,10,11,12,13,15,17,22,29,39,55103,0,9,9.399354266973296,2.4468099999808146,38.58992799996486,224.11362357766365
1789528856,10,,Aggregated,32.500000,0.000000,9,10,10,11,12,13,15,17,22,29,39,55135,0,9,9.399451555527882,2.4468099999808146,38.58992799996486,224.11589734288563
1789528857,10,,Aggregated,32.700000,0.000000,9,10,10,11,12,13,15,17,22,29,39,55169,0,9,9.39985685714858,2.4468099999808146,38.58992799996486,224.11714912360202
1789528858,10,,Aggregated,32.200000,0.000000,9,10,10,11,12,13,15,17,22,29,39,55199,0,9,9.400104426276384,2.4468099999808146,38.58992799996486,224.11708545444665
1789528859,10,,Aggregated,32.100000,0.000000,9,10,10,11,12,13,15,17,22,29,39,55232,0,9,9.400084857782268,2.4468099999808146,38.58992799996486,224.1163455967555
1789528860,10,,Aggregated,32.600000,0.000000,9,10,10,11,12,13,15,17,22,29,39,55264,0,9,9.399614917342761,2.4468099999808146,38.58992799996486,224.11940865663
1789528861,10,,Aggregated,32.600000,0.000000,9,10,10,11,12,13,15,17,22,29,39,55296,0,9,9.399924821108756,2.4468099999808146,38.58992799996486,224.11436631944446
1789528862,10,,Aggregated,32.600000,0.000000,9,10,10,11,12,13,15,17,22,29,39,55328,0,9,9.399890590623745,2.4468099999808146,38.58992799996486,224.1141375072296
1789528863,10,,Aggregated,32.200000,0.000000,9,10,10,11,12,13,15,17,22,29,39,55364,0,9,9.399549028322193,2.4468099999808146,38.58992799996486,224.10784986633914
1789528864,10,,Aggregated,32.200000,0.000000,9,10,10,11,12,13,15,17,22,29,39,55400,0,9,9.3994036053796,2.4468099999808146,38.58992799996486,224.10653429602888
1789528865,10,,Aggregated,31.900000,0.000000,9,10,10,11,12,13,15,17,22,29,39,55433,0,9,9.39953970835117,2.4468099999808146,38.58992799996486,224.10502769108655
1789528866,10,,Aggregated,32.400000,0.000000,9,10,10,11,12,13,15,17,22,29,39,55466,0,9,9.39970155736903,2.4468099999808146,38.58992799996486,224.10337864637796
1789528867,10,,Aggregated,32.500000,0.000000,9,10,10,11,12,13,15,17,22,29,39,55503,0,9,9.40002104727727,2.4468099999808146,38.58992799996486,224.10325567987317
1789528868,10,,Aggregated,32.900000,0.000000,9,10,10,11,12,13,15,17,22,29,39,55536,0,9,9.400186375918864,2.4468099999808146,38.58992799996486,224.10738980121002
1789528869,10,,Aggregated,33.300000,0.000000,9,10,10,11,12,13,15,17,22,29,39,55567,0,9,9.400665382655703,2.4468099999808146,38.58992799996486,224.1068079975525
1789528870,10,,Aggregated,33.400000,0.000000,9,10,10,11,12,13,15,17,22,29,39,55599,0,9,9.400478201065301,2.4468099999808146,38.58992799996486,224.10654867893308
1789528871,10,,Aggregated,33.300000,0.000000,9,10,10,11,12,13,15,17,22,29,39,55631,0,9,9.400218201273209,2.4468099999808146,38.58992799996486,224.1063076342327
1789528872,10,,Aggregated,33.500000,0.000000,9,10,10,11,12,13,15,17,22,29,39,55665,0,9,9.400349847894182,2.4468099999808146,38.58992799996486,224.10520075451362
1789528873,10,,Aggregated,33.500000,0.000000,9,10,10,11,12,13,15,17,22,29,39,55696,0,9,9.399862744093461,2.4468099999808146,38.58992799996486,224.10699152542372
1789528874,10,,Aggregated,33.700000,0.000000,9,10,10,11,12,13,15,17,22,29,39,55728,0,9,9.399732553259208,2.4468099999808146,38.58992799996486,224.10436405397647
1789528875,10,,Aggregated,33.200000,0.000000,9,10,10,11,12,13,15,17,22,29,39,55757,0,9,9.400521883118339,2.4468099999808146,38.58992799996486,224.10404074824686
1789528876,10,,Aggregated,32.500000,0.000000,9,10,10,11,12,13,15,17,22,29,39,55790,0,9,9.400281694210966,2.4468099999808146,38.58992799996486,224.10326223337515
1789528877,10,,Aggregated,32.200000,0.000000,9,10,10,11,12,13,15,17,22,29,39,55822,0,9,9.400127891691989,2.4468099999808146,38.58992799996486,224.10554978323958
1789528878,10,,Aggregated,32.100000,0.000000,9,10,10,11,12,13,15,17,22,29,39,55856,0,9,9.400268337779844,2.4468099999808146,38.58992799996486,224.10194070466915
1789528879,10,,Aggregated,32.100000,0.000000,9,10,10,11,12,13,15,17,22,29,39,55890,0,9,9.400365433691729,2.4468099999808146,38.58992799996486,224.0991769547325
1789528880,10,,Aggregated,31.800000,0.000000,9,10,10,11,12,13,15,17,22,29,39,55927,0,9,9.400988013071162,2.4468099999808146,38.58992799996486,224.0960180234949
1789528881,10,,Aggregated,32.100000,0.000000,9,10,10,11,12,13,15,17,22,29,39,55955,0,9,9.40076495201556,2.4468099999808146,38.58992799996486,224.10086676793853
1789528882,10,,Aggregated,32.300000,0.000000,9,10,10,11,12,13,15,17,22,29,39,55988,0,9,9.400893807262833,2.4468099999808146,38.58992799996486,224.09925341144532
1789528883,10,,Aggregated,32.100000,0.000000,9,10,10,11,12,13,15,17,22,29,39,56024,0,9,9.400749636959718,2.4468099999808146,38.58992799996486,224.0970476938455
1789528884,10,,Aggregated,32.000000,0.000000,9,10,10,11,12,13,15,17,22,29,39,56055,0,9,9.40100445851451,2.4468099999808146,38.58992799996486,224.0940504861297
1789528885,10,,Aggregated,32.600000,0.000000,9,10,10,11,12,13,15,17,22,29,39,56085,0,9,9.4008549824201,2.4468099999808146,38.58992799996486,224.09731657305875
1789528886,10,,Aggregated,32.700000,0.000000,9,10,10,11,12,13,15,17,22,29,39,56117,0,9,9.40084927047118,2.4468099999808146,38.58992799996486,224.0995420282624
1789528887,10,,Aggregated,32.900000,0.000000,9,10,10,11,12,13,15,17,22,29,39,56145,0,9,9.40062682224653,2.4468099999808146,38.58992799996486,224.1043547956185
1789528888,10,,Aggregated,32.600000,0.000000,9,10,10,11,12,13,15,17,22,29,39,56177,0,9,9.400588979654161,2.4468099999808146,38.58992799996486,224.10733930256154
1789528889,10,,Aggregated,32.600000,0.000000,9,10,10,11,12,13,15,17,22,29,39,56206,0,9,9.400538477333944,2.4468099999808146,38.58992799996486,224.10845817172543
1789528890,10,,Aggregated,32.300000,0.000000,9,10,10,11,12,13,15,17,22,29,39,56238,0,9,9.400999806003615,2.4468099999808146,38.58992799996486,224.1114726697251
1789528891,10,,Aggregated,31.900000,0.000000,9,10,10,11,12,13,15,17,22,29,39,56270,0,9,9.401624877626299,2.4468099999808146,38.58992799996486,224.10963213079793
1789528892,10,,Aggregated,31.300000,0.000000,9,10,10,11,12,13,15,17,22,29,39,56301,0,9,9.401596497327432,2.4468099999808146,38.58992799996486,224.11140121845082
1789528893,10,,Aggregated,31.300000,0.000000,9,10,10,11,12,13,15,17,22,29,39,56335,0,9,9.401566331801387,2.4468099999808146,38.58992799996486,224.11591373036302
1789528894,10,,Aggregated,31.200000,0.000000,9,10,10,11,12,13,15,17,22,29,39,56369,0,9,9.401738827778232,2.4468099999808146,38.58992799996486,224.11385690716529
1789528895,10,,Aggregated,30.700000,0.000000,9,10,10,11,12,13,15,17,22,29,39,56401,0,9,9.402003692771952,2.4468099999808146,38.58992799996486,224.11600858140812
1789528896,10,,Aggregated,31.300000,0.000000,9,10,10,11,12,13,15,17,22,29,39,56439,0,9,9.402952622956294,2.4468099999808146,38.58992799996486,224.11297152678114
1789528897,10,,Aggregated,31.500000,0.000000,9,10,10,11,12,13,15,17,22,29,39,56470,0,9,9.403470354294852,2.4468099999808146,38.58992799996486,224.11639808748006
1789528898,10,,Aggregated,32.100000,0.000000,9,10,10,11,12,13,15,17,22,29,39,56503,0,9,9.404908533600526,2.4468099999808146,38.58992799996486,224.1131975293347
1789528899,10,,Aggregated,31.900000,0.000000,9,10,10,11,12,13,15,17,22,29,39,56535,0,9,9.404723340249951,2.4468099999808146,38.58992799996486,224.1146192624038
1789528900,10,,Aggregated,32.200000,0.000000,9,10,10,11,12,13,15,17,22,29,39,56573,0,9,9.405108756474489,2.4468099999808146,38.58992799996486,224.1180598518728
1789528901,10,,Aggregated,32.400000,0.000000,9,10,10,11,12,13,15,17,22,29,39,56601,0,9,9.405008684564425,2.4468099999808146,38.58992799996486,224.11649970848572
1789528902,10,,Aggregated,32.700000,0.000000,9,10,10,11,12,13,15,17,22,29,39,56634,0,9,9.405645135166687,2.4468099999808146,38.58992799996486,224.11429529964332
1789528903,10,,Aggregated,33.600000,0.000000,9,10,10,11,12,13,15,17,22,29,39,56669,0,9,9.405712766521901,2.4468099999808146,38.58992799996486,224.1125483068344
1789528904,10,,Aggregated,33.300000,0.000000,9,10,10,11,12,13,15,17,22,29,39,56700,0,9,9.405842575150434,2.4468099999808146,38.58992799996486,224.11035273368606
1789528905,10,,Aggregated,33.700000,0.000000,9,10,10,11,12,13,15,17,22,29,39,56734,0,9,9.405541562925753,2.4468099999808146,38.58992799996486,224.11162618535622
1789528906,10,,Aggregated,33.500000,0.000000,9,10,10,11,12,13,15,17,22,29,39,56765,0,9,9.405839149141713,2.4468099999808146,38.58992799996486,224.11100149740156
1789528907,10,,Aggregated,33.100000,0.000000,9,10,10,11,12,13,15,17,22,29,39,56797,0,9,9.406202971777187,2.4468099999808146,38.58992799996486,224.10747046498935
1789528908,10,,Aggregated,32.800000,0.000000,9,10,10,11,12,13,15,17,22,29,39,56829,0,9,9.406324728994518,2.4468099999808146,38.58992799996486,224.108008235232
1789528909,10,,Aggregated,32.700000,0.000000,9,10,10,11,12,13,15,17,22,29,39,56861,0,9,9.405900975889093,2.4468099999808146,38.58992799996486,224.10931921703803
1789528910,10,,Aggregated,32.600000,0.000000,9,10,10,11,12,13,15,17,22,29,39,56894,0,9,9.405973043379444,2.4468099999808146,38.58992799996486,224.10625021970682
1789528911,10,,Aggregated,32.900000,0.000000,9,10,10,11,12,13,15,17,22,29,39,56929,0,9,9.40589335447715,2.4468099999808146,38.58992799996486,224.10560522756415
1789528912,10,,Aggregated,32.600000,0.000000,9,10,10,11,12,13,15,17,22,29,39,56960,0,9,9.40593639569926,2.4468099999808146,38.58992799996486,224.1050561797753
1789528913,10,,Aggregated,32.000000,0.000000,9,10,10,11,12,13,15,17,22,29,39,56996,0,9,9.405346558846785,2.4468099999808146,38.58992799996486,224.10462137693872
1789528914,10,,Aggregated,32.900000,0.000000,9,10,10,11,12,13,15,17,22,29,39,57026,0,9,9.405158383772868,2.4468099999808146,38.58992799996486,224.10130466804617
1789528915,10,,Aggregated,32.300000,0.000000,9,10,10,11,12,13,15,17,22,29,39,57058,0,9,9.404858175418566,2.4468099999808146,38.58992799996486,224.09942514634233
1789528916,10,,Aggregated,32.300000,0.000000,9,10,10,11,12,13,15,17,22,29,39,57088,0,9,9.404719337269347,2.4468099999808146,38.58992799996486,224.0979365190583
1789528917,10,,Aggregated,32.300000,0.000000,9,10,10,11,12,13,15,17,22,29,39,57125,0,9,9.404977181794884,2.4468099999808146,38.58992799996486,224.09703282275711
1789528918,10,,Aggregated,32.100000,0.000000,9,10,10,11,12,13,15,17,22,29,39,57158,0,9,9.404728927394805,2.4468099999808146,38.58992799996486,224.09793904615276
1789528919,10,,Aggregated,32.300000,0.000000,9,10,10,11,12,13,15,17,22,29,39,57188,0,9,9.404301061237186,2.4468099999808146,38.58992799996486,224.09391830453941
1789528920,10,,Aggregated,32.600000,0.000000,9,10,10,11,12,13,15,17,22,29,39,57220,0,9,9.40405027245773,2.4468099999808146,38.58992799996486,224.09285214959803
1789528921,10,,Aggregated,32.400000,0.000000,9,10,10,11,12,13,15,17,22,29,39,57253,0,9,9.403976413253996,2.4468099999808146,38.58992799996486,224.09622203203327
1789528922,10,,Aggregated,32.700000,0.000000,9,10,10,11,12,13,15,17,22,29,39,57284,0,9,9.403817269971206,2.4468099999808146,38.58992799996486,224.09568116751623
1789528923,10,,Aggregated,32.600000,0.000000,9,10,10,11,12,13,15,17,22,29,39,57318,0,9,9.403665084546402,2.4468099999808146,38.58992799996486,224.0977528874001
1789528924,10,,Aggregated,31.800000,0.000000,9,10,10,11,12,13,15,17,22,29,39,57348,0,9,9.403763469955898,2.4468099999808146,38.58992799996486,224.0992885540908
1789528925,10,,Aggregated,32.300000,0.000000,9,10,10,11,12,13,15,17,22,29,39,57380,0,9,9.403706345957309,2.4468099999808146,38.58992799996486,224.0958347856396
1789528926,10,,Aggregated,31.900000,0.000000,9,10,10,11,12,13,15,17,22,29,39,57409,0,9,9.403597206013512,2.4468099999808146,38.58992799996486,224.09616959013394
1789528927,10,,Aggregated,32.200000,0.000000,9,10,10,11,12,13,15,17,22,29,39,57441,0,9,9.404227411135405,2.4468099999808146,38.58992799996486,224.09836179732247
1789528928,10,,Aggregated,32.000000,0.000000,9,10,10,11,12,13,15,17,22,29,39,57473,0,9,9.404163850869615,2.4468099999808146,38.58992799996486,224.0973152610791
1789528929,10,,Aggregated,32.100000,0.000000,9,10,10,11,12,13,15,17,22,29,39,57503,0,9,9.404557094569498,2.4468099999808146,38.58992799996486,224.10110776829035
1789528930,10,,Aggregated,31.700000,0.000000,9,10,10,11,12,13,15,17,22,29,39,57537,0,9,9.404416390514463,2.4468099999808146,38.58992799996486,224.10395050141648
1789528931,10,,Aggregated,31.700000,0.000000,9,10,10,11,12,13,15,17,22,29,39,57564,0,9,9.40441575359652,2.4468099999808146,38.58992799996486,224.10438815926622
1789528932,10,,Aggregated,31.300000,0.000000,9,10,10,11,12,13,15,17,22,29,39,57594,0,9,9.404165011824665,2.4468099999808146,38.58992799996486,224.09947216723964
1789528933,10,,Aggregated,31.100000,0.000000,9,10,10,11,12,13,15,17,22,29,39,57628,0,9,9.404598130180288,2.4468099999808146,38.58992799996486,224.1014784479767
1789528934,10,,Aggregated,31.200000,0.000000,9,10,10,11,12,13,15,17,22,29,39,57662,0,9,9.40461211650705,2.4468099999808146,38.58992799996486,224.1018521730082
1789528935,10,,Aggregated,31.200000,0.000000,9,10,10,11,12,13,15,17,22,29,39,57695,0,9,9.40516584997019,2.4468099999808146,38.58992799996486,224.10427246728486
1789528936,10,,Aggregated,31.200000,0.000000,9,10,10,11,12,13,15,17,22,29,39,57728,0,9,9.40584115373875,2.4468099999808146,38.58992799996486,224.1004365299335
