Timestamp,User Count,Type,Name,Requests/s,Failures/s,50%,66%,75%,80%,90%,95%,98%,99%,99.9%,99.99%,100%,Total Request Count,Total Failure Count,Total Median Response Time,Total Average Response Time,Total Min Response Time,Total Max Response Time,Total Average Content Size
1789565081,0,,Aggregated,0.000000,0.000000,N/A,N/A,N/A,N/A,N/A,N/A,N/A,N/A,N/A,N/A,N/A,0,0,0,0.0,0,0,0
1789565082,5,,Aggregated,0.000000,0.000000,14,18,24,24,28,31,31,31,31,31,31,11,0,14,16.107877545437077,6.497660000150063,30.71055800000977,223.0
1789565083,10,,Aggregated,0.000000,0.000000,14,16,16,18,27,29,31,31,31,31,31,40,0,14,14.985847849959555,4.712752000159526,30.71055800000977,224.3
1789565084,15,,Aggregated,5.000000,0.000000,14,16,22,24,29,32,43,53,53,53,53,84,0,14,16.241762154761222,4.4480280002971995,53.469158000098105,222.5595238095238
1789565085,20,,Aggregated,11.000000,0.000000,15,21,28,32,280,480,550,550,590,590,590,120,0,15,69.59985278332397,4.4480280002971995,594.4699309998214,222.475
1789565086,25,,Aggregated,17.333333,0.000000,15,21,27,31,110,370,520,550,590,590,590,197,0,15,52.742997091352635,4.092454999863548,594.4699309998214,222.18274111675126
1789565087,30,,Aggregated,23.500000,0.000000,14,18,25,29,66,240,480,550,590,590,590,292,0,14,40.58926884588127,4.068623999955889,594.4699309998214,221.18835616438355
1789565088,35,,Aggregated,28.800000,0.000000,15,24,31,46,280,410,480,520,590,590,590,354,0,15,66.1128635621388,4.068623999955889,594.4699309998214,221.75706214689265
1789565089,40,,Aggregated,37.333333,0.000000,17,28,43,85,250,380,460,510,590,590,590,459,0,17,69.47800793245227,4.068623999955889,594.4699309998214,222.8562091503268
1789565090,45,,Aggregated,43.142857,0.000000,16,22,29,40,200,320,450,480,590,590,590,605,0,16,55.95937275536114,3.9880690001155017,594.4699309998214,223.19338842975208
1789565091,50,,Aggregated,46.625000,0.000000,16,22,28,35,160,280,430,480,590,590,590,759,0,16,49.64409535572197,3.9880690001155017,594.4699309998214,223.19631093544137
1789565092,50,,Aggregated,55.555556,0.000000,15,19,24,29,110,250,400,460,590,590,590,919,0,15,43.10732996626292,3.9880690001155017,594.4699309998214,223.16757344940152
1789565093,50,,Aggregated,64.400000,0.000000,15,20,26,31,110,220,390,460,550,590,590,1066,0,15,42.121458662281086,3.9880690001155017,594.4699309998214,223.2889305816135
1789565094,50,,Aggregated,80.200000,0.000000,14,20,24,29,85,200,370,450,550,590,590,1219,0,14,38.531935528297865,3.9880690001155017,594.4699309998214,223.0008203445447
1789565095,50,,Aggregated,93.700000,0.000000,14,19,23,27,78,180,360,440,550,590,590,1373,0,14,36.60804466787842,3.9880690001155017,594.4699309998214,222.9533867443554
1789565096,50,,Aggregated,105.600000,0.000000,14,20,24,28,72,160,320,430,550,590,590,1530,0,14,35.10130353137281,3.9880690001155017,594.4699309998214,223.34117647058824
1789565097,50,,Aggregated,117.700000,0.000000,14,19,23,26,65,130,310,410,550,590,590,1683,0,14,33.080616180033246,3.9880690001155017,594.4699309998214,223.5002970885324
1789565098,50,,Aggregated,128.300000,0.000000,14,19,23,26,64,120,280,400,550,590,590,1850,0,14,31.985074145403,3.9880690001155017,594.4699309998214,223.43945945945947
1789565099,50,,Aggregated,135.600000,0.000000,13,18,22,25,58,120,270,390,550,590,590,2010,0,13,30.330763376115705,3.9880690001155017,594.4699309998214,223.61940298507463
1789565100,50,,Aggregated,142.900000,0.000000,14,19,23,27,58,110,250,390,550,590,590,2161,0,14,30.304862988428088,3.9880690001155017,594.4699309998214,223.77001388246183
1789565101,50,,Aggregated,152.300000,0.000000,13,19,23,26,49,110,250,380,550,590,590,2323,0,13,29.083321302622455,3.9880690001155017,594.4699309998214,223.86181661644426
1789565102,50,,Aggregated,155.100000,0.000000,13,19,23,26,47,110,240,370,550,590,590,2478,0,13,28.395998691281044,3.9880690001155017,594.4699309998214,224.1089588377724
1789565103,50,,Aggregated,155.500000,0.000000,13,18,22,26,42,100,230,370,550,590,590,2644,0,13,27.45595835287433,3.9880690001155017,594.4699309998214,224.2106656580938
1789565104,50,,Aggregated,155.700000,0.000000,13,18,23,26,43,100,210,360,550,590,590,2790,0,13,27.503809380285503,3.9880690001155017,594.4699309998214,224.3394265232975
1789565105,50,,Aggregated,156.700000,0.000000,13,18,22,26,41,98,200,330,550,590,590,2952,0,13,26.770889857382894,3.9880690001155017,594.4699309998214,224.3780487804878
1789565106,50,,Aggregated,157.600000,0.000000,13,18,22,26,41,100,190,320,520,590,590,3105,0,13,26.70560202511839,3.9880690001155017,594.4699309998214,224.41417069243155
1789565107,50,,Aggregated,157.200000,0.000000,13,18,22,25,39,98,190,320,520,590,590,3270,0,13,26.035734788071384,3.9880690001155017,594.4699309998214,224.3119266055046
1789565108,50,,Aggregated,157.200000,0.000000,13,18,22,25,39,95,180,290,520,590,590,3430,0,13,25.79298184985223,3.9880690001155017,594.4699309998214,224.29591836734693
1789565109,50,,Aggregated,157.200000,0.000000,13,18,22,25,38,92,170,280,520,590,590,3594,0,13,25.202174115746903,3.9880690001155017,594.4699309998214,224.18948247078464
1789565110,50,,Aggregated,158.200000,0.000000,13,18,22,25,38,92,170,280,520,590,590,3749,0,13,25.13776424006144,3.9880690001155017,594.4699309998214,224.189917311283
1789565111,50,,Aggregated,157.100000,0.000000,13,18,22,25,37,87,160,280,520,590,590,3900,0,13,24.844432673586574,3.9880690001155017,594.4699309998214,224.21461538461537
1789565112,50,,Aggregated,158.200000,0.000000,13,18,22,25,36,84,140,270,510,590,590,4065,0,13,24.34612036506441,3.9880690001155017,594.4699309998214,224.3190651906519
1789565113,50,,Aggregated,158.200000,0.000000,13,18,22,25,36,82,140,260,510,590,590,4220,0,13,24.06395559359802,3.9880690001155017,594.4699309998214,224.36966824644549
1789565114,50,,Aggregated,156.900000,0.000000,13,18,22,24,35,78,140,250,510,590,590,4371,0,13,23.675404374051922,3.9880690001155017,594.4699309998214,224.37520018302448
1789565115,50,,Aggregated,157.300000,0.000000,13,18,22,24,36,80,130,250,510,590,590,4518,0,13,23.666024335098847,3.9880690001155017,594.4699309998214,224.3140770252324
1789565116,50,,Aggregated,156.600000,0.000000,13,18,22,24,35,77,130,250,510,590,590,4684,0,13,23.321853540345437,3.9880690001155017,594.4699309998214,224.2741246797609
1789565117,50,,Aggregated,156.500000,0.000000,13,18,21,24,35,77,130,240,510,590,590,4842,0,13,23.25484765014001,3.9880690001155017,594.4699309998214,224.26352746798844
1789565118,50,,Aggregated,156.000000,0.000000,13,18,21,24,34,76,130,240,510,590,590,4997,0,13,22.99168704682389,3.9880690001155017,594.4699309998214,224.2907744646788
1789565119,50,,Aggregated,156.700000,0.000000,13,17,21,24,34,74,130,230,480,590,590,5148,0,13,22.67567777408245,3.9880690001155017,594.4699309998214,224.30963480963482
1789565120,50,,Aggregated,156.400000,0.000000,13,17,21,24,34,76,120,220,480,590,590,5315,0,13,22.66155032247899,3.9880690001155017,594.4699309998214,224.35672624647225
1789565121,50,,Aggregated,157.100000,0.000000,12,17,21,24,34,74,120,220,480,590,590,5464,0,12,22.413042389819473,3.9880690001155017,594.4699309998214,224.30563689604685
1789565122,50,,Aggregated,155.800000,0.000000,13,17,21,24,34,76,120,200,480,590,590,5622,0,13,22.54977037423918,3.9880690001155017,594.4699309998214,224.40128068303096
1789565123,50,,Aggregated,156.700000,0.000000,13,17,21,24,34,74,120,200,480,590,590,5798,0,13,22.312481033972134,3.9880690001155017,594.4699309998214,224.37823387374956
1789565124,50,,Aggregated,157.100000,0.000000,13,17,21,24,34,75,120,200,480,590,590,5945,0,13,22.30862470142434,3.9880690001155017,594.4699309998214,224.3483599663583
1789565125,50,,Aggregated,155.600000,0.000000,13,17,21,24,34,73,120,200,480,590,590,6105,0,13,22.147365790822068,3.9880690001155017,594.4699309998214,224.3973791973792
1789565126,50,,Aggregated,157.600000,0.000000,13,18,21,24,35,75,120,190,480,590,590,6261,0,13,22.251005895857684,3.9880690001155017,594.4699309998214,224.4306021402332
1789565127,50,,Aggregated,157.500000,0.000000,13,17,21,24,34,73,120,190,480,590,590,6418,0,13,22.018770817383032,3.9880690001155017,594.4699309998214,224.54721096914926
1789565128,50,,Aggregated,158.100000,0.000000,13,17,21,24,34,71,120,190,480,590,590,6568,0,13,21.885594921888305,3.9880690001155017,594.4699309998214,224.58693666260658
1789565129,50,,Aggregated,156.600000,0.000000,13,17,21,24,34,70,120,180,480,590,590,6727,0,13,21.700503361523047,3.9880690001155017,594.4699309998214,224.65095882265499
1789565130,50,,Aggregated,157.000000,0.000000,13,17,21,24,34,70,120,180,480,590,590,6887,0,13,21.627771570054136,3.9880690001155017,594.4699309998214,224.56192827065485
1789565131,50,,Aggregated,157.000000,0.000000,12,17,21,24,33,69,120,180,480,590,590,7049,0,12,21.42250118626246,3.9880690001155017,594.4699309998214,224.53383458646616
1789565132,50,,Aggregated,156.200000,0.000000,12,17,21,24,33,67,110,170,480,590,590,7219,0,12,21.247612897349008,3.9880690001155017,594.4699309998214,224.54231888073141
1789565133,50,,Aggregated,157.000000,0.000000,12,17,21,24,34,69,110,170,480,590,590,7369,0,12,21.308703820187315,3.9880690001155017,594.4699309998214,224.51567376848962
1789565134,50,,Aggregated,157.700000,0.000000,12,17,21,24,33,68,110,160,480,590,590,7532,0,12,21.113766289692027,3.9880690001155017,594.4699309998214,224.54607010090282
1789565135,50,,Aggregated,157.100000,0.000000,12,17,21,24,33,67,110,160,480,590,590,7686,0,12,21.09429223366706,3.9880690001155017,594.4699309998214,224.46812386156648
1789565136,50,,Aggregated,157.000000,0.000000,12,17,21,24,33,66,110,160,480,590,590,7844,0,12,20.969886789005905,3.9880690001155017,594.4699309998214,224.4338347781744
1789565137,50,,Aggregated,157.000000,0.000000,12,17,21,24,33,66,110,150,480,590,590,7999,0,12,21.006826137386913,3.9880690001155017,594.4699309998214,224.4019252406551
1789565138,50,,Aggregated,156.900000,0.000000,12,17,21,24,33,66,110,150,480,590,590,8162,0,12,20.88982740050973,3.9880690001155017,594.4699309998214,224.37858368047048
1789565139,50,,Aggregated,158.400000,0.000000,13,17,21,24,33,66,110,140,480,590,590,8314,0,13,20.912820672114822,3.9880690001155017,594.4699309998214,224.39631946114986
1789565140,50,,Aggregated,157.200000,0.000000,13,17,21,24,33,65,110,140,480,590,590,8471,0,13,20.823002338208486,3.9880690001155017,594.4699309998214,224.39912643135403
1789565141,50,,Aggregated,157.700000,0.000000,13,17,21,24,33,64,110,140,480,590,590,8630,0,13,20.78481555746959,3.9880690001155017,594.4699309998214,224.3987253765933
1789565142,50,,Aggregated,158.900000,0.000000,13,17,21,24,33,63,110,140,480,590,590,8785,0,13,20.723383153780702,3.9880690001155017,594.4699309998214,224.33921457029027
1789565143,50,,Aggregated,158.700000,0.000000,13,17,21,24,33,61,110,140,480,590,590,8949,0,13,20.633686341710305,3.9880690001155017,594.4699309998214,224.3148955190524
1789565144,50,,Aggregated,156.900000,0.000000,13,17,21,24,33,60,110,140,460,590,590,9105,0,13,20.51798653146227,3.9880690001155017,594.4699309998214,224.2859967051071
1789565145,50,,Aggregated,158.200000,0.000000,13,17,21,24,33,61,100,140,460,590,590,9260,0,13,20.518632050859946,3.9880690001155017,594.4699309998214,224.23563714902807
1789565146,50,,Aggregated,157.200000,0.000000,13,17,21,24,33,60,100,130,460,590,590,9426,0,13,20.359343033732557,3.9880690001155017,594.4699309998214,224.2040101845958
1789565147,50,,Aggregated,157.600000,0.000000,13,17,21,24,33,60,100,130,460,590,590,9586,0,13,20.33845343625715,3.9880690001155017,594.4699309998214,224.17994992697683
1789565148,50,,Aggregated,156.900000,0.000000,13,17,21,24,33,59,100,130,460,590,590,9733,0,13,20.218844418469075,3.9880690001155017,594.4699309998214,224.20713038117745
1789565149,50,,Aggregated,158.600000,0.000000,13,17,21,24,33,61,100,130,460,590,590,9867,0,13,20.246238277283684,3.9880690001155017,594.4699309998214,224.16641329684808
1789565150,50,,Aggregated,159.100000,0.000000,12,17,21,24,33,61,100,130,460,550,590,10035,0,12,20.255535346482976,3.9880690001155017,594.4699309998214,224.18355754857998
1789565151,50,,Aggregated,157.300000,0.000000,13,17,21,24,33,61,100,130,460,550,590,10183,0,13,20.226953588329614,3.9880690001155017,594.4699309998214,224.22940194441716
1789565152,50,,Aggregated,156.000000,0.000000,13,17,21,24,33,62,100,130,460,550,590,10357,0,13,20.245293377132384,3.9880690001155017,594.4699309998214,224.25509317369895
1789565153,50,,Aggregated,155.400000,0.000000,13,17,21,24,34,62,100,130,460,550,590,10518,0,13,20.27926733656207,3.9880690001155017,594.4699309998214,224.3037649743297
1789565154,50,,Aggregated,156.800000,0.000000,13,17,21,24,33,61,100,130,460,550,590,10684,0,13,20.167407442808013,3.9880690001155017,594.4699309998214,224.28350804941968
1789565155,50,,Aggregated,157.000000,0.000000,13,17,21,24,33,61,100,130,460,550,590,10816,0,13,20.17836081258913,3.9880690001155017,594.4699309998214,224.27930843195267
1789565156,50,,Aggregated,157.200000,0.000000,13,17,21,24,34,63,100,130,460,550,590,10984,0,13,20.2931346642355,3.9880690001155017,594.4699309998214,224.32975236707938
1789565157,50,,Aggregated,157.300000,0.000000,13,17,21,24,33,62,100,130,450,550,590,11143,0,13,20.229165686705475,3.9880690001155017,594.4699309998214,224.37611056268508
1789565158,50,,Aggregated,157.500000,0.000000,13,17,21,24,34,63,100,130,450,550,590,11296,0,13,20.321053186079993,3.9880690001155017,594.4699309998214,224.40633852691218
1789565159,50,,Aggregated,155.200000,0.000000,12,17,21,24,33,62,100,130,450,550,590,11457,0,12,20.20198679732561,3.9880690001155017,594.4699309998214,224.390329056472
1789565160,50,,Aggregated,155.500000,0.000000,12,17,21,24,33,62,100,130,450,550,590,11613,0,12,20.156064700332458,3.9880690001155017,594.4699309998214,224.36984414018772
1789565161,50,,Aggregated,156.200000,0.000000,12,17,21,24,33,61,100,130,450,550,590,11781,0,12,20.057913632710342,3.9880690001155017,594.4699309998214,224.37662337662337
1789565162,50,,Aggregated,157.400000,0.000000,12,17,21,24,33,60,100,130,450,550,590,11940,0,12,20.02233946875711,3.9880690001155017,594.4699309998214,224.3891122278057
1789565163,50,,Aggregated,158.100000,0.000000,12,17,21,24,33,60,100,130,450,550,590,12100,0,12,19.947461367434787,3.9880690001155017,594.4699309998214,224.36446280991734
1789565164,50,,Aggregated,158.300000,0.000000,12,17,21,24,33,60,100,130,450,550,590,12255,0,12,19.96775530689205,3.9880690001155017,594.4699309998214,224.3295797633619
1789565165,50,,Aggregated,158.300000,0.000000,12,17,21,24,33,59,100,130,450,550,590,12415,0,12,19.892512691499185,3.9880690001155017,594.4699309998214,224.33604510672575
1789565166,50,,Aggregated,158.400000,0.000000,12,17,21,24,33,60,100,120,450,550,590,12570,0,12,19.92862649689432,3.9880690001155017,594.4699309998214,224.35377883850438
1789565167,50,,Aggregated,157.100000,0.000000,12,17,21,24,33,59,100,120,450,550,590,12744,0,12,19.82102946594181,3.9880690001155017,594.4699309998214,224.36338669177653
1789565168,50,,Aggregated,157.900000,0.000000,12,17,21,24,33,59,100,120,450,550,590,12903,0,12,19.835187278227043,3.9880690001155017,594.4699309998214,224.37448655351469
1789565169,50,,Aggregated,158.100000,0.000000,12,17,21,24,33,59,100,120,440,550,590,13056,0,12,19.760392006507587,3.9880690001155017,594.4699309998214,224.36190257352942
1789565170,50,,Aggregated,159.900000,0.000000,12,17,21,24,33,60,100,120,440,550,590,13209,0,12,19.820916454762596,3.9880690001155017,594.4699309998214,224.3825422060716
1789565171,50,,Aggregated,159.900000,0.000000,12,17,21,24,33,59,100,120,440,550,590,13375,0,12,19.718417005230748,3.9880690001155017,594.4699309998214,224.42317757009346
1789565172,50,,Aggregated,159.500000,0.000000,12,17,21,24,33,61,100,130,440,550,590,13525,0,12,19.892550748537076,3.9880690001155017,594.4699309998214,224.39290203327172
1789565173,50,,Aggregated,158.600000,0.000000,13,17,21,24,33,60,100,120,440,550,590,13680,0,13,19.85067840350632,3.9880690001155017,594.4699309998214,224.37127192982456
1789565174,50,,Aggregated,159.000000,0.000000,13,17,21,24,33,60,100,120,440,550,590,13838,0,13,19.815801750467514,3.9880690001155017,594.4699309998214,224.3638531579708
1789565175,50,,Aggregated,157.000000,0.000000,13,17,21,24,33,59,100,120,440,550,590,13989,0,13,19.736290746798936,3.9880690001155017,594.4699309998214,224.31996568732575
1789565176,50,,Aggregated,157.300000,0.000000,12,17,21,24,33,59,100,120,440,550,590,14146,0,12,19.70131663134236,3.9880690001155017,594.4699309998214,224.3148593241906
1789565177,50,,Aggregated,157.800000,0.000000,12,17,21,24,33,58,100,120,440,550,590,14314,0,12,19.622768359366322,3.9880690001155017,594.4699309998214,224.31535559592007
1789565178,50,,Aggregated,157.400000,0.000000,12,17,21,24,33,58,100,120,440,550,590,14467,0,12,19.600274437061667,3.9880690001155017,594.4699309998214,224.29909449091033
1789565179,50,,Aggregated,157.300000,0.000000,12,17,21,23,33,58,99,120,440,550,590,14629,0,12,19.523787441381387,3.9880690001155017,594.4699309998214,224.29127076355184
1789565180,50,,Aggregated,156.700000,0.000000,12,17,21,24,33,60,100,120,440,550,590,14788,0,12,19.676653799564786,3.9880690001155017,594.4699309998214,224.30281309169598
1789565181,50,,Aggregated,156.600000,0.000000,12,17,21,23,33,59,100,120,440,550,590,14949,0,12,19.63029665422178,3.9880690001155017,594.4699309998214,224.2973443039668
1789565182,50,,Aggregated,157.400000,0.000000,12,17,21,24,33,59,100,120,430,550,590,15096,0,12,19.614785663219568,3.9880690001155017,594.4699309998214,224.3015368309486
1789565183,50,,Aggregated,157.200000,0.000000,13,17,21,24,33,61,100,130,430,550,590,15261,0,13,19.780802057529556,3.9880690001155017,594.4699309998214,224.2714107856628
1789565184,50,,Aggregated,156.800000,0.000000,13,17,21,24,33,60,100,130,430,550,590,15411,0,13,19.742012958468433,3.9880690001155017,594.4699309998214,224.24476023619494
1789565185,50,,Aggregated,156.600000,0.000000,13,17,21,24,33,62,100,130,430,550,590,15564,0,13,19.826404856332474,3.9880690001155017,594.4699309998214,224.23316628116166
1789565186,50,,Aggregated,156.500000,0.000000,13,17,21,24,33,61,100,120,430,550,590,15731,0,13,19.773847744768926,3.9880690001155017,594.4699309998214,224.24671031720806
1789565187,50,,Aggregated,156.300000,0.000000,13,17,21,24,33,61,100,120,430,550,590,15888,0,13,19.785446840317483,3.9880690001155017,594.4699309998214,224.21802618328297
1789565188,50,,Aggregated,155.900000,0.000000,13,17,21,24,33,61,100,120,410,550,590,16044,0,13,19.72113360932218,3.9880690001155017,594.4699309998214,224.23017950635753
1789565189,50,,Aggregated,157.600000,0.000000,13,17,21,24,33,61,100,120,410,550,590,16204,0,13,19.779280043690754,3.9880690001155017,594.4699309998214,224.22803011602073
1789565190,50,,Aggregated,156.200000,0.000000,13,17,21,24,33,61,100,120,410,550,590,16362,0,13,19.752039148145986,3.9880690001155017,594.4699309998214,224.23450678401173
1789565191,50,,Aggregated,156.200000,0.000000,13,17,21,24,33,61,100,120,410,550,590,16512,0,13,19.74371497074649,3.9880690001155017,594.4699309998214,224.24485222868216
1789565192,50,,Aggregated,156.100000,0.000000,13,17,21,24,33,60,100,120,410,550,590,16669,0,13,19.68219714283795,3.9880690001155017,594.4699309998214,224.2686423900654
1789565193,50,,Aggregated,156.600000,0.000000,13,17,21,24,33,61,100,120,410,550,590,16829,0,13,19.741753195256106,3.9880690001155017,594.4699309998214,224.26602887872124
1789565194,50,,Aggregated,155.500000,0.000000,13,17,21,24,33,61,100,120,410,550,590,16981,0,13,19.68896230539827,3.9880690001155017,594.4699309998214,224.23967964195276
1789565196,50,,Aggregated,157.300000,0.000000,13,17,21,24,33,61,100,120,410,550,590,17118,0,13,19.658705439243302,3.9880690001155017,594.4699309998214,224.24553101997898
1789565197,50,,Aggregated,156.700000,0.000000,13,17,21,24,33,61,100,120,410,550,590,17289,0,13,19.737600348658955,3.9880690001155017,594.4699309998214,224.25050610214586
1789565198,50,,Aggregated,156.700000,0.000000,13,17,21,24,33,61,100,120,410,550,590,17447,0,13,19.67637894142065,3.9880690001155017,594.4699309998214,224.25265088553905
1789565199,50,,Aggregated,155.300000,0.000000,13,17,21,24,33,62,100,120,410,550,590,17593,0,13,19.73494981827796,3.9880690001155017,594.4699309998214,224.27584834877507
1789565200,50,,Aggregated,155.400000,0.000000,13,17,21,24,33,61,100,120,410,550,590,17754,0,13,19.725672824206487,3.9880690001155017,594.4699309998214,224.27441703278134
1789565201,50,,Aggregated,154.600000,0.000000,13,17,21,24,33,61,100,120,410,550,590,17912,0,13,19.681431955614343,3.9880690001155017,594.4699309998214,224.27925413130862
1789565202,50,,Aggregated,154.500000,0.000000,13,17,21,24,33,60,100,120,400,550,590,18068,0,13,19.61877804455217,3.7874569998166407,594.4699309998214,224.2618441443436
1789565203,50,,Aggregated,154.500000,0.000000,13,17,21,24,33,61,100,120,400,550,590,18227,0,13,19.684589126678254,3.7874569998166407,594.4699309998214,224.27053272617545
1789565204,50,,Aggregated,155.300000,0.000000,13,17,21,24,33,61,100,120,400,550,590,18388,0,13,19.630616944690154,3.7874569998166407,594.4699309998214,224.27333043289102
1789565205,50,,Aggregated,155.300000,0.000000,13,17,21,24,33,62,100,120,400,550,590,18548,0,13,19.733373774528935,3.7874569998166407,594.4699309998214,224.2451477248221
1789565206,50,,Aggregated,155.700000,0.000000,13,17,21,24,33,61,100,120,400,550,590,18703,0,13,19.684078575680957,3.7874569998166407,594.4699309998214,224.22049938512538
1789565207,50,,Aggregated,156.100000,0.000000,13,17,21,24,33,61,100,120,400,550,590,18866,0,13,19.644770375912504,3.7874569998166407,594.4699309998214,224.20210961518075
1789565208,50,,Aggregated,158.400000,0.000000,13,17,21,24,33,61,100,120,390,550,590,19019,0,13,19.641997559070624,3.7874569998166407,594.4699309998214,224.21457489878543
1789565209,50,,Aggregated,158.400000,0.000000,13,17,21,24,33,60,100,120,390,550,590,19181,0,13,19.59455412997045,3.7874569998166407,594.4699309998214,224.2170376935509
1789565210,50,,Aggregated,157.000000,0.000000,13,17,21,24,33,60,100,120,390,550,590,19332,0,13,19.576574915423343,3.7874569998166407,594.4699309998214,224.2484998965446
1789565211,50,,Aggregated,158.800000,0.000000,13,17,21,24,33,59,100,120,390,550,590,19488,0,13,19.551744312344248,3.7874569998166407,594.4699309998214,224.26549671592775
1789565212,50,,Aggregated,157.800000,0.000000,13,17,21,24,33,60,100,120,390,550,590,19650,0,13,19.55540507750438,3.7874569998166407,594.4699309998214,224.27002544529262
1789565213,50,,Aggregated,157.500000,0.000000,13,17,21,24,33,59,100,120,390,550,590,19807,0,13,19.511885240720943,3.7874569998166407,594.4699309998214,224.28080981471197
1789565214,50,,Aggregated,158.000000,0.000000,13,17,21,24,33,61,100,120,390,550,590,19962,0,13,19.600636022290544,3.7874569998166407,594.4699309998214,224.29145376214808
1789565215,50,,Aggregated,157.800000,0.000000,13,17,21,24,33,60,100,120,390,550,590,20119,0,13,19.57323661990969,3.7874569998166407,594.4699309998214,224.29057110194344
1789565216,50,,Aggregated,157.400000,0.000000,13,17,21,24,33,59,100,120,390,550,590,20282,0,13,19.53344291908887,3.7874569998166407,594.4699309998214,224.28818656937185
1789565217,50,,Aggregated,156.600000,0.000000,13,17,21,24,33,59,100,120,390,550,590,20438,0,13,19.545707042614808,3.7874569998166407,594.4699309998214,224.27947940111557
1789565218,50,,Aggregated,157.900000,0.000000,13,17,21,24,33,59,100,120,390,550,590,20591,0,13,19.49963066650278,3.7874569998166407,594.4699309998214,224.29270069447816
1789565219,50,,Aggregated,156.900000,0.000000,13,17,21,24,33,60,100,120,390,550,590,20751,0,13,19.548040741890038,3.7874569998166407,594.4699309998214,224.29637125921641
1789565220,50,,Aggregated,156.900000,0.000000,13,17,21,24,33,59,100,120,390,550,590,20912,0,13,19.486624647138537,3.7874569998166407,594.4699309998214,224.2908377964805
1789565221,50,,Aggregated,156.200000,0.000000,13,17,21,24,33,59,100,120,390,550,590,21072,0,13,19.516189329440255,3.7874569998166407,594.4699309998214,224.28839217919514
1789565222,50,,Aggregated,157.800000,0.000000,13,17,21,24,33,59,100,120,390,550,590,21227,0,13,19.472976710885543,3.7874569998166407,594.4699309998214,224.2852970273708
1789565223,50,,Aggregated,158.100000,0.000000,13,17,21,24,33,59,100,120,390,550,590,21367,0,13,19.497358567555715,3.7874569998166407,594.4699309998214,224.2903074835026
1789565224,50,,Aggregated,156.800000,0.000000,13,17,21,24,33,59,100,120,390,550,590,21531,0,13,19.453135069247253,3.7874569998166407,594.4699309998214,224.28856067994985
1789565225,50,,Aggregated,155.700000,0.000000,13,17,21,24,33,59,100,120,390,550,590,21681,0,13,19.478608112862283,3.7874569998166407,594.4699309998214,224.26511692265117
1789565226,50,,Aggregated,155.700000,0.000000,13,17,21,24,33,59,100,120,390,550,590,21844,0,13,19.434377298890453,3.7874569998166407,594.4699309998214,224.25732466581212
1789565227,50,,Aggregated,155.900000,0.000000,13,17,21,24,33,59,99,120,380,550,590,22001,0,13,19.436621677967505,3.7874569998166407,594.4699309998214,224.25017044679788
1789565228,50,,Aggregated,155.200000,0.000000,13,17,21,24,33,58,99,120,380,550,590,22175,0,13,19.395049822275695,3.7874569998166407,594.4699309998214,224.2489289740699
1789565229,50,,Aggregated,155.900000,0.000000,13,17,21,24,33,59,99,120,380,550,590,22326,0,13,19.4175003760174,3.7874569998166407,594.4699309998214,224.24057153095046
1789565230,50,,Aggregated,156.700000,0.000000,13,17,21,24,33,58,99,120,380,550,590,22484,0,13,19.371046401617328,3.7874569998166407,594.4699309998214,224.22255826365415
1789565231,50,,Aggregated,156.300000,0.000000,13,17,21,24,33,59,99,120,380,550,590,22645,0,13,19.41296969313138,3.7874569998166407,594.4699309998214,224.21885625965996
1789565232,50,,Aggregated,156.400000,0.000000,13,17,21,24,33,59,99,120,380,550,590,22802,0,13,19.38045733926688,3.7874569998166407,594.4699309998214,224.21862117358125
1789565233,50,,Aggregated,156.300000,0.000000,13,17,21,24,33,59,99,120,380,550,590,22958,0,13,19.38736452800603,3.7874569998166407,594.4699309998214,224.21539332694485
1789565234,50,,Aggregated,157.200000,0.000000,13,17,21,24,33,59,99,120,380,550,590,23118,0,13,19.35761301526787,3.7874569998166407,594.4699309998214,224.20391037286961
1789565235,50,,Aggregated,158.800000,0.000000,13,17,21,24,33,59,99,120,380,550,590,23265,0,13,19.409800053469205,3.7874569998166407,594.4699309998214,224.20507199656137
1789565236,50,,Aggregated,158.600000,0.000000,13,17,21,24,33,59,99,120,380,550,590,23419,0,13,19.372393943975556,3.7874569998166407,594.4699309998214,224.22733677782998
1789565237,50,,Aggregated,158.400000,0.000000,13,17,21,24,33,58,99,120,380,550,590,23570,0,13,19.337353741873702,3.7874569998166407,594.4699309998214,224.22609249045396
1789565238,50,,Aggregated,157.300000,0.000000,13,17,21,24,33,60,100,120,380,550,590,23735,0,13,19.453617288475392,3.7874569998166407,594.4699309998214,224.2034969454392
1789565239,50,,Aggregated,158.100000,0.000000,13,17,21,24,33,59,99,120,380,550,590,23896,0,13,19.416603954091297,3.7874569998166407,594.4699309998214,224.19476062939404
1789565240,50,,Aggregated,156.300000,0.000000,13,17,21,24,33,60,100,120,370,550,590,24049,0,13,19.439286565843275,3.7874569998166407,594.4699309998214,224.20013306166575
1789565241,50,,Aggregated,157.200000,0.000000,13,17,21,24,33,59,99,120,370,550,590,24217,0,13,19.406575813848267,3.7874569998166407,594.4699309998214,224.20291530742867
1789565242,50,,Aggregated,156.200000,0.000000,13,17,21,24,33,60,99,120,370,550,590,24374,0,13,19.424536804421415,3.7874569998166407,594.4699309998214,224.20657257733652
1789565243,50,,Aggregated,156.600000,0.000000,13,17,21,24,33,59,99,120,370,550,590,24525,0,13,19.384294335289066,3.7874569998166407,594.4699309998214,224.19021406727828
1789565244,50,,Aggregated,156.700000,0.000000,13,17,21,24,33,59,99,120,370,550,590,24688,0,13,19.392593100168845,3.7874569998166407,594.4699309998214,224.19855800388854
1789565245,50,,Aggregated,156.100000,0.000000,13,17,21,24,33,59,99,120,370,550,590,24848,0,13,19.352334501447466,3.7874569998166407,594.4699309998214,224.2004587894398
1789565246,50,,Aggregated,155.900000,0.000000,13,17,21,24,33,60,99,120,370,550,590,25005,0,13,19.42086486322586,3.7874569998166407,594.4699309998214,224.2109978004399
1789565247,50,,Aggregated,157.900000,0.000000,13,17,21,24,33,60,99,120,370,550,590,25169,0,13,19.37392244995678,3.7874569998166407,594.4699309998214,224.22897214827765
1789565248,50,,Aggregated,158.400000,0.000000,13,17,21,24,33,60,100,120,370,550,590,25334,0,13,19.412902396145924,3.7874569998166407,594.4699309998214,224.22025736164838
1789565249,50,,Aggregated,157.900000,0.000000,13,17,21,24,33,60,100,120,370,550,590,25492,0,13,19.382576623488276,3.7874569998166407,594.4699309998214,224.22226580888122
1789565250,50,,Aggregated,159.600000,0.000000,13,17,21,24,33,61,100,120,370,550,590,25646,0,13,19.400072426575754,3.7874569998166407,594.4699309998214,224.22139904858457
1789565251,50,,Aggregated,158.600000,0.000000,13,17,21,24,33,60,100,120,370,550,590,25798,0,13,19.373118170709528,3.7874569998166407,594.4699309998214,224.22435847740135
1789565252,50,,Aggregated,158.200000,0.000000,13,17,21,24,33,60,100,120,370,550,590,25961,0,13,19.33059087542718,3.7874569998166407,594.4699309998214,224.22996032510304
1789565253,50,,Aggregated,157.900000,0.000000,13,17,21,24,33,60,100,120,370,550,590,26116,0,13,19.341786357672188,3.7874569998166407,594.4699309998214,224.2241154847603
1789565254,50,,Aggregated,158.100000,0.000000,13,17,21,24,33,60,99,120,370,550,590,26274,0,13,19.319991296794132,3.7874569998166407,594.4699309998214,224.23152165639036
1789565255,50,,Aggregated,158.200000,0.000000,13,17,21,24,33,60,99,120,370,550,590,26428,0,13,19.320039748257955,3.7874569998166407,594.4699309998214,224.23599969729077
1789565256,50,,Aggregated,159.200000,0.000000,13,17,21,24,33,59,99,120,370,550,590,26596,0,13,19.28900437043011,3.7874569998166407,594.4699309998214,224.22593623101218
1789565257,50,,Aggregated,157.600000,0.000000,13,17,21,24,33,60,100,120,370,550,590,26737,0,13,19.339327178141158,3.7874569998166407,594.4699309998214,224.2240715113887
1789565258,50,,Aggregated,158.000000,0.000000,13,17,21,24,33,60,99,120,370,550,590,26890,0,13,19.31144238129277,3.7874569998166407,594.4699309998214,224.22930457419116
1789565259,50,,Aggregated,157.400000,0.000000,13,17,21,23,33,59,99,120,360,550,590,27044,0,13,19.284932990569597,3.7874569998166407,594.4699309998214,224.2201227629049
1789565260,50,,Aggregated,155.300000,0.000000,13,17,21,24,33,60,99,120,360,550,590,27210,0,13,19.298597274567033,3.7874569998166407,594.4699309998214,224.20588019110622
1789565261,50,,Aggregated,156.800000,0.000000,13,17,21,24,33,59,99,120,360,550,590,27372,0,13,19.278237095936472,3.7874569998166407,594.4699309998214,224.18248575186323
1789565262,50,,Aggregated,156.000000,0.000000,13,17,21,24,33,60,99,120,360,550,590,27527,0,13,19.322437753114247,3.7874569998166407,594.4699309998214,224.1827296835834
1789565263,50,,Aggregated,157.500000,0.000000,13,17,21,24,33,60,99,120,360,550,590,27679,0,13,19.33157331442514,3.7874569998166407,594.4699309998214,224.17070703421368
1789565264,50,,Aggregated,156.800000,0.000000,13,17,21,24,33,60,99,120,360,550,590,27848,0,13,19.34777421839886,3.7874569998166407,594.4699309998214,224.1644642344154
1789565265,50,,Aggregated,156.500000,0.000000,13,17,21,24,33,59,99,120,360,550,590,27998,0,13,19.337814309914023,3.7874569998166407,594.4699309998214,224.15958282734482
1789565266,50,,Aggregated,155.600000,0.000000,13,17,21,24,33,60,99,120,350,550,590,28150,0,13,19.379421175096663,3.7874569998166407,594.4699309998214,224.17381882770871
1789565267,50,,Aggregated,156.700000,0.000000,13,17,21,24,33,60,99,120,350,550,590,28320,0,13,19.334617786404333,3.7874569998166407,594.4699309998214,224.16977401129944
1789565268,50,,Aggregated,154.700000,0.000000,13,17,21,24,33,60,99,120,350,550,590,28468,0,13,19.370042388926883,3.7874569998166407,594.4699309998214,224.15772094983842
1789565269,50,,Aggregated,155.500000,0.000000,13,17,21,24,33,60,99,120,350,550,590,28618,0,13,19.351691583827225,3.7874569998166407,594.4699309998214,224.17174505555943
1789565270,50,,Aggregated,157.400000,0.000000,13,17,21,24,34,61,99,120,350,550,590,28771,0,13,19.392370587847747,3.7874569998166407,594.4699309998214,224.17851308609363
1789565271,50,,Aggregated,156.100000,0.000000,13,17,21,24,33,60,99,120,350,550,590,28930,0,13,19.362137679535632,3.7874569998166407,594.4699309998214,224.18624265468372
1789565272,50,,Aggregated,156.600000,0.000000,13,17,21,24,33,60,99,120,330,550,590,29082,0,13,19.35727802757595,3.7874569998166407,594.4699309998214,224.18585379272403
1789565273,50,,Aggregated,155.300000,0.000000,13,17,21,24,33,60,99,120,330,550,590,29229,0,13,19.33814909213329,3.7874569998166407,594.4699309998214,224.19306168531253
1789565274,50,,Aggregated,154.700000,0.000000,13,17,21,24,33,60,99,120,330,550,590,29388,0,13,19.343569370694365,3.7874569998166407,594.4699309998214,224.20171498570846
1789565275,50,,Aggregated,154.600000,0.000000,13,17,21,24,33,60,99,120,330,550,590,29542,0,13,19.335684250049464,3.7874569998166407,594.4699309998214,224.18444925868255
1789565276,50,,Aggregated,154.400000,0.000000,13,17,21,24,34,60,99,120,330,550,590,29706,0,13,19.326720689893033,3.7874569998166407,594.4699309998214,224.1841042213694
1789565277,50,,Aggregated,154.500000,0.000000,13,17,21,24,33,60,98,120,330,550,590,29856,0,13,19.315709960274845,3.7874569998166407,594.4699309998214,224.17611200428723
1789565278,50,,Aggregated,156.000000,0.000000,13,17,21,24,34,60,98,120,320,520,590,30010,0,13,19.33096363875242,3.7874569998166407,594.4699309998214,224.1736754415195
1789565279,50,,Aggregated,155.000000,0.000000,13,17,21,24,33,60,98,120,320,520,590,30163,0,13,19.32301365871963,3.7874569998166407,594.4699309998214,224.17445214335444
1789565280,50,,Aggregated,153.100000,0.000000,13,17,21,24,34,60,98,120,320,520,590,30314,0,13,19.333732277758138,3.7874569998166407,594.4699309998214,224.1674803721053
1789565281,50,,Aggregated,154.700000,0.000000,13,17,21,24,34,60,98,120,320,520,590,30480,0,13,19.315530775523463,3.7874569998166407,594.4699309998214,224.15971128608925
1789565282,50,,Aggregated,154.400000,0.000000,13,17,21,24,33,59,98,120,320,520,590,30632,0,13,19.277706880678934,3.7874569998166407,594.4699309998214,224.1695938887438
1789565283,50,,Aggregated,154.300000,0.000000,13,17,21,24,33,59,98,120,320,520,590,30793,0,13,19.243907508977983,3.7874569998166407,594.4699309998214,224.16744065209625
1789565284,50,,Aggregated,155.500000,0.000000,13,17,21,24,33,59,98,120,320,520,590,30958,0,13,19.21391673409025,3.7874569998166407,594.4699309998214,224.16499773887202
1789565285,50,,Aggregated,156.700000,0.000000,13,17,21,24,33,59,98,120,320,520,590,31106,0,13,19.219614647816094,3.7874569998166407,594.4699309998214,224.1658522471549
1789565286,50,,Aggregated,156.900000,0.000000,13,17,21,24,33,58,97,120,320,520,590,31273,0,13,19.183422347966772,3.7874569998166407,594.4699309998214,224.15751606817383
1789565287,50,,Aggregated,156.000000,0.000000,13,17,21,24,33,59,98,120,320,520,590,31415,0,13,19.244894731241928,3.7874569998166407,594.4699309998214,224.15231577272004
1789565288,50,,Aggregated,156.100000,0.000000,13,17,21,24,33,59,98,120,320,520,590,31582,0,13,19.20638353207412,3.7874569998166407,594.4699309998214,224.16442910518649
1789565289,50,,Aggregated,155.600000,0.000000,13,17,21,24,33,59,97,120,320,520,590,31737,0,13,19.190172652895885,3.7874569998166407,594.4699309998214,224.1737404291521
1789565290,50,,Aggregated,158.000000,0.000000,13,17,21,24,33,58,97,120,320,520,590,31904,0,13,19.15628971329471,3.7874569998166407,594.4699309998214,224.1900388665998
1789565291,50,,Aggregated,157.100000,0.000000,13,17,21,23,33,58,97,120,320,520,590,32051,0,13,19.13318371436,3.7874569998166407,594.4699309998214,224.19222489157906
1789565292,50,,Aggregated,158.000000,0.000000,13,17,21,24,33,58,97,120,320,520,590,32208,0,13,19.17067340017867,3.7874569998166407,594.4699309998214,224.18641331346248
1789565293,50,,Aggregated,157.700000,0.000000,13,17,21,24,33,58,97,120,320,520,590,32379,0,13,19.14066885740608,3.7874569998166407,594.4699309998214,224.18305074276537
1789565294,50,,Aggregated,157.400000,0.000000,13,17,21,24,33,58,97,120,320,520,590,32528,0,13,19.13651173146062,3.7874569998166407,594.4699309998214,224.18230447614363
1789565295,50,,Aggregated,157.600000,0.000000,13,17,21,24,33,58,97,120,320,520,590,32679,0,13,19.129685714555144,3.7874569998166407,594.4699309998214,224.17901404571742
1789565296,50,,Aggregated,156.900000,0.000000,13,17,21,24,33,59,97,120,320,520,590,32830,0,13,19.183414979072385,3.7874569998166407,594.4699309998214,224.1769722814499
1789565297,50,,Aggregated,156.400000,0.000000,13,17,21,24,33,58,97,120,320,520,590,32978,0,13,19.159789506760426,3.7874569998166407,594.4699309998214,224.17748195766876
1789565298,50,,Aggregated,155.500000,0.000000,13,17,21,24,33,59,98,120,310,520,590,33131,0,13,19.181567499047674,3.7874569998166407,594.4699309998214,224.17759801998128
1789565299,50,,Aggregated,155.800000,0.000000,13,17,21,24,33,59,98,120,310,520,590,33289,0,13,19.15933767015977,3.7874569998166407,594.4699309998214,224.18630778935986
1789565300,50,,Aggregated,154.300000,0.000000,13,17,21,24,33,59,98,120,310,520,590,33440,0,13,19.214866687019818,3.7874569998166407,594.4699309998214,224.18827751196173
1789565301,50,,Aggregated,153.800000,0.000000,13,17,21,24,33,59,98,120,310,520,590,33600,0,13,19.202414894462674,3.7874569998166407,594.4699309998214,224.1915476190476
1789565302,50,,Aggregated,152.500000,0.000000,13,17,21,24,34,60,98,120,310,520,590,33759,0,13,19.238154284840984,3.7874569998166407,594.4699309998214,224.19920613762255
1789565303,50,,Aggregated,153.300000,0.000000,13,17,21,24,33,59,98,120,310,520,590,33919,0,13,19.21165667036022,3.7874569998166407,594.4699309998214,224.1916330080486
1789565304,50,,Aggregated,154.000000,0.000000,13,17,21,24,33,59,98,120,290,520,590,34080,0,13,19.198504912850584,3.7874569998166407,594.4699309998214,224.20011737089203
1789565305,50,,Aggregated,153.900000,0.000000,13,17,21,24,33,59,98,120,290,520,590,34240,0,13,19.181853440273034,3.7874569998166407,594.4699309998214,224.20683411214952
1789565306,50,,Aggregated,156.000000,0.000000,13,17,21,24,33,58,98,120,290,520,590,34403,0,13,19.160974381971126,3.7874569998166407,594.4699309998214,224.2009417783333
1789565307,50,,Aggregated,156.200000,0.000000,13,17,21,24,33,59,98,120,290,520,590,34561,0,13,19.188080382221422,3.7874569998166407,594.4699309998214,224.21179942709992
1789565308,50,,Aggregated,157.000000,0.000000,13,17,21,24,33,59,98,120,290,520,590,34729,0,13,19.16532034674069,3.7874569998166407,594.4699309998214,224.2164761438567
1789565309,50,,Aggregated,158.100000,0.000000,13,17,21,24,33,59,98,120,290,520,590,34886,0,13,19.234488716790747,3.7874569998166407,594.4699309998214,224.20489594679813
1789565310,50,,Aggregated,159.200000,0.000000,13,17,21,24,33,59,98,120,280,520,590,35041,0,13,19.210125611111643,3.7874569998166407,594.4699309998214,224.21001112981935
1789565311,50,,Aggregated,159.100000,0.000000,13,17,21,24,34,60,99,120,280,520,590,35185,0,13,19.284073313598437,3.7874569998166407,594.4699309998214,224.2048884467813
1789565312,50,,Aggregated,160.900000,0.000000,13,17,21,24,33,60,99,120,280,520,590,35351,0,13,19.25483579745868,3.7874569998166407,594.4699309998214,224.20935758535828
1789565313,50,,Aggregated,158.800000,0.000000,13,17,21,24,34,60,99,120,280,520,590,35509,0,13,19.339226673405623,3.7874569998166407,594.4699309998214,224.19972401363034
1789565314,50,,Aggregated,158.000000,0.000000,13,17,21,24,34,60,99,120,280,520,590,35673,0,13,19.318876583969967,3.7874569998166407,594.4699309998214,224.18675188517926
1789565315,50,,Aggregated,158.900000,0.000000,13,17,21,24,34,60,99,120,280,520,590,35832,0,13,19.314534025646235,3.7874569998166407,594.4699309998214,224.18274168341148
1789565316,50,,Aggregated,157.900000,0.000000,13,17,21,24,34,60,99,120,280,520,590,35997,0,13,19.28184855310036,3.7874569998166407,594.4699309998214,224.18832124899296
1789565317,50,,Aggregated,158.800000,0.000000,13,17,21,24,34,59,99,120,280,520,590,36150,0,13,19.269619700192308,3.7874569998166407,594.4699309998214,224.18589211618257
1789565318,50,,Aggregated,159.100000,0.000000,13,17,21,24,34,60,99,120,280,520,590,36311,0,13,19.293839236676206,3.7874569998166407,594.4699309998214,224.18933656467738
1789565319,50,,Aggregated,158.500000,0.000000,13,17,21,24,34,60,99,120,280,520,590,36463,0,13,19.26252268543324,3.7874569998166407,594.4699309998214,224.1673751474097
1789565320,50,,Aggregated,157.300000,0.000000,13,17,21,24,34,60,99,120,280,520,590,36624,0,13,19.26503962917627,3.7874569998166407,594.4699309998214,224.16311708169508
1789565321,50,,Aggregated,157.700000,0.000000,13,17,21,24,34,60,99,120,280,520,590,36783,0,13,19.249665958539303,3.7874569998166407,594.4699309998214,224.16401598564553
1789565322,50,,Aggregated,157.700000,0.000000,13,17,21,24,34,59,99,120,280,520,590,36945,0,13,19.238679233535162,3.7874569998166407,594.4699309998214,224.16199756394641
1789565323,50,,Aggregated,159.400000,0.000000,13,17,21,24,33,59,98,120,280,520,590,37095,0,13,19.225552657257253,3.7874569998166407,594.4699309998214,224.1635530394932
1789565324,50,,Aggregated,159.500000,0.000000,13,17,21,24,34,60,99,120,280,520,590,37250,0,13,19.282514773448508,3.7874569998166407,594.4699309998214,224.15887248322147
1789565325,50,,Aggregated,158.200000,0.000000,13,17,21,24,34,59,99,120,280,520,590,37394,0,13,19.258332648658957,3.7874569998166407,594.4699309998214,224.16454511418945
1789565326,50,,Aggregated,155.400000,0.000000,13,17,21,24,34,60,99,120,280,520,590,37554,0,13,19.292628330083474,3.7874569998166407,594.4699309998214,224.16967566703946
1789565327,50,,Aggregated,156.600000,0.000000,13,17,21,24,34,60,99,120,280,520,590,37713,0,13,19.275271571393297,3.7874569998166407,594.4699309998214,224.1620926470978
1789565328,50,,Aggregated,155.500000,0.000000,13,17,21,24,34,59,99,120,280,520,590,37876,0,13,19.243870006942426,3.7874569998166407,594.4699309998214,224.1665170556553
1789565329,50,,Aggregated,156.000000,0.000000,13,17,21,24,34,60,99,120,280,520,590,38029,0,13,19.26915564250838,3.7874569998166407,594.4699309998214,224.15251518577927
1789565330,50,,Aggregated,157.500000,0.000000,13,17,21,24,34,60,99,120,280,520,590,38192,0,13,19.242933245887897,3.7874569998166407,594.4699309998214,224.16071428571428
1789565331,50,,Aggregated,156.600000,0.000000,13,17,21,24,34,60,99,120,280,520,590,38336,0,13,19.27628857282843,3.7874569998166407,594.4699309998214,224.14920701168614
1789565332,50,,Aggregated,156.900000,0.000000,13,17,21,24,34,60,99,120,280,520,590,38500,0,13,19.25800581924545,3.7874569998166407,594.4699309998214,224.168
1789565333,50,,Aggregated,155.900000,0.000000,13,17,21,24,34,60,99,120,280,520,590,38656,0,13,19.288779168640136,3.7874569998166407,594.4699309998214,224.17342715231788
1789565334,50,,Aggregated,154.700000,0.000000,13,17,21,24,34,60,99,120,280,520,590,38820,0,13,19.279290013728968,3.7874569998166407,594.4699309998214,224.17802679031428
1789565335,50,,Aggregated,155.500000,0.000000,13,17,21,24,34,60,99,120,280,520,590,38958,0,13,19.301907003002157,3.7874569998166407,594.4699309998214,224.19320807022947
1789565336,50,,Aggregated,158.000000,0.000000,13,17,21,24,34,60,99,120,270,520,590,39117,0,13,19.276534796762565,3.7874569998166407,594.4699309998214,224.19280619679424
1789565337,50,,Aggregated,154.900000,0.000000,13,17,21,24,34,60,99,120,270,520,590,39269,0,13,19.29089506475748,3.7874569998166407,594.4699309998214,224.19615982072372
1789565338,50,,Aggregated,155.500000,0.000000,13,17,21,24,34,60,99,120,270,520,590,39429,0,13,19.263361319712907,3.7874569998166407,594.4699309998214,224.19173704633644
1789565339,50,,Aggregated,155.200000,0.000000,13,17,21,24,34,60,99,120,270,520,590,39581,0,13,19.244905817411524,3.7874569998166407,594.4699309998214,224.20295091079052
1789565340,50,,Aggregated,154.300000,0.000000,13,17,21,24,34,60,99,120,270,520,590,39757,0,13,19.26418247822936,3.7874569998166407,594.4699309998214,224.19835500666548
1789565341,50,,Aggregated,155.900000,0.000000,13,17,21,24,34,60,99,120,270,520,590,39918,0,13,19.239139760883912,3.7874569998166407,594.4699309998214,224.20907861115288
1789565342,50,,Aggregated,155.000000,0.000000,13,17,21,24,34,60,99,120,270,510,590,40074,0,13,19.233404849652263,3.7874569998166407,594.4699309998214,224.2084144332984
1789565343,50,,Aggregated,156.300000,0.000000,13,17,21,24,34,60,99,120,270,510,590,40233,0,13,19.21000340392132,3.7874569998166407,594.4699309998214,224.2067208510427
1789565344,50,,Aggregated,158.300000,0.000000,13,17,21,24,34,60,99,120,270,510,590,40387,0,13,19.22685680988849,3.7874569998166407,594.4699309998214,224.21462351746848
1789565345,50,,Aggregated,156.800000,0.000000,13,17,21,24,33,60,99,120,270,510,590,40547,0,13,19.19919071398536,3.7874569998166407,594.4699309998214,224.21796927022962
1789565346,50,,Aggregated,156.100000,0.000000,13,17,21,24,34,61,99,120,270,510,590,40694,0,13,19.26106849972872,3.7874569998166407,594.4699309998214,224.21939352238658
1789565347,50,,Aggregated,159.200000,0.000000,13,17,21,24,34,60,99,120,270,510,590,40841,0,13,19.245381304472478,3.7874569998166407,594.4699309998214,224.21755099042628
1789565348,50,,Aggregated,157.900000,0.000000,13,17,21,24,34,61,100,120,270,510,590,40987,0,13,19.311412954691985,3.7874569998166407,594.4699309998214,224.21199404689293
1789565349,50,,Aggregated,157.900000,0.000000,13,17,21,24,34,61,100,120,260,510,590,41148,0,13,19.288624022503154,3.7874569998166407,594.4699309998214,224.21240400505494
1789565350,50,,Aggregated,155.300000,0.000000,13,17,21,24,34,61,100,120,260,510,590,41306,0,13,19.302832388998173,3.7874569998166407,594.4699309998214,224.21333462450977
1789565351,50,,Aggregated,155.600000,0.000000,13,17,21,24,34,61,100,120,260,510,590,41463,0,13,19.283002426234418,3.7874569998166407,594.4699309998214,224.20857149747968
1789565352,50,,Aggregated,155.100000,0.000000,13,17,21,24,34,61,100,120,260,510,590,41617,0,13,19.294858983875734,3.7874569998166407,594.4699309998214,224.20679049426917
1789565353,50,,Aggregated,154.700000,0.000000,13,17,21,24,34,61,100,120,260,510,590,41774,0,13,19.28635616129548,3.7874569998166407,594.4699309998214,224.19770670752143
1789565354,50,,Aggregated,153.700000,0.000000,13,17,21,24,34,61,100,120,260,510,590,41935,0,13,19.26545779737572,3.7874569998166407,594.4699309998214,224.1984261356862
1789565355,50,,Aggregated,154.000000,0.000000,13,17,21,24,34,61,100,120,260,510,590,42092,0,13,19.287892856218583,3.7874569998166407,594.4699309998214,224.18827805758815
1789565356,50,,Aggregated,155.500000,0.000000,13,17,21,24,34,61,100,120,260,510,590,42247,0,13,19.26251344966395,3.7874569998166407,594.4699309998214,224.18967027244537
1789565357,50,,Aggregated,152.900000,0.000000,13,17,21,24,34,61,100,120,260,510,590,42407,0,13,19.29133023474785,3.7874569998166407,594.4699309998214,224.18567689296577
1789565358,50,,Aggregated,155.000000,0.000000,13,17,21,24,34,61,100,120,260,510,590,42560,0,13,19.26888981571776,3.7874569998166407,594.4699309998214,224.18691259398497
1789565359,50,,Aggregated,155.500000,0.000000,13,17,21,24,34,61,100,120,260,510,590,42708,0,13,19.29328101009045,3.7874569998166407,594.4699309998214,224.1900580687459
1789565360,50,,Aggregated,157.500000,0.000000,13,17,21,24,34,61,100,120,260,510,590,42863,0,13,19.266233272284857,3.7874569998166407,594.4699309998214,224.19035065207754
1789565361,50,,Aggregated,154.800000,0.000000,13,17,21,24,34,61,100,120,250,510,590,43026,0,13,19.264309725699512,3.7874569998166407,594.4699309998214,224.18649188862548
1789565362,50,,Aggregated,156.000000,0.000000,13,17,21,24,33,61,100,120,250,510,590,43182,0,13,19.235103794241702,3.7874569998166407,594.4699309998214,224.1785929322403
1789565363,50,,Aggregated,155.900000,0.000000,13,17,21,24,33,61,100,120,250,510,590,43338,0,13,19.220464876988977,3.7874569998166407,594.4699309998214,224.1781577368591
1789565364,50,,Aggregated,155.800000,0.000000,13,17,21,24,34,61,100,120,250,510,590,43498,0,13,19.248054184581967,3.7874569998166407,594.4699309998214,224.18056002574832
1789565365,50,,Aggregated,157.400000,0.000000,13,17,21,24,33,61,100,120,250,510,590,43663,0,13,19.225250046399676,3.7874569998166407,594.4699309998214,224.1775187229462
1789565366,50,,Aggregated,156.900000,0.000000,13,17,21,24,34,62,100,120,250,510,590,43800,0,13,19.285187886345884,3.7874569998166407,594.4699309998214,224.1821917808219
1789565367,50,,Aggregated,157.900000,0.000000,13,17,21,24,34,62,100,120,250,510,590,43970,0,13,19.285562808118062,3.7874569998166407,594.4699309998214,224.17523311348646
1789565368,50,,Aggregated,156.200000,0.000000,13,17,21,24,34,62,100,120,250,510,590,44125,0,13,19.347106852508826,3.7874569998166407,594.4699309998214,224.18157507082154
1789565369,50,,Aggregated,155.700000,0.000000,13,17,21,24,34,62,100,120,250,510,590,44293,0,13,19.322081991600292,3.7874569998166407,594.4699309998214,224.19980583839433
1789565370,50,,Aggregated,154.100000,0.000000,13,17,21,24,34,62,100,120,250,510,590,44443,0,13,19.32536393796441,3.7874569998166407,594.4699309998214,224.19377629772967
1789565371,50,,Aggregated,158.300000,0.000000,13,17,21,24,34,62,100,120,250,510,590,44601,0,13,19.312453764107346,3.7874569998166407,594.4699309998214,224.1968565727226
1789565372,50,,Aggregated,157.700000,0.000000,13,17,21,24,34,62,100,120,250,510,590,44747,0,13,19.292991874627386,3.7874569998166407,594.4699309998214,224.19529800880505
1789565373,50,,Aggregated,157.200000,0.000000,13,17,21,24,34,62,100,120,250,510,590,44899,0,13,19.347256683733516,3.7874569998166407,594.4699309998214,224.1991803826366
1789565374,50,,Aggregated,156.700000,0.000000,13,17,21,24,34,62,100,120,250,510,590,45059,0,13,19.332109976052507,3.7874569998166407,594.4699309998214,224.19612064182516
1789565375,50,,Aggregated,155.200000,0.000000,13,17,21,24,34,62,100,120,250,510,590,45212,0,13,19.367793407479187,3.7874569998166407,594.4699309998214,224.19645226930902
1789565376,50,,Aggregated,155.100000,0.000000,13,17,21,24,34,62,100,120,250,510,590,45369,0,13,19.357494417332273,3.7874569998166407,594.4699309998214,224.19656593709362
1789565377,50,,Aggregated,154.700000,0.000000,13,17,21,24,34,63,100,120,250,510,590,45520,0,13,19.38632842535029,3.7874569998166407,594.4699309998214,224.20085676625658
1789565378,50,,Aggregated,155.000000,0.000000,13,17,21,24,34,62,100,120,250,510,590,45681,0,13,19.37030801816824,3.7874569998166407,594.4699309998214,224.19942645738928
1789565379,50,,Aggregated,153.400000,0.000000,13,17,21,24,34,62,100,120,250,510,590,45834,0,13,19.372231540950924,3.7874569998166407,594.4699309998214,224.19862983811146
1789565380,50,,Aggregated,156.200000,0.000000,13,17,21,24,34,62,100,120,250,510,590,45996,0,13,19.35626111633505,3.7874569998166407,594.4699309998214,224.20356117923296
1789565381,50,,Aggregated,154.500000,0.000000,13,17,21,24,34,63,100,120,250,510,590,46150,0,13,19.387730483704186,3.7874569998166407,594.4699309998214,224.2063488624052
1789565382,50,,Aggregated,154.700000,0.000000,13,17,21,24,34,62,100,120,250,510,590,46303,0,13,19.370453293738002,3.7874569998166407,594.4699309998214,224.19592682979504
1789565383,50,,Aggregated,155.100000,0.000000,13,17,21,24,34,62,100,120,250,510,590,46466,0,13,19.342910768001328,3.7874569998166407,594.4699309998214,224.19943614686008
1789565384,50,,Aggregated,154.700000,0.000000,13,17,21,24,34,62,100,120,250,510,590,46624,0,13,19.37417078182802,3.7874569998166407,594.4699309998214,224.1852693891558
1789565385,50,,Aggregated,155.400000,0.000000,13,17,21,24,34,62,100,120,250,510,590,46783,0,13,19.355179741037325,3.7874569998166407,594.4699309998214,224.1898125387427
1789565386,50,,Aggregated,155.200000,0.000000,13,17,21,24,34,62,100,120,250,510,590,46927,0,13,19.37629929752486,3.7874569998166407,594.4699309998214,224.19794574551963
1789565387,50,,Aggregated,156.200000,0.000000,13,17,21,24,34,62,100,120,250,510,590,47086,0,13,19.364823525144345,3.7874569998166407,594.4699309998214,224.19192541307396
1789565388,50,,Aggregated,156.300000,0.000000,13,17,21,24,34,63,100,120,250,510,590,47231,0,13,19.409803202789426,3.7874569998166407,594.4699309998214,224.19273358599224
1789565389,50,,Aggregated,156.700000,0.000000,13,17,21,24,34,63,100,120,250,510,590,47387,0,13,19.404137337412063,3.7874569998166407,594.4699309998214,224.1970793677591
1789565390,50,,Aggregated,155.000000,0.000000,13,17,21,24,34,63,100,120,250,510,590,47541,0,13,19.40982933623497,3.7874569998166407,594.4699309998214,224.19702993205865
1789565391,50,,Aggregated,154.900000,0.000000,13,17,21,24,34,63,100,120,250,510,590,47692,0,13,19.39498363956107,3.7874569998166407,594.4699309998214,224.19342866728172
1789565392,50,,Aggregated,154.100000,0.000000,13,17,21,24,34,62,100,120,250,510,590,47853,0,13,19.376970954526314,3.7874569998166407,594.4699309998214,224.19952772031013
1789565393,50,,Aggregated,154.000000,0.000000,13,17,21,24,34,62,100,120,240,510,590,48008,0,13,19.385103011684404,3.7874569998166407,594.4699309998214,224.1890101649725
1789565394,50,,Aggregated,154.500000,0.000000,13,17,21,24,34,62,100,120,240,510,590,48162,0,13,19.37301019170601,3.7874569998166407,594.4699309998214,224.18877953573357
1789565395,50,,Aggregated,153.500000,0.000000,13,17,21,24,34,63,100,120,240,510,590,48327,0,13,19.390215284125794,3.7874569998166407,594.4699309998214,224.17948558776666
1789565396,50,,Aggregated,154.300000,0.000000,13,17,21,24,34,62,100,120,240,510,590,48484,0,13,19.387502069155754,3.7874569998166407,594.4699309998214,224.19074333800842
1789565397,50,,Aggregated,153.300000,0.000000,13,17,21,24,34,62,100,120,240,510,590,48633,0,13,19.383297607467124,3.7874569998166407,594.4699309998214,224.18273600230296
1789565398,50,,Aggregated,153.900000,0.000000,13,17,21,24,34,62,100,120,240,510,590,48785,0,13,19.361824943649694,3.7874569998166407,594.4699309998214,224.1844009429128
1789565399,50,,Aggregated,155.400000,0.000000,13,17,21,24,34,62,100,120,240,510,590,48947,0,13,19.37498997875158,3.7874569998166407,594.4699309998214,224.18152287167752
1789565400,50,,Aggregated,155.600000,0.000000,13,17,21,24,34,62,100,120,240,510,590,49100,0,13,19.359718464520498,3.7874569998166407,594.4699309998214,224.17794297352341
1789565401,50,,Aggregated,155.000000,0.000000,13,17,21,24,34,62,100,120,240,510,590,49253,0,13,19.348939643959923,3.7874569998166407,594.4699309998214,224.18100420278967
1789565402,50,,Aggregated,155.400000,0.000000,13,17,21,24,34,62,100,120,240,510,590,49407,0,13,19.33205465852929,3.7874569998166407,594.4699309998214,224.1741656040642
1789565403,50,,Aggregated,155.600000,0.000000,13,17,21,24,34,62,100,120,240,510,590,49563,0,13,19.32983806793284,3.7874569998166407,594.4699309998214,224.17654298569497
1789565404,50,,Aggregated,155.800000,0.000000,13,17,21,24,34,62,100,120,240,510,590,49716,0,13,19.314478918073828,3.7874569998166407,594.4699309998214,224.17044814546625
1789565405,50,,Aggregated,155.400000,0.000000,13,17,21,24,34,62,100,120,240,510,590,49876,0,13,19.292322799261363,3.7874569998166407,594.4699309998214,224.17429224476703
1789565406,50,,Aggregated,154.500000,0.000000,13,17,21,24,34,62,100,120,230,480,590,50023,0,13,19.3631470951954,3.7874569998166407,594.4699309998214,224.17407992323533
1789565407,50,,Aggregated,155.600000,0.000000,13,17,21,24,34,62,100,120,230,480,590,50184,0,13,19.344526221842813,3.7874569998166407,594.4699309998214,224.16658695998726
1789565408,50,,Aggregated,153.600000,0.000000,13,17,21,24,34,62,100,120,230,480,590,50347,0,13,19.342886984566253,3.7874569998166407,594.4699309998214,224.16874888275368
1789565409,50,,Aggregated,154.200000,0.000000,13,17,21,24,34,62,100,120,230,480,590,50516,0,13,19.324264182832255,3.7874569998166407,594.4699309998214,224.16703618655475
1789565410,50,,Aggregated,155.900000,0.000000,13,17,21,24,34,62,100,120,230,480,590,50674,0,13,19.32854262755956,3.7874569998166407,594.4699309998214,224.18265777321704
1789565411,50,,Aggregated,156.100000,0.000000,13,17,21,24,34,62,100,120,230,480,590,50830,0,13,19.316384823351395,3.7874569998166407,594.4699309998214,224.17859531772575
1789565412,50,,Aggregated,156.400000,0.000000,13,17,21,24,34,62,100,120,230,480,590,50978,0,13,19.328320665227114,3.7874569998166407,594.4699309998214,224.17662521087527
1789565413,50,,Aggregated,156.600000,0.000000,13,17,21,24,34,62,100,120,230,480,590,51137,0,13,19.311188498835392,3.7874569998166407,594.4699309998214,224.1747658251364
1789565414,50,,Aggregated,156.800000,0.000000,13,17,21,24,34,62,100,120,230,480,590,51292,0,13,19.33285233264343,3.7874569998166407,594.4699309998214,224.18297200343133
1789565415,50,,Aggregated,158.100000,0.000000,13,17,21,24,34,62,100,120,230,480,590,51439,0,13,19.34051040103707,3.7874569998166407,594.4699309998214,224.18557903536228
1789565416,50,,Aggregated,157.900000,0.000000,13,17,21,24,34,62,100,120,230,480,590,51598,0,13,19.317213257567097,3.7874569998166407,594.4699309998214,224.1860924842048
1789565417,50,,Aggregated,156.800000,0.000000,13,17,21,24,34,62,100,120,230,480,590,51758,0,13,19.360193166852422,3.7874569998166407,594.4699309998214,224.17305537308243
1789565418,50,,Aggregated,158.400000,0.000000,13,17,21,24,34,62,100,120,230,480,590,51914,0,13,19.34760452964414,3.7874569998166407,594.4699309998214,224.16924143776245
1789565419,50,,Aggregated,156.800000,0.000000,13,17,21,24,34,62,100,120,230,480,590,52063,0,13,19.372994379001398,3.7874569998166407,594.4699309998214,224.17668977968998
1789565420,50,,Aggregated,156.400000,0.000000,13,17,21,24,34,62,100,120,230,480,590,52214,0,13,19.359405750602395,3.7874569998166407,594.4699309998214,224.17694488068335
1789565421,50,,Aggregated,155.100000,0.000000,13,17,21,24,34,62,100,120,230,480,590,52372,0,13,19.356543344419766,3.7874569998166407,594.4699309998214,224.16522187428396
1789565422,50,,Aggregated,154.700000,0.000000,13,17,21,24,34,62,100,120,230,480,590,52529,0,13,19.338746945857547,3.7874569998166407,594.4699309998214,224.16356679167697
1789565423,50,,Aggregated,154.100000,0.000000,13,17,21,24,34,62,100,120,230,480,590,52684,0,13,19.350647038302974,3.7874569998166407,594.4699309998214,224.1530635487055
1789565424,50,,Aggregated,154.400000,0.000000,13,17,21,24,34,62,100,120,230,480,590,52842,0,13,19.334651269197828,3.7874569998166407,594.4699309998214,224.1492373490784
1789565425,50,,Aggregated,153.900000,0.000000,13,17,21,24,34,62,100,120,220,480,590,53006,0,13,19.33777981552939,3.7874569998166407,594.4699309998214,224.15088857865146
1789565426,50,,Aggregated,153.100000,0.000000,13,17,21,24,34,62,100,120,220,480,590,53153,0,13,19.31976322391872,3.7874569998166407,594.4699309998214,224.15587078810228
1789565427,50,,Aggregated,154.300000,0.000000,13,17,21,24,34,62,100,120,220,480,590,53313,0,13,19.297926820793194,3.7874569998166407,594.4699309998214,224.15095755256692
1789565428,50,,Aggregated,154.200000,0.000000,13,17,21,24,34,62,100,120,220,480,590,53474,0,13,19.30111672685694,3.7874569998166407,594.4699309998214,224.15751580207203
1789565429,50,,Aggregated,155.200000,0.000000,13,17,21,24,34,62,100,120,220,480,590,53637,0,13,19.29296490249171,3.7874569998166407,594.4699309998214,224.15297276134012
1789565430,50,,Aggregated,154.900000,0.000000,13,17,21,24,34,62,100,120,220,480,590,53787,0,13,19.307499072488707,3.7874569998166407,594.4699309998214,224.1541078699314
1789565431,50,,Aggregated,155.300000,0.000000,13,17,21,24,34,62,100,120,220,480,590,53954,0,13,19.295506264520718,3.7874569998166407,594.4699309998214,224.15715238907217
1789565432,50,,Aggregated,156.700000,0.000000,13,17,21,24,34,62,100,120,220,480,590,54102,0,13,19.28551610920018,3.7874569998166407,594.4699309998214,224.1556319544564
1789565433,50,,Aggregated,156.300000,0.000000,13,17,21,24,34,62,100,120,220,480,590,54253,0,13,19.283737844837077,3.7874569998166407,594.4699309998214,224.15685768528928
1789565434,50,,Aggregated,155.800000,0.000000,13,17,21,24,34,62,100,120,220,480,590,54410,0,13,19.30525779242689,3.7874569998166407,594.4699309998214,224.1503400110274
1789565435,50,,Aggregated,156.700000,0.000000,13,17,21,24,34,62,100,120,220,480,590,54565,0,13,19.286855178043606,3.7874569998166407,594.4699309998214,224.15044442408137
1789565436,50,,Aggregated,157.000000,0.000000,13,17,21,24,34,62,100,120,220,480,590,54716,0,13,19.293482366089446,3.7874569998166407,594.4699309998214,224.14973682286717
1789565437,50,,Aggregated,155.700000,0.000000,13,17,21,24,34,62,100,120,220,480,590,54869,0,13,19.291752574895707,3.7874569998166407,594.4699309998214,224.14600229637864
1789565438,50,,Aggregated,155.800000,0.000000,13,17,21,24,34,62,100,120,210,480,590,55025,0,13,19.274353375446637,3.7874569998166407,594.4699309998214,224.1483144025443
1789565439,50,,Aggregated,154.500000,0.000000,13,17,21,24,34,62,100,120,210,480,590,55192,0,13,19.277420581460202,3.7874569998166407,594.4699309998214,224.14683287432962
1789565440,50,,Aggregated,155.100000,0.000000,13,17,21,24,34,62,100,120,210,480,590,55358,0,13,19.267349225567322,3.7874569998166407,594.4699309998214,224.14756674735358
1789565441,50,,Aggregated,154.700000,0.000000,13,17,21,24,34,62,100,120,210,480,590,55504,0,13,19.307962046158057,3.7874569998166407,594.4699309998214,224.14708849812627
1789565442,50,,Aggregated,155.200000,0.000000,13,17,21,24,34,62,100,120,210,480,590,55668,0,13,19.29216581114745,3.7874569998166407,594.4699309998214,224.1414996047999
1789565443,50,,Aggregated,155.700000,0.000000,13,17,21,24,34,62,100,120,210,480,590,55822,0,13,19.291281223495332,3.7874569998166407,594.4699309998214,224.1422378273799
1789565444,50,,Aggregated,156.200000,0.000000,13,17,21,24,34,62,100,120,210,480,590,55987,0,13,19.27668965720535,3.7874569998166407,594.4699309998214,224.13744262060837
1789565445,50,,Aggregated,154.400000,0.000000,13,17,21,24,34,62,100,120,200,480,590,56146,0,13,19.27300033338007,3.7874569998166407,594.4699309998214,224.14175542336054
1789565446,50,,Aggregated,157.000000,0.000000,13,17,21,24,34,62,100,120,200,480,590,56306,0,13,19.254357819414622,3.7874569998166407,594.4699309998214,224.13883067523886
1789565447,50,,Aggregated,157.600000,0.000000,13,17,21,24,34,62,100,120,200,480,590,56455,0,13,19.29594579004442,3.7874569998166407,594.4699309998214,224.1351873173324
1789565448,50,,Aggregated,157.800000,0.000000,13,17,21,24,34,62,100,120,200,480,590,56605,0,13,19.288895832964528,3.7874569998166407,594.4699309998214,224.1373730235845
1789565449,50,,Aggregated,159.000000,0.000000,13,17,21,24,34,62,100,120,200,480,590,56763,0,13,19.287113142750712,3.7874569998166407,594.4699309998214,224.1348765921463
1789565450,50,,Aggregated,157.700000,0.000000,13,17,21,24,34,61,100,120,200,480,590,56914,0,13,19.28422822147371,3.7874569998166407,594.4699309998214,224.13843693994448
1789565451,50,,Aggregated,157.700000,0.000000,13,17,21,24,34,61,100,120,200,480,590,57084,0,13,19.273481402476285,3.7874569998166407,594.4699309998214,224.12937075187443
1789565452,50,,Aggregated,155.400000,0.000000,13,17,21,24,34,61,100,120,200,480,590,57232,0,13,19.286755180335426,3.7874569998166407,594.4699309998214,224.13288020687727
1789565453,50,,Aggregated,156.500000,0.000000,13,17,21,24,34,61,100,120,200,480,590,57397,0,13,19.280545927190595,3.7874569998166407,594.4699309998214,224.13307315713365
1789565454,50,,Aggregated,156.500000,0.000000,13,17,21,24,34,61,100,120,200,480,590,57548,0,13,19.29957570240419,3.7874569998166407,594.4699309998214,224.12877945367345
1789565455,50,,Aggregated,157.900000,0.000000,13,17,21,24,34,61,100,120,200,480,590,57715,0,13,19.282674843748755,3.7874569998166407,594.4699309998214,224.13104045742008
1789565456,50,,Aggregated,155.500000,0.000000,13,17,21,24,34,61,100,120,200,480,590,57864,0,13,19.30649445817709,3.7874569998166407,594.4699309998214,224.13642333748098
1789565457,50,,Aggregated,155.700000,0.000000,13,17,21,24,34,61,100,120,200,480,590,58024,0,13,19.294982194505018,3.7874569998166407,594.4699309998214,224.13673652281815
1789565458,50,,Aggregated,156.200000,0.000000,13,17,21,24,34,61,100,120,200,480,590,58179,0,13,19.291046730692482,3.7874569998166407,594.4699309998214,224.1384348304371
1789565459,50,,Aggregated,156.700000,0.000000,13,17,21,24,34,61,100,120,200,480,590,58338,0,13,19.271565306780406,3.7874569998166407,594.4699309998214,224.13987452432377
1789565460,50,,Aggregated,155.700000,0.000000,13,17,21,24,34,61,100,120,200,480,590,58478,0,13,19.316795064775707,3.7874569998166407,594.4699309998214,224.1382058209925
1789565461,50,,Aggregated,157.200000,0.000000,13,17,21,24,34,61,100,120,200,480,590,58639,0,13,19.308048614487856,3.7874569998166407,594.4699309998214,224.13639386756253
1789565462,50,,Aggregated,158.300000,0.000000,13,17,21,24,34,61,100,120,200,480,590,58789,0,13,19.298198578542777,3.7874569998166407,594.4699309998214,224.1296160846417
1789565463,50,,Aggregated,155.400000,0.000000,13,17,21,24,34,62,100,120,200,480,590,58955,0,13,19.341252818674363,3.7874569998166407,594.4699309998214,224.12811466372656
1789565464,50,,Aggregated,156.000000,0.000000,13,17,21,24,34,61,100,120,200,480,590,59117,0,13,19.319369045468235,3.7874569998166407,594.4699309998214,224.12659641050797
1789565465,50,,Aggregated,155.600000,0.000000,13,17,21,24,34,61,100,120,200,480,590,59277,0,13,19.33078114686885,3.7874569998166407,594.4699309998214,224.1247532769877
1789565466,50,,Aggregated,155.900000,0.000000,13,17,21,24,34,61,100,120,200,480,590,59431,0,13,19.314856198296226,3.7874569998166407,594.4699309998214,224.13057158721878
1789565467,50,,Aggregated,155.400000,0.000000,13,17,21,24,34,61,100,120,200,480,590,59584,0,13,19.336669374025632,3.7874569998166407,594.4699309998214,224.1300349087003
1789565468,50,,Aggregated,155.200000,0.000000,13,17,21,24,34,61,100,120,200,480,590,59748,0,13,19.319723734852158,3.7874569998166407,594.4699309998214,224.1271172256812
1789565469,50,,Aggregated,154.600000,0.000000,13,17,21,24,34,61,100,120,200,480,590,59909,0,13,19.31876102865925,3.7874569998166407,594.4699309998214,224.1238712046604
1789565470,50,,Aggregated,156.500000,0.000000,13,17,21,24,34,61,100,120,200,480,590,60065,0,13,19.300284288403308,3.7874569998166407,594.4699309998214,224.1280612669608
1789565471,50,,Aggregated,156.300000,0.000000,13,17,21,24,34,61,100,120,200,480,590,60221,0,13,19.300714954416957,3.7874569998166407,594.4699309998214,224.12879228176217
1789565472,50,,Aggregated,156.400000,0.000000,13,17,21,24,34,61,100,120,200,480,590,60382,0,13,19.290394674471646,3.7874569998166407,594.4699309998214,224.1311814779239
1789565473,50,,Aggregated,158.600000,0.000000,13,17,21,24,34,61,100,120,200,480,590,60525,0,13,19.331903922262676,3.7874569998166407,594.4699309998214,224.12315572077654
1789565474,50,,Aggregated,157.500000,0.000000,13,17,21,24,34,61,100,120,200,480,590,60680,0,13,19.316319010018905,3.7874569998166407,594.4699309998214,224.1278180619644
1789565475,50,,Aggregated,157.200000,0.000000,13,17,21,24,34,61,100,120,200,480,590,60831,0,13,19.30849563523443,3.7874569998166407,594.4699309998214,224.1319886242212
1789565476,50,,Aggregated,156.700000,0.000000,13,17,21,24,34,61,100,120,200,480,590,60992,0,13,19.29313016449608,3.7874569998166407,594.4699309998214,224.1310335781742
1789565477,50,,Aggregated,157.000000,0.000000,13,17,21,24,34,61,100,120,200,480,590,61133,0,13,19.27723168488294,3.7874569998166407,594.4699309998214,224.13581862496525
1789565478,50,,Aggregated,156.200000,0.000000,13,17,21,24,34,61,100,120,200,480,590,61311,0,13,19.291027168663852,3.7874569998166407,594.4699309998214,224.13212963416026
1789565479,50,,Aggregated,156.600000,0.000000,13,17,21,24,34,61,100,120,200,480,590,61470,0,13,19.27738991242801,3.7874569998166407,594.4699309998214,224.13876687815196
1789565480,50,,Aggregated,155.300000,0.000000,13,17,21,24,34,61,100,120,200,480,590,61613,0,13,19.33729726356366,3.7874569998166407,594.4699309998214,224.13748721860645
1789565481,50,,Aggregated,156.100000,0.000000,13,17,21,24,34,61,100,120,200,480,590,61767,0,13,19.324352370423494,3.7874569998166407,594.4699309998214,224.14098143021354
1789565482,50,,Aggregated,153.800000,0.000000,13,17,21,24,34,62,100,120,200,480,590,61938,0,13,19.342534300993623,3.7874569998166407,594.4699309998214,224.14759921211535
1789565483,50,,Aggregated,154.500000,0.000000,13,17,21,24,34,61,100,120,200,480,590,62098,0,13,19.333177245449743,3.7874569998166407,594.4699309998214,224.14415923218138
1789565484,50,,Aggregated,155.700000,0.000000,13,17,21,24,34,62,100,120,200,480,590,62242,0,13,19.34592956857013,3.7874569998166407,594.4699309998214,224.14681404839178
1789565485,50,,Aggregated,156.000000,0.000000,13,17,21,24,34,62,100,120,200,480,590,62410,0,13,19.331817523344696,3.7874569998166407,594.4699309998214,224.1415638519468
1789565486,50,,Aggregated,156.300000,0.000000,13,17,21,24,34,61,100,120,200,480,590,62562,0,13,19.324105971563224,3.7874569998166407,594.4699309998214,224.14067644896264
1789565487,50,,Aggregated,155.900000,0.000000,13,17,21,24,34,61,100,120,200,480,590,62733,0,13,19.312104640411587,3.7874569998166407,594.4699309998214,224.1452505061132
1789565488,50,,Aggregated,157.000000,0.000000,13,17,21,24,34,61,100,120,200,480,590,62890,0,13,19.300876563618004,3.7874569998166407,594.4699309998214,224.14604865638415
1789565489,50,,Aggregated,157.300000,0.000000,13,17,21,24,34,61,100,120,190,480,590,63044,0,13,19.30347622144749,3.7874569998166407,594.4699309998214,224.14450225239514
1789565490,50,,Aggregated,158.500000,0.000000,13,17,21,24,34,61,100,120,190,480,590,63197,0,13,19.287205248365225,3.7874569998166407,594.4699309998214,224.14761776666614
1789565491,50,,Aggregated,156.200000,0.000000,13,17,21,24,34,61,100,120,190,480,590,63345,0,13,19.298471942251744,3.7874569998166407,594.4699309998214,224.14272633988475
1789565492,50,,Aggregated,159.200000,0.000000,13,17,21,24,34,61,100,120,190,480,590,63496,0,13,19.28646532650777,3.7874569998166407,594.4699309998214,224.13808743857882
1789565493,50,,Aggregated,157.200000,0.000000,13,17,21,24,34,61,100,120,190,480,590,63644,0,13,19.298525661176882,3.7874569998166407,594.4699309998214,224.13694928037208
1789565494,50,,Aggregated,156.100000,0.000000,13,17,21,24,34,61,100,120,190,480,590,63805,0,13,19.283002456609122,3.7874569998166407,594.4699309998214,224.13110257816786
1789565495,50,,Aggregated,155.400000,0.000000,13,17,21,24,34,61,100,120,190,480,590,63954,0,13,19.276861115769908,3.7874569998166407,594.4699309998214,224.12652844231792
1789565496,50,,Aggregated,155.300000,0.000000,13,17,21,24,34,61,100,120,190,480,590,64106,0,13,19.276704399930534,3.7874569998166407,594.4699309998214,224.12867750288584
1789565497,50,,Aggregated,155.500000,0.000000,13,17,21,24,34,60,100,120,190,480,590,64270,0,13,19.25888196419708,3.7874569998166407,594.4699309998214,224.12806908355375
1789565498,50,,Aggregated,154.800000,0.000000,13,17,21,24,34,61,100,120,190,480,590,64429,0,13,19.258382644181193,3.7874569998166407,594.4699309998214,224.12579738937436
1789565499,50,,Aggregated,153.300000,0.000000,13,17,21,24,34,60,100,120,190,480,590,64591,0,13,19.244795839729235,3.7874569998166407,594.4699309998214,224.12620953383598
1789565500,50,,Aggregated,153.100000,0.000000,13,17,21,24,34,61,100,120,190,480,590,64745,0,13,19.273266686168068,3.7874569998166407,594.4699309998214,224.11742991736813
1789565501,50,,Aggregated,154.600000,0.000000,13,17,21,24,34,61,100,120,190,480,590,64909,0,13,19.258374613719933,3.7874569998166407,594.4699309998214,224.12041473447442
1789565502,50,,Aggregated,153.800000,0.000000,13,17,21,24,34,61,100,120,190,480,590,65062,0,13,19.271030478850076,3.7874569998166407,594.4699309998214,224.12056192554795
1789565503,50,,Aggregated,155.600000,0.000000,13,17,21,24,34,61,100,120,190,480,590,65214,0,13,19.259090742907063,3.7874569998166407,594.4699309998214,224.11356457202442
1789565504,50,,Aggregated,155.900000,0.000000,13,17,21,24,34,61,100,120,190,480,590,65365,0,13,19.25927855333804,3.7874569998166407,594.4699309998214,224.1140518626176
1789565505,50,,Aggregated,156.300000,0.000000,13,17,21,24,34,60,100,120,190,480,590,65528,0,13,19.24300864987398,3.7874569998166407,594.4699309998214,224.1161640825296
1789565506,50,,Aggregated,155.700000,0.000000,13,17,21,24,34,61,100,120,200,480,590,65679,0,13,19.31328114622549,3.7874569998166407,594.4699309998214,224.1213782183042
1789565507,50,,Aggregated,155.300000,0.000000,13,17,21,24,34,61,100,120,200,480,590,65832,0,13,19.29631062123196,3.7874569998166407,594.4699309998214,224.11899987847855
1789565508,50,,Aggregated,156.500000,0.000000,13,17,21,24,34,61,100,120,200,480,590,65973,0,13,19.298805855925043,3.7874569998166407,594.4699309998214,224.11569884649782
1789565509,50,,Aggregated,155.000000,0.000000,13,17,21,24,34,61,100,120,190,480,590,66136,0,13,19.293545975247106,3.7874569998166407,594.4699309998214,224.12377525099794
1789565510,50,,Aggregated,155.900000,0.000000,13,17,21,24,34,61,100,120,190,480,590,66284,0,13,19.287029014059854,3.7874569998166407,594.4699309998214,224.1225936877678
1789565511,50,,Aggregated,155.000000,0.000000,13,17,21,24,34,61,100,120,190,480,590,66433,0,13,19.282316720559727,3.7874569998166407,594.4699309998214,224.12516369876417
1789565512,50,,Aggregated,154.000000,0.000000,13,17,21,24,34,61,100,120,190,480,590,66593,0,13,19.270328451998623,3.7874569998166407,594.4699309998214,224.12469779105913
1789565513,50,,Aggregated,152.800000,0.000000,13,17,21,24,34,61,100,120,190,480,590,66737,0,13,19.318810378080236,3.7874569998166407,594.4699309998214,224.12928360579588
1789565514,50,,Aggregated,152.500000,0.000000,13,17,21,24,34,61,100,120,190,480,590,66898,0,13,19.308675921611147,3.7874569998166407,594.4699309998214,224.1245777153278
1789565515,50,,Aggregated,152.200000,0.000000,13,17,21,24,34,61,100,120,190,480,590,67054,0,13,19.327428958450547,3.7874569998166407,594.4699309998214,224.11762161839712
1789565516,50,,Aggregated,152.600000,0.000000,13,17,21,24,34,61,100,120,190,480,590,67211,0,13,19.30797325528474,3.7874569998166407,594.4699309998214,224.11645415185015
1789565517,50,,Aggregated,153.400000,0.000000,13,17,21,24,34,61,100,120,190,480,590,67376,0,13,19.327088854977216,3.7874569998166407,594.4699309998214,224.11760864402754
1789565518,50,,Aggregated,152.000000,0.000000,13,17,21,24,34,61,100,120,190,480,590,67528,0,13,19.317001068933514,3.7874569998166407,594.4699309998214,224.12286755123802
1789565519,50,,Aggregated,155.300000,0.000000,13,17,21,24,34,61,100,120,190,480,590,67680,0,13,19.302202470463147,3.7874569998166407,594.4699309998214,224.114036643026
1789565520,50,,Aggregated,154.300000,0.000000,13,17,21,24,34,61,100,120,190,480,590,67834,0,13,19.318842139398292,3.7874569998166407,594.4699309998214,224.11808237756878
1789565521,50,,Aggregated,155.100000,0.000000,13,17,21,24,34,61,100,120,190,480,590,67995,0,13,19.303388377953404,3.7874569998166407,594.4699309998214,224.10993455401132
1789565522,50,,Aggregated,155.400000,0.000000,13,17,21,24,34,62,100,120,190,480,590,68147,0,13,19.313664613320288,3.7874569998166407,594.4699309998214,224.10581536971546
1789565523,50,,Aggregated,155.600000,0.000000,13,17,21,24,34,61,100,120,190,480,590,68309,0,13,19.29534700261958,3.7874569998166407,594.4699309998214,224.11002942511234
1789565524,50,,Aggregated,155.500000,0.000000,13,17,21,24,34,62,100,120,190,480,590,68458,0,13,19.312936976028226,3.7874569998166407,594.4699309998214,224.10448742294545
1789565525,50,,Aggregated,155.200000,0.000000,13,17,21,24,34,61,100,120,190,480,590,68616,0,13,19.306274936049014,3.7874569998166407,594.4699309998214,224.10376588550776
1789565526,50,,Aggregated,156.500000,0.000000,13,17,21,24,34,61,100,120,190,480,590,68774,0,13,19.30187912622412,3.7874569998166407,594.4699309998214,224.0993253264315
1789565527,50,,Aggregated,155.800000,0.000000,13,17,21,24,34,61,100,120,190,480,590,68937,0,13,19.28898893903038,3.7874569998166407,594.4699309998214,224.10062810972337
1789565528,50,,Aggregated,156.900000,0.000000,13,17,21,24,34,61,100,120,190,480,590,69084,0,13,19.300071718081433,3.7874569998166407,594.4699309998214,224.0999218342887
1789565529,50,,Aggregated,155.700000,0.000000,13,17,21,24,34,61,100,120,190,480,590,69230,0,13,19.290883175327732,3.7874569998166407,594.4699309998214,224.10496894409937
1789565530,50,,Aggregated,155.600000,0.000000,13,17,21,24,34,61,100,120,190,480,590,69388,0,13,19.282173676110247,3.7874569998166407,594.4699309998214,224.10337522338156
1789565531,50,,Aggregated,154.200000,0.000000,13,17,21,24,34,61,100,120,190,480,590,69540,0,13,19.29489337450301,3.7874569998166407,594.4699309998214,224.10486051193558
1789565532,50,,Aggregated,154.000000,0.000000,13,17,21,24,34,61,100,120,190,480,590,69701,0,13,19.282646899096704,3.7874569998166407,594.4699309998214,224.10097416105938
1789565533,50,,Aggregated,152.800000,0.000000,13,17,21,24,34,61,100,120,190,480,590,69854,0,13,19.28793402536636,3.7874569998166407,594.4699309998214,224.09924986400208
1789565534,50,,Aggregated,154.000000,0.000000,13,17,21,24,34,61,100,120,190,480,590,70007,0,13,19.28282970899963,3.7874569998166407,594.4699309998214,224.0977902209779
1789565535,50,,Aggregated,153.900000,0.000000,13,17,21,24,34,61,100,120,190,480,590,70165,0,13,19.303233404075232,3.7874569998166407,594.4699309998214,224.09876719161974
1789565536,50,,Aggregated,154.900000,0.000000,13,17,21,24,34,61,100,120,190,480,590,70331,0,13,19.288113719027706,3.7874569998166407,594.4699309998214,224.09745347002033
1789565537,50,,Aggregated,153.600000,0.000000,13,17,21,24,34,61,100,120,190,480,590,70491,0,13,19.293477022115443,3.7874569998166407,594.4699309998214,224.1049353818218
1789565538,50,,Aggregated,153.600000,0.000000,13,17,21,24,34,61,100,120,190,480,590,70654,0,13,19.28183524198127,3.7874569998166407,594.4699309998214,224.1068021626518
1789565539,50,,Aggregated,155.700000,0.000000,13,17,21,24,34,61,100,120,190,480,590,70799,0,13,19.314006034081658,3.7874569998166407,594.4699309998214,224.1102134210935
1789565540,50,,Aggregated,155.000000,0.000000,13,17,21,24,34,61,100,120,190,480,590,70950,0,13,19.308733852501003,3.7874569998166407,594.4699309998214,224.102762508809
1789565541,50,,Aggregated,156.500000,0.000000,13,17,21,24,34,62,100,120,230,480,590,71081,0,13,19.399290159268247,3.7874569998166407,594.4699309998214,224.10108186435193
1789565542,50,,Aggregated,156.200000,0.000000,13,17,21,24,34,62,100,120,230,480,590,71250,0,13,19.41640172406942,3.7874569998166407,594.4699309998214,224.09894736842105
1789565543,50,,Aggregated,158.200000,0.000000,13,17,21,24,34,62,100,120,230,480,590,71401,0,13,19.41755971358865,3.7874569998166407,594.4699309998214,224.0999705886472
1789565544,50,,Aggregated,154.300000,0.000000,13,17,21,24,34,61,100,120,230,480,590,71557,0,13,19.40919736055096,3.7874569998166407,594.4699309998214,224.09862068001732
1789565545,50,,Aggregated,156.100000,0.000000,13,17,21,24,34,62,100,120,230,480,590,71706,0,13,19.464127872408774,3.7874569998166407,594.4699309998214,224.10918193735532
1789565546,50,,Aggregated,153.700000,0.000000,13,17,21,24,34,62,100,120,230,480,590,71850,0,13,19.476430586888604,3.7874569998166407,594.4699309998214,224.10572025052193
1789565547,50,,Aggregated,155.800000,0.000000,13,17,21,24,34,62,100,120,230,480,590,72014,0,13,19.46020956059861,3.7874569998166407,594.4699309998214,224.1019662843336
1789565548,50,,Aggregated,152.600000,0.000000,13,17,21,24,34,62,100,120,230,480,590,72164,0,13,19.453039216824845,3.7874569998166407,594.4699309998214,224.10675683166122
1789565549,50,,Aggregated,151.000000,0.000000,13,17,21,24,34,62,100,120,230,480,590,72334,0,13,19.462576357258655,3.7874569998166407,594.4699309998214,224.09717421959243
1789565550,50,,Aggregated,152.100000,0.000000,13,17,21,24,34,62,100,120,230,480,590,72492,0,13,19.447774382482834,3.7874569998166407,594.4699309998214,224.09710036969597
1789565551,50,,Aggregated,152.100000,0.000000,13,17,21,24,34,62,100,120,230,480,590,72646,0,13,19.449300096205494,3.7874569998166407,594.4699309998214,224.0943066376676
1789565552,50,,Aggregated,152.800000,0.000000,13,17,21,24,34,62,100,120,230,480,590,72807,0,13,19.43193293937322,3.7874569998166407,594.4699309998214,224.0959385773346
1789565553,50,,Aggregated,152.900000,0.000000,13,17,21,24,34,62,100,120,230,480,590,72967,0,13,19.427253225183264,3.7874569998166407,594.4699309998214,224.09760576699057
1789565554,50,,Aggregated,155.900000,0.000000,13,17,21,24,34,62,100,120,230,480,590,73125,0,13,19.41780945642324,3.7874569998166407,594.4699309998214,224.1074324786325
1789565555,50,,Aggregated,155.000000,0.000000,13,17,21,24,34,62,100,120,230,480,590,73278,0,13,19.44577530535706,3.7874569998166407,594.4699309998214,224.10091705559648
1789565556,50,,Aggregated,155.900000,0.000000,13,17,21,24,34,62,100,120,230,480,590,73437,0,13,19.431555244358506,3.7874569998166407,594.4699309998214,224.1002628103
1789565557,50,,Aggregated,156.100000,0.000000,13,17,21,24,34,62,100,120,230,480,590,73592,0,13,19.431161216476756,3.7874569998166407,594.4699309998214,224.0969534732036
1789565558,50,,Aggregated,158.000000,0.000000,13,17,21,24,34,62,100,120,230,480,590,73751,0,13,19.415333801574967,3.7874569998166407,594.4699309998214,224.10136811704248
1789565559,50,,Aggregated,158.000000,0.000000,13,17,21,24,34,62,100,120,230,480,590,73920,0,13,19.41683228193928,3.7874569998166407,594.4699309998214,224.10530303030302
1789565560,50,,Aggregated,157.900000,0.000000,13,17,21,24,34,62,100,120,230,480,590,74073,0,13,19.40385118719302,3.7874569998166407,594.4699309998214,224.11164661887597
1789565561,50,,Aggregated,158.000000,0.000000,13,17,21,24,34,62,100,120,230,480,590,74223,0,13,19.403299286958894,3.7874569998166407,594.4699309998214,224.11359012704958
1789565562,50,,Aggregated,158.700000,0.000000,13,17,21,24,34,62,100,120,230,480,590,74392,0,13,19.391034022649585,3.7874569998166407,594.4699309998214,224.11317077105065
1789565563,50,,Aggregated,157.700000,0.000000,13,17,21,24,34,62,100,120,230,480,590,74546,0,13,19.37913859572546,3.7874569998166407,594.4699309998214,224.11237356799828
1789565564,50,,Aggregated,157.200000,0.000000,13,17,21,24,34,62,100,120,230,480,590,74699,0,13,19.366652440902154,3.7874569998166407,594.4699309998214,224.1090509913118
1789565565,50,,Aggregated,158.200000,0.000000,13,17,21,24,34,62,100,120,230,480,590,74859,0,13,19.36853937080311,3.7874569998166407,594.4699309998214,224.10559852522744
1789565566,50,,Aggregated,158.000000,0.000000,13,17,21,24,34,62,100,120,230,480,590,75016,0,13,19.351053663644432,3.7874569998166407,594.4699309998214,224.09737922576517
1789565567,50,,Aggregated,157.300000,0.000000,13,17,21,24,34,62,100,120,230,480,590,75169,0,13,19.346613122443433,3.7874569998166407,594.4699309998214,224.09591719990954
1789565568,50,,Aggregated,157.300000,0.000000,13,17,21,24,34,62,100,120,230,480,590,75328,0,13,19.33703791624564,3.7874569998166407,594.4699309998214,224.10021505947324
1789565569,50,,Aggregated,157.800000,0.000000,13,17,21,24,34,61,100,120,230,480,590,75485,0,13,19.318981458580517,3.7874569998166407,594.4699309998214,224.0966152215672
1789565570,50,,Aggregated,157.500000,0.000000,13,17,21,24,34,62,100,120,230,480,590,75643,0,13,19.375712879538742,3.7874569998166407,594.4699309998214,224.09987705405655
1789565571,50,,Aggregated,157.400000,0.000000,13,17,21,24,34,62,100,120,230,480,590,75804,0,13,19.36674882322765,3.7874569998166407,594.4699309998214,224.10351696480396
1789565572,50,,Aggregated,155.100000,0.000000,13,17,21,24,34,62,100,120,230,480,590,75962,0,13,19.35319879692409,3.7874569998166407,594.4699309998214,224.1026039335457
1789565573,50,,Aggregated,156.500000,0.000000,13,17,21,24,34,62,100,120,220,480,590,76126,0,13,19.338648305125016,3.7874569998166407,594.4699309998214,224.09883614008353
1789565574,50,,Aggregated,157.600000,0.000000,13,17,21,24,34,62,100,120,220,480,590,76282,0,13,19.35217860836037,3.7874569998166407,594.4699309998214,224.09687737605202
1789565575,50,,Aggregated,157.100000,0.000000,13,17,21,24,34,62,100,120,220,480,590,76436,0,13,19.339716637342924,3.7874569998166407,594.4699309998214,224.0998874875713
1789565576,50,,Aggregated,157.500000,0.000000,13,17,21,24,34,62,100,120,220,480,590,76601,0,13,19.327068996826938,3.7874569998166407,594.4699309998214,224.0936019112022
1789565577,50,,Aggregated,157.900000,0.000000,13,17,21,24,34,62,100,120,220,480,590,76756,0,13,19.318153983362073,3.7874569998166407,594.4699309998214,224.09491114701132
1789565578,50,,Aggregated,157.800000,0.000000,13,17,21,24,34,62,100,120,220,480,590,76908,0,13,19.341195397877165,3.7874569998166407,594.4699309998214,224.1003276642222
1789565579,50,,Aggregated,158.100000,0.000000,13,17,21,24,34,62,100,120,220,480,590,77074,0,13,19.32872624606141,3.7874569998166407,594.4699309998214,224.10220048265305
1789565580,50,,Aggregated,158.100000,0.000000,13,17,21,24,34,62,100,120,220,480,590,77219,0,13,19.333754468122265,3.7874569998166407,594.4699309998214,224.09686735129955
1789565581,50,,Aggregated,156.600000,0.000000,13,17,21,24,34,62,100,120,220,480,590,77378,0,13,19.324900861665224,3.7874569998166407,594.4699309998214,224.10031275039418
1789565582,50,,Aggregated,159.000000,0.000000,13,17,21,24,34,62,100,120,220,480,590,77525,0,13,19.342041919238056,3.7874569998166407,594.4699309998214,224.09212512092873
1789565583,50,,Aggregated,156.900000,0.000000,13,17,21,24,34,62,100,120,220,480,590,77678,0,13,19.330364769431885,3.7874569998166407,594.4699309998214,224.08604752954506
1789565584,50,,Aggregated,157.000000,0.000000,13,17,21,24,34,62,100,120,220,480,590,77834,0,13,19.32623763337267,3.7874569998166407,594.4699309998214,224.09129686255363
1789565585,50,,Aggregated,155.000000,0.000000,13,17,21,24,34,62,100,120,220,480,590,77986,0,13,19.314249244684053,3.7874569998166407,594.4699309998214,224.09603005667685
1789565586,50,,Aggregated,154.800000,0.000000,13,17,21,24,34,62,100,120,220,480,590,78125,0,13,19.31092153421997,3.7874569998166407,594.4699309998214,224.0981376
1789565587,50,,Aggregated,154.200000,0.000000,13,17,21,24,34,62,100,120,220,480,590,78283,0,13,19.365639255776312,3.7874569998166407,594.4699309998214,224.0999322969227
1789565588,50,,Aggregated,154.900000,0.000000,13,17,21,24,34,62,100,120,220,480,590,78442,0,13,19.354282578209812,3.7874569998166407,594.4699309998214,224.1010045638816
1789565589,50,,Aggregated,151.800000,0.000000,13,17,21,24,34,62,100,120,220,480,590,78596,0,13,19.351693482822736,3.7874569998166407,594.4699309998214,224.09751132373148
1789565590,50,,Aggregated,151.800000,0.000000,13,17,21,24,34,62,100,120,220,480,590,78752,0,13,19.338687310607117,3.7874569998166407,594.4699309998214,224.09858797236896
1789565591,50,,Aggregated,153.000000,0.000000,13,17,21,24,34,62,100,120,220,480,590,78897,0,13,19.345202236231177,3.7874569998166407,594.4699309998214,224.0981913127242
1789565592,50,,Aggregated,152.300000,0.000000,13,17,21,24,34,62,100,120,220,480,590,79065,0,13,19.328877743956706,3.7874569998166407,594.4699309998214,224.10443306140516
1789565593,50,,Aggregated,153.800000,0.000000,13,17,21,24,34,62,100,120,220,480,590,79225,0,13,19.334884813038048,3.7874569998166407,594.4699309998214,224.09946355317135
1789565594,50,,Aggregated,152.000000,0.000000,13,17,21,24,34,62,100,120,220,480,590,79381,0,13,19.32364788056261,3.7874569998166407,594.4699309998214,224.09875159043096
1789565595,50,,Aggregated,154.300000,0.000000,13,17,21,24,34,62,100,120,220,480,590,79537,0,13,19.339537836540703,3.7874569998166407,594.4699309998214,224.1015502219093
1789565596,50,,Aggregated,154.400000,0.000000,13,17,21,24,34,62,100,120,220,480,590,79697,0,13,19.33265610523535,3.7874569998166407,594.4699309998214,224.10759501612355
1789565598,50,,Aggregated,154.300000,0.000000,13,17,21,24,34,62,100,120,220,480,590,79844,0,13,19.32384154419793,3.7874569998166407,594.4699309998214,224.11047793196732
1789565599,50,,Aggregated,156.700000,0.000000,13,17,21,24,34,62,100,120,220,480,590,80011,0,13,19.343685491594155,3.7874569998166407,594.4699309998214,224.1119096124283
1789565600,50,,Aggregated,156.700000,0.000000,13,17,21,24,34,62,100,120,220,480,590,80172,0,13,19.33885360068278,3.7874569998166407,594.4699309998214,224.1160255450781
1789565601,50,,Aggregated,156.400000,0.000000,13,17,21,24,34,62,100,120,220,480,590,80320,0,13,19.343885927999764,3.7874569998166407,594.4699309998214,224.1167579681275
1789565602,50,,Aggregated,156.400000,0.000000,13,17,21,24,34,62,100,120,220,480,590,80478,0,13,19.341206563233904,3.7874569998166407,594.4699309998214,224.116081413554
1789565603,50,,Aggregated,155.600000,0.000000,13,17,21,24,34,62,100,120,220,480,590,80637,0,13,19.337369417437884,3.7874569998166407,594.4699309998214,224.11673301338095
1789565604,50,,Aggregated,157.300000,0.000000,13,17,21,24,34,62,100,120,220,480,590,80794,0,13,19.326335397194587,3.7874569998166407,594.4699309998214,224.11851127558978
1789565605,50,,Aggregated,156.600000,0.000000,13,17,21,24,34,62,100,120,220,480,590,80939,0,13,19.33780809175972,3.7874569998166407,594.4699309998214,224.11401178665415
1789565606,50,,Aggregated,156.100000,0.000000,13,17,21,24,34,62,100,120,220,480,590,81100,0,13,19.32605728448754,3.7874569998166407,594.4699309998214,224.11667077681875
1789565607,50,,Aggregated,155.500000,0.000000,13,17,21,24,34,62,100,120,220,480,590,81252,0,13,19.333489760891286,3.7874569998166407,594.4699309998214,224.11554177127948
1789565608,50,,Aggregated,155.800000,0.000000,13,17,21,24,34,62,100,120,220,480,590,81412,0,13,19.318653085551773,3.7874569998166407,594.4699309998214,224.12080528668992
1789565609,50,,Aggregated,155.200000,0.000000,13,17,21,24,34,62,100,120,220,480,590,81574,0,13,19.317105593092688,3.7874569998166407,594.4699309998214,224.1221835388727
1789565610,50,,Aggregated,156.900000,0.000000,13,17,21,24,34,62,100,120,220,480,590,81725,0,13,19.3060194655606,3.7874569998166407,594.4699309998214,224.12302233098808
1789565611,50,,Aggregated,156.000000,0.000000,13,17,21,24,34,62,100,120,220,480,590,81874,0,13,19.314653013691096,3.7874569998166407,594.4699309998214,224.12838019395656
1789565612,50,,Aggregated,154.900000,0.000000,13,17,21,24,34,62,100,120,220,480,590,82043,0,13,19.30595470215547,3.7874569998166407,594.4699309998214,224.13078507611863
1789565613,50,,Aggregated,155.700000,0.000000,13,17,21,24,34,62,100,120,220,480,590,82185,0,13,19.299143281899905,3.7874569998166407,594.4699309998214,224.1290989839995
1789565614,50,,Aggregated,155.500000,0.000000,13,17,21,24,34,62,100,120,220,480,590,82355,0,13,19.310815528746772,3.7874569998166407,594.4699309998214,224.12941533604518
1789565615,50,,Aggregated,154.800000,0.000000,13,17,21,24,34,62,100,120,220,480,590,82524,0,13,19.300039198220425,3.7874569998166407,594.4699309998214,224.12905336629345
1789565616,50,,Aggregated,155.700000,0.000000,13,17,21,24,34,62,100,120,220,480,590,82672,0,13,19.325515541331256,3.7874569998166407,594.4699309998214,224.13201567640797
1789565617,50,,Aggregated,157.800000,0.000000,13,17,21,24,34,62,100,120,220,480,590,82832,0,13,19.31754106295802,3.7874569998166407,594.4699309998214,224.1328472088082
1789565618,50,,Aggregated,156.900000,0.000000,13,17,21,24,34,62,100,120,220,480,590,82988,0,13,19.30922020528201,3.7874569998166407,594.4699309998214,224.130970742758
1789565619,50,,Aggregated,157.600000,0.000000,13,17,21,24,34,62,100,120,220,480,590,83145,0,13,19.305153344698315,3.7874569998166407,594.4699309998214,224.13495700282638
1789565620,50,,Aggregated,156.800000,0.000000,13,17,21,24,34,62,100,120,220,480,590,83294,0,13,19.341515811402246,3.7874569998166407,594.4699309998214,224.1321463730881
1789565621,50,,Aggregated,157.300000,0.000000,13,17,21,24,34,62,100,120,220,480,590,83449,0,13,19.33830602555972,3.7874569998166407,594.4699309998214,224.13181703795132
1789565622,50,,Aggregated,156.600000,0.000000,13,17,21,24,34,62,100,120,220,480,590,83600,0,13,19.36654224885088,3.7874569998166407,594.4699309998214,224.1300956937799
1789565623,50,,Aggregated,156.200000,0.000000,13,17,21,24,34,62,100,120,220,480,590,83761,0,13,19.364983267307412,3.7874569998166407,594.4699309998214,224.12794737407623
1789565624,50,,Aggregated,156.000000,0.000000,13,17,21,24,34,62,100,120,220,480,590,83904,0,13,19.356089738438392,3.7874569998166407,594.4699309998214,224.12211575133486
1789565625,50,,Aggregated,156.700000,0.000000,13,17,21,24,34,62,100,120,210,480,590,84074,0,13,19.37468529165897,3.7874569998166407,594.4699309998214,224.11720627066632
1789565626,50,,Aggregated,155.700000,0.000000,13,17,21,24,34,62,100,120,210,480,590,84233,0,13,19.368159344614813,3.7874569998166407,594.4699309998214,224.11925254947585
1789565627,50,,Aggregated,154.900000,0.000000,13,17,21,24,34,62,100,120,210,480,590,84403,0,13,19.37958321891326,3.7874569998166407,594.4699309998214,224.1219150978046
1789565628,50,,Aggregated,155.600000,0.000000,13,17,21,24,34,62,100,120,210,480,590,84568,0,13,19.370997763160357,3.7874569998166407,594.4699309998214,224.12317898022891
1789565629,50,,Aggregated,156.000000,0.000000,13,17,21,24,34,62,100,120,210,480,590,84718,0,13,19.377707033970776,3.7874569998166407,594.4699309998214,224.12167426048774
1789565630,50,,Aggregated,157.000000,0.000000,13,17,21,24,34,62,100,120,210,480,590,84877,0,13,19.36589048034151,3.7874569998166407,594.4699309998214,224.12181156261414
1789565631,50,,Aggregated,156.000000,0.000000,13,17,21,24,34,62,100,120,210,480,590,85042,0,13,19.37902334716906,3.7874569998166407,594.4699309998214,224.12178688177607
1789565632,50,,Aggregated,157.100000,0.000000,13,17,21,24,34,62,100,120,210,480,590,85201,0,13,19.369185123941687,3.7874569998166407,594.4699309998214,224.12611354326827
1789565633,50,,Aggregated,158.600000,0.000000,13,17,21,24,34,63,100,120,210,480,590,85353,0,13,19.390279169565833,3.7874569998166407,594.4699309998214,224.12303023912457
1789565634,50,,Aggregated,158.600000,0.000000,13,17,21,24,34,63,100,120,210,480,590,85506,0,13,19.384360069503327,3.7874569998166407,594.4699309998214,224.1232311182841
1789565635,50,,Aggregated,157.200000,0.000000,13,17,21,24,34,63,100,120,210,480,590,85673,0,13,19.386240558098187,3.7874569998166407,594.4699309998214,224.1244499433894
1789565636,50,,Aggregated,158.900000,0.000000,13,17,21,24,34,63,100,120,210,480,590,85827,0,13,19.375508916750455,3.7874569998166407,594.4699309998214,224.12489076863923
1789565637,50,,Aggregated,158.100000,0.000000,13,17,21,24,34,62,100,120,210,480,590,85974,0,13,19.364786013038138,3.7874569998166407,594.4699309998214,224.12692209272572
1789565638,50,,Aggregated,159.200000,0.000000,13,17,21,24,34,63,100,120,210,480,590,86149,0,13,19.367470813241486,3.7874569998166407,594.4699309998214,224.1285447306411
1789565639,50,,Aggregated,158.800000,0.000000,13,17,21,24,34,62,100,120,210,480,590,86306,0,13,19.35773110621433,3.7874569998166407,594.4699309998214,224.12964336199104
1789565640,50,,Aggregated,157.900000,0.000000,13,17,21,24,34,63,100,120,210,480,590,86461,0,13,19.379573154392613,3.7874569998166407,594.4699309998214,224.12922589375557
1789565641,50,,Aggregated,158.400000,0.000000,13,17,21,24,34,63,100,120,210,480,590,86619,0,13,19.3774332052199,3.7874569998166407,594.4699309998214,224.12729308812155
1789565642,50,,Aggregated,158.000000,0.000000,13,17,21,24,34,63,100,120,210,480,590,86770,0,13,19.398231971902064,3.7874569998166407,594.4699309998214,224.1296185317506
1789565643,50,,Aggregated,157.400000,0.000000,13,17,21,24,34,63,100,120,210,480,590,86931,0,13,19.395036887001687,3.7874569998166407,594.4699309998214,224.12909088817568
1789565644,50,,Aggregated,157.300000,0.000000,13,17,21,24,34,63,100,120,210,480,590,87086,0,13,19.405309962748895,3.7874569998166407,594.4699309998214,224.13067542429323
1789565645,50,,Aggregated,158.500000,0.000000,13,17,21,24,34,63,100,120,210,480,590,87247,0,13,19.391650438673572,3.7874569998166407,594.4699309998214,224.13269224156704
1789565646,50,,Aggregated,157.100000,0.000000,13,17,21,24,34,63,100,120,210,480,590,87404,0,13,19.39419097140821,3.7874569998166407,594.4699309998214,224.13395267951122
1789565647,50,,Aggregated,157.300000,0.000000,13,17,21,24,34,63,100,120,210,480,590,87558,0,13,19.387885080289163,3.7874569998166407,594.4699309998214,224.13792000730945
1789565648,50,,Aggregated,155.600000,0.000000,13,17,21,24,34,63,100,120,210,480,590,87719,0,13,19.387246078568637,3.7874569998166407,594.4699309998214,224.1377694684162
1789565649,50,,Aggregated,156.500000,0.000000,13,17,21,24,34,63,100,120,210,480,590,87876,0,13,19.38336783616645,3.7874569998166407,594.4699309998214,224.1410624061177
1789565650,50,,Aggregated,156.800000,0.000000,13,17,21,24,34,62,100,120,210,480,590,88021,0,13,19.37467653314516,3.7874569998166407,594.4699309998214,224.14448824712284
1789565651,50,,Aggregated,156.600000,0.000000,13,17,21,24,34,63,100,120,210,480,590,88182,0,13,19.395994367965972,3.7874569998166407,594.4699309998214,224.14370279648907
1789565652,50,,Aggregated,156.600000,0.000000,13,17,21,24,34,63,100,120,210,480,590,88346,0,13,19.382207687036924,3.7874569998166407,594.4699309998214,224.14275688769158
1789565653,50,,Aggregated,155.800000,0.000000,13,17,21,24,34,63,100,120,210,480,590,88501,0,13,19.388718337396828,3.7874569998166407,594.4699309998214,224.1433204144586
1789565654,50,,Aggregated,156.200000,0.000000,13,17,21,24,34,63,100,120,210,480,590,88664,0,13,19.373828069610735,3.7874569998166407,594.4699309998214,224.1399891726067
1789565655,50,,Aggregated,157.000000,0.000000,13,17,21,24,34,63,100,120,210,480,590,88829,0,13,19.38176242042539,3.7874569998166407,594.4699309998214,224.1376352317374
1789565656,50,,Aggregated,157.200000,0.000000,13,17,21,24,34,63,100,120,210,480,590,88990,0,13,19.37767694065589,3.7874569998166407,594.4699309998214,224.13990335992807
1789565657,50,,Aggregated,158.100000,0.000000,13,17,21,24,34,63,100,120,210,480,590,89146,0,13,19.40061651104892,3.7874569998166407,594.4699309998214,224.13825634352634
1789565658,50,,Aggregated,159.000000,0.000000,13,17,21,24,34,63,100,120,210,480,590,89312,0,13,19.38938006436952,3.7874569998166407,594.4699309998214,224.13923101039055
1789565659,50,,Aggregated,157.600000,0.000000,13,17,21,24,34,63,100,120,210,480,590,89466,0,13,19.408722228723402,3.7874569998166407,594.4699309998214,224.13760534728277
1789565660,50,,Aggregated,158.200000,0.000000,13,17,21,24,34,63,100,120,210,480,590,89629,0,13,19.403219858304503,3.7874569998166407,594.4699309998214,224.13983197402627
1789565661,50,,Aggregated,157.600000,0.000000,13,17,21,24,34,63,100,120,210,480,590,89780,0,13,19.411255927878983,3.7874569998166407,594.4699309998214,224.14175762976163
1789565662,50,,Aggregated,159.100000,0.000000,13,17,21,24,34,63,100,120,210,480,590,89941,0,13,19.400180776353064,3.7874569998166407,594.4699309998214,224.13765690841774
1789565663,50,,Aggregated,160.600000,0.000000,13,17,21,24,34,63,100,120,210,460,590,90098,0,13,19.398849633631965,3.7874569998166407,594.4699309998214,224.13563009167794
1789565664,50,,Aggregated,159.700000,0.000000,13,17,21,24,34,63,100,120,210,460,590,90248,0,13,19.40947611941507,3.7874569998166407,594.4699309998214,224.14190896197147
1789565665,50,,Aggregated,158.700000,0.000000,13,17,21,24,34,63,100,120,210,460,590,90412,0,13,19.41085495136676,3.7874569998166407,594.4699309998214,224.13734902446578
1789565666,50,,Aggregated,158.500000,0.000000,13,17,21,24,34,63,100,120,210,460,590,90567,0,13,19.41647665342761,3.7874569998166407,594.4699309998214,224.13583314010623
1789565667,50,,Aggregated,158.000000,0.000000,13,17,21,24,34,63,100,120,210,460,590,90722,0,13,19.404251657910745,3.7874569998166407,594.4699309998214,224.13789378541037
1789565668,50,,Aggregated,157.300000,0.000000,13,17,21,24,34,63,100,120,210,460,590,90886,0,13,19.396429134464903,3.7874569998166407,594.4699309998214,224.136973791343
1789565669,50,,Aggregated,157.900000,0.000000,13,17,21,24,34,63,100,120,210,460,590,91043,0,13,19.384330037476552,3.7874569998166407,594.4699309998214,224.13606757246575
1789565670,50,,Aggregated,157.200000,0.000000,13,17,21,24,34,63,100,120,210,460,590,91205,0,13,19.386341762523713,3.7874569998166407,594.4699309998214,224.13960857409134
1789565671,50,,Aggregated,158.400000,0.000000,13,17,21,24,34,63,100,120,210,460,590,91364,0,13,19.377388698327284,3.7874569998166407,594.4699309998214,224.13854472221007
1789565672,50,,Aggregated,157.800000,0.000000,13,17,21,24,34,63,100,120,210,460,590,91494,0,13,19.375826667792147,3.7874569998166407,594.4699309998214,224.13581218440552
1789565673,50,,Aggregated,156.700000,0.000000,13,17,21,24,34,63,100,120,210,460,590,91667,0,13,19.403069657444526,3.7874569998166407,594.4699309998214,224.1384794964382
1789565674,50,,Aggregated,157.600000,0.000000,13,17,21,24,34,63,100,120,210,460,590,91834,0,13,19.393315640982234,3.7874569998166407,594.4699309998214,224.13373042663937
1789565675,50,,Aggregated,156.500000,0.000000,13,17,21,24,34,63,100,120,210,460,590,91992,0,13,19.394252960333045,3.7874569998166407,594.4699309998214,224.1340768762501
1789565676,50,,Aggregated,157.800000,0.000000,13,17,21,24,34,63,100,120,210,460,590,92155,0,13,19.388088405262398,3.7874569998166407,594.4699309998214,224.13289566491238
1789565677,50,,Aggregated,158.100000,0.000000,13,17,21,24,34,63,100,120,210,460,590,92300,0,13,19.394843426792555,3.7874569998166407,594.4699309998214,224.1273672806067
1789565678,50,,Aggregated,159.200000,0.000000,13,17,21,24,34,63,100,120,210,460,590,92467,0,13,19.389677524424464,3.7874569998166407,594.4699309998214,224.13114949116982
1789565679,50,,Aggregated,157.700000,0.000000,13,17,21,24,34,63,100,120,210,460,590,92628,0,13,19.396255249945582,3.7874569998166407,594.4699309998214,224.13357732003283
1789565680,50,,Aggregated,158.600000,0.000000,13,17,21,24,34,63,100,120,210,460,590,92788,0,13,19.38403582784367,3.7874569998166407,594.4699309998214,224.130685002371
1789565681,50,,Aggregated,157.600000,0.000000,13,17,21,24,34,63,100,120,210,460,590,92938,0,13,19.406977449697234,3.7874569998166407,594.4699309998214,224.1288601002819
1789565682,50,,Aggregated,157.400000,0.000000,13,17,21,24,34,63,100,120,200,460,590,93085,0,13,19.395283796937864,3.7874569998166407,594.4699309998214,224.13128860718697
1789565683,50,,Aggregated,157.100000,0.000000,13,17,21,24,34,63,100,120,200,460,590,93236,0,13,19.39761399766146,3.7874569998166407,594.4699309998214,224.12810502381055
1789565684,50,,Aggregated,155.800000,0.000000,13,17,21,24,34,63,100,120,200,460,590,93389,0,13,19.38841975773341,3.7874569998166407,594.4699309998214,224.12534666823717
1789565685,50,,Aggregated,156.800000,0.000000,13,17,21,24,34,63,100,120,200,460,590,93552,0,13,19.39462022033701,3.7874569998166407,594.4699309998214,224.12660338635197
1789565686,50,,Aggregated,155.400000,0.000000,13,17,21,24,34,63,100,120,200,460,590,93697,0,13,19.38517876018417,3.7874569998166407,594.4699309998214,224.12853132971173
1789565687,50,,Aggregated,155.400000,0.000000,13,17,21,24,34,63,100,120,200,460,590,93862,0,13,19.375856610726064,3.7874569998166407,594.4699309998214,224.12879546568365
1789565688,50,,Aggregated,154.000000,0.000000,13,17,21,24,34,63,100,120,200,460,590,94016,0,13,19.3909528350171,3.7874569998166407,594.4699309998214,224.1308181586113
1789565689,50,,Aggregated,155.500000,0.000000,13,17,21,24,34,63,100,120,200,460,590,94189,0,13,19.381855859834616,3.7874569998166407,594.4699309998214,224.1346760237395
1789565690,50,,Aggregated,154.000000,0.000000,13,17,21,24,34,63,100,120,200,460,590,94336,0,13,19.37896840846512,3.7874569998166407,594.4699309998214,224.13698906037993
1789565691,50,,Aggregated,155.700000,0.000000,13,17,21,24,34,63,100,120,200,460,590,94498,0,13,19.36911863448925,3.7874569998166407,594.4699309998214,224.13690236830408
1789565692,50,,Aggregated,154.700000,0.000000,13,17,21,24,34,63,100,120,200,460,590,94655,0,13,19.38619159939733,3.7874569998166407,594.4699309998214,224.1385769372986
1789565693,50,,Aggregated,155.700000,0.000000,13,17,21,24,34,63,100,120,200,460,590,94803,0,13,19.380071394776017,3.7874569998166407,594.4699309998214,224.13579739037795
1789565694,50,,Aggregated,156.300000,0.000000,13,17,21,24,34,63,100,120,200,460,590,94965,0,13,19.398695724139927,3.7874569998166407,594.4699309998214,224.13340704470068
1789565695,50,,Aggregated,156.600000,0.000000,13,17,21,24,34,63,100,120,200,460,590,95116,0,13,19.387773339563772,3.7874569998166407,594.4699309998214,224.13663316371589
1789565696,50,,Aggregated,157.000000,0.000000,13,17,21,24,34,63,100,120,200,460,590,95261,0,13,19.392632364776205,3.7874569998166407,594.4699309998214,224.13616275285793
1789565697,50,,Aggregated,155.800000,0.000000,13,17,21,24,34,63,100,120,200,460,590,95433,0,13,19.40533743743715,3.7874569998166407,594.4699309998214,224.1361373948215
1789565698,50,,Aggregated,157.000000,0.000000,13,17,21,24,34,63,100,120,200,460,590,95585,0,13,19.39462718335447,3.7874569998166407,594.4699309998214,224.13427839096093
1789565699,50,,Aggregated,156.700000,0.000000,13,17,21,24,34,63,100,120,200,460,590,95737,0,13,19.428793083352776,3.7874569998166407,594.4699309998214,224.13240439955294
1789565700,50,,Aggregated,157.100000,0.000000,13,17,21,24,34,63,100,120,200,460,590,95908,0,13,19.41732601055117,3.7874569998166407,594.4699309998214,224.13054176919547
1789565701,50,,Aggregated,155.200000,0.000000,13,17,21,24,34,63,100,120,200,460,590,96061,0,13,19.420788947668047,3.7874569998166407,594.4699309998214,224.127419035821
1789565702,50,,Aggregated,156.600000,0.000000,13,17,21,24,34,63,100,120,200,460,590,96229,0,13,19.4090565263168,3.7874569998166407,594.4699309998214,224.12555466647268
1789565703,50,,Aggregated,155.500000,0.000000,13,17,21,24,34,64,100,120,200,460,590,96373,0,13,19.44311117763209,3.7874569998166407,594.4699309998214,224.12530480528778
1789565704,50,,Aggregated,156.700000,0.000000,13,17,21,24,34,63,100,120,200,460,590,96526,0,13,19.434497144675372,3.7874569998166407,594.4699309998214,224.12644261649712
1789565705,50,,Aggregated,156.200000,0.000000,13,17,21,24,34,64,100,120,200,460,590,96670,0,13,19.439624257783553,3.7874569998166407,594.4699309998214,224.12570601013758
1789565706,50,,Aggregated,156.100000,0.000000,13,17,21,24,34,63,100,120,200,460,590,96832,0,13,19.429773462429093,3.7874569998166407,594.4699309998214,224.12065226371448
1789565707,50,,Aggregated,155.600000,0.000000,13,17,21,24,34,63,100,120,200,460,590,96999,0,13,19.43080908693832,3.7874569998166407,594.4699309998214,224.12218682666833
1789565708,50,,Aggregated,155.500000,0.000000,13,17,21,24,34,63,100,120,200,460,590,97162,0,13,19.420860319280482,3.7874569998166407,594.4699309998214,224.12915543113562
1789565709,50,,Aggregated,155.800000,0.000000,13,17,21,24,34,63,100,120,200,460,590,97306,0,13,19.4287342432731,3.7874569998166407,594.4699309998214,224.12896429819332
1789565710,50,,Aggregated,156.100000,0.000000,13,17,21,24,34,63,100,120,200,460,590,97460,0,13,19.422406279611444,3.7874569998166407,594.4699309998214,224.12702647239894
1789565711,50,,Aggregated,156.200000,0.000000,13,17,21,24,34,64,100,120,200,460,590,97611,0,13,19.452088604808207,3.7874569998166407,594.4699309998214,224.12824374302076
1789565712,50,,Aggregated,155.500000,0.000000,13,17,21,24,34,64,100,120,200,460,590,97765,0,13,19.44043347657079,3.7874569998166407,594.4699309998214,224.12581189587274
1789565713,50,,Aggregated,154.200000,0.000000,13,17,21,24,34,64,100,120,200,460,590,97928,0,13,19.44227384547776,3.7874569998166407,594.4699309998214,224.11921003186015
1789565714,50,,Aggregated,154.200000,0.000000,13,17,21,24,34,63,100,120,200,460,590,98087,0,13,19.435624383597634,3.7874569998166407,594.4699309998214,224.12333948433533
1789565715,50,,Aggregated,155.600000,0.000000,13,17,21,24,34,63,100,120,200,460,590,98234,0,13,19.42639538191395,3.7874569998166407,594.4699309998214,224.12366390455443
1789565716,50,,Aggregated,155.600000,0.000000,13,17,21,24,34,63,100,120,200,460,590,98407,0,13,19.4214094129578,3.7874569998166407,594.4699309998214,224.12358876909164
1789565717,50,,Aggregated,157.300000,0.000000,13,17,21,24,34,63,100,120,200,460,590,98558,0,13,19.41452774844193,3.7874569998166407,594.4699309998214,224.12151220601066
1789565718,50,,Aggregated,156.200000,0.000000,13,17,21,24,34,63,100,120,200,460,590,98720,0,13,19.408244217604796,3.7874569998166407,594.4699309998214,224.1189120745543
1789565719,50,,Aggregated,157.100000,0.000000,13,17,21,24,34,63,100,120,200,460,590,98883,0,13,19.402846089883433,3.7874569998166407,594.4699309998214,224.11636985123835
1789565720,50,,Aggregated,157.000000,0.000000,13,17,21,24,34,63,100,120,200,460,590,99031,0,13,19.416375973048243,3.7874569998166407,594.4699309998214,224.11688259231957
1789565721,50,,Aggregated,157.600000,0.000000,13,17,21,24,34,63,100,120,200,460,590,99193,0,13,19.40976822116416,3.7874569998166407,594.4699309998214,224.1166211325396
1789565722,50,,Aggregated,156.800000,0.000000,13,17,21,24,34,63,100,120,200,460,590,99351,0,13,19.41548379408296,3.7874569998166407,594.4699309998214,224.11919356624492
1789565723,50,,Aggregated,159.400000,0.000000,13,17,21,24,34,63,100,120,200,460,590,99505,0,13,19.410625057493988,3.7874569998166407,594.4699309998214,224.11506959449275
1789565724,50,,Aggregated,158.400000,0.000000,13,17,21,24,34,63,100,120,200,460,590,99654,0,13,19.42156572400458,3.7874569998166407,594.4699309998214,224.1135428582897
1789565725,50,,Aggregated,157.600000,0.000000,13,17,21,24,34,63,100,120,200,460,590,99806,0,13,19.410770939351895,3.7874569998166407,594.4699309998214,224.11267859647717
1789565726,50,,Aggregated,156.000000,0.000000,13,17,21,24,34,63,100,120,200,460,590,99965,0,13,19.42337938898575,3.7874569998166407,594.4699309998214,224.1145600960336
1789565727,50,,Aggregated,155.600000,0.000000,13,17,21,24,34,63,100,120,200,460,590,100116,0,13,19.414569114836432,3.7874569998166407,594.4699309998214,224.11624515561948
1789565728,50,,Aggregated,156.800000,0.000000,13,17,21,24,34,63,100,120,200,460,590,100272,0,13,19.424418852620455,3.7874569998166407,594.4699309998214,224.11421932344024
1789565729,50,,Aggregated,154.800000,0.000000,13,17,21,24,34,63,100,120,200,460,590,100428,0,13,19.421264839864957,3.7874569998166407,594.4699309998214,224.11317560839606
1789565730,50,,Aggregated,154.500000,0.000000,13,17,21,24,34,63,100,120,200,460,590,100587,0,13,19.411467570997825,3.7874569998166407,594.4699309998214,224.11265869346934
1789565731,50,,Aggregated,154.300000,0.000000,13,17,21,24,34,63,100,120,200,460,590,100751,0,13,19.420998519716477,3.7874569998166407,594.4699309998214,224.11146291351946
1789565732,50,,Aggregated,155.900000,0.000000,13,17,21,24,34,63,100,120,200,460,590,100912,0,13,19.41419156590845,3.7874569998166407,594.4699309998214,224.11003646741716
1789565733,50,,Aggregated,155.100000,0.000000,13,17,21,24,34,63,100,120,200,460,590,101064,0,13,19.417998603062912,3.7874569998166407,594.4699309998214,224.10958402596376
1789565734,50,,Aggregated,155.000000,0.000000,13,17,21,24,34,63,100,120,200,460,590,101223,0,13,19.40676705111436,3.7874569998166407,594.4699309998214,224.10821651205754
1789565735,50,,Aggregated,155.400000,0.000000,13,17,21,24,34,63,100,120,200,460,590,101378,0,13,19.416084809681983,3.7874569998166407,594.4699309998214,224.11006332734914
1789565736,50,,Aggregated,157.000000,0.000000,13,17,21,24,34,63,100,120,200,460,590,101535,0,13,19.410774450632154,3.7874569998166407,594.4699309998214,224.10642635544394
1789565737,50,,Aggregated,156.800000,0.000000,13,17,21,24,34,63,100,120,200,460,590,101680,0,13,19.42584058445059,3.7874569998166407,594.4699309998214,224.1122934697089
1789565738,50,,Aggregated,155.800000,0.000000,13,17,21,24,34,63,100,120,200,460,590,101841,0,13,19.42150627318012,3.7874569998166407,594.4699309998214,224.11090818039887
1789565739,50,,Aggregated,155.300000,0.000000,13,17,21,24,34,63,100,120,200,460,590,101986,0,13,19.412067803178257,3.7874569998166407,594.4699309998214,224.11269193810915
1789565740,50,,Aggregated,156.400000,0.000000,13,17,21,24,34,63,100,120,200,460,590,102156,0,13,19.411484545331916,3.7874569998166407,594.4699309998214,224.11267081718157
1789565741,50,,Aggregated,157.300000,0.000000,13,17,21,24,34,63,100,120,200,460,590,102310,0,13,19.42228432942953,3.7874569998166407,594.4699309998214,224.11528687322843
1789565742,50,,Aggregated,155.200000,0.000000,13,17,21,24,34,63,100,120,200,460,590,102465,0,13,19.413332388678437,3.7874569998166407,594.4699309998214,224.11450739276827
1789565743,50,,Aggregated,156.300000,0.000000,13,17,21,24,34,63,100,120,200,460,590,102623,0,13,19.431050294865,3.7874569998166407,594.4699309998214,224.11344435457937
1789565744,50,,Aggregated,155.900000,0.000000,13,17,21,24,34,63,100,120,200,460,590,102766,0,13,19.423942198099905,3.7874569998166407,594.4699309998214,224.1135784208785
1789565745,50,,Aggregated,156.100000,0.000000,13,17,21,24,34,63,100,120,200,460,590,102937,0,13,19.413542506571353,3.7874569998166407,594.4699309998214,224.11146623663018
1789565746,50,,Aggregated,154.700000,0.000000,13,17,21,24,34,64,100,120,200,460,590,103087,0,13,19.4330556805896,3.7874569998166407,594.4699309998214,224.11282702959636
1789565747,50,,Aggregated,155.300000,0.000000,13,17,21,24,34,63,100,120,200,460,590,103253,0,13,19.424215010342945,3.7874569998166407,594.4699309998214,224.11552206715544
1789565748,50,,Aggregated,155.600000,0.000000,13,17,21,24,34,63,100,120,200,460,590,103409,0,13,19.423939607025883,3.7874569998166407,594.4699309998214,224.11499966153818
1789565749,50,,Aggregated,157.300000,0.000000,13,17,21,24,34,63,100,120,200,460,590,103576,0,13,19.418967573124448,3.7874569998166407,594.4699309998214,224.1174499884143
1789565750,50,,Aggregated,156.400000,0.000000,13,17,21,24,34,63,100,120,200,460,590,103724,0,13,19.42288610310954,3.7874569998166407,594.4699309998214,224.11967336392735
1789565751,50,,Aggregated,156.700000,0.000000,13,17,21,24,34,63,100,120,200,460,590,103871,0,13,19.41526521784651,3.7874569998166407,594.4699309998214,224.1204667327743
1789565752,50,,Aggregated,157.400000,0.000000,13,17,21,24,34,64,100,120,200,460,590,104033,0,13,19.430395770870163,3.7874569998166407,594.4699309998214,224.12092316860995
1789565753,50,,Aggregated,156.100000,0.000000,13,17,21,24,34,63,100,120,200,460,590,104193,0,13,19.424341505100557,3.7874569998166407,594.4699309998214,224.1202288061578
1789565754,50,,Aggregated,156.300000,0.000000,13,17,21,24,34,64,100,120,200,460,590,104350,0,13,19.433450232744992,3.7874569998166407,594.4699309998214,224.1193770963105
1789565755,50,,Aggregated,156.100000,0.000000,13,17,21,24,34,63,100,120,200,460,590,104517,0,13,19.428907320081294,3.7874569998166407,594.4699309998214,224.12005702421615
1789565756,50,,Aggregated,156.300000,0.000000,13,17,21,24,34,63,100,120,200,460,590,104674,0,13,19.430834896220034,3.7874569998166407,594.4699309998214,224.12465368668438
1789565757,50,,Aggregated,157.500000,0.000000,13,17,21,24,34,63,100,120,200,460,590,104832,0,13,19.423892720676275,3.7874569998166407,594.4699309998214,224.1178743131868
1789565758,50,,Aggregated,158.200000,0.000000,13,17,21,24,34,64,100,120,200,460,590,104974,0,13,19.44822784245555,3.7874569998166407,594.4699309998214,224.12059176558006
1789565759,50,,Aggregated,157.400000,0.000000,13,17,21,24,34,64,100,120,190,460,590,105143,0,13,19.44092048149596,3.7874569998166407,594.4699309998214,224.12417374432914
1789565760,50,,Aggregated,156.000000,0.000000,13,17,21,24,34,64,100,120,190,460,590,105293,0,13,19.441292645673816,3.7874569998166407,594.4699309998214,224.12539295109838
1789565761,50,,Aggregated,156.400000,0.000000,13,17,21,24,34,64,100,120,190,460,590,105449,0,13,19.43188870872111,3.7874569998166407,594.4699309998214,224.12390824000227
1789565762,50,,Aggregated,156.300000,0.000000,13,17,21,24,34,64,100,120,190,460,590,105606,0,13,19.43759624957803,3.7874569998166407,594.4699309998214,224.1222847186713
1789565763,50,,Aggregated,156.500000,0.000000,13,17,21,24,34,64,100,120,190,460,590,105766,0,13,19.43226442295194,3.7874569998166407,594.4699309998214,224.11732503829208
1789565764,50,,Aggregated,157.100000,0.000000,13,17,21,24,34,63,100,120,190,460,590,105910,0,13,19.425337883711965,3.7874569998166407,594.4699309998214,224.1159852705127
1789565765,50,,Aggregated,156.800000,0.000000,13,17,21,24,34,63,100,120,190,460,590,106074,0,13,19.430210914879538,3.7874569998166407,594.4699309998214,224.11480664441805
1789565766,50,,Aggregated,157.800000,0.000000,13,17,21,24,34,63,100,120,190,460,590,106230,0,13,19.418215508537475,3.7874569998166407,594.4699309998214,224.11308481596535
1789565767,50,,Aggregated,155.100000,0.000000,13,17,21,24,34,64,100,120,190,460,590,106363,0,13,19.442744102864108,3.7874569998166407,594.4699309998214,224.10921090980887
1789565768,50,,Aggregated,154.700000,0.000000,13,17,21,24,34,63,100,120,190,460,590,106529,0,13,19.437678346468445,3.7874569998166407,594.4699309998214,224.10909705338452
1789565769,50,,Aggregated,153.200000,0.000000,13,17,21,24,34,63,100,120,190,460,590,106688,0,13,19.437129731290646,3.7874569998166407,594.4699309998214,224.10868138872226
1789565770,50,,Aggregated,155.200000,0.000000,13,17,21,24,34,63,100,120,190,460,590,106845,0,13,19.426156794290154,3.7874569998166407,594.4699309998214,224.11422153586972
1789565771,50,,Aggregated,154.500000,0.000000,13,17,21,24,34,63,100,120,190,460,590,106999,0,13,19.430782457760657,3.7874569998166407,594.4699309998214,224.11454312657128
1789565772,50,,Aggregated,154.500000,0.000000,13,17,21,24,34,63,100,120,190,460,590,107153,0,13,19.426321740463898,3.7874569998166407,594.4699309998214,224.11869009733746
1789565773,50,,Aggregated,154.200000,0.000000,13,17,21,24,34,63,100,120,190,460,590,107309,0,13,19.443270833629324,3.7874569998166407,594.4699309998214,224.11939352710397
1789565774,50,,Aggregated,154.800000,0.000000,13,17,21,24,34,63,100,120,190,460,590,107475,0,13,19.43598912095767,3.7874569998166407,594.4699309998214,224.11784135845545
1789565775,50,,Aggregated,154.100000,0.000000,13,17,21,24,34,63,100,120,190,460,590,107640,0,13,19.437469735153464,3.7874569998166407,594.4699309998214,224.1126254180602
1789565776,50,,Aggregated,154.600000,0.000000,13,17,21,24,34,63,100,120,190,460,590,107794,0,13,19.425512382005703,3.7874569998166407,594.4699309998214,224.11044213963672
1789565777,50,,Aggregated,155.700000,0.000000,13,17,21,24,34,63,100,120,190,460,590,107958,0,13,19.428311868438815,3.7874569998166407,594.4699309998214,224.11179347524038
1789565778,50,,Aggregated,155.600000,0.000000,13,17,21,24,34,63,100,120,190,460,590,108111,0,13,19.42000767322405,3.7874569998166407,594.4699309998214,224.1086753429346
1789565779,50,,Aggregated,158.300000,0.000000,13,17,21,24,34,63,100,120,190,460,590,108257,0,13,19.418497648724063,3.7874569998166407,594.4699309998214,224.1123530118145
1789565780,50,,Aggregated,157.800000,0.000000,13,17,21,24,34,63,100,120,190,460,590,108428,0,13,19.424293681741982,3.7874569998166407,594.4699309998214,224.11446305382373
1789565781,50,,Aggregated,157.400000,0.000000,13,17,21,24,34,63,100,120,190,460,590,108592,0,13,19.414920080382654,3.7874569998166407,594.4699309998214,224.1140323412406
1789565782,50,,Aggregated,157.800000,0.000000,13,17,21,24,34,63,100,120,190,460,590,108752,0,13,19.413179978748968,3.7874569998166407,594.4699309998214,224.11467375312637
1789565783,50,,Aggregated,159.500000,0.000000,13,17,21,24,34,63,100,120,190,460,590,108910,0,13,19.405267114396363,3.7874569998166407,594.4699309998214,224.11688550179048
1789565784,50,,Aggregated,158.700000,0.000000,13,17,21,24,34,63,100,120,190,460,590,109060,0,13,19.40587968011098,3.7874569998166407,594.4699309998214,224.11277278562258
1789565785,50,,Aggregated,158.900000,0.000000,13,17,21,24,34,63,100,120,190,460,590,109224,0,13,19.396857143804553,3.7874569998166407,594.4699309998214,224.11042444883907
1789565786,50,,Aggregated,158.500000,0.000000,13,17,21,24,34,63,100,120,190,460,590,109378,0,13,19.395404203614127,3.7874569998166407,594.4699309998214,224.11083581707473
1789565787,50,,Aggregated,158.300000,0.000000,13,17,21,24,34,63,100,120,190,460,590,109537,0,13,19.391713406893622,3.7874569998166407,594.4699309998214,224.10843824461142
1789565788,50,,Aggregated,158.800000,0.000000,13,17,21,24,34,63,100,120,190,460,590,109695,0,13,19.397615871788968,3.7874569998166407,594.4699309998214,224.1095309722412
1789565789,50,,Aggregated,157.600000,0.000000,13,17,21,24,34,63,100,120,190,460,590,109862,0,13,19.387998489394803,3.7874569998166407,594.4699309998214,224.111913127378
1789565790,50,,Aggregated,157.800000,0.000000,13,17,21,24,34,63,100,120,190,450,590,110010,0,13,19.409888716088492,3.7874569998166407,594.4699309998214,224.11500772657033
1789565791,50,,Aggregated,157.900000,0.000000,13,17,21,24,34,63,100,120,190,450,590,110171,0,13,19.399999231275867,3.7874569998166407,594.4699309998214,224.11173539316155
1789565792,50,,Aggregated,158.700000,0.000000,13,17,21,24,34,63,100,120,190,450,590,110333,0,13,19.391236117978274,3.7874569998166407,594.4699309998214,224.11145350892298
1789565793,50,,Aggregated,157.600000,0.000000,13,17,21,24,34,63,100,120,190,450,590,110479,0,13,19.410871931551664,3.7874569998166407,594.4699309998214,224.11000280596312
1789565794,50,,Aggregated,157.900000,0.000000,13,17,21,24,34,63,100,120,190,450,590,110643,0,13,19.408024951193433,3.7874569998166407,594.4699309998214,224.1092342037002
1789565795,50,,Aggregated,157.200000,0.000000,13,17,21,24,34,63,100,120,190,450,590,110790,0,13,19.426681215442713,3.7874569998166407,594.4699309998214,224.11086740680568
1789565796,50,,Aggregated,157.200000,0.000000,13,17,21,24,34,63,100,120,190,450,590,110944,0,13,19.422897868103707,3.7874569998166407,594.4699309998214,224.11205653302568
1789565797,50,,Aggregated,156.300000,0.000000,13,17,21,24,34,64,100,120,190,450,590,111092,0,13,19.444906238873152,3.7874569998166407,594.4699309998214,224.11336549886582
1789565798,50,,Aggregated,156.600000,0.000000,13,17,21,24,34,63,100,120,190,450,590,111255,0,13,19.433991235260407,3.7874569998166407,594.4699309998214,224.11573412430903
1789565799,50,,Aggregated,157.000000,0.000000,13,17,21,24,34,63,100,120,190,450,590,111409,0,13,19.43065578690139,3.7874569998166407,594.4699309998214,224.11366227145024
1789565800,50,,Aggregated,156.000000,0.000000,13,17,21,24,34,63,100,120,190,450,590,111558,0,13,19.42286891075395,3.7874569998166407,594.4699309998214,224.11230929202748
1789565801,50,,Aggregated,155.500000,0.000000,13,17,21,24,34,63,100,120,190,450,590,111716,0,13,19.424699955376855,3.7874569998166407,594.4699309998214,224.1141465859859
1789565802,50,,Aggregated,154.400000,0.000000,13,17,21,24,34,63,100,120,190,450,590,111878,0,13,19.417351458265983,3.7874569998166407,594.4699309998214,224.111800353957
1789565803,50,,Aggregated,153.300000,0.000000,13,17,21,24,34,63,100,120,190,450,590,112047,0,13,19.41635885273925,3.7874569998166407,594.4699309998214,224.11641543280945
1789565804,50,,Aggregated,154.200000,0.000000,13,17,21,24,34,63,100,120,190,450,590,112203,0,13,19.4100265774166,3.7874569998166407,594.4699309998214,224.11627140094294
1789565805,50,,Aggregated,156.100000,0.000000,13,17,21,24,34,63,100,120,190,450,590,112355,0,13,19.412293549667396,3.7874569998166407,594.4699309998214,224.1158470918072
1789565806,50,,Aggregated,156.700000,0.000000,13,17,21,24,34,63,100,120,190,450,590,112521,0,13,19.40182291478817,3.7874569998166407,594.4699309998214,224.11504519156423
1789565807,50,,Aggregated,157.500000,0.000000,13,17,21,24,34,63,100,120,190,450,590,112673,0,13,19.418509936931503,3.7874569998166407,594.4699309998214,224.11383383774285
1789565808,50,,Aggregated,157.200000,0.000000,13,17,21,24,34,63,100,120,190,450,590,112834,0,13,19.41492897162978,3.7874569998166407,594.4699309998214,224.11285605402628
1789565809,50,,Aggregated,157.100000,0.000000,13,17,21,24,34,63,100,120,190,450,590,112984,0,13,19.41839259937584,3.7874569998166407,594.4699309998214,224.1092986617574
1789565810,50,,Aggregated,157.600000,0.000000,13,17,21,24,34,63,100,120,190,450,590,113135,0,13,19.40961401001356,3.7874569998166407,594.4699309998214,224.110328368763
1789565811,50,,Aggregated,156.900000,0.000000,13,17,21,24,34,63,100,120,190,450,590,113298,0,13,19.401578047440154,3.7874569998166407,594.4699309998214,224.11144945188795
1789565812,50,,Aggregated,157.800000,0.000000,13,17,21,24,34,63,100,120,190,450,590,113453,0,13,19.411101387736462,3.7874569998166407,594.4699309998214,224.11157043004593
1789565813,50,,Aggregated,158.600000,0.000000,13,17,21,24,34,63,100,120,190,450,590,113613,0,13,19.400951882213036,3.7874569998166407,594.4699309998214,224.11012824236664
1789565814,50,,Aggregated,157.000000,0.000000,13,17,21,24,34,63,100,120,190,450,590,113779,0,13,19.401972336475623,3.7874569998166407,594.4699309998214,224.1065574490899
1789565815,50,,Aggregated,156.700000,0.000000,13,17,21,24,34,63,100,120,190,450,590,113936,0,13,19.391155372602743,3.7874569998166407,594.4699309998214,224.10821864906615
1789565816,50,,Aggregated,157.000000,0.000000,13,17,21,24,34,63,100,120,190,450,590,114091,0,13,19.401201723202167,3.7874569998166407,594.4699309998214,224.10920230342447
1789565817,50,,Aggregated,157.500000,0.000000,13,17,21,24,34,63,100,120,190,450,590,114248,0,13,19.39224748805977,3.7874569998166407,594.4699309998214,224.10649639380995
1789565818,50,,Aggregated,154.500000,0.000000,13,17,21,24,34,63,100,120,190,450,590,114407,0,13,19.388579513900794,3.7874569998166407,594.4699309998214,224.10300069051718
1789565819,50,,Aggregated,156.500000,0.000000,13,17,21,24,34,63,100,120,190,450,590,114559,0,13,19.381131544870687,3.7874569998166407,594.4699309998214,224.10302987979992
1789565820,50,,Aggregated,156.700000,0.000000,13,17,21,24,34,63,100,120,190,450,590,114716,0,13,19.39645927119888,3.7874569998166407,594.4699309998214,224.10470204679382
1789565821,50,,Aggregated,157.800000,0.000000,13,17,21,24,34,63,100,120,190,450,590,114876,0,13,19.38840952463389,3.7874569998166407,594.4699309998214,224.10244959782722
1789565822,50,,Aggregated,157.400000,0.000000,13,17,21,24,34,63,100,120,190,450,590,115034,0,13,19.3963592081459,3.7874569998166407,594.4699309998214,224.10623815567573
1789565823,50,,Aggregated,156.800000,0.000000,13,17,21,24,34,63,100,120,190,450,590,115193,0,13,19.394488542835614,3.7874569998166407,594.4699309998214,224.10544043474863
1789565824,50,,Aggregated,157.400000,0.000000,13,17,21,24,34,63,100,120,190,450,590,115339,0,13,19.406479535905984,3.7874569998166407,594.4699309998214,224.10952063048924
1789565825,50,,Aggregated,157.400000,0.000000,13,17,21,24,34,63,100,120,190,450,590,115500,0,13,19.39934898137538,3.7874569998166407,594.4699309998214,224.10941125541126
1789565826,50,,Aggregated,155.900000,0.000000,13,17,21,24,34,63,100,120,190,450,590,115647,0,13,19.39281107920534,3.7874569998166407,594.4699309998214,224.10431744878812
1789565827,50,,Aggregated,155.400000,0.000000,13,17,21,24,34,63,100,120,190,450,590,115809,0,13,19.4114486362101,3.7874569998166407,594.4699309998214,224.10081254479357
1789565828,50,,Aggregated,157.600000,0.000000,13,17,21,24,34,63,100,120,190,450,590,115968,0,13,19.40422711834168,3.7874569998166407,594.4699309998214,224.10004483995584
1789565829,50,,Aggregated,155.100000,0.000000,13,17,21,24,34,63,100,120,190,450,590,116123,0,13,19.411333452794516,3.7874569998166407,594.4699309998214,224.09865401341682
1789565830,50,,Aggregated,155.700000,0.000000,13,17,21,24,34,63,100,120,190,450,590,116294,0,13,19.40103625559238,3.7874569998166407,594.4699309998214,224.1022494711679
1789565831,50,,Aggregated,154.500000,0.000000,13,17,21,24,34,63,100,120,190,450,590,116441,0,13,19.402977516629495,3.7874569998166407,594.4699309998214,224.10297060313806
1789565832,50,,Aggregated,155.000000,0.000000,13,17,21,24,34,63,100,120,190,450,590,116595,0,13,19.39309935029672,3.7874569998166407,594.4699309998214,224.10248295381447
1789565833,50,,Aggregated,155.900000,0.000000,13,17,21,24,34,63,100,120,190,450,590,116754,0,13,19.395301062660323,3.7874569998166407,594.4699309998214,224.10291724480533
1789565834,50,,Aggregated,156.300000,0.000000,13,17,21,24,34,63,100,120,190,450,590,116924,0,13,19.386816685110283,3.7874569998166407,594.4699309998214,224.1062656084294
1789565835,50,,Aggregated,155.300000,0.000000,13,17,21,24,34,63,100,120,190,450,590,117072,0,13,19.407737018149806,3.7874569998166407,594.4699309998214,224.1047475058084
1789565836,50,,Aggregated,156.900000,0.000000,13,17,21,24,34,63,100,120,190,450,590,117219,0,13,19.409173877151606,3.7874569998166407,594.4699309998214,224.10355829686313
1789565837,50,,Aggregated,157.300000,0.000000,13,17,21,24,34,63,100,120,190,450,590,117366,0,13,19.40410029706933,3.7874569998166407,594.4699309998214,224.100795801169
1789565838,50,,Aggregated,156.900000,0.000000,13,17,21,24,34,63,100,120,190,450,590,117526,0,13,19.40862201140887,3.7874569998166407,594.4699309998214,224.1005479638548
1789565839,50,,Aggregated,156.600000,0.000000,13,17,21,24,34,63,100,120,190,450,590,117690,0,13,19.39974459977777,3.7874569998166407,594.4699309998214,224.1004758263234
1789565840,50,,Aggregated,155.800000,0.000000,13,17,21,24,34,63,100,120,190,450,590,117840,0,13,19.431179788661296,3.7874569998166407,594.4699309998214,224.09630006788865
1789565841,50,,Aggregated,156.400000,0.000000,13,17,21,24,34,63,100,120,190,450,590,117991,0,13,19.426127252789183,3.7874569998166407,594.4699309998214,224.0988888983058
1789565842,50,,Aggregated,155.200000,0.000000,13,17,21,24,34,63,100,120,190,450,590,118140,0,13,19.424737833408315,3.7874569998166407,594.4699309998214,224.09724056204504
1789565843,50,,Aggregated,154.400000,0.000000,13,17,21,24,34,63,100,120,190,450,590,118300,0,13,19.416993960598912,3.7874569998166407,594.4699309998214,224.0925190194421
1789565844,50,,Aggregated,154.000000,0.000000,13,17,21,24,34,63,100,120,190,450,590,118443,0,13,19.410653817987114,3.7874569998166407,594.4699309998214,224.0895198534316
1789565845,50,,Aggregated,155.000000,0.000000,13,17,21,24,34,63,100,120,190,450,590,118613,0,13,19.412566626211756,3.7874569998166407,594.4699309998214,224.0879498874491
1789565846,50,,Aggregated,153.200000,0.000000,13,17,21,24,34,63,100,120,190,450,590,118780,0,13,19.410162078985135,3.7874569998166407,594.4699309998214,224.09406465734972
1789565847,50,,Aggregated,152.700000,0.000000,13,17,21,24,34,63,100,120,190,450,590,118923,0,13,19.435938284931,3.7874569998166407,594.4699309998214,224.0930349890265
1789565848,50,,Aggregated,153.600000,0.000000,13,17,21,24,34,63,100,120,190,450,590,119087,0,13,19.42578195162238,3.7874569998166407,594.4699309998214,224.08932125252966
1789565849,50,,Aggregated,152.700000,0.000000,13,17,21,24,34,63,100,120,190,450,590,119229,0,13,19.42889683757187,3.7874569998166407,594.4699309998214,224.08663999530316
1789565850,50,,Aggregated,154.500000,0.000000,13,17,21,24,34,63,100,120,190,450,590,119388,0,13,19.419929044685066,3.7874569998166407,594.4699309998214,224.08667537775992
1789565851,50,,Aggregated,153.600000,0.000000,13,17,21,24,34,63,100,120,190,450,590,119542,0,13,19.432586164694044,3.7874569998166407,594.4699309998214,224.08900637432868
1789565852,50,,Aggregated,154.900000,0.000000,13,17,21,24,34,63,100,120,190,450,590,119700,0,13,19.42484454826114,3.7874569998166407,594.4699309998214,224.08908939014202
1789565853,50,,Aggregated,155.700000,0.000000,13,17,21,24,34,63,100,120,190,450,590,119863,0,13,19.42486676921873,3.7874569998166407,594.4699309998214,224.09119578185096
1789565854,50,,Aggregated,154.900000,0.000000,13,17,21,24,34,63,100,120,190,450,590,120018,0,13,19.41778186110308,3.7874569998166407,594.4699309998214,224.09304437667683
1789565855,50,,Aggregated,154.600000,0.000000,13,17,21,24,34,63,100,120,190,450,590,120162,0,13,19.420182823711915,3.7874569998166407,594.4699309998214,224.09223381767947
1789565856,50,,Aggregated,156.000000,0.000000,13,17,21,24,34,63,100,120,190,450,590,120330,0,13,19.419483293051336,3.7874569998166407,594.4699309998214,224.09485581318043
1789565857,50,,Aggregated,155.800000,0.000000,13,17,21,24,34,63,100,120,190,450,590,120481,0,13,19.439889739750395,3.7874569998166407,594.4699309998214,224.0954922352902
1789565858,50,,Aggregated,155.500000,0.000000,13,17,21,24,34,63,100,120,190,450,590,120636,0,13,19.43140744505678,3.7874569998166407,594.4699309998214,224.0929075897742
1789565859,50,,Aggregated,158.100000,0.000000,13,17,21,24,34,63,100,120,190,450,590,120793,0,13,19.432271387554497,3.7874569998166407,594.4699309998214,224.09158643298866
1789565860,50,,Aggregated,155.700000,0.000000,13,17,21,24,34,63,100,120,190,450,590,120972,0,13,19.434062797894345,3.7874569998166407,594.4699309998214,224.08889660417287
1789565861,50,,Aggregated,156.700000,0.000000,13,17,21,24,34,63,100,120,190,450,590,121120,0,13,19.436409995804745,3.7874569998166407,594.4699309998214,224.0863028401585
1789565862,50,,Aggregated,156.500000,0.000000,13,17,21,24,34,63,100,120,190,450,590,121287,0,13,19.436002794725592,3.7874569998166407,594.4699309998214,224.09176581166983
1789565863,50,,Aggregated,157.700000,0.000000,13,17,21,24,34,63,100,120,190,450,590,121439,0,13,19.426694500851234,3.7874569998166407,594.4699309998214,224.0883653521521
1789565864,50,,Aggregated,158.800000,0.000000,13,17,21,24,34,63,100,120,190,450,590,121607,0,13,19.42442254725362,3.7874569998166407,594.4699309998214,224.09098160467735
1789565865,50,,Aggregated,159.100000,0.000000,13,17,21,24,34,63,100,120,190,450,590,121776,0,13,19.41946598728707,3.7874569998166407,594.4699309998214,224.09076501116806
1789565866,50,,Aggregated,157.700000,0.000000,13,17,21,24,34,63,100,120,190,450,590,121928,0,13,19.423781516393937,3.7874569998166407,594.4699309998214,224.09500688931172
1789565867,50,,Aggregated,159.000000,0.000000,13,17,21,24,34,63,100,120,190,450,590,122086,0,13,19.414799071809128,3.7874569998166407,594.4699309998214,224.09829955932705
1789565868,50,,Aggregated,159.300000,0.000000,13,17,21,24,34,63,100,120,190,450,590,122249,0,13,19.415575834173605,3.7874569998166407,594.4699309998214,224.1011705617224
1789565869,50,,Aggregated,158.800000,0.000000,13,17,21,24,34,63,100,120,190,450,590,122410,0,13,19.40711954664561,3.7874569998166407,594.4699309998214,224.09933012008824
1789565870,50,,Aggregated,160.100000,0.000000,13,17,21,24,34,63,100,120,190,450,590,122562,0,13,19.42075464368143,3.7874569998166407,594.4699309998214,224.09831758620126
1789565871,50,,Aggregated,160.700000,0.000000,13,17,21,24,34,63,100,120,190,450,590,122722,0,13,19.419704719381116,3.7874569998166407,594.4699309998214,224.09952575740292
1789565872,50,,Aggregated,159.100000,0.000000,13,17,21,24,34,63,100,120,190,450,590,122881,0,13,19.42154510256988,3.7874569998166407,594.4699309998214,224.09886801051422
1789565873,50,,Aggregated,158.900000,0.000000,13,17,21,24,34,63,100,120,190,450,590,123038,0,13,19.41646126422638,3.7874569998166407,594.4699309998214,224.10152960873876
1789565874,50,,Aggregated,159.000000,0.000000,13,17,21,24,34,63,100,120,190,450,590,123188,0,13,19.420444260121812,3.7874569998166407,594.4699309998214,224.10197421826803
1789565875,50,,Aggregated,158.300000,0.000000,13,17,21,24,34,63,100,120,190,450,590,123352,0,13,19.41256644858526,3.7874569998166407,594.4699309998214,224.10018483688955
1789565876,50,,Aggregated,159.300000,0.000000,13,17,21,24,34,63,100,120,190,450,590,123509,0,13,19.417267074932855,3.7874569998166407,594.4699309998214,224.10183873240007
1789565877,50,,Aggregated,157.900000,0.000000,13,17,21,24,34,63,100,120,190,450,590,123663,0,13,19.4110107330154,3.7874569998166407,594.4699309998214,224.10695195814432
1789565878,50,,Aggregated,158.500000,0.000000,13,17,21,24,34,63,100,120,190,450,590,123837,0,13,19.409601791612143,3.7874569998166407,594.4699309998214,224.10596186923132
1789565879,50,,Aggregated,157.700000,0.000000,13,17,21,24,34,63,100,120,190,450,590,123996,0,13,19.40116480834763,3.7874569998166407,594.4699309998214,224.10704377560566
1789565880,50,,Aggregated,157.300000,0.000000,13,17,21,24,34,63,100,120,190,450,590,124158,0,13,19.41500436177186,3.7874569998166407,594.4699309998214,224.10717795067575
1789565881,50,,Aggregated,157.800000,0.000000,13,17,21,24,34,63,100,120,190,450,590,124322,0,13,19.408367984161018,3.7874569998166407,594.4699309998214,224.1046476086292
1789565882,50,,Aggregated,160.000000,0.000000,13,17,21,24,34,63,100,120,190,450,590,124477,0,13,19.41793008627189,3.7874569998166407,594.4699309998214,224.10550543473894
1789565883,50,,Aggregated,159.100000,0.000000,13,17,21,24,34,63,100,120,190,450,590,124628,0,13,19.41369406077177,3.7874569998166407,594.4699309998214,224.10134961645858
1789565884,50,,Aggregated,158.700000,0.000000,13,17,21,24,34,63,100,120,190,450,590,124796,0,13,19.406475710822924,3.7874569998166407,594.4699309998214,224.09557998653804
1789565885,50,,Aggregated,158.600000,0.000000,13,17,21,24,34,63,100,120,190,450,590,124952,0,13,19.4112433063805,3.7874569998166407,594.4699309998214,224.09947819962866
1789565886,50,,Aggregated,159.300000,0.000000,13,17,21,24,34,63,100,120,190,450,590,125114,0,13,19.40275171165378,3.7874569998166407,594.4699309998214,224.09771888038108
1789565887,50,,Aggregated,159.900000,0.000000,13,17,21,24,34,63,100,120,190,450,590,125256,0,13,19.417921695175025,3.7874569998166407,594.4699309998214,224.09597943411893
1789565888,50,,Aggregated,158.700000,0.000000,13,17,21,24,34,63,100,120,190,450,590,125429,0,13,19.406253286033024,3.7874569998166407,594.4699309998214,224.09591880665556
1789565889,50,,Aggregated,159.300000,0.000000,13,17,21,24,34,63,100,120,190,450,590,125576,0,13,19.41154644014656,3.7874569998166407,594.4699309998214,224.0995333503217
1789565890,50,,Aggregated,159.100000,0.000000,13,17,21,24,34,63,100,120,190,450,590,125725,0,13,19.406919038901133,3.7874569998166407,594.4699309998214,224.1001232849473
1789565891,50,,Aggregated,156.600000,0.000000,13,17,21,24,34,63,100,120,190,450,590,125874,0,13,19.412549563308133,3.7874569998166407,594.4699309998214,224.1022371577927
1789565892,50,,Aggregated,157.100000,0.000000,13,17,21,24,34,63,100,120,180,450,590,126031,0,13,19.405346357014118,3.7874569998166407,594.4699309998214,224.10141155747397
1789565893,50,,Aggregated,155.600000,0.000000,13,17,21,24,34,63,100,120,180,450,590,126192,0,13,19.407766934123032,3.7874569998166407,594.4699309998214,224.10532363382782
1789565894,50,,Aggregated,155.400000,0.000000,13,17,21,24,34,63,100,120,180,450,590,126344,0,13,19.402666291844863,3.7874569998166407,594.4699309998214,224.10677198758944
1789565895,50,,Aggregated,156.100000,0.000000,13,17,21,24,34,63,100,120,180,450,590,126491,0,13,19.40623706718151,3.7874569998166407,594.4699309998214,224.1045687044928
1789565896,50,,Aggregated,154.800000,0.000000,13,17,21,24,34,63,100,120,180,450,590,126656,0,13,19.39957593201159,3.7874569998166407,594.4699309998214,224.1044798509348
1789565897,50,,Aggregated,154.000000,0.000000,13,17,21,24,34,63,100,120,190,450,590,126810,0,13,19.423285172343324,3.7874569998166407,594.4699309998214,224.10640328049837
1789565898,50,,Aggregated,153.600000,0.000000,13,17,21,24,34,63,100,120,190,450,590,126963,0,13,19.415994428265357,3.7874569998166407,594.4699309998214,224.10023392641952
1789565899,50,,Aggregated,154.500000,0.000000,13,17,21,24,34,63,100,120,180,450,590,127131,0,13,19.41665566235494,3.7874569998166407,594.4699309998214,224.09630223942233
1789565900,50,,Aggregated,154.300000,0.000000,13,17,21,24,34,63,100,120,180,450,590,127289,0,13,19.415223021233945,3.7874569998166407,594.4699309998214,224.09589202523392
1789565901,50,,Aggregated,156.000000,0.000000,13,17,21,24,34,63,100,120,180,450,590,127444,0,13,19.407464011713756,3.7874569998166407,594.4699309998214,224.09669344967202
1789565902,50,,Aggregated,154.700000,0.000000,13,17,21,24,34,63,100,120,180,450,590,127606,0,13,19.411500309388654,3.7874569998166407,594.4699309998214,224.0943372568688
1789565903,50,,Aggregated,156.700000,0.000000,13,17,21,24,34,63,100,120,180,450,590,127764,0,13,19.403301730681946,3.7874569998166407,594.4699309998214,224.09469803700574
1789565904,50,,Aggregated,157.100000,0.000000,13,17,21,24,34,63,100,120,180,450,590,127909,0,13,19.41881821674668,3.7874569998166407,594.4699309998214,224.09721755310417
1789565905,50,,Aggregated,156.300000,0.000000,13,17,21,24,34,63,100,120,180,450,590,128054,0,13,19.409735839550905,3.7874569998166407,594.4699309998214,224.10105111905915
1789565906,50,,Aggregated,156.400000,0.000000,13,17,21,24,34,63,100,120,180,450,590,128206,0,13,19.433771990646687,3.7874569998166407,594.4699309998214,224.10274870130883
1789565907,50,,Aggregated,156.800000,0.000000,13,17,21,24,34,63,100,120,180,450,590,128373,0,13,19.425451842161852,3.7874569998166407,594.4699309998214,224.10638529908937
1789565908,50,,Aggregated,157.400000,0.000000,13,17,21,24,34,63,100,120,180,450,590,128526,0,13,19.42336943694538,3.7874569998166407,594.4699309998214,224.107254563279
1789565909,50,,Aggregated,154.900000,0.000000,13,17,21,24,34,63,100,120,180,450,590,128683,0,13,19.41599789870327,3.7874569998166407,594.4699309998214,224.10963375115594
1789565910,50,,Aggregated,156.000000,0.000000,13,17,21,24,34,63,100,120,180,450,590,128839,0,13,19.420080327306373,3.7874569998166407,594.4699309998214,224.11238056799573
1789565911,50,,Aggregated,155.400000,0.000000,13,17,21,24,34,63,100,120,180,450,590,129002,0,13,19.410348165523228,3.7874569998166407,594.4699309998214,224.1137579262337
1789565912,50,,Aggregated,155.500000,0.000000,13,17,21,24,34,63,100,120,180,450,590,129157,0,13,19.41110736324648,3.7874569998166407,594.4699309998214,224.1138923945276
1789565913,50,,Aggregated,154.700000,0.000000,13,17,21,24,34,63,100,120,180,450,590,129304,0,13,19.404195904394477,3.7874569998166407,594.4699309998214,224.1159360885974
1789565914,50,,Aggregated,154.400000,0.000000,13,17,21,24,34,63,100,120,180,450,590,129465,0,13,19.401193531509055,3.7874569998166407,594.4699309998214,224.11033870157956
1789565915,50,,Aggregated,154.600000,0.000000,13,17,21,24,34,63,100,120,180,450,590,129625,0,13,19.39889069970159,3.7874569998166407,594.4699309998214,224.11230086788814
1789565916,50,,Aggregated,154.600000,0.000000,13,17,21,24,34,63,100,120,180,450,590,129785,0,13,19.394610673219645,3.7874569998166407,594.4699309998214,224.1125630851023
1789565917,50,,Aggregated,154.800000,0.000000,13,17,21,24,34,63,100,120,180,450,590,129937,0,13,19.407943220066734,3.7874569998166407,594.4699309998214,224.11504036571569
1789565918,50,,Aggregated,155.000000,0.000000,13,17,21,24,34,63,100,120,180,440,590,130113,0,13,19.401547579848422,3.7874569998166407,594.4699309998214,224.11789751984813
1789565919,50,,Aggregated,155.700000,0.000000,13,17,21,24,34,63,100,120,180,440,590,130276,0,13,19.395094180208297,3.7874569998166407,594.4699309998214,224.1220255457644
1789565920,50,,Aggregated,156.300000,0.000000,13,17,21,24,34,63,100,120,180,440,590,130433,0,13,19.3892726072528,3.7874569998166407,594.4699309998214,224.1224153396763
1789565921,50,,Aggregated,158.400000,0.000000,13,17,21,24,34,63,100,120,180,440,590,130594,0,13,19.393663785187723,3.7874569998166407,594.4699309998214,224.12508231618605
1789565922,50,,Aggregated,158.300000,0.000000,13,17,21,24,34,63,100,120,180,440,590,130743,0,13,19.387538670810756,3.7874569998166407,594.4699309998214,224.12539868291228
1789565923,50,,Aggregated,157.600000,0.000000,13,17,21,24,34,63,100,120,180,440,590,130896,0,13,19.39185926589674,3.7874569998166407,594.4699309998214,224.1289344212199
1789565924,50,,Aggregated,159.300000,0.000000,13,17,21,24,34,63,100,120,180,440,590,131043,0,13,19.38981427081818,3.7874569998166407,594.4699309998214,224.12608838320247
1789565925,50,,Aggregated,158.000000,0.000000,13,17,21,24,34,63,100,120,180,440,590,131192,0,13,19.39208675211006,3.7874569998166407,594.4699309998214,224.12457314470396
1789565926,50,,Aggregated,158.500000,0.000000,13,17,21,24,34,63,100,120,180,440,590,131345,0,13,19.38577803012539,3.7874569998166407,594.4699309998214,224.12680345654573
1789565927,50,,Aggregated,157.500000,0.000000,13,17,21,24,34,63,100,120,180,440,590,131499,0,13,19.395199047139645,3.7874569998166407,594.4699309998214,224.1280998334588
1789565928,50,,Aggregated,156.900000,0.000000,13,17,21,24,34,63,100,120,180,440,590,131654,0,13,19.38926870030398,3.7874569998166407,594.4699309998214,224.1256931046531
1789565929,50,,Aggregated,156.600000,0.000000,13,17,21,24,34,63,100,120,180,440,590,131804,0,13,19.38983099253301,3.7874569998166407,594.4699309998214,224.13032229674366
1789565930,50,,Aggregated,155.100000,0.000000,13,17,21,24,34,63,100,120,180,440,590,131973,0,13,19.39459133196046,3.7874569998166407,594.4699309998214,224.13112530593378
1789565931,50,,Aggregated,153.300000,0.000000,13,17,21,24,34,63,100,120,180,440,590,132140,0,13,19.383880828067273,3.7874569998166407,594.4699309998214,224.1285152111397
1789565932,50,,Aggregated,153.200000,0.000000,13,17,21,24,34,63,100,120,180,440,590,132295,0,13,19.38500022953865,3.7874569998166407,594.4699309998214,224.12657318870706
1789565933,50,,Aggregated,154.900000,0.000000,13,17,21,24,34,63,100,120,180,440,590,132452,0,13,19.384702180735818,3.7874569998166407,594.4699309998214,224.1280539365204
1789565934,50,,Aggregated,153.400000,0.000000,13,17,21,24,34,63,100,120,180,440,590,132602,0,13,19.38416638107128,3.7874569998166407,594.4699309998214,224.13054101748088
1789565935,50,,Aggregated,155.300000,0.000000,13,17,21,24,34,63,100,120,180,440,590,132764,0,13,19.37586969143607,3.7874569998166407,594.4699309998214,224.12822753155976
1789565936,50,,Aggregated,154.500000,0.000000,13,17,21,24,34,63,100,120,180,440,590,132927,0,13,19.373040899101124,3.7874569998166407,594.4699309998214,224.12529433448435
1789565937,50,,Aggregated,155.000000,0.000000,13,17,21,24,34,63,100,120,180,440,590,133075,0,13,19.364752687956468,3.7874569998166407,594.4699309998214,224.1271238023671
1789565938,50,,Aggregated,155.600000,0.000000,13,17,21,24,34,63,100,120,180,440,590,133228,0,13,19.367548188562562,3.7874569998166407,594.4699309998214,224.1223616657159
1789565939,50,,Aggregated,157.400000,0.000000,13,17,21,24,34,63,100,120,180,440,590,133379,0,13,19.362633000695933,3.7874569998166407,594.4699309998214,224.123842583915
1789565940,50,,Aggregated,157.500000,0.000000,13,17,21,24,34,63,100,120,180,440,590,133536,0,13,19.371783474537384,3.7874569998166407,594.4699309998214,224.12151030433742
1789565941,50,,Aggregated,156.400000,0.000000,13,17,21,24,34,63,100,120,180,440,590,133697,0,13,19.364626373701988,3.7874569998166407,594.4699309998214,224.1211096733659
1789565942,50,,Aggregated,156.200000,0.000000,13,17,21,24,34,63,100,120,180,440,590,133842,0,13,19.363476391841402,3.7874569998166407,594.4699309998214,224.12041063343347
1789565943,50,,Aggregated,155.000000,0.000000,13,17,21,24,34,63,100,120,180,440,590,133995,0,13,19.36221452329435,3.7874569998166407,594.4699309998214,224.118549199597
1789565944,50,,Aggregated,155.300000,0.000000,13,17,21,24,34,63,100,120,180,440,590,134143,0,13,19.35590836584713,3.7874569998166407,594.4699309998214,224.11864950090575
1789565945,50,,Aggregated,154.100000,0.000000,13,17,21,24,34,63,100,120,180,440,590,134314,0,13,19.365604760060997,3.7874569998166407,594.4699309998214,224.11838676534092
1789565946,50,,Aggregated,154.800000,0.000000,13,17,21,24,34,63,100,120,180,440,590,134475,0,13,19.358474975325077,3.7874569998166407,594.4699309998214,224.11394683026586
1789565947,50,,Aggregated,155.500000,0.000000,13,17,21,24,34,63,100,120,180,440,590,134638,0,13,19.356770495980687,3.7874569998166407,594.4699309998214,224.115494882574
1789565948,50,,Aggregated,155.600000,0.000000,13,17,21,24,34,63,100,120,180,440,590,134796,0,13,19.349666830817323,3.7874569998166407,594.4699309998214,224.10985489183656
1789565949,50,,Aggregated,153.500000,0.000000,13,17,21,24,34,63,100,120,180,440,590,134964,0,13,19.35319576813711,3.7874569998166407,594.4699309998214,224.1120743309327
1789565950,50,,Aggregated,155.100000,0.000000,13,17,21,24,34,63,100,120,180,440,590,135115,0,13,19.349710702356226,3.7874569998166407,594.4699309998214,224.11057247529882
1789565951,50,,Aggregated,155.700000,0.000000,13,17,21,24,34,63,100,120,180,440,590,135270,0,13,19.35477733589763,3.7874569998166407,594.4699309998214,224.10901899903897
1789565952,50,,Aggregated,157.600000,0.000000,13,17,21,24,34,63,100,120,180,440,590,135424,0,13,19.34817340935043,3.7874569998166407,594.4699309998214,224.11066723771268
1789565953,50,,Aggregated,157.600000,0.000000,13,17,21,24,34,63,100,120,180,440,590,135581,0,13,19.35431890803925,3.7874569998166407,594.4699309998214,224.1090713300536
1789565954,50,,Aggregated,157.200000,0.000000,13,17,21,24,34,63,100,120,180,440,590,135738,0,13,19.349655180530654,3.7874569998166407,594.4699309998214,224.11117741531478
1789565955,50,,Aggregated,157.300000,0.000000,13,17,21,24,34,63,100,120,180,440,590,135872,0,13,19.3709744776103,3.7874569998166407,594.4699309998214,224.1143208313707
1789565956,50,,Aggregated,157.000000,0.000000,13,17,21,24,34,63,100,120,180,440,590,136029,0,13,19.363093432112752,3.7874569998166407,594.4699309998214,224.11479169882892
1789565957,50,,Aggregated,156.900000,0.000000,13,17,21,24,34,63,100,120,180,440,590,136193,0,13,19.37194570489576,3.7874569998166407,594.4699309998214,224.1149031154318
1789565958,50,,Aggregated,154.500000,0.000000,13,17,21,24,34,63,100,120,180,440,590,136344,0,13,19.36797479209846,3.7874569998166407,594.4699309998214,224.11371970897142
1789565959,50,,Aggregated,155.800000,0.000000,13,17,21,24,34,63,100,120,180,440,590,136500,0,13,19.36138384704662,3.7874569998166407,594.4699309998214,224.11067399267398
1789565960,50,,Aggregated,155.100000,0.000000,13,17,21,24,34,63,100,120,180,440,590,136660,0,13,19.377091160594624,3.7874569998166407,594.4699309998214,224.11121762037172
1789565961,50,,Aggregated,155.200000,0.000000,13,17,21,24,34,63,100,120,180,440,590,136831,0,13,19.36830125585484,3.7874569998166407,594.4699309998214,224.1125914449211
1789565962,50,,Aggregated,153.000000,0.000000,13,17,21,24,34,63,100,120,180,440,590,136987,0,13,19.362915305115695,3.7874569998166407,594.4699309998214,224.11116383306444
1789565963,50,,Aggregated,153.800000,0.000000,13,17,21,24,34,63,100,120,180,440,590,137144,0,13,19.357762880664765,3.7874569998166407,594.4699309998214,224.11151782068484
1789565965,50,,Aggregated,155.000000,0.000000,13,17,21,24,34,63,100,120,180,440,590,137299,0,13,19.36273050971884,3.7874569998166407,594.4699309998214,224.11126082491498
1789565966,50,,Aggregated,155.500000,0.000000,13,17,21,24,34,63,100,120,180,440,590,137453,0,13,19.35545038234804,3.7874569998166407,594.4699309998214,224.1146064472947
1789565967,50,,Aggregated,155.800000,0.000000,13,17,21,24,34,63,100,120,180,440,590,137613,0,13,19.35323780570798,3.7874569998166407,594.4699309998214,224.11708196173328
1789565968,50,,Aggregated,157.700000,0.000000,13,17,21,24,34,63,100,120,180,440,590,137778,0,13,19.34613676586167,3.7874569998166407,594.4699309998214,224.1147062666028
1789565969,50,,Aggregated,157.700000,0.000000,13,17,21,24,34,63,100,120,180,440,590,137935,0,13,19.351235509108577,3.7874569998166407,594.4699309998214,224.1131402472179
1789565970,50,,Aggregated,158.000000,0.000000,13,17,21,24,34,63,100,120,180,440,590,138088,0,13,19.349531357590003,3.7874569998166407,594.4699309998214,224.11063235038526
1789565971,50,,Aggregated,157.900000,0.000000,13,17,21,24,34,63,100,120,180,440,590,138230,0,13,19.344331245068997,3.7874569998166407,594.4699309998214,224.1128264486725
1789565972,50,,Aggregated,158.600000,0.000000,13,17,21,24,34,63,100,120,180,440,590,138383,0,13,19.35230526373097,3.7874569998166407,594.4699309998214,224.11037482927816
1789565973,50,,Aggregated,156.900000,0.000000,13,17,21,24,34,63,100,120,180,440,590,138551,0,13,19.34760256867061,3.7874569998166407,594.4699309998214,224.10838608165946
1789565974,50,,Aggregated,155.100000,0.000000,13,17,21,24,34,63,100,120,180,440,590,138700,0,13,19.357981285269485,3.7874569998166407,594.4699309998214,224.11064888248018
1789565975,50,,Aggregated,156.100000,0.000000,13,17,21,24,34,63,100,120,180,440,590,138865,0,13,19.35203414165472,3.7874569998166407,594.4699309998214,224.10819140892232
1789565976,50,,Aggregated,155.300000,0.000000,13,17,21,24,34,63,100,120,180,440,590,139020,0,13,19.36168677362168,3.7874569998166407,594.4699309998214,224.10734426701194
1789565977,50,,Aggregated,156.000000,0.000000,13,17,21,24,34,63,100,120,180,440,590,139183,0,13,19.354499378996632,3.7874569998166407,594.4699309998214,224.10356868295696
1789565978,50,,Aggregated,154.200000,0.000000,13,17,21,24,34,63,100,120,180,440,590,139340,0,13,19.356770767711225,3.7874569998166407,594.4699309998214,224.1059351227214
1789565979,50,,Aggregated,156.200000,0.000000,13,17,21,24,34,63,100,120,180,440,590,139499,0,13,19.35814149843273,3.7874569998166407,594.4699309998214,224.10630183728915
1789565980,50,,Aggregated,154.700000,0.000000,13,17,21,24,34,63,100,120,180,440,590,139660,0,13,19.352262519747033,3.7874569998166407,594.4699309998214,224.1065945868538
1789565981,50,,Aggregated,154.900000,0.000000,13,17,21,24,34,63,100,120,180,440,590,139813,0,13,19.36234760597273,3.7874569998166407,594.4699309998214,224.10609170821024
1789565982,50,,Aggregated,155.900000,0.000000,13,17,21,24,34,63,100,120,180,440,590,139967,0,13,19.35641920651197,3.7874569998166407,594.4699309998214,224.10441032529096
1789565983,50,,Aggregated,157.200000,0.000000,13,17,21,24,34,63,100,120,180,440,590,140121,0,13,19.361286613211895,3.7874569998166407,594.4699309998214,224.10668636392833
1789565984,50,,Aggregated,157.400000,0.000000,13,17,21,24,34,63,100,120,180,440,590,140279,0,13,19.355253939384102,3.7874569998166407,594.4699309998214,224.1055610604581
1789565985,50,,Aggregated,156.400000,0.000000,13,17,21,24,34,63,100,120,180,440,590,140432,0,13,19.36243846850333,3.7874569998166407,594.4699309998214,224.10415005127035
1789565986,50,,Aggregated,157.100000,0.000000,13,17,21,24,34,63,100,120,180,440,590,140594,0,13,19.355565966355996,3.7874569998166407,594.4699309998214,224.10366729732422
1789565987,50,,Aggregated,156.000000,0.000000,13,17,21,24,34,63,100,120,180,440,590,140745,0,13,19.350045866409886,3.7874569998166407,594.4699309998214,224.1019077054247
1789565988,50,,Aggregated,158.100000,0.000000,13,17,21,24,34,63,100,120,180,440,590,140905,0,13,19.343565061189114,3.7874569998166407,594.4699309998214,224.10438238529505
1789565989,50,,Aggregated,156.200000,0.000000,13,17,21,24,34,63,100,120,180,440,590,141058,0,13,19.350148354767995,3.7874569998166407,594.4699309998214,224.10485757631614
1789565990,50,,Aggregated,157.500000,0.000000,13,17,21,24,34,63,100,120,180,440,590,141230,0,13,19.348594005203335,3.7874569998166407,594.4699309998214,224.10436876017843
1789565991,50,,Aggregated,157.200000,0.000000,13,17,21,24,34,63,100,120,180,440,590,141389,0,13,19.36086624381582,3.7874569998166407,594.4699309998214,224.10019166979043
1789565992,50,,Aggregated,157.100000,0.000000,13,17,21,24,34,63,100,120,180,440,590,141539,0,13,19.358815018813733,3.7874569998166407,594.4699309998214,224.0989338627516
1789565993,50,,Aggregated,155.600000,0.000000,13,17,21,24,34,63,100,120,180,440,590,141704,0,13,19.352041877031574,3.7874569998166407,594.4699309998214,224.09951730367527
1789565994,50,,Aggregated,156.800000,0.000000,13,17,21,24,34,63,100,120,180,440,590,141852,0,13,19.358073732805206,3.7874569998166407,594.4699309998214,224.09860276908327
1789565995,50,,Aggregated,157.400000,0.000000,13,17,21,24,34,63,100,120,180,440,590,142017,0,13,19.352133493418957,3.7874569998166407,594.4699309998214,224.09850933338967
1789565996,50,,Aggregated,156.900000,0.000000,13,17,21,24,34,63,100,120,180,440,590,142173,0,13,19.351507392746026,3.7874569998166407,594.4699309998214,224.10170004149873
1789565997,50,,Aggregated,158.200000,0.000000,13,17,21,24,34,63,100,120,180,440,590,142333,0,13,19.343370983439375,3.7874569998166407,594.4699309998214,224.10162084688722
1789565998,50,,Aggregated,158.400000,0.000000,13,17,21,24,34,63,100,120,180,440,590,142486,0,13,19.3534278245503,3.7874569998166407,594.4699309998214,224.10019229959434
1789565999,50,,Aggregated,157.900000,0.000000,13,17,21,24,34,63,100,120,180,440,590,142640,0,13,19.348417285893667,3.7874569998166407,594.4699309998214,224.09988081884464
1789566000,50,,Aggregated,156.700000,0.000000,13,17,21,24,34,63,100,120,180,440,590,142788,0,13,19.362495391614658,3.7874569998166407,594.4699309998214,224.0971300109253
1789566001,50,,Aggregated,156.400000,0.000000,13,17,21,24,34,63,100,120,180,440,590,142947,0,13,19.353437499163114,3.7874569998166407,594.4699309998214,224.0964973031963
1789566002,50,,Aggregated,155.600000,0.000000,13,17,21,24,34,63,100,120,180,440,590,143104,0,13,19.363941990027335,3.7874569998166407,594.4699309998214,224.0972229986583
1789566003,50,,Aggregated,157.600000,0.000000,13,17,21,24,34,63,100,120,180,440,590,143263,0,13,19.358169947836288,3.7874569998166407,594.4699309998214,224.09601222925667
1789566004,50,,Aggregated,156.600000,0.000000,13,17,21,24,34,63,100,120,180,440,590,143417,0,13,19.378818289274424,3.7874569998166407,594.4699309998214,224.0899335504159
1789566005,50,,Aggregated,155.800000,0.000000,13,17,21,24,34,63,100,120,180,440,590,143569,0,13,19.37184630555251,3.7874569998166407,594.4699309998214,224.08768606036122
1789566006,50,,Aggregated,154.600000,0.000000,13,17,21,24,34,63,100,120,180,440,590,143717,0,13,19.364160945412657,3.7874569998166407,594.4699309998214,224.0865033364181
1789566007,50,,Aggregated,155.200000,0.000000,13,17,21,24,34,63,100,120,180,440,590,143880,0,13,19.38561756144613,3.7874569998166407,594.4699309998214,224.08554350847928
1789566008,50,,Aggregated,155.600000,0.000000,13,17,21,24,34,63,100,120,180,440,590,144055,0,13,19.383892392210345,3.7874569998166407,594.4699309998214,224.08432196036236
1789566009,50,,Aggregated,154.800000,0.000000,13,17,21,24,34,63,100,120,180,440,590,144198,0,13,19.39279604583879,3.7874569998166407,594.4699309998214,224.08468217312307
1789566010,50,,Aggregated,156.000000,0.000000,13,17,21,24,34,63,100,120,180,440,590,144358,0,13,19.388155736397472,3.7874569998166407,594.4699309998214,224.0882735975838
1789566011,50,,Aggregated,156.000000,0.000000,13,17,21,24,34,63,100,120,180,440,590,144509,0,13,19.394325012157523,3.7874569998166407,594.4699309998214,224.08663128248068
1789566012,50,,Aggregated,156.300000,0.000000,13,17,21,24,34,63,100,120,180,440,590,144674,0,13,19.387395511217427,3.7874569998166407,594.4699309998214,224.0891106902415
1789566013,50,,Aggregated,154.900000,0.000000,13,17,21,24,34,63,100,120,180,440,590,144837,0,13,19.382280490557417,3.7874569998166407,594.4699309998214,224.09156500065592
1789566014,50,,Aggregated,155.500000,0.000000,13,17,21,24,34,63,100,120,180,440,590,144993,0,13,19.374309802203353,3.7874569998166407,594.4699309998214,224.09088714627603
1789566015,50,,Aggregated,157.100000,0.000000,13,17,21,24,34,63,100,120,180,440,590,145152,0,13,19.379190897871663,3.7874569998166407,594.4699309998214,224.09380511463846
1789566016,50,,Aggregated,158.900000,0.000000,13,17,21,24,34,63,100,120,180,440,590,145311,0,13,19.3716975011655,3.7874569998166407,594.4699309998214,224.09286977586004
1789566017,50,,Aggregated,157.300000,0.000000,13,17,21,24,34,63,100,120,180,440,590,145473,0,13,19.367984646854442,3.7874569998166407,594.4699309998214,224.09520667065365
1789566018,50,,Aggregated,157.600000,0.000000,13,17,21,24,34,63,100,120,180,440,590,145636,0,13,19.35997358585008,3.7874569998166407,594.4699309998214,224.0951550440825
1789566019,50,,Aggregated,158.400000,0.000000,13,17,21,24,34,63,100,120,180,440,590,145797,0,13,19.368571115742185,3.7874569998166407,594.4699309998214,224.09360960787944
1789566020,50,,Aggregated,159.000000,0.000000,13,17,21,24,34,63,100,120,180,440,590,145949,0,13,19.36406107155827,3.7874569998166407,594.4699309998214,224.09364229970743
1789566021,50,,Aggregated,159.100000,0.000000,13,17,21,24,34,63,100,120,180,440,590,146104,0,13,19.369724865478442,3.7874569998166407,594.4699309998214,224.09371406669223
1789566022,50,,Aggregated,159.200000,0.000000,13,17,21,24,34,63,100,120,180,440,590,146263,0,13,19.362543830003922,3.7874569998166407,594.4699309998214,224.09320197179053
1789566023,50,,Aggregated,159.600000,0.000000,13,17,21,24,34,63,100,120,180,440,590,146427,0,13,19.36230821562189,3.7874569998166407,594.4699309998214,224.09420393779837
1789566024,50,,Aggregated,159.500000,0.000000,13,17,21,24,34,63,100,120,180,440,590,146579,0,13,19.35489843822687,3.7874569998166407,594.4699309998214,224.09264628630294
1789566025,50,,Aggregated,158.800000,0.000000,13,17,21,24,34,63,100,120,180,440,590,146742,0,13,19.373240428301717,3.7874569998166407,594.4699309998214,224.09231167627536
1789566026,50,,Aggregated,158.500000,0.000000,13,17,21,24,34,63,100,120,180,440,590,146889,0,13,19.369309119817366,3.7874569998166407,594.4699309998214,224.09507859676353
1789566027,50,,Aggregated,157.600000,0.000000,13,17,21,24,34,63,100,120,180,440,590,147039,0,13,19.366772659891918,3.7874569998166407,594.4699309998214,224.09449873842993
1789566028,50,,Aggregated,156.200000,0.000000,13,17,21,24,34,63,100,120,180,440,590,147198,0,13,19.37027041917587,3.7874569998166407,594.4699309998214,224.09202570687103
1789566029,50,,Aggregated,156.100000,0.000000,13,17,21,24,34,63,100,120,180,440,590,147354,0,13,19.366085295213242,3.7874569998166407,594.4699309998214,224.0929258791753
1789566030,50,,Aggregated,155.300000,0.000000,13,17,21,24,34,63,100,120,180,440,590,147498,0,13,19.367720055945565,3.7874569998166407,594.4699309998214,224.08797407422475
1789566031,50,,Aggregated,154.900000,0.000000,13,17,21,24,34,63,100,120,180,440,590,147655,0,13,19.362421743360297,3.7874569998166407,594.4699309998214,224.08555077714945
1789566032,50,,Aggregated,154.700000,0.000000,13,17,21,24,34,63,100,120,180,440,590,147825,0,13,19.37102192753505,3.7874569998166407,594.4699309998214,224.08576357179098
1789566033,50,,Aggregated,154.500000,0.000000,13,17,21,24,34,63,100,120,180,440,590,147979,0,13,19.36443106115642,3.7874569998166407,594.4699309998214,224.08509991282546
1789566034,50,,Aggregated,154.100000,0.000000,13,17,21,24,34,63,100,120,180,440,590,148126,0,13,19.380058095539358,3.7874569998166407,594.4699309998214,224.08849222958833
1789566035,50,,Aggregated,154.100000,0.000000,13,17,21,24,34,63,100,120,180,440,590,148273,0,13,19.375732643703586,3.7874569998166407,594.4699309998214,224.0878042529658
1789566036,50,,Aggregated,152.900000,0.000000,13,17,21,24,34,63,100,120,180,440,590,148434,0,13,19.37094331593745,3.7874569998166407,594.4699309998214,224.08625382324803
1789566037,50,,Aggregated,153.300000,0.000000,13,17,21,24,34,63,100,120,180,440,590,148580,0,13,19.382990235084577,3.7874569998166407,594.4699309998214,224.08608830259791
1789566038,50,,Aggregated,154.300000,0.000000,13,17,21,24,34,63,100,120,180,440,590,148737,0,13,19.378705699656845,3.7874569998166407,594.4699309998214,224.08804130781178
1789566039,50,,Aggregated,153.400000,0.000000,13,17,21,24,34,63,100,120,180,440,590,148892,0,13,19.38088313509698,3.7874569998166407,594.4699309998214,224.08720414797304
1789566040,50,,Aggregated,153.500000,0.000000,13,17,21,24,34,63,100,120,180,440,590,149050,0,13,19.376361246795444,3.7874569998166407,594.4699309998214,224.08738007380074
1789566041,50,,Aggregated,153.400000,0.000000,13,17,21,24,34,63,100,120,180,440,590,149201,0,13,19.39126174579836,3.7874569998166407,594.4699309998214,224.0869967359468
1789566042,50,,Aggregated,153.700000,0.000000,13,17,21,24,34,63,100,120,180,440,590,149374,0,13,19.384284968219756,3.7874569998166407,594.4699309998214,224.08728426633817
1789566043,50,,Aggregated,153.200000,0.000000,13,17,21,24,34,63,100,120,180,440,590,149523,0,13,19.3817788326268,3.7874569998166407,594.4699309998214,224.08547180032502
1789566044,50,,Aggregated,154.800000,0.000000,13,17,21,24,34,63,100,120,180,440,590,149693,0,13,19.37641664576074,3.7874569998166407,594.4699309998214,224.08569538989798
1789566045,50,,Aggregated,154.100000,0.000000,13,17,21,24,34,63,100,120,180,440,590,149850,0,13,19.377228528180602,3.7874569998166407,594.4699309998214,224.08365699032365
1789566046,50,,Aggregated,157.000000,0.000000,13,17,21,24,34,63,100,120,180,430,590,150022,0,13,19.36918202116934,3.7874569998166407,594.4699309998214,224.08388769647118
1789566047,50,,Aggregated,158.200000,0.000000,13,17,21,24,34,63,100,120,180,430,590,150186,0,13,19.361500023543194,3.7874569998166407,594.4699309998214,224.0842954736127
1789566048,50,,Aggregated,158.300000,0.000000,13,17,21,24,34,63,100,120,180,430,590,150347,0,13,19.36408405980739,3.7874569998166407,594.4699309998214,224.0845377692937
1789566049,50,,Aggregated,161.000000,0.000000,13,17,21,24,34,63,100,120,180,430,590,150516,0,13,19.362806447346895,3.7874569998166407,594.4699309998214,224.08424353557098
1789566050,50,,Aggregated,159.800000,0.000000,13,17,21,24,34,63,100,120,180,430,590,150672,0,13,19.3762431258619,3.7874569998166407,594.4699309998214,224.08413640225126
1789566051,50,,Aggregated,162.100000,0.000000,13,17,21,24,34,63,100,120,180,430,590,150817,0,13,19.37196602020244,3.7874569998166407,594.4699309998214,224.08864385314652
1789566052,50,,Aggregated,161.000000,0.000000,13,17,21,24,34,63,100,120,180,430,590,150970,0,13,19.388267415598254,3.7874569998166407,594.4699309998214,224.08578525534875
1789566053,50,,Aggregated,162.700000,0.000000,13,17,21,24,34,63,100,120,180,430,590,151126,0,13,19.38180548680481,3.7874569998166407,594.4699309998214,224.0845122612919
1789566054,50,,Aggregated,160.800000,0.000000,13,17,21,24,34,63,100,120,180,430,590,151279,0,13,19.38403552535954,3.7874569998166407,594.4699309998214,224.08321710217544
1789566055,50,,Aggregated,159.700000,0.000000,13,17,21,24,34,63,100,120,180,430,590,151438,0,13,19.379099330695485,3.7874569998166407,594.4699309998214,224.0799403056036
1789566056,50,,Aggregated,158.100000,0.000000,13,17,21,24,34,63,100,120,180,430,590,151608,0,13,19.38147583440763,3.7874569998166407,594.4699309998214,224.07591947654478
1789566057,50,,Aggregated,158.500000,0.000000,13,17,21,24,34,63,100,120,180,430,590,151753,0,13,19.37809630327488,3.7874569998166407,594.4699309998214,224.07474646300238
1789566058,50,,Aggregated,158.800000,0.000000,13,17,21,24,34,63,100,120,180,430,590,151924,0,13,19.37178578507587,3.7874569998166407,594.4699309998214,224.07487954503569
1789566059,50,,Aggregated,156.000000,0.000000,13,17,21,24,34,63,100,120,180,430,590,152062,0,13,19.385842722875402,3.7874569998166407,594.4699309998214,224.0732004050979
1789566060,50,,Aggregated,158.200000,0.000000,13,17,21,24,34,63,100,120,180,430,590,152209,0,13,19.381142799925584,3.7874569998166407,594.4699309998214,224.07148723137266
1789566061,50,,Aggregated,155.300000,0.000000,13,17,21,24,34,63,100,120,180,430,590,152363,0,13,19.38177246841998,3.7874569998166407,594.4699309998214,224.07060113019566
1789566062,50,,Aggregated,154.400000,0.000000,13,17,21,24,34,63,100,120,180,430,590,152523,0,13,19.375700510269755,3.7874569998166407,594.4699309998214,224.07230384925552
1789566063,50,,Aggregated,153.900000,0.000000,13,17,21,24,34,63,100,120,180,430,590,152668,0,13,19.393283906980365,3.7874569998166407,594.4699309998214,224.07175701522257
1789566064,50,,Aggregated,153.300000,0.000000,13,17,21,24,34,63,100,120,180,430,590,152831,0,13,19.389205927140875,3.7874569998166407,594.4699309998214,224.07258344184098
1789566065,50,,Aggregated,153.000000,0.000000,13,17,21,24,34,63,100,120,180,430,590,152961,0,13,19.3896235678498,3.7874569998166407,594.4699309998214,224.0698544073326
1789566066,50,,Aggregated,153.900000,0.000000,13,17,21,24,34,63,100,120,180,430,590,153120,0,13,19.415050440705787,3.7874569998166407,594.4699309998214,224.07049373040752
1789566067,50,,Aggregated,153.400000,0.000000,13,17,21,24,34,63,100,120,180,430,590,153284,0,13,19.413149395552516,3.7874569998166407,594.4699309998214,224.0741695154093
1789566068,50,,Aggregated,151.700000,0.000000,13,17,21,24,34,63,100,120,180,430,590,153432,0,13,19.41395340745,3.7874569998166407,594.4699309998214,224.07338755930965
1789566069,50,,Aggregated,152.200000,0.000000,13,17,21,24,34,63,100,120,180,430,590,153593,0,13,19.41108956063667,3.7874569998166407,594.4699309998214,224.07634462508057
1789566070,50,,Aggregated,150.400000,0.000000,13,17,21,24,34,63,100,120,180,430,590,153753,0,13,19.408327022060472,3.7874569998166407,594.4699309998214,224.0738522175177
1789566071,50,,Aggregated,152.100000,0.000000,13,17,21,24,34,63,100,120,180,430,590,153911,0,13,19.402598573622846,3.7874569998166407,594.4699309998214,224.07406228274783
1789566072,50,,Aggregated,153.400000,0.000000,13,17,21,24,34,63,100,120,180,430,590,154072,0,13,19.411077985992673,3.7874569998166407,594.4699309998214,224.0708629731554
1789566073,50,,Aggregated,154.900000,0.000000,13,17,21,24,34,63,100,120,180,430,590,154232,0,13,19.405106246595107,3.7874569998166407,594.4699309998214,224.07077649255666
1789566074,50,,Aggregated,155.100000,0.000000,13,17,21,24,34,63,100,120,180,430,590,154386,0,13,19.402424898040344,3.7874569998166407,594.4699309998214,224.06878862072986
1789566075,50,,Aggregated,156.900000,0.000000,13,17,21,24,34,63,100,120,180,430,590,154539,0,13,19.396582270234987,3.7874569998166407,594.4699309998214,224.0692446566886
1789566076,50,,Aggregated,156.400000,0.000000,13,17,21,24,34,63,100,120,180,430,590,154683,0,13,19.409971016180496,3.7874569998166407,594.4699309998214,224.06742175934008
1789566077,50,,Aggregated,155.500000,0.000000,13,17,21,24,34,63,100,120,180,430,590,154839,0,13,19.40751421512571,3.7874569998166407,594.4699309998214,224.0674313318996
1789566078,50,,Aggregated,155.900000,0.000000,13,17,21,24,34,63,100,120,180,430,590,154996,0,13,19.405635537683896,3.7874569998166407,594.4699309998214,224.06925985186714
1789566079,50,,Aggregated,156.200000,0.000000,13,17,21,24,34,63,100,120,180,430,590,155149,0,13,19.40162341713996,3.7874569998166407,594.4699309998214,224.06917221509644
1789566080,50,,Aggregated,156.200000,0.000000,13,17,21,24,34,63,100,120,180,430,590,155305,0,13,19.401053291947072,3.7874569998166407,594.4699309998214,224.0695341424938
1789566081,50,,Aggregated,155.000000,0.000000,13,17,21,24,34,63,100,120,180,430,590,155463,0,13,19.393771003035113,3.7874569998166407,594.4699309998214,224.0700874162984
1789566082,50,,Aggregated,155.800000,0.000000,13,17,21,24,34,63,100,120,180,430,590,155618,0,13,19.38740517703511,3.7874569998166407,594.4699309998214,224.0705445385495
1789566083,50,,Aggregated,154.200000,0.000000,13,17,21,24,34,63,100,120,180,430,590,155785,0,13,19.400539242198192,3.7874569998166407,594.4699309998214,224.07038546715023
1789566084,50,,Aggregated,155.500000,0.000000,13,17,21,24,34,63,100,120,180,430,590,155940,0,13,19.393226515755003,3.7874569998166407,594.4699309998214,224.07219443375658
1789566085,50,,Aggregated,155.200000,0.000000,13,17,21,24,34,63,100,120,180,430,590,156097,0,13,19.403876197280113,3.7874569998166407,594.4699309998214,224.0708982235405
1789566086,50,,Aggregated,155.500000,0.000000,13,17,21,24,34,63,100,120,180,430,590,156256,0,13,19.397861676837003,3.7874569998166407,594.4699309998214,224.07125486381324
1789566087,50,,Aggregated,155.000000,0.000000,13,17,21,24,34,63,100,120,180,430,590,156405,0,13,19.40309777659176,3.7874569998166407,594.4699309998214,224.07441577954668
1789566088,50,,Aggregated,156.000000,0.000000,13,17,21,24,34,63,100,120,180,430,590,156565,0,13,19.397715816892863,3.7874569998166407,594.4699309998214,224.07435250534922
1789566089,50,,Aggregated,155.600000,0.000000,13,17,21,24,34,63,100,120,180,430,590,156720,0,13,19.408293212262876,3.7874569998166407,594.4699309998214,224.07290071465033
1789566090,50,,Aggregated,156.800000,0.000000,13,17,21,24,34,63,100,120,180,430,590,156882,0,13,19.40097555818922,3.7874569998166407,594.4699309998214,224.07434887367575
1789566091,50,,Aggregated,157.400000,0.000000,13,17,21,24,34,63,100,120,180,430,590,157038,0,13,19.418637884345483,3.7874569998166407,594.4699309998214,224.076688444835
1789566092,50,,Aggregated,157.200000,0.000000,13,17,21,24,34,63,100,120,180,430,590,157186,0,13,19.412657976167342,3.7874569998166407,594.4699309998214,224.07916099398165
1789566093,50,,Aggregated,157.000000,0.000000,13,17,21,24,34,63,100,120,180,430,590,157344,0,13,19.418065766821996,3.7874569998166407,594.4699309998214,224.08362568639413
1789566094,50,,Aggregated,156.400000,0.000000,13,17,21,24,34,63,100,120,180,430,590,157500,0,13,19.417971380792544,3.7874569998166407,594.4699309998214,224.08337777777777
1789566095,50,,Aggregated,156.400000,0.000000,13,17,21,24,34,63,100,120,180,430,590,157664,0,13,19.413348069006403,3.7874569998166407,594.4699309998214,224.08256165009132
1789566096,50,,Aggregated,155.500000,0.000000,13,17,21,24,34,63,100,120,180,430,590,157821,0,13,19.40817782751873,3.7874569998166407,594.4699309998214,224.07975491221066
1789566097,50,,Aggregated,156.800000,0.000000,13,17,21,24,34,63,100,120,180,430,590,157966,0,13,19.403365031917176,3.7874569998166407,594.4699309998214,224.08326475317475
1789566098,50,,Aggregated,156.300000,0.000000,13,17,21,24,34,63,100,120,180,430,590,158132,0,13,19.41336631986457,3.7874569998166407,594.4699309998214,224.0855740773531
1789566099,50,,Aggregated,158.000000,0.000000,13,17,21,24,34,63,100,120,180,430,590,158294,0,13,19.407053761158462,3.7874569998166407,594.4699309998214,224.08566338585163
1789566100,50,,Aggregated,155.800000,0.000000,13,17,21,24,34,63,100,120,180,430,590,158443,0,13,19.413486699373422,3.7874569998166407,594.4699309998214,224.0861950354386
1789566101,50,,Aggregated,156.500000,0.000000,13,17,21,24,34,63,100,120,180,430,590,158606,0,13,19.407933042456328,3.7874569998166407,594.4699309998214,224.08647844343847
1789566102,50,,Aggregated,156.200000,0.000000,13,17,21,24,34,63,100,120,180,430,590,158755,0,13,19.41303798372862,3.7874569998166407,594.4699309998214,224.08889168845076
1789566103,50,,Aggregated,156.800000,0.000000,13,17,21,24,34,63,100,120,180,430,590,158905,0,13,19.40652237786,3.7874569998166407,594.4699309998214,224.0878512318681
1789566104,50,,Aggregated,155.700000,0.000000,13,17,21,24,34,63,100,120,180,430,590,159061,0,13,19.408365915088176,3.7874569998166407,594.4699309998214,224.08640710167796
1789566105,50,,Aggregated,155.600000,0.000000,13,17,21,24,34,63,100,120,180,430,590,159229,0,13,19.408088079708026,3.7874569998166407,594.4699309998214,224.0858637559741
1789566106,50,,Aggregated,155.800000,0.000000,13,17,21,24,34,63,100,120,180,430,590,159382,0,13,19.42012322252092,3.7874569998166407,594.4699309998214,224.0865781581358
1789566107,50,,Aggregated,155.900000,0.000000,13,17,21,24,34,63,100,120,180,430,590,159547,0,13,19.413280949606296,3.7874569998166407,594.4699309998214,224.08875127705315
1789566108,50,,Aggregated,156.900000,0.000000,13,17,21,24,34,63,100,120,180,430,590,159706,0,13,19.41516881829002,3.7874569998166407,594.4699309998214,224.09019072545803
1789566109,50,,Aggregated,155.500000,0.000000,13,17,21,24,34,63,100,120,180,430,590,159864,0,13,19.410232690792423,3.7874569998166407,594.4699309998214,224.0911962668268
1789566110,50,,Aggregated,158.000000,0.000000,13,17,21,24,34,63,100,120,180,410,590,160023,0,13,19.41534579972151,3.7874569998166407,594.4699309998214,224.09037450866438
1789566111,50,,Aggregated,156.700000,0.000000,13,17,21,24,34,63,100,120,180,410,590,160190,0,13,19.407125285328917,3.7874569998166407,594.4699309998214,224.0918721518197
1789566112,50,,Aggregated,156.500000,0.000000,13,17,21,24,34,63,100,120,180,410,590,160346,0,13,19.40011505887786,3.7874569998166407,594.4699309998214,224.0924313671685
1789566113,50,,Aggregated,157.700000,0.000000,13,17,21,24,34,63,100,120,180,410,590,160504,0,13,19.410895139110714,3.7874569998166407,594.4699309998214,224.09458954293973
1789566114,50,,Aggregated,159.900000,0.000000,13,17,21,24,34,63,100,120,180,410,590,160666,0,13,19.404804103101092,3.7874569998166407,594.4699309998214,224.0941393947693
1789566115,50,,Aggregated,159.200000,0.000000,13,17,21,24,34,63,100,120,180,410,590,160816,0,13,19.412276850623336,3.7874569998166407,594.4699309998214,224.09244105064172
1789566116,50,,Aggregated,159.700000,0.000000,13,17,21,24,34,63,100,120,180,410,590,160967,0,13,19.411878629171518,3.7874569998166407,594.4699309998214,224.0930377033802
1789566117,50,,Aggregated,158.400000,0.000000,13,17,21,24,34,63,100,120,180,410,590,161124,0,13,19.414482010053533,3.7874569998166407,594.4699309998214,224.0927980933939
1789566118,50,,Aggregated,157.600000,0.000000,13,17,21,24,34,63,100,120,180,410,590,161292,0,13,19.409121409015146,3.7874569998166407,594.4699309998214,224.09171564615727
1789566119,50,,Aggregated,157.800000,0.000000,13,17,21,24,34,63,100,120,180,410,590,161443,0,13,19.417470857348246,3.7874569998166407,594.4699309998214,224.09216875305836
1789566120,50,,Aggregated,157.600000,0.000000,13,17,21,24,34,63,100,120,180,410,590,161597,0,13,19.41069713389404,3.7874569998166407,594.4699309998214,224.09329381114748
1789566121,50,,Aggregated,158.100000,0.000000,13,17,21,24,34,63,100,120,180,410,590,161747,0,13,19.404737109936395,3.7874569998166407,594.4699309998214,224.09335567274817
1789566122,50,,Aggregated,157.500000,0.000000,13,17,21,24,34,63,100,120,180,410,590,161922,0,13,19.410714607594315,3.7874569998166407,594.4699309998214,224.0936870839046
1789566123,50,,Aggregated,156.700000,0.000000,13,17,21,24,34,63,100,120,180,410,590,162068,0,13,19.404966964236507,3.7874569998166407,594.4699309998214,224.0941703482489
1789566124,50,,Aggregated,156.000000,0.000000,13,17,21,24,34,63,100,120,180,410,590,162227,0,13,19.410828304221152,3.7874569998166407,594.4699309998214,224.09280822551116
1789566125,50,,Aggregated,156.800000,0.000000,13,17,21,24,34,63,100,120,180,410,590,162375,0,13,19.406650527919222,3.7874569998166407,594.4699309998214,224.09260046189377
1789566126,50,,Aggregated,155.600000,0.000000,13,17,21,24,34,63,100,120,180,410,590,162538,0,13,19.407870118753078,3.7874569998166407,594.4699309998214,224.09253836026036
1789566127,50,,Aggregated,156.700000,0.000000,13,17,21,24,34,63,100,120,180,410,590,162684,0,13,19.406344704180444,3.7874569998166407,594.4699309998214,224.09464975043642
1789566128,50,,Aggregated,155.800000,0.000000,13,17,21,24,34,63,100,120,180,410,590,162842,0,13,19.41573887582377,3.7874569998166407,594.4699309998214,224.09318848945603
1789566129,50,,Aggregated,156.100000,0.000000,13,17,21,24,34,63,100,120,180,410,590,162992,0,13,19.41362616445526,3.7874569998166407,594.4699309998214,224.09152596446452
1789566130,50,,Aggregated,154.900000,0.000000,13,17,21,24,34,63,100,120,180,410,590,163152,0,13,19.417184740811592,3.7874569998166407,594.4699309998214,224.0882857703246
1789566131,50,,Aggregated,153.300000,0.000000,13,17,21,24,34,63,100,120,180,410,590,163306,0,13,19.415607833722543,3.7874569998166407,594.4699309998214,224.0888332333166
1789566132,50,,Aggregated,155.200000,0.000000,13,17,21,24,34,63,100,120,180,410,590,163467,0,13,19.41173952975764,3.7874569998166407,594.4699309998214,224.08604183107295
1789566133,50,,Aggregated,154.800000,0.000000,13,17,21,24,34,63,100,120,180,410,590,163616,0,13,19.424927045477787,3.7874569998166407,594.4699309998214,224.086507432036
1789566134,50,,Aggregated,153.900000,0.000000,13,17,21,24,34,63,100,120,180,410,590,163774,0,13,19.421533845866247,3.7874569998166407,594.4699309998214,224.08806037588383
1789566135,50,,Aggregated,153.900000,0.000000,13,17,21,24,34,63,100,120,180,410,590,163944,0,13,19.419113233024095,3.7874569998166407,594.4699309998214,224.08278436539305
1789566136,50,,Aggregated,155.000000,0.000000,13,17,21,24,34,63,100,120,180,410,590,164108,0,13,19.41451153793173,3.7874569998166407,594.4699309998214,224.08061154849247
1789566137,50,,Aggregated,155.600000,0.000000,13,17,21,24,34,63,100,120,180,410,590,164258,0,13,19.417868277319226,3.7874569998166407,594.4699309998214,224.08238259323747
1789566138,50,,Aggregated,156.600000,0.000000,13,17,21,24,34,63,100,120,180,410,590,164419,0,13,19.413548708408992,3.7874569998166407,594.4699309998214,224.08544024717338
1789566139,50,,Aggregated,155.700000,0.000000,13,17,21,24,34,63,100,120,180,410,590,164582,0,13,19.41001450518223,3.7874569998166407,594.4699309998214,224.08624879999027
1789566140,50,,Aggregated,156.800000,0.000000,13,17,21,24,34,63,100,120,180,410,590,164738,0,13,19.40492714725747,3.7874569998166407,594.4699309998214,224.08452815986598
1789566141,50,,Aggregated,158.300000,0.000000,13,17,21,24,34,63,100,120,180,410,590,164884,0,13,19.42888660913069,3.7874569998166407,594.4699309998214,224.08188787268625
1789566142,50,,Aggregated,157.400000,0.000000,13,17,21,24,34,63,100,120,180,410,590,165040,0,13,19.426006213777875,3.7874569998166407,594.4699309998214,224.08095613184682
1789566143,50,,Aggregated,155.800000,0.000000,13,17,21,24,34,63,100,120,180,410,590,165203,0,13,19.42934339371497,3.7874569998166407,594.4699309998214,224.08113654110397
1789566144,50,,Aggregated,156.500000,0.000000,13,17,21,24,34,63,100,120,180,410,590,165359,0,13,19.423826015849745,3.7874569998166407,594.4699309998214,224.08170102625198
1789566145,50,,Aggregated,157.500000,0.000000,13,17,21,24,34,63,100,120,180,410,590,165516,0,13,19.427729619709808,3.7874569998166407,594.4699309998214,224.0817504047947
1789566146,50,,Aggregated,157.000000,0.000000,13,17,21,24,34,63,100,120,180,410,590,165665,0,13,19.422061906473264,3.7874569998166407,594.4699309998214,224.08342136238795
1789566147,50,,Aggregated,156.200000,0.000000,13,17,21,24,34,63,100,120,180,410,590,165817,0,13,19.41924925114975,3.7874569998166407,594.4699309998214,224.08512396195806
1789566148,50,,Aggregated,155.800000,0.000000,13,17,21,24,34,63,100,120,180,410,590,165982,0,13,19.427713485244738,3.7874569998166407,594.4699309998214,224.08578038582496
1789566149,50,,Aggregated,156.100000,0.000000,13,17,21,24,34,63,100,120,180,410,590,166125,0,13,19.424002532917356,3.7874569998166407,594.4699309998214,224.08689841986455
1789566150,50,,Aggregated,154.300000,0.000000,13,17,21,24,34,63,100,120,180,410,590,166295,0,13,19.42735231250425,3.7874569998166407,594.4699309998214,224.08708018882106
1789566151,50,,Aggregated,156.100000,0.000000,13,17,21,24,34,63,100,120,180,410,590,166457,0,13,19.42060165591046,3.7874569998166407,594.4699309998214,224.0880828081727
1789566152,50,,Aggregated,155.600000,0.000000,13,17,21,24,34,63,100,120,180,410,590,166604,0,13,19.429394367991698,3.7874569998166407,594.4699309998214,224.0899558233896
1789566153,50,,Aggregated,156.600000,0.000000,13,17,21,24,34,63,100,120,180,410,590,166761,0,13,19.42578744541523,3.7874569998166407,594.4699309998214,224.09035086141245
1789566154,50,,Aggregated,157.100000,0.000000,13,17,21,24,34,63,100,120,180,410,590,166916,0,13,19.428599632173608,3.7874569998166407,594.4699309998214,224.08905078003306
1789566155,50,,Aggregated,155.200000,0.000000,13,17,21,24,34,63,100,120,180,410,590,167079,0,13,19.423541378030173,3.7874569998166407,594.4699309998214,224.0889938292664
1789566156,50,,Aggregated,156.100000,0.000000,13,17,21,24,34,63,100,120,180,410,590,167233,0,13,19.426910077621645,3.7874569998166407,594.4699309998214,224.08923478021683
1789566157,50,,Aggregated,155.900000,0.000000,13,17,21,24,34,63,100,120,180,410,590,167377,0,13,19.42299141973452,3.7874569998166407,594.4699309998214,224.08863224935325
1789566158,50,,Aggregated,156.700000,0.000000,13,17,21,24,34,63,100,120,180,410,590,167531,0,13,19.41734680950329,3.7874569998166407,594.4699309998214,224.08536927494015
1789566159,50,,Aggregated,156.000000,0.000000,13,17,21,24,34,63,100,120,180,410,590,167698,0,13,19.42740978127284,3.7874569998166407,594.4699309998214,224.08342973678876
1789566160,50,,Aggregated,156.600000,0.000000,13,17,21,24,34,63,100,120,180,410,590,167852,0,13,19.422670041267857,3.7874569998166407,594.4699309998214,224.08294807330267
1789566161,50,,Aggregated,154.300000,0.000000,13,17,21,24,34,63,100,120,180,410,590,168020,0,13,19.419054485167724,3.7874569998166407,594.4699309998214,224.08115700511843
1789566162,50,,Aggregated,156.400000,0.000000,13,17,21,24,34,63,100,120,180,410,590,168165,0,13,19.413410686319303,3.7874569998166407,594.4699309998214,224.0811345999465
1789566163,50,,Aggregated,157.300000,0.000000,13,17,21,24,34,63,100,120,180,410,590,168330,0,13,19.4174508473706,3.7874569998166407,594.4699309998214,224.08466108239767
1789566164,50,,Aggregated,156.600000,0.000000,13,17,21,24,34,63,100,120,180,410,590,168479,0,13,19.413954968173464,3.7874569998166407,594.4699309998214,224.08384427732832
1789566165,50,,Aggregated,156.300000,0.000000,13,17,21,24,34,63,100,120,180,410,590,168627,0,13,19.43265577897907,3.7874569998166407,594.4699309998214,224.0817899861825
1789566166,50,,Aggregated,155.600000,0.000000,13,17,21,24,34,63,100,120,180,410,590,168790,0,13,19.42679847208307,3.7874569998166407,594.4699309998214,224.08150956810238
1789566167,50,,Aggregated,155.100000,0.000000,13,17,21,24,34,63,100,120,180,410,590,168952,0,13,19.425933883060907,3.7874569998166407,594.4699309998214,224.08112955158862
1789566168,50,,Aggregated,154.000000,0.000000,13,17,21,24,34,63,100,120,180,410,590,169113,0,13,19.419909207422922,3.7874569998166407,594.4699309998214,224.0819215554097
1789566169,50,,Aggregated,156.100000,0.000000,13,17,21,24,34,63,100,120,180,410,590,169274,0,13,19.42662754453086,3.7874569998166407,594.4699309998214,224.08060895353097
1789566170,50,,Aggregated,155.800000,0.000000,13,17,21,24,34,63,100,120,180,410,590,169427,0,13,19.424412434068504,3.7874569998166407,594.4699309998214,224.08130935447124
1789566171,50,,Aggregated,156.900000,0.000000,13,17,21,24,34,63,100,120,180,410,590,169582,0,13,19.429729224828822,3.7874569998166407,594.4699309998214,224.0828330836999
1789566172,50,,Aggregated,155.400000,0.000000,13,17,21,24,34,63,100,120,180,410,590,169743,0,13,19.424190077964507,3.7874569998166407,594.4699309998214,224.08497552181828
1789566173,50,,Aggregated,154.400000,0.000000,13,17,21,24,34,63,100,120,180,410,590,169893,0,13,19.441181148369456,3.7874569998166407,594.4699309998214,224.08533606446412
1789566174,50,,Aggregated,154.700000,0.000000,13,17,21,24,34,63,100,120,180,410,590,170045,0,13,19.435622789014282,3.7874569998166407,594.4699309998214,224.08537151930372
1789566175,50,,Aggregated,156.800000,0.000000,13,17,21,24,34,63,100,120,180,410,590,170204,0,13,19.44086218293889,3.7874569998166407,594.4699309998214,224.08677821907827
1789566176,50,,Aggregated,156.300000,0.000000,13,17,21,24,34,63,100,120,180,410,590,170369,0,13,19.432994902687284,3.7874569998166407,594.4699309998214,224.0877507058209
1789566177,50,,Aggregated,156.600000,0.000000,13,17,21,24,34,63,100,120,180,410,590,170531,0,13,19.430333178407032,3.7874569998166407,594.4699309998214,224.08845898986107
1789566178,50,,Aggregated,156.900000,0.000000,13,17,21,24,34,63,100,120,180,410,590,170688,0,13,19.423089412494853,3.7874569998166407,594.4699309998214,224.08852994938132
1789566179,50,,Aggregated,157.200000,0.000000,13,17,21,24,34,63,100,120,180,410,590,170839,0,13,19.433042864708405,3.7874569998166407,594.4699309998214,224.09001457512628
1789566180,50,,Aggregated,158.100000,0.000000,13,17,21,24,34,63,100,120,180,410,590,171000,0,13,19.4263233346252,3.7874569998166407,594.4699309998214,224.0897543859649
1789566181,50,,Aggregated,157.800000,0.000000,13,17,21,24,34,63,100,120,180,410,590,171149,0,13,19.43236868040658,3.7874569998166407,594.4699309998214,224.09005603304723
1789566182,50,,Aggregated,157.000000,0.000000,13,17,21,24,34,63,100,120,180,410,590,171313,0,13,19.428271739225284,3.7874569998166407,594.4699309998214,224.08939776899592
1789566183,50,,Aggregated,157.800000,0.000000,13,17,21,24,34,63,100,120,180,410,590,171452,0,13,19.423827821996227,3.7874569998166407,594.4699309998214,224.08893451228332
1789566184,50,,Aggregated,157.400000,0.000000,13,17,21,24,34,63,100,120,180,410,590,171617,0,13,19.42851015098091,3.7874569998166407,594.4699309998214,224.08909373779986
1789566185,50,,Aggregated,156.800000,0.000000,13,17,21,24,34,63,100,120,180,410,590,171778,0,13,19.423909569321427,3.7874569998166407,594.4699309998214,224.09261954382984
1789566186,50,,Aggregated,156.500000,0.000000,13,17,21,24,34,63,100,120,180,410,590,171919,0,13,19.439232571576735,3.7874569998166407,594.4699309998214,224.09379998720328
1789566187,50,,Aggregated,156.700000,0.000000,13,17,21,24,34,63,100,120,180,410,590,172074,0,13,19.43689820277265,3.7874569998166407,594.4699309998214,224.09495914548393
1789566188,50,,Aggregated,156.400000,0.000000,13,17,21,24,34,63,100,120,180,410,590,172222,0,13,19.43802521235907,3.7874569998166407,594.4699309998214,224.09504592909153
1789566189,50,,Aggregated,153.800000,0.000000,13,17,21,24,34,63,100,120,180,410,590,172385,0,13,19.432856869686475,3.7874569998166407,594.4699309998214,224.09434695594163
1789566190,50,,Aggregated,154.000000,0.000000,13,17,21,24,34,63,100,120,180,410,590,172547,0,13,19.434916492781134,3.7874569998166407,594.4699309998214,224.09187641628077
1789566191,50,,Aggregated,153.500000,0.000000,13,17,21,24,34,63,100,120,180,410,590,172704,0,13,19.429690464302535,3.7874569998166407,594.4699309998214,224.09006739855477
1789566192,50,,Aggregated,154.600000,0.000000,13,17,21,24,34,63,100,120,180,410,590,172860,0,13,19.43061261460087,3.7874569998166407,594.4699309998214,224.0903621427745
1789566193,50,,Aggregated,155.000000,0.000000,13,17,21,24,34,63,100,120,180,410,590,173022,0,13,19.42335174044287,3.7874569998166407,594.4699309998214,224.09075724474343
1789566194,50,,Aggregated,154.500000,0.000000,13,17,21,24,34,63,100,120,180,410,590,173184,0,13,19.4295630480409,3.7874569998166407,594.4699309998214,224.09375
1789566195,50,,Aggregated,154.200000,0.000000,13,17,21,24,34,63,100,120,180,410,590,173335,0,13,19.42725199731685,3.7874569998166407,594.4699309998214,224.09580292497188
1789566196,50,,Aggregated,156.300000,0.000000,13,17,21,24,34,63,100,120,180,410,590,173474,0,13,19.423481675391827,3.7874569998166407,594.4699309998214,224.09678683837348
1789566197,50,,Aggregated,155.800000,0.000000,13,17,21,24,34,63,100,120,180,410,590,173644,0,13,19.42980082639145,3.7874569998166407,594.4699309998214,224.0972334201009
1789566198,50,,Aggregated,156.200000,0.000000,13,17,21,24,34,63,100,120,180,410,590,173807,0,13,19.423321318582712,3.7874569998166407,594.4699309998214,224.09534713791734
1789566199,50,,Aggregated,156.400000,0.000000,13,17,21,24,34,63,100,120,180,410,590,173957,0,13,19.431822475898656,3.7874569998166407,594.4699309998214,224.09354035767458
1789566200,50,,Aggregated,156.500000,0.000000,13,17,21,24,34,63,100,120,180,410,590,174116,0,13,19.42642492411901,3.7874569998166407,594.4699309998214,224.09522961703692
1789566201,50,,Aggregated,157.500000,0.000000,13,17,21,24,34,63,100,120,180,410,590,174274,0,13,19.429089710093997,3.7874569998166407,594.4699309998214,224.09463259005932
1789566202,50,,Aggregated,157.000000,0.000000,13,17,21,24,34,63,100,120,180,410,590,174431,0,13,19.42469403223578,3.7874569998166407,594.4699309998214,224.09475379949666
1789566203,50,,Aggregated,156.700000,0.000000,13,17,21,24,34,63,100,120,180,410,590,174584,0,13,19.436086389325055,3.7874569998166407,594.4699309998214,224.09490560417908
1789566204,50,,Aggregated,157.300000,0.000000,13,17,21,24,34,63,100,120,180,410,590,174743,0,13,19.43159656167016,3.7874569998166407,594.4699309998214,224.0965017196683
1789566205,50,,Aggregated,155.500000,0.000000,13,17,21,24,34,63,100,120,180,410,590,174897,0,13,19.44067773503787,3.7874569998166407,594.4699309998214,224.0951645825829
1789566206,50,,Aggregated,155.100000,0.000000,13,17,21,24,34,63,100,120,180,410,590,175057,0,13,19.4380797874002,3.7874569998166407,594.4699309998214,224.09653998411946
1789566207,50,,Aggregated,156.900000,0.000000,13,17,21,24,34,63,100,120,180,410,590,175209,0,13,19.449002825459438,3.7874569998166407,594.4699309998214,224.0967473132088
1789566208,50,,Aggregated,155.400000,0.000000,13,17,21,24,34,63,100,120,180,410,590,175379,0,13,19.442537494545636,3.7874569998166407,594.4699309998214,224.09641975379037
1789566209,50,,Aggregated,157.200000,0.000000,13,17,21,24,34,63,100,120,180,410,590,175527,0,13,19.442396303616636,3.7874569998166407,594.4699309998214,224.09462931628752
1789566210,50,,Aggregated,156.900000,0.000000,13,17,21,24,34,63,100,120,180,410,590,175680,0,13,19.441071700375158,3.7874569998166407,594.4699309998214,224.09474043715846
1789566211,50,,Aggregated,157.300000,0.000000,13,17,21,24,34,63,100,120,180,410,590,175819,0,13,19.440012211597754,3.7874569998166407,594.4699309998214,224.091975270022
1789566212,50,,Aggregated,156.800000,0.000000,13,17,21,24,34,63,100,120,180,410,590,175994,0,13,19.459042974384936,3.7874569998166407,594.4699309998214,224.09299180653886
1789566213,50,,Aggregated,156.400000,0.000000,13,17,21,24,34,63,100,120,180,410,590,176156,0,13,19.453469307000084,3.7874569998166407,594.4699309998214,224.090754785531
1789566214,50,,Aggregated,154.700000,0.000000,13,17,21,24,34,63,100,120,180,410,590,176310,0,13,19.462781110106686,3.7874569998166407,594.4699309998214,224.09068118654642
1789566215,50,,Aggregated,157.400000,0.000000,13,17,21,24,34,63,100,120,180,410,590,176467,0,13,19.4600822043323,3.7874569998166407,594.4699309998214,224.087631115166
1789566216,50,,Aggregated,156.700000,0.000000,13,17,21,24,34,64,100,120,180,410,590,176628,0,13,19.469969333757426,3.7874569998166407,594.4699309998214,224.08501483343525
1789566217,50,,Aggregated,155.400000,0.000000,13,17,21,24,34,63,100,120,180,410,590,176800,0,13,19.464714519931604,3.7874569998166407,594.4699309998214,224.08439479638008
1789566218,50,,Aggregated,158.200000,0.000000,13,17,21,24,34,64,100,120,180,410,590,176944,0,13,19.46503435810147,3.7874569998166407,594.4699309998214,224.08773397233023
1789566219,50,,Aggregated,157.600000,0.000000,13,17,21,24,34,63,100,120,180,410,590,177106,0,13,19.4623418115191,3.7874569998166407,594.4699309998214,224.08859101329148
1789566220,50,,Aggregated,157.000000,0.000000,13,17,21,24,34,64,100,120,180,410,590,177256,0,13,19.474257175079522,3.7874569998166407,594.4699309998214,224.08687435122084
1789566221,50,,Aggregated,156.200000,0.000000,13,17,21,24,34,64,100,120,180,410,590,177413,0,13,19.470575993021342,3.7874569998166407,594.4699309998214,224.08665655842583
1789566222,50,,Aggregated,156.800000,0.000000,13,17,21,24,34,64,100,120,180,410,590,177559,0,13,19.47655022462899,3.7874569998166407,594.4699309998214,224.08551523718876
1789566223,50,,Aggregated,156.200000,0.000000,13,17,21,24,34,64,100,120,180,410,590,177705,0,13,19.47372824524297,3.7874569998166407,594.4699309998214,224.08231057088994
1789566224,50,,Aggregated,156.900000,0.000000,13,17,21,24,34,64,100,120,180,410,590,177866,0,13,19.469066098326287,3.7874569998166407,594.4699309998214,224.08351230701766
1789566225,50,,Aggregated,155.300000,0.000000,13,17,21,24,34,64,100,120,180,410,590,178030,0,13,19.468098022922597,3.7874569998166407,594.4699309998214,224.08235128910857
1789566226,50,,Aggregated,155.300000,0.000000,13,17,21,24,34,63,100,120,180,410,590,178181,0,13,19.462531817331286,3.7874569998166407,594.4699309998214,224.08269680830168
1789566227,50,,Aggregated,155.500000,0.000000,13,17,21,24,34,63,100,120,180,410,590,178339,0,13,19.460385442521847,3.7874569998166407,594.4699309998214,224.07974139139503
1789566228,50,,Aggregated,153.900000,0.000000,13,17,21,24,34,63,100,120,180,410,590,178496,0,13,19.458146096847535,3.7874569998166407,594.4699309998214,224.07852837038365
1789566229,50,,Aggregated,154.100000,0.000000,13,17,21,24,34,63,100,120,180,410,590,178652,0,13,19.46068108492429,3.7874569998166407,594.4699309998214,224.08047488972974
1789566230,50,,Aggregated,154.600000,0.000000,13,17,21,24,34,63,100,120,180,410,590,178810,0,13,19.455786167400603,3.7874569998166407,594.4699309998214,224.08159498909458
1789566231,50,,Aggregated,154.000000,0.000000,13,17,21,24,34,63,100,120,180,410,590,178963,0,13,19.463667229091527,3.7874569998166407,594.4699309998214,224.084782888083
1789566232,50,,Aggregated,154.500000,0.000000,13,17,21,24,34,63,100,120,180,410,590,179125,0,13,19.45858638578035,3.7874569998166407,594.4699309998214,224.08546545708305
1789566233,50,,Aggregated,155.200000,0.000000,13,17,21,24,34,63,100,120,180,410,590,179271,0,13,19.45840975108021,3.7874569998166407,594.4699309998214,224.08530660285265
1789566234,50,,Aggregated,156.100000,0.000000,13,17,21,24,34,63,100,120,180,410,590,179432,0,13,19.456960985225027,3.7874569998166407,594.4699309998214,224.08196977127827
1789566235,50,,Aggregated,156.200000,0.000000,13,17,21,24,34,63,100,120,180,410,590,179586,0,13,19.460515011837767,3.7874569998166407,594.4699309998214,224.08191618500328
1789566236,50,,Aggregated,155.600000,0.000000,13,17,21,24,34,63,100,120,180,410,590,179749,0,13,19.455904155994727,3.7874569998166407,594.4699309998214,224.0810407846497
1789566237,50,,Aggregated,156.200000,0.000000,13,17,21,24,34,63,100,120,180,410,590,179913,0,13,19.451242464423924,3.7874569998166407,594.4699309998214,224.07965516666388
1789566238,50,,Aggregated,156.500000,0.000000,13,17,21,24,34,63,100,120,180,400,590,180063,0,13,19.45702583002555,3.7874569998166407,594.4699309998214,224.07952216724146
1789566239,50,,Aggregated,156.900000,0.000000,13,17,21,24,34,63,100,120,180,400,590,180222,0,13,19.452784101618526,3.7874569998166407,594.4699309998214,224.07532931606573
1789566240,50,,Aggregated,157.000000,0.000000,13,17,21,24,34,63,100,120,180,400,590,180376,0,13,19.461154411922276,3.7874569998166407,594.4699309998214,224.07427263050516
1789566241,50,,Aggregated,157.300000,0.000000,13,17,21,24,34,63,100,120,180,400,590,180535,0,13,19.456179760134543,3.7874569998166407,594.4699309998214,224.07380286371063
1789566242,50,,Aggregated,155.600000,0.000000,13,17,21,24,34,63,100,120,180,400,590,180687,0,13,19.463615510334932,3.7874569998166407,594.4699309998214,224.07182033018424
1789566243,50,,Aggregated,156.300000,0.000000,13,17,21,24,34,63,100,120,180,400,590,180852,0,13,19.459608873536858,3.7874569998166407,594.4699309998214,224.07326985601486
1789566244,50,,Aggregated,156.800000,0.000000,13,17,21,24,34,63,100,120,180,400,590,181004,0,13,19.459728479176622,3.7874569998166407,594.4699309998214,224.07555634129633
1789566245,50,,Aggregated,157.700000,0.000000,13,17,21,24,34,63,100,120,180,400,590,181156,0,13,19.457210766327826,3.7874569998166407,594.4699309998214,224.07805979376892
1789566246,50,,Aggregated,157.700000,0.000000,13,17,21,24,34,63,100,120,180,400,590,181317,0,13,19.457279399300027,3.7874569998166407,594.4699309998214,224.07910455169676
1789566247,50,,Aggregated,156.900000,0.000000,13,17,21,24,34,63,100,120,180,400,590,181470,0,13,19.451843426626365,3.7874569998166407,594.4699309998214,224.07918664242024
1789566248,50,,Aggregated,156.600000,0.000000,13,17,21,24,34,63,100,120,180,400,590,181621,0,13,19.46041234089607,3.7874569998166407,594.4699309998214,224.0785702093921
1789566249,50,,Aggregated,155.700000,0.000000,13,17,21,24,34,63,100,120,180,400,590,181778,0,13,19.454709795288082,3.7874569998166407,594.4699309998214,224.0758562642344
1789566250,50,,Aggregated,155.900000,0.000000,13,17,21,24,34,63,100,120,180,400,590,181929,0,13,19.454112240593194,3.7874569998166407,594.4699309998214,224.07690912388898
1789566251,50,,Aggregated,154.600000,0.000000,13,17,21,24,34,63,100,120,180,400,590,182090,0,13,19.451129398329833,3.7874569998166407,594.4699309998214,224.07556153550442
1789566252,50,,Aggregated,155.800000,0.000000,13,17,21,24,34,63,100,120,180,400,590,182244,0,13,19.453254266899737,3.7874569998166407,594.4699309998214,224.07580496477252
1789566253,50,,Aggregated,155.300000,0.000000,13,17,21,24,34,63,100,120,180,400,590,182411,0,13,19.4471588256458,3.7874569998166407,594.4699309998214,224.07422249754674
1789566254,50,,Aggregated,155.000000,0.000000,13,17,21,24,34,63,100,120,180,400,590,182568,0,13,19.44472072770625,3.7874569998166407,594.4699309998214,224.072394943254
1789566255,50,,Aggregated,154.600000,0.000000,13,17,21,24,34,63,100,120,180,400,590,182719,0,13,19.45813512001416,3.7874569998166407,594.4699309998214,224.0730739550895
1789566256,50,,Aggregated,155.600000,0.000000,13,17,21,24,34,63,100,120,180,400,590,182875,0,13,19.452278241426463,3.7874569998166407,594.4699309998214,224.0735092276145
1789566257,50,,Aggregated,155.900000,0.000000,13,17,21,24,34,63,100,120,180,400,590,183025,0,13,19.455636715322303,3.7874569998166407,594.4699309998214,224.07432317989347
1789566258,50,,Aggregated,155.300000,0.000000,13,17,21,24,34,63,100,120,180,400,590,183185,0,13,19.450615730659564,3.7874569998166407,594.4699309998214,224.07276796680952
1789566259,50,,Aggregated,155.000000,0.000000,13,17,21,24,34,63,100,120,180,400,590,183328,0,13,19.449418297809782,3.7874569998166407,594.4699309998214,224.0731148542503
1789566260,50,,Aggregated,155.500000,0.000000,13,17,21,24,34,63,100,120,180,400,590,183496,0,13,19.444015730936204,3.7874569998166407,594.4699309998214,224.0757509700484
1789566261,50,,Aggregated,156.300000,0.000000,13,17,21,24,34,63,100,120,180,400,590,183644,0,13,19.45099811032689,3.7874569998166407,594.4699309998214,224.07620178170808
1789566262,50,,Aggregated,155.800000,0.000000,13,17,21,24,34,63,100,120,180,400,590,183795,0,13,19.45089597787137,3.7874569998166407,594.4699309998214,224.07714029217334
1789566263,50,,Aggregated,155.800000,0.000000,13,17,21,24,34,63,100,120,180,400,590,183955,0,13,19.45663175745085,3.7874569998166407,594.4699309998214,224.0790084531543
1789566264,50,,Aggregated,154.400000,0.000000,13,17,21,24,34,63,100,120,180,400,590,184109,0,13,19.4512043624096,3.7874569998166407,594.4699309998214,224.07995806831823
1789566265,50,,Aggregated,154.900000,0.000000,13,17,21,24,34,63,100,120,180,400,590,184276,0,13,19.447447894765844,3.7874569998166407,594.4699309998214,224.08087325533438
1789566266,50,,Aggregated,154.000000,0.000000,13,17,21,24,34,63,100,120,180,400,590,184444,0,13,19.448625538580124,3.7874569998166407,594.4699309998214,224.07888031055498
1789566267,50,,Aggregated,155.000000,0.000000,13,17,21,24,34,63,100,120,180,400,590,184599,0,13,19.443972265472027,3.7874569998166407,594.4699309998214,224.0785215521211
1789566268,50,,Aggregated,155.800000,0.000000,13,17,21,24,34,63,100,120,180,400,590,184749,0,13,19.452616039469063,3.7874569998166407,594.4699309998214,224.07835495726636
1789566269,50,,Aggregated,157.400000,0.000000,13,17,21,24,34,63,100,120,180,400,590,184906,0,13,19.448786816122137,3.7874569998166407,594.4699309998214,224.07719598066043
1789566270,50,,Aggregated,154.900000,0.000000,13,17,21,24,34,63,100,120,180,400,590,185070,0,13,19.44718521865178,3.7874569998166407,594.4699309998214,224.07438806937915
1789566271,50,,Aggregated,156.400000,0.000000,13,17,21,24,34,63,100,120,180,400,590,185216,0,13,19.44570548019546,3.7874569998166407,594.4699309998214,224.07802781617139
1789566272,50,,Aggregated,156.300000,0.000000,13,17,21,24,34,63,100,120,180,400,590,185384,0,13,19.45340379879541,3.7874569998166407,594.4699309998214,224.0809940447935
1789566273,50,,Aggregated,156.700000,0.000000,13,17,21,24,34,63,100,120,180,400,590,185547,0,13,19.44840044125687,3.7874569998166407,594.4699309998214,224.08292777571182
1789566274,50,,Aggregated,157.500000,0.000000,13,17,21,24,34,63,100,120,180,400,590,185709,0,13,19.447059872084225,3.7874569998166407,594.4699309998214,224.0825915814527
1789566275,50,,Aggregated,157.500000,0.000000,13,17,21,24,34,63,100,120,180,400,590,185866,0,13,19.444398546737375,3.7874569998166407,594.4699309998214,224.07992317045614
1789566276,50,,Aggregated,158.700000,0.000000,13,17,21,24,34,63,100,120,180,400,590,186023,0,13,19.446966923406713,3.7874569998166407,594.4699309998214,224.08168344774572
1789566277,50,,Aggregated,158.200000,0.000000,13,17,21,24,34,63,100,120,180,400,590,186175,0,13,19.443705506264987,3.7874569998166407,594.4699309998214,224.07858735061097
1789566278,50,,Aggregated,157.500000,0.000000,13,17,21,24,34,63,100,120,180,400,590,186335,0,13,19.43727068935455,3.7874569998166407,594.4699309998214,224.0784286365954
1789566279,50,,Aggregated,157.000000,0.000000,13,17,21,24,34,63,100,120,180,400,590,186482,0,13,19.443524564514973,3.7874569998166407,594.4699309998214,224.07770723179718
1789566280,50,,Aggregated,158.700000,0.000000,13,17,21,24,34,63,100,120,180,400,590,186640,0,13,19.43778475326769,3.7874569998166407,594.4699309998214,224.07958636948135
1789566281,50,,Aggregated,157.000000,0.000000,13,17,21,24,34,63,100,120,180,400,590,186799,0,13,19.441160181499246,3.7874569998166407,594.4699309998214,224.07983982783634
1789566282,50,,Aggregated,157.800000,0.000000,13,17,21,24,34,63,100,120,180,400,590,186959,0,13,19.43524352576701,3.7874569998166407,594.4699309998214,224.07922057777373
1789566283,50,,Aggregated,156.600000,0.000000,13,17,21,24,34,63,100,120,180,400,590,187103,0,13,19.447265413723283,3.7874569998166407,594.4699309998214,224.07843807956044
1789566284,50,,Aggregated,158.000000,0.000000,13,17,21,24,34,63,100,120,180,400,590,187259,0,13,19.446879341948197,3.7874569998166407,594.4699309998214,224.0774435407644
1789566285,50,,Aggregated,157.300000,0.000000,13,17,21,24,34,63,100,120,180,400,590,187412,0,13,19.448233644002944,3.7874569998166407,594.4699309998214,224.0760890444582
1789566286,50,,Aggregated,155.500000,0.000000,13,17,21,24,34,63,100,120,180,400,590,187569,0,13,19.444032172426585,3.7874569998166407,594.4699309998214,224.0742873289296
1789566287,50,,Aggregated,154.800000,0.000000,13,17,21,24,34,63,100,120,180,400,590,187717,0,13,19.43955982571574,3.7874569998166407,594.4699309998214,224.07467624136333
1789566288,50,,Aggregated,154.500000,0.000000,13,17,21,24,34,63,100,120,180,400,590,187889,0,13,19.448738051332885,3.7874569998166407,594.4699309998214,224.07384679252112
1789566289,50,,Aggregated,154.700000,0.000000,13,17,21,24,34,63,100,120,180,400,590,188046,0,13,19.44500559406677,3.7874569998166407,594.4699309998214,224.06989779096605
1789566290,50,,Aggregated,155.000000,0.000000,13,17,21,24,34,63,100,120,180,400,590,188188,0,13,19.45255297805325,3.7874569998166407,594.4699309998214,224.068612238825
1789566291,50,,Aggregated,155.600000,0.000000,13,17,21,24,34,63,100,120,180,400,590,188350,0,13,19.44650032810134,3.7874569998166407,594.4699309998214,224.06727900185825
1789566292,50,,Aggregated,155.300000,0.000000,13,17,21,24,34,63,100,120,180,400,590,188491,0,13,19.44953748182081,3.7874569998166407,594.4699309998214,224.0683374803041
1789566293,50,,Aggregated,155.100000,0.000000,13,17,21,24,34,63,100,120,180,400,590,188657,0,13,19.44510123007831,3.7874569998166407,594.4699309998214,224.06861128927102
1789566294,50,,Aggregated,154.100000,0.000000,13,17,21,24,34,63,100,120,180,400,590,188809,0,13,19.46069566193288,3.7874569998166407,594.4699309998214,224.06936110037128
1789566295,50,,Aggregated,153.800000,0.000000,13,17,21,24,34,63,100,120,180,400,590,188964,0,13,19.45470300077202,3.7874569998166407,594.4699309998214,224.06865328845706
1789566296,50,,Aggregated,154.700000,0.000000,13,17,21,24,34,63,100,120,180,400,590,189125,0,13,19.456782372657738,3.7874569998166407,594.4699309998214,224.06863185723728
1789566297,50,,Aggregated,153.200000,0.000000,13,17,21,24,34,63,100,120,180,400,590,189284,0,13,19.4533771094804,3.7874569998166407,594.4699309998214,224.07106781344436
1789566298,50,,Aggregated,155.200000,0.000000,13,17,21,24,34,63,100,120,180,400,590,189429,0,13,19.450031883391084,3.7874569998166407,594.4699309998214,224.0694085910816
1789566299,50,,Aggregated,155.200000,0.000000,13,17,21,24,34,63,100,120,180,400,590,189595,0,13,19.447623695439702,3.7874569998166407,594.4699309998214,224.06707982805455
1789566300,50,,Aggregated,154.700000,0.000000,13,17,21,24,34,63,100,120,180,400,590,189748,0,13,19.442907527488526,3.7874569998166407,594.4699309998214,224.06606130235892
1789566301,50,,Aggregated,154.800000,0.000000,13,17,21,24,34,63,100,120,180,400,590,189908,0,13,19.45736451767642,3.7874569998166407,594.4699309998214,224.06688501800872
1789566302,50,,Aggregated,155.500000,0.000000,13,17,21,24,34,63,100,120,180,390,590,190066,0,13,19.452071774230486,3.7874569998166407,594.4699309998214,224.06710300632412
1789566303,50,,Aggregated,155.200000,0.000000,13,17,21,24,34,63,100,120,180,390,590,190223,0,13,19.45264309518769,3.7874569998166407,594.4699309998214,224.0676206347287
1789566304,50,,Aggregated,155.000000,0.000000,13,17,21,24,34,63,100,120,180,390,590,190374,0,13,19.448215774716587,3.7874569998166407,594.4699309998214,224.0684862428693
1789566305,50,,Aggregated,155.800000,0.000000,13,17,21,24,34,64,100,120,180,390,590,190526,0,13,19.462112254164225,3.7874569998166407,594.4699309998214,224.06773353767989
1789566306,50,,Aggregated,156.400000,0.000000,13,17,21,24,34,63,100,120,180,390,590,190686,0,13,19.457880026215285,3.7874569998166407,594.4699309998214,224.06645480003775
1789566307,50,,Aggregated,157.800000,0.000000,13,17,21,24,34,64,100,120,180,390,590,190834,0,13,19.463451610781572,3.7874569998166407,594.4699309998214,224.06634037959694
1789566308,50,,Aggregated,155.800000,0.000000,13,17,21,24,34,64,100,120,180,390,590,190992,0,13,19.46041097260558,3.7874569998166407,594.4699309998214,224.06691379743654
1789566309,50,,Aggregated,155.200000,0.000000,13,17,21,24,34,63,100,120,180,390,590,191135,0,13,19.45577798956703,3.7874569998166407,594.4699309998214,224.06746017212964
1789566310,50,,Aggregated,154.900000,0.000000,13,17,21,24,34,64,100,120,180,390,590,191296,0,13,19.457453590618172,3.7874569998166407,594.4699309998214,224.06677609568416
1789566311,50,,Aggregated,155.500000,0.000000,13,17,21,24,34,63,100,120,180,390,590,191453,0,13,19.452256865475565,3.7874569998166407,594.4699309998214,224.06568713992468
1789566312,50,,Aggregated,154.100000,0.000000,13,17,21,24,34,64,100,120,180,390,590,191608,0,13,19.46045815935082,3.7874569998166407,594.4699309998214,224.06464761387832
1789566313,50,,Aggregated,154.800000,0.000000,13,17,21,24,34,63,100,120,180,390,590,191759,0,13,19.457006727188244,3.7874569998166407,594.4699309998214,224.06477922809358
1789566314,50,,Aggregated,154.000000,0.000000,13,17,21,24,34,64,100,120,180,390,590,191912,0,13,19.465402471814635,3.7874569998166407,594.4699309998214,224.06613968902414
1789566315,50,,Aggregated,154.300000,0.000000,13,17,21,24,34,64,100,120,180,390,590,192075,0,13,19.46009463552202,3.7874569998166407,594.4699309998214,224.065172458675
1789566316,50,,Aggregated,152.700000,0.000000,13,17,21,24,34,63,100,120,180,390,590,192232,0,13,19.456912663619498,3.7874569998166407,594.4699309998214,224.0648175121728
1789566317,50,,Aggregated,153.400000,0.000000,13,17,21,24,34,63,100,120,180,390,590,192401,0,13,19.450940084338974,3.7874569998166407,594.4699309998214,224.06280632637043
1789566318,50,,Aggregated,154.500000,0.000000,13,17,21,24,34,64,100,120,180,390,590,192549,0,13,19.474628308513186,3.7874569998166407,594.4699309998214,224.0626489880498
1789566319,50,,Aggregated,155.100000,0.000000,13,17,21,24,34,64,100,120,180,390,590,192705,0,13,19.469460654772345,3.7874569998166407,594.4699309998214,224.0607197529903
1789566320,50,,Aggregated,155.900000,0.000000,13,17,21,24,34,64,100,120,180,390,590,192863,0,13,19.46978145497529,3.7874569998166407,594.4699309998214,224.06155664902028
1789566321,50,,Aggregated,155.200000,0.000000,13,17,21,24,34,64,100,120,180,390,590,193019,0,13,19.467495588019286,3.7874569998166407,594.4699309998214,224.0636310415037
1789566322,50,,Aggregated,155.800000,0.000000,13,17,21,24,34,64,100,120,180,390,590,193158,0,13,19.466391108263124,3.7874569998166407,594.4699309998214,224.06613238902867
1789566323,50,,Aggregated,155.800000,0.000000,13,17,21,24,34,64,100,120,180,390,590,193326,0,13,19.47112991703591,3.7874569998166407,594.4699309998214,224.06448175620454
1789566324,50,,Aggregated,156.400000,0.000000,13,17,21,24,34,64,100,120,180,390,590,193480,0,13,19.4680659140267,3.7874569998166407,594.4699309998214,224.0637636965061
1789566325,50,,Aggregated,155.800000,0.000000,13,17,21,24,34,64,100,120,180,390,590,193638,0,13,19.475181588122584,3.7874569998166407,594.4699309998214,224.06651070554332
1789566326,50,,Aggregated,156.900000,0.000000,13,17,21,24,34,64,100,120,180,390,590,193782,0,13,19.471790940535662,3.7874569998166407,594.4699309998214,224.06646128123356
1789566327,50,,Aggregated,155.500000,0.000000,13,17,21,24,34,64,100,120,180,390,590,193947,0,13,19.47820693122802,3.7874569998166407,594.4699309998214,224.0634503240576
1789566328,50,,Aggregated,155.900000,0.000000,13,17,21,24,34,64,100,120,180,390,590,194108,0,13,19.47335304716388,3.7874569998166407,594.4699309998214,224.06165124569827
1789566329,50,,Aggregated,153.500000,0.000000,13,17,21,24,34,64,100,120,180,390,590,194264,0,13,19.47555021258641,3.7874569998166407,594.4699309998214,224.06209076308528
1789566330,50,,Aggregated,154.100000,0.000000,13,17,21,24,34,64,100,120,180,390,590,194419,0,13,19.472882365642658,3.7874569998166407,594.4699309998214,224.06014329875165
1789566331,50,,Aggregated,154.800000,0.000000,13,17,21,24,34,64,100,120,180,390,590,194577,0,13,19.47414088804886,3.7874569998166407,594.4699309998214,224.05819803985054
1789566332,50,,Aggregated,154.900000,0.000000,13,17,21,24,34,64,100,120,180,390,590,194727,0,13,19.473405337867273,3.7874569998166407,594.4699309998214,224.05885675843618
1789566333,50,,Aggregated,156.000000,0.000000,13,17,21,24,34,64,100,120,180,390,590,194874,0,13,19.474017416540335,3.7874569998166407,594.4699309998214,224.0560208134487
1789566334,50,,Aggregated,155.500000,0.000000,13,17,21,24,34,64,100,120,180,390,590,195036,0,13,19.469670127729653,3.7874569998166407,594.4699309998214,224.05660493447363
1789566335,50,,Aggregated,155.600000,0.000000,13,17,21,24,34,64,100,120,180,390,590,195183,0,13,19.471687547413893,3.7874569998166407,594.4699309998214,224.0543182551759
1789566336,50,,Aggregated,154.600000,0.000000,13,17,21,24,34,64,100,120,180,390,590,195349,0,13,19.466551532072774,3.7874569998166407,594.4699309998214,224.05273638462444
1789566337,50,,Aggregated,155.500000,0.000000,13,17,21,24,34,64,100,120,180,390,590,195497,0,13,19.470540288694377,3.7874569998166407,594.4699309998214,224.05187803393403
1789566338,50,,Aggregated,154.800000,0.000000,13,17,21,24,34,64,100,120,180,390,590,195656,0,13,19.467138392550638,3.7874569998166407,594.4699309998214,224.05266897002903
1789566339,50,,Aggregated,157.100000,0.000000,13,17,21,24,34,64,100,120,180,390,590,195809,0,13,19.472006168158213,3.7874569998166407,594.4699309998214,224.05146852289732
1789566340,50,,Aggregated,155.700000,0.000000,13,17,21,24,34,64,100,120,180,390,590,195959,0,13,19.46717355534007,3.7874569998166407,594.4699309998214,224.05177613684495
1789566341,50,,Aggregated,155.100000,0.000000,13,17,21,24,34,64,100,120,180,390,590,196119,0,13,19.473776383491103,3.7874569998166407,594.4699309998214,224.05115261652364
1789566342,50,,Aggregated,154.300000,0.000000,13,17,21,24,34,64,100,120,180,390,590,196267,0,13,19.469484804826568,3.7874569998166407,594.4699309998214,224.05242857943514
1789566343,50,,Aggregated,153.000000,0.000000,13,17,21,24,34,64,100,120,180,390,590,196420,0,13,19.4690042339115,3.7874569998166407,594.4699309998214,224.05072803176867
1789566344,50,,Aggregated,154.000000,0.000000,13,17,21,24,34,64,100,120,180,390,590,196595,0,13,19.47169556986139,3.7874569998166407,594.4699309998214,224.05092703273226
1789566345,50,,Aggregated,153.400000,0.000000,13,17,21,24,34,64,100,120,180,390,590,196752,0,13,19.468473769679086,3.7874569998166407,594.4699309998214,224.05217227779133
1789566346,50,,Aggregated,154.600000,0.000000,13,17,21,24,34,64,100,120,180,390,590,196895,0,13,19.48017466819319,3.7874569998166407,594.4699309998214,224.0511643261637
1789566347,50,,Aggregated,155.600000,0.000000,13,17,21,24,34,64,100,120,180,390,590,197062,0,13,19.47606339124186,3.7874569998166407,594.4699309998214,224.0522576651003
1789566348,50,,Aggregated,155.900000,0.000000,13,17,21,24,34,64,100,120,180,390,590,197217,0,13,19.479287810756187,3.7874569998166407,594.4699309998214,224.05282506071993
1789566349,50,,Aggregated,154.600000,0.000000,13,17,21,24,34,64,100,120,180,390,590,197370,0,13,19.476171727693647,3.7874569998166407,594.4699309998214,224.05065106145818
1789566350,50,,Aggregated,155.200000,0.000000,13,17,21,24,34,64,100,120,180,390,590,197521,0,13,19.478473165131266,3.7874569998166407,594.4699309998214,224.05154388647284
1789566351,50,,Aggregated,155.800000,0.000000,13,17,21,24,34,64,100,120,180,390,590,197678,0,13,19.473567451390092,3.7874569998166407,594.4699309998214,224.0516344762695
1789566352,50,,Aggregated,155.900000,0.000000,13,17,21,24,34,64,100,120,180,390,590,197830,0,13,19.476460857331496,3.7874569998166407,594.4699309998214,224.05124096446443
1789566353,50,,Aggregated,156.100000,0.000000,13,17,21,24,34,64,100,120,180,390,590,197987,0,13,19.475394043083117,3.7874569998166407,594.4699309998214,224.05036189244748
1789566355,50,,Aggregated,156.100000,0.000000,13,17,21,24,34,64,100,120,180,390,590,198136,0,13,19.469989339937708,3.7874569998166407,594.4699309998214,224.04986978640935
1789566356,50,,Aggregated,155.700000,0.000000,13,17,21,24,34,64,100,120,180,390,590,198288,0,13,19.47714815496097,3.7874569998166407,594.4699309998214,224.05018458000484
1789566357,50,,Aggregated,154.000000,0.000000,13,17,21,24,34,64,100,120,180,390,590,198444,0,13,19.474419616122894,3.7874569998166407,594.4699309998214,224.04858801475478
1789566358,50,,Aggregated,153.200000,0.000000,13,17,21,24,34,64,100,120,180,390,590,198598,0,13,19.473530730535572,3.7874569998166407,594.4699309998214,224.0492754206991
1789566359,50,,Aggregated,153.800000,0.000000,13,17,21,24,34,64,100,120,180,390,590,198762,0,13,19.471557192541354,3.7874569998166407,594.4699309998214,224.05136293657742
1789566360,50,,Aggregated,153.400000,0.000000,13,17,21,24,34,64,100,120,180,390,590,198908,0,13,19.476937576260923,3.7874569998166407,594.4699309998214,224.05402497637098
1789566361,50,,Aggregated,153.600000,0.000000,13,17,21,24,34,64,100,120,180,390,590,199069,0,13,19.47786278065351,3.7874569998166407,594.4699309998214,224.0535492718605
1789566362,50,,Aggregated,153.600000,0.000000,13,17,21,24,34,64,100,120,180,390,590,199232,0,13,19.474258101298574,3.7874569998166407,594.4699309998214,224.05241125923547
1789566363,50,,Aggregated,154.200000,0.000000,13,17,21,24,34,64,100,120,180,390,590,199379,0,13,19.470122539870864,3.7874569998166407,594.4699309998214,224.05178077931978
1789566364,50,,Aggregated,154.200000,0.000000,13,17,21,24,34,64,100,120,180,390,590,199531,0,13,19.480016496087902,3.7874569998166407,594.4699309998214,224.04979176168115
1789566365,50,,Aggregated,154.500000,0.000000,13,17,21,24,34,64,100,120,180,390,590,199694,0,13,19.47679907552012,3.7874569998166407,594.4699309998214,224.04752270974592
1789566366,50,,Aggregated,154.400000,0.000000,13,17,21,24,34,64,100,120,180,390,590,199855,0,13,19.47549349479332,3.7874569998166407,594.4699309998214,224.04752445523005
1789566367,50,,Aggregated,155.300000,0.000000,13,17,21,24,34,64,100,120,180,390,590,200008,0,13,19.472587266958943,3.7874569998166407,594.4699309998214,224.04484820607175
1789566368,50,,Aggregated,156.700000,0.000000,13,17,21,24,34,64,100,120,180,390,590,200135,0,13,19.470856724140827,3.7874569998166407,594.4699309998214,224.04410023234317
1789566369,50,,Aggregated,156.700000,0.000000,13,17,21,24,34,64,100,120,180,390,590,200304,0,13,19.480849649048057,3.7874569998166407,594.4699309998214,224.04448737918364
1789566370,50,,Aggregated,153.700000,0.000000,13,17,21,24,34,64,100,120,180,390,590,200457,0,13,19.476856483225415,3.7874569998166407,594.4699309998214,224.04325615967514
1789566371,50,,Aggregated,154.600000,0.000000,13,17,21,24,34,64,100,120,180,390,590,200625,0,13,19.47944000001455,3.7874569998166407,594.4699309998214,224.0425769470405
1789566372,50,,Aggregated,154.800000,0.000000,13,17,21,24,34,64,100,120,180,390,590,200779,0,13,19.474408551172793,3.7874569998166407,594.4699309998214,224.04286802902695
1789566373,50,,Aggregated,155.000000,0.000000,13,17,21,24,34,64,100,120,180,390,590,200931,0,13,19.48225409017981,3.7874569998166407,594.4699309998214,224.0437811985209
1789566374,50,,Aggregated,154.300000,0.000000,13,17,21,24,34,64,100,120,180,390,590,201100,0,13,19.476723570352654,3.7874569998166407,594.4699309998214,224.04166086524117
1789566375,50,,Aggregated,154.600000,0.000000,13,17,21,24,34,63,100,120,180,390,590,201245,0,13,19.476853342040364,3.7874569998166407,594.4699309998214,224.03990658152998
1789566376,50,,Aggregated,155.900000,0.000000,13,17,21,24,34,63,100,120,180,390,590,201412,0,13,19.473041729370234,3.7874569998166407,594.4699309998214,224.0407473238933
1789566377,50,,Aggregated,154.600000,0.000000,13,17,21,24,34,64,100,120,180,390,590,201563,0,13,19.491676299533726,3.7874569998166407,594.4699309998214,224.04044393068173
1789566378,50,,Aggregated,154.500000,0.000000,13,17,21,24,34,64,100,120,180,390,590,201723,0,13,19.486174726262824,3.7874569998166407,594.4699309998214,224.04106125726864
1789566379,50,,Aggregated,154.600000,0.000000,13,17,21,24,34,64,100,120,180,390,590,201880,0,13,19.48922719777551,3.7874569998166407,594.4699309998214,224.04313453536756
1789566380,50,,Aggregated,157.900000,0.000000,13,17,21,24,34,64,100,120,180,390,590,202042,0,13,19.487568025147848,3.7874569998166407,594.4699309998214,224.042100157393
1789566381,50,,Aggregated,156.600000,0.000000,13,17,21,24,34,64,100,120,180,390,590,202187,0,13,19.489723154633705,3.7874569998166407,594.4699309998214,224.04305914821427
1789566382,50,,Aggregated,156.900000,0.000000,13,17,21,24,34,64,100,120,180,390,590,202346,0,13,19.486694914581545,3.7874569998166407,594.4699309998214,224.04174532731065
1789566383,50,,Aggregated,155.200000,0.000000,13,17,21,24,34,63,100,120,180,390,590,202504,0,13,19.483390036882838,3.7874569998166407,594.4699309998214,224.0437917275708
1789566384,50,,Aggregated,155.400000,0.000000,13,17,21,24,34,63,100,120,180,390,590,202667,0,13,19.485423370355957,3.7874569998166407,594.4699309998214,224.04489137353391
1789566385,50,,Aggregated,157.100000,0.000000,13,17,21,24,34,63,100,120,180,390,590,202811,0,13,19.48152163787431,3.7874569998166407,594.4699309998214,224.04393745901356
1789566386,50,,Aggregated,156.600000,0.000000,13,17,21,24,34,63,100,120,180,390,590,202975,0,13,19.480672600669646,3.7874569998166407,594.4699309998214,224.04395122552037
1789566387,50,,Aggregated,157.100000,0.000000,13,17,21,24,34,63,100,120,180,390,590,203132,0,13,19.476456544350086,3.7874569998166407,594.4699309998214,224.0435431148219
1789566388,50,,Aggregated,156.000000,0.000000,13,17,21,24,34,63,100,120,180,390,590,203275,0,13,19.483034761337723,3.7874569998166407,594.4699309998214,224.0424646414955
1789566389,50,,Aggregated,156.800000,0.000000,13,17,21,24,34,63,100,120,180,390,590,203436,0,13,19.481595564757107,3.7874569998166407,594.4699309998214,224.0405041388938
1789566390,50,,Aggregated,154.700000,0.000000,13,17,21,24,34,64,100,120,180,390,590,203590,0,13,19.48460061001979,3.7874569998166407,594.4699309998214,224.0414116606906
1789566391,50,,Aggregated,155.100000,0.000000,13,17,21,24,34,63,100,120,180,390,590,203752,0,13,19.479584161126883,3.7874569998166407,594.4699309998214,224.0392879579096
1789566392,50,,Aggregated,155.100000,0.000000,13,17,21,24,34,63,100,120,180,390,590,203881,0,13,19.47616249316969,3.7874569998166407,594.4699309998214,224.04119559939377
1789566393,50,,Aggregated,156.000000,0.000000,13,17,21,24,34,64,100,120,180,390,590,204052,0,13,19.499339534608488,3.7874569998166407,594.4699309998214,224.0408180267775
1789566394,50,,Aggregated,155.500000,0.000000,13,17,21,24,34,64,100,120,180,390,590,204217,0,13,19.497399950699204,3.7874569998166407,594.4699309998214,224.0419896482663
1789566395,50,,Aggregated,153.900000,0.000000,13,17,21,24,34,64,100,120,180,390,590,204364,0,13,19.494157227148296,3.7874569998166407,594.4699309998214,224.04061380673699
1789566396,50,,Aggregated,154.400000,0.000000,13,17,21,24,34,63,100,120,180,390,590,204531,0,13,19.492561474509653,3.7874569998166407,594.4699309998214,224.0407908825557
1789566397,50,,Aggregated,154.600000,0.000000,13,17,21,24,34,63,100,120,180,390,590,204694,0,13,19.49444249572497,3.7874569998166407,594.4699309998214,224.04076817102603
1789566398,50,,Aggregated,155.200000,0.000000,13,17,21,24,34,63,100,120,180,390,590,204849,0,13,19.489680149812422,3.7874569998166407,594.4699309998214,224.0410888019956
1789566399,50,,Aggregated,155.500000,0.000000,13,17,21,24,34,63,100,120,180,390,590,204998,0,13,19.491102817651548,3.7874569998166407,594.4699309998214,224.03976136352549
1789566400,50,,Aggregated,157.000000,0.000000,13,17,21,24,34,63,100,120,180,390,590,205153,0,13,19.485747956719784,3.7874569998166407,594.4699309998214,224.03898553762315
1789566401,50,,Aggregated,155.000000,0.000000,13,17,21,24,34,64,100,120,180,390,590,205294,0,13,19.49440413346195,3.7874569998166407,594.4699309998214,224.0371174997808
1789566402,50,,Aggregated,155.400000,0.000000,13,17,21,24,34,63,100,120,180,390,590,205458,0,13,19.49034964399019,3.7874569998166407,594.4699309998214,224.03637239727829
1789566403,50,,Aggregated,154.800000,0.000000,13,17,21,24,34,64,100,120,180,390,590,205609,0,13,19.49757389421155,3.7874569998166407,594.4699309998214,224.03747404053325
1789566404,50,,Aggregated,155.300000,0.000000,13,17,21,24,34,64,100,120,180,390,590,205761,0,13,19.494776396926245,3.7874569998166407,594.4699309998214,224.03536627446405
1789566405,50,,Aggregated,155.700000,0.000000,13,17,21,24,34,64,100,120,180,390,590,205913,0,13,19.50403831697339,3.7874569998166407,594.4699309998214,224.0349467979195
1789566406,50,,Aggregated,153.600000,0.000000,13,17,21,24,34,64,100,120,180,390,590,206074,0,13,19.500128019808113,3.7874569998166407,594.4699309998214,224.03501169482809
1789566407,50,,Aggregated,152.400000,0.000000,13,17,21,24,34,64,100,120,180,390,590,206234,0,13,19.50133529975146,3.7874569998166407,594.4699309998214,224.03676891298235
1789566408,50,,Aggregated,154.200000,0.000000,13,17,21,24,34,64,100,120,180,390,590,206396,0,13,19.49833726713184,3.7874569998166407,594.4699309998214,224.03779627512162
1789566409,50,,Aggregated,154.900000,0.000000,13,17,21,24,34,63,100,120,180,390,590,206548,0,13,19.494101622508737,3.7874569998166407,594.4699309998214,224.0342486976393
1789566410,50,,Aggregated,153.800000,0.000000,13,17,21,24,34,64,100,120,180,390,590,206709,0,13,19.49458358677624,3.7874569998166407,594.4699309998214,224.03492349147837
1789566411,50,,Aggregated,155.800000,0.000000,13,17,21,24,34,63,100,120,180,390,590,206856,0,13,19.49017464799156,3.7874569998166407,594.4699309998214,224.0358558610821
1789566412,50,,Aggregated,155.600000,0.000000,13,17,21,24,34,64,100,120,180,390,590,207008,0,13,19.498002758173346,3.7874569998166407,594.4699309998214,224.03660728087803
1789566413,50,,Aggregated,156.000000,0.000000,13,17,21,24,34,63,100,120,180,390,590,207175,0,13,19.494307055489106,3.7874569998166407,594.4699309998214,224.03473874743574
1789566414,50,,Aggregated,155.800000,0.000000,13,17,21,24,34,64,100,120,180,390,590,207334,0,13,19.496175223600375,3.7874569998166407,594.4699309998214,224.0370175658599
1789566415,50,,Aggregated,155.700000,0.000000,13,17,21,24,34,63,100,120,180,390,590,207495,0,13,19.49201507376063,3.7874569998166407,594.4699309998214,224.0355382057399
1789566416,50,,Aggregated,157.500000,0.000000,13,17,21,24,34,64,100,120,180,390,590,207650,0,13,19.50493972738243,3.7874569998166407,594.4699309998214,224.03564170479171
1789566417,50,,Aggregated,159.200000,0.000000,13,17,21,24,34,64,100,120,180,390,590,207811,0,13,19.50031838606213,3.7874569998166407,594.4699309998214,224.03762072267588
1789566418,50,,Aggregated,156.000000,0.000000,13,17,21,24,34,64,100,120,180,390,590,207969,0,13,19.501642447427056,3.7874569998166407,594.4699309998214,224.0367025854815
1789566419,50,,Aggregated,156.500000,0.000000,13,17,21,24,34,64,100,120,180,390,590,208126,0,13,19.500871699244506,3.7874569998166407,594.4699309998214,224.03618961590576
1789566420,50,,Aggregated,156.600000,0.000000,13,17,21,24,34,64,100,120,180,390,590,208277,0,13,19.502047850472984,3.7874569998166407,594.4699309998214,224.0344157060069
1789566421,50,,Aggregated,156.500000,0.000000,13,17,21,24,34,64,100,120,180,390,590,208443,0,13,19.498205640553827,3.7874569998166407,594.4699309998214,224.0340620697265
1789566422,50,,Aggregated,156.600000,0.000000,13,17,21,24,34,64,100,120,180,390,590,208587,0,13,19.501150084765396,3.7874569998166407,594.4699309998214,224.03418717369732
1789566423,50,,Aggregated,158.000000,0.000000,13,17,21,24,34,64,100,120,180,390,590,208756,0,13,19.501241296460723,3.7874569998166407,594.4699309998214,224.03452834888577
1789566424,50,,Aggregated,157.400000,0.000000,13,17,21,24,34,64,100,120,180,390,590,208910,0,13,19.500321530931732,3.7874569998166407,594.4699309998214,224.03607773682447
1789566425,50,,Aggregated,158.000000,0.000000,13,17,21,24,34,64,100,120,180,390,590,209061,0,13,19.504272772305455,3.7874569998166407,594.4699309998214,224.03691745471417
1789566426,50,,Aggregated,156.600000,0.000000,13,17,21,24,34,64,100,120,180,390,590,209220,0,13,19.4999931144152,3.7874569998166407,594.4699309998214,224.03871522798968
1789566427,50,,Aggregated,156.000000,0.000000,13,17,21,24,34,64,100,120,180,390,590,209378,0,13,19.50592512868562,3.7874569998166407,594.4699309998214,224.03735827068746
1789566428,50,,Aggregated,157.900000,0.000000,13,17,21,24,34,64,100,120,180,390,590,209539,0,13,19.49995961606638,3.7874569998166407,594.4699309998214,224.03631304912213
1789566429,50,,Aggregated,156.300000,0.000000,13,17,21,24,34,64,100,120,180,390,590,209688,0,13,19.49886070888621,3.7874569998166407,594.4699309998214,224.03473732402426
1789566430,50,,Aggregated,157.000000,0.000000,13,17,21,24,34,64,100,120,180,390,590,209847,0,13,19.494970495289117,3.7874569998166407,594.4699309998214,224.03415345465982
1789566431,50,,Aggregated,156.700000,0.000000,13,17,21,24,34,64,100,120,180,390,590,209997,0,13,19.498316498487767,3.7874569998166407,594.4699309998214,224.03551003109567
1789566432,50,,Aggregated,156.500000,0.000000,13,17,21,24,34,64,100,120,180,390,590,210153,0,13,19.493189251516426,3.7874569998166407,594.4699309998214,224.03549794673404
1789566433,50,,Aggregated,155.500000,0.000000,13,17,21,24,34,64,100,120,180,390,590,210307,0,13,19.50123061699766,3.7874569998166407,594.4699309998214,224.03593793834727
1789566434,50,,Aggregated,156.100000,0.000000,13,17,21,24,34,64,100,120,180,390,590,210457,0,13,19.498315222311124,3.7874569998166407,594.4699309998214,224.03736155129076
1789566435,50,,Aggregated,153.400000,0.000000,13,17,21,24,34,64,100,120,180,390,590,210601,0,13,19.497792719687634,3.7874569998166407,594.4699309998214,224.03594949691598
1789566436,50,,Aggregated,154.200000,0.000000,13,17,21,24,34,64,100,120,180,390,590,210773,0,13,19.50113518281722,3.7874569998166407,594.4699309998214,224.03332969592878
1789566437,50,,Aggregated,155.500000,0.000000,13,17,21,24,34,64,100,120,180,390,590,210923,0,13,19.502734013378987,3.7874569998166407,594.4699309998214,224.03470934890933
1789566438,50,,Aggregated,154.200000,0.000000,13,17,21,24,34,64,100,120,180,390,590,211081,0,13,19.496870968282046,3.7874569998166407,594.4699309998214,224.0333995006656
1789566439,50,,Aggregated,154.300000,0.000000,13,17,21,24,34,64,100,120,180,390,590,211232,0,13,19.495613502982227,3.7874569998166407,594.4699309998214,224.03353658536585
1789566440,50,,Aggregated,154.700000,0.000000,13,17,21,24,34,64,100,120,180,390,590,211395,0,13,19.492651862962422,3.7874569998166407,594.4699309998214,224.03547860640035
1789566441,50,,Aggregated,154.800000,0.000000,13,17,21,24,34,64,100,120,180,390,590,211548,0,13,19.487895497116185,3.7874569998166407,594.4699309998214,224.03931495452568
1789566442,50,,Aggregated,154.400000,0.000000,13,17,21,24,34,63,100,120,180,390,590,211711,0,13,19.485165871442362,3.7874569998166407,594.4699309998214,224.0400073685354
1789566443,50,,Aggregated,155.100000,0.000000,13,17,21,24,34,63,100,120,180,390,590,211865,0,13,19.482612718306164,3.7874569998166407,594.4699309998214,224.0393552498053
1789566444,50,,Aggregated,154.300000,0.000000,13,17,21,24,34,63,100,120,180,390,590,212027,0,13,19.47842724958582,3.7874569998166407,594.4699309998214,224.04055615558397
1789566445,50,,Aggregated,157.000000,0.000000,13,17,21,24,34,63,100,120,180,390,590,212193,0,13,19.47443955241187,3.7874569998166407,594.4699309998214,224.0416601867168
1789566446,50,,Aggregated,156.800000,0.000000,13,17,21,24,34,63,100,120,180,390,590,212346,0,13,19.469245012573502,3.7874569998166407,594.4699309998214,224.04227063377695
1789566447,50,,Aggregated,156.400000,0.000000,13,17,21,24,34,63,100,120,180,390,590,212499,0,13,19.46491939010035,3.7874569998166407,594.4699309998214,224.04098372227634
1789566448,50,,Aggregated,157.700000,0.000000,13,17,21,24,34,63,100,120,180,390,590,212664,0,13,19.460777490896145,3.7874569998166407,594.4699309998214,224.04266824662378
1789566449,50,,Aggregated,157.800000,0.000000,13,17,21,24,34,63,100,120,180,390,590,212824,0,13,19.45642289122437,3.7874569998166407,594.4699309998214,224.0439189189189
1789566450,50,,Aggregated,157.700000,0.000000,13,17,21,24,34,63,100,120,180,390,590,212987,0,13,19.450235243587326,3.7874569998166407,594.4699309998214,224.04200256353676
1789566451,50,,Aggregated,157.500000,0.000000,13,17,21,24,34,63,100,120,180,390,590,213137,0,13,19.445503062077155,3.7874569998166407,594.4699309998214,224.04188855055668
1789566452,50,,Aggregated,158.600000,0.000000,13,17,21,24,34,63,100,120,180,390,590,213299,0,13,19.442993997768106,3.7874569998166407,594.4699309998214,224.04098940923305
1789566453,50,,Aggregated,158.000000,0.000000,13,17,21,24,34,63,100,120,180,390,590,213453,0,13,19.442154512018792,3.7874569998166407,594.4699309998214,224.0412456137885
1789566454,50,,Aggregated,158.700000,0.000000,13,17,21,24,34,63,100,120,180,390,590,213610,0,13,19.437529120761916,3.7874569998166407,594.4699309998214,224.04116380319275
1789566455,50,,Aggregated,158.900000,0.000000,13,17,21,24,34,63,100,120,180,390,590,213763,0,13,19.431744771209043,3.7874569998166407,594.4699309998214,224.0411343403676
1789566456,50,,Aggregated,158.500000,0.000000,13,17,21,24,34,63,100,120,180,390,590,213936,0,13,19.425212760961024,3.7874569998166407,594.4699309998214,224.04039525839502
1789566457,50,,Aggregated,158.300000,0.000000,13,17,21,24,34,63,100,120,180,390,590,214098,0,13,19.42139631006341,3.7874569998166407,594.4699309998214,224.04136890582816
1789566458,50,,Aggregated,158.400000,0.000000,13,17,21,24,34,63,100,120,180,390,590,214261,0,13,19.41554701340403,3.7874569998166407,594.4699309998214,224.04330232753512
1789566459,50,,Aggregated,158.400000,0.000000,13,17,21,24,34,63,100,120,180,390,590,214422,0,13,19.410215246364427,3.7874569998166407,594.4699309998214,224.04357295426774
1789566460,50,,Aggregated,159.800000,0.000000,13,17,21,24,34,63,100,120,180,390,590,214579,0,13,19.405828957372144,3.7874569998166407,594.4699309998214,224.0434105853788
1789566461,50,,Aggregated,159.700000,0.000000,13,17,21,24,34,63,100,120,180,390,590,214743,0,13,19.401848988837603,3.7874569998166407,594.4699309998214,224.04224119063252
1789566462,50,,Aggregated,159.800000,0.000000,13,17,21,24,34,63,100,120,180,390,590,214898,0,13,19.39742466601342,3.7874569998166407,594.4699309998214,224.0421548827816
1789566463,50,,Aggregated,159.400000,0.000000,13,17,21,24,34,63,100,120,180,390,590,215066,0,13,19.39161023894499,3.7874569998166407,594.4699309998214,224.04004817125906
1789566464,50,,Aggregated,161.100000,0.000000,13,17,21,24,34,62,100,120,180,390,590,215218,0,13,19.38633879679184,3.7874569998166407,594.4699309998214,224.04162291258166
1789566465,50,,Aggregated,160.000000,0.000000,13,17,21,24,34,62,100,120,180,390,590,215375,0,13,19.382834088789043,3.7874569998166407,594.4699309998214,224.04442484039467
1789566466,50,,Aggregated,160.600000,0.000000,13,17,21,24,34,62,100,120,180,390,590,215536,0,13,19.377656348173563,3.7874569998166407,594.4699309998214,224.04464683393957
1789566467,50,,Aggregated,160.700000,0.000000,13,17,21,24,34,62,100,120,180,390,590,215699,0,13,19.372319588055262,3.7874569998166407,594.4699309998214,224.04720930556007
1789566468,50,,Aggregated,160.300000,0.000000,13,17,21,24,34,62,100,120,180,390,590,215866,0,13,19.36686385158355,3.7874569998166407,594.4699309998214,224.0448241038422
1789566469,50,,Aggregated,160.600000,0.000000,13,17,21,24,34,62,100,120,180,390,590,216030,0,13,19.36158239414402,3.7874569998166407,594.4699309998214,224.0434522982919
1789566470,50,,Aggregated,159.000000,0.000000,13,17,21,24,34,62,100,120,180,390,590,216190,0,13,19.356340668911255,3.7874569998166407,594.4699309998214,224.04403996484575
1789566471,50,,Aggregated,160.300000,0.000000,13,17,21,24,34,62,100,120,180,390,590,216350,0,13,19.350961578520582,3.7874569998166407,594.4699309998214,224.04358678067945
1789566472,50,,Aggregated,160.100000,0.000000,13,17,21,24,34,62,100,120,180,390,590,216505,0,13,19.346667993685678,3.7874569998166407,594.4699309998214,224.0423685365234
1789566473,50,,Aggregated,160.400000,0.000000,13,17,21,24,34,62,100,120,180,390,590,216662,0,13,19.343540810912497,3.7874569998166407,594.4699309998214,224.042203985932
1789566474,50,,Aggregated,159.400000,0.000000,13,17,21,24,34,62,100,120,180,390,590,216820,0,13,19.3391717681668,3.7874569998166407,594.4699309998214,224.04174891615165
1789566475,50,,Aggregated,159.400000,0.000000,13,17,21,24,34,62,100,120,180,390,590,216970,0,13,19.337435387016335,3.7874569998166407,594.4699309998214,224.04227773424898
1789566476,50,,Aggregated,159.800000,0.000000,13,17,21,24,34,62,100,120,180,390,590,217135,0,13,19.335101935910533,3.7874569998166407,594.4699309998214,224.0413982084878
1789566477,50,,Aggregated,159.200000,0.000000,13,17,21,24,34,62,100,120,180,390,590,217299,0,13,19.329798794195757,3.7874569998166407,594.4699309998214,224.04107704131175
1789566478,50,,Aggregated,159.400000,0.000000,13,17,21,24,34,62,100,120,180,390,590,217451,0,13,19.324208344242834,3.7874569998166407,594.4699309998214,224.0418393109252
1789566479,50,,Aggregated,159.200000,0.000000,13,17,21,24,34,62,100,120,180,390,590,217621,0,13,19.31971522772596,3.7874569998166407,594.4699309998214,224.0428635104149
1789566480,50,,Aggregated,159.900000,0.000000,13,17,21,24,34,62,100,120,180,390,590,217783,0,13,19.31314380217442,3.7874569998166407,594.4699309998214,224.04338263317155
1789566481,50,,Aggregated,159.200000,0.000000,13,17,21,24,34,62,100,120,180,390,590,217949,0,13,19.30805205744898,3.7874569998166407,594.4699309998214,224.0458914700228
1789566482,50,,Aggregated,159.500000,0.000000,13,17,21,24,34,62,100,120,180,390,590,218117,0,13,19.30314537438601,3.7874569998166407,594.4699309998214,224.0484648147554
1789566483,50,,Aggregated,160.200000,0.000000,13,17,21,24,34,62,100,120,180,390,590,218270,0,13,19.301775975062768,3.7874569998166407,594.4699309998214,224.04674485728685
1789566484,50,,Aggregated,160.300000,0.000000,13,17,21,24,34,62,100,120,180,390,590,218439,0,13,19.296469496431282,3.7874569998166407,594.4699309998214,224.04707950503345
1789566485,50,,Aggregated,160.700000,0.000000,13,17,21,24,34,61,100,120,180,390,590,218596,0,13,19.2920449527665,3.7874569998166407,594.4699309998214,224.04890757378908
1789566486,50,,Aggregated,162.000000,0.000000,13,17,21,24,34,61,100,120,180,390,590,218760,0,13,19.286847841643503,3.7874569998166407,594.4699309998214,224.04647558968733
1789566487,50,,Aggregated,162.200000,0.000000,13,17,21,24,33,61,100,120,180,390,590,218921,0,13,19.283103870880055,3.7874569998166407,594.4699309998214,224.04604857459998
1789566488,50,,Aggregated,161.400000,0.000000,13,17,21,24,33,61,100,120,180,390,590,219085,0,13,19.278335117780482,3.7874569998166407,594.4699309998214,224.04676723646074
1789566489,50,,Aggregated,161.800000,0.000000,13,17,21,24,33,61,100,120,180,390,590,219244,0,13,19.27300669142112,3.7874569998166407,594.4699309998214,224.04432504424295
1789566490,50,,Aggregated,162.200000,0.000000,13,17,21,24,33,61,100,120,180,390,590,219409,0,13,19.270504111790927,3.7874569998166407,594.4699309998214,224.04497536564133
1789566491,50,,Aggregated,162.000000,0.000000,13,17,21,24,33,61,100,120,180,390,590,219569,0,13,19.266431800996223,3.7874569998166407,594.4699309998214,224.04492892894717
1789566492,50,,Aggregated,162.000000,0.000000,13,17,21,24,33,61,100,120,180,390,590,219722,0,13,19.263918666287143,3.7874569998166407,594.4699309998214,224.04419675772112
1789566493,50,,Aggregated,161.700000,0.000000,13,17,21,24,33,61,100,120,180,390,590,219882,0,13,19.25929271956754,3.7874569998166407,594.4699309998214,224.0451378466632
1789566494,50,,Aggregated,161.200000,0.000000,13,17,21,24,33,61,100,120,180,380,590,220040,0,13,19.253200643882728,3.7874569998166407,594.4699309998214,224.04500999818214
1789566495,50,,Aggregated,160.900000,0.000000,13,17,21,24,33,61,100,120,180,380,590,220200,0,13,19.249366971148756,3.7874569998166407,594.4699309998214,224.0459854677566
1789566496,50,,Aggregated,159.300000,0.000000,13,17,21,23,33,61,100,120,180,380,590,220360,0,13,19.24436345085299,3.7874569998166407,594.4699309998214,224.04639226719914
1789566497,50,,Aggregated,160.300000,0.000000,13,17,21,23,33,61,100,120,180,380,590,220522,0,13,19.2421461733703,3.7874569998166407,594.4699309998214,224.0448390636762
1789566498,50,,Aggregated,159.600000,0.000000,13,17,21,23,33,61,100,120,180,380,590,220673,0,13,19.23876749161411,3.7874569998166407,594.4699309998214,224.04418755352944
1789566499,50,,Aggregated,158.900000,0.000000,13,17,21,23,33,61,100,120,180,380,590,220836,0,13,19.234835547256584,3.7874569998166407,594.4699309998214,224.0443904073611
1789566500,50,,Aggregated,158.500000,0.000000,13,17,21,23,33,61,100,120,180,380,590,221001,0,13,19.234567158700408,3.7874569998166407,594.4699309998214,224.04604956538657
1789566501,50,,Aggregated,158.300000,0.000000,13,17,21,23,33,61,100,120,180,380,590,221165,0,13,19.231670209956157,3.7874569998166407,594.4699309998214,224.0446680080483
1789566502,50,,Aggregated,158.600000,0.000000,13,17,21,23,33,61,100,120,180,380,590,221325,0,13,19.227995725349405,3.7874569998166407,594.4699309998214,224.04472608155427
1789566503,50,,Aggregated,158.900000,0.000000,13,17,21,23,33,61,100,120,180,380,590,221475,0,13,19.22475031193118,3.7874569998166407,594.4699309998214,224.04684953154984
1789566504,50,,Aggregated,158.600000,0.000000,13,17,21,23,33,61,100,120,180,380,590,221638,0,13,19.222517733398423,3.7874569998166407,594.4699309998214,224.0472211443886
1789566505,50,,Aggregated,159.500000,0.000000,13,17,21,23,33,61,100,120,180,380,590,221784,0,13,19.22064687206451,3.7874569998166407,594.4699309998214,224.0477671969123
1789566506,50,,Aggregated,159.000000,0.000000,13,17,21,23,33,61,100,120,180,380,590,221946,0,13,19.21885026864624,3.7874569998166407,594.4699309998214,224.04666900957892
1789566507,50,,Aggregated,158.000000,0.000000,13,17,21,23,33,61,100,120,180,380,590,222113,0,13,19.21295134137557,3.7874569998166407,594.4699309998214,224.0474983454368
1789566508,50,,Aggregated,159.500000,0.000000,13,17,21,23,33,60,100,120,180,380,590,222276,0,13,19.20988709081478,3.7874569998166407,594.4699309998214,224.0478414223758
1789566509,50,,Aggregated,159.700000,0.000000,13,17,21,23,33,60,100,120,180,380,590,222432,0,13,19.207430526218985,3.7874569998166407,594.4699309998214,224.05010070493455
1789566510,50,,Aggregated,159.900000,0.000000,13,17,21,23,33,60,100,120,180,380,590,222588,0,13,19.203201137037684,3.7874569998166407,594.4699309998214,224.05088773878197
1789566511,50,,Aggregated,159.700000,0.000000,13,17,21,23,33,60,100,120,180,380,590,222750,0,13,19.199072356533982,3.7874569998166407,594.4699309998214,224.05141189674524
1789566512,50,,Aggregated,158.300000,0.000000,13,17,21,23,33,60,100,120,180,380,590,222894,0,13,19.19453713778721,3.7874569998166407,594.4699309998214,224.05425897511822
1789566513,50,,Aggregated,158.500000,0.000000,13,17,21,23,33,60,100,120,180,380,590,223050,0,13,19.193055216951084,3.7874569998166407,594.4699309998214,224.05423447657475
1789566514,50,,Aggregated,157.900000,0.000000,13,17,21,23,33,60,100,120,180,380,590,223202,0,13,19.189388884687155,3.7874569998166407,594.4699309998214,224.0532477307551
1789566515,50,,Aggregated,157.100000,0.000000,13,17,21,23,33,60,100,120,180,380,590,223365,0,13,19.18772656785953,3.7874569998166407,594.4699309998214,224.05371477178608
1789566516,50,,Aggregated,156.500000,0.000000,13,17,21,23,33,60,100,120,180,380,590,223524,0,13,19.184155682731824,3.7874569998166407,594.4699309998214,224.05249100767702
1789566517,50,,Aggregated,156.700000,0.000000,13,17,21,23,33,60,100,120,180,380,590,223677,0,13,19.181943756318045,3.7874569998166407,594.4699309998214,224.05120776834454
1789566518,50,,Aggregated,157.100000,0.000000,13,17,21,23,33,60,100,120,180,380,590,223848,0,13,19.176494862678933,3.7874569998166407,594.4699309998214,224.0512982023516
1789566519,50,,Aggregated,156.500000,0.000000,13,17,21,23,33,60,100,120,180,380,590,224009,0,13,19.17456006439454,3.7874569998166407,594.4699309998214,224.05074349691307
1789566520,50,,Aggregated,156.900000,0.000000,13,17,21,23,33,60,100,120,180,380,590,224161,0,13,19.17059457823602,3.7874569998166407,594.4699309998214,224.04982133377348
1789566521,50,,Aggregated,156.800000,0.000000,13,17,21,23,33,60,100,120,180,380,590,224319,0,13,19.166560298249177,3.7874569998166407,594.4699309998214,224.05083385714096
1789566522,50,,Aggregated,157.400000,0.000000,13,17,21,23,33,60,100,120,180,380,590,224488,0,13,19.161206232960986,3.7874569998166407,594.4699309998214,224.05056840454725
1789566523,50,,Aggregated,156.900000,0.000000,13,17,21,23,33,60,100,120,180,380,590,224651,0,13,19.156794001945002,3.7874569998166407,594.4699309998214,224.05033585428063
1789566524,50,,Aggregated,157.900000,0.000000,13,17,21,23,33,60,100,120,180,380,590,224808,0,13,19.154678078746954,3.7874569998166407,594.4699309998214,224.05002491014554
1789566525,50,,Aggregated,159.700000,0.000000,13,17,21,23,33,60,100,120,180,380,590,224968,0,13,19.15155255907483,3.7874569998166407,594.4699309998214,224.05016268980478
1789566526,50,,Aggregated,160.600000,0.000000,13,17,21,23,33,60,100,120,180,380,590,225122,0,13,19.148522123403914,3.7874569998166407,594.4699309998214,224.049555352209
1789566527,50,,Aggregated,160.600000,0.000000,13,17,21,23,33,60,100,120,180,380,590,225282,0,13,19.144512020258745,3.7874569998166407,594.4699309998214,224.04967107891443
1789566528,50,,Aggregated,159.800000,0.000000,13,17,21,23,33,60,100,120,180,380,590,225439,0,13,19.141108678852955,3.7874569998166407,594.4699309998214,224.05034177759836
1789566529,50,,Aggregated,160.300000,0.000000,13,17,21,23,33,60,100,120,180,380,590,225595,0,13,19.140018917169815,3.7874569998166407,594.4699309998214,224.0497041157827
1789566530,50,,Aggregated,158.900000,0.000000,13,17,21,23,33,60,100,120,180,380,590,225756,0,13,19.136785089078156,3.7874569998166407,594.4699309998214,224.04891121387692
1789566531,50,,Aggregated,158.300000,0.000000,13,17,21,23,33,59,100,120,180,380,590,225916,0,13,19.13711495079118,3.7874569998166407,594.4699309998214,224.04944315586323
1789566532,50,,Aggregated,158.400000,0.000000,13,17,21,23,33,59,100,120,180,380,590,226062,0,13,19.133292808516877,3.7874569998166407,594.4699309998214,224.048376109209
1789566533,50,,Aggregated,159.100000,0.000000,13,17,21,23,33,59,100,120,180,380,590,226214,0,13,19.128392079862163,3.7874569998166407,594.4699309998214,224.0494222285093
1789566534,50,,Aggregated,157.400000,0.000000,13,17,21,23,33,59,100,120,180,380,590,226385,0,13,19.122405170324626,3.7874569998166407,594.4699309998214,224.0499017161031
1789566535,50,,Aggregated,156.300000,0.000000,13,17,21,23,33,59,100,120,180,380,590,226545,0,13,19.119386090109835,3.7874569998166407,594.4699309998214,224.05008276501357
1789566536,50,,Aggregated,156.600000,0.000000,13,17,21,23,33,59,100,120,180,380,590,226699,0,13,19.116786221778316,3.7874569998166407,594.4699309998214,224.04866364650925
1789566537,50,,Aggregated,157.400000,0.000000,13,17,21,23,33,59,100,120,180,380,590,226848,0,13,19.11251240583085,3.7874569998166407,594.4699309998214,224.04725190435886
1789566538,50,,Aggregated,156.900000,0.000000,13,17,21,23,33,59,100,120,180,380,590,227012,0,13,19.1092998662798,3.7874569998166407,594.4699309998214,224.0450636970733
1789566539,50,,Aggregated,156.000000,0.000000,13,17,21,23,33,59,100,120,180,380,590,227170,0,13,19.105250481792993,3.7874569998166407,594.4699309998214,224.04458775366464
1789566540,50,,Aggregated,156.800000,0.000000,13,17,21,23,33,59,100,120,180,380,590,227329,0,13,19.101238833725155,3.7874569998166407,594.4699309998214,224.04464014709959
1789566541,50,,Aggregated,158.100000,0.000000,13,17,21,23,33,59,100,120,180,380,590,227487,0,13,19.09622767357216,3.7874569998166407,594.4699309998214,224.0469213625394
1789566542,50,,Aggregated,157.800000,0.000000,13,17,21,23,33,59,100,120,180,380,590,227644,0,13,19.09529307710685,3.7874569998166407,594.4699309998214,224.0449649452654
1789566543,50,,Aggregated,156.400000,0.000000,13,17,21,23,33,59,100,120,180,380,590,227804,0,13,19.092280438209645,3.7874569998166407,594.4699309998214,224.04441537462029
1789566544,50,,Aggregated,158.500000,0.000000,13,17,21,23,33,59,100,120,180,380,590,227973,0,13,19.088238273391593,3.7874569998166407,594.4699309998214,224.04154439341502
1789566545,50,,Aggregated,159.400000,0.000000,13,17,21,23,33,59,100,120,180,380,590,228129,0,13,19.08467200612769,3.7874569998166407,594.4699309998214,224.04040257924245
1789566546,50,,Aggregated,158.300000,0.000000,13,17,21,23,33,59,100,120,180,380,590,228293,0,13,19.081191313728016,3.7874569998166407,594.4699309998214,224.0406933195499
1789566547,50,,Aggregated,158.200000,0.000000,13,17,21,23,33,59,100,120,180,380,590,228457,0,13,19.07853924119599,3.7874569998166407,594.4699309998214,224.0401475988917
1789566548,50,,Aggregated,159.700000,0.000000,13,17,21,23,33,59,100,120,180,380,590,228610,0,13,19.075907016853655,3.7874569998166407,594.4699309998214,224.04030007436245
1789566549,50,,Aggregated,160.300000,0.000000,13,17,21,23,33,59,100,120,180,380,590,228775,0,13,19.072927308464287,3.7874569998166407,594.4699309998214,224.03907332531963
1789566550,50,,Aggregated,159.500000,0.000000,13,17,21,23,33,59,100,120,180,380,590,228937,0,13,19.071119128550272,3.7874569998166407,594.4699309998214,224.0380672412061
1789566551,50,,Aggregated,160.800000,0.000000,13,17,21,23,33,59,100,120,180,380,590,229098,0,13,19.067212952338746,3.7874569998166407,594.4699309998214,224.03929759316975
1789566552,50,,Aggregated,160.200000,0.000000,13,17,21,23,33,58,100,120,180,380,590,229259,0,13,19.066098536283867,3.7874569998166407,594.4699309998214,224.04022524742757
1789566553,50,,Aggregated,161.200000,0.000000,13,17,21,23,33,58,100,120,180,380,590,229423,0,13,19.061310747984738,3.7874569998166407,594.4699309998214,224.0404885299207
1789566554,50,,Aggregated,160.900000,0.000000,13,17,21,23,33,58,100,120,180,380,590,229585,0,13,19.057807513556632,3.7874569998166407,594.4699309998214,224.0406341877736
1789566555,50,,Aggregated,160.300000,0.000000,13,17,21,23,33,58,100,120,180,380,590,229737,0,13,19.05348535798283,3.7874569998166407,594.4699309998214,224.04186526332285
1789566556,50,,Aggregated,160.900000,0.000000,13,17,21,23,33,58,100,120,180,380,590,229894,0,13,19.049841079153413,3.7874569998166407,594.4699309998214,224.04368970047065
1789566557,50,,Aggregated,160.300000,0.000000,13,17,21,23,33,58,100,120,180,380,590,230050,0,13,19.048338460012626,3.7874569998166407,594.4699309998214,224.04253423168876
1789566558,50,,Aggregated,158.700000,0.000000,13,17,21,23,33,58,100,120,180,380,590,230215,0,13,19.04328361326547,3.7874569998166407,594.4699309998214,224.04212583888975
1789566559,50,,Aggregated,159.300000,0.000000,13,17,21,23,33,58,100,120,180,380,590,230379,0,13,19.03713132490767,3.7874569998166407,594.4699309998214,224.04272958906844
1789566560,50,,Aggregated,160.300000,0.000000,13,17,21,23,33,58,100,120,180,380,590,230532,0,13,19.034232460078858,3.7874569998166407,594.4699309998214,224.04264917668698
1789566561,50,,Aggregated,158.300000,0.000000,13,17,21,23,33,58,100,120,180,380,590,230695,0,13,19.030345803601747,3.7874569998166407,594.4699309998214,224.0404776869893
1789566562,50,,Aggregated,158.900000,0.000000,13,17,21,23,33,58,100,120,180,380,590,230854,0,13,19.026562157739985,3.7874569998166407,594.4699309998214,224.04092629973923
1789566563,50,,Aggregated,159.800000,0.000000,13,17,21,23,33,58,100,120,180,380,590,231013,0,13,19.022662204801936,3.7874569998166407,594.4699309998214,224.038971832754
1789566564,50,,Aggregated,158.300000,0.000000,13,17,21,23,33,58,100,120,180,380,590,231167,0,13,19.017099760748348,3.7874569998166407,594.4699309998214,224.0421426933775
1789566565,50,,Aggregated,158.700000,0.000000,13,17,21,23,33,58,100,120,180,380,590,231322,0,13,19.01439266499474,3.7874569998166407,594.4699309998214,224.04442292561885
1789566566,50,,Aggregated,158.600000,0.000000,13,17,21,23,33,58,100,120,180,380,590,231482,0,13,19.009723231939923,3.7874569998166407,594.4699309998214,224.04617637656492
1789566567,50,,Aggregated,158.200000,0.000000,13,17,21,23,33,58,100,120,180,380,590,231650,0,13,19.005917489678072,3.7874569998166407,594.4699309998214,224.04502913878696
1789566568,50,,Aggregated,159.000000,0.000000,13,17,21,23,33,58,100,120,180,380,590,231808,0,13,19.002378147859115,3.7874569998166407,594.4699309998214,224.0463573302043
1789566569,50,,Aggregated,158.800000,0.000000,13,17,21,23,33,58,100,120,180,380,590,231968,0,13,19.000235383496555,3.7874569998166407,594.4699309998214,224.0431180162781
1789566570,50,,Aggregated,159.100000,0.000000,13,17,21,23,33,58,100,120,180,380,590,232127,0,13,18.99512639080302,3.7874569998166407,594.4699309998214,224.04236904797804
1789566571,50,,Aggregated,158.700000,0.000000,13,17,21,23,33,58,100,120,180,380,590,232280,0,13,18.991270934341895,3.7874569998166407,594.4699309998214,224.04115722403995
1789566572,50,,Aggregated,159.200000,0.000000,13,17,21,23,33,58,100,120,180,380,590,232432,0,13,18.988406611468882,3.7874569998166407,594.4699309998214,224.04233496248366
1789566573,50,,Aggregated,158.200000,0.000000,13,17,21,23,33,57,100,120,180,380,590,232596,0,13,18.983830255244914,3.7874569998166407,594.4699309998214,224.04317357134258
1789566574,50,,Aggregated,158.900000,0.000000,13,17,21,23,33,57,100,120,180,380,590,232753,0,13,18.981644331557273,3.7874569998166407,594.4699309998214,224.04164070924972
1789566575,50,,Aggregated,158.400000,0.000000,13,17,21,23,33,57,100,120,180,380,590,232924,0,13,18.977941317605513,3.7874569998166407,594.4699309998214,224.041687417355
1789566576,50,,Aggregated,159.100000,0.000000,13,17,21,23,33,57,100,120,180,380,590,233073,0,13,18.97278952898855,3.7874569998166407,594.4699309998214,224.04138188464557
1789566577,50,,Aggregated,159.200000,0.000000,13,17,21,23,33,57,100,120,180,380,590,233238,0,13,18.968339383222094,3.7874569998166407,594.4699309998214,224.0410010375668
1789566578,50,,Aggregated,158.500000,0.000000,13,17,21,23,33,57,100,120,180,380,590,233392,0,13,18.965940961463783,3.7874569998166407,594.4699309998214,224.03907160485363
1789566579,50,,Aggregated,158.200000,0.000000,13,17,21,23,33,57,100,120,180,380,590,233559,0,13,18.96163439605817,3.7874569998166407,594.4699309998214,224.0384956263728
1789566580,50,,Aggregated,157.700000,0.000000,13,17,21,23,33,57,100,120,180,380,590,233710,0,13,18.957364563689822,3.7874569998166407,594.4699309998214,224.0392323820119
1789566581,50,,Aggregated,158.700000,0.000000,13,17,21,23,33,57,100,120,180,380,590,233876,0,13,18.95556725272347,3.7874569998166407,594.4699309998214,224.0396449400537
1789566582,50,,Aggregated,158.200000,0.000000,13,17,21,23,33,57,100,120,180,380,590,234031,0,13,18.952586417658132,3.7874569998166407,594.4699309998214,224.0405117270789
1789566583,50,,Aggregated,158.000000,0.000000,13,17,21,23,33,57,100,120,180,380,590,234181,0,13,18.94931770857138,3.7874569998166407,594.4699309998214,224.04118609110049
1789566584,50,,Aggregated,159.100000,0.000000,13,17,21,23,33,57,100,120,180,380,590,234346,0,13,18.946397658752225,3.7874569998166407,594.4699309998214,224.04251832760107
1789566585,50,,Aggregated,158.400000,0.000000,13,17,21,23,33,57,100,120,180,380,590,234497,0,13,18.9435874011606,3.7874569998166407,594.4699309998214,224.043467507047
1789566586,50,,Aggregated,157.900000,0.000000,13,17,21,23,33,57,100,120,180,380,590,234663,0,13,18.938426554838035,3.7874569998166407,594.4699309998214,224.0427336222583
1789566587,50,,Aggregated,157.500000,0.000000,13,17,21,23,33,57,100,120,180,380,590,234812,0,13,18.935222036876173,3.7874569998166407,594.4699309998214,224.04279593887875
1789566588,50,,Aggregated,158.600000,0.000000,13,17,21,23,33,57,100,120,180,380,590,234974,0,13,18.92997302255977,3.7874569998166407,594.4699309998214,224.04249831896294
1789566589,50,,Aggregated,158.400000,0.000000,13,17,21,23,33,57,100,120,180,380,590,235137,0,13,18.92455711059485,3.7874569998166407,594.4699309998214,224.0417246116094
1789566590,50,,Aggregated,157.300000,0.000000,13,17,21,23,33,57,100,120,180,380,590,235304,0,13,18.920578735040316,3.7874569998166407,594.4699309998214,224.04053904736
1789566591,50,,Aggregated,157.800000,0.000000,13,17,21,23,33,57,100,120,180,380,590,235453,0,13,18.920883904762036,3.7874569998166407,594.4699309998214,224.04150722224819
1789566592,50,,Aggregated,157.900000,0.000000,13,17,21,23,33,57,100,120,180,380,590,235621,0,13,18.917350924925795,3.7874569998166407,594.4699309998214,224.04113385479224
1789566593,50,,Aggregated,158.500000,0.000000,13,17,21,23,33,57,100,120,180,380,590,235779,0,13,18.913002519677065,3.7874569998166407,594.4699309998214,224.04341777681643
1789566594,50,,Aggregated,157.800000,0.000000,13,17,21,23,33,57,100,120,180,380,590,235945,0,13,18.90800957244673,3.7874569998166407,594.4699309998214,224.04209455593465
1789566595,50,,Aggregated,158.400000,0.000000,13,17,21,23,33,57,100,120,180,380,590,236103,0,13,18.90774658774326,3.7874569998166407,594.4699309998214,224.0414734247341
1789566596,50,,Aggregated,159.200000,0.000000,13,17,21,23,33,57,100,120,180,380,590,236263,0,13,18.903496754861997,3.7874569998166407,594.4699309998214,224.04157231559745
1789566597,50,,Aggregated,160.700000,0.000000,13,17,21,23,33,57,100,120,180,380,590,236430,0,13,18.90086281643598,3.7874569998166407,594.4699309998214,224.0400372203189
1789566598,50,,Aggregated,159.800000,0.000000,13,17,21,23,33,57,100,120,180,380,590,236586,0,13,18.89698481474372,3.7874569998166407,594.4699309998214,224.0396008216885
1789566599,50,,Aggregated,160.500000,0.000000,13,17,21,23,33,56,100,120,180,380,590,236745,0,13,18.894140719305422,3.7874569998166407,594.4699309998214,224.03901243954465
1789566600,50,,Aggregated,161.800000,0.000000,13,17,21,23,33,56,100,120,180,380,590,236901,0,13,18.89030301043879,3.7874569998166407,594.4699309998214,224.039256904783
1789566601,50,,Aggregated,160.700000,0.000000,13,17,21,23,33,56,100,120,180,380,590,237056,0,13,18.886976255500613,3.7874569998166407,594.4699309998214,224.03968260664146
1789566602,50,,Aggregated,160.600000,0.000000,13,17,21,23,33,56,100,120,180,380,590,237215,0,13,18.883346868073076,3.7874569998166407,594.4699309998214,224.03971924203782
1789566603,50,,Aggregated,160.000000,0.000000,13,17,21,23,33,56,100,120,180,380,590,237364,0,13,18.883746270685375,3.7874569998166407,594.4699309998214,224.04161540924488
1789566604,50,,Aggregated,159.700000,0.000000,13,17,21,23,33,56,100,120,180,380,590,237528,0,13,18.879616730410586,3.7874569998166407,594.4699309998214,224.04138038462833
1789566605,50,,Aggregated,158.800000,0.000000,13,17,21,23,33,56,100,120,180,380,590,237692,0,13,18.879425521515103,3.7874569998166407,594.4699309998214,224.0436110596907
1789566606,50,,Aggregated,158.500000,0.000000,13,17,21,23,33,56,100,120,180,380,590,237849,0,13,18.875660433602633,3.7874569998166407,594.4699309998214,224.04407838586667
1789566607,50,,Aggregated,157.500000,0.000000,13,17,21,23,33,56,100,120,180,380,590,238003,0,13,18.872857699881735,3.7874569998166407,594.4699309998214,224.04491540022605
1789566608,50,,Aggregated,158.700000,0.000000,13,17,21,23,33,56,100,120,180,380,590,238159,0,13,18.87044482169039,3.7874569998166407,594.4699309998214,224.04504553680525
1789566609,50,,Aggregated,158.500000,0.000000,13,17,21,23,33,56,100,120,180,380,590,238303,0,13,18.86872093168767,3.7874569998166407,594.4699309998214,224.04479171474972
1789566610,50,,Aggregated,157.100000,0.000000,13,17,21,23,33,56,100,120,180,380,590,238467,0,13,18.86719276199213,3.7874569998166407,594.4699309998214,224.04655990137
1789566611,50,,Aggregated,156.700000,0.000000,13,17,21,23,33,56,100,120,180,380,590,238617,0,13,18.86454121918798,3.7874569998166407,594.4699309998214,224.0457134236035
1789566612,50,,Aggregated,156.400000,0.000000,13,17,21,23,33,56,100,120,180,380,590,238770,0,13,18.862914184537303,3.7874569998166407,594.4699309998214,224.04456590023872
1789566613,50,,Aggregated,156.600000,0.000000,13,17,21,23,33,56,100,120,180,380,590,238933,0,13,18.859367173257652,3.7874569998166407,594.4699309998214,224.04512562098998
1789566614,50,,Aggregated,156.100000,0.000000,13,17,21,23,33,56,100,120,180,380,590,239085,0,13,18.85572482657197,3.7874569998166407,594.4699309998214,224.04572432398518
1789566615,50,,Aggregated,156.700000,0.000000,13,17,21,23,33,56,100,120,180,380,590,239241,0,13,18.852660441458447,3.7874569998166407,594.4699309998214,224.0470571515752
1789566616,50,,Aggregated,155.800000,0.000000,13,17,21,23,33,56,100,120,180,380,590,239395,0,13,18.8501920319637,3.7874569998166407,594.4699309998214,224.04615802335053
1789566617,50,,Aggregated,155.000000,0.000000,13,17,21,23,33,56,100,120,180,380,590,239543,0,13,18.845681098028066,3.7874569998166407,594.4699309998214,224.04605018723151
1789566618,50,,Aggregated,154.300000,0.000000,13,17,21,23,33,56,100,120,180,380,590,239710,0,13,18.84373430680796,3.7874569998166407,594.4699309998214,224.0478578282091
1789566619,50,,Aggregated,154.000000,0.000000,13,17,21,23,33,56,100,120,180,380,590,239866,0,13,18.842558024438368,3.7874569998166407,594.4699309998214,224.04770163341198
1789566620,50,,Aggregated,154.300000,0.000000,13,17,21,23,33,56,100,120,180,370,590,240032,0,13,18.839675373324962,3.7874569998166407,594.4699309998214,224.0483352219704
1789566621,50,,Aggregated,155.000000,0.000000,13,17,21,23,33,56,100,120,180,370,590,240198,0,13,18.834323406701714,3.7874569998166407,594.4699309998214,224.04706117453102
1789566622,50,,Aggregated,155.700000,0.000000,13,17,21,23,33,56,100,120,180,370,590,240344,0,13,18.831305586009833,3.7874569998166407,594.4699309998214,224.0432338647938
1789566623,50,,Aggregated,156.700000,0.000000,13,17,21,23,33,56,100,120,180,370,590,240508,0,13,18.828620550530328,3.7874569998166407,594.4699309998214,224.0411961348479
1789566624,50,,Aggregated,157.800000,0.000000,13,17,21,23,33,56,100,120,180,370,590,240670,0,13,18.826830694739474,3.7874569998166407,594.4699309998214,224.0422902729879
1789566625,50,,Aggregated,156.300000,0.000000,13,17,21,23,33,56,100,120,180,370,590,240819,0,13,18.823490219691767,3.7874569998166407,594.4699309998214,224.04231393702324
1789566626,50,,Aggregated,158.000000,0.000000,13,17,21,23,33,55,100,120,180,370,590,240978,0,13,18.82283785362963,3.7874569998166407,594.4699309998214,224.0428005876055
1789566627,50,,Aggregated,158.300000,0.000000,13,17,21,23,33,55,99,120,170,370,590,241134,0,13,18.817861941497096,3.7874569998166407,594.4699309998214,224.04261116225834
1789566628,50,,Aggregated,158.000000,0.000000,13,17,21,23,33,55,99,120,170,370,590,241293,0,13,18.814961457033426,3.7874569998166407,594.4699309998214,224.04151384416457
1789566629,50,,Aggregated,158.500000,0.000000,13,17,21,23,33,55,99,120,170,370,590,241462,0,13,18.813008285009563,3.7874569998166407,594.4699309998214,224.04199832685887
1789566630,50,,Aggregated,157.900000,0.000000,13,17,21,23,32,55,99,120,170,370,590,241625,0,13,18.807967377481607,3.7874569998166407,594.4699309998214,224.04334816347645
1789566631,50,,Aggregated,159.400000,0.000000,13,17,21,23,32,55,99,120,170,370,590,241785,0,13,18.80424050832759,3.7874569998166407,594.4699309998214,224.0433194780487
1789566632,50,,Aggregated,159.200000,0.000000,13,17,21,23,32,55,99,120,170,370,590,241945,0,13,18.801759783955003,3.784512000493123,594.4699309998214,224.04422492715287
1789566633,50,,Aggregated,157.800000,0.000000,13,17,21,23,32,55,99,120,170,370,590,242112,0,13,18.797400107351105,3.784512000493123,594.4699309998214,224.04412420697858
1789566634,50,,Aggregated,158.000000,0.000000,13,17,21,23,32,55,99,120,170,370,590,242263,0,13,18.795923989734273,3.784512000493123,594.4699309998214,224.04273042107133
1789566635,50,,Aggregated,159.800000,0.000000,13,17,21,23,32,55,99,120,170,370,590,242428,0,13,18.791535642306147,3.784512000493123,594.4699309998214,224.04235484349994
1789566636,50,,Aggregated,159.800000,0.000000,13,17,21,23,32,55,99,120,170,370,590,242598,0,13,18.787609900192958,3.784512000493123,594.4699309998214,224.04253538776084
1789566637,50,,Aggregated,160.200000,0.000000,13,17,21,23,32,55,99,120,170,370,590,242757,0,13,18.783256375346536,3.784512000493123,594.4699309998214,224.04282059837615
1789566638,50,,Aggregated,160.700000,0.000000,13,17,21,23,32,55,99,120,170,370,590,242926,0,13,18.77942592017326,3.784512000493123,594.4699309998214,224.04276610984414
1789566639,50,,Aggregated,160.600000,0.000000,13,17,21,23,32,55,99,120,170,370,590,243088,0,13,18.775115185550128,3.784512000493123,594.4699309998214,224.04119084446785
1789566640,50,,Aggregated,162.700000,0.000000,13,17,21,23,32,55,99,120,170,370,590,243254,0,13,18.771225708868144,3.784512000493123,594.4699309998214,224.04185337137312
1789566641,50,,Aggregated,161.800000,0.000000,13,17,21,23,32,55,99,120,170,370,590,243416,0,13,18.768097179544544,3.784512000493123,594.4699309998214,224.0436783120255
1789566642,50,,Aggregated,162.200000,0.000000,13,17,21,23,32,55,99,120,170,370,590,243573,0,13,18.765261393828627,3.784512000493123,594.4699309998214,224.04189298485466
1789566643,50,,Aggregated,163.200000,0.000000,13,17,21,23,32,55,99,120,170,370,590,243724,0,13,18.76205778933147,3.784512000493123,594.4699309998214,224.03986066206036
1789566644,50,,Aggregated,162.900000,0.000000,13,17,21,23,32,55,99,120,170,370,590,243880,0,13,18.758396130921035,3.784512000493123,594.4699309998214,224.03892898146628
1789566645,50,,Aggregated,162.600000,0.000000,13,17,21,23,32,55,99,120,170,370,590,244039,0,13,18.753733777429115,3.784512000493123,594.4699309998214,224.03861268076005
1789566646,50,,Aggregated,160.900000,0.000000,13,17,21,23,32,55,99,120,170,370,590,244199,0,13,18.74992465717726,3.784512000493123,594.4699309998214,224.03744077576076
1789566647,50,,Aggregated,161.000000,0.000000,13,17,21,23,32,55,99,120,170,370,590,244358,0,13,18.747536930188616,3.784512000493123,594.4699309998214,224.0367902831092
1789566648,50,,Aggregated,160.700000,0.000000,13,17,21,23,32,55,99,120,170,370,590,244516,0,13,18.743320110786314,3.784512000493123,594.4699309998214,224.0371182253922
1789566649,50,,Aggregated,160.600000,0.000000,13,17,21,23,32,55,99,120,170,370,590,244682,0,13,18.738990058794776,3.784512000493123,594.4699309998214,224.03752217163503
1789566650,50,,Aggregated,159.700000,0.000000,13,17,21,23,32,55,99,120,170,370,590,244836,0,13,18.73535546509104,3.784512000493123,594.4699309998214,224.0366531065693
1789566651,50,,Aggregated,159.000000,0.000000,13,17,21,23,32,54,99,120,170,370,590,244994,0,13,18.73283585765375,3.784512000493123,594.4699309998214,224.03738050727773
1789566652,50,,Aggregated,158.100000,0.000000,13,17,21,23,32,54,99,120,170,370,590,245156,0,13,18.729736456729693,3.784512000493123,594.4699309998214,224.03835109073407
1789566653,50,,Aggregated,157.600000,0.000000,13,17,21,23,32,54,99,120,170,370,590,245321,0,13,18.724858797408377,3.784512000493123,594.4699309998214,224.0381174053587
1789566654,50,,Aggregated,157.800000,0.000000,13,17,21,23,32,54,99,120,170,370,590,245482,0,13,18.722298589619683,3.784512000493123,594.4699309998214,224.0379905654997
1789566655,50,,Aggregated,158.200000,0.000000,13,17,21,23,32,54,99,120,170,370,590,245645,0,13,18.718025047637934,3.784512000493123,594.4699309998214,224.03893423436259
1789566656,50,,Aggregated,159.600000,0.000000,13,17,21,23,32,54,99,120,170,370,590,245788,0,13,18.71671726588372,3.784512000493123,594.4699309998214,224.03860237277655
1789566657,50,,Aggregated,160.600000,0.000000,13,17,21,23,32,54,99,120,170,370,590,245954,0,13,18.713557893744476,3.784512000493123,594.4699309998214,224.035502573652
1789566658,50,,Aggregated,159.700000,0.000000,13,17,21,23,32,54,99,120,170,370,590,246105,0,13,18.714515080603945,3.784512000493123,594.4699309998214,224.0357083358729
1789566659,50,,Aggregated,159.100000,0.000000,13,17,21,23,32,54,99,120,170,370,590,246265,0,13,18.710297604604907,3.784512000493123,594.4699309998214,224.0367571518486
1789566660,50,,Aggregated,158.900000,0.000000,13,17,21,23,32,54,99,120,170,370,590,246427,0,13,18.70628104118063,3.784512000493123,594.4699309998214,224.03890401619952
1789566661,50,,Aggregated,158.600000,0.000000,13,17,21,23,32,54,99,120,170,370,590,246582,0,13,18.704259692804126,3.784512000493123,594.4699309998214,224.04033546649796
1789566662,50,,Aggregated,159.100000,0.000000,13,17,21,23,32,54,99,120,170,370,590,246732,0,13,18.70217719457963,3.784512000493123,594.4699309998214,224.04044874600783
1789566663,50,,Aggregated,158.300000,0.000000,13,17,21,23,32,54,99,120,170,370,590,246894,0,13,18.702791395967576,3.784512000493123,594.4699309998214,224.0392800149052
1789566664,50,,Aggregated,157.500000,0.000000,13,17,21,23,32,54,99,120,170,370,590,247052,0,13,18.699925260317745,3.784512000493123,594.4699309998214,224.04020206272364
1789566665,50,,Aggregated,156.700000,0.000000,13,17,21,23,32,54,99,120,170,370,590,247210,0,13,18.695819582059876,3.784512000493123,594.4699309998214,224.03885765138952
1789566666,50,,Aggregated,156.400000,0.000000,13,17,21,23,32,54,99,120,170,370,590,247364,0,13,18.692233016380808,3.784512000493123,594.4699309998214,224.03777833476173
1789566667,50,,Aggregated,155.200000,0.000000,13,17,21,23,32,54,99,120,170,370,590,247515,0,13,18.689793484087946,3.784512000493123,594.4699309998214,224.0383087893663
1789566668,50,,Aggregated,156.500000,0.000000,13,17,21,23,32,54,99,120,170,370,590,247677,0,13,18.685540632892927,3.784512000493123,594.4699309998214,224.03715322779266
1789566669,50,,Aggregated,156.700000,0.000000,13,17,21,23,32,54,99,120,170,370,590,247834,0,13,18.68160760970254,3.784512000493123,594.4699309998214,224.0385863118055
1789566670,50,,Aggregated,156.400000,0.000000,13,17,21,23,32,54,99,120,170,370,590,247989,0,13,18.67909091214942,3.784512000493123,594.4699309998214,224.03851783748473
1789566671,50,,Aggregated,156.200000,0.000000,13,17,21,23,32,54,99,120,170,370,590,248157,0,13,18.67380298562608,3.784512000493123,594.4699309998214,224.03855623657603
1789566672,50,,Aggregated,156.100000,0.000000,13,17,21,23,32,54,99,120,170,370,590,248306,0,13,18.66987674146826,3.784512000493123,594.4699309998214,224.03868613726613
1789566673,50,,Aggregated,156.900000,0.000000,13,17,21,23,32,54,99,120,170,370,590,248478,0,13,18.667533546507208,3.784512000493123,594.4699309998214,224.0382850795644
1789566674,50,,Aggregated,158.000000,0.000000,13,17,21,23,32,54,98,120,170,370,590,248636,0,13,18.66355521661391,3.784512000493123,594.4699309998214,224.0379108415515
1789566675,50,,Aggregated,157.300000,0.000000,13,17,21,23,32,54,98,120,170,370,590,248796,0,13,18.66235273885035,3.784512000493123,594.4699309998214,224.03658820881364
1789566676,50,,Aggregated,158.300000,0.000000,13,17,21,23,32,54,98,120,170,370,590,248963,0,13,18.659314972710845,3.784512000493123,594.4699309998214,224.03505340150946
1789566677,50,,Aggregated,158.800000,0.000000,13,17,21,23,32,54,98,120,170,370,590,249120,0,13,18.65539862816719,3.784512000493123,594.4699309998214,224.03444524727038
1789566678,50,,Aggregated,159.000000,0.000000,13,17,21,23,32,54,98,120,170,370,590,249272,0,13,18.652046754573362,3.784512000493123,594.4699309998214,224.03359783690107
1789566679,50,,Aggregated,159.000000,0.000000,13,17,21,23,32,54,98,120,170,370,590,249432,0,13,18.650311118397024,3.784512000493123,594.4699309998214,224.03371660412458
1789566680,50,,Aggregated,159.200000,0.000000,13,17,21,23,32,54,98,120,170,370,590,249584,0,13,18.647890712197157,3.784512000493123,594.4699309998214,224.03271844348996
1789566681,50,,Aggregated,159.700000,0.000000,13,17,21,23,32,53,98,120,170,370,590,249750,0,13,18.64558232230642,3.784512000493123,594.4699309998214,224.0335055055055
1789566682,50,,Aggregated,159.300000,0.000000,13,17,21,23,32,53,98,120,170,370,590,249912,0,13,18.643928916238643,3.784512000493123,594.4699309998214,224.03308364544318
1789566683,50,,Aggregated,159.300000,0.000000,13,17,21,23,32,53,98,120,170,370,590,250074,0,13,18.640187358737958,3.784512000493123,594.4699309998214,224.0342698561226
1789566684,50,,Aggregated,159.100000,0.000000,13,17,21,23,32,53,98,120,170,370,590,250231,0,13,18.637785638306312,3.784512000493123,594.4699309998214,224.03444816989102
1789566685,50,,Aggregated,160.700000,0.000000,13,17,21,23,32,53,98,120,170,370,590,250384,0,13,18.63438637785173,3.784512000493123,594.4699309998214,224.03568518755193
1789566686,50,,Aggregated,158.700000,0.000000,13,17,21,23,32,53,98,120,170,370,590,250542,0,13,18.629856456546296,3.784512000493123,594.4699309998214,224.03532741017474
1789566687,50,,Aggregated,158.600000,0.000000,13,17,21,23,32,53,98,120,170,370,590,250701,0,13,18.626664919086966,3.784512000493123,594.4699309998214,224.03284390568845
1789566688,50,,Aggregated,157.400000,0.000000,13,17,21,23,32,53,98,120,170,370,590,250860,0,13,18.623875488112986,3.784512000493123,594.4699309998214,224.03127640915253
1789566689,50,,Aggregated,157.800000,0.000000,13,17,21,23,32,53,98,120,170,370,590,251021,0,13,18.622626657885267,3.784512000493123,594.4699309998214,224.03133203994884
1789566690,50,,Aggregated,158.200000,0.000000,13,17,21,23,32,53,98,120,170,370,590,251168,0,13,18.622990863768546,3.784512000493123,594.4699309998214,224.03259969422857
1789566691,50,,Aggregated,157.900000,0.000000,13,17,21,23,32,53,98,120,170,370,590,251333,0,13,18.620221869185585,3.784512000493123,594.4699309998214,224.03203319898302
1789566692,50,,Aggregated,158.600000,0.000000,13,17,21,23,32,53,98,120,170,370,590,251499,0,13,18.616465212104284,3.784512000493123,594.4699309998214,224.032656193464
1789566693,50,,Aggregated,158.000000,0.000000,13,17,21,23,32,53,98,120,170,370,590,251643,0,13,18.613239610881358,3.784512000493123,594.4699309998214,224.03460457870872
1789566694,50,,Aggregated,157.400000,0.000000,13,17,21,23,32,53,98,120,170,370,590,251801,0,13,18.610164645863286,3.784512000493123,594.4699309998214,224.03365355975552
1789566695,50,,Aggregated,157.600000,0.000000,13,17,21,23,32,53,98,120,170,370,590,251968,0,13,18.604194712173832,3.784512000493123,594.4699309998214,224.03341694183388
1789566696,50,,Aggregated,156.900000,0.000000,13,17,21,23,32,53,98,120,170,370,590,252125,0,13,18.602661161606417,3.784512000493123,594.4699309998214,224.03201586514626
1789566697,50,,Aggregated,157.000000,0.000000,13,17,21,23,32,53,98,120,170,370,590,252280,0,13,18.60064934956405,3.784512000493123,594.4699309998214,224.03342714444267
1789566698,50,,Aggregated,158.200000,0.000000,13,17,21,23,32,53,98,120,170,370,590,252447,0,13,18.59653056658634,3.784512000493123,594.4699309998214,224.03393979726437
1789566699,50,,Aggregated,158.300000,0.000000,13,17,21,23,32,53,98,120,170,370,590,252609,0,13,18.594435666765698,3.784512000493123,594.4699309998214,224.035572762649
1789566700,50,,Aggregated,157.500000,0.000000,13,17,21,23,32,53,98,120,170,370,590,252772,0,13,18.59176001186454,3.784512000493123,594.4699309998214,224.03466364945484
1789566701,50,,Aggregated,158.400000,0.000000,13,17,21,23,32,53,98,120,170,370,590,252917,0,13,18.58980521922222,3.784512000493123,594.4699309998214,224.03560851979108
1789566702,50,,Aggregated,158.300000,0.000000,13,17,21,23,32,53,98,120,170,370,590,253088,0,13,18.588163320414395,3.784512000493123,594.4699309998214,224.03730718169174
1789566703,50,,Aggregated,159.200000,0.000000,13,17,21,23,32,53,98,120,170,370,590,253246,0,13,18.58427204720326,3.784512000493123,594.4699309998214,224.03770641984474
1789566704,50,,Aggregated,160.000000,0.000000,13,17,20,23,32,53,98,120,170,370,590,253411,0,13,18.58010475470692,3.784512000493123,594.4699309998214,224.0387631160447
1789566705,50,,Aggregated,158.200000,0.000000,13,17,20,23,32,53,98,120,170,370,590,253559,0,13,18.578042415406458,3.784512000493123,594.4699309998214,224.03973828576386
1789566706,50,,Aggregated,160.200000,0.000000,13,17,20,23,32,53,98,120,170,370,590,253722,0,13,18.57351707412858,3.784512000493123,594.4699309998214,224.0401029473203
1789566707,50,,Aggregated,160.500000,0.000000,13,17,20,23,32,53,98,120,170,390,590,253822,0,13,18.582855529087542,3.784512000493123,594.4699309998214,224.04273861209825
1789566708,50,,Aggregated,158.600000,0.000000,13,17,20,23,32,53,98,120,180,410,1000,253831,0,13,18.59727218721536,3.784512000493123,1004.0077049998217,224.04252829638617
1789566709,50,,Aggregated,158.700000,0.000000,13,17,21,23,32,53,98,120,180,1100,1800,253986,0,13,18.83130001426088,3.784512000493123,1791.683108000143,224.03918719929445
1789566710,50,,Aggregated,150.600000,0.000000,13,17,21,23,32,53,98,120,180,1100,1800,254138,0,13,18.829726163667257,3.784512000493123,1791.683108000143,224.03562631326287
1789566711,50,,Aggregated,138.700000,0.000000,13,17,21,23,32,53,98,120,180,1100,1800,254291,0,13,18.833063708027677,3.784512000493123,1791.683108000143,224.03507005753252
1789566712,50,,Aggregated,137.400000,0.000000,13,17,21,23,32,53,98,120,180,1100,1800,254452,0,13,18.831093938012113,3.784512000493123,1791.683108000143,224.03474132645843
1789566713,50,,Aggregated,137.100000,0.000000,13,17,21,23,32,53,98,120,180,1100,1800,254599,0,13,18.830840744712532,3.784512000493123,1791.683108000143,224.03566392640977
1789566714,50,,Aggregated,135.600000,0.000000,13,17,21,23,32,53,98,120,180,1100,1800,254756,0,13,18.828488196874908,3.784512000493123,1791.683108000143,224.0366625319914
1789566715,50,,Aggregated,136.400000,0.000000,13,17,21,23,32,53,98,120,180,1100,1800,254918,0,13,18.82450175776158,3.784512000493123,1791.683108000143,224.03729434563272
1789566716,50,,Aggregated,135.200000,0.000000,13,17,21,23,32,53,98,120,180,1100,1800,255067,0,13,18.821370192749598,3.784512000493123,1791.683108000143,224.03743330183835
1789566717,50,,Aggregated,134.500000,0.000000,13,17,21,23,32,53,98,120,180,1100,1800,255215,0,13,18.818825214556608,3.784512000493123,1791.683108000143,224.03596967262897
1789566718,50,,Aggregated,135.700000,0.000000,13,17,21,23,32,53,98,120,180,1100,1800,255380,0,13,18.816747029861606,3.784512000493123,1791.683108000143,224.03681964131883
1789566719,50,,Aggregated,134.800000,0.000000,13,17,21,23,32,53,98,120,180,1100,1800,255547,0,13,18.815000585364192,3.784512000493123,1791.683108000143,224.03679166650363
1789566720,50,,Aggregated,143.100000,0.000000,13,17,21,23,32,53,98,120,180,1100,1800,255715,0,13,18.811267019940402,3.784512000493123,1791.683108000143,224.03682615411688
1789566721,50,,Aggregated,154.000000,0.000000,13,17,20,23,32,53,98,120,180,1100,1800,255878,0,13,18.806765756681155,3.784512000493123,1791.683108000143,224.03557554772195
1789566722,50,,Aggregated,156.300000,0.000000,13,17,20,23,32,53,98,120,180,1100,1800,256032,0,13,18.80315217067031,3.784512000493123,1791.683108000143,224.03635873640795
1789566723,50,,Aggregated,157.000000,0.000000,13,17,20,23,32,52,98,120,180,1100,1800,256192,0,13,18.799112215615832,3.784512000493123,1791.683108000143,224.03545387834126
1789566724,50,,Aggregated,157.700000,0.000000,13,17,20,23,32,52,98,120,180,1100,1800,256347,0,13,18.79589763639542,3.784512000493123,1791.683108000143,224.03629455386644
1789566725,50,,Aggregated,158.000000,0.000000,13,17,20,23,32,52,98,120,180,1100,1800,256510,0,13,18.792553008179233,3.784512000493123,1791.683108000143,224.034813457565
1789566726,50,,Aggregated,157.800000,0.000000,13,17,20,23,32,52,98,120,180,1100,1800,256660,0,13,18.78863850231845,3.784512000493123,1791.683108000143,224.03556066391334
1789566727,50,,Aggregated,158.700000,0.000000,13,17,20,23,32,52,98,120,180,1100,1800,256821,0,13,18.78590020650587,3.784512000493123,1791.683108000143,224.0357447405002
1789566728,50,,Aggregated,158.300000,0.000000,13,17,20,23,32,52,98,120,180,1100,1800,256990,0,13,18.782495881061646,3.784512000493123,1791.683108000143,224.03392349896882
1789566729,50,,Aggregated,158.500000,0.000000,13,17,20,23,32,52,98,120,180,1100,1800,257153,0,13,18.77967320272383,3.784512000493123,1791.683108000143,224.03253704992747
1789566730,50,,Aggregated,159.500000,0.000000,13,17,20,23,32,52,98,120,180,1100,1800,257314,0,13,18.778393347365594,3.784512000493123,1791.683108000143,224.03205033538788
1789566731,50,,Aggregated,160.100000,0.000000,13,17,20,23,32,52,98,120,180,1100,1800,257478,0,13,18.77446255148025,3.784512000493123,1791.683108000143,224.03069776835304
1789566732,50,,Aggregated,159.600000,0.000000,13,17,20,23,32,52,98,120,180,1100,1800,257630,0,13,18.770856715339942,3.784512000493123,1791.683108000143,224.03197220820556
1789566733,50,,Aggregated,159.500000,0.000000,13,17,20,23,32,52,98,120,180,1100,1800,257790,0,13,18.76773978806405,3.784512000493123,1791.683108000143,224.03093603320534
1789566734,50,,Aggregated,159.700000,0.000000,13,17,20,23,32,52,98,120,180,1100,1800,257945,0,13,18.764375874888184,3.784512000493123,1791.683108000143,224.03139816627575
1789566735,50,,Aggregated,159.300000,0.000000,13,17,20,23,32,52,98,120,180,1100,1800,258100,0,13,18.762553348601436,3.784512000493123,1791.683108000143,224.03187911662147
1789566736,50,,Aggregated,159.800000,0.000000,13,17,20,23,32,52,98,120,180,1100,1800,258274,0,13,18.757925787342273,3.784512000493123,1791.683108000143,224.03082385373673
1789566737,50,,Aggregated,159.200000,0.000000,13,17,20,23,32,52,98,120,180,1100,1800,258435,0,13,18.75323119245088,3.784512000493123,1791.683108000143,224.0302513204481
1789566738,50,,Aggregated,159.300000,0.000000,13,17,20,23,32,52,98,120,180,1100,1800,258596,0,13,18.752002447431693,3.784512000493123,1791.683108000143,224.0302634224814
1789566739,50,,Aggregated,160.700000,0.000000,13,17,20,23,32,52,98,120,180,1100,1800,258759,0,13,18.74935988484283,3.784512000493123,1791.683108000143,224.02778260852762
1789566740,50,,Aggregated,159.900000,0.000000,13,17,20,23,32,52,98,120,180,1100,1800,258913,0,13,18.745210335831086,3.784512000493123,1791.683108000143,224.02711721698023
1789566741,50,,Aggregated,161.100000,0.000000,13,17,20,23,32,52,98,120,180,1100,1800,259071,0,13,18.741566661868845,3.784512000493123,1791.683108000143,224.0270813792358
1789566742,50,,Aggregated,160.100000,0.000000,13,17,20,23,32,52,98,120,180,1100,1800,259226,0,13,18.73842956816457,3.784512000493123,1791.683108000143,224.023801624837
1789566743,50,,Aggregated,158.700000,0.000000,13,17,20,23,32,52,98,120,180,1100,1800,259377,0,13,18.736119160831674,3.784512000493123,1791.683108000143,224.02378005759957
1789566744,50,,Aggregated,159.500000,0.000000,13,17,20,23,32,52,98,120,180,1100,1800,259539,0,13,18.73161804732251,3.784512000493123,1791.683108000143,224.02492496310765
1789566745,50,,Aggregated,159.300000,0.000000,13,17,20,23,32,52,98,120,180,1100,1800,259700,0,13,18.72780831106675,3.784512000493123,1791.683108000143,224.0267115902965
1789566746,50,,Aggregated,158.600000,0.000000,13,17,20,23,32,52,98,120,180,1100,1800,259854,0,13,18.723918249617206,3.784512000493123,1791.683108000143,224.02442140586638
1789566747,50,,Aggregated,159.200000,0.000000,13,17,20,23,32,52,98,120,180,1100,1800,260013,0,13,18.719868193898122,3.784512000493123,1791.683108000143,224.02373342871317
1789566748,50,,Aggregated,159.100000,0.000000,13,17,20,23,32,52,98,120,180,1100,1800,260168,0,13,18.71798734913605,3.784512000493123,1791.683108000143,224.02439577503768
1789566749,50,,Aggregated,157.700000,0.000000,13,17,20,23,32,52,98,120,180,1100,1800,260324,0,13,18.717003349871785,3.784512000493123,1791.683108000143,224.0241967701787
1789566750,50,,Aggregated,158.000000,0.000000,13,17,20,23,32,52,97,120,180,1100,1800,260486,0,13,18.714747765023922,3.784512000493123,1791.683108000143,224.02486505992644
1789566751,50,,Aggregated,156.200000,0.000000,13,17,20,23,32,52,97,120,180,1100,1800,260638,0,13,18.71121550803418,3.784512000493123,1791.683108000143,224.02648117312134
1789566752,50,,Aggregated,156.900000,0.000000,13,17,20,23,32,52,97,120,180,1100,1800,260806,0,13,18.706690131139684,3.784512000493123,1791.683108000143,224.02633758425804
1789566753,50,,Aggregated,156.900000,0.000000,13,17,20,23,32,51,97,120,180,1100,1800,260966,0,13,18.705311639102465,3.784512000493123,1791.683108000143,224.0274940030502
1789566754,50,,Aggregated,156.400000,0.000000,13,17,20,23,32,51,97,120,180,1100,1800,261136,0,13,18.70219274100094,3.784512000493123,1791.683108000143,224.02803902947124
1789566755,50,,Aggregated,157.500000,0.000000,13,17,20,23,32,51,97,120,180,1100,1800,261292,0,13,18.699314410755083,3.784512000493123,1791.683108000143,224.02615464690845
1789566756,50,,Aggregated,158.500000,0.000000,13,17,20,23,32,51,97,120,180,1100,1800,261448,0,13,18.6951402413062,3.784512000493123,1791.683108000143,224.02577568005876
1789566757,50,,Aggregated,158.900000,0.000000,13,17,20,23,32,51,97,120,180,1100,1800,261609,0,13,18.69215058882922,3.784512000493123,1791.683108000143,224.02510999239323
1789566758,50,,Aggregated,159.000000,0.000000,13,17,20,23,32,51,97,120,180,1100,1800,261777,0,13,18.69061029974379,3.784512000493123,1791.683108000143,224.02515499833828
1789566759,50,,Aggregated,159.300000,0.000000,13,17,20,23,32,51,97,120,180,1100,1800,261942,0,13,18.6888329403113,3.784512000493123,1791.683108000143,224.02604011575082
1789566760,50,,Aggregated,159.800000,0.000000,13,17,20,23,32,51,97,120,180,1100,1800,262095,0,13,18.683948566004766,3.784512000493123,1791.683108000143,224.02616226940614
1789566761,50,,Aggregated,160.100000,0.000000,13,17,20,23,32,51,97,120,180,1100,1800,262248,0,13,18.68118067746569,3.784512000493123,1791.683108000143,224.0250564351301
1789566762,50,,Aggregated,160.700000,0.000000,13,17,20,23,32,51,97,120,180,1100,1800,262418,0,13,18.677784204151465,3.784512000493123,1791.683108000143,224.02645016729036
1789566763,50,,Aggregated,160.900000,0.000000,13,17,20,23,32,51,97,120,180,1100,1800,262569,0,13,18.674728868887875,3.784512000493123,1791.683108000143,224.02696434080184
1789566764,50,,Aggregated,161.100000,0.000000,13,17,20,23,32,51,97,120,180,1100,1800,262736,0,13,18.673166452096492,3.784512000493123,1791.683108000143,224.02760565738993
1789566765,50,,Aggregated,161.100000,0.000000,13,17,20,23,32,51,97,120,180,1100,1800,262891,0,13,18.6698595460439,3.784512000493123,1791.683108000143,224.02679437485497
1789566766,50,,Aggregated,160.500000,0.000000,13,17,20,23,32,51,97,120,180,1100,1800,263048,0,13,18.66730301841881,3.784512000493123,1791.683108000143,224.02544402542503
1789566767,50,,Aggregated,159.500000,0.000000,13,17,20,23,32,51,97,120,180,1100,1800,263212,0,13,18.664827564932605,3.784512000493123,1791.683108000143,224.02878668145829
1789566768,50,,Aggregated,159.300000,0.000000,13,17,20,23,32,51,97,120,180,1100,1800,263361,0,13,18.662232458872204,3.784512000493123,1791.683108000143,224.02881216277277
1789566769,50,,Aggregated,159.200000,0.000000,13,17,20,23,32,51,97,120,180,1100,1800,263518,0,13,18.65853851738417,3.784512000493123,1791.683108000143,224.02870012674657
1789566770,50,,Aggregated,159.200000,0.000000,13,17,20,23,32,51,97,120,180,1100,1800,263684,0,13,18.655835268086218,3.784512000493123,1791.683108000143,224.0280449325708
1789566771,50,,Aggregated,159.000000,0.000000,13,17,20,23,32,51,97,120,180,1100,1800,263835,0,13,18.65357237528019,3.784512000493123,1791.683108000143,224.02766880815662
1789566772,50,,Aggregated,156.700000,0.000000,13,17,20,23,32,51,97,120,180,1100,1800,263993,0,13,18.649724676824945,3.784512000493123,1791.683108000143,224.0271067793464
1789566773,50,,Aggregated,158.300000,0.000000,13,17,20,23,32,51,97,120,180,1100,1800,264150,0,13,18.649384964683097,3.784512000493123,1791.683108000143,224.02756009842892
1789566774,50,,Aggregated,157.800000,0.000000,13,17,20,23,32,51,97,120,180,1100,1800,264300,0,13,18.645522148123487,3.784512000493123,1791.683108000143,224.0275179720015
1789566775,50,,Aggregated,156.800000,0.000000,13,17,20,23,32,51,97,120,180,1100,1800,264456,0,13,18.642851698736415,3.784512000493123,1791.683108000143,224.02765299331458
1789566776,50,,Aggregated,156.500000,0.000000,13,17,20,23,32,51,97,120,180,1100,1800,264618,0,13,18.64049995239945,3.784512000493123,1791.683108000143,224.02863372862012
1789566777,50,,Aggregated,156.600000,0.000000,13,17,20,23,32,51,97,120,180,1100,1800,264784,0,13,18.637207256122082,3.784512000493123,1791.683108000143,224.0312141216992
1789566778,50,,Aggregated,156.900000,0.000000,13,17,20,23,32,51,97,120,180,1100,1800,264929,0,13,18.634376857014647,3.784512000493123,1791.683108000143,224.03279746649102
1789566779,50,,Aggregated,157.200000,0.000000,13,17,20,23,32,51,97,120,180,1100,1800,265091,0,13,18.631140638497826,3.784512000493123,1791.683108000143,224.0332565043702
1789566780,50,,Aggregated,156.900000,0.000000,13,17,20,23,32,51,97,120,180,1100,1800,265239,0,13,18.628586992056317,3.784512000493123,1791.683108000143,224.0335018605861
1789566781,50,,Aggregated,157.000000,0.000000,13,17,20,23,32,51,97,120,180,1100,1800,265409,0,13,18.62617254148511,3.784512000493123,1791.683108000143,224.03382703676212
1789566782,50,,Aggregated,157.500000,0.000000,13,17,20,23,32,51,97,120,180,1100,1800,265554,0,13,18.625154993805502,3.784512000493123,1791.683108000143,224.03389517762866
1789566783,50,,Aggregated,155.900000,0.000000,13,17,20,23,32,51,97,120,180,1100,1800,265715,0,13,18.624460628165668,3.784512000493123,1791.683108000143,224.03309560995802
1789566784,50,,Aggregated,156.700000,0.000000,13,17,20,23,32,51,97,120,180,1100,1800,265895,0,13,18.62167529728665,3.784512000493123,1791.683108000143,224.03218187630455
1789566785,50,,Aggregated,156.700000,0.000000,13,17,20,23,32,51,97,120,180,1100,1800,266048,0,13,18.619299702959765,3.784512000493123,1791.683108000143,224.03040804666827
1789566786,50,,Aggregated,157.400000,0.000000,13,17,20,23,32,51,97,120,180,1100,1800,266212,0,13,18.61606979041526,3.784512000493123,1791.683108000143,224.0311894279747
1789566787,50,,Aggregated,158.700000,0.000000,13,17,20,23,32,51,97,120,180,1100,1800,266369,0,13,18.61580621998819,3.784512000493123,1791.683108000143,224.0319293911829
1789566788,50,,Aggregated,158.800000,0.000000,13,17,20,23,32,51,97,120,180,1100,1800,266529,0,13,18.612943559916708,3.784512000493123,1791.683108000143,224.0330583163558
1789566789,50,,Aggregated,158.900000,0.000000,13,17,20,23,32,50,97,120,180,1100,1800,266683,0,13,18.612532990097016,3.784512000493123,1791.683108000143,224.03440789251658
1789566790,50,,Aggregated,159.000000,0.000000,13,17,20,23,32,50,97,120,180,1100,1800,266853,0,13,18.609065278014658,3.784512000493123,1791.683108000143,224.03307064188897
1789566791,50,,Aggregated,159.400000,0.000000,13,17,20,23,32,50,97,120,180,1100,1800,267007,0,13,18.60634910609851,3.784512000493123,1791.683108000143,224.033456051714
1789566792,50,,Aggregated,160.000000,0.000000,13,17,20,23,32,50,97,120,180,1100,1800,267165,0,13,18.60536340914807,3.784512000493123,1791.683108000143,224.0336421312672
1789566793,50,,Aggregated,160.500000,0.000000,13,17,20,23,32,50,97,120,180,1100,1800,267326,0,13,18.60333018251518,3.784512000493123,1791.683108000143,224.0356493569649
1789566794,50,,Aggregated,160.000000,0.000000,13,17,20,23,32,50,97,120,180,1100,1800,267491,0,13,18.600418182324074,3.784512000493123,1791.683108000143,224.03439741897859
1789566795,50,,Aggregated,160.500000,0.000000,13,17,20,23,32,50,97,120,180,1100,1800,267651,0,13,18.595276697173038,3.784512000493123,1791.683108000143,224.0345263047775
1789566796,50,,Aggregated,159.900000,0.000000,13,17,20,23,32,50,96,120,180,1100,1800,267805,0,13,18.591160498374,3.784512000493123,1791.683108000143,224.03555198745354
1789566797,50,,Aggregated,159.800000,0.000000,13,17,20,23,32,50,96,120,180,1100,1800,267962,0,13,18.587078286477357,3.784512000493123,1791.683108000143,224.03657608168322
1789566798,50,,Aggregated,159.700000,0.000000,13,17,20,23,32,50,96,120,180,1100,1800,268128,0,13,18.583074482228813,3.784512000493123,1791.683108000143,224.03697487767036
1789566799,50,,Aggregated,158.800000,0.000000,13,17,20,23,32,50,96,120,180,1100,1800,268280,0,13,18.580263103612076,3.784512000493123,1791.683108000143,224.0372185776055
1789566800,50,,Aggregated,158.400000,0.000000,13,17,20,23,32,50,96,120,180,1100,1800,268445,0,13,18.57627962101011,3.784512000493123,1791.683108000143,224.03823874536684
1789566801,50,,Aggregated,158.800000,0.000000,13,17,20,23,32,50,96,120,180,1100,1800,268613,0,13,18.575663442279616,3.784512000493123,1791.683108000143,224.04045597197455
1789566802,50,,Aggregated,158.500000,0.000000,13,17,20,23,32,50,96,120,180,1100,1800,268774,0,13,18.57408295531956,3.784512000493123,1791.683108000143,224.04083356277022
1789566803,50,,Aggregated,159.700000,0.000000,13,17,20,23,32,50,96,120,180,1100,1800,268935,0,13,18.571444051674423,3.784512000493123,1791.683108000143,224.0393440794244
1789566804,50,,Aggregated,159.600000,0.000000,13,17,20,23,32,50,96,120,180,1100,1800,269094,0,13,18.569232176024226,3.784512000493123,1791.683108000143,224.03988569050222
1789566805,50,,Aggregated,159.800000,0.000000,13,17,20,23,32,50,96,120,180,1100,1800,269251,0,13,18.566469024631566,3.784512000493123,1791.683108000143,224.0399738533933
1789566806,50,,Aggregated,160.800000,0.000000,13,17,20,23,32,50,96,120,180,1100,1800,269419,0,13,18.56302865353988,3.784512000493123,1791.683108000143,224.03948867748747
1789566807,50,,Aggregated,159.400000,0.000000,13,17,20,23,32,50,96,120,180,1100,1800,269570,0,13,18.55995955078112,3.784512000493123,1791.683108000143,224.03880253737432
1789566808,50,,Aggregated,159.700000,0.000000,13,17,20,23,32,50,96,120,180,1100,1800,269742,0,13,18.556561421855182,3.784512000493123,1791.683108000143,224.03819946467365
1789566809,50,,Aggregated,161.200000,0.000000,13,17,20,23,32,50,96,120,180,1100,1800,269898,0,13,18.5550032475975,3.784512000493123,1791.683108000143,224.03918517365818
1789566810,50,,Aggregated,160.600000,0.000000,13,17,20,23,32,50,96,120,180,1100,1800,270060,0,13,18.5507856559767,3.784512000493123,1791.683108000143,224.04059838554394
1789566812,50,,Aggregated,161.300000,0.000000,13,17,20,23,32,50,96,120,180,1100,1800,270217,0,13,18.547805652090986,3.784512000493123,1791.683108000143,224.04097447606924
1789566813,50,,Aggregated,160.500000,0.000000,13,17,20,23,32,50,96,120,180,1100,1800,270371,0,13,18.544525375136633,3.784512000493123,1791.683108000143,224.04252305165863
1789566814,50,,Aggregated,160.300000,0.000000,13,17,20,23,32,50,96,120,180,1100,1800,270531,0,13,18.54097401909237,3.784512000493123,1791.683108000143,224.04195822290237
1789566815,50,,Aggregated,160.300000,0.000000,13,17,20,23,32,50,96,120,180,1100,1800,270697,0,13,18.537321849836065,3.784512000493123,1791.683108000143,224.04147072187723
1789566816,50,,Aggregated,159.300000,0.000000,13,17,20,23,32,50,96,120,180,1100,1800,270855,0,13,18.53446175168657,3.784512000493123,1791.683108000143,224.04161267098632
1789566817,50,,Aggregated,159.300000,0.000000,13,17,20,23,32,50,96,120,180,1100,1800,271024,0,13,18.53042083660514,3.784512000493123,1791.683108000143,224.0416420685991
1789566818,50,,Aggregated,160.000000,0.000000,13,17,20,23,32,50,96,120,180,1100,1800,271188,0,13,18.526623291436454,3.784512000493123,1791.683108000143,224.04119651312004
1789566819,50,,Aggregated,160.400000,0.000000,13,17,20,23,32,50,96,120,180,1100,1800,271354,0,13,18.52381536540855,3.784512000493123,1791.683108000143,224.04055587903625
1789566820,50,,Aggregated,161.400000,0.000000,13,17,20,23,32,50,96,120,180,1100,1800,271504,0,13,18.52200038176627,3.784512000493123,1791.683108000143,224.04077287995756
1789566821,50,,Aggregated,160.600000,0.000000,13,17,20,23,32,50,96,120,180,1100,1800,271661,0,13,18.521539914776387,3.784512000493123,1791.683108000143,224.04065728978395
1789566822,50,,Aggregated,160.600000,0.000000,13,17,20,23,32,50,96,120,180,1100,1800,271805,0,13,18.520366914041556,3.784512000493123,1791.683108000143,224.04215154246612
1789566823,50,,Aggregated,159.900000,0.000000,13,17,20,23,32,50,96,120,180,1100,1800,271967,0,13,18.518042690003107,3.784512000493123,1791.683108000143,224.04139840495355
1789566824,50,,Aggregated,158.800000,0.000000,13,17,20,23,32,50,96,120,180,1100,1800,272133,0,13,18.51691257000095,3.784512000493123,1791.683108000143,224.03990695725986
1789566825,50,,Aggregated,158.600000,0.000000,13,17,20,23,32,50,96,120,180,1100,1800,272289,0,13,18.513715681177263,3.784512000493123,1791.683108000143,224.03953519973263
1789566826,50,,Aggregated,160.200000,0.000000,13,17,20,23,32,50,96,120,180,1100,1800,272449,0,13,18.51153934656053,3.784512000493123,1791.683108000143,224.03807685108038
1789566827,50,,Aggregated,158.700000,0.000000,13,17,20,23,32,50,96,120,180,1100,1800,272612,0,13,18.50800096104745,3.784512000493123,1791.683108000143,224.03790001907473
1789566828,50,,Aggregated,159.000000,0.000000,13,17,20,23,32,50,96,120,180,1100,1800,272760,0,13,18.50464986374125,3.784512000493123,1791.683108000143,224.03781346238452
1789566829,50,,Aggregated,158.000000,0.000000,13,17,20,23,32,50,96,120,180,1100,1800,272936,0,13,18.503077762266834,3.784512000493123,1791.683108000143,224.03806753231527
1789566830,50,,Aggregated,157.200000,0.000000,13,17,20,23,32,50,96,120,180,1100,1800,273087,0,13,18.500478881503174,3.784512000493123,1791.683108000143,224.03885941110343
1789566831,50,,Aggregated,157.900000,0.000000,13,17,20,23,32,50,96,120,180,1100,1800,273253,0,13,18.49780655137202,3.784512000493123,1791.683108000143,224.03801239144676
1789566832,50,,Aggregated,158.300000,0.000000,13,17,20,23,31,50,96,120,180,1100,1800,273410,0,13,18.49473253568652,3.784512000493123,1791.683108000143,224.03761384002047
1789566833,50,,Aggregated,158.300000,0.000000,13,17,20,23,31,50,96,120,180,1100,1800,273569,0,13,18.49229902884848,3.784512000493123,1791.683108000143,224.03566193538012
1789566834,50,,Aggregated,160.200000,0.000000,13,17,20,23,31,49,96,120,180,1100,1800,273737,0,13,18.488956793396763,3.784512000493123,1791.683108000143,224.0365898654548
1789566835,50,,Aggregated,160.700000,0.000000,13,17,20,23,31,49,96,120,180,1100,1800,273906,0,13,18.487855940216882,3.784512000493123,1791.683108000143,224.03569472738823
1789566836,50,,Aggregated,159.900000,0.000000,13,17,20,23,31,49,96,120,180,1100,1800,274058,0,13,18.48556913180076,3.784512000493123,1791.683108000143,224.0344379656861
1789566837,50,,Aggregated,161.000000,0.000000,13,17,20,23,31,49,96,120,180,1100,1800,274218,0,13,18.484080937436826,3.784512000493123,1791.683108000143,224.03438505130956
1789566838,50,,Aggregated,160.400000,0.000000,13,17,20,23,31,49,96,120,180,1100,1800,274377,0,13,18.48212606941566,3.784512000493123,1791.683108000143,224.03472594277218
1789566839,50,,Aggregated,160.000000,0.000000,13,17,20,23,31,49,96,120,180,1100,1800,274537,0,13,18.48057246682621,3.784512000493123,1791.683108000143,224.03499710421545
1789566840,50,,Aggregated,160.800000,0.000000,13,17,20,23,31,49,96,120,180,1100,1800,274701,0,13,18.476946521316123,3.784512000493123,1791.683108000143,224.03587901026935
1789566841,50,,Aggregated,159.700000,0.000000,13,17,20,23,31,49,96,120,180,1100,1800,274857,0,13,18.474484956595813,3.784512000493123,1791.683108000143,224.03473442553764
1789566842,50,,Aggregated,160.900000,0.000000,13,17,20,23,31,49,95,120,180,1100,1800,275018,0,13,18.471995493266085,3.784512000493123,1791.683108000143,224.03573947887048
1789566843,50,,Aggregated,161.000000,0.000000,13,17,20,23,31,49,95,120,180,1100,1800,275173,0,13,18.470075514258504,3.784512000493123,1791.683108000143,224.03627899539563
1789566844,50,,Aggregated,160.300000,0.000000,13,17,20,23,31,49,95,120,180,1100,1800,275329,0,13,18.467056946249986,3.784512000493123,1791.683108000143,224.03593519026327
1789566845,50,,Aggregated,160.000000,0.000000,13,17,20,23,31,49,95,120,180,1100,1800,275494,0,13,18.463774041140848,3.784512000493123,1791.683108000143,224.03774310874283
1789566846,50,,Aggregated,159.000000,0.000000,13,17,20,23,31,49,95,120,180,1100,1800,275654,0,13,18.460972862215183,3.784512000493123,1791.683108000143,224.03688682188542
1789566847,50,,Aggregated,158.600000,0.000000,13,17,20,23,31,49,95,120,180,1100,1800,275804,0,13,18.45817055991959,3.784512000493123,1791.683108000143,224.03625400646837
1789566848,50,,Aggregated,158.700000,0.000000,13,17,20,23,31,49,95,120,180,1100,1800,275960,0,13,18.45398825739627,3.784512000493123,1791.683108000143,224.03776634294826
1789566849,50,,Aggregated,159.000000,0.000000,13,17,20,23,31,49,95,120,180,1100,1800,276132,0,13,18.450509207926174,3.784512000493123,1791.683108000143,224.0379347558414
1789566850,50,,Aggregated,159.000000,0.000000,13,17,20,23,31,49,95,120,180,1100,1800,276282,0,13,18.447075897108984,3.784512000493123,1791.683108000143,224.03799016946454
1789566851,50,,Aggregated,159.600000,0.000000,13,17,20,23,31,49,95,120,180,1100,1800,276444,0,13,18.44431800892427,3.784512000493123,1791.683108000143,224.03497272503654
1789566852,50,,Aggregated,157.400000,0.000000,13,17,20,23,31,49,95,120,180,1100,1800,276597,0,13,18.441570407325678,3.784512000493123,1791.683108000143,224.03558968463142
1789566853,50,,Aggregated,157.900000,0.000000,13,17,20,23,31,49,95,120,180,1100,1800,276759,0,13,18.440310176720768,3.784512000493123,1791.683108000143,224.0366672809195
1789566854,50,,Aggregated,157.900000,0.000000,13,17,20,23,31,49,95,120,180,1100,1800,276925,0,13,18.43701206868669,3.784512000493123,1791.683108000143,224.03787668141194
1789566855,50,,Aggregated,158.400000,0.000000,13,17,20,23,31,49,95,120,180,1100,1800,277091,0,13,18.4356038103946,3.784512000493123,1791.683108000143,224.03856133905467
1789566856,50,,Aggregated,158.400000,0.000000,13,17,20,23,31,49,95,120,180,1100,1800,277245,0,13,18.434730882035893,3.784512000493123,1791.683108000143,224.0394127937384
1789566857,50,,Aggregated,159.200000,0.000000,13,17,20,23,31,49,95,120,180,1100,1800,277396,0,13,18.432394975875805,3.784512000493123,1791.683108000143,224.03918946199656
1789566858,50,,Aggregated,160.000000,0.000000,13,17,20,23,31,49,95,120,180,1100,1800,277555,0,13,18.43051031334349,3.784512000493123,1791.683108000143,224.04087838446435
1789566859,50,,Aggregated,158.600000,0.000000,13,17,20,23,31,49,95,120,180,1100,1800,277702,0,13,18.428029580377704,3.784512000493123,1791.683108000143,224.04240516812987
1789566860,50,,Aggregated,158.100000,0.000000,13,17,20,23,31,49,95,120,180,1100,1800,277869,0,13,18.428252822952732,3.784512000493123,1791.683108000143,224.04269277969115
1789566861,50,,Aggregated,157.800000,0.000000,13,17,20,23,31,49,95,120,180,1100,1800,278022,0,13,18.426306520110103,3.784512000493123,1791.683108000143,224.04382387005344
1789566862,50,,Aggregated,158.500000,0.000000,13,17,20,23,31,49,95,120,180,1100,1800,278182,0,13,18.423863746443125,3.784512000493123,1791.683108000143,224.04390650725065
1789566863,50,,Aggregated,157.500000,0.000000,13,17,20,23,31,49,95,120,180,1100,1800,278341,0,13,18.4211339694944,3.784512000493123,1791.683108000143,224.04373771740418
1789566864,50,,Aggregated,157.500000,0.000000,13,17,20,23,31,49,95,120,180,1100,1800,278501,0,13,18.418119231888024,3.784512000493123,1791.683108000143,224.04457075558076
1789566865,50,,Aggregated,157.500000,0.000000,13,17,20,23,31,49,95,120,180,1100,1800,278651,0,13,18.417991603766172,3.784512000493123,1791.683108000143,224.04594636301323
1789566866,50,,Aggregated,156.900000,0.000000,13,17,20,23,31,49,95,120,180,1100,1800,278809,0,13,18.418286570275868,3.784512000493123,1791.683108000143,224.04609248625403
1789566867,50,,Aggregated,156.900000,0.000000,13,17,20,23,31,49,95,120,180,1100,1800,278981,0,13,18.41521880107264,3.784512000493123,1791.683108000143,224.04598879493585
1789566868,50,,Aggregated,155.500000,0.000000,13,17,20,23,31,49,95,120,180,1100,1800,279136,0,13,18.414588351721182,3.784512000493123,1791.683108000143,224.0449350854064
1789566869,50,,Aggregated,158.500000,0.000000,13,17,20,23,31,49,95,120,180,1100,1800,279299,0,13,18.41156889211222,3.784512000493123,1791.683108000143,224.04461884933352
1789566870,50,,Aggregated,158.000000,0.000000,13,17,20,23,31,49,95,120,180,1100,1800,279454,0,13,18.408628007224955,3.784512000493123,1791.683108000143,224.044425916251
1789566871,50,,Aggregated,157.400000,0.000000,13,17,20,23,31,49,95,120,180,1100,1800,279621,0,13,18.409270836278523,3.784512000493123,1791.683108000143,224.04531848466317
1789566872,50,,Aggregated,158.800000,0.000000,13,17,20,23,31,49,95,120,180,1100,1800,279778,0,13,18.407896482414795,3.784512000493123,1791.683108000143,224.04553967788746
1789566873,50,,Aggregated,158.600000,0.000000,13,17,20,23,31,48,95,120,180,1100,1800,279945,0,13,18.406341056436244,3.784512000493123,1791.683108000143,224.04562681955383
1789566874,50,,Aggregated,158.900000,0.000000,13,17,20,23,31,48,95,120,180,1100,1800,280110,0,13,18.40292142545445,3.784512000493123,1791.683108000143,224.04433258362786
1789566875,50,,Aggregated,160.200000,0.000000,13,17,20,23,31,48,95,120,180,1100,1800,280269,0,13,18.399408348301296,3.784512000493123,1791.683108000143,224.04451794525974
1789566876,50,,Aggregated,161.400000,0.000000,13,17,20,23,31,48,95,120,180,1100,1800,280426,0,13,18.39624699842402,3.784512000493123,1791.683108000143,224.04587306455178
