Timestamp,User Count,Type,Name,Requests/s,Failures/s,50%,66%,75%,80%,90%,95%,98%,99%,99.9%,99.99%,100%,Total Request Count,Total Failure Count,Total Median Response Time,Total Average Response Time,Total Min Response Time,Total Max Response Time,Total Average Content Size
1789571099,0,,Aggregated,0.000000,0.000000,N/A,N/A,N/A,N/A,N/A,N/A,N/A,N/A,N/A,N/A,N/A,0,0,0,0.0,0,0,0
1789571100,10,,Aggregated,0.000000,0.000000,9,9,12,12,13,13,15,15,15,15,15,27,0,9,8.538062073865957,2.8411530001903884,14.762243999939528,224.85185185185185
1789571101,20,,Aggregated,0.000000,0.000000,9,11,12,13,18,24,25,26,26,26,26,84,0,9,9.882821928515893,2.651065000463859,25.812161000430933,224.5595238095238
1789571102,30,,Aggregated,8.000000,0.000000,9,10,12,13,18,25,63,75,79,79,79,172,0,9,11.082823767368566,2.651065000463859,78.70461300080933,223.12209302325581
1789571103,40,,Aggregated,25.500000,0.000000,8,10,11,12,16,23,33,74,79,79,79,292,0,8,9.841221503386942,2.651065000463859,78.70461300080933,224.33904109589042
1789571104,50,,Aggregated,40.333333,0.000000,8,10,11,12,18,26,61,63,79,79,79,436,0,8,10.610974706379997,2.582040000561392,78.70461300080933,224.44036697247705
1789571105,60,,Aggregated,56.000000,0.000000,8,10,11,12,16,24,48,62,79,79,79,619,0,8,9.855888608979628,2.582040000561392,78.70461300080933,224.2794830371567
1789571106,70,,Aggregated,70.800000,0.000000,8,10,12,13,20,45,62,67,85,85,85,832,0,8,11.215242823265744,2.5534960004733875,84.71764500063728,224.36418269230768
1789571107,80,,Aggregated,86.166667,0.000000,8,10,12,14,23,33,61,65,85,85,85,1086,0,8,11.311220120603489,2.5534960004733875,84.71764500063728,224.25782688766114
1789571108,90,,Aggregated,101.000000,0.000000,8,11,14,17,34,59,73,81,94,95,95,1353,0,8,14.046740181803166,2.5534960004733875,94.55014300147013,224.63932002956392
1789571109,100,,Aggregated,117.375000,0.000000,8,12,17,23,59,93,220,240,290,310,310,1626,0,8,23.35364469802744,2.5534960004733875,306.8697830003657,224.3671586715867
1789571110,100,,Aggregated,132.888889,0.000000,7,11,14,18,48,81,210,240,290,310,310,1947,0,7,20.525390841288814,2.3506689994974295,306.8697830003657,224.37955829481254
1789571111,100,,Aggregated,143.000000,0.000000,7,10,13,16,38,74,200,230,290,310,310,2276,0,7,18.532351826443932,2.3506689994974295,306.8697830003657,224.3633567662566
1789571112,100,,Aggregated,175.600000,0.000000,6,9,12,14,31,66,180,220,290,310,310,2608,0,6,16.916033573221128,2.3506689994974295,306.8697830003657,224.43980061349694
1789571113,100,,Aggregated,204.300000,0.000000,6,9,12,14,27,62,170,220,290,310,310,2922,0,6,16.02744149999179,2.3506689994974295,306.8697830003657,224.4401095140315
1789571114,100,,Aggregated,229.600000,0.000000,6,9,12,14,28,60,160,220,280,310,310,3247,0,6,15.637719366170833,2.3506689994974295,306.8697830003657,224.51401293501695
1789571115,100,,Aggregated,252.000000,0.000000,6,9,11,14,26,58,130,210,280,310,310,3577,0,6,14.77089264046982,2.3506689994974295,306.8697830003657,224.42941012021248
1789571116,100,,Aggregated,270.800000,0.000000,6,9,11,14,27,56,95,210,280,310,310,3882,0,6,14.613169314258593,2.3506689994974295,306.8697830003657,224.30499742400823
1789571117,100,,Aggregated,287.800000,0.000000,6,9,11,13,27,54,91,200,280,310,310,4216,0,6,14.275077922667519,2.3506689994974295,306.8697830003657,224.32732447817835
1789571118,100,,Aggregated,301.100000,0.000000,6,9,11,13,24,52,88,200,280,310,310,4545,0,6,13.79397722309474,2.3506689994974295,306.8697830003657,224.2101210121012
1789571119,100,,Aggregated,310.100000,0.000000,6,8,11,13,23,47,84,190,280,310,310,4850,0,6,13.327885727621178,2.3506689994974295,306.8697830003657,224.15360824742268
1789571120,100,,Aggregated,315.500000,0.000000,6,8,10,12,22,44,80,190,270,310,310,5182,0,6,12.874639983782094,2.3506689994974295,306.8697830003657,224.1184870706291
1789571121,100,,Aggregated,324.500000,0.000000,6,8,10,12,22,43,78,180,270,310,310,5495,0,6,12.634875991439,2.3506689994974295,306.8697830003657,224.10791628753412
1789571122,100,,Aggregated,322.500000,0.000000,6,8,10,12,20,41,75,170,270,310,310,5807,0,6,12.248691292739649,2.3506689994974295,306.8697830003657,224.03599104529016
1789571123,100,,Aggregated,321.700000,0.000000,6,8,10,12,19,39,74,160,270,310,310,6135,0,6,11.95113962215864,2.3506689994974295,306.8697830003657,223.97473512632436
1789571124,100,,Aggregated,320.700000,0.000000,6,8,10,11,19,38,72,160,270,310,310,6462,0,6,11.729789817538203,2.3506689994974295,306.8697830003657,223.91024450634478
1789571125,100,,Aggregated,319.500000,0.000000,6,8,10,11,18,36,70,150,270,310,310,6801,0,6,11.478626259511707,2.3506689994974295,306.8697830003657,223.86193206881342
1789571126,100,,Aggregated,321.000000,0.000000,6,8,10,11,18,35,67,130,260,310,310,7130,0,6,11.336938185824188,2.3506689994974295,306.8697830003657,223.8569424964937
1789571127,100,,Aggregated,320.900000,0.000000,6,8,10,11,18,34,65,110,260,310,310,7455,0,6,11.205873529563469,2.3506689994974295,306.8697830003657,223.9122736418511
1789571128,100,,Aggregated,320.800000,0.000000,6,8,10,11,17,33,64,97,260,310,310,7781,0,6,11.015451039827411,2.3506689994974295,306.8697830003657,223.96427194448015
1789571129,100,,Aggregated,322.400000,0.000000,6,8,9,11,17,32,63,94,260,310,310,8098,0,6,10.792857749555006,2.3506689994974295,306.8697830003657,223.97270931094099
1789571130,100,,Aggregated,323.100000,0.000000,6,8,9,11,17,34,70,99,260,310,310,8410,0,6,11.032888475375254,2.3506689994974295,306.8697830003657,223.98513674197383
1789571131,100,,Aggregated,322.300000,0.000000,6,8,9,11,17,33,67,97,260,310,310,8722,0,6,10.836919632299775,2.3506689994974295,306.8697830003657,224.01375831231368
1789571132,100,,Aggregated,323.600000,0.000000,6,8,9,11,17,33,65,96,250,310,310,9054,0,6,10.829797358727426,2.3506689994974295,306.8697830003657,223.9991164126353
1789571133,100,,Aggregated,322.200000,0.000000,6,8,9,11,17,32,64,95,250,310,310,9369,0,6,10.707391555975354,2.3506689994974295,306.8697830003657,223.99167467178995
1789571134,100,,Aggregated,323.200000,0.000000,6,7,9,11,17,32,63,94,250,310,310,9710,0,6,10.579727582690099,2.3506689994974295,306.8697830003657,224.0195674562307
1789571135,100,,Aggregated,323.500000,0.000000,6,7,9,11,17,31,62,92,250,290,310,10030,0,6,10.483527111657425,2.3506689994974295,306.8697830003657,224.0062811565304
1789571136,100,,Aggregated,323.000000,0.000000,6,7,9,10,16,30,61,91,250,290,310,10346,0,6,10.368366443160369,2.3506689994974295,306.8697830003657,224.0198144210323
1789571137,100,,Aggregated,322.200000,0.000000,6,7,9,11,17,29,60,90,250,290,310,10658,0,6,10.295183130131058,2.3506689994974295,306.8697830003657,224.0163257646838
1789571138,100,,Aggregated,322.200000,0.000000,6,7,9,10,16,29,60,90,250,290,310,10987,0,6,10.171067710379328,2.3506689994974295,306.8697830003657,224.0422317284063
1789571139,100,,Aggregated,319.900000,0.000000,5,7,9,10,16,28,59,87,250,290,310,11308,0,5,10.04383963918658,2.3506689994974295,306.8697830003657,224.0553590378493
1789571140,100,,Aggregated,319.600000,0.000000,5,7,9,10,16,27,58,86,250,290,310,11639,0,5,9.922848392898127,2.3506689994974295,306.8697830003657,224.12518257582266
1789571141,100,,Aggregated,320.400000,0.000000,5,7,9,10,16,29,59,85,250,290,310,11958,0,5,9.9997884051638,2.3506689994974295,306.8697830003657,224.11113898645257
1789571142,100,,Aggregated,319.800000,0.000000,5,7,9,10,16,28,58,83,250,290,310,12285,0,5,9.923115846881714,2.3506689994974295,306.8697830003657,224.05470085470085
1789571143,100,,Aggregated,321.900000,0.000000,5,7,9,10,16,28,57,82,250,290,310,12616,0,5,9.849521797160323,2.3506689994974295,306.8697830003657,224.05175967026
1789571144,100,,Aggregated,322.100000,0.000000,5,7,9,10,16,28,56,81,250,290,310,12929,0,5,9.759304224144284,2.3506689994974295,306.8697830003657,224.07386495475288
1789571145,100,,Aggregated,320.900000,0.000000,5,7,9,10,15,27,56,80,240,290,310,13254,0,5,9.658317734795096,2.3506689994974295,306.8697830003657,224.1029877772748
1789571146,100,,Aggregated,322.300000,0.000000,5,7,9,10,16,27,56,79,240,290,310,13562,0,5,9.702944425598965,2.3506689994974295,306.8697830003657,224.16007963427222
1789571147,100,,Aggregated,321.200000,0.000000,5,7,9,10,15,27,55,78,240,290,310,13904,0,5,9.618260898086007,2.3506689994974295,306.8697830003657,224.14010356731876
1789571148,100,,Aggregated,319.400000,0.000000,5,7,9,10,15,27,54,78,240,290,310,14214,0,5,9.562504677780924,2.3506689994974295,306.8697830003657,224.13803292528493
1789571149,100,,Aggregated,322.600000,0.000000,5,7,9,10,15,26,53,76,240,290,310,14556,0,5,9.508672361910513,2.3506689994974295,306.8697830003657,224.12352294586424
1789571150,100,,Aggregated,323.000000,0.000000,5,7,9,10,15,26,52,76,240,290,310,14867,0,5,9.445009718906837,2.3506689994974295,306.8697830003657,224.06410170175556
1789571151,100,,Aggregated,323.400000,0.000000,5,7,9,10,15,26,52,75,240,290,310,15185,0,5,9.446527316889535,2.3506689994974295,306.8697830003657,224.07718142904181
1789571152,100,,Aggregated,323.500000,0.000000,5,7,9,10,15,26,52,75,240,290,310,15516,0,5,9.375724135342505,2.3506689994974295,306.8697830003657,224.10112142304718
1789571153,100,,Aggregated,322.100000,0.000000,5,7,9,10,15,26,52,74,240,290,310,15834,0,5,9.4157726899051,2.3506689994974295,306.8697830003657,224.1082480737653
1789571154,100,,Aggregated,322.200000,0.000000,5,7,9,10,15,26,52,74,240,290,310,16154,0,5,9.364728673082654,2.3506689994974295,306.8697830003657,224.13916057942305
1789571155,100,,Aggregated,324.100000,0.000000,5,7,9,10,15,26,51,73,240,290,310,16468,0,5,9.30669509460586,2.3506689994974295,306.8697830003657,224.13201360213748
1789571156,100,,Aggregated,321.200000,0.000000,5,7,9,10,15,26,50,73,240,290,310,16784,0,5,9.245342463355291,2.3506689994974295,306.8697830003657,224.12071020019067
1789571157,100,,Aggregated,321.900000,0.000000,5,7,9,10,15,26,50,72,240,290,310,17111,0,5,9.225097924841624,2.3506689994974295,306.8697830003657,224.11577347904856
1789571158,100,,Aggregated,323.000000,0.000000,5,7,9,10,15,25,49,71,240,290,310,17434,0,5,9.166499335778715,2.3506689994974295,306.8697830003657,224.1140874153952
1789571159,100,,Aggregated,320.600000,0.000000,5,7,9,10,15,25,48,71,240,290,310,17759,0,5,9.121145598173763,2.3506689994974295,306.8697830003657,224.12179739850217
1789571160,100,,Aggregated,320.300000,0.000000,5,7,9,10,15,25,48,70,240,290,310,18072,0,5,9.095079728806073,2.3506689994974295,306.8697830003657,224.08211598052236
1789571161,100,,Aggregated,319.100000,0.000000,5,7,9,10,15,26,49,68,240,290,310,18392,0,5,9.150795718680538,2.3506689994974295,306.8697830003657,224.115267507612
1789571162,100,,Aggregated,319.600000,0.000000,5,7,9,10,15,25,48,67,240,290,310,18724,0,5,9.101091430195586,2.3506689994974295,306.8697830003657,224.13202307199316
1789571163,100,,Aggregated,319.500000,0.000000,5,7,9,10,15,25,48,67,240,290,310,19061,0,5,9.072799875398502,2.3506689994974295,306.8697830003657,224.12501967367925
1789571164,100,,Aggregated,319.000000,0.000000,5,7,9,10,15,25,48,67,240,290,310,19397,0,5,9.013923747897342,2.3506689994974295,306.8697830003657,224.10826416456152
1789571165,100,,Aggregated,320.200000,0.000000,5,7,9,10,15,25,47,66,240,290,310,19697,0,5,8.983062816263054,2.3506689994974295,306.8697830003657,224.0966136975174
1789571166,100,,Aggregated,322.700000,0.000000,5,7,8,10,15,24,47,65,230,290,310,20020,0,5,8.931322154292056,2.3506689994974295,306.8697830003657,224.120979020979
1789571167,100,,Aggregated,321.600000,0.000000,5,7,9,10,14,24,46,65,230,290,310,20358,0,5,8.905681818200248,2.3506689994974295,306.8697830003657,224.11386187248257
1789571168,100,,Aggregated,322.100000,0.000000,5,7,9,10,14,24,46,64,230,290,310,20681,0,5,8.87060121487893,2.3506689994974295,306.8697830003657,224.0984478506842
1789571169,100,,Aggregated,322.600000,0.000000,5,7,8,10,14,24,45,63,230,290,310,21007,0,5,8.844759127382517,2.3506689994974295,306.8697830003657,224.10501261484268
1789571170,100,,Aggregated,323.400000,0.000000,5,7,8,10,14,24,45,63,230,290,310,21334,0,5,8.797938611087618,2.3506689994974295,306.8697830003657,224.0947782881785
1789571171,100,,Aggregated,325.300000,0.000000,5,7,8,10,14,24,45,63,230,290,310,21660,0,5,8.814709259599471,2.3506689994974295,306.8697830003657,224.09621421975993
1789571172,100,,Aggregated,324.400000,0.000000,5,7,8,10,14,24,45,63,230,290,310,21981,0,5,8.791829901730132,2.3506689994974295,306.8697830003657,224.1025885992448
1789571173,100,,Aggregated,325.000000,0.000000,5,7,8,10,14,23,45,62,230,290,310,22309,0,5,8.747558071716295,2.3506689994974295,306.8697830003657,224.13559549957415
1789571174,100,,Aggregated,325.400000,0.000000,5,7,8,10,14,23,44,62,230,290,310,22651,0,5,8.708959059949393,2.3506689994974295,306.8697830003657,224.13376892852412
1789571175,100,,Aggregated,325.000000,0.000000,5,7,8,10,14,23,44,61,230,290,310,22987,0,5,8.68252048909827,2.3506689994974295,306.8697830003657,224.10549440988385
1789571176,100,,Aggregated,323.400000,0.000000,5,7,8,10,14,23,44,61,230,290,310,23312,0,5,8.666999752055077,2.3506689994974295,306.8697830003657,224.11071551132463
1789571177,100,,Aggregated,327.800000,0.000000,5,7,8,10,14,23,45,62,230,290,310,23626,0,5,8.724859840045571,2.3506689994974295,306.8697830003657,224.11648184203844
1789571178,100,,Aggregated,328.600000,0.000000,5,7,9,10,14,24,45,62,230,290,310,23944,0,5,8.751008363678617,2.3506689994974295,306.8697830003657,224.10507851653858
1789571179,100,,Aggregated,328.100000,0.000000,5,7,9,10,14,23,45,62,220,290,310,24261,0,5,8.725310309588295,2.3506689994974295,306.8697830003657,224.1093936770949
1789571180,100,,Aggregated,326.400000,0.000000,5,7,9,10,14,23,44,61,220,290,310,24599,0,5,8.697177912188682,2.3506689994974295,306.8697830003657,224.11967966177488
1789571181,100,,Aggregated,325.100000,0.000000,5,7,9,10,14,23,45,63,220,290,310,24915,0,5,8.757143117355854,2.3506689994974295,306.8697830003657,224.12558699578568
1789571182,100,,Aggregated,324.500000,0.000000,5,7,9,10,14,23,45,63,220,290,310,25266,0,5,8.730841321931228,2.3506689994974295,306.8697830003657,224.1193303253384
1789571183,100,,Aggregated,326.400000,0.000000,5,7,8,10,14,23,45,62,220,290,310,25594,0,5,8.714112401457948,2.3506689994974295,306.8697830003657,224.12358365241855
1789571184,100,,Aggregated,326.300000,0.000000,5,7,8,10,15,24,46,65,220,290,310,25917,0,5,8.792077414705018,2.3506689994974295,306.8697830003657,224.13242273411274
1789571185,100,,Aggregated,325.200000,0.000000,5,7,8,10,14,24,46,65,220,290,310,26237,0,5,8.765242778134246,2.3506689994974295,306.8697830003657,224.13987879711857
1789571186,100,,Aggregated,327.000000,0.000000,5,7,8,10,14,23,46,64,220,290,310,26562,0,5,8.730345676677983,2.3506689994974295,306.8697830003657,224.1217528800542
1789571187,100,,Aggregated,324.100000,0.000000,5,7,8,10,14,23,46,64,220,290,310,26880,0,5,8.717401184333974,2.3506689994974295,306.8697830003657,224.11387648809523
1789571188,100,,Aggregated,323.200000,0.000000,5,7,8,10,14,23,45,63,220,290,310,27199,0,5,8.690581463945973,2.3506689994974295,306.8697830003657,224.10423177322696
1789571189,100,,Aggregated,322.600000,0.000000,5,7,8,10,14,23,45,63,220,290,310,27527,0,5,8.67041987778823,2.3506689994974295,306.8697830003657,224.09852145166565
1789571190,100,,Aggregated,323.500000,0.000000,5,7,8,10,14,23,46,64,220,290,310,27864,0,5,8.700331243966685,2.3506689994974295,306.8697830003657,224.10396927935687
1789571191,100,,Aggregated,323.600000,0.000000,5,7,8,10,14,23,46,64,220,290,310,28199,0,5,8.66447436589567,2.3506689994974295,306.8697830003657,224.09968438597113
1789571192,100,,Aggregated,324.800000,0.000000,5,7,8,10,14,23,45,63,220,290,310,28517,0,5,8.669920194827723,2.3506689994974295,306.8697830003657,224.09215555633483
1789571193,100,,Aggregated,324.600000,0.000000,5,7,8,10,14,23,45,63,220,290,310,28833,0,5,8.637579096240271,2.3506689994974295,306.8697830003657,224.08417438351887
1789571194,100,,Aggregated,325.600000,0.000000,5,7,8,10,14,23,45,63,220,290,310,29149,0,5,8.615706226282057,2.3506689994974295,306.8697830003657,224.08556039658308
1789571195,100,,Aggregated,324.500000,0.000000,5,7,8,10,14,23,45,63,220,290,310,29463,0,5,8.616782994329112,2.3506689994974295,306.8697830003657,224.08760139836406
1789571196,100,,Aggregated,322.200000,0.000000,5,7,8,10,14,23,44,62,220,290,310,29784,0,5,8.604704114118864,2.3506689994974295,306.8697830003657,224.10247112543647
1789571197,100,,Aggregated,321.600000,0.000000,5,7,8,10,14,23,44,62,220,280,310,30103,0,5,8.579039385241131,2.3506689994974295,306.8697830003657,224.08567252433312
1789571198,100,,Aggregated,321.000000,0.000000,5,7,8,10,14,23,44,61,220,280,310,30434,0,5,8.555124167737326,2.3126679989218246,306.8697830003657,224.05385424196623
1789571199,100,,Aggregated,321.700000,0.000000,5,7,8,10,14,23,43,61,220,280,310,30772,0,5,8.54313971064326,2.3126679989218246,306.8697830003657,224.06879630833225
1789571200,100,,Aggregated,322.000000,0.000000,5,7,8,10,14,22,43,61,220,280,310,31086,0,5,8.514964233221432,2.3126679989218246,306.8697830003657,224.06382294280382
1789571201,100,,Aggregated,322.300000,0.000000,5,7,8,10,14,22,43,61,220,280,310,31410,0,5,8.492670237915338,2.3126679989218246,306.8697830003657,224.07115568290354
1789571202,100,,Aggregated,323.200000,0.000000,5,7,8,10,14,22,43,60,220,280,310,31740,0,5,8.491464002895977,2.3126679989218246,306.8697830003657,224.06877756773787
1789571203,100,,Aggregated,321.200000,0.000000,5,7,8,9,14,22,42,60,220,280,310,32065,0,5,8.466440705627132,2.3126679989218246,306.8697830003657,224.0580695462342
1789571204,100,,Aggregated,320.300000,0.000000,5,7,8,10,14,22,42,60,220,280,310,32394,0,5,8.46633492486037,2.3126679989218246,306.8697830003657,224.0585293572884
1789571205,100,,Aggregated,321.800000,0.000000,5,7,8,10,14,23,45,63,220,280,310,32721,0,5,8.57719049799602,2.3126679989218246,306.8697830003657,224.06323156382751
1789571206,100,,Aggregated,324.300000,0.000000,5,7,8,10,14,23,44,63,210,280,310,33043,0,5,8.558347943162554,2.3126679989218246,306.8697830003657,224.06207063523289
1789571207,100,,Aggregated,324.800000,0.000000,5,7,8,10,14,23,44,63,210,280,310,33354,0,5,8.537305042181298,2.3126679989218246,306.8697830003657,224.06943694909157
1789571208,100,,Aggregated,324.600000,0.000000,5,7,8,10,14,22,44,63,210,280,310,33675,0,5,8.519843739329481,2.3126679989218246,306.8697830003657,224.06604305864886
1789571209,100,,Aggregated,323.900000,0.000000,5,7,8,10,14,22,43,63,210,280,310,33981,0,5,8.506848540653618,2.3126679989218246,306.8697830003657,224.05041052352786
1789571210,100,,Aggregated,323.700000,0.000000,5,7,8,10,14,23,44,63,210,280,310,34306,0,5,8.535145353551835,2.3126679989218246,306.8697830003657,224.04188771643445
1789571211,100,,Aggregated,323.300000,0.000000,5,7,8,10,14,22,44,62,210,280,310,34633,0,5,8.51076173917775,2.3126679989218246,306.8697830003657,224.02514942395982
1789571212,100,,Aggregated,321.100000,0.000000,5,7,8,9,14,22,44,62,210,280,310,34965,0,5,8.483259425853237,2.3126679989218246,306.8697830003657,224.02087802087803
1789571213,100,,Aggregated,321.200000,0.000000,5,7,8,9,14,22,44,62,210,280,310,35303,0,5,8.474171196214025,2.3126679989218246,306.8697830003657,224.0366257825114
1789571214,100,,Aggregated,321.200000,0.000000,5,7,8,9,14,22,44,61,210,280,310,35634,0,5,8.469276536620573,2.3126679989218246,306.8697830003657,224.01885839366898
1789571215,100,,Aggregated,321.700000,0.000000,5,7,8,9,14,22,43,61,210,280,310,35943,0,5,8.452892361292191,2.3126679989218246,306.8697830003657,224.01507943132182
1789571216,100,,Aggregated,321.000000,0.000000,5,7,8,9,14,22,43,61,210,280,310,36258,0,5,8.440480027854255,2.3126679989218246,306.8697830003657,224.00033096144298
1789571217,100,,Aggregated,321.800000,0.000000,5,7,8,9,14,22,44,61,210,280,310,36580,0,5,8.463577921129446,2.3126679989218246,306.8697830003657,224.0074084199016
1789571218,100,,Aggregated,321.800000,0.000000,5,7,8,9,14,22,44,61,210,280,310,36912,0,5,8.442170359122509,2.3126679989218246,306.8697830003657,224.02419267446902
1789571219,100,,Aggregated,322.400000,0.000000,5,7,8,9,14,22,44,61,210,280,310,37243,0,5,8.442815787286097,2.3126679989218246,306.8697830003657,224.0369196896061
1789571220,100,,Aggregated,322.100000,0.000000,5,7,8,9,14,23,45,62,210,280,310,37554,0,5,8.49770030638218,2.2931429994059727,306.8697830003657,224.02614901208926
1789571221,100,,Aggregated,322.700000,0.000000,5,7,8,9,14,23,45,62,210,280,310,37860,0,5,8.481141483039828,2.2931429994059727,306.8697830003657,224.0162440570523
1789571222,100,,Aggregated,324.200000,0.000000,5,7,8,10,14,23,46,63,210,280,310,38203,0,5,8.552435729782863,2.2931429994059727,306.8697830003657,224.0271968170039
1789571223,100,,Aggregated,324.400000,0.000000,5,7,8,10,14,23,46,63,210,280,310,38532,0,5,8.533656419051617,2.2931429994059727,306.8697830003657,224.0240579258798
1789571224,100,,Aggregated,322.800000,0.000000,5,7,8,10,14,23,46,64,210,280,310,38844,0,5,8.578931096022432,2.2931429994059727,306.8697830003657,224.02543507362785
1789571225,100,,Aggregated,323.400000,0.000000,5,7,8,10,14,23,46,64,210,280,310,39169,0,5,8.561935084962569,2.2931429994059727,306.8697830003657,224.00891010748296
1789571226,100,,Aggregated,321.800000,0.000000,5,7,8,10,14,23,46,64,210,280,310,39496,0,5,8.550425450777986,2.2931429994059727,306.8697830003657,223.99934170548917
1789571227,100,,Aggregated,319.600000,0.000000,5,7,8,10,14,23,46,63,210,280,310,39828,0,5,8.534006139221827,2.2931429994059727,306.8697830003657,224.01750025107964
1789571228,100,,Aggregated,321.300000,0.000000,5,7,8,10,14,23,45,63,210,280,310,40144,0,5,8.53155406232364,2.2931429994059727,306.8697830003657,224.0265793144679
1789571229,100,,Aggregated,321.800000,0.000000,5,7,8,10,14,23,45,63,210,280,310,40471,0,5,8.523530819300918,2.2931429994059727,306.8697830003657,224.04222776803144
1789571230,100,,Aggregated,322.000000,0.000000,5,7,8,9,14,23,45,63,210,280,310,40793,0,5,8.502064970924911,2.2931429994059727,306.8697830003657,224.04383104944475
1789571231,100,,Aggregated,322.200000,0.000000,5,7,8,9,14,23,45,63,200,280,310,41114,0,5,8.484027965898012,2.2931429994059727,306.8697830003657,224.02811694313374
1789571232,100,,Aggregated,322.200000,0.000000,5,7,8,9,14,23,45,63,200,280,310,41434,0,5,8.471672065790466,2.2931429994059727,306.8697830003657,224.0326784766134
1789571233,100,,Aggregated,322.300000,0.000000,5,7,8,9,14,23,45,63,200,280,310,41756,0,5,8.458310378292996,2.2931429994059727,306.8697830003657,224.0516811955168
1789571234,100,,Aggregated,323.500000,0.000000,5,7,8,9,14,22,44,62,200,280,310,42092,0,5,8.442422266844542,2.2931429994059727,306.8697830003657,224.06051031074787
1789571235,100,,Aggregated,321.400000,0.000000,5,7,8,9,14,22,44,62,200,280,310,42392,0,5,8.437676531634065,2.2931429994059727,306.8697830003657,224.05246272881675
1789571236,100,,Aggregated,321.100000,0.000000,5,7,8,9,14,23,45,62,200,280,310,42737,0,5,8.470206777711663,2.2931429994059727,306.8697830003657,224.05880150689097
1789571237,100,,Aggregated,324.000000,0.000000,5,7,8,9,14,23,45,62,200,280,310,43060,0,5,8.457987407780822,2.2931429994059727,306.8697830003657,224.0559451927543
1789571238,100,,Aggregated,322.100000,0.000000,5,7,8,9,14,22,45,62,200,280,310,43382,0,5,8.43390305477083,2.2931429994059727,306.8697830003657,224.0521644921857
1789571239,100,,Aggregated,322.700000,0.000000,5,7,8,9,14,23,45,62,200,280,310,43725,0,5,8.437883430647602,2.2931429994059727,306.8697830003657,224.0566952544311
1789571240,100,,Aggregated,323.100000,0.000000,5,7,8,9,14,22,44,62,200,280,310,44058,0,5,8.427170002429538,2.2931429994059727,306.8697830003657,224.05231739979118
1789571241,100,,Aggregated,322.900000,0.000000,5,7,8,9,14,22,44,61,200,280,310,44383,0,5,8.427784056734115,2.2931429994059727,306.8697830003657,224.0509654597481
1789571242,100,,Aggregated,324.500000,0.000000,5,7,8,9,14,22,44,61,200,280,310,44694,0,5,8.414872991655384,2.2931429994059727,306.8697830003657,224.03904327202756
1789571243,100,,Aggregated,325.200000,0.000000,5,7,8,9,14,22,44,61,200,280,310,45036,0,5,8.416341984102912,2.2931429994059727,306.8697830003657,224.03976818545163
1789571244,100,,Aggregated,325.700000,0.000000,5,7,8,9,14,23,44,61,200,280,310,45369,0,5,8.432134945140168,2.2931429994059727,306.8697830003657,224.02973395931141
1789571245,100,,Aggregated,327.000000,0.000000,5,7,8,9,14,23,44,61,200,280,310,45678,0,5,8.41451816178618,2.2931429994059727,306.8697830003657,224.02664302289944
1789571246,100,,Aggregated,327.800000,0.000000,5,7,8,9,14,23,44,61,200,280,310,46006,0,5,8.414080200301488,2.2931429994059727,306.8697830003657,224.02223623005696
1789571247,100,,Aggregated,327.000000,0.000000,5,7,8,9,14,22,44,60,200,280,310,46331,0,5,8.401269280439664,2.2931429994059727,306.8697830003657,224.01031706632708
1789571248,100,,Aggregated,327.500000,0.000000,5,7,8,9,14,22,44,60,200,280,310,46663,0,5,8.381079248055995,2.2931429994059727,306.8697830003657,224.0201015794098
1789571249,100,,Aggregated,326.700000,0.000000,5,7,8,9,14,22,44,60,200,280,310,46990,0,5,8.375098126432011,2.2931429994059727,306.8697830003657,224.01240689508407
1789571250,100,,Aggregated,326.900000,0.000000,5,7,8,9,14,22,44,60,190,280,310,47311,0,5,8.36393233998509,2.2931429994059727,306.8697830003657,224.0209887763945
1789571251,100,,Aggregated,327.200000,0.000000,5,7,8,9,14,22,44,60,190,280,310,47641,0,5,8.369133242585905,2.2931429994059727,306.8697830003657,224.01618353938835
1789571252,100,,Aggregated,325.100000,0.000000,5,7,8,9,14,22,44,60,190,280,310,47958,0,5,8.389564492535992,2.2931429994059727,306.8697830003657,224.01993410901204
1789571253,100,,Aggregated,324.300000,0.000000,5,7,8,9,14,22,44,60,190,280,310,48269,0,5,8.371493872527601,2.2931429994059727,306.8697830003657,224.00449563902296
1789571254,100,,Aggregated,324.700000,0.000000,5,7,8,9,14,22,44,60,190,280,310,48591,0,5,8.363608049824757,2.2931429994059727,306.8697830003657,224.01257434504333
1789571255,100,,Aggregated,324.400000,0.000000,5,7,8,9,14,22,43,60,190,280,310,48917,0,5,8.354586002004051,2.2931429994059727,306.8697830003657,224.0054582251569
1789571256,100,,Aggregated,323.300000,0.000000,5,7,8,9,14,22,43,60,190,280,310,49237,0,5,8.342024659240662,2.2931429994059727,306.8697830003657,224.00844893068222
1789571257,100,,Aggregated,322.000000,0.000000,5,7,8,9,14,22,43,59,190,280,310,49566,0,5,8.34199561241627,2.2931429994059727,306.8697830003657,224.01381995722875
1789571258,100,,Aggregated,322.500000,0.000000,5,7,8,9,14,22,43,59,190,280,310,49899,0,5,8.329848251989564,2.2931429994059727,306.8697830003657,224.01871780997615
1789571259,100,,Aggregated,322.200000,0.000000,5,7,8,9,14,22,43,59,190,270,310,50234,0,5,8.317140148644773,2.2931429994059727,306.8697830003657,224.02587888680972
1789571260,100,,Aggregated,322.600000,0.000000,5,7,8,9,14,22,43,59,190,270,310,50560,0,5,8.306868049208768,2.2931429994059727,306.8697830003657,224.01170886075948
1789571261,100,,Aggregated,322.700000,0.000000,5,7,8,9,14,22,43,59,190,270,310,50878,0,5,8.2926024279844,2.2931429994059727,306.8697830003657,224.01519320728016
1789571263,100,,Aggregated,324.100000,0.000000,5,7,8,9,14,22,42,59,190,270,310,51210,0,5,8.276022676782043,2.2931429994059727,306.8697830003657,224.01605155243118
1789571264,100,,Aggregated,323.400000,0.000000,5,7,8,9,14,22,42,59,190,270,310,51538,0,5,8.27317194311029,2.2931429994059727,306.8697830003657,224.02745546975046
1789571265,100,,Aggregated,324.000000,0.000000,5,7,8,9,14,22,42,59,190,270,310,51872,0,5,8.259665505090217,2.2931429994059727,306.8697830003657,224.025447254781
1789571266,100,,Aggregated,324.900000,0.000000,5,7,8,9,14,22,43,59,180,270,310,52198,0,5,8.282022478218583,2.2931429994059727,306.8697830003657,224.03084409364342
1789571267,100,,Aggregated,327.000000,0.000000,5,7,8,9,14,22,42,59,180,270,310,52533,0,5,8.262977441704553,2.2931429994059727,306.8697830003657,224.02400395941598
1789571268,100,,Aggregated,327.000000,0.000000,5,7,8,9,14,22,42,59,180,270,310,52863,0,5,8.25091475884973,2.2931429994059727,306.8697830003657,224.01889790590772
1789571269,100,,Aggregated,328.300000,0.000000,5,7,8,9,14,22,42,59,180,270,310,53183,0,5,8.244959604047843,2.2931429994059727,306.8697830003657,224.00801007840852
1789571270,100,,Aggregated,328.700000,0.000000,5,7,8,9,14,21,42,59,180,270,310,53526,0,5,8.22966736924285,2.2931429994059727,306.8697830003657,224.01247991630237
1789571271,100,,Aggregated,327.300000,0.000000,5,7,8,9,14,22,42,58,180,270,310,53845,0,5,8.239900390678777,2.2931429994059727,306.8697830003657,224.02676200204291
1789571272,100,,Aggregated,328.400000,0.000000,5,7,8,9,14,22,42,58,180,270,310,54175,0,5,8.225307752027621,2.2931429994059727,306.8697830003657,224.01823719427782
1789571273,100,,Aggregated,327.500000,0.000000,5,7,8,9,14,21,42,58,180,270,310,54496,0,5,8.217806854174473,2.2931429994059727,306.8697830003657,224.02012991779213
1789571274,100,,Aggregated,328.400000,0.000000,5,7,8,9,14,22,42,58,180,270,310,54814,0,5,8.244091530577844,2.2931429994059727,306.8697830003657,224.03022950341153
1789571275,100,,Aggregated,327.500000,0.000000,5,7,8,9,14,22,42,58,180,270,310,55133,0,5,8.234702309290455,2.2931429994059727,306.8697830003657,224.03038107848295
1789571276,100,,Aggregated,326.800000,0.000000,5,7,8,9,14,22,41,58,180,270,310,55462,0,5,8.223238802317269,2.2931429994059727,306.8697830003657,224.0258014496412
1789571277,100,,Aggregated,324.600000,0.000000,5,7,8,9,14,21,41,58,180,270,310,55787,0,5,8.208340502807618,2.2931429994059727,306.8697830003657,224.01625826805528
1789571278,100,,Aggregated,325.300000,0.000000,5,7,8,9,14,22,42,58,170,270,310,56114,0,5,8.225260052360175,2.2931429994059727,306.8697830003657,224.0206009195566
1789571279,100,,Aggregated,324.800000,0.000000,5,7,8,9,14,22,42,58,170,270,310,56451,0,5,8.231452757402767,2.2931429994059727,306.8697830003657,224.01319728614197
1789571280,100,,Aggregated,324.400000,0.000000,5,7,8,9,14,22,42,58,170,270,310,56779,0,5,8.220596084892843,2.2931429994059727,306.8697830003657,224.0163088465806
1789571281,100,,Aggregated,326.200000,0.000000,5,7,8,9,14,22,42,58,170,270,310,57113,0,5,8.208499555515306,2.2931429994059727,306.8697830003657,224.016283508133
1789571282,100,,Aggregated,323.100000,0.000000,5,7,8,9,14,22,42,57,170,270,310,57440,0,5,8.206654735378727,2.2931429994059727,306.8697830003657,224.0224930362117
1789571283,100,,Aggregated,325.500000,0.000000,5,7,8,9,14,22,42,57,170,270,310,57760,0,5,8.208681387052334,2.2931429994059727,306.8697830003657,224.03085180055402
1789571284,100,,Aggregated,324.500000,0.000000,5,7,8,9,14,22,41,57,170,270,310,58077,0,5,8.198061573895863,2.2931429994059727,306.8697830003657,224.03559068133686
1789571285,100,,Aggregated,325.500000,0.000000,5,7,8,9,14,21,41,57,170,270,310,58400,0,5,8.188901685379214,2.2931429994059727,306.8697830003657,224.02926369863013
1789571286,100,,Aggregated,324.900000,0.000000,5,7,8,9,14,21,41,57,170,270,310,58733,0,5,8.187065809513237,2.2931429994059727,306.8697830003657,224.03648715372958
1789571287,100,,Aggregated,325.800000,0.000000,5,7,8,9,14,21,41,57,170,270,310,59061,0,5,8.178951113376787,2.2931429994059727,306.8697830003657,224.04119469700817
1789571288,100,,Aggregated,326.600000,0.000000,5,7,8,9,14,21,41,56,170,270,310,59383,0,5,8.166849195530222,2.2931429994059727,306.8697830003657,224.03664348382534
1789571289,100,,Aggregated,326.000000,0.000000,5,7,8,9,14,21,41,56,170,270,310,59705,0,5,8.157002027705778,2.2931429994059727,306.8697830003657,224.03843899170923
1789571290,100,,Aggregated,326.100000,0.000000,5,7,8,9,14,21,41,56,170,270,310,60041,0,5,8.15867714810169,2.2931429994059727,306.8697830003657,224.0381572592062
1789571291,100,,Aggregated,325.300000,0.000000,5,7,8,9,14,21,40,56,170,270,310,60356,0,5,8.143436986897347,2.2931429994059727,306.8697830003657,224.04594406521306
1789571292,100,,Aggregated,325.900000,0.000000,5,7,8,9,14,21,40,56,170,270,310,60680,0,5,8.136555520932166,2.2931429994059727,306.8697830003657,224.04854976928146
1789571293,100,,Aggregated,323.600000,0.000000,5,7,8,9,14,21,40,56,160,270,310,61016,0,5,8.12285709604291,2.2931429994059727,306.8697830003657,224.04769240854858
1789571294,100,,Aggregated,323.700000,0.000000,5,7,8,9,14,21,40,56,160,270,310,61345,0,5,8.126485365574077,2.2931429994059727,306.8697830003657,224.0399706577553
1789571295,100,,Aggregated,325.400000,0.000000,5,7,8,9,14,21,40,56,160,270,310,61670,0,5,8.123471180560374,2.2931429994059727,306.8697830003657,224.03761958813038
1789571296,100,,Aggregated,326.000000,0.000000,5,7,8,9,14,21,40,56,160,270,310,61989,0,5,8.124306339014339,2.2931429994059727,306.8697830003657,224.03208633789865
1789571297,100,,Aggregated,325.700000,0.000000,5,7,8,9,14,21,40,55,160,270,310,62323,0,5,8.11766037209632,2.2931429994059727,306.8697830003657,224.02756606710204
1789571298,100,,Aggregated,324.600000,0.000000,5,7,8,9,14,21,41,57,160,270,310,62649,0,5,8.191177900846915,2.2931429994059727,306.8697830003657,224.02975306868424
1789571299,100,,Aggregated,325.500000,0.000000,5,7,8,9,14,21,41,57,160,270,310,62966,0,5,8.195363676065554,2.2931429994059727,306.8697830003657,224.02715751357874
1789571300,100,,Aggregated,325.200000,0.000000,5,7,8,9,14,21,41,57,160,270,310,63306,0,5,8.18253752984154,2.2931429994059727,306.8697830003657,224.0213407891827
1789571301,100,,Aggregated,323.700000,0.000000,5,7,8,9,14,22,42,58,160,270,310,63637,0,5,8.214654072743286,2.2931429994059727,306.8697830003657,224.01651554913022
1789571302,100,,Aggregated,325.400000,0.000000,5,7,8,9,14,22,42,59,160,270,310,63952,0,5,8.24784382039944,2.2931429994059727,306.8697830003657,224.01918626469853
1789571303,100,,Aggregated,326.300000,0.000000,5,7,8,9,14,22,42,59,160,270,310,64272,0,5,8.236302028989114,2.2931429994059727,306.8697830003657,224.01821944236994
1789571304,100,,Aggregated,327.200000,0.000000,5,7,8,9,14,22,42,59,160,270,310,64595,0,5,8.238051654806101,2.2931429994059727,306.8697830003657,224.02018732100007
1789571305,100,,Aggregated,323.700000,0.000000,5,7,8,9,14,22,42,59,160,270,310,64921,0,5,8.232034164140941,2.2931429994059727,306.8697830003657,224.02469154818934
1789571306,100,,Aggregated,324.200000,0.000000,5,7,8,9,14,22,42,58,160,270,310,65247,0,5,8.21864412808542,2.2931429994059727,306.8697830003657,224.02915076555243
1789571307,100,,Aggregated,324.800000,0.000000,5,7,8,9,14,22,42,58,160,270,310,65564,0,5,8.208731148971873,2.2931429994059727,306.8697830003657,224.03183149289245
1789571308,100,,Aggregated,325.600000,0.000000,5,7,8,9,14,22,42,58,160,270,310,65894,0,5,8.221152601438256,2.2931429994059727,306.8697830003657,224.03320484414363
1789571309,100,,Aggregated,323.900000,0.000000,5,7,8,9,14,22,42,58,150,270,310,66209,0,5,8.209141531093572,2.2931429994059727,306.8697830003657,224.02860638281805
1789571310,100,,Aggregated,323.300000,0.000000,5,7,8,9,14,22,42,58,150,270,310,66563,0,5,8.223229818731053,2.2931429994059727,306.8697830003657,224.02735754097623
1789571311,100,,Aggregated,324.700000,0.000000,5,7,8,9,14,22,42,58,150,270,310,66876,0,5,8.22495108969134,2.2931429994059727,306.8697830003657,224.02005203660505
1789571312,100,,Aggregated,324.800000,0.000000,5,7,8,9,14,22,42,58,150,270,310,67193,0,5,8.214929196332978,2.2931429994059727,306.8697830003657,224.01053681187028
1789571313,100,,Aggregated,323.700000,0.000000,5,7,8,9,14,22,42,58,150,270,310,67528,0,5,8.21512594481109,2.2931429994059727,306.8697830003657,224.00513860916953
1789571314,100,,Aggregated,324.300000,0.000000,5,7,8,9,14,22,42,58,150,270,310,67835,0,5,8.20815816978304,2.2931429994059727,306.8697830003657,224.01786688287757
1789571315,100,,Aggregated,325.200000,0.000000,5,7,8,9,14,22,42,58,150,270,310,68162,0,5,8.204363298204907,2.2931429994059727,306.8697830003657,224.0210381150788
1789571316,100,,Aggregated,324.200000,0.000000,5,7,8,9,14,22,42,58,150,270,310,68487,0,5,8.19486403360125,2.2931429994059727,306.8697830003657,224.02076306452318
1789571317,100,,Aggregated,322.300000,0.000000,5,7,8,9,14,22,41,58,150,270,310,68814,0,5,8.18258504654955,2.2931429994059727,306.8697830003657,224.02397767896068
1789571318,100,,Aggregated,322.400000,0.000000,5,7,8,9,14,22,41,57,150,270,310,69146,0,5,8.177787903367696,2.2931429994059727,306.8697830003657,224.01509848725885
1789571319,100,,Aggregated,323.700000,0.000000,5,7,8,9,14,21,41,57,150,270,310,69482,0,5,8.165529195723703,2.2931429994059727,306.8697830003657,224.01623442042543
1789571320,100,,Aggregated,324.500000,0.000000,5,7,8,9,14,21,41,57,150,270,310,69804,0,5,8.15662947716872,2.2931429994059727,306.8697830003657,224.01104521230874
1789571321,100,,Aggregated,324.200000,0.000000,5,7,8,9,14,21,41,57,140,260,310,70124,0,5,8.14831734559186,2.2931429994059727,306.8697830003657,224.00088414808053
1789571322,100,,Aggregated,322.900000,0.000000,5,7,8,9,14,21,41,57,140,260,310,70445,0,5,8.135662635521085,2.2931429994059727,306.8697830003657,223.99399531549435
1789571323,100,,Aggregated,324.400000,0.000000,5,7,8,9,14,21,41,57,140,260,310,70775,0,5,8.133470614062709,2.2931429994059727,306.8697830003657,223.99528081949842
1789571324,100,,Aggregated,323.300000,0.000000,5,7,8,9,14,21,41,57,140,260,310,71098,0,5,8.129521709278675,2.2931429994059727,306.8697830003657,223.9942473768601
1789571325,100,,Aggregated,323.100000,0.000000,5,7,8,9,14,21,41,56,140,260,310,71414,0,5,8.120157863546117,2.2931429994059727,306.8697830003657,223.99477693449464
1789571326,100,,Aggregated,324.300000,0.000000,5,7,8,9,14,21,41,56,140,260,310,71749,0,5,8.117189080325481,2.2931429994059727,306.8697830003657,223.99429957211947
1789571327,100,,Aggregated,325.100000,0.000000,5,7,8,9,14,21,41,56,140,260,310,72090,0,5,8.118546648027264,2.2931429994059727,306.8697830003657,224.00305174087944
1789571328,100,,Aggregated,324.800000,0.000000,5,7,8,9,14,21,41,56,140,260,310,72412,0,5,8.112171983542764,2.2931429994059727,306.8697830003657,224.01409987294923
1789571329,100,,Aggregated,324.800000,0.000000,5,7,8,9,14,21,41,56,140,260,310,72745,0,5,8.102909719806153,2.2931429994059727,306.8697830003657,224.0229843975531
1789571330,100,,Aggregated,325.000000,0.000000,5,7,8,9,14,21,41,56,140,260,310,73063,0,5,8.120310294366483,2.2931429994059727,306.8697830003657,224.0256764709908
1789571331,100,,Aggregated,325.800000,0.000000,5,7,8,9,14,21,41,56,140,260,310,73395,0,5,8.10974403692775,2.2931429994059727,306.8697830003657,224.02738606172082
1789571332,100,,Aggregated,325.000000,0.000000,5,7,8,9,14,21,41,56,140,260,310,73713,0,5,8.107430120295154,2.2931429994059727,306.8697830003657,224.02840747222336
1789571333,100,,Aggregated,324.800000,0.000000,5,7,8,9,14,21,41,56,140,260,310,74027,0,5,8.12405790655172,2.2931429994059727,306.8697830003657,224.03079957312872
1789571334,100,,Aggregated,325.000000,0.000000,5,7,8,9,14,21,41,56,140,260,310,74361,0,5,8.115199600574389,2.2931429994059727,306.8697830003657,224.02479794515943
1789571335,100,,Aggregated,323.700000,0.000000,5,7,8,9,14,21,41,56,140,260,310,74688,0,5,8.110368517316314,2.2931429994059727,306.8697830003657,224.0258274421594
1789571336,100,,Aggregated,324.800000,0.000000,5,7,8,9,14,21,41,56,140,260,310,75015,0,5,8.107620550281009,2.2931429994059727,306.8697830003657,224.02884756382056
1789571337,100,,Aggregated,325.500000,0.000000,5,7,8,9,14,21,41,56,140,260,310,75345,0,5,8.099842880713277,2.2931429994059727,306.8697830003657,224.02476607605016
1789571338,100,,Aggregated,324.900000,0.000000,5,7,8,9,14,21,41,56,140,260,310,75675,0,5,8.105563679925323,2.2931429994059727,306.8697830003657,224.02897918731418
1789571339,100,,Aggregated,325.900000,0.000000,5,7,8,9,14,21,41,56,140,260,310,76010,0,5,8.095020422290995,2.2931429994059727,306.8697830003657,224.03094329693462
1789571340,100,,Aggregated,325.600000,0.000000,5,7,8,9,14,21,41,56,140,260,310,76339,0,5,8.086711662404992,2.2931429994059727,306.8697830003657,224.02931660095103
1789571341,100,,Aggregated,325.400000,0.000000,5,7,8,9,14,21,41,56,140,260,310,76663,0,5,8.08136550468085,2.2931429994059727,306.8697830003657,224.03173630043176
1789571342,100,,Aggregated,327.000000,0.000000,5,7,8,9,14,21,41,56,140,260,310,76997,0,5,8.077441118437653,2.2931429994059727,306.8697830003657,224.03345584892918
1789571343,100,,Aggregated,326.300000,0.000000,5,7,8,9,14,21,41,56,140,260,310,77331,0,5,8.065999348325665,2.2931429994059727,306.8697830003657,224.04200126727963
1789571344,100,,Aggregated,327.400000,0.000000,5,7,8,9,14,21,41,56,140,260,310,77653,0,5,8.078885733665643,2.2931429994059727,306.8697830003657,224.04517533128146
1789571345,100,,Aggregated,329.300000,0.000000,5,7,8,9,14,21,41,56,140,260,310,77977,0,5,8.073169684796074,2.2931429994059727,306.8697830003657,224.04927093886658
1789571346,100,,Aggregated,329.100000,0.000000,5,7,8,9,14,21,41,55,130,260,310,78299,0,5,8.07149435543687,2.2931429994059727,306.8697830003657,224.04988569458104
1789571347,100,,Aggregated,328.500000,0.000000,5,7,8,9,14,21,41,55,130,260,310,78612,0,5,8.064029031946362,2.2931429994059727,306.8697830003657,224.05360504757545
1789571348,100,,Aggregated,328.000000,0.000000,5,7,8,9,14,21,41,55,130,260,310,78943,0,5,8.060262935134993,2.2931429994059727,306.8697830003657,224.05666113524947
1789571349,100,,Aggregated,325.700000,0.000000,5,7,8,9,14,21,41,55,130,260,310,79282,0,5,8.068321344660394,2.2931429994059727,306.8697830003657,224.0594334148987
1789571350,100,,Aggregated,326.400000,0.000000,5,7,8,9,14,21,41,55,130,260,310,79612,0,5,8.061396700979266,2.2931429994059727,306.8697830003657,224.05462744309904
1789571351,100,,Aggregated,325.600000,0.000000,5,7,8,9,14,21,40,55,130,260,310,79930,0,5,8.055714575458001,2.2931429994059727,306.8697830003657,224.05499812335793
1789571352,100,,Aggregated,325.700000,0.000000,5,7,8,9,14,21,40,55,130,260,310,80260,0,5,8.055574387868951,2.2931429994059727,306.8697830003657,224.04972589085472
1789571353,100,,Aggregated,326.100000,0.000000,5,7,8,9,14,21,40,55,130,260,310,80569,0,5,8.045867956513929,2.2931429994059727,306.8697830003657,224.05294840447317
1789571354,100,,Aggregated,325.000000,0.000000,5,7,8,9,14,21,40,55,130,260,310,80920,0,5,8.041504987201867,2.2931429994059727,306.8697830003657,224.04773850716757
1789571355,100,,Aggregated,323.800000,0.000000,5,7,8,9,14,21,40,55,130,260,310,81239,0,5,8.039130543437963,2.2931429994059727,306.8697830003657,224.05615529487068
1789571356,100,,Aggregated,323.700000,0.000000,5,7,8,9,14,21,40,55,130,260,310,81561,0,5,8.030140126976931,2.2931429994059727,306.8697830003657,224.05794436066256
1789571357,100,,Aggregated,325.400000,0.000000,5,7,8,9,14,21,40,55,130,260,310,81882,0,5,8.029590116404055,2.2931429994059727,306.8697830003657,224.05383356537456
1789571358,100,,Aggregated,325.700000,0.000000,5,7,8,9,14,21,40,55,130,260,310,82208,0,5,8.034794673223942,2.2931429994059727,306.8697830003657,224.0554812183729
1789571359,100,,Aggregated,325.500000,0.000000,5,7,8,9,14,21,40,55,130,260,310,82531,0,5,8.026587443292689,2.2931429994059727,306.8697830003657,224.05916564684784
1789571360,100,,Aggregated,325.200000,0.000000,5,7,8,9,14,21,40,55,130,260,310,82859,0,5,8.053652662539815,2.2931429994059727,306.8697830003657,224.05969176552938
1789571361,100,,Aggregated,325.200000,0.000000,5,7,8,9,14,21,40,55,130,260,310,83169,0,5,8.044597471201937,2.2931429994059727,306.8697830003657,224.05859154252187
1789571362,100,,Aggregated,324.700000,0.000000,5,7,8,9,14,21,40,55,130,260,310,83507,0,5,8.046687061724047,2.2931429994059727,306.8697830003657,224.06031829666975
1789571363,100,,Aggregated,322.700000,0.000000,5,7,8,9,14,21,40,55,130,260,310,83842,0,5,8.038545079523292,2.2931429994059727,306.8697830003657,224.06528947305645
1789571364,100,,Aggregated,324.300000,0.000000,5,7,8,9,14,21,40,55,130,260,310,84175,0,5,8.032557269716502,2.2931429994059727,306.8697830003657,224.06007722007723
1789571365,100,,Aggregated,326.000000,0.000000,5,7,8,9,14,21,40,55,130,260,310,84490,0,5,8.025253704229701,2.2931429994059727,306.8697830003657,224.06010178719376
1789571366,100,,Aggregated,325.300000,0.000000,5,7,8,9,14,21,40,55,130,260,310,84821,0,5,8.02552537074976,2.2931429994059727,306.8697830003657,224.05984367078906
1789571367,100,,Aggregated,323.800000,0.000000,5,7,8,9,14,21,40,55,120,260,310,85154,0,5,8.024703219594649,2.2931429994059727,306.8697830003657,224.06200530803017
1789571368,100,,Aggregated,325.000000,0.000000,5,7,8,9,14,21,40,55,120,260,310,85467,0,5,8.025275343388538,2.2931429994059727,306.8697830003657,224.06525325564252
1789571369,100,,Aggregated,327.400000,0.000000,5,7,8,9,14,21,40,55,120,260,310,85785,0,5,8.019939550299041,2.2779370010539424,306.8697830003657,224.06149093664393
1789571370,100,,Aggregated,325.800000,0.000000,5,7,8,9,14,21,40,55,120,260,310,86119,0,5,8.012707262885042,2.2779370010539424,306.8697830003657,224.05800113796028
1789571371,100,,Aggregated,324.900000,0.000000,5,7,8,9,14,21,40,55,120,260,310,86438,0,5,8.011234741819555,2.2779370010539424,306.8697830003657,224.06103796941161
1789571372,100,,Aggregated,324.900000,0.000000,5,7,8,9,14,21,40,55,120,260,310,86755,0,5,8.03353601443619,2.2779370010539424,306.8697830003657,224.06083799204657
1789571373,100,,Aggregated,326.500000,0.000000,5,7,8,9,14,21,40,55,120,260,310,87084,0,5,8.029790315113942,2.2779370010539424,306.8697830003657,224.05995360801066
1789571374,100,,Aggregated,323.600000,0.000000,5,7,8,9,14,21,40,55,120,260,310,87415,0,5,8.031200675243014,2.2779370010539424,306.8697830003657,224.05844534690843
1789571375,100,,Aggregated,324.000000,0.000000,5,7,8,9,14,21,40,55,120,260,310,87735,0,5,8.026765556304511,2.2779370010539424,306.8697830003657,224.05978229896849
1789571376,100,,Aggregated,323.500000,0.000000,5,7,8,9,14,21,40,55,120,260,310,88050,0,5,8.026166181707882,2.2779370010539424,306.8697830003657,224.05537762634867
1789571377,100,,Aggregated,324.600000,0.000000,5,7,8,9,14,21,40,54,120,260,310,88376,0,5,8.020500115397247,2.2779370010539424,306.8697830003657,224.06450846383635
1789571378,100,,Aggregated,321.300000,0.000000,5,7,8,9,14,21,40,54,120,260,310,88693,0,5,8.013029999609433,2.2779370010539424,306.8697830003657,224.0588434262005
1789571379,100,,Aggregated,319.900000,0.000000,5,7,8,9,14,21,40,54,120,260,310,89027,0,5,8.007266661836931,2.2779370010539424,306.8697830003657,224.0588023857931
1789571380,100,,Aggregated,320.900000,0.000000,5,7,8,9,14,21,40,54,120,260,310,89349,0,5,8.001333297612003,2.2779370010539424,306.8697830003657,224.05898219342131
1789571381,100,,Aggregated,322.400000,0.000000,5,7,8,9,14,21,39,54,120,260,310,89664,0,5,7.995235716668244,2.2779370010539424,306.8697830003657,224.0559756423983
1789571382,100,,Aggregated,322.500000,0.000000,5,7,8,9,14,21,39,54,120,260,310,89979,0,5,7.987640919162667,2.2779370010539424,306.8697830003657,224.0521232732082
1789571383,100,,Aggregated,321.200000,0.000000,5,7,8,9,14,21,39,54,120,250,310,90307,0,5,7.987589993093965,2.2779370010539424,306.8697830003657,224.0585447418251
1789571384,100,,Aggregated,322.000000,0.000000,5,7,8,9,14,21,39,54,120,250,310,90633,0,5,7.982225117301259,2.2779370010539424,306.8697830003657,224.05827899330265
1789571385,100,,Aggregated,321.300000,0.000000,5,7,8,9,14,21,39,54,120,250,310,90951,0,5,7.979155698490011,2.2779370010539424,306.8697830003657,224.0594495937373
1789571386,100,,Aggregated,321.300000,0.000000,5,7,8,9,14,21,39,54,120,250,310,91279,0,5,7.975776592977423,2.2779370010539424,306.8697830003657,224.05232309731701
1789571387,100,,Aggregated,319.800000,0.000000,5,7,8,9,14,21,39,54,120,250,310,91601,0,5,7.967562114271695,2.2779370010539424,306.8697830003657,224.05192083055863
1789571388,100,,Aggregated,322.800000,0.000000,5,7,8,9,14,21,40,55,140,250,310,91909,0,5,8.043449775597692,2.2779370010539424,306.8697830003657,224.0498863005799
1789571389,100,,Aggregated,322.200000,0.000000,5,7,8,9,14,21,40,55,140,250,310,92217,0,5,8.039257640211776,2.2779370010539424,306.8697830003657,224.04452541288484
1789571390,100,,Aggregated,320.300000,0.000000,5,7,8,9,14,21,40,55,140,250,310,92535,0,5,8.032836366903254,2.2779370010539424,306.8697830003657,224.04978656724484
1789571391,100,,Aggregated,319.100000,0.000000,5,7,8,9,14,21,40,55,140,250,310,92870,0,5,8.03636468981797,2.2779370010539424,306.8697830003657,224.0498115645526
1789571392,100,,Aggregated,317.100000,0.000000,5,7,8,9,14,21,40,55,140,250,310,93176,0,5,8.04106232010811,2.2779370010539424,306.8697830003657,224.046127758221
1789571393,100,,Aggregated,318.800000,0.000000,5,7,8,9,14,21,40,55,140,250,310,93503,0,5,8.04094930712816,2.2779370010539424,306.8697830003657,224.04978449889308
1789571394,100,,Aggregated,320.000000,0.000000,5,7,8,9,14,21,40,55,140,250,310,93833,0,5,8.034493419888552,2.2779370010539424,306.8697830003657,224.05694158771433
1789571395,100,,Aggregated,318.900000,0.000000,5,7,8,9,14,21,40,55,140,250,310,94166,0,5,8.030675864031577,2.2779370010539424,306.8697830003657,224.05780217913048
1789571396,100,,Aggregated,318.500000,0.000000,5,7,8,9,14,21,39,55,140,250,310,94499,0,5,8.020830571629313,2.2779370010539424,306.8697830003657,224.05155610112277
1789571397,100,,Aggregated,319.600000,0.000000,5,7,8,9,14,21,39,55,140,250,310,94824,0,5,8.020810632639373,2.2779370010539424,306.8697830003657,224.0580021935375
1789571398,100,,Aggregated,319.600000,0.000000,5,7,8,9,14,21,40,55,140,250,310,95149,0,5,8.031790006835786,2.2779370010539424,306.8697830003657,224.0505628015008
1789571399,100,,Aggregated,321.100000,0.000000,5,7,8,9,14,21,40,55,140,250,310,95472,0,5,8.029546345644937,2.2779370010539424,306.8697830003657,224.04513365175129
1789571400,100,,Aggregated,323.200000,0.000000,5,7,8,9,14,21,39,55,140,250,310,95813,0,5,8.021399284203875,2.2779370010539424,306.8697830003657,224.04539050024528
1789571401,100,,Aggregated,324.300000,0.000000,5,7,8,9,14,21,39,55,140,250,310,96129,0,5,8.016214208286813,2.2779370010539424,306.8697830003657,224.04360806832486
1789571402,100,,Aggregated,326.500000,0.000000,5,7,8,9,14,21,40,55,140,250,310,96441,0,5,8.029201050687886,2.2779370010539424,306.8697830003657,224.0493254943437
1789571403,100,,Aggregated,326.300000,0.000000,5,7,8,9,14,21,40,55,140,250,310,96762,0,5,8.048986146156365,2.2779370010539424,306.8697830003657,224.0546082139683
1789571404,100,,Aggregated,325.800000,0.000000,5,7,8,9,14,21,40,55,140,250,310,97088,0,5,8.04752012568366,2.2779370010539424,306.8697830003657,224.05686593605802
1789571405,100,,Aggregated,325.200000,0.000000,5,7,8,9,14,21,40,55,140,250,310,97409,0,5,8.041161315939817,2.2779370010539424,306.8697830003657,224.0607130757938
1789571406,100,,Aggregated,325.100000,0.000000,5,7,8,9,14,21,40,55,140,250,310,97736,0,5,8.040546055111376,2.2779370010539424,306.8697830003657,224.05693910125234
1789571407,100,,Aggregated,323.600000,0.000000,5,7,8,9,14,21,40,55,140,250,310,98052,0,5,8.03227508871191,2.2779370010539424,306.8697830003657,224.06257903969322
1789571408,100,,Aggregated,323.900000,0.000000,5,7,8,9,14,21,40,55,140,250,310,98375,0,5,8.034817320827212,2.2779370010539424,306.8697830003657,224.0632376111817
1789571409,100,,Aggregated,322.500000,0.000000,5,7,8,9,14,21,40,55,140,250,310,98697,0,5,8.031934609313367,2.2779370010539424,306.8697830003657,224.06419648013616
1789571410,100,,Aggregated,322.200000,0.000000,5,7,8,9,14,21,39,55,130,250,310,99031,0,5,8.025275521123763,2.2779370010539424,306.8697830003657,224.07062434995103
1789571411,100,,Aggregated,321.400000,0.000000,5,7,8,9,14,21,39,55,130,250,310,99373,0,5,8.024560753780355,2.2779370010539424,306.8697830003657,224.07551346945348
1789571412,100,,Aggregated,320.800000,0.000000,5,7,8,9,14,21,39,55,130,250,310,99685,0,5,8.02752994705743,2.2779370010539424,306.8697830003657,224.0671916537092
1789571413,100,,Aggregated,322.000000,0.000000,5,7,8,9,14,21,39,55,130,250,310,100004,0,5,8.02365114832833,2.2779370010539424,306.8697830003657,224.06167753289867
1789571414,100,,Aggregated,322.100000,0.000000,5,7,8,9,14,21,39,55,130,250,310,100332,0,5,8.020074779436516,2.2779370010539424,306.8697830003657,224.0560838017781
1789571415,100,,Aggregated,322.900000,0.000000,5,7,8,9,14,21,39,54,130,250,310,100658,0,5,8.012243894508673,2.2779370010539424,306.8697830003657,224.05949849987084
1789571416,100,,Aggregated,322.600000,0.000000,5,7,8,9,14,21,39,54,130,250,310,100992,0,5,8.021270865310532,2.2779370010539424,306.8697830003657,224.0619653041825
1789571417,100,,Aggregated,324.700000,0.000000,5,7,8,9,14,21,39,54,130,250,310,101321,0,5,8.019509476391162,2.2779370010539424,306.8697830003657,224.05901047166924
1789571418,100,,Aggregated,324.600000,0.000000,5,7,8,9,14,21,39,54,130,250,310,101645,0,5,8.01760824790605,2.2779370010539424,306.8697830003657,224.06402675980127
1789571419,100,,Aggregated,324.000000,0.000000,5,7,8,9,14,21,39,54,130,250,310,101985,0,5,8.017858924238043,2.2779370010539424,306.8697830003657,224.0647644261411
1789571420,100,,Aggregated,325.100000,0.000000,5,7,8,9,14,21,39,54,130,250,310,102307,0,5,8.016117249204873,2.2779370010539424,306.8697830003657,224.06783504550032
1789571421,100,,Aggregated,327.200000,0.000000,5,7,8,9,14,21,39,54,130,250,310,102630,0,5,8.0153472235058,2.2779370010539424,306.8697830003657,224.068011302738
1789571422,100,,Aggregated,327.400000,0.000000,5,7,8,9,14,21,39,54,130,250,310,102957,0,5,8.009251929663582,2.2779370010539424,306.8697830003657,224.07030119370222
1789571423,100,,Aggregated,326.000000,0.000000,5,7,8,9,14,21,39,54,130,250,310,103259,0,5,8.005303088770802,2.2779370010539424,306.8697830003657,224.07619674798323
1789571424,100,,Aggregated,325.300000,0.000000,5,7,8,9,14,21,39,54,130,250,310,103591,0,5,8.001762367728826,2.2779370010539424,306.8697830003657,224.07156992402815
1789571425,100,,Aggregated,324.400000,0.000000,5,7,8,9,14,21,39,54,130,250,310,103922,0,5,8.001576318521655,2.2779370010539424,306.8697830003657,224.0689748080291
1789571426,100,,Aggregated,326.500000,0.000000,5,7,8,9,14,21,39,54,130,250,310,104235,0,5,7.996294027019824,2.2779370010539424,306.8697830003657,224.06641723029693
1789571427,100,,Aggregated,325.200000,0.000000,5,7,8,9,14,21,39,54,130,250,310,104545,0,5,7.993010543798427,2.2779370010539424,306.8697830003657,224.06828638385383
1789571428,100,,Aggregated,324.700000,0.000000,5,7,8,9,14,21,39,53,130,250,310,104877,0,5,7.987537312579649,2.2779370010539424,306.8697830003657,224.07272328537238
1789571429,100,,Aggregated,324.800000,0.000000,5,7,8,9,14,21,39,53,130,250,310,105214,0,5,7.982984623770546,2.2779370010539424,306.8697830003657,224.07294656604634
1789571430,100,,Aggregated,323.900000,0.000000,5,7,8,9,14,21,39,53,130,250,310,105542,0,5,7.977412555934121,2.2779370010539424,306.8697830003657,224.064097705179
1789571431,100,,Aggregated,322.100000,0.000000,5,7,8,9,14,21,39,53,130,250,310,105879,0,5,7.973014734181585,2.2779370010539424,306.8697830003657,224.05833073602886
1789571432,100,,Aggregated,323.300000,0.000000,5,7,8,9,14,21,38,53,130,250,310,106213,0,5,7.968076629559516,2.2779370010539424,306.8697830003657,224.0571210680425
1789571433,100,,Aggregated,324.200000,0.000000,5,7,8,9,14,21,38,53,130,250,310,106551,0,5,7.963000617473346,2.2779370010539424,306.8697830003657,224.0597648074631
1789571434,100,,Aggregated,324.800000,0.000000,5,7,8,9,14,21,38,53,130,250,310,106885,0,5,7.961076449262323,2.2779370010539424,306.8697830003657,224.04967956214622
1789571435,100,,Aggregated,326.600000,0.000000,5,7,8,9,14,21,39,54,140,250,310,107172,0,5,8.011090062464186,2.2779370010539424,306.8697830003657,224.0458421975889
1789571436,100,,Aggregated,327.100000,0.000000,5,7,8,9,14,21,39,55,140,250,310,107504,0,5,8.038128975437408,2.2779370010539424,306.8697830003657,224.04365418961154
1789571437,100,,Aggregated,328.400000,0.000000,5,7,8,9,14,21,39,55,140,250,310,107829,0,5,8.041082535500019,2.2779370010539424,306.8697830003657,224.0481317641822
1789571438,100,,Aggregated,325.900000,0.000000,5,7,8,9,14,21,39,55,140,250,310,108165,0,5,8.040842321207881,2.2779370010539424,306.8697830003657,224.04337817223686
1789571439,100,,Aggregated,326.900000,0.000000,5,7,8,9,14,21,39,55,140,250,310,108493,0,5,8.036688779372334,2.2779370010539424,306.8697830003657,224.04665738803425
1789571440,100,,Aggregated,326.700000,0.000000,5,7,8,9,14,21,39,54,140,250,310,108828,0,5,8.035659442739362,2.2779370010539424,306.8697830003657,224.0525232476936
1789571441,100,,Aggregated,327.000000,0.000000,5,7,8,9,14,21,39,54,140,250,310,109160,0,5,8.029712644406633,2.2779370010539424,306.8697830003657,224.0509527299377
1789571442,100,,Aggregated,325.900000,0.000000,5,7,8,9,14,21,39,54,140,250,310,109494,0,5,8.02677430307068,2.2779370010539424,306.8697830003657,224.05180192521965
1789571443,100,,Aggregated,326.400000,0.000000,5,7,8,9,14,21,39,54,140,250,310,109828,0,5,8.019421508772217,2.2779370010539424,306.8697830003657,224.05487671632005
1789571444,100,,Aggregated,326.900000,0.000000,5,7,8,9,14,21,39,54,140,250,310,110138,0,5,8.034806696902324,2.2779370010539424,306.8697830003657,224.05516715393415
1789571445,100,,Aggregated,326.500000,0.000000,5,7,8,9,14,21,39,55,140,250,310,110465,0,5,8.039248181002446,2.2779370010539424,306.8697830003657,224.05697732313402
1789571446,100,,Aggregated,325.800000,0.000000,5,7,8,9,14,21,39,55,140,250,310,110802,0,5,8.031548552972046,2.2779370010539424,306.8697830003657,224.05895200447645
1789571447,100,,Aggregated,324.200000,0.000000,5,7,8,9,14,21,39,55,140,250,310,111117,0,5,8.027804554194274,2.2779370010539424,306.8697830003657,224.0634016397131
1789571448,100,,Aggregated,327.800000,0.000000,5,7,8,9,14,21,39,54,140,250,310,111447,0,5,8.026716496275478,2.2779370010539424,306.8697830003657,224.06337541611708
1789571449,100,,Aggregated,327.400000,0.000000,5,7,8,9,14,21,39,55,140,250,310,111761,0,5,8.028776543314796,2.2779370010539424,306.8697830003657,224.0702481187534
1789571450,100,,Aggregated,326.700000,0.000000,5,7,8,9,14,21,39,55,140,250,310,112098,0,5,8.022327029138768,2.2779370010539424,306.8697830003657,224.06939463683563
1789571451,100,,Aggregated,326.500000,0.000000,5,7,8,9,14,21,39,54,140,250,310,112432,0,5,8.024869947989805,2.2779370010539424,306.8697830003657,224.06650241924007
1789571452,100,,Aggregated,326.500000,0.000000,5,7,8,9,14,21,39,54,140,250,310,112762,0,5,8.027449512090708,2.2779370010539424,306.8697830003657,224.06796615881237
1789571453,100,,Aggregated,325.800000,0.000000,5,7,8,9,14,21,39,54,140,250,310,113079,0,5,8.019786261289772,2.2779370010539424,306.8697830003657,224.060302974027
1789571454,100,,Aggregated,326.600000,0.000000,5,7,8,9,14,21,39,54,140,250,310,113415,0,5,8.01708569291883,2.2779370010539424,306.8697830003657,224.06236388484768
1789571455,100,,Aggregated,325.800000,0.000000,5,7,8,9,14,21,39,54,140,250,310,113753,0,5,8.015721089275695,2.2779370010539424,306.8697830003657,224.05309750072524
1789571456,100,,Aggregated,326.200000,0.000000,5,7,8,9,14,21,39,54,130,250,310,114073,0,5,8.010807772166741,2.2779370010539424,306.8697830003657,224.04867935444847
1789571457,100,,Aggregated,327.200000,0.000000,5,7,8,9,14,21,39,54,130,250,310,114401,0,5,8.008722501555102,2.2779370010539424,306.8697830003657,224.05575126091554
1789571458,100,,Aggregated,325.800000,0.000000,5,7,8,9,14,21,39,54,130,250,310,114718,0,5,8.008316630976884,2.2779370010539424,306.8697830003657,224.05707038128278
1789571459,100,,Aggregated,326.300000,0.000000,5,7,8,9,14,21,39,54,130,250,310,115053,0,5,8.001531486344378,2.2779370010539424,306.8697830003657,224.05846001408048
1789571460,100,,Aggregated,326.800000,0.000000,5,7,8,9,14,21,39,54,130,250,310,115382,0,5,8.000527342387901,2.2779370010539424,306.8697830003657,224.05892600232272
1789571461,100,,Aggregated,327.200000,0.000000,5,7,8,9,14,21,39,54,130,250,310,115708,0,5,7.997688370202392,2.2779370010539424,306.8697830003657,224.05611539392262
1789571462,100,,Aggregated,327.200000,0.000000,5,7,8,9,14,21,39,54,130,250,310,116015,0,5,7.995627687285114,2.2779370010539424,306.8697830003657,224.0599060466319
1789571463,100,,Aggregated,328.300000,0.000000,5,7,8,9,14,21,39,54,130,250,310,116338,0,5,7.994403410281977,2.2779370010539424,306.8697830003657,224.05893173339751
1789571464,100,,Aggregated,325.200000,0.000000,5,7,8,9,14,21,39,54,130,250,310,116653,0,5,7.999142758577977,2.2779370010539424,306.8697830003657,224.05699810549237
1789571465,100,,Aggregated,324.000000,0.000000,5,7,8,9,14,21,39,54,130,250,310,116990,0,5,7.997957818372696,2.2779370010539424,306.8697830003657,224.05326096247543
1789571466,100,,Aggregated,323.200000,0.000000,5,7,8,9,14,21,39,54,130,250,310,117326,0,5,7.997941013930379,2.2779370010539424,306.8697830003657,224.05134411809829
1789571467,100,,Aggregated,324.300000,0.000000,5,7,8,9,14,21,39,54,130,250,310,117638,0,5,7.9949011730427815,2.2779370010539424,306.8697830003657,224.0497713323926
1789571468,100,,Aggregated,324.800000,0.000000,5,7,8,9,14,21,39,54,130,250,310,117962,0,5,7.991546885220667,2.2779370010539424,306.8697830003657,224.04893101168173
1789571469,100,,Aggregated,324.300000,0.000000,5,7,8,9,14,21,39,54,130,250,310,118290,0,5,7.987163008220429,2.2779370010539424,306.8697830003657,224.05279398089442
1789571470,100,,Aggregated,324.500000,0.000000,5,7,8,9,14,21,39,53,130,250,310,118596,0,5,7.984688218138878,2.2779370010539424,306.8697830003657,224.04818880906606
1789571471,100,,Aggregated,323.000000,0.000000,5,7,8,9,14,21,38,53,130,250,310,118930,0,5,7.9795004986328095,2.2779370010539424,306.8697830003657,224.04799461868325
1789571472,100,,Aggregated,321.900000,0.000000,5,7,8,9,14,21,38,53,130,250,310,119250,0,5,7.97522008236833,2.2779370010539424,306.8697830003657,224.0435890985325
1789571473,100,,Aggregated,319.300000,0.000000,5,7,8,9,14,21,38,53,130,250,310,119573,0,5,7.973307860164265,2.2779370010539424,306.8697830003657,224.0411380495597
1789571474,100,,Aggregated,322.000000,0.000000,5,7,8,9,14,21,38,53,130,250,310,119887,0,5,7.968873850262437,2.2779370010539424,306.8697830003657,224.04398308407085
1789571475,100,,Aggregated,324.200000,0.000000,5,7,8,9,14,21,38,53,130,250,310,120204,0,5,7.975499335499588,2.2779370010539424,306.8697830003657,224.03961598615686
1789571476,100,,Aggregated,323.800000,0.000000,5,7,8,9,14,21,38,53,130,250,310,120530,0,5,7.975128849235803,2.2779370010539424,306.8697830003657,224.03440637185764
1789571477,100,,Aggregated,320.500000,0.000000,5,7,8,9,14,21,38,53,130,250,310,120852,0,5,7.96945300270898,2.2779370010539424,306.8697830003657,224.02963955913017
1789571478,100,,Aggregated,320.400000,0.000000,5,7,8,9,14,21,38,53,130,250,310,121180,0,5,7.9667122062252576,2.2779370010539424,306.8697830003657,224.02809869615447
1789571479,100,,Aggregated,319.400000,0.000000,5,7,8,9,14,21,38,53,130,250,310,121507,0,5,7.965186565591851,2.2779370010539424,306.8697830003657,224.03054145028682
1789571480,100,,Aggregated,319.700000,0.000000,5,7,8,9,14,21,39,54,130,250,310,121826,0,5,7.980394032155445,2.2779370010539424,306.8697830003657,224.02465811895655
1789571481,100,,Aggregated,322.500000,0.000000,5,7,8,9,14,21,39,54,130,250,310,122152,0,5,7.978543985070861,2.2779370010539424,306.8697830003657,224.0230696181806
1789571482,100,,Aggregated,322.700000,0.000000,5,7,8,9,14,21,39,53,130,250,310,122459,0,5,7.9796103311587885,2.2779370010539424,306.8697830003657,224.02259531761652
1789571483,100,,Aggregated,321.200000,0.000000,5,7,8,9,14,21,38,53,130,250,310,122778,0,5,7.973836057537917,2.2779370010539424,306.8697830003657,224.02350583980842
1789571484,100,,Aggregated,320.800000,0.000000,5,7,8,9,14,21,39,53,130,250,310,123101,0,5,7.982986903131466,2.2779370010539424,306.8697830003657,224.01708353303385
1789571485,100,,Aggregated,318.800000,0.000000,5,7,8,9,14,21,39,53,130,250,310,123419,0,5,7.976817940968389,2.2779370010539424,306.8697830003657,224.01483564118976
1789571486,100,,Aggregated,319.600000,0.000000,5,7,8,9,14,21,39,53,130,250,310,123748,0,5,7.97375344108506,2.2779370010539424,306.8697830003657,224.01720431845362
1789571487,100,,Aggregated,320.400000,0.000000,5,7,8,9,14,21,39,53,130,250,310,124072,0,5,7.9742439858176954,2.2779370010539424,306.8697830003657,224.0179008962538
1789571488,100,,Aggregated,319.800000,0.000000,5,7,8,9,14,21,39,53,130,250,310,124394,0,5,7.966246432748815,2.2779370010539424,306.8697830003657,224.0137466437288
1789571489,100,,Aggregated,322.400000,0.000000,5,7,8,9,14,21,39,53,130,250,310,124705,0,5,7.968971916758405,2.2779370010539424,306.8697830003657,224.01536425965278
1789571490,100,,Aggregated,320.900000,0.000000,5,7,8,9,14,21,39,53,130,250,310,125026,0,5,7.964331908325675,2.2779370010539424,306.8697830003657,224.01221345960042
1789571491,100,,Aggregated,318.400000,0.000000,5,7,8,9,14,21,38,53,130,250,310,125350,0,5,7.960989095431461,2.2779370010539424,306.8697830003657,224.0132987634623
1789571492,100,,Aggregated,318.300000,0.000000,5,7,8,9,14,21,38,53,130,250,310,125670,0,5,7.9620688000344995,2.2779370010539424,306.8697830003657,224.0122941036047
1789571493,100,,Aggregated,320.100000,0.000000,5,7,8,9,14,21,38,53,130,250,310,126001,0,5,7.958018298539934,2.2779370010539424,306.8697830003657,224.01170625629956
1789571494,100,,Aggregated,318.700000,0.000000,5,7,8,9,14,21,38,53,130,250,310,126327,0,5,7.953856698198685,2.2779370010539424,306.8697830003657,224.01708265058141
1789571495,100,,Aggregated,320.500000,0.000000,5,7,8,9,14,21,38,53,130,250,310,126649,0,5,7.957379468960332,2.2779370010539424,306.8697830003657,224.0192816366493
1789571496,100,,Aggregated,320.400000,0.000000,5,7,8,9,14,21,38,53,130,250,310,126962,0,5,7.954587387496744,2.2779370010539424,306.8697830003657,224.0170444699989
1789571497,100,,Aggregated,321.700000,0.000000,5,7,8,9,14,21,38,53,130,250,310,127288,0,5,7.953066118089389,2.2779370010539424,306.8697830003657,224.0107080007542
1789571498,100,,Aggregated,321.000000,0.000000,5,7,8,9,14,21,39,53,130,250,310,127617,0,5,7.964099570639997,2.2779370010539424,306.8697830003657,224.00940313594583
1789571499,100,,Aggregated,319.400000,0.000000,5,7,8,9,14,21,39,54,130,250,310,127938,0,5,7.979939159064207,2.2779370010539424,306.8697830003657,224.01059106754835
1789571500,100,,Aggregated,320.600000,0.000000,5,7,8,9,14,21,39,54,130,250,310,128250,0,5,7.977639226318651,2.2779370010539424,306.8697830003657,224.00925536062377
1789571501,100,,Aggregated,321.600000,0.000000,5,7,8,9,14,21,39,54,130,250,310,128577,0,5,7.974915274935379,2.2779370010539424,306.8697830003657,224.01291832909462
1789571502,100,,Aggregated,322.000000,0.000000,5,7,8,9,14,21,39,53,130,250,310,128911,0,5,7.9709394032965655,2.2779370010539424,306.8697830003657,224.0129779460248
1789571503,100,,Aggregated,321.700000,0.000000,5,7,8,9,14,21,39,53,130,250,310,129228,0,5,7.967099310361201,2.2779370010539424,306.8697830003657,224.01021450459652
1789571504,100,,Aggregated,323.100000,0.000000,5,7,8,9,14,21,39,54,130,250,310,129548,0,5,7.978176826483988,2.2779370010539424,306.8697830003657,224.0064995214129
1789571505,100,,Aggregated,323.600000,0.000000,5,7,8,9,14,21,39,54,130,250,310,129877,0,5,7.9764333451679175,2.2779370010539424,306.8697830003657,224.0122962495284
1789571506,100,,Aggregated,322.600000,0.000000,5,7,8,9,14,21,39,54,130,240,310,130193,0,5,7.973453572883083,2.2779370010539424,306.8697830003657,224.008087992442
1789571507,100,,Aggregated,321.500000,0.000000,5,7,8,9,14,21,39,54,130,240,310,130540,0,5,7.969680884383199,2.2779370010539424,306.8697830003657,224.00720085797457
1789571508,100,,Aggregated,322.400000,0.000000,5,7,8,9,14,21,39,54,130,240,310,130867,0,5,7.968230246038931,2.2779370010539424,306.8697830003657,224.0107666562235
1789571509,100,,Aggregated,322.600000,0.000000,5,7,8,9,14,21,39,53,130,240,310,131199,0,5,7.966018788850453,2.2779370010539424,306.8697830003657,224.0110824015427
1789571510,100,,Aggregated,324.400000,0.000000,5,7,8,9,14,21,39,53,130,240,310,131514,0,5,7.964361973648437,2.2779370010539424,306.8697830003657,224.01542041151512
1789571511,100,,Aggregated,325.000000,0.000000,5,7,8,9,14,21,39,53,130,240,310,131839,0,5,7.962003251559874,2.2779370010539424,306.8697830003657,224.01865153710207
1789571512,100,,Aggregated,325.200000,0.000000,5,7,8,9,14,21,38,53,130,240,310,132167,0,5,7.960849968822884,2.2779370010539424,306.8697830003657,224.02002769223785
1789571513,100,,Aggregated,324.900000,0.000000,5,7,8,9,14,21,39,53,130,240,310,132467,0,5,7.965107685879486,2.2779370010539424,306.8697830003657,224.02146949806368
1789571514,100,,Aggregated,324.600000,0.000000,5,7,8,9,14,21,39,53,130,240,310,132790,0,5,7.961789324191731,2.2779370010539424,306.8697830003657,224.01925596806987
1789571515,100,,Aggregated,324.700000,0.000000,5,7,8,9,14,21,38,53,130,240,310,133114,0,5,7.958325251081127,2.2779370010539424,306.8697830003657,224.0231681115435
1789571516,100,,Aggregated,322.400000,0.000000,5,7,8,9,14,21,38,53,130,240,310,133451,0,5,7.955892857074206,2.2779370010539424,306.8697830003657,224.02112385819515
1789571517,100,,Aggregated,322.400000,0.000000,5,7,8,9,14,21,38,53,130,240,310,133781,0,5,7.951363870171302,2.2779370010539424,306.8697830003657,224.01979354317876
1789571518,100,,Aggregated,322.700000,0.000000,5,7,8,9,14,21,38,53,130,240,310,134104,0,5,7.946221237497782,2.2779370010539424,306.8697830003657,224.01468263437332
1789571519,100,,Aggregated,324.200000,0.000000,5,7,8,9,14,20,38,53,130,240,310,134431,0,5,7.94081061747959,2.2779370010539424,306.8697830003657,224.01430473625874
1789571520,100,,Aggregated,322.900000,0.000000,5,7,8,9,14,21,38,53,130,240,310,134752,0,5,7.9531509339705675,2.2779370010539424,306.8697830003657,224.00937277368797
1789571521,100,,Aggregated,323.000000,0.000000,5,7,8,9,14,21,39,54,130,240,310,135081,0,5,7.967181844733113,2.2779370010539424,306.8697830003657,224.0077657109438
1789571522,100,,Aggregated,321.500000,0.000000,5,7,8,9,14,21,39,54,130,240,310,135419,0,5,7.967379229291107,2.2779370010539424,306.8697830003657,224.01290808527608
1789571523,100,,Aggregated,323.900000,0.000000,5,7,8,9,14,21,39,54,130,240,310,135723,0,5,7.9613813406377,2.2779370010539424,306.8697830003657,224.00965937976613
1789571524,100,,Aggregated,323.300000,0.000000,5,7,8,9,14,21,39,54,120,240,310,136053,0,5,7.9682372809667426,2.2779370010539424,306.8697830003657,224.01252453088134
1789571525,100,,Aggregated,323.600000,0.000000,5,7,8,9,14,21,39,54,120,240,310,136384,0,5,7.963086738373669,2.2779370010539424,306.8697830003657,224.01099835757861
1789571526,100,,Aggregated,325.300000,0.000000,5,7,8,9,14,21,39,54,120,240,310,136717,0,5,7.959671229959158,2.2779370010539424,306.8697830003657,224.00836764996305
1789571527,100,,Aggregated,325.900000,0.000000,5,7,8,9,14,21,39,54,120,240,310,137050,0,5,7.960421884825383,2.2779370010539424,306.8697830003657,224.0131338927399
1789571528,100,,Aggregated,326.500000,0.000000,5,7,8,9,14,21,39,54,120,240,310,137366,0,5,7.956987051179425,2.2779370010539424,306.8697830003657,224.02004862920955
1789571529,100,,Aggregated,325.400000,0.000000,5,7,8,9,14,21,39,54,120,240,310,137678,0,5,7.953944980166127,2.2779370010539424,306.8697830003657,224.0173157657723
1789571530,100,,Aggregated,325.100000,0.000000,5,7,8,9,14,21,39,54,120,240,310,138006,0,5,7.9572560333195765,2.2779370010539424,306.8697830003657,224.0173760561135
1789571531,100,,Aggregated,323.500000,0.000000,5,7,8,9,14,21,39,54,120,240,310,138331,0,5,7.952291955702517,2.2779370010539424,306.8697830003657,224.01906297214651
1789571532,100,,Aggregated,322.500000,0.000000,5,7,8,9,14,21,39,53,120,240,310,138674,0,5,7.949202347572507,2.2779370010539424,306.8697830003657,224.01987394897384
1789571533,100,,Aggregated,324.000000,0.000000,5,7,8,9,14,21,39,53,120,240,310,138995,0,5,7.954010866989878,2.2779370010539424,306.8697830003657,224.02386416777583
1789571534,100,,Aggregated,324.600000,0.000000,5,7,8,9,14,21,38,53,120,240,310,139320,0,5,7.954832343864906,2.2779370010539424,306.8697830003657,224.02287539477462
1789571535,100,,Aggregated,324.100000,0.000000,5,7,8,9,14,21,38,53,120,240,310,139645,0,5,7.951070034331751,2.2779370010539424,306.8697830003657,224.0274052060582
1789571536,100,,Aggregated,325.000000,0.000000,5,7,8,9,14,21,38,53,120,240,310,139970,0,5,7.949829834080526,2.2779370010539424,306.8697830003657,224.02654140172893
1789571537,100,,Aggregated,325.900000,0.000000,5,7,8,9,14,21,38,53,120,240,310,140299,0,5,7.946914219924929,2.2779370010539424,306.8697830003657,224.0253529961012
1789571538,100,,Aggregated,325.600000,0.000000,5,7,8,9,14,21,38,53,120,240,310,140630,0,5,7.941206623574202,2.2779370010539424,306.8697830003657,224.02393514897247
1789571539,100,,Aggregated,324.500000,0.000000,5,7,8,9,14,21,38,53,120,240,310,140940,0,5,7.93796868162514,2.2779370010539424,306.8697830003657,224.02125727259826
1789571540,100,,Aggregated,324.800000,0.000000,5,7,8,9,14,21,38,53,120,240,310,141263,0,5,7.935790029988253,2.2779370010539424,306.8697830003657,224.02373586855722
1789571541,100,,Aggregated,325.700000,0.000000,5,7,8,9,14,21,39,54,130,240,310,141582,0,5,7.979264496893917,2.2779370010539424,306.8697830003657,224.0256953567544
1789571542,100,,Aggregated,326.800000,0.000000,5,7,8,9,14,21,39,54,130,240,310,141908,0,5,7.974995527138905,2.2779370010539424,306.8697830003657,224.0283352594639
1789571543,100,,Aggregated,324.300000,0.000000,5,7,8,9,14,21,39,54,130,240,310,142230,0,5,7.96959022538313,2.2779370010539424,306.8697830003657,224.02594389369332
1789571544,100,,Aggregated,322.600000,0.000000,5,7,8,9,14,21,39,54,130,240,310,142566,0,5,7.9665093476513515,2.2779370010539424,306.8697830003657,224.02822552361712
1789571545,100,,Aggregated,322.200000,0.000000,5,7,8,9,14,21,39,54,130,240,310,142890,0,5,7.964631936729378,2.2779370010539424,306.8697830003657,224.0238015256491
1789571546,100,,Aggregated,323.200000,0.000000,5,7,8,9,14,21,38,54,130,240,310,143201,0,5,7.963521733872437,2.2779370010539424,306.8697830003657,224.0278559507266
1789571547,100,,Aggregated,322.900000,0.000000,5,7,8,9,14,21,38,54,130,240,310,143533,0,5,7.966877309693711,2.2779370010539424,306.8697830003657,224.02810503507905
1789571548,100,,Aggregated,322.400000,0.000000,5,7,8,9,14,21,38,54,130,240,310,143851,0,5,7.961534410058056,2.2779370010539424,306.8697830003657,224.0252344439733
1789571549,100,,Aggregated,322.300000,0.000000,5,7,8,9,14,21,38,54,130,240,310,144191,0,5,7.958618223240546,2.2779370010539424,306.8697830003657,224.02814322669238
1789571550,100,,Aggregated,321.600000,0.000000,5,7,8,9,14,21,38,53,130,240,310,144504,0,5,7.954738657208534,2.2779370010539424,306.8697830003657,224.03590212035652
1789571551,100,,Aggregated,321.900000,0.000000,5,7,8,9,14,21,38,53,130,240,310,144838,0,5,7.950457592884977,2.2779370010539424,306.8697830003657,224.03215316422487
1789571552,100,,Aggregated,323.200000,0.000000,5,7,8,9,14,21,38,53,130,240,310,145164,0,5,7.947802098290867,2.2779370010539424,306.8697830003657,224.0342164724036
1789571553,100,,Aggregated,323.800000,0.000000,5,7,8,9,14,20,38,53,130,240,310,145487,0,5,7.944837940910894,2.2779370010539424,306.8697830003657,224.03132238619258
1789571554,100,,Aggregated,325.000000,0.000000,5,7,8,9,14,20,38,53,130,240,310,145818,0,5,7.940657649832685,2.2779370010539424,306.8697830003657,224.0326845794072
1789571555,100,,Aggregated,324.800000,0.000000,5,7,8,9,14,20,38,53,130,240,310,146138,0,5,7.938105220492234,2.2779370010539424,306.8697830003657,224.03404316467996
1789571556,100,,Aggregated,324.400000,0.000000,5,7,8,9,14,20,38,53,130,240,310,146456,0,5,7.938418212898802,2.2779370010539424,306.8697830003657,224.03476129349428
1789571557,100,,Aggregated,325.000000,0.000000,5,7,8,9,14,20,38,53,130,240,310,146781,0,5,7.934492102896968,2.2779370010539424,306.8697830003657,224.03595833248173
1789571558,100,,Aggregated,323.500000,0.000000,5,7,8,9,14,21,38,53,130,240,310,147113,0,5,7.943259597794343,2.2779370010539424,306.8697830003657,224.03272314479347
1789571559,100,,Aggregated,324.800000,0.000000,5,7,8,9,14,21,38,53,130,240,310,147432,0,5,7.943587463341274,2.2779370010539424,306.8697830003657,224.03401568180584
1789571560,100,,Aggregated,323.900000,0.000000,5,7,8,9,14,20,38,53,130,240,310,147751,0,5,7.938923111662975,2.2779370010539424,306.8697830003657,224.030943953002
1789571561,100,,Aggregated,324.900000,0.000000,5,7,8,9,14,20,38,53,130,240,310,148077,0,5,7.936349840956395,2.2779370010539424,306.8697830003657,224.0320846586573
1789571562,100,,Aggregated,324.800000,0.000000,5,7,8,9,14,20,38,53,130,240,310,148404,0,5,7.935496711317133,2.2779370010539424,306.8697830003657,224.03316622193472
1789571563,100,,Aggregated,323.500000,0.000000,5,7,8,9,14,20,38,53,130,240,310,148733,0,5,7.930551855051105,2.2779370010539424,306.8697830003657,224.030934627823
1789571564,100,,Aggregated,323.800000,0.000000,5,7,8,9,14,20,38,53,130,240,310,149042,0,5,7.931518332854667,2.2779370010539424,306.8697830003657,224.03059540263817
1789571565,100,,Aggregated,323.000000,0.000000,5,7,8,9,14,20,38,53,130,240,310,149362,0,5,7.9277580816828985,2.2779370010539424,306.8697830003657,224.0299005101699
1789571566,100,,Aggregated,323.300000,0.000000,5,7,8,9,14,20,38,53,130,240,310,149683,0,5,7.924672104984244,2.2779370010539424,306.8697830003657,224.02864052698035
1789571567,100,,Aggregated,320.100000,0.000000,5,7,8,9,14,20,38,53,130,240,310,150023,0,5,7.922271795880287,2.2779370010539424,306.8697830003657,224.03195510021797
1789571568,100,,Aggregated,321.900000,0.000000,5,7,8,9,14,20,38,53,130,240,310,150347,0,5,7.918098667005961,2.2779370010539424,306.8697830003657,224.0344669331613
1789571569,100,,Aggregated,321.900000,0.000000,5,7,8,9,14,20,38,53,130,240,310,150685,0,5,7.913768695220738,2.2779370010539424,306.8697830003657,224.0328566214288
1789571570,100,,Aggregated,323.800000,0.000000,5,7,8,9,14,20,38,53,130,240,310,151021,0,5,7.910856786151048,2.2779370010539424,306.8697830003657,224.02883042755644
1789571571,100,,Aggregated,322.200000,0.000000,5,7,8,9,14,20,38,53,130,240,310,151335,0,5,7.916313330091107,2.2779370010539424,306.8697830003657,224.0282750189976
1789571572,100,,Aggregated,323.800000,0.000000,5,7,8,9,14,20,38,53,130,240,310,151662,0,5,7.921297889724047,2.2779370010539424,306.8697830003657,224.02547770700636
1789571573,100,,Aggregated,325.700000,0.000000,5,7,8,9,14,20,38,53,130,240,310,151998,0,5,7.917617331493383,2.2779370010539424,306.8697830003657,224.0278293135436
1789571574,100,,Aggregated,325.500000,0.000000,5,7,8,9,14,20,38,53,130,240,310,152318,0,5,7.914980237892676,2.2779370010539424,306.8697830003657,224.0258603710658
1789571575,100,,Aggregated,326.100000,0.000000,5,7,8,9,14,20,38,53,130,240,310,152638,0,5,7.91337021957396,2.2779370010539424,306.8697830003657,224.02477757832256
1789571576,100,,Aggregated,325.800000,0.000000,5,7,8,9,14,20,38,53,130,240,310,152960,0,5,7.911181634926358,2.2779370010539424,306.8697830003657,224.02459466527196
1789571577,100,,Aggregated,327.800000,0.000000,5,7,8,9,14,20,38,53,120,240,310,153288,0,5,7.914048876763433,2.2779370010539424,306.8697830003657,224.0261533844789
1789571578,100,,Aggregated,327.300000,0.000000,5,7,8,9,14,20,38,53,120,240,310,153623,0,5,7.908360291325586,2.2779370010539424,306.8697830003657,224.02878475228317
1789571579,100,,Aggregated,326.700000,0.000000,5,7,8,9,14,20,38,53,120,240,310,153945,0,5,7.912633473969906,2.2779370010539424,306.8697830003657,224.03066030075675
1789571580,100,,Aggregated,326.100000,0.000000,5,7,8,9,14,20,38,53,120,240,310,154270,0,5,7.910272386570829,2.2779370010539424,306.8697830003657,224.0358267971738
1789571581,100,,Aggregated,326.400000,0.000000,5,7,8,9,14,20,38,53,120,240,310,154605,0,5,7.9056778956002205,2.2779370010539424,306.8697830003657,224.03794831991203
1789571582,100,,Aggregated,325.100000,0.000000,5,7,8,9,14,20,38,53,120,240,310,154927,0,5,7.904072967225022,2.2779370010539424,306.8697830003657,224.03824381805626
1789571583,100,,Aggregated,324.400000,0.000000,5,7,8,9,13,20,38,53,120,240,310,155262,0,5,7.902389112031795,2.2779370010539424,306.8697830003657,224.0367829861782
1789571584,100,,Aggregated,325.100000,0.000000,5,7,8,9,13,20,38,53,120,240,310,155602,0,5,7.898764609486322,2.2779370010539424,306.8697830003657,224.0361563476048
1789571585,100,,Aggregated,324.600000,0.000000,5,7,8,9,13,20,38,52,120,240,310,155922,0,5,7.896323808611478,2.2779370010539424,306.8697830003657,224.03921832711228
1789571586,100,,Aggregated,325.600000,0.000000,5,7,8,9,13,20,38,52,120,240,310,156232,0,5,7.896517708058144,2.2779370010539424,306.8697830003657,224.04290414255723
1789571587,100,,Aggregated,327.200000,0.000000,5,7,8,9,13,20,38,52,120,240,310,156562,0,5,7.893222110456851,2.2779370010539424,306.8697830003657,224.03582606251837
1789571588,100,,Aggregated,326.700000,0.000000,5,7,8,9,14,20,38,53,120,240,310,156895,0,5,7.911852208051971,2.2779370010539424,306.8697830003657,224.03153064151184
1789571589,100,,Aggregated,326.100000,0.000000,5,7,8,9,14,21,38,53,120,240,310,157223,0,5,7.914598718217423,2.2779370010539424,306.8697830003657,224.02786487982038
1789571590,100,,Aggregated,325.300000,0.000000,5,7,8,9,14,20,38,53,120,240,310,157554,0,5,7.910123191352176,2.2779370010539424,306.8697830003657,224.03020551683866
1789571591,100,,Aggregated,326.500000,0.000000,5,7,8,9,14,21,38,53,120,240,310,157885,0,5,7.90974735612821,2.2779370010539424,306.8697830003657,224.03487348386483
1789571592,100,,Aggregated,327.400000,0.000000,5,7,8,9,14,20,38,53,120,240,310,158210,0,5,7.907613067089835,2.2779370010539424,306.8697830003657,224.03437203716578
1789571593,100,,Aggregated,327.300000,0.000000,5,7,8,9,14,20,38,53,120,240,310,158529,0,5,7.906502508463733,2.2779370010539424,306.8697830003657,224.03178598237545
1789571594,100,,Aggregated,326.600000,0.000000,5,7,8,9,14,20,38,53,120,240,310,158855,0,5,7.9033504951512725,2.2779370010539424,306.8697830003657,224.03261464857889
1789571595,100,,Aggregated,327.400000,0.000000,5,7,8,9,14,20,38,53,120,240,310,159179,0,5,7.8983686533980855,2.2779370010539424,306.8697830003657,224.04180827873023
1789571596,100,,Aggregated,325.200000,0.000000,5,7,8,9,14,20,38,52,120,240,310,159508,0,5,7.897828580749758,2.2779370010539424,306.8697830003657,224.04689419966397
1789571598,100,,Aggregated,324.300000,0.000000,5,7,8,9,14,20,38,53,120,240,310,159823,0,5,7.91213511207535,2.2779370010539424,306.8697830003657,224.05280216239214
1789571599,100,,Aggregated,324.800000,0.000000,5,7,8,9,14,21,38,53,120,240,310,160154,0,5,7.913283594741504,2.2779370010539424,306.8697830003657,224.05590244389774
1789571600,100,,Aggregated,325.900000,0.000000,5,7,8,9,14,21,38,53,120,240,310,160487,0,5,7.911770339742326,2.2779370010539424,306.8697830003657,224.0515181915046
1789571601,100,,Aggregated,325.300000,0.000000,5,7,8,9,14,21,38,53,120,240,310,160808,0,5,7.914146819338814,2.2779370010539424,306.8697830003657,224.04839311477042
1789571602,100,,Aggregated,324.600000,0.000000,5,7,8,9,14,21,38,53,120,240,310,161129,0,5,7.9111594359069155,2.2779370010539424,306.8697830003657,224.05026407412694
1789571603,100,,Aggregated,324.100000,0.000000,5,7,8,9,14,21,38,53,120,240,310,161452,0,5,7.908571838727556,2.2779370010539424,306.8697830003657,224.0507085697297
1789571604,100,,Aggregated,323.300000,0.000000,5,7,8,9,14,21,38,53,120,240,310,161771,0,5,7.917071489211602,2.2779370010539424,306.8697830003657,224.04795667950376
1789571605,100,,Aggregated,323.300000,0.000000,5,7,8,9,14,21,38,53,120,240,310,162099,0,5,7.912640920599458,2.2779370010539424,306.8697830003657,224.04843336479559
1789571606,100,,Aggregated,323.300000,0.000000,5,7,8,9,14,21,38,53,120,240,310,162437,0,5,7.912465416877088,2.2779370010539424,306.8697830003657,224.0498654863116
1789571607,100,,Aggregated,323.700000,0.000000,5,7,8,9,14,21,38,53,120,240,310,162750,0,5,7.911940919006063,2.2779370010539424,306.8697830003657,224.05077112135177
1789571608,100,,Aggregated,325.100000,0.000000,5,7,8,9,14,21,38,53,120,240,310,163087,0,5,7.9131052324479505,2.2779370010539424,306.8697830003657,224.05284909281548
1789571609,100,,Aggregated,324.100000,0.000000,5,7,8,9,14,21,38,53,120,240,310,163395,0,5,7.909448506791699,2.2779370010539424,306.8697830003657,224.0532513234799
1789571610,100,,Aggregated,325.200000,0.000000,5,7,8,9,14,20,38,53,120,240,310,163726,0,5,7.906127797553309,2.2779370010539424,306.8697830003657,224.05168391092434
1789571611,100,,Aggregated,322.700000,0.000000,5,7,8,9,14,20,38,53,120,240,310,164057,0,5,7.904565500918654,2.2779370010539424,306.8697830003657,224.04846486282207
1789571612,100,,Aggregated,323.200000,0.000000,5,7,8,9,14,20,38,53,120,240,310,164374,0,5,7.902168222031445,2.2779370010539424,306.8697830003657,224.0481463005098
1789571613,100,,Aggregated,324.000000,0.000000,5,7,8,9,14,20,38,52,120,240,310,164691,0,5,7.900190873570424,2.2779370010539424,306.8697830003657,224.04929231105524
1789571614,100,,Aggregated,324.800000,0.000000,5,7,8,9,14,20,38,52,120,240,310,165035,0,5,7.901464585682927,2.2779370010539424,306.8697830003657,224.0478383373224
1789571615,100,,Aggregated,323.600000,0.000000,5,7,8,9,14,20,38,52,120,240,310,165359,0,5,7.899713641327074,2.2779370010539424,306.8697830003657,224.04809535616445
1789571616,100,,Aggregated,325.500000,0.000000,5,7,8,9,14,20,38,52,120,240,310,165696,0,5,7.894878416052474,2.2779370010539424,306.8697830003657,224.04685085940517
1789571617,100,,Aggregated,324.700000,0.000000,5,7,8,9,14,20,38,52,120,240,310,166023,0,5,7.889659785627416,2.2779370010539424,306.8697830003657,224.04964974732417
1789571618,100,,Aggregated,324.300000,0.000000,5,7,8,9,14,20,37,52,120,240,310,166353,0,5,7.886179968760528,2.2779370010539424,306.8697830003657,224.0555565574411
1789571619,100,,Aggregated,325.400000,0.000000,5,7,8,9,14,20,37,52,120,240,310,166673,0,5,7.88300194683131,2.2779370010539424,306.8697830003657,224.0515920395025
1789571620,100,,Aggregated,325.900000,0.000000,5,7,8,9,14,20,38,53,120,240,310,166994,0,5,7.896530325360324,2.2779370010539424,306.8697830003657,224.0554271410949
1789571621,100,,Aggregated,327.400000,0.000000,5,7,8,9,14,20,38,53,120,240,310,167308,0,5,7.898450244365131,2.2779370010539424,306.8697830003657,224.05516771463408
1789571622,100,,Aggregated,326.400000,0.000000,5,7,8,9,14,20,38,53,120,240,310,167642,0,5,7.894479677570375,2.2779370010539424,306.8697830003657,224.05628661075386
1789571623,100,,Aggregated,324.300000,0.000000,5,7,8,9,14,20,38,53,120,240,310,167972,0,5,7.89270623573128,2.2779370010539424,306.8697830003657,224.05641416426548
1789571624,100,,Aggregated,325.500000,0.000000,5,7,8,9,14,20,38,52,120,240,310,168303,0,5,7.8888373119389446,2.2779370010539424,306.8697830003657,224.05437217399572
1789571625,100,,Aggregated,326.700000,0.000000,5,7,8,9,14,20,38,52,120,240,310,168614,0,5,7.8851698052430885,2.2779370010539424,306.8697830003657,224.05732620067135
1789571626,100,,Aggregated,326.100000,0.000000,5,7,8,9,13,20,38,52,120,240,310,168941,0,5,7.8834411929032155,2.2779370010539424,306.8697830003657,224.06090291877047
1789571627,100,,Aggregated,325.500000,0.000000,5,7,8,9,13,20,38,52,120,240,310,169272,0,5,7.8844855291439435,2.2779370010539424,306.8697830003657,224.06493690628102
1789571628,100,,Aggregated,324.600000,0.000000,5,7,8,9,14,20,38,53,120,240,310,169588,0,5,7.9004280083687535,2.2779370010539424,306.8697830003657,224.06421444913556
1789571629,100,,Aggregated,324.300000,0.000000,5,7,8,9,14,20,38,53,120,240,310,169922,0,5,7.8993710233710175,2.2779370010539424,306.8697830003657,224.0616106213439
1789571630,100,,Aggregated,322.500000,0.000000,5,7,8,9,14,20,38,53,120,240,310,170245,0,5,7.908891464015159,2.2779370010539424,306.8697830003657,224.0577461893154
1789571631,100,,Aggregated,323.300000,0.000000,5,7,8,9,14,20,38,53,120,240,310,170572,0,5,7.907655015185629,2.2779370010539424,306.8697830003657,224.05921253195132
1789571632,100,,Aggregated,324.100000,0.000000,5,7,8,9,14,20,38,53,120,240,310,170891,0,5,7.904886207812246,2.2779370010539424,306.8697830003657,224.05897911534254
1789571633,100,,Aggregated,324.000000,0.000000,5,7,8,9,14,20,38,53,120,240,310,171229,0,5,7.903846613623994,2.2779370010539424,306.8697830003657,224.0604044875576
1789571634,100,,Aggregated,322.800000,0.000000,5,7,8,9,14,20,38,53,120,240,310,171554,0,5,7.908581347367153,2.2779370010539424,306.8697830003657,224.05920584772142
1789571635,100,,Aggregated,325.200000,0.000000,5,7,8,9,14,20,38,53,120,240,310,171880,0,5,7.905468580179277,2.2779370010539424,306.8697830003657,224.05972771701187
1789571636,100,,Aggregated,325.000000,0.000000,5,7,8,9,14,20,38,53,120,240,310,172195,0,5,7.905266766695889,2.2779370010539424,306.8697830003657,224.06388687244112
1789571637,100,,Aggregated,324.600000,0.000000,5,7,8,9,14,20,38,53,120,240,310,172528,0,5,7.901893583048643,2.2779370010539424,306.8697830003657,224.0670731707317
1789571638,100,,Aggregated,324.600000,0.000000,5,7,8,9,14,20,38,53,120,240,310,172850,0,5,7.898250506272564,2.2779370010539424,306.8697830003657,224.06597049464855
1789571639,100,,Aggregated,324.200000,0.000000,5,7,8,9,14,20,38,53,120,240,310,173175,0,5,7.899263356894597,2.2779370010539424,306.8697830003657,224.06584668687745
1789571640,100,,Aggregated,325.700000,0.000000,5,7,8,9,14,20,38,53,120,240,310,173503,0,5,7.89951090223932,2.2779370010539424,306.8697830003657,224.06607954905678
1789571641,100,,Aggregated,324.700000,0.000000,5,7,8,9,14,20,38,53,120,240,310,173813,0,5,7.898402166548174,2.2779370010539424,306.8697830003657,224.07239389458786
1789571642,100,,Aggregated,323.600000,0.000000,5,7,8,9,14,20,38,53,120,240,310,174138,0,5,7.894860444108943,2.2779370010539424,306.8697830003657,224.06882472521792
1789571643,100,,Aggregated,324.400000,0.000000,5,7,8,9,14,20,38,53,120,240,310,174472,0,5,7.895927364753335,2.2779370010539424,306.8697830003657,224.0727910495667
1789571644,100,,Aggregated,324.700000,0.000000,5,7,8,9,14,20,38,53,120,240,310,174788,0,5,7.91003248398207,2.2779370010539424,306.8697830003657,224.07173833443943
1789571645,100,,Aggregated,321.500000,0.000000,5,7,8,9,14,20,38,53,120,240,310,175103,0,5,7.905980654884545,2.2779370010539424,306.8697830003657,224.07304843435006
1789571646,100,,Aggregated,321.500000,0.000000,5,7,8,9,14,20,38,53,120,240,310,175410,0,5,7.90665272709216,2.2779370010539424,306.8697830003657,224.07328544552763
1789571647,100,,Aggregated,321.500000,0.000000,5,7,8,9,14,21,38,53,120,240,310,175737,0,5,7.9083431954067755,2.2779370010539424,306.8697830003657,224.07432128692307
1789571648,100,,Aggregated,320.700000,0.000000,5,7,8,9,14,20,38,53,120,240,310,176063,0,5,7.906043459762784,2.2779370010539424,306.8697830003657,224.0727637266206
1789571649,100,,Aggregated,318.500000,0.000000,5,7,8,9,14,21,38,53,120,240,310,176376,0,5,7.925808617460503,2.2779370010539424,306.8697830003657,224.07370050346987
1789571650,100,,Aggregated,320.200000,0.000000,5,7,8,9,14,21,38,53,120,240,310,176709,0,5,7.926281172363818,2.2779370010539424,306.8697830003657,224.06842888590847
1789571651,100,,Aggregated,319.700000,0.000000,5,7,8,9,14,21,38,53,120,240,310,177040,0,5,7.925504868793775,2.2779370010539424,306.8697830003657,224.06486669679168
1789571652,100,,Aggregated,321.300000,0.000000,5,7,8,9,14,21,38,53,120,240,310,177372,0,5,7.923063782379755,2.2779370010539424,306.8697830003657,224.06541618744785
1789571653,100,,Aggregated,321.400000,0.000000,5,7,8,9,14,21,38,53,120,240,310,177697,0,5,7.931420767741002,2.2779370010539424,306.8697830003657,224.0642779562964
1789571654,100,,Aggregated,321.900000,0.000000,5,7,8,9,14,21,38,53,120,240,310,178019,0,5,7.93789023723466,2.2779370010539424,306.8697830003657,224.06517843600963
1789571655,100,,Aggregated,322.200000,0.000000,5,7,8,9,14,21,38,53,120,240,310,178350,0,5,7.9374871260515,2.2779370010539424,306.8697830003657,224.06586487244184
1789571656,100,,Aggregated,322.000000,0.000000,5,7,8,9,14,21,38,54,120,240,310,178666,0,5,7.943846791629637,2.2779370010539424,306.8697830003657,224.06671666685324
1789571657,100,,Aggregated,323.300000,0.000000,5,7,8,9,14,21,38,54,120,240,310,178986,0,5,7.944056624771283,2.2779370010539424,306.8697830003657,224.06759746572357
1789571658,100,,Aggregated,323.100000,0.000000,5,7,8,9,14,21,38,53,120,240,310,179307,0,5,7.941569194835303,2.2779370010539424,306.8697830003657,224.06793934425315
1789571659,100,,Aggregated,325.400000,0.000000,5,7,8,9,14,21,38,53,120,240,310,179637,0,5,7.938622515535886,2.2779370010539424,306.8697830003657,224.0675473315631
1789571660,100,,Aggregated,322.800000,0.000000,5,7,8,9,14,21,38,53,120,240,310,179958,0,5,7.936456277455462,2.2779370010539424,306.8697830003657,224.0694939930428
1789571661,100,,Aggregated,322.900000,0.000000,5,7,8,9,14,21,38,53,120,240,310,180256,0,5,7.93640006143115,2.2779370010539424,306.8697830003657,224.06947896325227
1789571662,100,,Aggregated,322.600000,0.000000,5,7,8,9,14,21,38,53,120,240,310,180595,0,5,7.9409816599149865,2.2779370010539424,306.8697830003657,224.06604834020877
1789571663,100,,Aggregated,322.000000,0.000000,5,7,8,9,14,21,39,54,120,240,310,180909,0,5,7.949608910188916,2.2779370010539424,306.8697830003657,224.06464023348755
1789571664,100,,Aggregated,320.800000,0.000000,5,7,8,9,14,21,38,54,120,240,310,181255,0,5,7.94781005303797,2.2779370010539424,306.8697830003657,224.06289481669472
1789571665,100,,Aggregated,320.600000,0.000000,5,7,8,9,14,21,38,53,120,240,310,181579,0,5,7.948384079873975,2.2779370010539424,306.8697830003657,224.0636251989492
1789571666,100,,Aggregated,322.000000,0.000000,5,7,8,9,14,21,38,53,120,240,310,181907,0,5,7.945625850843713,2.2779370010539424,306.8697830003657,224.0637688489173
1789571667,100,,Aggregated,321.700000,0.000000,5,7,8,9,14,21,38,53,120,240,310,182241,0,5,7.945753015218548,2.2779370010539424,306.8697830003657,224.06257647839948
1789571668,100,,Aggregated,323.600000,0.000000,5,7,8,9,14,21,38,53,120,240,310,182576,0,5,7.942701229978058,2.2779370010539424,306.8697830003657,224.0620563491368
1789571669,100,,Aggregated,323.300000,0.000000,5,7,8,9,14,21,38,53,120,240,310,182898,0,5,7.944027416912615,2.2779370010539424,306.8697830003657,224.06135113560563
1789571670,100,,Aggregated,325.300000,0.000000,5,7,8,9,14,21,38,53,120,240,310,183216,0,5,7.9404269546082125,2.2779370010539424,306.8697830003657,224.0602403720199
1789571671,100,,Aggregated,325.500000,0.000000,5,7,8,9,14,21,38,53,120,240,310,183548,0,5,7.937903490942337,2.2779370010539424,306.8697830003657,224.0558709438403
1789571672,100,,Aggregated,324.800000,0.000000,5,7,8,9,14,21,38,53,120,240,310,183853,0,5,7.937154252231305,2.2779370010539424,306.8697830003657,224.05583808803772
1789571673,100,,Aggregated,326.100000,0.000000,5,7,8,9,14,21,38,53,120,240,310,184182,0,5,7.935528286572434,2.2779370010539424,306.8697830003657,224.05581978694985
1789571674,100,,Aggregated,325.600000,0.000000,5,7,8,9,14,21,38,53,120,240,310,184522,0,5,7.932390820170364,2.2779370010539424,306.8697830003657,224.05704468843822
1789571675,100,,Aggregated,326.500000,0.000000,5,7,8,9,14,21,38,53,120,240,310,184845,0,5,7.9293468792419395,2.2779370010539424,306.8697830003657,224.05576023154535
1789571676,100,,Aggregated,324.100000,0.000000,5,7,8,9,14,21,38,53,120,240,310,185167,0,5,7.929467568122217,2.2779370010539424,306.8697830003657,224.0563113297726
1789571677,100,,Aggregated,325.500000,0.000000,5,7,8,9,14,21,38,53,120,240,310,185491,0,5,7.928168527516076,2.2779370010539424,306.8697830003657,224.0594961480611
1789571678,100,,Aggregated,324.900000,0.000000,5,7,8,9,14,21,38,53,120,240,310,185820,0,5,7.92647449953451,2.2779370010539424,306.8697830003657,224.0622699386503
1789571679,100,,Aggregated,325.200000,0.000000,5,7,8,9,14,21,38,53,120,240,310,186131,0,5,7.933613200318625,2.2779370010539424,306.8697830003657,224.06163938301518
1789571680,100,,Aggregated,323.700000,0.000000,5,7,8,9,14,21,38,53,120,240,310,186446,0,5,7.932902298271409,2.2779370010539424,306.8697830003657,224.0603820945475
1789571681,100,,Aggregated,322.100000,0.000000,5,7,8,9,14,21,38,53,120,240,310,186774,0,5,7.930523970384066,2.2779370010539424,306.8697830003657,224.05953719468448
1789571682,100,,Aggregated,321.800000,0.000000,5,7,8,9,14,21,38,53,120,240,310,187085,0,5,7.926303966664959,2.2779370010539424,306.8697830003657,224.05964133949809
1789571683,100,,Aggregated,321.100000,0.000000,5,7,8,9,14,21,38,53,120,240,310,187420,0,5,7.925431691487071,2.2779370010539424,306.8697830003657,224.05832355138193
1789571684,100,,Aggregated,322.400000,0.000000,5,7,8,9,14,21,38,53,120,240,310,187746,0,5,7.933975080931117,2.2779370010539424,306.8697830003657,224.0561236990402
1789571685,100,,Aggregated,321.900000,0.000000,5,7,8,9,14,21,38,53,120,240,310,188052,0,5,7.929976727689701,2.2779370010539424,306.8697830003657,224.05374577244592
1789571686,100,,Aggregated,323.600000,0.000000,5,7,8,9,14,21,38,53,120,240,310,188368,0,5,7.930765230944117,2.2779370010539424,306.8697830003657,224.0522010107874
1789571687,100,,Aggregated,320.100000,0.000000,5,7,8,9,14,21,38,53,120,240,310,188712,0,5,7.9273151644860835,2.2779370010539424,306.8697830003657,224.05134808597228
1789571688,100,,Aggregated,319.200000,0.000000,5,7,8,9,14,21,38,53,120,240,310,189047,0,5,7.923615705419714,2.2779370010539424,306.8697830003657,224.0511248525499
1789571689,100,,Aggregated,320.800000,0.000000,5,7,8,9,14,21,38,53,120,240,310,189372,0,5,7.921793020053085,2.2779370010539424,306.8697830003657,224.0478265002218
1789571690,100,,Aggregated,321.800000,0.000000,5,7,8,9,14,21,38,53,120,240,310,189704,0,5,7.922608463946444,2.2779370010539424,306.8697830003657,224.04549192426094
1789571691,100,,Aggregated,323.900000,0.000000,5,7,8,9,14,21,38,53,120,240,310,190034,0,5,7.919778150644044,2.2779370010539424,306.8697830003657,224.0459023122178
1789571692,100,,Aggregated,324.100000,0.000000,5,7,8,9,14,21,38,53,120,240,310,190342,0,5,7.924691427343919,2.2779370010539424,306.8697830003657,224.044556640153
1789571693,100,,Aggregated,324.800000,0.000000,5,7,8,9,14,21,38,53,120,240,310,190670,0,5,7.921497776810762,2.2779370010539424,306.8697830003657,224.0434625268789
1789571694,100,,Aggregated,324.500000,0.000000,5,7,8,9,14,21,38,53,120,240,310,190991,0,5,7.927458761682578,2.2779370010539424,306.8697830003657,224.04230565838182
1789571695,100,,Aggregated,323.600000,0.000000,5,7,8,9,14,21,38,53,120,240,310,191303,0,5,7.924919654137767,2.2779370010539424,306.8697830003657,224.0383161790458
1789571696,100,,Aggregated,323.700000,0.000000,5,7,8,9,14,21,38,53,120,240,310,191629,0,5,7.920870956319314,2.2779370010539424,306.8697830003657,224.0382927427477
1789571697,100,,Aggregated,323.800000,0.000000,5,7,8,9,14,21,38,53,120,240,310,191948,0,5,7.921474177660141,2.2779370010539424,306.8697830003657,224.04100068768625
1789571698,100,,Aggregated,323.500000,0.000000,5,7,8,9,14,21,38,53,120,240,310,192266,0,5,7.920866034527662,2.2779370010539424,306.8697830003657,224.04421478576555
1789571699,100,,Aggregated,323.400000,0.000000,5,7,8,9,14,21,38,53,120,240,310,192603,0,5,7.918601576966683,2.2779370010539424,306.8697830003657,224.04503045123909
1789571700,100,,Aggregated,321.300000,0.000000,5,7,8,9,14,21,38,53,120,240,310,192913,0,5,7.918121814463122,2.2779370010539424,306.8697830003657,224.04427902733357
1789571701,100,,Aggregated,321.000000,0.000000,5,7,8,9,14,21,38,53,120,240,310,193249,0,5,7.9147245799644015,2.2779370010539424,306.8697830003657,224.04189931125129
1789571702,100,,Aggregated,321.300000,0.000000,5,7,8,9,14,21,38,53,120,240,310,193568,0,5,7.9120454815130365,2.2779370010539424,306.8697830003657,224.04370040502562
1789571703,100,,Aggregated,321.600000,0.000000,5,7,8,9,14,21,38,53,120,240,310,193890,0,5,7.908619908904511,2.2779370010539424,306.8697830003657,224.0388055082779
1789571704,100,,Aggregated,321.600000,0.000000,5,7,8,9,14,21,38,53,120,240,310,194225,0,5,7.909472779922764,2.2779370010539424,306.8697830003657,224.0371064487064
1789571705,100,,Aggregated,322.700000,0.000000,5,7,8,9,14,21,38,53,120,240,310,194529,0,5,7.908679685853975,2.2779370010539424,306.8697830003657,224.0350590400403
1789571706,100,,Aggregated,321.500000,0.000000,5,7,8,9,14,21,38,53,120,240,310,194853,0,5,7.904322187005115,2.2779370010539424,306.8697830003657,224.0351085177031
1789571707,100,,Aggregated,322.100000,0.000000,5,7,8,9,14,21,38,53,120,240,310,195181,0,5,7.903484890704017,2.2779370010539424,306.8697830003657,224.03213939881442
1789571708,100,,Aggregated,322.700000,0.000000,5,7,8,9,14,20,38,53,120,240,310,195523,0,5,7.901441119267264,2.2779370010539424,306.8697830003657,224.03181722866364
1789571709,100,,Aggregated,321.800000,0.000000,5,7,8,9,14,20,38,53,120,240,310,195855,0,5,7.898535798016376,2.2779370010539424,306.8697830003657,224.0315488499145
1789571710,100,,Aggregated,323.600000,0.000000,5,7,8,9,14,20,38,53,120,240,310,196168,0,5,7.899657168200151,2.2779370010539424,306.8697830003657,224.02987235430857
1789571711,100,,Aggregated,325.200000,0.000000,5,7,8,9,14,20,38,53,120,240,310,196486,0,5,7.897090015626997,2.2779370010539424,306.8697830003657,224.03462842136335
1789571712,100,,Aggregated,324.700000,0.000000,5,7,8,9,14,20,38,53,120,240,310,196816,0,5,7.896510534857393,2.2779370010539424,306.8697830003657,224.0357186407609
1789571713,100,,Aggregated,323.400000,0.000000,5,7,8,9,14,20,38,52,120,240,310,197118,0,5,7.893964993417686,2.2779370010539424,306.8697830003657,224.03734818738016
1789571714,100,,Aggregated,322.900000,0.000000,5,7,8,9,14,20,38,52,120,240,310,197451,0,5,7.897323684754757,2.2779370010539424,306.8697830003657,224.03293981798015
1789571715,100,,Aggregated,321.800000,0.000000,5,7,8,9,14,20,38,52,120,240,310,197771,0,5,7.893899708822342,2.2779370010539424,306.8697830003657,224.03277022414812
1789571716,100,,Aggregated,321.900000,0.000000,5,7,8,9,14,20,38,52,120,240,310,198101,0,5,7.892979580565066,2.2779370010539424,306.8697830003657,224.0332608114043
1789571717,100,,Aggregated,324.000000,0.000000,5,7,8,9,14,20,38,52,120,240,310,198440,0,5,7.8916861128428595,2.2779370010539424,306.8697830003657,224.03529026405965
1789571718,100,,Aggregated,323.500000,0.000000,5,7,8,9,14,20,38,52,120,240,310,198766,0,5,7.890258660885496,2.2779370010539424,306.8697830003657,224.03508648360383
1789571719,100,,Aggregated,325.600000,0.000000,5,7,8,9,14,20,38,52,120,240,310,199100,0,5,7.8910882424488475,2.2779370010539424,306.8697830003657,224.03396283274736
1789571720,100,,Aggregated,325.000000,0.000000,5,7,8,9,14,20,38,52,120,240,310,199420,0,5,7.88856713474844,2.2779370010539424,306.8697830003657,224.0374335573162
1789571721,100,,Aggregated,323.500000,0.000000,5,7,8,9,14,20,38,52,120,240,310,199749,0,5,7.8891028731033455,2.2779370010539424,306.8697830003657,224.03771232897287
1789571722,100,,Aggregated,323.700000,0.000000,5,7,8,9,14,20,38,52,120,230,310,200060,0,5,7.887802122600874,2.2779370010539424,306.8697830003657,224.03612916125164
1789571723,100,,Aggregated,324.600000,0.000000,5,7,8,9,14,20,38,52,120,230,310,200409,0,5,7.889884898769653,2.2779370010539424,306.8697830003657,224.03586166289938
1789571724,100,,Aggregated,325.900000,0.000000,5,7,8,9,14,20,38,53,120,230,310,200718,0,5,7.901675925694421,2.2779370010539424,306.8697830003657,224.03649398658814
1789571725,100,,Aggregated,326.100000,0.000000,5,7,8,9,14,21,38,53,120,230,310,201051,0,5,7.901468976710146,2.2779370010539424,306.8697830003657,224.04020372940198
1789571726,100,,Aggregated,326.800000,0.000000,5,7,8,9,14,20,38,52,120,230,310,201374,0,5,7.899617311567266,2.2779370010539424,306.8697830003657,224.03763643767317
1789571727,100,,Aggregated,326.300000,0.000000,5,7,8,9,14,20,38,52,120,230,310,201716,0,5,7.8982199033223015,2.2779370010539424,306.8697830003657,224.0390846536715
1789571728,100,,Aggregated,326.500000,0.000000,5,7,8,9,14,20,38,52,120,230,310,202038,0,5,7.89410570954756,2.2779370010539424,306.8697830003657,224.04228907433256
1789571729,100,,Aggregated,324.500000,0.000000,5,7,8,9,14,20,38,53,120,230,310,202362,0,5,7.902447902899627,2.2779370010539424,306.8697830003657,224.04613514394995
1789571730,100,,Aggregated,325.800000,0.000000,5,7,8,9,14,20,38,53,120,230,310,202679,0,5,7.900627898926782,2.2779370010539424,306.8697830003657,224.04800694694566
1789571731,100,,Aggregated,326.000000,0.000000,5,7,8,9,14,20,38,53,120,230,310,203013,0,5,7.897274689431601,2.2779370010539424,306.8697830003657,224.0427411052494
1789571732,100,,Aggregated,325.500000,0.000000,5,7,8,9,14,20,38,53,120,230,310,203347,0,5,7.901432248189458,2.2779370010539424,306.8697830003657,224.04119067406944
1789571733,100,,Aggregated,326.100000,0.000000,5,7,8,9,14,20,38,53,120,230,310,203685,0,5,7.898068242112056,2.2779370010539424,306.8697830003657,224.0441269607482
1789571734,100,,Aggregated,325.400000,0.000000,5,7,8,9,14,20,38,53,120,230,310,204019,0,5,7.898052665627186,2.2779370010539424,306.8697830003657,224.0437263196075
1789571735,100,,Aggregated,326.600000,0.000000,5,7,8,9,14,20,38,53,120,230,310,204346,0,5,7.901084868656933,2.2779370010539424,306.8697830003657,224.0426139978272
1789571736,100,,Aggregated,328.400000,0.000000,5,7,8,9,14,20,38,53,120,230,310,204647,0,5,7.900278284649066,2.2779370010539424,306.8697830003657,224.04173528075174
1789571737,100,,Aggregated,329.400000,0.000000,5,7,8,9,14,20,38,53,120,230,310,204971,0,5,7.902475963861112,2.2779370010539424,306.8697830003657,224.04402574022666
1789571738,100,,Aggregated,328.300000,0.000000,5,7,8,9,14,20,38,53,120,230,310,205304,0,5,7.899970179278356,2.2779370010539424,306.8697830003657,224.04501617114133
1789571739,100,,Aggregated,326.100000,0.000000,5,7,8,9,14,20,38,53,120,230,310,205628,0,5,7.89823085940416,2.2779370010539424,306.8697830003657,224.05014881241854
1789571740,100,,Aggregated,326.100000,0.000000,5,7,8,9,14,20,38,53,120,230,310,205956,0,5,7.898793769132966,2.2779370010539424,306.8697830003657,224.04901532366137
1789571741,100,,Aggregated,325.800000,0.000000,5,7,8,9,14,20,38,53,120,230,310,206278,0,5,7.8965960093152905,2.2779370010539424,306.8697830003657,224.04793046277354
1789571742,100,,Aggregated,326.200000,0.000000,5,7,8,9,14,20,38,53,120,230,310,206598,0,5,7.893605817740403,2.2779370010539424,306.8697830003657,224.0460314233439
1789571743,100,,Aggregated,325.100000,0.000000,5,7,8,9,14,20,38,52,120,230,310,206926,0,5,7.892017770480793,2.2779370010539424,306.8697830003657,224.04733576254313
1789571744,100,,Aggregated,324.800000,0.000000,5,7,8,9,14,20,38,52,120,230,310,207255,0,5,7.890398655248454,2.2779370010539424,306.8697830003657,224.04733299558515
1789571745,100,,Aggregated,324.300000,0.000000,5,7,8,9,14,20,38,52,120,230,310,207589,0,5,7.8897550180814955,2.2779370010539424,306.8697830003657,224.0508360269571
1789571746,100,,Aggregated,323.100000,0.000000,5,7,8,9,14,20,38,53,120,230,310,207884,0,5,7.902538061508013,2.2779370010539424,306.8697830003657,224.04923899867234
1789571747,100,,Aggregated,323.100000,0.000000,5,7,8,9,14,20,38,53,120,230,310,208200,0,5,7.901295912581849,2.2779370010539424,306.8697830003657,224.0489865513929
1789571748,100,,Aggregated,320.900000,0.000000,5,7,8,9,14,20,38,53,120,230,310,208547,0,5,7.8990318793391845,2.2779370010539424,306.8697830003657,224.04864131346892
1789571749,100,,Aggregated,323.500000,0.000000,5,7,8,9,14,20,38,53,120,230,310,208870,0,5,7.898758985098589,2.2779370010539424,306.8697830003657,224.04989227749317
1789571750,100,,Aggregated,322.000000,0.000000,5,7,8,9,14,20,38,53,110,230,310,209192,0,5,7.900272404645272,2.2779370010539424,306.8697830003657,224.04859650464644
1789571751,100,,Aggregated,322.100000,0.000000,5,7,8,9,14,20,38,53,110,230,310,209504,0,5,7.896646125069443,2.2779370010539424,306.8697830003657,224.0490109974034
1789571752,100,,Aggregated,322.700000,0.000000,5,7,8,9,14,21,38,53,110,230,310,209827,0,5,7.917159576143853,2.2779370010539424,306.8697830003657,224.04782987890025
1789571753,100,,Aggregated,321.800000,0.000000,5,7,8,9,14,21,38,53,110,230,310,210139,0,5,7.914572739070501,2.2779370010539424,306.8697830003657,224.04606950637435
1789571754,100,,Aggregated,321.100000,0.000000,5,7,8,9,14,21,38,53,110,230,310,210482,0,5,7.9120115362432735,2.2779370010539424,306.8697830003657,224.04337663078078
1789571755,100,,Aggregated,321.900000,0.000000,5,7,8,9,14,21,38,53,110,230,310,210809,0,5,7.910148659210689,2.2779370010539424,306.8697830003657,224.04542500557378
1789571756,100,,Aggregated,321.000000,0.000000,5,7,8,9,14,21,38,53,110,230,310,211145,0,5,7.9115607398781505,2.2779370010539424,306.8697830003657,224.0439745198797
1789571757,100,,Aggregated,320.000000,0.000000,5,7,8,9,14,21,38,53,110,230,310,211473,0,5,7.909303481529862,2.2779370010539424,306.8697830003657,224.04051108179294
1789571758,100,,Aggregated,324.700000,0.000000,5,7,8,9,14,21,38,53,110,230,310,211792,0,5,7.909409798871289,2.2779370010539424,306.8697830003657,224.03965211150563
1789571759,100,,Aggregated,323.600000,0.000000,5,7,8,9,14,21,38,53,110,230,310,212122,0,5,7.905958308065864,2.2779370010539424,306.8697830003657,224.03740771819992
1789571760,100,,Aggregated,324.800000,0.000000,5,7,8,9,14,21,38,53,110,230,310,212431,0,5,7.910420053798838,2.2779370010539424,306.8697830003657,224.03882672491304
1789571761,100,,Aggregated,325.200000,0.000000,5,7,8,9,14,21,38,53,110,230,310,212765,0,5,7.910893416659376,2.2779370010539424,306.8697830003657,224.03900547552465
1789571762,100,,Aggregated,324.100000,0.000000,5,7,8,9,14,21,38,53,110,230,310,213096,0,5,7.90872265130045,2.2779370010539424,306.8697830003657,224.03834422044525
1789571763,100,,Aggregated,325.200000,0.000000,5,7,8,9,14,21,38,52,110,230,310,213425,0,5,7.906191742042927,2.2779370010539424,306.8697830003657,224.0390675881457
1789571764,100,,Aggregated,326.600000,0.000000,5,7,8,9,14,21,38,52,110,230,310,213760,0,5,7.906663993939497,2.2779370010539424,306.8697830003657,224.04206119011977
1789571765,100,,Aggregated,326.400000,0.000000,5,7,8,9,14,21,38,52,110,230,310,214085,0,5,7.903147794051561,2.2779370010539424,306.8697830003657,224.04011490763014
1789571766,100,,Aggregated,327.800000,0.000000,5,7,8,9,14,21,38,52,110,230,310,214406,0,5,7.902893690169826,2.2779370010539424,306.8697830003657,224.0369859052452
1789571767,100,,Aggregated,327.200000,0.000000,5,7,8,9,14,21,38,52,110,230,310,214745,0,5,7.902932544825439,2.2779370010539424,306.8697830003657,224.0406156138676
1789571768,100,,Aggregated,325.200000,0.000000,5,7,8,9,14,21,38,52,110,230,310,215069,0,5,7.905743177410757,2.2779370010539424,306.8697830003657,224.03624883177028
1789571769,100,,Aggregated,326.400000,0.000000,5,7,8,9,14,21,38,52,110,230,310,215378,0,5,7.904620864751884,2.2779370010539424,306.8697830003657,224.03654505102656
1789571770,100,,Aggregated,324.900000,0.000000,5,7,8,9,14,21,38,52,110,230,310,215704,0,5,7.903042064076384,2.2779370010539424,306.8697830003657,224.0401197937915
1789571771,100,,Aggregated,326.100000,0.000000,5,7,8,9,14,21,38,52,110,230,310,216014,0,5,7.900139770679369,2.2779370010539424,306.8697830003657,224.04222874443323
1789571772,100,,Aggregated,324.800000,0.000000,5,7,8,9,14,21,38,52,110,230,310,216339,0,5,7.902798224636039,2.2779370010539424,306.8697830003657,224.0389388875792
1789571773,100,,Aggregated,324.000000,0.000000,5,7,8,9,14,21,38,52,110,230,310,216668,0,5,7.901714131009337,2.2779370010539424,306.8697830003657,224.03935514242988
1789571774,100,,Aggregated,324.200000,0.000000,5,7,8,9,14,21,38,52,110,230,310,216992,0,5,7.899130619375502,2.2779370010539424,306.8697830003657,224.03731934817873
1789571775,100,,Aggregated,322.100000,0.000000,5,7,8,9,14,21,38,52,110,230,310,217301,0,5,7.899653981765112,2.2779370010539424,306.8697830003657,224.03932333491332
1789571776,100,,Aggregated,322.000000,0.000000,5,7,8,9,14,21,38,52,110,230,310,217643,0,5,7.896836897021903,2.2779370010539424,306.8697830003657,224.042050513915
1789571777,100,,Aggregated,321.200000,0.000000,5,7,8,9,14,21,38,52,110,230,310,217964,0,5,7.893743960046282,2.2779370010539424,306.8697830003657,224.04304380539907
1789571778,100,,Aggregated,321.800000,0.000000,5,7,8,9,14,21,38,52,110,230,310,218292,0,5,7.890217706010835,2.2779370010539424,306.8697830003657,224.04389533285692
1789571779,100,,Aggregated,322.300000,0.000000,5,7,8,9,14,21,38,52,110,230,310,218612,0,5,7.893519035251996,2.2779370010539424,306.8697830003657,224.0452811373575
1789571780,100,,Aggregated,322.100000,0.000000,5,7,8,9,14,21,38,52,110,230,310,218927,0,5,7.893215100825807,2.2779370010539424,306.8697830003657,224.04618891228583
1789571781,100,,Aggregated,320.600000,0.000000,5,7,8,9,14,21,38,52,110,230,310,219267,0,5,7.890241053220389,2.2779370010539424,306.8697830003657,224.04602151714576
1789571782,100,,Aggregated,322.800000,0.000000,5,7,8,9,14,21,38,52,110,230,310,219586,0,5,7.8887329984582815,2.2779370010539424,306.8697830003657,224.04564954049894
1789571783,100,,Aggregated,323.400000,0.000000,5,7,8,9,14,21,38,52,110,230,310,219912,0,5,7.884583636470318,2.2779370010539424,306.8697830003657,224.0452999381571
1789571784,100,,Aggregated,322.000000,0.000000,5,7,8,9,14,21,38,52,110,230,310,220230,0,5,7.8872551336441905,2.2779370010539424,306.8697830003657,224.0441084320937
1789571785,100,,Aggregated,324.700000,0.000000,5,7,8,9,14,21,38,52,110,230,310,220564,0,5,7.888842649568646,2.2779370010539424,306.8697830003657,224.0421464971618
1789571786,100,,Aggregated,323.800000,0.000000,5,7,8,9,14,21,38,52,110,230,310,220874,0,5,7.887694160039009,2.2779370010539424,306.8697830003657,224.04232729972745
1789571787,100,,Aggregated,323.700000,0.000000,5,7,8,9,14,21,38,52,110,230,310,221202,0,5,7.888490082808731,2.2779370010539424,306.8697830003657,224.04294717045957
1789571788,100,,Aggregated,324.900000,0.000000,5,7,8,9,14,21,38,52,110,230,310,221526,0,5,7.889004072287086,2.2779370010539424,306.8697830003657,224.0431190921156
1789571789,100,,Aggregated,321.700000,0.000000,5,7,8,9,14,21,38,52,110,230,310,221852,0,5,7.88728900920191,2.2779370010539424,306.8697830003657,224.04439446117232
1789571790,100,,Aggregated,323.100000,0.000000,5,7,8,9,14,21,38,52,110,230,310,222181,0,5,7.884431745493407,2.2779370010539424,306.8697830003657,224.0443062188036
1789571791,100,,Aggregated,324.300000,0.000000,5,7,8,9,14,21,38,52,110,230,310,222512,0,5,7.884635649683924,2.2779370010539424,306.8697830003657,224.04702667721293
1789571792,100,,Aggregated,323.300000,0.000000,5,7,8,9,14,21,38,52,110,230,310,222847,0,5,7.88143370124556,2.2779370010539424,306.8697830003657,224.04879132319485
1789571793,100,,Aggregated,324.100000,0.000000,5,7,8,9,14,21,38,52,110,230,310,223161,0,5,7.882649263650279,2.2779370010539424,306.8697830003657,224.04671067077132
1789571794,100,,Aggregated,326.100000,0.000000,5,7,8,9,14,21,38,52,110,230,310,223484,0,5,7.884817697063215,2.2779370010539424,306.8697830003657,224.04626281970968
1789571795,100,,Aggregated,325.400000,0.000000,5,7,8,9,14,21,37,52,110,230,310,223816,0,5,7.8820018757124375,2.2779370010539424,306.8697830003657,224.04572952782644
1789571796,100,,Aggregated,324.400000,0.000000,5,7,8,9,14,21,38,52,110,230,310,224128,0,5,7.892076478233271,2.2779370010539424,306.8697830003657,224.0422080239863
1789571797,100,,Aggregated,324.900000,0.000000,5,7,8,9,14,21,38,52,110,230,310,224433,0,5,7.911042436136788,2.2779370010539424,306.8697830003657,224.04215511979075
1789571798,100,,Aggregated,323.800000,0.000000,5,7,8,9,14,21,38,53,110,230,310,224760,0,5,7.914054593635396,2.2779370010539424,306.8697830003657,224.03973126890907
1789571799,100,,Aggregated,325.000000,0.000000,5,7,8,9,14,21,38,53,110,230,310,225092,0,5,7.912183496234805,2.2779370010539424,306.8697830003657,224.03991256908287
1789571800,100,,Aggregated,322.800000,0.000000,5,7,8,9,14,21,38,53,110,230,310,225412,0,5,7.909449408050574,2.2779370010539424,306.8697830003657,224.03936791297713
1789571801,100,,Aggregated,321.100000,0.000000,5,7,8,9,14,21,38,52,110,230,310,225742,0,5,7.906687183840341,2.2779370010539424,306.8697830003657,224.0387344845
1789571802,100,,Aggregated,322.300000,0.000000,5,7,8,9,14,21,38,53,110,230,310,226074,0,5,7.911780995972467,2.2779370010539424,306.8697830003657,224.0375231119014
1789571803,100,,Aggregated,321.400000,0.000000,5,7,8,9,14,21,38,53,110,230,310,226391,0,5,7.911165967328476,2.2779370010539424,306.8697830003657,224.03722762830677
1789571804,100,,Aggregated,319.200000,0.000000,5,7,8,9,14,21,38,53,110,230,310,226714,0,5,7.908359655779813,2.2779370010539424,306.8697830003657,224.04104289986503
1789571805,100,,Aggregated,320.700000,0.000000,5,7,8,9,14,21,38,53,110,230,310,227039,0,5,7.9142450615861915,2.2779370010539424,306.8697830003657,224.0383810710935
1789571806,100,,Aggregated,320.600000,0.000000,5,7,8,9,14,21,38,53,110,230,310,227354,0,5,7.9121649289058835,2.2779370010539424,306.8697830003657,224.03643217185535
1789571807,100,,Aggregated,322.100000,0.000000,5,7,8,9,14,21,38,53,110,230,310,227696,0,5,7.910090802892701,2.2779370010539424,306.8697830003657,224.03634670789123
1789571808,100,,Aggregated,322.200000,0.000000,5,7,8,9,14,21,38,53,110,230,310,228012,0,5,7.914111598001247,2.2779370010539424,306.8697830003657,224.03749802641966
1789571809,100,,Aggregated,322.800000,0.000000,5,7,8,9,14,21,38,53,110,230,310,228352,0,5,7.911465633484382,2.2779370010539424,306.8697830003657,224.03781004764573
1789571810,100,,Aggregated,322.200000,0.000000,5,7,8,9,14,21,38,53,110,230,310,228675,0,5,7.915281153346296,2.2779370010539424,306.8697830003657,224.03951896796764
1789571811,100,,Aggregated,324.900000,0.000000,5,7,8,9,14,21,38,53,110,230,310,229003,0,5,7.915293719931455,2.2779370010539424,306.8697830003657,224.04311733907417
1789571812,100,,Aggregated,325.200000,0.000000,5,7,8,9,14,21,38,53,110,230,310,229318,0,5,7.911530978935247,2.2779370010539424,306.8697830003657,224.0442137119633
1789571813,100,,Aggregated,325.800000,0.000000,5,7,8,9,14,21,38,53,110,230,310,229652,0,5,7.929163027665651,2.2779370010539424,306.8697830003657,224.04334819640152
1789571814,100,,Aggregated,326.900000,0.000000,5,7,8,9,14,21,38,53,110,230,310,229985,0,5,7.928235844531143,2.2779370010539424,306.8697830003657,224.04555949301042
1789571815,100,,Aggregated,325.000000,0.000000,5,7,8,9,14,21,38,53,110,230,310,230300,0,5,7.929618957223267,2.2779370010539424,306.8697830003657,224.04660008684326
1789571816,100,,Aggregated,325.400000,0.000000,5,7,8,9,14,21,38,53,110,230,310,230636,0,5,7.927285535981006,2.2779370010539424,306.8697830003657,224.0469657815779
1789571817,100,,Aggregated,325.500000,0.000000,5,7,8,9,14,21,38,53,110,230,310,230957,0,5,7.9241576688495785,2.2779370010539424,306.8697830003657,224.04768853076547
1789571818,100,,Aggregated,324.800000,0.000000,5,7,8,9,14,21,38,53,110,230,310,231280,0,5,7.923887730428453,2.2779370010539424,306.8697830003657,224.04809322033898
1789571819,100,,Aggregated,325.300000,0.000000,5,7,8,9,14,21,38,53,110,230,310,231583,0,5,7.923631453817843,2.2779370010539424,306.8697830003657,224.04677804502057
1789571820,100,,Aggregated,326.900000,0.000000,5,7,8,9,14,21,38,53,110,230,310,231917,0,5,7.923426970797695,2.2779370010539424,306.8697830003657,224.04581380407646
1789571821,100,,Aggregated,324.900000,0.000000,5,7,8,9,14,21,38,53,110,230,310,232242,0,5,7.9212892617205055,2.2779370010539424,306.8697830003657,224.04845807390566
1789571822,100,,Aggregated,322.700000,0.000000,5,7,8,9,14,21,38,53,110,230,310,232555,0,5,7.919699971247709,2.2779370010539424,306.8697830003657,224.04815205005266
1789571823,100,,Aggregated,323.100000,0.000000,5,7,8,9,14,21,38,53,110,230,310,232894,0,5,7.917601891119979,2.2779370010539424,306.8697830003657,224.04408013946258
1789571824,100,,Aggregated,323.400000,0.000000,5,7,8,9,14,21,38,53,110,230,310,233233,0,5,7.914603460498765,2.2779370010539424,306.8697830003657,224.04500649565028
1789571825,100,,Aggregated,322.700000,0.000000,5,7,8,9,14,21,38,53,110,230,310,233556,0,5,7.911183050670893,2.2779370010539424,306.8697830003657,224.044554625015
1789571826,100,,Aggregated,323.600000,0.000000,5,7,8,9,14,21,38,53,110,230,310,233897,0,5,7.91131457753415,2.2779370010539424,306.8697830003657,224.04518228108955
1789571827,100,,Aggregated,324.900000,0.000000,5,7,8,9,14,21,38,53,110,230,310,234220,0,5,7.913426730849259,2.2779370010539424,306.8697830003657,224.0456878148749
1789571828,100,,Aggregated,325.600000,0.000000,5,7,8,9,14,21,38,53,110,230,310,234559,0,5,7.912111975044739,2.2779370010539424,306.8697830003657,224.04485438631644
1789571829,100,,Aggregated,325.900000,0.000000,5,7,8,9,14,21,38,53,110,230,310,234891,0,5,7.911954323654478,2.2779370010539424,306.8697830003657,224.04587234078787
1789571830,100,,Aggregated,326.900000,0.000000,5,7,8,9,14,21,38,53,110,230,310,235211,0,5,7.913514351950113,2.2779370010539424,306.8697830003657,224.04717891595206
1789571831,100,,Aggregated,326.700000,0.000000,5,7,8,9,14,21,38,53,110,230,310,235540,0,5,7.911457364522121,2.2779370010539424,306.8697830003657,224.04590727689563
1789571832,100,,Aggregated,329.200000,0.000000,5,7,8,9,14,21,38,52,110,230,310,235873,0,5,7.909609027623063,2.2779370010539424,306.8697830003657,224.04614771508398
1789571833,100,,Aggregated,328.500000,0.000000,5,7,8,9,14,21,38,52,110,230,310,236201,0,5,7.909361217905693,2.2779370010539424,306.8697830003657,224.04293377250733
1789571834,100,,Aggregated,328.400000,0.000000,5,7,8,9,14,21,38,52,110,230,310,236523,0,5,7.90646651041349,2.2779370010539424,306.8697830003657,224.04128562549943
1789571835,100,,Aggregated,331.000000,0.000000,5,7,8,9,14,21,38,52,110,230,310,236852,0,5,7.907076570468129,2.2779370010539424,306.8697830003657,224.03974633948627
1789571836,100,,Aggregated,328.900000,0.000000,5,7,8,9,14,21,38,52,110,230,310,237186,0,5,7.906799466243861,2.2779370010539424,306.8697830003657,224.0422031654482
1789571837,100,,Aggregated,327.800000,0.000000,5,7,8,9,14,21,38,52,110,230,310,237516,0,5,7.905182426019828,2.2779370010539424,306.8697830003657,224.04288132167937
1789571838,100,,Aggregated,329.000000,0.000000,5,7,8,9,14,21,38,52,110,230,310,237835,0,5,7.904905065303778,2.2779370010539424,306.8697830003657,224.04441314356592
1789571839,100,,Aggregated,327.300000,0.000000,5,7,8,9,14,21,38,52,110,230,310,238142,0,5,7.902443260288099,2.2779370010539424,306.8697830003657,224.0466150448052
1789571840,100,,Aggregated,327.800000,0.000000,5,7,8,9,14,21,38,52,110,230,310,238477,0,5,7.9003780574332385,2.2779370010539424,306.8697830003657,224.04642795741307
1789571841,100,,Aggregated,327.100000,0.000000,5,7,8,9,14,21,38,52,110,230,310,238806,0,5,7.898336850667482,2.2779370010539424,306.8697830003657,224.04988986876376
1789571842,100,,Aggregated,325.000000,0.000000,5,7,8,9,14,21,38,52,110,230,310,239124,0,5,7.896251678173302,2.2779370010539424,306.8697830003657,224.0498904334153
1789571843,100,,Aggregated,325.900000,0.000000,5,7,8,9,14,21,38,52,110,230,310,239463,0,5,7.895463874412728,2.2779370010539424,306.8697830003657,224.04982398115783
1789571844,100,,Aggregated,325.500000,0.000000,5,7,8,9,14,21,38,52,110,230,310,239768,0,5,7.906727073560801,2.2779370010539424,306.8697830003657,224.05019435454273
1789571845,100,,Aggregated,323.500000,0.000000,5,7,8,9,14,21,38,52,110,220,310,240107,0,5,7.9048936052323615,2.2779370010539424,306.8697830003657,224.0490281416202
1789571846,100,,Aggregated,325.700000,0.000000,5,7,8,9,14,21,38,52,110,220,310,240428,0,5,7.901730067698083,2.2779370010539424,306.8697830003657,224.04829720332074
1789571847,100,,Aggregated,323.200000,0.000000,5,7,8,9,14,21,38,52,110,220,310,240762,0,5,7.9007389646519,2.2779370010539424,306.8697830003657,224.05040247215092
1789571848,100,,Aggregated,323.200000,0.000000,5,7,8,9,14,21,38,52,110,220,310,241079,0,5,7.90038371403364,2.2779370010539424,306.8697830003657,224.05055189377757
1789571849,100,,Aggregated,323.700000,0.000000,5,7,8,9,14,21,38,52,110,220,310,241422,0,5,7.897344494140913,2.2779370010539424,306.8697830003657,224.048019650239
1789571850,100,,Aggregated,323.500000,0.000000,5,7,8,9,14,21,38,52,110,220,310,241738,0,5,7.899387840486408,2.2779370010539424,306.8697830003657,224.05032721376034
1789571851,100,,Aggregated,324.700000,0.000000,5,7,8,9,14,21,38,52,110,220,310,242070,0,5,7.898195137197954,2.2779370010539424,306.8697830003657,224.0496674515636
1789571852,100,,Aggregated,325.600000,0.000000,5,7,8,9,14,21,38,52,110,220,310,242385,0,5,7.896893747733994,2.2779370010539424,306.8697830003657,224.05082410215152
1789571853,100,,Aggregated,325.700000,0.000000,5,7,8,9,14,21,38,52,110,220,310,242719,0,5,7.901476243851925,2.2779370010539424,306.8697830003657,224.04943164729585
1789571854,100,,Aggregated,325.700000,0.000000,5,7,8,9,14,21,38,52,110,220,310,243042,0,5,7.898868287635439,2.2779370010539424,306.8697830003657,224.0500901078826
1789571855,100,,Aggregated,325.100000,0.000000,5,7,8,9,14,21,38,52,110,220,310,243349,0,5,7.89660394499875,2.2779370010539424,306.8697830003657,224.05006389999548
1789571856,100,,Aggregated,323.800000,0.000000,5,7,8,9,14,21,38,52,110,220,310,243676,0,5,7.897003131590768,2.2779370010539424,306.8697830003657,224.0521019714703
1789571857,100,,Aggregated,326.000000,0.000000,5,7,8,9,14,21,38,52,110,220,310,244003,0,5,7.893700995948959,2.2779370010539424,306.8697830003657,224.05085593209918
1789571858,100,,Aggregated,324.600000,0.000000,5,7,8,9,14,21,38,52,110,220,310,244332,0,5,7.8939567839764875,2.2779370010539424,306.8697830003657,224.05056644238167
1789571859,100,,Aggregated,324.400000,0.000000,5,7,8,9,14,21,38,52,110,220,310,244657,0,5,7.893175940576205,2.2779370010539424,306.8697830003657,224.05333589474245
1789571860,100,,Aggregated,323.800000,0.000000,5,7,8,9,14,21,38,52,110,220,310,244991,0,5,7.890152564178073,2.2779370010539424,306.8697830003657,224.05481425848296
1789571861,100,,Aggregated,324.100000,0.000000,5,7,8,9,14,21,38,52,110,220,310,245312,0,5,7.890514747625734,2.2779370010539424,306.8697830003657,224.05459170362641
1789571862,100,,Aggregated,323.900000,0.000000,5,7,8,9,14,21,38,52,110,220,310,245627,0,5,7.8944462807939955,2.2779370010539424,306.8697830003657,224.05406978874473
1789571863,100,,Aggregated,322.500000,0.000000,5,7,8,9,14,21,38,52,110,220,310,245957,0,5,7.893260741652364,2.2779370010539424,306.8697830003657,224.05407042694455
1789571864,100,,Aggregated,322.800000,0.000000,5,7,8,9,14,21,38,52,110,220,310,246292,0,5,7.894178514919612,2.2779370010539424,306.8697830003657,224.05552758514284
1789571865,100,,Aggregated,323.300000,0.000000,5,7,8,9,14,21,38,52,110,220,310,246598,0,5,7.899440606454963,2.2779370010539424,306.8697830003657,224.05412047137446
1789571866,100,,Aggregated,322.700000,0.000000,5,7,8,9,14,21,38,52,110,220,310,246925,0,5,7.900447280735338,2.2779370010539424,306.8697830003657,224.05438088488407
1789571867,100,,Aggregated,324.100000,0.000000,5,7,8,9,14,21,38,52,110,220,310,247258,0,5,7.904373427834895,2.2779370010539424,306.8697830003657,224.05289616513926
1789571868,100,,Aggregated,323.800000,0.000000,5,7,8,9,14,21,38,52,110,220,310,247580,0,5,7.901419417148351,2.2779370010539424,306.8697830003657,224.05166410857098
1789571869,100,,Aggregated,323.500000,0.000000,5,7,8,9,14,21,38,52,110,220,310,247913,0,5,7.901217464822781,2.2779370010539424,306.8697830003657,224.0496383812063
1789571870,100,,Aggregated,322.700000,0.000000,5,7,8,9,14,21,38,52,110,220,310,248228,0,5,7.9048879767415805,2.2779370010539424,306.8697830003657,224.0490959923941
1789571871,100,,Aggregated,322.600000,0.000000,5,7,8,9,14,21,38,52,110,220,310,248558,0,5,7.9034151785924305,2.2779370010539424,306.8697830003657,224.04518462491652
1789571872,100,,Aggregated,323.000000,0.000000,5,7,8,9,14,21,38,52,110,220,310,248880,0,5,7.902388635646086,2.2779370010539424,306.8697830003657,224.04342655094825
1789571873,100,,Aggregated,324.000000,0.000000,5,7,8,9,14,21,38,52,110,220,310,249216,0,5,7.90121192698135,2.2779370010539424,306.8697830003657,224.0428704417052
1789571874,100,,Aggregated,323.600000,0.000000,5,7,8,9,14,21,38,52,110,220,310,249533,0,5,7.905286820995973,2.2779370010539424,306.8697830003657,224.04127309814734
1789571875,100,,Aggregated,324.700000,0.000000,5,7,8,9,14,21,38,52,110,220,310,249857,0,5,7.9028246866231155,2.2779370010539424,306.8697830003657,224.0421160904037
1789571876,100,,Aggregated,325.700000,0.000000,5,7,8,9,14,21,38,53,110,220,310,250170,0,5,7.916664067244721,2.2779370010539424,306.8697830003657,224.04308270376146
1789571877,100,,Aggregated,322.900000,0.000000,5,7,8,9,14,21,38,53,110,220,310,250494,0,5,7.916626044506493,2.2779370010539424,306.8697830003657,224.04111475723968
1789571878,100,,Aggregated,322.000000,0.000000,5,7,8,9,14,21,38,53,110,220,310,250813,0,5,7.914674292782295,2.2779370010539424,306.8697830003657,224.04274499328184
1789571879,100,,Aggregated,323.900000,0.000000,5,7,8,9,14,21,38,53,110,220,310,251137,0,5,7.9126783661013365,2.2779370010539424,306.8697830003657,224.04476839334706
1789571880,100,,Aggregated,323.700000,0.000000,5,7,8,9,14,21,38,53,110,220,310,251470,0,5,7.911117356009034,2.2779370010539424,306.8697830003657,224.04460969499343
1789571881,100,,Aggregated,323.700000,0.000000,5,7,8,9,14,21,38,53,110,220,310,251790,0,5,7.911041662757007,2.2779370010539424,306.8697830003657,224.04486675404107
1789571882,100,,Aggregated,322.800000,0.000000,5,7,8,9,14,21,38,53,110,220,310,252116,0,5,7.9098422425731085,2.2779370010539424,306.8697830003657,224.04364657538594
1789571883,100,,Aggregated,321.700000,0.000000,5,7,8,9,14,21,38,53,110,220,310,252442,0,5,7.906973591936195,2.2779370010539424,306.8697830003657,224.0434713716418
1789571884,100,,Aggregated,322.700000,0.000000,5,7,8,9,14,21,38,53,110,220,310,252763,0,5,7.906861955854155,2.2779370010539424,306.8697830003657,224.0430284495753
1789571885,100,,Aggregated,321.800000,0.000000,5,7,8,9,14,21,38,53,110,220,310,253074,0,5,7.90514474442878,2.2779370010539424,306.8697830003657,224.04203513596815
1789571886,100,,Aggregated,321.700000,0.000000,5,7,8,9,14,21,38,53,110,220,310,253405,0,5,7.907566350133435,2.2779370010539424,306.8697830003657,224.04147905526725
1789571887,100,,Aggregated,321.900000,0.000000,5,7,8,9,14,21,38,53,110,220,310,253717,0,5,7.9058567427274395,2.2779370010539424,306.8697830003657,224.0386257129006
1789571888,100,,Aggregated,323.200000,0.000000,5,7,8,9,14,21,38,53,110,220,310,254039,0,5,7.904485263276935,2.2779370010539424,306.8697830003657,224.04052921008193
1789571889,100,,Aggregated,320.900000,0.000000,5,7,8,9,14,21,38,53,110,220,310,254363,0,5,7.902191844366571,2.2779370010539424,306.8697830003657,224.0395379831186
1789571890,100,,Aggregated,321.900000,0.000000,5,7,8,9,14,21,38,52,110,220,310,254700,0,5,7.903921204344815,2.2779370010539424,306.8697830003657,224.04078916372202
1789571891,100,,Aggregated,321.300000,0.000000,5,7,8,9,14,21,38,52,110,220,310,255014,0,5,7.901642192454555,2.2779370010539424,306.8697830003657,224.04256629047816
1789571892,100,,Aggregated,321.000000,0.000000,5,7,8,9,14,21,38,52,110,220,310,255349,0,5,7.903324559479792,2.2779370010539424,306.8697830003657,224.04415525418153
1789571893,100,,Aggregated,322.500000,0.000000,5,7,8,9,14,21,38,52,110,220,310,255662,0,5,7.903131122179351,2.2779370010539424,306.8697830003657,224.0420437921944
1789571894,100,,Aggregated,322.200000,0.000000,5,7,8,9,14,21,38,52,110,220,310,255996,0,5,7.9071233882623915,2.2779370010539424,306.8697830003657,224.04266863544743
1789571895,100,,Aggregated,322.900000,0.000000,5,7,8,9,14,21,38,52,110,220,310,256322,0,5,7.907279929009625,2.2779370010539424,306.8697830003657,224.0406988085299
1789571896,100,,Aggregated,321.800000,0.000000,5,7,8,9,14,21,38,53,110,220,310,256638,0,5,7.915560136451361,2.2779370010539424,306.8697830003657,224.04117083206697
1789571897,100,,Aggregated,322.600000,0.000000,5,7,8,9,14,21,38,53,110,220,310,256962,0,5,7.913962292843285,2.2779370010539424,306.8697830003657,224.04123177746126
1789571898,100,,Aggregated,323.300000,0.000000,5,7,8,9,14,21,38,53,110,220,310,257297,0,5,7.910978978381361,2.2779370010539424,306.8697830003657,224.03942914219755
1789571899,100,,Aggregated,323.300000,0.000000,5,7,8,9,14,21,38,53,110,220,310,257624,0,5,7.9110978515611965,2.2779370010539424,306.8697830003657,224.0381253299382
1789571900,100,,Aggregated,323.500000,0.000000,5,7,8,9,14,21,38,53,110,220,310,257954,0,5,7.912002420898925,2.2779370010539424,306.8697830003657,224.0378904765966
1789571901,100,,Aggregated,324.100000,0.000000,5,7,8,9,14,21,38,52,110,220,310,258291,0,5,7.910097054707983,2.2779370010539424,306.8697830003657,224.03782555334874
1789571902,100,,Aggregated,325.500000,0.000000,5,7,8,9,14,21,38,53,110,220,310,258592,0,5,7.913732709324205,2.2779370010539424,306.8697830003657,224.0400631110011
1789571903,100,,Aggregated,325.500000,0.000000,5,7,8,9,14,21,38,52,110,220,310,258917,0,5,7.912063133388547,2.2779370010539424,306.8697830003657,224.0403024907596
1789571904,100,,Aggregated,325.800000,0.000000,5,7,8,9,14,21,38,52,110,220,310,259247,0,5,7.910063759181653,2.2779370010539424,306.8697830003657,224.0392830003819
1789571905,100,,Aggregated,322.900000,0.000000,5,7,8,9,14,21,38,52,110,220,310,259570,0,5,7.909305098052809,2.2779370010539424,306.8697830003657,224.03802057248527
1789571906,100,,Aggregated,324.400000,0.000000,5,7,8,9,14,21,38,52,110,220,310,259892,0,5,7.907662709131344,2.2779370010539424,306.8697830003657,224.03682683576255
1789571907,100,,Aggregated,324.500000,0.000000,5,7,8,9,14,21,38,52,110,220,310,260207,0,5,7.905873418449809,2.2779370010539424,306.8697830003657,224.03446102526067
1789571908,100,,Aggregated,323.700000,0.000000,5,7,8,9,14,21,38,52,110,220,310,260535,0,5,7.904984956042658,2.2779370010539424,306.8697830003657,224.03779914406894
1789571909,100,,Aggregated,324.000000,0.000000,5,7,8,9,14,21,38,52,110,220,310,260879,0,5,7.903795354212421,2.2779370010539424,306.8697830003657,224.0368485006459
1789571910,100,,Aggregated,323.700000,0.000000,5,7,8,9,14,21,38,52,110,220,310,261195,0,5,7.907551006189172,2.2779370010539424,306.8697830003657,224.0341124447252
1789571911,100,,Aggregated,323.900000,0.000000,5,7,8,9,14,21,38,52,110,220,310,261527,0,5,7.905395707741813,2.2779370010539424,306.8697830003657,224.03698662088428
1789571912,100,,Aggregated,324.000000,0.000000,5,7,8,9,14,21,38,52,110,220,310,261849,0,5,7.902762009771313,2.2779370010539424,306.8697830003657,224.03703661270427
1789571913,100,,Aggregated,322.400000,0.000000,5,7,8,9,14,21,38,52,110,220,310,262172,0,5,7.9013400254742105,2.2779370010539424,306.8697830003657,224.03890957081612
1789571914,100,,Aggregated,322.700000,0.000000,5,7,8,9,14,21,38,52,110,220,310,262489,0,5,7.9000133208578545,2.2779370010539424,306.8697830003657,224.0377463436563
1789571915,100,,Aggregated,324.400000,0.000000,5,7,8,9,14,21,38,52,110,220,310,262822,0,5,7.900277842949368,2.2779370010539424,306.8697830003657,224.03364254133976
1789571916,100,,Aggregated,324.000000,0.000000,5,7,8,9,14,21,38,52,110,220,310,263148,0,5,7.901156653543457,2.2779370010539424,306.8697830003657,224.03466490340037
1789571917,100,,Aggregated,322.600000,0.000000,5,7,8,9,14,21,38,52,110,220,310,263470,0,5,7.902593287321606,2.2779370010539424,306.8697830003657,224.0351690894599
1789571918,100,,Aggregated,324.500000,0.000000,5,7,8,9,14,21,38,52,110,220,310,263787,0,5,7.900390257118904,2.2779370010539424,306.8697830003657,224.03435347458367
1789571919,100,,Aggregated,325.500000,0.000000,5,7,8,9,14,21,38,52,110,220,310,264097,0,5,7.90005315014034,2.2779370010539424,306.8697830003657,224.0340329500146
1789571920,100,,Aggregated,324.900000,0.000000,5,7,8,9,14,21,38,52,110,220,310,264435,0,5,7.900405412058251,2.2779370010539424,306.8697830003657,224.03408777204228
1789571921,100,,Aggregated,322.500000,0.000000,5,7,8,9,14,21,38,52,110,220,310,264757,0,5,7.897335487388933,2.2779370010539424,306.8697830003657,224.03328712744138
1789571922,100,,Aggregated,321.100000,0.000000,5,7,8,9,14,21,38,52,110,220,310,265089,0,5,7.899187819078315,2.2779370010539424,306.8697830003657,224.03424133027022
1789571923,100,,Aggregated,323.500000,0.000000,5,7,8,9,14,21,38,52,110,220,310,265418,0,5,7.903640172552926,2.2779370010539424,306.8697830003657,224.03516340263283
1789571924,100,,Aggregated,322.000000,0.000000,5,7,8,9,14,21,38,52,110,220,310,265740,0,5,7.90160799989703,2.2779370010539424,306.8697830003657,224.03536163167004
1789571925,100,,Aggregated,323.200000,0.000000,5,7,8,9,14,21,38,52,110,220,310,266044,0,5,7.904220466774714,2.2779370010539424,306.8697830003657,224.03367488084677
1789571926,100,,Aggregated,323.400000,0.000000,5,7,8,9,14,21,38,52,110,220,310,266366,0,5,7.903862816994694,2.2779370010539424,306.8697830003657,224.03473040853564
1789571927,100,,Aggregated,324.300000,0.000000,5,7,8,9,14,21,38,52,110,220,310,266681,0,5,7.901086216455572,2.2779370010539424,306.8697830003657,224.03449814572465
1789571928,100,,Aggregated,320.900000,0.000000,5,7,8,9,14,21,38,52,110,220,310,267004,0,5,7.899964754436662,2.2779370010539424,306.8697830003657,224.03376353912302
1789571930,100,,Aggregated,320.400000,0.000000,5,7,8,9,14,21,38,52,110,220,310,267342,0,5,7.900478361101654,2.2779370010539424,306.8697830003657,224.03336924239363
1789571931,100,,Aggregated,320.200000,0.000000,5,7,8,9,14,21,38,52,110,220,310,267664,0,5,7.898666234542769,2.2779370010539424,306.8697830003657,224.03210368222847
1789571932,100,,Aggregated,323.600000,0.000000,5,7,8,9,14,21,38,52,110,220,310,267976,0,5,7.904185935231734,2.2779370010539424,306.8697830003657,224.03173791682838
1789571933,100,,Aggregated,321.900000,0.000000,5,7,8,9,14,21,38,52,110,220,310,268306,0,5,7.903081867217449,2.2779370010539424,306.8697830003657,224.03239957362118
1789571934,100,,Aggregated,320.700000,0.000000,5,7,8,9,14,21,38,52,110,220,310,268626,0,5,7.904306433255407,2.2779370010539424,306.8697830003657,224.0338239783193
1789571935,100,,Aggregated,320.600000,0.000000,5,7,8,9,14,21,38,52,110,220,310,268948,0,5,7.905630840347098,2.2779370010539424,306.8697830003657,224.03548641373052
1789571936,100,,Aggregated,320.300000,0.000000,5,7,8,9,14,21,38,52,110,220,310,269278,0,5,7.903219313410931,2.2779370010539424,306.8697830003657,224.03566574320962
1789571937,100,,Aggregated,319.600000,0.000000,5,7,8,9,14,21,38,52,110,220,310,269614,0,5,7.902599733076434,2.2779370010539424,306.8697830003657,224.03618877358
1789571938,100,,Aggregated,322.500000,0.000000,5,7,8,9,14,21,38,52,110,220,310,269939,0,5,7.903543641588168,2.2779370010539424,306.8697830003657,224.03652677086305
1789571939,100,,Aggregated,324.000000,0.000000,5,7,8,9,14,21,38,52,110,220,310,270266,0,5,7.900896541391313,2.2779370010539424,306.8697830003657,224.03496185239726
1789571940,100,,Aggregated,324.800000,0.000000,5,7,8,9,14,21,38,52,110,220,310,270585,0,5,7.899272046564537,2.2779370010539424,306.8697830003657,224.038716115084
1789571941,100,,Aggregated,325.600000,0.000000,5,7,8,9,14,21,38,52,110,220,310,270912,0,5,7.900794145872713,2.2779370010539424,306.8697830003657,224.03866200094495
1789571942,100,,Aggregated,323.400000,0.000000,5,7,8,9,14,21,38,52,110,220,310,271224,0,5,7.898625477393831,2.2779370010539424,306.8697830003657,224.03964250951242
1789571943,100,,Aggregated,324.000000,0.000000,5,7,8,9,14,21,38,52,110,220,310,271555,0,5,7.898463426619477,2.2779370010539424,306.8697830003657,224.03820220581466
1789571944,100,,Aggregated,324.100000,0.000000,5,7,8,9,14,21,38,52,110,220,310,271873,0,5,7.9001524074794345,2.2779370010539424,306.8697830003657,224.03846281168046
1789571945,100,,Aggregated,324.500000,0.000000,5,7,8,9,14,21,38,52,110,220,310,272186,0,5,7.900907291450126,2.2779370010539424,306.8697830003657,224.04036210532504
1789571946,100,,Aggregated,323.700000,0.000000,5,7,8,9,14,21,38,52,110,220,310,272510,0,5,7.901794816519186,2.2779370010539424,306.8697830003657,224.04075813731606
1789571947,100,,Aggregated,323.600000,0.000000,5,7,8,9,14,21,38,52,110,220,310,272842,0,5,7.899444407553328,2.2779370010539424,306.8697830003657,224.04083315618564
1789571948,100,,Aggregated,322.100000,0.000000,5,7,8,9,14,21,38,52,110,220,310,273166,0,5,7.896742827001359,2.2779370010539424,306.8697830003657,224.0427395795963
1789571949,100,,Aggregated,321.500000,0.000000,5,7,8,9,14,21,38,52,110,220,310,273497,0,5,7.896722488486726,2.2779370010539424,306.8697830003657,224.0451156685448
1789571950,100,,Aggregated,321.500000,0.000000,5,7,8,9,14,21,38,52,110,220,310,273833,0,5,7.895072480861185,2.2779370010539424,306.8697830003657,224.04531959259842
1789571951,100,,Aggregated,321.700000,0.000000,5,7,8,9,14,21,38,52,110,220,310,274152,0,5,7.894567805551843,2.2779370010539424,306.8697830003657,224.04262963611427
1789571952,100,,Aggregated,323.500000,0.000000,5,7,8,9,14,21,38,52,110,220,310,274484,0,5,7.8978349962645,2.2779370010539424,306.8697830003657,224.04224654260358
1789571953,100,,Aggregated,322.100000,0.000000,5,7,8,9,14,21,38,52,110,220,310,274807,0,5,7.895603726366743,2.2779370010539424,306.8697830003657,224.042888281594
1789571954,100,,Aggregated,324.300000,0.000000,5,7,8,9,14,21,38,52,110,220,310,275142,0,5,7.893887357912218,2.2779370010539424,306.8697830003657,224.04361020854685
1789571955,100,,Aggregated,324.600000,0.000000,5,7,8,9,14,21,38,52,110,220,310,275469,0,5,7.892608268417419,2.2779370010539424,306.8697830003657,224.04133314456436
1789571956,100,,Aggregated,325.800000,0.000000,5,7,8,9,14,21,38,52,110,220,310,275795,0,5,7.891187166379633,2.2779370010539424,306.8697830003657,224.03952210881272
1789571957,100,,Aggregated,327.100000,0.000000,5,7,8,9,14,21,38,52,110,220,310,276129,0,5,7.888925663474913,2.2779370010539424,306.8697830003657,224.03692839216453
1789571958,100,,Aggregated,327.500000,0.000000,5,7,8,9,14,21,38,52,110,220,310,276453,0,5,7.891989186232966,2.2779370010539424,306.8697830003657,224.03693213674657
1789571959,100,,Aggregated,328.000000,0.000000,5,7,8,9,14,21,38,52,110,220,310,276781,0,5,7.892985490581637,2.2779370010539424,306.8697830003657,224.03755315574406
1789571960,100,,Aggregated,326.500000,0.000000,5,7,8,9,14,21,38,52,110,220,310,277108,0,5,7.892442030499594,2.2779370010539424,306.8697830003657,224.03844710365632
1789571961,100,,Aggregated,328.200000,0.000000,5,7,8,9,14,21,38,52,110,220,310,277438,0,5,7.8901790841762764,2.2779370010539424,306.8697830003657,224.03691996049568
1789571962,100,,Aggregated,326.500000,0.000000,5,7,8,9,14,21,38,52,110,220,310,277772,0,5,7.892376626613552,2.2779370010539424,306.8697830003657,224.03469392163356
1789571963,100,,Aggregated,327.600000,0.000000,5,7,8,9,14,21,38,52,110,220,310,278081,0,5,7.890042096165099,2.2779370010539424,306.8697830003657,224.03510847558806
1789571964,100,,Aggregated,327.100000,0.000000,5,7,8,9,14,21,38,52,110,220,310,278424,0,5,7.888266504969645,2.2779370010539424,306.8697830003657,224.0361642674482
1789571965,100,,Aggregated,326.600000,0.000000,5,7,8,9,14,21,38,52,110,220,310,278731,0,5,7.887769346928265,2.2779370010539424,306.8697830003657,224.0407525535373
1789571966,100,,Aggregated,326.800000,0.000000,5,7,8,9,14,21,38,52,110,220,310,279056,0,5,7.886402455968276,2.2779370010539424,306.8697830003657,224.04152929877873
1789571967,100,,Aggregated,326.300000,0.000000,5,7,8,9,14,21,38,52,110,220,310,279388,0,5,7.886463345972883,2.2779370010539424,306.8697830003657,224.04144415651353
1789571968,100,,Aggregated,325.000000,0.000000,5,7,8,9,14,21,38,52,110,220,310,279715,0,5,7.884845763079089,2.2779370010539424,306.8697830003657,224.04122052803746
1789571969,100,,Aggregated,324.300000,0.000000,5,7,8,9,14,21,38,52,110,220,310,280040,0,5,7.882072098252673,2.2779370010539424,306.8697830003657,224.04292958148835
1789571970,100,,Aggregated,326.900000,0.000000,5,7,8,9,14,21,38,52,110,220,310,280345,0,5,7.888622362545037,2.2779370010539424,306.8697830003657,224.04387807879576
1789571971,100,,Aggregated,324.700000,0.000000,5,7,8,9,14,21,38,52,110,220,310,280677,0,5,7.8860326448505145,2.2779370010539424,306.8697830003657,224.04644484585484
1789571972,100,,Aggregated,323.400000,0.000000,5,7,8,9,14,21,38,52,110,220,310,281007,0,5,7.884823363221184,2.2779370010539424,306.8697830003657,224.04690274619495
1789571973,100,,Aggregated,323.900000,0.000000,5,7,8,9,14,21,38,52,110,220,310,281326,0,5,7.884199285073885,2.2779370010539424,306.8697830003657,224.04800125121744
1789571974,100,,Aggregated,323.400000,0.000000,5,7,8,9,14,21,38,52,110,220,310,281643,0,5,7.885482062397021,2.2779370010539424,306.8697830003657,224.04721935215858
1789571975,100,,Aggregated,322.600000,0.000000,5,7,8,9,14,21,38,52,110,220,310,281973,0,5,7.895812943723925,2.2779370010539424,306.8697830003657,224.04817127881037
1789571976,100,,Aggregated,322.500000,0.000000,5,7,8,9,14,21,38,52,110,220,310,282308,0,5,7.89463763562024,2.2779370010539424,306.8697830003657,224.04475962424019
1789571977,100,,Aggregated,321.600000,0.000000,5,7,8,9,14,21,38,52,110,220,310,282631,0,5,7.892332140903383,2.2779370010539424,306.8697830003657,224.04360455859407
1789571978,100,,Aggregated,324.700000,0.000000,5,7,8,9,14,21,38,52,110,220,310,282969,0,5,7.890584549698583,2.2779370010539424,306.8697830003657,224.0463549010669
1789571979,100,,Aggregated,325.400000,0.000000,5,7,8,9,14,21,38,52,110,220,310,283284,0,5,7.888917350826945,2.2779370010539424,306.8697830003657,224.04418534050635
1789571980,100,,Aggregated,324.000000,0.000000,5,7,8,9,14,21,38,52,110,220,310,283604,0,5,7.8876762670155,2.2779370010539424,306.8697830003657,224.04468907349684
1789571981,100,,Aggregated,323.800000,0.000000,5,7,8,9,14,21,38,52,110,220,310,283924,0,5,7.887807849116854,2.2779370010539424,306.8697830003657,224.0452268917034
1789571982,100,,Aggregated,323.900000,0.000000,5,7,8,9,14,21,38,52,110,220,310,284249,0,5,7.886201364453971,2.2779370010539424,306.8697830003657,224.04757096770788
1789571983,100,,Aggregated,324.300000,0.000000,5,7,8,9,14,21,38,52,110,220,310,284574,0,5,7.885363041067243,2.2779370010539424,306.8697830003657,224.0487043791773
1789571984,100,,Aggregated,323.200000,0.000000,5,7,8,9,14,21,38,52,110,220,310,284893,0,5,7.885539305499568,2.2779370010539424,306.8697830003657,224.04982572404376
1789571985,100,,Aggregated,324.500000,0.000000,5,7,8,9,14,21,38,52,110,220,310,285208,0,5,7.8861751319798445,2.2779370010539424,306.8697830003657,224.05141510757062
1789571986,100,,Aggregated,323.600000,0.000000,5,7,8,9,14,21,38,52,110,220,310,285544,0,5,7.883743760228617,2.2779370010539424,306.8697830003657,224.05153671588266
1789571987,100,,Aggregated,323.200000,0.000000,5,7,8,9,14,21,38,52,110,220,310,285848,0,5,7.889541219150534,2.2779370010539424,306.8697830003657,224.05183873946993
1789571988,100,,Aggregated,321.800000,0.000000,5,7,8,9,14,21,38,52,110,220,310,286163,0,5,7.888613465758049,2.2779370010539424,306.8697830003657,224.0510653019433
1789571989,100,,Aggregated,319.400000,0.000000,5,7,8,9,14,21,38,52,110,220,310,286509,0,5,7.891222006106987,2.2779370010539424,306.8697830003657,224.05193205100014
1789571990,100,,Aggregated,319.700000,0.000000,5,7,8,9,14,21,38,52,110,220,310,286842,0,5,7.890218590993282,2.2779370010539424,306.8697830003657,224.0513906610608
1789571991,100,,Aggregated,320.100000,0.000000,5,7,8,9,14,21,38,52,110,220,310,287161,0,5,7.890454843518764,2.2779370010539424,306.8697830003657,224.0511559717371
1789571992,100,,Aggregated,322.800000,0.000000,5,7,8,9,14,21,38,52,110,220,310,287481,0,5,7.8883285880725875,2.2779370010539424,306.8697830003657,224.04934239132325
1789571993,100,,Aggregated,321.700000,0.000000,5,7,8,9,14,21,38,52,110,220,310,287809,0,5,7.887170275223145,2.2779370010539424,306.8697830003657,224.0510581670483
1789571994,100,,Aggregated,322.100000,0.000000,5,7,8,9,14,21,38,52,110,220,310,288129,0,5,7.8856919256399065,2.2779370010539424,306.8697830003657,224.05310815641604
1789571995,100,,Aggregated,321.300000,0.000000,5,7,8,9,14,21,38,52,110,220,310,288458,0,5,7.885927241573141,2.2779370010539424,306.8697830003657,224.0515464989704
1789571996,100,,Aggregated,322.800000,0.000000,5,7,8,9,14,21,38,52,110,220,310,288781,0,5,7.885155084145803,2.2779370010539424,306.8697830003657,224.0506854675342
1789571997,100,,Aggregated,322.200000,0.000000,5,7,8,9,14,21,38,52,110,220,310,289103,0,5,7.883391412703137,2.2779370010539424,306.8697830003657,224.0506324735475
1789571998,100,,Aggregated,322.800000,0.000000,5,7,8,9,14,21,38,52,110,220,310,289442,0,5,7.881893738464786,2.2779370010539424,306.8697830003657,224.05077355739664
1789571999,100,,Aggregated,323.900000,0.000000,5,7,8,9,14,21,38,51,110,220,310,289770,0,5,7.8819057650677875,2.2779370010539424,306.8697830003657,224.04996376436483
1789572000,100,,Aggregated,325.300000,0.000000,5,7,8,9,14,21,38,51,110,220,310,290099,0,5,7.880029511858652,2.2779370010539424,306.8697830003657,224.04751481390835
1789572001,100,,Aggregated,325.400000,0.000000,5,7,8,9,14,21,38,51,110,220,310,290415,0,5,7.8805865914594735,2.2779370010539424,306.8697830003657,224.04726684227742
1789572002,100,,Aggregated,324.300000,0.000000,5,7,8,9,14,21,38,52,110,220,310,290734,0,5,7.894617228434644,2.2779370010539424,306.8697830003657,224.04840507130228
1789572003,100,,Aggregated,323.600000,0.000000,5,7,8,9,14,21,38,52,110,220,310,291064,0,5,7.892315871058437,2.2779370010539424,306.8697830003657,224.04895830470275
1789572004,100,,Aggregated,325.200000,0.000000,5,7,8,9,14,21,38,52,110,220,310,291390,0,5,7.891026167952745,2.2779370010539424,306.8697830003657,224.0490202134596
1789572005,100,,Aggregated,325.100000,0.000000,5,7,8,9,14,21,38,52,110,220,310,291716,0,5,7.892554728588016,2.2779370010539424,306.8697830003657,224.0487460406697
1789572006,100,,Aggregated,324.100000,0.000000,5,7,8,9,14,21,38,52,110,220,310,292046,0,5,7.892930450058468,2.2779370010539424,306.8697830003657,224.04861905316287
1789572007,100,,Aggregated,326.700000,0.000000,5,7,8,9,14,21,38,52,110,220,310,292368,0,5,7.8903477021930755,2.2779370010539424,306.8697830003657,224.0509905324796
1789572008,100,,Aggregated,326.100000,0.000000,5,7,8,9,14,21,38,52,110,220,310,292702,0,5,7.892472869227979,2.2779370010539424,306.8697830003657,224.054017396533
1789572009,100,,Aggregated,325.400000,0.000000,5,7,8,9,14,21,38,52,110,220,310,293017,0,5,7.893367308609271,2.2779370010539424,306.8697830003657,224.05356685789562
1789572010,100,,Aggregated,324.900000,0.000000,5,7,8,9,14,21,38,52,110,220,310,293358,0,5,7.893156981325701,2.2779370010539424,306.8697830003657,224.05271715787535
1789572011,100,,Aggregated,325.600000,0.000000,5,7,8,9,14,21,38,52,110,220,310,293692,0,5,7.89137716402123,2.2779370010539424,306.8697830003657,224.05533007368263
1789572012,100,,Aggregated,324.700000,0.000000,5,7,8,9,14,21,38,52,110,220,310,294008,0,5,7.890912638366013,2.2779370010539424,306.8697830003657,224.05712769720552
1789572013,100,,Aggregated,327.200000,0.000000,5,7,8,9,14,21,38,52,110,220,310,294331,0,5,7.888031648364264,2.2779370010539424,306.8697830003657,224.05799253221713
1789572014,100,,Aggregated,325.600000,0.000000,5,7,8,9,14,21,38,52,110,220,310,294659,0,5,7.888452068057283,2.2779370010539424,306.8697830003657,224.0608907245324
1789572015,100,,Aggregated,325.900000,0.000000,5,7,8,9,14,21,38,52,110,220,310,294982,0,5,7.88696542416716,2.2779370010539424,306.8697830003657,224.05816965102954
1789572016,100,,Aggregated,325.400000,0.000000,5,7,8,9,14,21,38,52,110,220,310,295313,0,5,7.885188514828881,2.2779370010539424,306.8697830003657,224.05783693911206
1789572017,100,,Aggregated,324.500000,0.000000,5,7,8,9,14,21,38,52,110,220,310,295640,0,5,7.88604840788681,2.2779370010539424,306.8697830003657,224.05569611689893
1789572018,100,,Aggregated,325.600000,0.000000,5,7,8,9,14,21,38,52,110,220,310,295967,0,5,7.888052758877316,2.2779370010539424,306.8697830003657,224.05734760969972
1789572019,100,,Aggregated,326.300000,0.000000,5,7,8,9,14,21,38,52,110,220,310,296298,0,5,7.886391010731271,2.2779370010539424,306.8697830003657,224.0564533003935
1789572020,100,,Aggregated,324.900000,0.000000,5,7,8,9,14,21,38,51,110,220,310,296626,0,5,7.8857814499559735,2.2779370010539424,306.8697830003657,224.0558143925347
1789572021,100,,Aggregated,325.500000,0.000000,5,7,8,9,14,21,38,51,110,220,310,296952,0,5,7.887274955196883,2.2779370010539424,306.8697830003657,224.05796222958594
1789572022,100,,Aggregated,326.800000,0.000000,5,7,8,9,14,21,38,51,110,220,310,297264,0,5,7.885385294602135,2.2779370010539424,306.8697830003657,224.05841945206953
1789572023,100,,Aggregated,324.800000,0.000000,5,7,8,9,14,21,38,51,110,220,310,297593,0,5,7.888952029078704,2.2779370010539424,306.8697830003657,224.05875810250913
1789572024,100,,Aggregated,325.600000,0.000000,5,7,8,9,14,21,38,52,110,220,310,297909,0,5,7.899375378201445,2.2779370010539424,306.8697830003657,224.06052183720533
1789572025,100,,Aggregated,325.000000,0.000000,5,7,8,9,14,21,38,52,110,220,310,298244,0,5,7.896808826134354,2.2779370010539424,306.8697830003657,224.0595619693942
1789572026,100,,Aggregated,325.600000,0.000000,5,7,8,9,14,21,38,52,110,220,310,298564,0,5,7.899530605550657,2.2779370010539424,306.8697830003657,224.06232834501145
1789572027,100,,Aggregated,326.000000,0.000000,5,7,8,9,14,21,38,52,110,220,310,298879,0,5,7.903051481705382,2.2779370010539424,306.8697830003657,224.06053285777855
1789572028,100,,Aggregated,324.400000,0.000000,5,7,8,9,14,21,38,52,110,220,310,299212,0,5,7.902920562312359,2.2779370010539424,306.8697830003657,224.0622200981244
1789572029,100,,Aggregated,323.900000,0.000000,5,7,8,9,14,21,38,52,110,220,310,299530,0,5,7.904197959628789,2.2779370010539424,306.8697830003657,224.06237104797515
1789572030,100,,Aggregated,324.100000,0.000000,5,7,8,9,14,21,38,52,110,220,310,299851,0,5,7.9095988452184764,2.2779370010539424,306.8697830003657,224.06368162854218
1789572031,100,,Aggregated,321.900000,0.000000,5,7,8,9,14,21,38,52,110,220,310,300180,0,5,7.908308990610985,2.2779370010539424,306.8697830003657,224.06341528416283
1789572032,100,,Aggregated,322.300000,0.000000,5,7,8,9,14,21,38,52,110,220,310,300504,0,5,7.907246842799449,2.2779370010539424,306.8697830003657,224.06308734659106
1789572033,100,,Aggregated,322.000000,0.000000,5,7,8,9,14,21,38,52,110,220,310,300827,0,5,7.907179644272744,2.2779370010539424,306.8697830003657,224.0637476024426
1789572034,100,,Aggregated,322.500000,0.000000,5,7,8,9,14,21,38,52,110,220,310,301147,0,5,7.905307800066505,2.2779370010539424,306.8697830003657,224.0639853626302
1789572035,100,,Aggregated,322.800000,0.000000,5,7,8,9,14,21,38,52,110,220,310,301483,0,5,7.904303272027332,2.2779370010539424,306.8697830003657,224.06696563321978
1789572036,100,,Aggregated,323.200000,0.000000,5,7,8,9,14,21,38,52,110,220,310,301808,0,5,7.9166488145861225,2.2779370010539424,306.8697830003657,224.06610825425437
1789572037,100,,Aggregated,322.800000,0.000000,5,7,8,9,14,21,38,52,110,220,310,302136,0,5,7.914726153532235,2.2779370010539424,306.8697830003657,224.0688166918209
1789572038,100,,Aggregated,324.200000,0.000000,5,7,8,9,14,21,38,52,110,220,310,302468,0,5,7.914251260585069,2.2779370010539424,306.8697830003657,224.06791792850814
1789572039,100,,Aggregated,324.100000,0.000000,5,7,8,9,14,21,38,52,110,220,310,302801,0,5,7.912567811987569,2.2779370010539424,306.8697830003657,224.06682606728512
1789572040,100,,Aggregated,324.900000,0.000000,5,7,8,9,14,21,38,52,110,220,310,303126,0,5,7.911522197834097,2.2779370010539424,306.8697830003657,224.06616720439686
1789572041,100,,Aggregated,325.800000,0.000000,5,7,8,9,14,21,38,52,110,220,310,303440,0,5,7.9105869571831935,2.2779370010539424,306.8697830003657,224.06809912997628
1789572042,100,,Aggregated,324.500000,0.000000,5,7,8,9,14,21,38,52,110,220,310,303779,0,5,7.911192681612828,2.2779370010539424,306.8697830003657,224.0701068869145
1789572043,100,,Aggregated,324.800000,0.000000,5,7,8,9,14,21,38,52,110,220,310,304104,0,5,7.909579764533386,2.2779370010539424,306.8697830003657,224.06944992502565
1789572044,100,,Aggregated,326.400000,0.000000,5,7,8,9,14,21,38,52,110,220,310,304427,0,5,7.9084374276185745,2.2779370010539424,306.8697830003657,224.06700785409967
1789572045,100,,Aggregated,326.200000,0.000000,5,7,8,9,14,21,38,52,110,220,310,304757,0,5,7.906454273462577,2.2779370010539424,306.8697830003657,224.0670862359191
1789572046,100,,Aggregated,325.400000,0.000000,5,7,8,9,14,21,38,52,110,220,310,305064,0,5,7.913765459476151,2.2779370010539424,306.8697830003657,224.06672042587786
1789572047,100,,Aggregated,326.400000,0.000000,5,7,8,9,14,21,38,52,110,220,310,305385,0,5,7.914010127248027,2.2779370010539424,306.8697830003657,224.06626717094815
1789572048,100,,Aggregated,324.900000,0.000000,5,7,8,9,14,21,38,52,110,220,310,305690,0,5,7.912029877711531,2.2779370010539424,306.8697830003657,224.06414995583762
1789572049,100,,Aggregated,323.900000,0.000000,5,7,8,9,14,21,38,52,110,220,310,306039,0,5,7.914219184334752,2.2779370010539424,306.8697830003657,224.0659393083888
1789572050,100,,Aggregated,323.000000,0.000000,5,7,8,9,14,21,38,52,110,220,310,306361,0,5,7.9135231063080775,2.2779370010539424,306.8697830003657,224.06613113287918
1789572051,100,,Aggregated,322.600000,0.000000,5,7,8,9,14,21,38,52,110,220,310,306689,0,5,7.911765250529552,2.2779370010539424,306.8697830003657,224.06209221719723
1789572052,100,,Aggregated,324.100000,0.000000,5,7,8,9,14,21,38,52,110,220,310,307009,0,5,7.913078680431646,2.2779370010539424,306.8697830003657,224.05908621571353
1789572053,100,,Aggregated,324.800000,0.000000,5,7,8,9,14,21,38,52,110,220,310,307347,0,5,7.913943111364794,2.2779370010539424,306.8697830003657,224.0602055656961
1789572054,100,,Aggregated,323.300000,0.000000,5,7,8,9,14,21,38,52,110,220,310,307674,0,5,7.9120263887252085,2.2779370010539424,306.8697830003657,224.060798117488
1789572055,100,,Aggregated,321.600000,0.000000,5,7,8,9,14,21,38,52,110,220,310,307996,0,5,7.909776022865969,2.2779370010539424,306.8697830003657,224.05922479512722
1789572056,100,,Aggregated,323.400000,0.000000,5,7,8,9,14,21,38,52,110,220,310,308314,0,5,7.910865473039372,2.2779370010539424,306.8697830003657,224.0574965781638
1789572057,100,,Aggregated,323.200000,0.000000,5,7,8,9,14,21,38,52,110,220,310,308632,0,5,7.909960298888981,2.2779370010539424,306.8697830003657,224.05468000725784
1789572058,100,,Aggregated,322.900000,0.000000,5,7,8,9,14,21,38,52,110,220,310,308945,0,5,7.9098772555202155,2.2779370010539424,306.8697830003657,224.054171454466
1789572059,100,,Aggregated,324.000000,0.000000,5,7,8,9,14,21,38,52,110,220,310,309271,0,5,7.908641880589141,2.2779370010539424,306.8697830003657,224.05501000740452
1789572060,100,,Aggregated,323.600000,0.000000,5,7,8,9,14,21,38,52,110,220,310,309599,0,5,7.906221381001483,2.2779370010539424,306.8697830003657,224.05476438877386
1789572061,100,,Aggregated,323.100000,0.000000,5,7,8,9,14,21,38,52,110,220,310,309901,0,5,7.911913901248043,2.2779370010539424,306.8697830003657,224.05632443909508
1789572062,100,,Aggregated,322.500000,0.000000,5,7,8,9,14,21,38,52,110,220,310,310243,0,5,7.910815410335425,2.2779370010539424,306.8697830003657,224.05815119116306
1789572063,100,,Aggregated,321.000000,0.000000,5,7,8,9,14,21,38,52,110,220,310,310555,0,5,7.908829342598564,2.2779370010539424,306.8697830003657,224.05757112266747
1789572064,100,,Aggregated,320.400000,0.000000,5,7,8,9,14,21,38,52,110,220,310,310885,0,5,7.908566047244779,2.2779370010539424,306.8697830003657,224.05622657896006
1789572065,100,,Aggregated,321.300000,0.000000,5,7,8,9,14,21,38,52,110,220,310,311231,0,5,7.906025279884412,2.2779370010539424,306.8697830003657,224.0574974857903
1789572066,100,,Aggregated,320.300000,0.000000,5,7,8,9,14,21,38,52,110,220,310,311559,0,5,7.9043586593412885,2.2779370010539424,306.8697830003657,224.06121472979436
1789572067,100,,Aggregated,321.400000,0.000000,5,7,8,9,14,21,38,52,110,220,310,311881,0,5,7.904138345140385,2.2779370010539424,306.8697830003657,224.0625398789923
1789572068,100,,Aggregated,323.700000,0.000000,5,7,8,9,14,21,38,52,110,220,310,312196,0,5,7.9030593199519314,2.2779370010539424,306.8697830003657,224.06150303014772
1789572069,100,,Aggregated,323.000000,0.000000,5,7,8,9,14,21,38,52,110,220,310,312515,0,5,7.900833168336602,2.2779370010539424,306.8697830003657,224.06325456378093
1789572070,100,,Aggregated,324.200000,0.000000,5,7,8,9,14,21,38,52,110,220,310,312828,0,5,7.9060836907173195,2.2779370010539424,306.8697830003657,224.06362282148658
1789572071,100,,Aggregated,323.900000,0.000000,5,7,8,9,14,21,38,52,110,220,310,313158,0,5,7.905523452885549,2.2779370010539424,306.8697830003657,224.06471493623027
1789572072,100,,Aggregated,323.200000,0.000000,5,7,8,9,14,21,38,52,110,220,310,313489,0,5,7.902976790913715,2.2779370010539424,306.8697830003657,224.06348867105385
1789572073,100,,Aggregated,323.400000,0.000000,5,7,8,9,14,21,38,52,110,220,310,313814,0,5,7.901711618531204,2.2779370010539424,306.8697830003657,224.06410166531768
1789572074,100,,Aggregated,324.600000,0.000000,5,7,8,9,14,21,38,52,110,220,310,314142,0,5,7.900828308913691,2.2779370010539424,306.8697830003657,224.0642002661217
1789572075,100,,Aggregated,324.600000,0.000000,5,7,8,9,14,21,38,52,110,220,310,314463,0,5,7.898448803400552,2.2779370010539424,306.8697830003657,224.06257015928742
1789572076,100,,Aggregated,325.500000,0.000000,5,7,8,9,14,21,38,52,110,220,310,314778,0,5,7.898645032981156,2.2779370010539424,306.8697830003657,224.06332399341758
1789572077,100,,Aggregated,322.700000,0.000000,5,7,8,9,14,21,38,52,110,220,310,315110,0,5,7.895971131705605,2.2779370010539424,306.8697830003657,224.06162292532767
1789572078,100,,Aggregated,321.000000,0.000000,5,7,8,9,14,21,38,52,110,220,310,315434,0,5,7.893919537636285,2.2779370010539424,306.8697830003657,224.06242510319115
1789572079,100,,Aggregated,322.200000,0.000000,5,7,8,9,14,21,38,52,110,220,310,315753,0,5,7.8925415885605625,2.2779370010539424,306.8697830003657,224.06286242727703
1789572080,100,,Aggregated,321.200000,0.000000,5,7,8,9,14,21,38,52,110,220,310,316085,0,5,7.8924669568811,2.2779370010539424,306.8697830003657,224.06387522343672
1789572081,100,,Aggregated,322.700000,0.000000,5,7,8,9,14,21,38,52,110,220,310,316397,0,5,7.891416856081901,2.2779370010539424,306.8697830003657,224.06325597271783
1789572082,100,,Aggregated,323.400000,0.000000,5,7,8,9,14,21,38,52,110,220,310,316736,0,5,7.8901523437112635,2.2779370010539424,306.8697830003657,224.06233582541927
1789572083,100,,Aggregated,323.600000,0.000000,5,7,8,9,14,21,38,52,110,220,310,317065,0,5,7.888769046137891,2.2779370010539424,306.8697830003657,224.06111049784744
1789572084,100,,Aggregated,321.000000,0.000000,5,7,8,9,14,21,37,52,110,220,310,317382,0,5,7.8867367036494915,2.2779370010539424,306.8697830003657,224.0595024292493
1789572085,100,,Aggregated,325.300000,0.000000,5,7,8,9,14,21,37,52,110,220,310,317710,0,5,7.8857703202281995,2.2779370010539424,306.8697830003657,224.0590538541437
1789572086,100,,Aggregated,323.800000,0.000000,5,7,8,9,14,21,37,52,110,220,310,318039,0,5,7.883861152590362,2.2779370010539424,306.8697830003657,224.05863117416416
1789572087,100,,Aggregated,324.200000,0.000000,5,7,8,9,14,21,37,52,110,220,310,318373,0,5,7.881699130342931,2.2779370010539424,306.8697830003657,224.0611766701322
1789572088,100,,Aggregated,324.200000,0.000000,5,7,8,9,14,21,37,52,110,220,310,318697,0,5,7.880244396149544,2.2779370010539424,306.8697830003657,224.06215935512415
1789572089,100,,Aggregated,325.500000,0.000000,5,7,8,9,14,21,37,52,110,220,310,319014,0,5,7.879897822430056,2.2779370010539424,306.8697830003657,224.06029515946008
1789572090,100,,Aggregated,325.200000,0.000000,5,7,8,9,14,21,37,52,110,220,310,319361,0,5,7.877052985601595,2.2779370010539424,306.8697830003657,224.0626814169545
1789572091,100,,Aggregated,325.800000,0.000000,5,7,8,9,14,21,37,52,110,220,310,319683,0,5,7.875571008498185,2.2779370010539424,306.8697830003657,224.06221475649315
1789572092,100,,Aggregated,325.900000,0.000000,5,7,8,9,14,21,37,52,110,220,310,320023,0,5,7.874567321079143,2.2779370010539424,306.8697830003657,224.06550466685206
1789572093,100,,Aggregated,327.100000,0.000000,5,7,8,9,14,21,37,52,110,220,310,320337,0,5,7.885254664605452,2.2779370010539424,306.8697830003657,224.06607104393186
1789572094,100,,Aggregated,329.500000,0.000000,5,7,8,9,14,21,37,52,110,220,310,320666,0,5,7.88360910329977,2.2779370010539424,306.8697830003657,224.06735045187204
1789572095,100,,Aggregated,324.400000,0.000000,5,7,8,9,14,21,38,52,110,220,310,320997,0,5,7.886075318145408,2.2779370010539424,306.8697830003657,224.06953647541877
1789572096,100,,Aggregated,326.900000,0.000000,5,7,8,9,14,21,38,52,110,220,310,321323,0,5,7.884227140340768,2.2779370010539424,306.8697830003657,224.0676640016432
1789572097,100,,Aggregated,327.200000,0.000000,5,7,8,9,14,21,37,52,110,220,310,321655,0,5,7.882896497162266,2.2779370010539424,306.8697830003657,224.06663972268424
1789572098,100,,Aggregated,328.400000,0.000000,5,7,8,9,14,21,37,52,110,220,310,321966,0,5,7.881917558676132,2.2779370010539424,306.8697830003657,224.0684016324705
1789572099,100,,Aggregated,327.200000,0.000000,5,7,8,9,14,21,37,52,110,220,310,322296,0,5,7.88024191369654,2.2779370010539424,306.8697830003657,224.0670967061335
1789572100,100,,Aggregated,328.800000,0.000000,5,7,8,9,14,21,37,52,110,220,310,322628,0,5,7.878933299594991,2.2779370010539424,306.8697830003657,224.06585293278945
1789572101,100,,Aggregated,326.200000,0.000000,5,7,8,9,14,21,37,52,110,220,310,322963,0,5,7.877712905443478,2.2779370010539424,306.8697830003657,224.0653511392946
1789572102,100,,Aggregated,327.000000,0.000000,5,7,8,9,14,21,37,52,110,220,310,323296,0,5,7.875089528833522,2.2779370010539424,306.8697830003657,224.06684276947442
1789572103,100,,Aggregated,327.400000,0.000000,5,7,8,9,14,21,37,52,110,220,310,323614,0,5,7.873756049172035,2.2779370010539424,306.8697830003657,224.06547615368927
1789572104,100,,Aggregated,326.400000,0.000000,5,7,8,9,14,21,37,52,110,220,310,323947,0,5,7.872922827637741,2.2779370010539424,306.8697830003657,224.06588732107411
1789572105,100,,Aggregated,327.600000,0.000000,5,7,8,9,14,21,37,52,110,220,310,324251,0,5,7.871919067761577,2.2779370010539424,306.8697830003657,224.0676081184021
1789572106,100,,Aggregated,326.000000,0.000000,5,7,8,9,14,21,37,52,110,220,310,324585,0,5,7.870807092452651,2.2779370010539424,306.8697830003657,224.06608130381872
1789572107,100,,Aggregated,325.800000,0.000000,5,7,8,9,14,21,37,52,110,220,310,324925,0,5,7.870704100677779,2.2779370010539424,306.8697830003657,224.06607370931752
1789572108,100,,Aggregated,325.200000,0.000000,5,7,8,9,14,21,37,52,110,220,310,325250,0,5,7.870054712813928,2.2779370010539424,306.8697830003657,224.06569715603382
1789572109,100,,Aggregated,326.300000,0.000000,5,7,8,9,14,21,37,52,110,220,310,325582,0,5,7.868526431764375,2.2779370010539424,306.8697830003657,224.06459202290054
1789572110,100,,Aggregated,325.700000,0.000000,5,7,8,9,14,21,37,52,110,220,310,325910,0,5,7.876009902226697,2.2779370010539424,306.8697830003657,224.06337639225552
1789572111,100,,Aggregated,327.300000,0.000000,5,7,8,9,14,21,37,52,110,220,310,326245,0,5,7.878320686992058,2.2779370010539424,306.8697830003657,224.06341246609142
1789572112,100,,Aggregated,327.700000,0.000000,5,7,8,9,14,21,37,52,110,220,310,326576,0,5,7.87668784779563,2.2779370010539424,306.8697830003657,224.06650825535252
1789572113,100,,Aggregated,326.900000,0.000000,5,7,8,9,14,21,37,52,110,220,310,326902,0,5,7.87650515469987,2.2779370010539424,306.8697830003657,224.06327278511603
1789572114,100,,Aggregated,327.500000,0.000000,5,7,8,9,14,21,37,52,110,220,310,327243,0,5,7.875661852671254,2.2779370010539424,306.8697830003657,224.06409915567332
1789572115,100,,Aggregated,328.700000,0.000000,5,7,8,9,14,21,37,52,110,220,310,327566,0,5,7.873434768751069,2.2779370010539424,306.8697830003657,224.06568752556737
1789572116,100,,Aggregated,328.200000,0.000000,5,7,8,9,14,21,37,52,110,220,310,327913,0,5,7.873417447373859,2.2779370010539424,306.8697830003657,224.06482512129742
1789572117,100,,Aggregated,330.700000,0.000000,5,7,8,9,14,21,37,52,110,220,310,328239,0,5,7.872192179630364,2.2779370010539424,306.8697830003657,224.06609513190085
1789572118,100,,Aggregated,330.500000,0.000000,5,7,8,9,14,21,37,52,110,220,310,328570,0,5,7.870003634907869,2.2779370010539424,306.8697830003657,224.06554463280276
1789572119,100,,Aggregated,330.300000,0.000000,5,7,8,9,14,21,37,52,110,220,310,328880,0,5,7.869224588627071,2.2779370010539424,306.8697830003657,224.06556190707857
1789572120,100,,Aggregated,329.800000,0.000000,5,7,8,9,14,21,37,52,110,220,310,329206,0,5,7.868257352419744,2.2779370010539424,306.8697830003657,224.06538155440666
1789572121,100,,Aggregated,330.000000,0.000000,5,7,8,9,14,21,37,52,110,220,310,329526,0,5,7.866358946664932,2.2779370010539424,306.8697830003657,224.06449566953745
1789572122,100,,Aggregated,329.100000,0.000000,5,7,8,9,14,21,37,51,110,220,310,329857,0,5,7.865337887174497,2.2779370010539424,306.8697830003657,224.06533740378407
1789572123,100,,Aggregated,327.500000,0.000000,5,7,8,9,14,21,37,51,110,210,310,330165,0,5,7.8637553371759825,2.2779370010539424,306.8697830003657,224.06374388563293
1789572124,100,,Aggregated,327.100000,0.000000,5,7,8,9,14,21,37,52,110,210,310,330483,0,5,7.875312814845911,2.2779370010539424,306.8697830003657,224.06359782500158
1789572125,100,,Aggregated,326.000000,0.000000,5,7,8,9,14,21,37,52,110,210,310,330808,0,5,7.878923465471575,2.2779370010539424,306.8697830003657,224.0624410534207
1789572126,100,,Aggregated,324.800000,0.000000,5,7,8,9,14,21,37,52,110,210,310,331141,0,5,7.87801526370854,2.2779370010539424,306.8697830003657,224.0633929353357
1789572127,100,,Aggregated,323.900000,0.000000,5,7,8,9,14,21,37,52,110,210,310,331470,0,5,7.877484629350181,2.2779370010539424,306.8697830003657,224.06510091410988
1789572128,100,,Aggregated,322.300000,0.000000,5,7,8,9,14,21,37,52,110,210,310,331784,0,5,7.879995629004698,2.2779370010539424,306.8697830003657,224.06505738673354
1789572129,100,,Aggregated,322.900000,0.000000,5,7,8,9,14,21,37,52,110,210,310,332118,0,5,7.877506930794748,2.2779370010539424,306.8697830003657,224.06623549461335
1789572130,100,,Aggregated,322.900000,0.000000,5,7,8,9,14,21,37,52,110,210,310,332451,0,5,7.877418223445531,2.2779370010539424,306.8697830003657,224.0674355017732
1789572131,100,,Aggregated,321.200000,0.000000,5,7,8,9,14,21,37,52,110,210,310,332773,0,5,7.877342128266687,2.2779370010539424,306.8697830003657,224.06622532477093
1789572132,100,,Aggregated,321.600000,0.000000,5,7,8,9,14,21,37,52,110,210,310,333103,0,5,7.87781272140358,2.2779370010539424,306.8697830003657,224.06680216029275
1789572133,100,,Aggregated,324.000000,0.000000,5,7,8,9,14,21,37,52,110,210,310,333431,0,5,7.875960435057593,2.2779370010539424,306.8697830003657,224.06485299807156
1789572134,100,,Aggregated,323.400000,0.000000,5,7,8,9,14,21,37,52,110,210,310,333763,0,5,7.878499444209464,2.2779370010539424,306.8697830003657,224.06382972348644
1789572135,100,,Aggregated,324.400000,0.000000,5,7,8,9,14,21,37,52,110,210,310,334098,0,5,7.876134549858664,2.2779370010539424,306.8697830003657,224.06258642673706
1789572136,100,,Aggregated,325.900000,0.000000,5,7,8,9,14,21,37,52,110,210,310,334423,0,5,7.875835341375079,2.2779370010539424,306.8697830003657,224.0641702275262
1789572137,100,,Aggregated,326.400000,0.000000,5,7,8,9,14,21,37,52,110,210,310,334738,0,5,7.875223304505874,2.2779370010539424,306.8697830003657,224.0620186533946
1789572138,100,,Aggregated,327.700000,0.000000,5,7,8,9,14,21,37,52,110,210,310,335062,0,5,7.876252221952044,2.2779370010539424,306.8697830003657,224.06187511565022
1789572139,100,,Aggregated,326.500000,0.000000,5,7,8,9,14,21,37,52,110,210,310,335388,0,5,7.876971221396332,2.2779370010539424,306.8697830003657,224.05875284744832
1789572140,100,,Aggregated,325.600000,0.000000,5,7,8,9,14,21,37,52,110,210,310,335717,0,5,7.8765533183416006,2.2779370010539424,306.8697830003657,224.058859098586
1789572141,100,,Aggregated,327.600000,0.000000,5,7,8,9,14,21,37,52,110,210,310,336050,0,5,7.87473134408481,2.2779370010539424,306.8697830003657,224.05897039131082
1789572142,100,,Aggregated,327.700000,0.000000,5,7,8,9,14,21,37,52,110,210,310,336383,0,5,7.872838817130237,2.2779370010539424,306.8697830003657,224.0594619823237
1789572143,100,,Aggregated,325.900000,0.000000,5,7,8,9,14,21,37,52,110,210,310,336703,0,5,7.871691268119775,2.2779370010539424,306.8697830003657,224.0601539041826
1789572144,100,,Aggregated,327.300000,0.000000,5,7,8,9,14,21,37,52,110,210,310,337038,0,5,7.870419574803844,2.2779370010539424,306.8697830003657,224.0596965327352
1789572145,100,,Aggregated,326.500000,0.000000,5,7,8,9,14,21,37,52,110,210,310,337374,0,5,7.868532977460459,2.2779370010539424,306.8697830003657,224.06177713753877
1789572146,100,,Aggregated,326.600000,0.000000,5,7,8,9,14,21,37,52,110,210,310,337708,0,5,7.8685629098622085,2.2779370010539424,306.8697830003657,224.0610408992384
1789572147,100,,Aggregated,325.800000,0.000000,5,7,8,9,14,21,37,52,110,210,310,338029,0,5,7.8681617397818835,2.2779370010539424,306.8697830003657,224.05947418712594
1789572148,100,,Aggregated,327.400000,0.000000,5,7,8,9,14,21,37,52,110,210,310,338368,0,5,7.867980801995866,2.2779370010539424,306.8697830003657,224.05917226215246
1789572149,100,,Aggregated,327.400000,0.000000,5,7,8,9,14,21,37,51,110,210,310,338707,0,5,7.866522165398828,2.2779370010539424,306.8697830003657,224.0583306515661
1789572150,100,,Aggregated,328.100000,0.000000,5,7,8,9,14,21,37,51,110,210,310,339041,0,5,7.865212033290203,2.2779370010539424,306.8697830003657,224.057093389885
1789572151,100,,Aggregated,328.400000,0.000000,5,7,8,9,14,21,37,51,110,210,310,339366,0,5,7.865608522617965,2.2779370010539424,306.8697830003657,224.05744830065476
1789572152,100,,Aggregated,329.800000,0.000000,5,7,8,9,14,21,37,51,110,210,310,339704,0,5,7.863919843633741,2.2779370010539424,306.8697830003657,224.0590955655512
1789572153,100,,Aggregated,331.500000,0.000000,5,7,8,9,14,21,37,51,110,210,310,340016,0,5,7.862578087442276,2.2779370010539424,306.8697830003657,224.06028245729613
1789572154,100,,Aggregated,331.000000,0.000000,5,7,8,9,14,21,37,52,110,210,310,340317,0,5,7.868010449421524,2.2779370010539424,306.8697830003657,224.06152792837267
1789572155,100,,Aggregated,330.900000,0.000000,5,7,8,9,14,21,37,51,110,210,310,340642,0,5,7.86851372089992,2.2779370010539424,306.8697830003657,224.06271686991033
1789572156,100,,Aggregated,328.600000,0.000000,5,7,8,9,14,21,37,51,110,210,310,340964,0,5,7.866963023564878,2.2779370010539424,306.8697830003657,224.0597863704086
1789572157,100,,Aggregated,326.500000,0.000000,5,7,8,9,14,21,37,51,110,210,310,341269,0,5,7.86602160002459,2.2779370010539424,306.8697830003657,224.0593695882134
1789572158,100,,Aggregated,324.700000,0.000000,5,7,8,9,14,21,37,51,110,210,310,341593,0,5,7.86526790016711,2.2779370010539424,306.8697830003657,224.05791980514823
1789572159,100,,Aggregated,324.300000,0.000000,5,7,8,9,14,21,37,51,110,210,310,341912,0,5,7.863970262999803,2.2779370010539424,306.8697830003657,224.05697372423313
1789572160,100,,Aggregated,324.300000,0.000000,5,7,8,9,14,21,37,51,100,210,310,342247,0,5,7.8627462701814395,2.2779370010539424,306.8697830003657,224.0560443188691
1789572161,100,,Aggregated,321.700000,0.000000,5,7,8,9,14,21,37,51,100,210,310,342574,0,5,7.863167277834257,2.2779370010539424,306.8697830003657,224.0568548693129
1789572162,100,,Aggregated,319.500000,0.000000,5,7,8,9,14,21,37,51,100,210,310,342902,0,5,7.861121782587431,2.2779370010539424,306.8697830003657,224.0549865559256
1789572163,100,,Aggregated,320.200000,0.000000,5,7,8,9,14,21,37,51,100,210,310,343212,0,5,7.865774008306169,2.2779370010539424,306.8697830003657,224.05307506730534
1789572164,100,,Aggregated,319.600000,0.000000,5,7,8,9,14,21,37,51,100,210,310,343536,0,5,7.865757025222306,2.2779370010539424,306.8697830003657,224.05341798239485
1789572165,100,,Aggregated,318.300000,0.000000,5,7,8,9,14,21,37,51,100,210,310,343859,0,5,7.866789764620911,2.2779370010539424,306.8697830003657,224.05203877170584
1789572166,100,,Aggregated,319.800000,0.000000,5,7,8,9,14,21,37,51,100,210,310,344190,0,5,7.865684436772652,2.2779370010539424,306.8697830003657,224.05236061477672
1789572167,100,,Aggregated,321.100000,0.000000,5,7,8,9,14,21,37,51,100,210,310,344509,0,5,7.866908937153375,2.2779370010539424,306.8697830003657,224.05272140931007
1789572168,100,,Aggregated,321.500000,0.000000,5,7,8,9,14,21,37,51,100,210,310,344830,0,5,7.870156420679142,2.2779370010539424,306.8697830003657,224.05121654148422
1789572169,100,,Aggregated,322.200000,0.000000,5,7,8,9,14,21,37,51,100,210,310,345145,0,5,7.872804503312432,2.2779370010539424,306.8697830003657,224.05109736487563
1789572170,100,,Aggregated,321.500000,0.000000,5,7,8,9,14,21,37,51,100,210,310,345476,0,5,7.874120910942537,2.2779370010539424,306.8697830003657,224.05124523845362
1789572171,100,,Aggregated,323.400000,0.000000,5,7,8,9,14,21,37,51,100,210,310,345810,0,5,7.873447269812246,2.2779370010539424,306.8697830003657,224.05123044446373
1789572172,100,,Aggregated,322.800000,0.000000,5,7,8,9,14,21,37,51,100,210,310,346122,0,5,7.873493819646777,2.2779370010539424,306.8697830003657,224.05144717758478
1789572173,100,,Aggregated,321.300000,0.000000,5,7,8,9,14,21,37,51,100,210,310,346439,0,5,7.87234204757775,2.2779370010539424,306.8697830003657,224.0532388097183
1789572174,100,,Aggregated,321.500000,0.000000,5,7,8,9,14,21,37,51,100,210,310,346758,0,5,7.873453804845966,2.2779370010539424,306.8697830003657,224.05423955611695
1789572175,100,,Aggregated,322.200000,0.000000,5,7,8,9,14,21,37,51,100,210,310,347077,0,5,7.875265399340152,2.2779370010539424,306.8697830003657,224.0539822575394
1789572176,100,,Aggregated,321.800000,0.000000,5,7,8,9,14,21,37,51,100,210,310,347399,0,5,7.874028129637071,2.2779370010539424,306.8697830003657,224.0524008416835
1789572177,100,,Aggregated,321.700000,0.000000,5,7,8,9,14,21,37,51,100,210,310,347723,0,5,7.872723339933753,2.2779370010539424,306.8697830003657,224.05230887804373
1789572178,100,,Aggregated,320.900000,0.000000,5,7,8,9,14,21,37,51,100,210,310,348037,0,5,7.873464834088934,2.2779370010539424,306.8697830003657,224.05290242129428
1789572179,100,,Aggregated,320.000000,0.000000,5,7,8,9,14,21,37,51,100,210,310,348351,0,5,7.871421192316966,2.2779370010539424,306.8697830003657,224.0540776400814
1789572180,100,,Aggregated,320.500000,0.000000,5,7,8,9,14,21,37,51,100,210,310,348666,0,5,7.87673013349402,2.2779370010539424,306.8697830003657,224.0509628125484
1789572181,100,,Aggregated,319.700000,0.000000,5,7,8,9,14,21,37,51,100,210,310,348991,0,5,7.876805510577096,2.2779370010539424,306.8697830003657,224.05208157230416
1789572182,100,,Aggregated,317.200000,0.000000,5,7,8,9,14,21,37,51,100,210,310,349319,0,5,7.875164269861645,2.2779370010539424,306.8697830003657,224.05195537603166
1789572183,100,,Aggregated,318.300000,0.000000,5,7,8,9,14,21,37,51,100,210,310,349650,0,5,7.876007192280204,2.2779370010539424,306.8697830003657,224.05056485056485
1789572184,100,,Aggregated,318.500000,0.000000,5,7,8,9,14,21,37,51,100,210,310,349978,0,5,7.873953084973276,2.2779370010539424,306.8697830003657,224.0490830852225
1789572185,100,,Aggregated,318.600000,0.000000,5,7,8,9,14,21,37,51,100,210,310,350308,0,5,7.871921662975936,2.2779370010539424,306.8697830003657,224.049536407961
1789572186,100,,Aggregated,320.800000,0.000000,5,7,8,9,14,21,37,51,100,210,310,350633,0,5,7.872323345420342,2.2779370010539424,306.8697830003657,224.0494961968782
1789572187,100,,Aggregated,321.600000,0.000000,5,7,8,9,14,21,37,51,100,210,310,350968,0,5,7.874951116565497,2.2779370010539424,306.8697830003657,224.0500074080828
1789572188,100,,Aggregated,323.200000,0.000000,5,7,8,9,14,21,37,51,100,210,310,351299,0,5,7.8735149477332875,2.2779370010539424,306.8697830003657,224.05178779330427
1789572189,100,,Aggregated,323.000000,0.000000,5,7,8,9,14,21,37,51,100,210,310,351627,0,5,7.87161544314215,2.2779370010539424,306.8697830003657,224.05317851018268
1789572190,100,,Aggregated,324.100000,0.000000,5,7,8,9,14,21,37,51,100,210,310,351952,0,5,7.87041821101097,2.2779370010539424,306.8697830003657,224.05300154566532
1789572191,100,,Aggregated,324.700000,0.000000,5,7,8,9,14,21,37,51,100,210,310,352281,0,5,7.868579121229139,2.2779370010539424,306.8697830003657,224.05185916924273
1789572192,100,,Aggregated,328.600000,0.000000,5,7,8,9,14,21,37,51,100,210,310,352598,0,5,7.867889627331189,2.2779370010539424,306.8697830003657,224.05297817911617
1789572193,100,,Aggregated,327.800000,0.000000,5,7,8,9,14,21,37,51,100,210,310,352924,0,5,7.867144296725963,2.2779370010539424,306.8697830003657,224.051648513561
1789572194,100,,Aggregated,327.000000,0.000000,5,7,8,9,14,21,37,51,100,210,310,353253,0,5,7.8656166432519745,2.2779370010539424,306.8697830003657,224.0552691696886
1789572195,100,,Aggregated,327.100000,0.000000,5,7,8,9,14,21,37,51,100,210,310,353573,0,5,7.864784040641312,2.2779370010539424,306.8697830003657,224.05495046284642
1789572196,100,,Aggregated,325.600000,0.000000,5,7,8,9,14,21,37,51,100,210,310,353894,0,5,7.8635708629891,2.2779370010539424,306.8697830003657,224.05693230176269
1789572197,100,,Aggregated,325.300000,0.000000,5,7,8,9,14,21,37,51,100,210,310,354237,0,5,7.861618214603996,2.2779370010539424,306.8697830003657,224.05620530887512
1789572198,100,,Aggregated,325.000000,0.000000,5,7,8,9,14,21,37,51,100,210,310,354547,0,5,7.861904422380348,2.2779370010539424,306.8697830003657,224.05604898645313
1789572199,100,,Aggregated,324.300000,0.000000,5,7,8,9,14,21,37,51,100,210,310,354882,0,5,7.861553969851125,2.2779370010539424,306.8697830003657,224.05428846771602
1789572200,100,,Aggregated,325.700000,0.000000,5,7,8,9,14,21,37,51,100,210,310,355219,0,5,7.859717895325693,2.2779370010539424,306.8697830003657,224.05474369332723
1789572201,100,,Aggregated,324.600000,0.000000,5,7,8,9,14,21,37,51,100,210,310,355550,0,5,7.859569541377271,2.2779370010539424,306.8697830003657,224.053801153143
1789572202,100,,Aggregated,324.600000,0.000000,5,7,8,9,14,21,37,51,100,210,310,355865,0,5,7.858255224137464,2.2779370010539424,306.8697830003657,224.05491689264187
1789572203,100,,Aggregated,323.600000,0.000000,5,7,8,9,14,21,37,51,100,210,310,356190,0,5,7.856896170382919,2.2779370010539424,306.8697830003657,224.0549145119178
1789572204,100,,Aggregated,325.500000,0.000000,5,7,8,9,14,21,37,51,100,210,310,356510,0,5,7.857470068850032,2.2779370010539424,306.8697830003657,224.05509522874533
1789572205,100,,Aggregated,325.600000,0.000000,5,7,8,9,14,21,37,51,100,210,310,356843,0,5,7.856559062676665,2.2779370010539424,306.8697830003657,224.0545029606858
1789572206,100,,Aggregated,326.200000,0.000000,5,7,8,9,14,21,37,51,100,210,310,357159,0,5,7.855583287025455,2.2779370010539424,306.8697830003657,224.05443233965823
1789572207,100,,Aggregated,326.100000,0.000000,5,7,8,9,14,21,37,51,100,210,310,357480,0,5,7.855498182241561,2.2779370010539424,306.8697830003657,224.05462403491106
1789572208,100,,Aggregated,325.400000,0.000000,5,7,8,9,14,21,37,51,100,210,310,357817,0,5,7.854852562501767,2.2779370010539424,306.8697830003657,224.0542875268643
1789572209,100,,Aggregated,326.100000,0.000000,5,7,8,9,14,21,37,51,100,210,310,358131,0,5,7.8536154231906306,2.2779370010539424,306.8697830003657,224.05423992896453
1789572210,100,,Aggregated,324.000000,0.000000,5,7,8,9,14,21,37,51,100,210,310,358454,0,5,7.853373609025696,2.2779370010539424,306.8697830003657,224.05319511011174
1789572211,100,,Aggregated,326.500000,0.000000,5,7,8,9,14,21,37,51,100,210,310,358787,0,5,7.851720451657078,2.2779370010539424,306.8697830003657,224.05475672195482
1789572212,100,,Aggregated,324.400000,0.000000,5,7,8,9,14,21,37,51,100,210,310,359103,0,5,7.852413365484827,2.2779370010539424,306.8697830003657,224.05714237976292
1789572213,100,,Aggregated,325.600000,0.000000,5,7,8,9,14,21,37,51,100,210,310,359429,0,5,7.852758045014958,2.2779370010539424,306.8697830003657,224.05759969284614
1789572214,100,,Aggregated,323.700000,0.000000,5,7,8,9,14,21,37,51,100,210,310,359762,0,5,7.850719029593617,2.2779370010539424,306.8697830003657,224.05737126211218
1789572215,100,,Aggregated,323.600000,0.000000,5,7,8,9,14,21,37,51,100,210,310,360090,0,5,7.84896826581038,2.2779370010539424,306.8697830003657,224.05909355994334
1789572216,100,,Aggregated,322.900000,0.000000,5,7,8,9,14,21,37,51,100,210,310,360419,0,5,7.848681412649279,2.2779370010539424,306.8697830003657,224.05926435620765
1789572217,100,,Aggregated,323.300000,0.000000,5,7,8,9,14,21,37,51,100,210,310,360739,0,5,7.8475641210477844,2.2779370010539424,306.8697830003657,224.06027626622017
1789572218,100,,Aggregated,324.500000,0.000000,5,7,8,9,14,21,37,51,100,210,310,361060,0,5,7.847018490047773,2.2779370010539424,306.8697830003657,224.0601229712513
1789572219,100,,Aggregated,325.000000,0.000000,5,7,8,9,14,21,37,51,100,210,310,361403,0,5,7.845969798617147,2.2779370010539424,306.8697830003657,224.05987498720265
1789572220,100,,Aggregated,324.500000,0.000000,5,7,8,9,14,21,37,51,100,210,310,361730,0,5,7.845823688421299,2.2779370010539424,306.8697830003657,224.05962458187045
1789572221,100,,Aggregated,323.300000,0.000000,5,7,8,9,14,21,37,51,100,210,310,362052,0,5,7.846320473265231,2.2779370010539424,306.8697830003657,224.06013777026504
1789572222,100,,Aggregated,325.900000,0.000000,5,7,8,9,14,21,37,51,100,210,310,362374,0,5,7.846551598540858,2.2779370010539424,306.8697830003657,224.0609342833647
1789572223,100,,Aggregated,325.900000,0.000000,5,7,8,9,14,21,37,51,100,210,310,362695,0,5,7.846165241524326,2.2779370010539424,306.8697830003657,224.05812597361418
1789572224,100,,Aggregated,325.700000,0.000000,5,7,8,9,14,21,37,51,100,210,310,363028,0,5,7.851423392572091,2.2779370010539424,306.8697830003657,224.05933151161895
1789572225,100,,Aggregated,325.500000,0.000000,5,7,8,9,14,21,37,51,100,210,310,363345,0,5,7.850860880894723,2.2779370010539424,306.8697830003657,224.06049622259835
1789572226,100,,Aggregated,327.900000,0.000000,5,7,8,9,14,21,37,51,100,210,310,363683,0,5,7.848668172206787,2.2779370010539424,306.8697830003657,224.06039050491773
1789572227,100,,Aggregated,325.800000,0.000000,5,7,8,9,14,21,37,51,100,210,310,364005,0,5,7.849009411850607,2.2779370010539424,306.8697830003657,224.05952390763863
1789572228,100,,Aggregated,324.200000,0.000000,5,7,8,9,14,21,37,51,100,210,310,364335,0,5,7.855561472945775,2.2779370010539424,306.8697830003657,224.05886889812948
1789572229,100,,Aggregated,324.200000,0.000000,5,7,8,9,14,21,37,51,100,210,310,364663,0,5,7.853690018904299,2.2779370010539424,306.8697830003657,224.05742562310957
1789572230,100,,Aggregated,326.200000,0.000000,5,7,8,9,14,21,37,51,100,210,310,364985,0,5,7.854462047266922,2.2779370010539424,306.8697830003657,224.05895310766195
1789572231,100,,Aggregated,324.700000,0.000000,5,7,8,9,14,21,37,51,100,210,310,365309,0,5,7.853524632083316,2.2779370010539424,306.8697830003657,224.05940997894933
1789572232,100,,Aggregated,324.800000,0.000000,5,7,8,9,14,21,37,51,100,210,310,365628,0,5,7.852325955388392,2.2779370010539424,306.8697830003657,224.06236666776067
1789572233,100,,Aggregated,323.700000,0.000000,5,7,8,9,14,21,37,51,100,210,310,365957,0,5,7.851551112567227,2.2779370010539424,306.8697830003657,224.06106181873827
1789572234,100,,Aggregated,324.800000,0.000000,5,7,8,9,14,21,37,51,100,210,310,366282,0,5,7.849955609868244,2.2779370010539424,306.8697830003657,224.06350844431338
1789572235,100,,Aggregated,325.000000,0.000000,5,7,8,9,14,21,37,51,100,210,310,366612,0,5,7.848018126132569,2.2779370010539424,306.8697830003657,224.0648369393255
1789572236,100,,Aggregated,322.200000,0.000000,5,7,8,9,14,21,37,51,100,210,310,366935,0,5,7.850197337813804,2.2779370010539424,306.8697830003657,224.06413669996047
1789572237,100,,Aggregated,324.100000,0.000000,5,7,8,9,14,21,37,51,100,210,310,367254,0,5,7.851352495296781,2.2779370010539424,306.8697830003657,224.06391761560118
1789572238,100,,Aggregated,323.800000,0.000000,5,7,8,9,14,21,37,51,100,210,310,367591,0,5,7.849202952917064,2.2779370010539424,306.8697830003657,224.06518385923485
1789572239,100,,Aggregated,324.800000,0.000000,5,7,8,9,14,21,37,51,100,210,310,367911,0,5,7.849613607431468,2.2779370010539424,306.8697830003657,224.06596975899063
1789572240,100,,Aggregated,324.000000,0.000000,5,7,8,9,14,21,37,51,100,210,310,368235,0,5,7.849915389877973,2.2779370010539424,306.8697830003657,224.06555867856125
1789572241,100,,Aggregated,325.200000,0.000000,5,7,8,9,14,21,37,51,100,210,310,368558,0,5,7.847537867775802,2.2779370010539424,306.8697830003657,224.06505624623532
1789572242,100,,Aggregated,323.700000,0.000000,5,7,8,9,14,21,37,51,100,210,310,368890,0,5,7.846846267816161,2.2779370010539424,306.8697830003657,224.06329258044403
1789572243,100,,Aggregated,323.600000,0.000000,5,7,8,9,14,21,37,51,100,210,310,369215,0,5,7.8491125760645994,2.2779370010539424,306.8697830003657,224.0632070744688
1789572244,100,,Aggregated,323.100000,0.000000,5,7,8,9,14,21,37,51,100,210,310,369526,0,5,7.849909384188654,2.2779370010539424,306.8697830003657,224.0632783620097
1789572245,100,,Aggregated,324.700000,0.000000,5,7,8,9,14,21,37,51,100,210,310,369865,0,5,7.851155398550023,2.2779370010539424,306.8697830003657,224.06231462831033
1789572246,100,,Aggregated,325.300000,0.000000,5,7,8,9,14,21,37,51,100,210,310,370181,0,5,7.849453153399909,2.2779370010539424,306.8697830003657,224.05993554504417
1789572247,100,,Aggregated,325.600000,0.000000,5,7,8,9,14,21,37,51,100,210,310,370504,0,5,7.8473393108839264,2.2779370010539424,306.8697830003657,224.0595000323883
1789572248,100,,Aggregated,325.500000,0.000000,5,7,8,9,14,21,37,51,100,210,310,370838,0,5,7.846541577736803,2.2779370010539424,306.8697830003657,224.0596432943765
1789572249,100,,Aggregated,324.100000,0.000000,5,7,8,9,14,21,37,51,100,210,310,371152,0,5,7.845631890739567,2.2779370010539424,306.8697830003657,224.0606058973143
1789572250,100,,Aggregated,324.100000,0.000000,5,7,8,9,14,21,37,51,100,210,310,371477,0,5,7.855809871331856,2.2779370010539424,306.8697830003657,224.06072515929654
1789572251,100,,Aggregated,323.900000,0.000000,5,7,8,9,14,21,37,51,100,210,310,371819,0,5,7.854259059834822,2.2779370010539424,306.8697830003657,224.06158372756636
1789572252,100,,Aggregated,324.300000,0.000000,5,7,8,9,14,21,37,51,100,210,310,372146,0,5,7.852616684915938,2.2779370010539424,306.8697830003657,224.06101368817613
1789572253,100,,Aggregated,324.200000,0.000000,5,7,8,9,14,21,37,51,100,210,310,372475,0,5,7.852417316103685,2.2779370010539424,306.8697830003657,224.06021075239948
1789572254,100,,Aggregated,325.500000,0.000000,5,7,8,9,14,21,37,51,100,210,310,372803,0,5,7.850310474534093,2.2779370010539424,306.8697830003657,224.0600960829178
1789572255,100,,Aggregated,324.800000,0.000000,5,7,8,9,14,21,37,51,100,210,310,373120,0,5,7.850075518119482,2.2779370010539424,306.8697830003657,224.0581984348199
1789572256,100,,Aggregated,325.100000,0.000000,5,7,8,9,14,21,37,51,100,210,310,373428,0,5,7.860021217473634,2.2779370010539424,306.8697830003657,224.0573818781666
1789572257,100,,Aggregated,324.700000,0.000000,5,7,8,9,14,21,37,51,100,210,310,373753,0,5,7.858553643879104,2.2779370010539424,306.8697830003657,224.05693867340196
1789572258,100,,Aggregated,325.500000,0.000000,5,7,8,9,14,21,37,51,100,210,310,374091,0,5,7.858701174456875,2.2779370010539424,306.8697830003657,224.05887604887582
1789572259,100,,Aggregated,323.000000,0.000000,5,7,8,9,14,21,37,51,100,210,310,374399,0,5,7.860012431178379,2.2779370010539424,306.8697830003657,224.05930838490488
1789572260,100,,Aggregated,323.600000,0.000000,5,7,8,9,14,21,37,51,100,210,310,374737,0,5,7.859504541056127,2.2779370010539424,306.8697830003657,224.05942300867008
1789572261,100,,Aggregated,325.000000,0.000000,5,7,8,9,14,21,37,51,100,210,310,375056,0,5,7.859795638501339,2.2779370010539424,306.8697830003657,224.05767138773942
1789572262,100,,Aggregated,322.700000,0.000000,5,7,8,9,14,21,37,51,100,210,310,375388,0,5,7.858444503728789,2.2779370010539424,306.8697830003657,224.05865397934937
1789572263,100,,Aggregated,324.300000,0.000000,5,7,8,9,14,21,37,51,100,210,310,375714,0,5,7.857163275602603,2.2779370010539424,306.8697830003657,224.0577912987006
1789572264,100,,Aggregated,322.900000,0.000000,5,7,8,9,14,21,37,51,100,210,310,376034,0,5,7.8557908437475215,2.2779370010539424,306.8697830003657,224.0568618795109
1789572265,100,,Aggregated,323.600000,0.000000,5,7,8,9,14,21,37,51,100,210,310,376362,0,5,7.859728395392677,2.2779370010539424,306.8697830003657,224.05694783214034
1789572266,100,,Aggregated,323.200000,0.000000,5,7,8,9,14,21,37,51,100,210,310,376700,0,5,7.8591759047724175,2.2779370010539424,306.8697830003657,224.05863286434828
1789572267,100,,Aggregated,322.800000,0.000000,5,7,8,9,14,21,37,51,100,210,310,377028,0,5,7.857464618346081,2.2779370010539424,306.8697830003657,224.05717347252724
1789572268,100,,Aggregated,322.800000,0.000000,5,7,8,9,14,21,37,51,100,210,310,377353,0,5,7.861148773800118,2.2779370010539424,306.8697830003657,224.0555368580613
1789572269,100,,Aggregated,327.300000,0.000000,5,7,8,9,14,21,37,51,100,210,310,377666,0,5,7.860123191284911,2.2779370010539424,306.8697830003657,224.05748200791174
1789572270,100,,Aggregated,326.300000,0.000000,5,7,8,9,14,21,37,51,100,210,310,378002,0,5,7.858360330743778,2.2779370010539424,306.8697830003657,224.0563859450479
1789572271,100,,Aggregated,325.400000,0.000000,5,7,8,9,14,21,37,51,100,210,310,378329,0,5,7.856562561790934,2.2779370010539424,306.8697830003657,224.05654073570886
1789572273,100,,Aggregated,325.900000,0.000000,5,7,8,9,14,21,37,51,100,210,310,378649,0,5,7.856694752538146,2.2779370010539424,306.8697830003657,224.0563767499716
1789572274,100,,Aggregated,326.300000,0.000000,5,7,8,9,14,21,37,51,100,210,310,378974,0,5,7.85659810794617,2.2779370010539424,306.8697830003657,224.0575290125444
1789572275,100,,Aggregated,325.200000,0.000000,5,7,8,9,14,21,37,51,100,210,310,379294,0,5,7.861462336392948,2.2779370010539424,306.8697830003657,224.05790494972237
1789572276,100,,Aggregated,325.300000,0.000000,5,7,8,9,14,21,37,51,100,210,310,379617,0,5,7.860598469425304,2.2779370010539424,306.8697830003657,224.05884878706698
1789572277,100,,Aggregated,324.600000,0.000000,5,7,8,9,14,21,37,51,100,210,310,379948,0,5,7.8606870123144335,2.2779370010539424,306.8697830003657,224.0593633865687
1789572278,100,,Aggregated,325.000000,0.000000,5,7,8,9,14,21,37,51,100,210,310,380273,0,5,7.860813738064095,2.2779370010539424,306.8697830003657,224.058631562062
1789572279,100,,Aggregated,324.200000,0.000000,5,7,8,9,14,21,37,51,100,210,310,380590,0,5,7.8590198156016955,2.2779370010539424,306.8697830003657,224.05831472187919
1789572280,100,,Aggregated,323.800000,0.000000,5,7,8,9,14,21,37,51,100,210,310,380918,0,5,7.8582295421214665,2.2779370010539424,306.8697830003657,224.05729054547172
1789572281,100,,Aggregated,322.400000,0.000000,5,7,8,9,14,21,37,51,100,210,310,381247,0,5,7.85700878236109,2.2779370010539424,306.8697830003657,224.056370279635
1789572282,100,,Aggregated,324.800000,0.000000,5,7,8,9,14,21,37,51,100,210,310,381574,0,5,7.856174087261707,2.2779370010539424,306.8697830003657,224.05698501470226
1789572283,100,,Aggregated,324.300000,0.000000,5,7,8,9,14,21,37,51,100,210,310,381900,0,5,7.855707882717442,2.2779370010539424,306.8697830003657,224.05676878764075
1789572284,100,,Aggregated,323.700000,0.000000,5,7,8,9,14,21,37,51,100,210,310,382214,0,5,7.8542871407242725,2.2779370010539424,306.8697830003657,224.05637156148126
1789572285,100,,Aggregated,324.200000,0.000000,5,7,8,9,14,21,37,51,100,210,310,382537,0,5,7.854033110723421,2.2779370010539424,306.8697830003657,224.05656707717162
1789572286,100,,Aggregated,323.100000,0.000000,5,7,8,9,14,21,37,51,100,210,310,382874,0,5,7.853572569369589,2.2779370010539424,306.8697830003657,224.05527405882876
1789572287,100,,Aggregated,323.600000,0.000000,5,7,8,9,14,21,37,51,100,210,310,383198,0,5,7.853220958459624,2.2779370010539424,306.8697830003657,224.05496114280345
1789572288,100,,Aggregated,323.900000,0.000000,5,7,8,9,14,21,37,51,100,210,310,383515,0,5,7.8547246053448285,2.2779370010539424,306.8697830003657,224.0544020442486
1789572289,100,,Aggregated,323.700000,0.000000,5,7,8,9,14,21,37,51,100,210,310,383845,0,5,7.852523073615167,2.2779370010539424,306.8697830003657,224.0542432492282
1789572290,100,,Aggregated,323.300000,0.000000,5,7,8,9,14,21,37,51,100,210,310,384165,0,5,7.853482213017343,2.2779370010539424,306.8697830003657,224.05431260005466
1789572291,100,,Aggregated,324.400000,0.000000,5,7,8,9,14,21,37,51,100,210,310,384486,0,5,7.851755140103405,2.2779370010539424,306.8697830003657,224.0543608870024
1789572292,100,,Aggregated,322.400000,0.000000,5,7,8,9,14,21,37,51,100,210,310,384811,0,5,7.850662708944898,2.2779370010539424,306.8697830003657,224.0530832018835
1789572293,100,,Aggregated,322.300000,0.000000,5,7,8,9,14,21,37,51,100,210,310,385136,0,5,7.854798519984608,2.2779370010539424,306.8697830003657,224.05479363134063
1789572294,100,,Aggregated,322.800000,0.000000,5,7,8,9,14,21,37,51,100,210,310,385458,0,5,7.853180578301064,2.2779370010539424,306.8697830003657,224.0551629490113
1789572295,100,,Aggregated,322.500000,0.000000,5,7,8,9,14,21,37,51,100,210,310,385775,0,5,7.853307243853954,2.2779370010539424,306.8697830003657,224.05656924373017
1789572296,100,,Aggregated,322.700000,0.000000,5,7,8,9,14,21,37,51,100,210,310,386106,0,5,7.850928790854689,2.2779370010539424,306.8697830003657,224.0586056678736
1789572297,100,,Aggregated,322.900000,0.000000,5,7,8,9,14,21,37,51,100,210,310,386432,0,5,7.854418469479135,2.2779370010539424,306.8697830003657,224.05775142845312
1789572298,100,,Aggregated,322.800000,0.000000,5,7,8,9,14,21,37,51,100,210,310,386751,0,5,7.853131227171412,2.2779370010539424,306.8697830003657,224.05743488704618
1789572299,100,,Aggregated,322.500000,0.000000,5,7,8,9,14,21,37,51,100,210,310,387072,0,5,7.851118124955498,2.2779370010539424,306.8697830003657,224.05821139219577
1789572300,100,,Aggregated,322.700000,0.000000,5,7,8,9,14,21,37,51,100,210,310,387382,0,5,7.849585185738535,2.2779370010539424,306.8697830003657,224.05757624257194
1789572301,100,,Aggregated,322.400000,0.000000,5,7,8,9,14,21,37,51,100,210,310,387690,0,5,7.850481608276667,2.2779370010539424,306.8697830003657,224.05626144600066
1789572302,100,,Aggregated,321.500000,0.000000,5,7,8,9,14,21,37,51,100,210,310,388037,0,5,7.851926281660707,2.2779370010539424,306.8697830003657,224.0561467076593
1789572303,100,,Aggregated,320.800000,0.000000,5,7,8,9,14,21,37,51,100,210,310,388348,0,5,7.851638774660286,2.2779370010539424,306.8697830003657,224.05844242792546
1789572304,100,,Aggregated,321.300000,0.000000,5,7,8,9,14,21,37,51,100,210,310,388671,0,5,7.850794547035388,2.2779370010539424,306.8697830003657,224.05766316499043
1789572305,100,,Aggregated,321.000000,0.000000,5,7,8,9,14,21,37,51,100,210,310,388986,0,5,7.852608643950669,2.2779370010539424,306.8697830003657,224.0592103571851
1789572306,100,,Aggregated,320.600000,0.000000,5,7,8,9,14,21,37,51,100,210,310,389298,0,5,7.850252005923009,2.2779370010539424,306.8697830003657,224.05897538646488
1789572307,100,,Aggregated,319.500000,0.000000,5,7,8,9,14,21,37,51,100,210,310,389633,0,5,7.849939316243288,2.2779370010539424,306.8697830003657,224.0583035831154
1789572308,100,,Aggregated,318.200000,0.000000,5,7,8,9,14,21,37,51,100,210,310,389950,0,5,7.848818457894162,2.2779370010539424,306.8697830003657,224.05960764200537
1789572309,100,,Aggregated,318.800000,0.000000,5,7,8,9,14,21,37,51,100,210,310,390269,0,5,7.847238890692961,2.2779370010539424,306.8697830003657,224.0596716623662
1789572310,100,,Aggregated,318.500000,0.000000,5,7,8,9,14,21,37,51,100,210,310,390579,0,5,7.846927621776493,2.2779370010539424,306.8697830003657,224.0581598088991
1789572311,100,,Aggregated,318.700000,0.000000,5,7,8,9,14,21,37,51,100,210,310,390895,0,5,7.846973449069032,2.2779370010539424,306.8697830003657,224.05847094488288
1789572312,100,,Aggregated,317.700000,0.000000,5,7,8,9,14,21,37,51,100,210,310,391233,0,5,7.850393118069898,2.2779370010539424,306.8697830003657,224.05978023326253
1789572313,100,,Aggregated,319.000000,0.000000,5,7,8,9,14,21,37,51,100,210,310,391557,0,5,7.848872379622526,2.2779370010539424,306.8697830003657,224.05990954062884
1789572314,100,,Aggregated,318.700000,0.000000,5,7,8,9,14,21,37,51,100,210,310,391877,0,5,7.847350574205293,2.2779370010539424,306.8697830003657,224.05943956904846
1789572315,100,,Aggregated,318.600000,0.000000,5,7,8,9,14,21,37,51,100,210,310,392208,0,5,7.84716038863015,2.2779370010539424,306.8697830003657,224.05805337983927
1789572316,100,,Aggregated,320.100000,0.000000,5,7,8,9,14,21,37,51,100,210,310,392532,0,5,7.845850816126708,2.2779370010539424,306.8697830003657,224.05877482600144
1789572317,100,,Aggregated,321.300000,0.000000,5,7,8,9,14,21,37,51,100,210,310,392853,0,5,7.844856940420109,2.2779370010539424,306.8697830003657,224.0586555276401
1789572318,100,,Aggregated,322.500000,0.000000,5,7,8,9,14,21,37,51,100,210,310,393178,0,5,7.844857324369208,2.2779370010539424,306.8697830003657,224.06022971783773
1789572319,100,,Aggregated,321.500000,0.000000,5,7,8,9,14,21,37,51,100,210,310,393506,0,5,7.844211714070098,2.2779370010539424,306.8697830003657,224.05985677473788
1789572320,100,,Aggregated,322.500000,0.000000,5,7,8,9,14,21,37,51,100,210,310,393832,0,5,7.842581022958701,2.2779370010539424,306.8697830003657,224.06054358203497
1789572321,100,,Aggregated,322.300000,0.000000,5,7,8,9,14,21,37,51,100,210,310,394130,0,5,7.853203009648762,2.2779370010539424,306.8697830003657,224.0608758531449
1789572322,100,,Aggregated,326.100000,0.000000,5,7,8,9,14,21,37,51,100,210,310,394461,0,5,7.851469865132086,2.2779370010539424,306.8697830003657,224.05965862277893
1789572323,100,,Aggregated,322.000000,0.000000,5,7,8,9,14,21,37,51,100,210,310,394777,0,5,7.850386251617658,2.2779370010539424,306.8697830003657,224.0590814561132
1789572324,100,,Aggregated,321.200000,0.000000,5,7,8,9,14,21,37,51,100,210,310,395113,0,5,7.848949439704216,2.2779370010539424,306.8697830003657,224.05907677044289
1789572325,100,,Aggregated,322.200000,0.000000,5,7,8,9,14,21,37,51,100,210,310,395433,0,5,7.847462753292827,2.2779370010539424,306.8697830003657,224.05924391742724
1789572326,100,,Aggregated,322.600000,0.000000,5,7,8,9,14,21,37,51,100,210,310,395762,0,5,7.850917835082339,2.2779370010539424,306.8697830003657,224.0606273467387
1789572327,100,,Aggregated,322.500000,0.000000,5,7,8,9,14,21,37,51,100,210,310,396095,0,5,7.849133946340844,2.2779370010539424,306.8697830003657,224.05930143021246
1789572328,100,,Aggregated,322.200000,0.000000,5,7,8,9,14,21,37,51,100,210,310,396429,0,5,7.848192526177172,2.2779370010539424,306.8697830003657,224.0590875036892
1789572329,100,,Aggregated,323.100000,0.000000,5,7,8,9,14,21,37,51,100,210,310,396758,0,5,7.8491659456239855,2.2779370010539424,306.8697830003657,224.05945941858766
1789572330,100,,Aggregated,323.900000,0.000000,5,7,8,9,14,21,37,51,100,210,310,397083,0,5,7.847838511346135,2.2779370010539424,306.8697830003657,224.0588290105595
1789572331,100,,Aggregated,324.200000,0.000000,5,7,8,9,14,21,37,51,100,210,310,397404,0,5,7.853908970233997,2.2779370010539424,306.8697830003657,224.0605177602641
1789572332,100,,Aggregated,323.500000,0.000000,5,7,8,9,14,21,37,51,100,210,310,397738,0,5,7.855090024369986,2.2779370010539424,306.8697830003657,224.0613418883788
1789572333,100,,Aggregated,326.600000,0.000000,5,7,8,9,14,21,37,51,100,210,310,398064,0,5,7.853466852809752,2.2779370010539424,306.8697830003657,224.0608696089071
1789572334,100,,Aggregated,327.100000,0.000000,5,7,8,9,14,21,37,51,100,210,310,398377,0,5,7.8546148093937,2.2779370010539424,306.8697830003657,224.0612987195546
1789572335,100,,Aggregated,327.500000,0.000000,5,7,8,9,14,21,37,51,100,210,310,398703,0,5,7.854413737872147,2.2779370010539424,306.8697830003657,224.0600321542602
1789572336,100,,Aggregated,325.900000,0.000000,5,7,8,9,14,21,37,51,100,210,310,399025,0,5,7.854406263216154,2.2779370010539424,306.8697830003657,224.06082325668817
1789572337,100,,Aggregated,325.700000,0.000000,5,7,8,9,14,21,37,51,100,210,310,399355,0,5,7.8530377982217106,2.2779370010539424,306.8697830003657,224.06065280264426
1789572338,100,,Aggregated,325.200000,0.000000,5,7,8,9,14,21,37,51,100,210,310,399677,0,5,7.851698674689351,2.2779370010539424,306.8697830003657,224.06052637504786
1789572339,100,,Aggregated,324.700000,0.000000,5,7,8,9,14,21,37,51,100,210,310,400017,0,5,7.851061938772132,2.2779370010539424,306.8697830003657,224.06025993895258
1789572340,100,,Aggregated,324.000000,0.000000,5,7,8,9,14,21,37,51,100,210,310,400333,0,5,7.8547400128838145,2.2779370010539424,306.8697830003657,224.06088681172923
1789572341,100,,Aggregated,324.400000,0.000000,5,7,8,9,14,21,37,51,100,210,310,400670,0,5,7.8534612472080045,2.2779370010539424,306.8697830003657,224.0616018169566
1789572342,100,,Aggregated,324.900000,0.000000,5,7,8,9,14,21,37,51,100,210,310,400990,0,5,7.852424978974066,2.2779370010539424,306.8697830003657,224.063809571311
1789572343,100,,Aggregated,324.900000,0.000000,5,7,8,9,14,21,37,51,100,210,310,401301,0,5,7.85227495863901,2.2779370010539424,306.8697830003657,224.0652079112686
1789572344,100,,Aggregated,325.200000,0.000000,5,7,8,9,14,21,37,51,100,210,310,401636,0,5,7.850487706950513,2.2779370010539424,306.8697830003657,224.06403808423548
1789572345,100,,Aggregated,323.400000,0.000000,5,7,8,9,14,21,37,51,100,210,310,401954,0,5,7.850854174688536,2.2779370010539424,306.8697830003657,224.06505968344638
1789572346,100,,Aggregated,324.000000,0.000000,5,7,8,9,14,21,37,51,100,210,310,402287,0,5,7.850551002070029,2.2779370010539424,306.8697830003657,224.06489396873377
1789572347,100,,Aggregated,324.400000,0.000000,5,7,8,9,14,21,37,51,100,210,310,402608,0,5,7.8491364290965935,2.2779370010539424,306.8697830003657,224.06528186225808
1789572348,100,,Aggregated,325.300000,0.000000,5,7,8,9,14,21,37,51,100,210,310,402927,0,5,7.84901765547042,2.2779370010539424,306.8697830003657,224.0649273937959
1789572349,100,,Aggregated,324.200000,0.000000,5,7,8,9,14,20,37,51,100,210,310,403240,0,5,7.847186096180294,2.2779370010539424,306.8697830003657,224.06405118539828
1789572350,100,,Aggregated,324.500000,0.000000,5,7,8,9,14,21,37,52,110,210,310,403571,0,5,7.864010859077454,2.2779370010539424,306.8697830003657,224.06438272323828
1789572351,100,,Aggregated,324.400000,0.000000,5,7,8,9,14,21,37,52,110,210,310,403903,0,5,7.8637831172998816,2.2779370010539424,306.8697830003657,224.0642084857008
1789572352,100,,Aggregated,322.000000,0.000000,5,7,8,9,14,21,37,52,110,210,310,404231,0,5,7.862006400579789,2.2779370010539424,306.8697830003657,224.06259539718627
1789572353,100,,Aggregated,322.200000,0.000000,5,7,8,9,14,21,37,52,110,210,310,404550,0,5,7.861336260357846,2.2779370010539424,306.8697830003657,224.061789642813
1789572354,100,,Aggregated,322.200000,0.000000,5,7,8,9,14,21,37,52,110,210,310,404878,0,5,7.860324989485178,2.2779370010539424,306.8697830003657,224.05987235661112
1789572355,100,,Aggregated,322.600000,0.000000,5,7,8,9,14,20,37,52,110,210,310,405193,0,5,7.859256698274174,2.2779370010539424,306.8697830003657,224.0597813881286
1789572356,100,,Aggregated,322.600000,0.000000,5,7,8,9,14,21,37,52,110,210,310,405511,0,5,7.860488322893346,2.2779370010539424,306.8697830003657,224.06129796725614
1789572357,100,,Aggregated,322.800000,0.000000,5,7,8,9,14,20,37,51,110,210,310,405848,0,5,7.859006384448838,2.2779370010539424,306.8697830003657,224.06168811969013
1789572358,100,,Aggregated,322.100000,0.000000,5,7,8,9,14,21,37,51,110,210,310,406164,0,5,7.860459851047289,2.2779370010539424,306.8697830003657,224.06096552131652
1789572359,100,,Aggregated,323.900000,0.000000,5,7,8,9,14,21,37,51,110,210,310,406505,0,5,7.860240722300528,2.2779370010539424,306.8697830003657,224.05990824221104
1789572360,100,,Aggregated,322.400000,0.000000,5,7,8,9,14,21,37,51,110,210,310,406830,0,5,7.858508057286295,2.2779370010539424,306.8697830003657,224.0597596047489
1789572361,100,,Aggregated,322.300000,0.000000,5,7,8,9,14,21,37,51,110,210,310,407148,0,5,7.858253439097728,2.2779370010539424,306.8697830003657,224.06024836177508
1789572362,100,,Aggregated,324.400000,0.000000,5,7,8,9,14,21,37,51,110,210,310,407474,0,5,7.857498846480458,2.2779370010539424,306.8697830003657,224.0605461943584
1789572363,100,,Aggregated,323.900000,0.000000,5,7,8,9,14,20,37,51,110,210,310,407798,0,5,7.855784218666514,2.2779370010539424,306.8697830003657,224.06233723559214
1789572364,100,,Aggregated,324.400000,0.000000,5,7,8,9,14,20,37,51,110,210,310,408133,0,5,7.854389722734351,2.2779370010539424,306.8697830003657,224.06257273976865
1789572365,100,,Aggregated,324.500000,0.000000,5,7,8,9,14,20,37,51,110,210,310,408457,0,5,7.853424222074153,2.2779370010539424,306.8697830003657,224.0612402284696
1789572366,100,,Aggregated,326.000000,0.000000,5,7,8,9,14,21,37,52,110,210,310,408776,0,5,7.859197611539655,2.2779370010539424,306.8697830003657,224.06149578253127
1789572367,100,,Aggregated,325.500000,0.000000,5,7,8,9,14,21,37,52,110,210,310,409099,0,5,7.858622495590917,2.2779370010539424,306.8697830003657,224.06168922436868
1789572368,100,,Aggregated,324.700000,0.000000,5,7,8,9,14,21,37,51,110,210,310,409416,0,5,7.859653145902286,2.2779370010539424,306.8697830003657,224.0637004904547
1789572369,100,,Aggregated,324.400000,0.000000,5,7,8,9,14,21,37,51,110,210,310,409732,0,5,7.858560170596254,2.2779370010539424,306.8697830003657,224.06287524528227
1789572370,100,,Aggregated,323.000000,0.000000,5,7,8,9,14,21,37,51,110,200,310,410064,0,5,7.86026237181451,2.2779370010539424,306.8697830003657,224.0630194311132
1789572371,100,,Aggregated,323.300000,0.000000,5,7,8,9,14,21,37,51,110,200,310,410370,0,5,7.858554304212702,2.2779370010539424,306.8697830003657,224.06166873796818
1789572372,100,,Aggregated,322.700000,0.000000,5,7,8,9,14,20,37,51,110,200,310,410702,0,5,7.8575513174047265,2.2779370010539424,306.8697830003657,224.06139244513054
1789572373,100,,Aggregated,322.900000,0.000000,5,7,8,9,14,20,37,51,100,200,310,411033,0,5,7.856484365872681,2.2779370010539424,306.8697830003657,224.06078100785095
1789572374,100,,Aggregated,321.400000,0.000000,5,7,8,9,14,20,37,51,100,200,310,411355,0,5,7.855507993739598,2.2779370010539424,306.8697830003657,224.06114426711721
1789572375,100,,Aggregated,322.500000,0.000000,5,7,8,9,14,20,37,51,100,200,310,411684,0,5,7.853881504075375,2.2779370010539424,306.8697830003657,224.0619528570457
1789572376,100,,Aggregated,322.000000,0.000000,5,7,8,9,14,20,37,51,100,200,310,412011,0,5,7.854070314134236,2.2779370010539424,306.8697830003657,224.0637240267857
1789572377,100,,Aggregated,321.200000,0.000000,5,7,8,9,14,20,37,51,100,200,310,412332,0,5,7.854683314457202,2.2779370010539424,306.8697830003657,224.0647124162083
1789572378,100,,Aggregated,322.800000,0.000000,5,7,8,9,14,20,37,51,100,200,310,412647,0,5,7.854110200221456,2.2779370010539424,306.8697830003657,224.06471390801337
1789572379,100,,Aggregated,321.000000,0.000000,5,7,8,9,14,20,37,51,100,200,310,412965,0,5,7.85331549959392,2.2779370010539424,306.8697830003657,224.0663131258097
1789572380,100,,Aggregated,323.500000,0.000000,5,7,8,9,14,20,37,51,100,200,310,413291,0,5,7.8554994535879255,2.2779370010539424,306.8697830003657,224.06553735745516
1789572381,100,,Aggregated,323.900000,0.000000,5,7,8,9,14,21,37,52,110,200,310,413615,0,5,7.86609237742782,2.2779370010539424,306.8697830003657,224.0646664168369
1789572382,100,,Aggregated,321.500000,0.000000,5,7,8,9,14,21,37,52,110,200,310,413935,0,5,7.865231720776966,2.2779370010539424,306.8697830003657,224.06411876260765
1789572383,100,,Aggregated,321.700000,0.000000,5,7,8,9,14,21,37,52,110,200,310,414247,0,5,7.866118968371079,2.2779370010539424,306.8697830003657,224.06380009994038
1789572384,100,,Aggregated,321.400000,0.000000,5,7,8,9,14,21,37,52,110,200,310,414571,0,5,7.867303928704154,2.2779370010539424,306.8697830003657,224.06368511063243
1789572385,100,,Aggregated,320.400000,0.000000,5,7,8,9,14,21,37,52,110,200,310,414904,0,5,7.865602113659584,2.2779370010539424,306.8697830003657,224.06441008040414
1789572386,100,,Aggregated,318.900000,0.000000,5,7,8,9,14,21,37,52,110,200,310,415221,0,5,7.864631642794589,2.2779370010539424,306.8697830003657,224.06444519906267
1789572387,100,,Aggregated,320.800000,0.000000,5,7,8,9,14,21,37,52,110,200,310,415551,0,5,7.863618120451673,2.2779370010539424,306.8697830003657,224.06448787272802
1789572388,100,,Aggregated,319.400000,0.000000,5,7,8,9,14,21,37,52,110,200,310,415867,0,5,7.863213392293254,2.2779370010539424,306.8697830003657,224.06422245573705
1789572389,100,,Aggregated,321.200000,0.000000,5,7,8,9,14,21,37,52,110,200,310,416181,0,5,7.863947416683623,2.2779370010539424,306.8697830003657,224.06414997320877
1789572390,100,,Aggregated,320.700000,0.000000,5,7,8,9,14,21,37,52,110,200,310,416510,0,5,7.8626095032311865,2.2779370010539424,306.8697830003657,224.06339583683464
1789572391,100,,Aggregated,319.200000,0.000000,5,7,8,9,14,21,37,52,110,200,310,416841,0,5,7.860813428944887,2.2779370010539424,306.8697830003657,224.063074409667
1789572392,100,,Aggregated,321.300000,0.000000,5,7,8,9,14,20,37,52,110,200,310,417160,0,5,7.858905303271622,2.2779370010539424,306.8697830003657,224.06301658835937
1789572393,100,,Aggregated,320.000000,0.000000,5,7,8,9,14,21,37,52,110,200,310,417492,0,5,7.8607646744051705,2.2779370010539424,306.8697830003657,224.06164908549147
1789572394,100,,Aggregated,322.500000,0.000000,5,7,8,9,14,20,37,52,110,200,310,417817,0,5,7.8590192568678745,2.2779370010539424,306.8697830003657,224.06262789690223
1789572395,100,,Aggregated,323.000000,0.000000,5,7,8,9,14,21,37,52,100,200,310,418160,0,5,7.858635615347673,2.2779370010539424,306.8697830003657,224.06171082839106
1789572396,100,,Aggregated,324.400000,0.000000,5,7,8,9,14,21,37,52,100,200,310,418487,0,5,7.859795317299672,2.2779370010539424,306.8697830003657,224.06020258693817
1789572397,100,,Aggregated,324.300000,0.000000,5,7,8,9,14,21,37,52,100,200,310,418807,0,5,7.862331979722858,2.2779370010539424,306.8697830003657,224.0600491395798
1789572398,100,,Aggregated,325.300000,0.000000,5,7,8,9,14,21,37,52,100,200,310,419134,0,5,7.864015741616713,2.2779370010539424,306.8697830003657,224.0597303010493
1789572399,100,,Aggregated,324.000000,0.000000,5,7,8,9,14,21,37,52,100,200,310,419451,0,5,7.865089130882502,2.2779370010539424,306.8697830003657,224.05799485517974
1789572400,100,,Aggregated,325.400000,0.000000,5,7,8,9,14,21,37,52,100,200,310,419780,0,5,7.863417940801872,2.2779370010539424,306.8697830003657,224.058988041355
1789572401,100,,Aggregated,326.100000,0.000000,5,7,8,9,14,21,37,52,100,200,310,420112,0,5,7.863203409590303,2.2779370010539424,306.8697830003657,224.0575513196481
1789572402,100,,Aggregated,326.500000,0.000000,5,7,8,9,14,21,37,52,100,200,310,420432,0,5,7.861708881882921,2.2779370010539424,306.8697830003657,224.0591058720554
1789572403,100,,Aggregated,327.000000,0.000000,5,7,8,9,14,21,37,52,100,200,310,420760,0,5,7.869092101755881,2.2779370010539424,306.8697830003657,224.05774313147637
1789572404,100,,Aggregated,326.600000,0.000000,5,7,8,9,14,21,37,52,100,200,310,421084,0,5,7.868828757705843,2.2779370010539424,306.8697830003657,224.05625243419365
1789572405,100,,Aggregated,325.700000,0.000000,5,7,8,9,14,21,37,52,100,200,310,421423,0,5,7.868278882611561,2.2779370010539424,306.8697830003657,224.05443699086192
1789572406,100,,Aggregated,323.700000,0.000000,5,7,8,9,14,21,37,52,100,200,310,421753,0,5,7.867837853387659,2.2779370010539424,306.8697830003657,224.05455325747533
1789572407,100,,Aggregated,325.600000,0.000000,5,7,8,9,14,21,37,52,100,200,310,422073,0,5,7.8663356314234125,2.2779370010539424,306.8697830003657,224.0538437663627
1789572408,100,,Aggregated,326.500000,0.000000,5,7,8,9,14,21,37,52,100,200,310,422404,0,5,7.865065602545787,2.2779370010539424,306.8697830003657,224.05494739633147
1789572409,100,,Aggregated,327.400000,0.000000,5,7,8,9,14,21,37,52,100,200,310,422717,0,5,7.866979476171403,2.2779370010539424,306.8697830003657,224.05468433964094
1789572410,100,,Aggregated,326.200000,0.000000,5,7,8,9,14,21,37,52,100,200,310,423042,0,5,7.866476229700041,2.2779370010539424,306.8697830003657,224.0538622642669
1789572411,100,,Aggregated,325.300000,0.000000,5,7,8,9,14,21,37,52,100,200,310,423365,0,5,7.867783563369121,2.2779370010539424,306.8697830003657,224.05351883126852
1789572412,100,,Aggregated,324.800000,0.000000,5,7,8,9,14,21,37,52,100,200,310,423693,0,5,7.867380222688988,2.2779370010539424,306.8697830003657,224.05596741036553
1789572413,100,,Aggregated,324.400000,0.000000,5,7,8,9,14,21,37,52,100,200,310,424005,0,5,7.8667295120122445,2.2779370010539424,306.8697830003657,224.0564875414205
1789572414,100,,Aggregated,324.400000,0.000000,5,7,8,9,14,21,37,52,100,200,310,424319,0,5,7.8658576391412005,2.2779370010539424,306.8697830003657,224.0557128009823
1789572415,100,,Aggregated,323.800000,0.000000,5,7,8,9,14,21,37,52,100,200,310,424644,0,5,7.869016048699037,2.2779370010539424,306.8697830003657,224.0571608217707
1789572416,100,,Aggregated,324.300000,0.000000,5,7,8,9,14,21,37,52,100,200,310,424961,0,5,7.867643927044536,2.2779370010539424,306.8697830003657,224.05709700419567
1789572417,100,,Aggregated,321.500000,0.000000,5,7,8,9,14,21,37,52,100,200,310,425286,0,5,7.866101957486865,2.2779370010539424,306.8697830003657,224.05772585977437
1789572418,100,,Aggregated,319.900000,0.000000,5,7,8,9,14,21,37,52,100,200,310,425620,0,5,7.864558201583025,2.2779370010539424,306.8697830003657,224.05524646398194
1789572419,100,,Aggregated,319.400000,0.000000,5,7,8,9,14,21,37,52,100,200,310,425943,0,5,7.865122834127458,2.2779370010539424,306.8697830003657,224.05759690850653
1789572420,100,,Aggregated,320.400000,0.000000,5,7,8,9,14,21,37,52,100,200,310,426265,0,5,7.865670633403606,2.2779370010539424,306.8697830003657,224.05721088993937
1789572421,100,,Aggregated,320.000000,0.000000,5,7,8,9,14,21,37,52,100,200,310,426593,0,5,7.86491263251103,2.2779370010539424,306.8697830003657,224.0576357324194
1789572422,100,,Aggregated,321.000000,0.000000,5,7,8,9,14,21,37,52,100,200,310,426932,0,5,7.863369913027761,2.2779370010539424,306.8697830003657,224.05723862348103
1789572423,100,,Aggregated,322.300000,0.000000,5,7,8,9,14,21,37,52,100,200,310,427238,0,5,7.864163725733144,2.2779370010539424,306.8697830003657,224.05611860368225
1789572424,100,,Aggregated,322.800000,0.000000,5,7,8,9,14,21,37,52,100,200,310,427562,0,5,7.863247850156904,2.2779370010539424,306.8697830003657,224.05675668090242
1789572425,100,,Aggregated,323.400000,0.000000,5,7,8,9,14,21,37,52,100,200,310,427893,0,5,7.861441220419044,2.2779370010539424,306.8697830003657,224.05575926691952
1789572426,100,,Aggregated,323.100000,0.000000,5,7,8,9,14,21,37,52,100,200,310,428209,0,5,7.862060067809808,2.2779370010539424,306.8697830003657,224.0561501509777
1789572427,100,,Aggregated,323.000000,0.000000,5,7,8,9,14,21,37,52,100,200,310,428541,0,5,7.863385626562648,2.2779370010539424,306.8697830003657,224.05791277847393
1789572428,100,,Aggregated,324.100000,0.000000,5,7,8,9,14,21,37,52,100,200,310,428872,0,5,7.862057994524708,2.2779370010539424,306.8697830003657,224.05921347161856
1789572429,100,,Aggregated,324.700000,0.000000,5,7,8,9,14,21,37,52,100,200,310,429185,0,5,7.861992890487293,2.2779370010539424,306.8697830003657,224.05904213800576
1789572430,100,,Aggregated,324.200000,0.000000,5,7,8,9,14,21,37,52,100,200,310,429515,0,5,7.864201955705412,2.2779370010539424,306.8697830003657,224.05821449774746
1789572431,100,,Aggregated,325.100000,0.000000,5,7,8,9,14,21,37,52,100,200,310,429825,0,5,7.863195243936044,2.2779370010539424,306.8697830003657,224.05787238992613
1789572432,100,,Aggregated,324.000000,0.000000,5,7,8,9,14,21,37,52,100,200,310,430140,0,5,7.865380973264138,2.2779370010539424,306.8697830003657,224.05617240898312
1789572433,100,,Aggregated,323.200000,0.000000,5,7,8,9,14,21,37,52,100,200,310,430443,0,5,7.864918372966547,2.2779370010539424,306.8697830003657,224.0567972995263
1789572434,100,,Aggregated,318.800000,0.000000,5,7,8,9,14,21,37,52,100,200,310,430784,0,5,7.8657411730492495,2.2779370010539424,306.8697830003657,224.0579408705987
1789572435,100,,Aggregated,320.700000,0.000000,5,7,8,9,14,21,37,52,100,200,310,431107,0,5,7.865714980044063,2.2779370010539424,306.8697830003657,224.0574103412842
1789572436,100,,Aggregated,321.200000,0.000000,5,7,8,9,14,21,37,52,100,200,310,431426,0,5,7.8668228087779815,2.2779370010539424,306.8697830003657,224.05709438003274
1789572437,100,,Aggregated,320.800000,0.000000,5,7,8,9,14,21,37,52,100,200,310,431747,0,5,7.866115724173825,2.2779370010539424,306.8697830003657,224.05655858639435
1789572438,100,,Aggregated,320.800000,0.000000,5,7,8,9,14,21,37,52,100,200,310,432075,0,5,7.86687327598194,2.2779370010539424,306.8697830003657,224.05696233292832
1789572439,100,,Aggregated,320.000000,0.000000,5,7,8,9,14,21,37,52,100,200,310,432392,0,5,7.866191757113658,2.2779370010539424,306.8697830003657,224.05639558548725
1789572440,100,,Aggregated,319.000000,0.000000,5,7,8,9,14,21,37,52,100,200,310,432712,0,5,7.86575122789727,2.2779370010539424,306.8697830003657,224.05785372256835
1789572441,100,,Aggregated,319.200000,0.000000,5,7,8,9,14,21,37,52,100,200,310,433041,0,5,7.8656302335711255,2.2779370010539424,306.8697830003657,224.05678677076767
1789572442,100,,Aggregated,319.200000,0.000000,5,7,8,9,14,21,37,52,100,200,310,433368,0,5,7.864140165932635,2.2779370010539424,306.8697830003657,224.05818611434162
1789572443,100,,Aggregated,319.700000,0.000000,5,7,8,9,14,21,37,52,100,200,310,433689,0,5,7.863195824025702,2.2779370010539424,306.8697830003657,224.05784329323546
1789572444,100,,Aggregated,322.600000,0.000000,5,7,8,9,14,21,37,52,100,200,310,434028,0,5,7.863518688079842,2.2779370010539424,306.8697830003657,224.0577336024404
1789572445,100,,Aggregated,322.300000,0.000000,5,7,8,9,14,21,37,52,100,200,310,434351,0,5,7.862085751928573,2.2779370010539424,306.8697830003657,224.05901678596342
1789572446,100,,Aggregated,323.200000,0.000000,5,7,8,9,14,21,37,52,100,200,310,434678,0,5,7.861993107240131,2.2779370010539424,306.8697830003657,224.0590529081297
1789572447,100,,Aggregated,324.100000,0.000000,5,7,8,9,14,21,37,52,100,200,310,435014,0,5,7.860739557455506,2.2779370010539424,306.8697830003657,224.058821095413
1789572448,100,,Aggregated,324.200000,0.000000,5,7,8,9,14,21,37,52,100,200,310,435327,0,5,7.8606636713089735,2.2779370010539424,306.8697830003657,224.05916012560672
1789572449,100,,Aggregated,325.100000,0.000000,5,7,8,9,14,21,37,52,100,200,310,435639,0,5,7.864171173072005,2.2779370010539424,306.8697830003657,224.0582936789406
1789572450,100,,Aggregated,325.000000,0.000000,5,7,8,9,14,21,37,52,100,200,310,435950,0,5,7.862431763023098,2.2779370010539424,306.8697830003657,224.05841266200252
1789572451,100,,Aggregated,324.100000,0.000000,5,7,8,9,14,21,37,52,100,200,310,436279,0,5,7.862593556606979,2.2779370010539424,306.8697830003657,224.05676642698825
1789572452,100,,Aggregated,324.300000,0.000000,5,7,8,9,14,21,37,52,100,200,310,436599,0,5,7.862977622960474,2.2779370010539424,306.8697830003657,224.05738904578342
1789572453,100,,Aggregated,323.500000,0.000000,5,7,8,9,14,21,37,52,100,200,310,436933,0,5,7.862455113074413,2.2779370010539424,306.8697830003657,224.05657617987197
1789572454,100,,Aggregated,323.400000,0.000000,5,7,8,9,14,21,37,52,100,200,310,437258,0,5,7.861386958754242,2.2779370010539424,306.8697830003657,224.05703269008228
1789572455,100,,Aggregated,321.100000,0.000000,5,7,8,9,14,21,37,52,100,200,310,437596,0,5,7.862325924258859,2.2779370010539424,306.8697830003657,224.05746396219345
1789572456,100,,Aggregated,321.800000,0.000000,5,7,8,9,14,21,37,52,100,200,310,437920,0,5,7.8612814497099714,2.2779370010539424,306.8697830003657,224.05786673364997
1789572457,100,,Aggregated,322.000000,0.000000,5,7,8,9,14,21,37,52,100,200,310,438242,0,5,7.859670371801455,2.2779370010539424,306.8697830003657,224.05921157716512
1789572458,100,,Aggregated,322.200000,0.000000,5,7,8,9,14,21,37,52,100,200,310,438576,0,5,7.859709321574838,2.2779370010539424,306.8697830003657,224.0588130677465
1789572459,100,,Aggregated,322.000000,0.000000,5,7,8,9,14,21,37,52,100,200,310,438891,0,5,7.86117049433234,2.2779370010539424,306.8697830003657,224.05842680756726
1789572460,100,,Aggregated,322.500000,0.000000,5,7,8,9,14,21,37,52,100,200,310,439226,0,5,7.85946753154186,2.2779370010539424,306.8697830003657,224.05878978020428
1789572461,100,,Aggregated,325.000000,0.000000,5,7,8,9,14,21,37,52,100,200,310,439553,0,5,7.858039850887135,2.2779370010539424,306.8697830003657,224.05917375151574
1789572462,100,,Aggregated,324.600000,0.000000,5,7,8,9,14,21,37,52,100,200,310,439878,0,5,7.85787880378876,2.2779370010539424,306.8697830003657,224.05861852604585
1789572463,100,,Aggregated,325.800000,0.000000,5,7,8,9,14,21,37,52,100,200,310,440201,0,5,7.8568910085415435,2.2779370010539424,306.8697830003657,224.0603156285424
1789572464,100,,Aggregated,326.300000,0.000000,5,7,8,9,14,21,37,52,100,200,310,440529,0,5,7.856903325004735,2.2779370010539424,306.8697830003657,224.05995292023908
1789572465,100,,Aggregated,327.300000,0.000000,5,7,8,9,14,21,37,52,100,200,310,440849,0,5,7.855864932929458,2.2779370010539424,306.8697830003657,224.06051958833976
1789572466,100,,Aggregated,326.200000,0.000000,5,7,8,9,14,21,37,52,100,200,310,441175,0,5,7.855438717411487,2.2779370010539424,306.8697830003657,224.06174873916245
1789572467,100,,Aggregated,327.100000,0.000000,5,7,8,9,14,21,37,52,100,200,310,441503,0,5,7.854064769140899,2.2779370010539424,306.8697830003657,224.06057942981136
1789572468,100,,Aggregated,324.100000,0.000000,5,7,8,9,14,21,37,52,100,200,310,441830,0,5,7.856198478260889,2.2779370010539424,306.8697830003657,224.06215060090986
1789572469,100,,Aggregated,324.400000,0.000000,5,7,8,9,14,21,37,52,100,200,310,442161,0,5,7.856413813276139,2.2779370010539424,306.8697830003657,224.06304717060075
1789572470,100,,Aggregated,325.800000,0.000000,5,7,8,9,14,21,37,52,100,200,310,442491,0,5,7.85764127482588,2.2779370010539424,306.8697830003657,224.06342953867988
1789572471,100,,Aggregated,323.900000,0.000000,5,7,8,9,14,21,37,52,100,200,310,442817,0,5,7.856548554156625,2.2779370010539424,306.8697830003657,224.06321121366162
1789572472,100,,Aggregated,325.300000,0.000000,5,7,8,9,14,21,37,52,100,200,310,443143,0,5,7.855622637250207,2.2779370010539424,306.8697830003657,224.062884892687
1789572473,100,,Aggregated,326.400000,0.000000,5,7,8,9,14,21,37,52,100,200,310,443472,0,5,7.855962920242936,2.2779370010539424,306.8697830003657,224.0637537431901
1789572474,100,,Aggregated,325.200000,0.000000,5,7,8,9,14,21,37,52,100,200,310,443789,0,5,7.854603908382065,2.2779370010539424,306.8697830003657,224.06406873536747
1789572475,100,,Aggregated,325.800000,0.000000,5,7,8,9,14,21,37,52,100,200,310,444102,0,5,7.8538166755001715,2.2779370010539424,306.8697830003657,224.06370383380394
1789572476,100,,Aggregated,326.500000,0.000000,5,7,8,9,14,21,37,52,100,200,310,444431,0,5,7.854884870119224,2.2779370010539424,306.8697830003657,224.06342941873993
1789572477,100,,Aggregated,323.800000,0.000000,5,7,8,9,14,21,37,52,100,200,310,444754,0,5,7.854017547322693,2.2779370010539424,306.8697830003657,224.06254019075715
1789572478,100,,Aggregated,324.600000,0.000000,5,7,8,9,14,21,37,52,100,200,310,445090,0,5,7.856590427019177,2.2779370010539424,306.8697830003657,224.06114269024243
1789572479,100,,Aggregated,325.000000,0.000000,5,7,8,9,14,21,37,52,100,200,310,445401,0,5,7.855866016544532,2.2779370010539424,306.8697830003657,224.06191723862318
1789572480,100,,Aggregated,323.800000,0.000000,5,7,8,9,14,21,37,52,100,200,310,445723,0,5,7.857510734989983,2.2779370010539424,306.8697830003657,224.06141482490247
1789572481,100,,Aggregated,324.200000,0.000000,5,7,8,9,14,21,37,52,100,200,310,446045,0,5,7.856031310098672,2.2779370010539424,306.8697830003657,224.0618300844085
1789572482,100,,Aggregated,323.500000,0.000000,5,7,8,9,14,21,37,52,100,200,310,446366,0,5,7.855538116718024,2.2779370010539424,306.8697830003657,224.06294162189772
1789572483,100,,Aggregated,320.800000,0.000000,5,7,8,9,14,21,37,52,100,200,310,446683,0,5,7.854670829753935,2.2779370010539424,306.8697830003657,224.06285217928598
1789572484,100,,Aggregated,322.700000,0.000000,5,7,8,9,14,21,37,52,100,200,310,447028,0,5,7.85515281986581,2.2779370010539424,306.8697830003657,224.06327344148465
1789572485,100,,Aggregated,321.000000,0.000000,5,7,8,9,14,21,37,52,100,200,310,447347,0,5,7.856906345964081,2.2779370010539424,306.8697830003657,224.06310313917385
1789572486,100,,Aggregated,322.000000,0.000000,5,7,8,9,14,21,37,52,100,200,310,447674,0,5,7.8568417178437375,2.2779370010539424,306.8697830003657,224.06273538333699
1789572487,100,,Aggregated,322.300000,0.000000,5,7,8,9,14,21,37,52,100,200,310,447999,0,5,7.855323594269165,2.2779370010539424,306.8697830003657,224.06226353183823
1789572488,100,,Aggregated,324.200000,0.000000,5,7,8,9,14,21,37,52,100,200,310,448322,0,5,7.854691387422409,2.2779370010539424,306.8697830003657,224.06197331382356
1789572489,100,,Aggregated,322.900000,0.000000,5,7,8,9,14,21,37,51,100,200,310,448639,0,5,7.8540396347708565,2.2779370010539424,306.8697830003657,224.06221260300597
1789572490,100,,Aggregated,323.800000,0.000000,5,7,8,9,14,21,37,51,100,200,310,448973,0,5,7.852942894790913,2.2779370010539424,306.8697830003657,224.06277660349286
1789572491,100,,Aggregated,322.700000,0.000000,5,7,8,9,14,21,37,51,100,200,310,449296,0,5,7.853501270503124,2.2779370010539424,306.8697830003657,224.06343479576938
1789572492,100,,Aggregated,322.700000,0.000000,5,7,8,9,14,21,37,51,100,200,310,449613,0,5,7.852223548600654,2.2779370010539424,306.8697830003657,224.06385046695715
1789572493,100,,Aggregated,324.700000,0.000000,5,7,8,9,14,21,37,51,100,200,310,449947,0,5,7.8511477190868595,2.2779370010539424,306.8697830003657,224.06469428621594
1789572494,100,,Aggregated,323.400000,0.000000,5,7,8,9,14,21,37,51,100,200,310,450273,0,5,7.850278370479645,2.2779370010539424,306.8697830003657,224.0645830418435
1789572495,100,,Aggregated,324.400000,0.000000,5,7,8,9,14,21,37,51,100,200,310,450600,0,5,7.849165562607612,2.2779370010539424,306.8697830003657,224.0648113626276
1789572496,100,,Aggregated,323.500000,0.000000,5,7,8,9,14,21,37,51,100,200,310,450919,0,5,7.849706339247134,2.2779370010539424,306.8697830003657,224.06404254422634
1789572497,100,,Aggregated,325.200000,0.000000,5,7,8,9,14,20,37,51,100,200,310,451253,0,5,7.847969809255531,2.2779370010539424,306.8697830003657,224.0621691157732
1789572498,100,,Aggregated,324.800000,0.000000,5,7,8,9,14,21,37,51,100,200,310,451565,0,5,7.848439283653491,2.2779370010539424,306.8697830003657,224.06254470563485
1789572499,100,,Aggregated,324.200000,0.000000,5,7,8,9,14,20,37,51,100,200,310,451905,0,5,7.847660375884293,2.2779370010539424,306.8697830003657,224.06221661632424
1789572500,100,,Aggregated,324.100000,0.000000,5,7,8,9,14,20,37,51,100,200,310,452227,0,5,7.847245341339578,2.2779370010539424,306.8697830003657,224.062634473395
1789572501,100,,Aggregated,324.600000,0.000000,5,7,8,9,14,21,37,51,100,200,310,452545,0,5,7.851909642488519,2.2779370010539424,306.8697830003657,224.06369974256702
1789572502,100,,Aggregated,325.600000,0.000000,5,7,8,9,14,20,37,51,100,200,310,452876,0,5,7.850421502382539,2.2779370010539424,306.8697830003657,224.06267720082317
1789572503,100,,Aggregated,325.100000,0.000000,5,7,8,9,14,20,37,51,100,200,310,453194,0,5,7.850108132146446,2.2779370010539424,306.8697830003657,224.06182341337265
1789572504,100,,Aggregated,324.700000,0.000000,5,7,8,9,14,21,37,51,100,200,310,453522,0,5,7.850402398320203,2.2779370010539424,306.8697830003657,224.06307963009513
1789572505,100,,Aggregated,325.200000,0.000000,5,7,8,9,14,21,37,51,100,200,310,453834,0,5,7.850726292943998,2.2779370010539424,306.8697830003657,224.06267049185385
1789572506,100,,Aggregated,324.500000,0.000000,5,7,8,9,14,20,37,51,100,200,310,454163,0,5,7.849246584532307,2.2779370010539424,306.8697830003657,224.06196233510877
1789572507,100,,Aggregated,324.300000,0.000000,5,7,8,9,14,21,37,51,100,200,310,454501,0,5,7.84911361981154,2.2779370010539424,306.8697830003657,224.06303396472174
1789572508,100,,Aggregated,323.700000,0.000000,5,7,8,9,14,20,37,51,100,200,310,454820,0,5,7.848031990352154,2.2779370010539424,306.8697830003657,224.0628094630843
1789572509,100,,Aggregated,324.000000,0.000000,5,7,8,9,14,20,37,51,100,200,310,455154,0,5,7.847108844694252,2.2779370010539424,306.8697830003657,224.06326210469425
1789572510,100,,Aggregated,323.900000,0.000000,5,7,8,9,14,20,37,51,100,200,310,455476,0,5,7.847034336930987,2.2779370010539424,306.8697830003657,224.06318444879642
1789572511,100,,Aggregated,324.800000,0.000000,5,7,8,9,14,20,37,51,100,200,310,455801,0,5,7.845545937174283,2.2779370010539424,306.8697830003657,224.06331491155132
1789572512,100,,Aggregated,323.800000,0.000000,5,7,8,9,14,20,37,51,100,200,310,456128,0,5,7.845201628775233,2.2779370010539424,306.8697830003657,224.06415085239232
1789572513,100,,Aggregated,323.600000,0.000000,5,7,8,9,14,20,37,51,100,200,310,456446,0,5,7.844022339853943,2.2779370010539424,306.8697830003657,224.06360664788386
1789572514,100,,Aggregated,324.300000,0.000000,5,7,8,9,14,20,37,51,100,200,310,456782,0,5,7.84291397605416,2.2779370010539424,306.8697830003657,224.06458222959748
1789572515,100,,Aggregated,324.100000,0.000000,5,7,8,9,14,20,37,51,100,200,310,457097,0,5,7.849409501488688,2.2779370010539424,306.8697830003657,224.06288162031254
1789572516,100,,Aggregated,324.800000,0.000000,5,7,8,9,14,20,37,51,100,200,310,457416,0,5,7.8484771314077255,2.2779370010539424,306.8697830003657,224.06317006838415
1789572517,100,,Aggregated,325.300000,0.000000,5,7,8,9,14,20,37,51,100,200,310,457753,0,5,7.846937493036711,2.2779370010539424,306.8697830003657,224.06365441624632
1789572518,100,,Aggregated,323.500000,0.000000,5,7,8,9,14,20,37,51,100,200,310,458083,0,5,7.846888272040256,2.2779370010539424,306.8697830003657,224.06267859754672
1789572519,100,,Aggregated,324.200000,0.000000,5,7,8,9,14,20,37,51,100,200,310,458415,0,5,7.8499331642267665,2.2779370010539424,306.8697830003657,224.0620136775629
1789572520,100,,Aggregated,324.000000,0.000000,5,7,8,9,14,20,37,51,100,200,310,458745,0,5,7.848788790633175,2.2779370010539424,306.8697830003657,224.06421214400157
1789572521,100,,Aggregated,325.400000,0.000000,5,7,8,9,14,20,37,51,100,200,310,459062,0,5,7.848678364628304,2.2779370010539424,306.8697830003657,224.0643202878914
1789572522,100,,Aggregated,325.100000,0.000000,5,7,8,9,14,20,37,51,100,200,310,459404,0,5,7.84779997858523,2.2779370010539424,306.8697830003657,224.0664186641823
1789572523,100,,Aggregated,325.300000,0.000000,5,7,8,9,14,20,37,51,100,200,310,459729,0,5,7.846670175638182,2.2779370010539424,306.8697830003657,224.06617594278367
1789572524,100,,Aggregated,324.800000,0.000000,5,7,8,9,14,20,37,51,100,200,310,460062,0,5,7.846719428390015,2.2779370010539424,306.8697830003657,224.06507818511417
1789572525,100,,Aggregated,326.300000,0.000000,5,7,8,9,14,20,37,51,100,200,310,460378,0,5,7.845878498514133,2.2779370010539424,306.8697830003657,224.06524421236463
1789572526,100,,Aggregated,326.500000,0.000000,5,7,8,9,14,20,37,51,100,200,310,460695,0,5,7.845136578230572,2.2779370010539424,306.8697830003657,224.06540335797
1789572527,100,,Aggregated,325.900000,0.000000,5,7,8,9,14,20,37,51,100,200,310,461011,0,5,7.844268211352766,2.2779370010539424,306.8697830003657,224.06445833179686
1789572528,100,,Aggregated,327.600000,0.000000,5,7,8,9,14,20,37,51,100,200,310,461346,0,5,7.84389510453314,2.2779370010539424,306.8697830003657,224.06679151872999
1789572529,100,,Aggregated,325.900000,0.000000,5,7,8,9,14,20,37,51,100,200,310,461669,0,5,7.843224750797508,2.2779370010539424,306.8697830003657,224.06783214814078
1789572530,100,,Aggregated,325.000000,0.000000,5,7,8,9,14,20,37,51,100,200,310,462001,0,5,7.84692757632328,2.2779370010539424,306.8697830003657,224.06705613191315
1789572531,100,,Aggregated,324.500000,0.000000,5,7,8,9,14,20,37,51,100,200,310,462332,0,5,7.847022035924244,2.2779370010539424,306.8697830003657,224.06770891913172
1789572532,100,,Aggregated,323.900000,0.000000,5,7,8,9,14,20,37,51,100,200,310,462664,0,5,7.8466743600883975,2.2779370010539424,306.8697830003657,224.0670659485069
1789572533,100,,Aggregated,324.600000,0.000000,5,7,8,9,14,20,37,51,100,200,310,462972,0,5,7.846185704286502,2.2779370010539424,306.8697830003657,224.06774707757705
1789572534,100,,Aggregated,326.100000,0.000000,5,7,8,9,14,20,37,51,100,200,310,463289,0,5,7.847754776169803,2.2779370010539424,306.8697830003657,224.06716541942504
1789572535,100,,Aggregated,324.000000,0.000000,5,7,8,9,14,20,37,51,100,200,310,463614,0,5,7.847096977159679,2.2779370010539424,306.8697830003657,224.06816877833714
1789572536,100,,Aggregated,323.300000,0.000000,5,7,8,9,14,20,37,51,100,200,310,463945,0,5,7.84731263997437,2.2779370010539424,306.8697830003657,224.06842405888628
1789572537,100,,Aggregated,322.400000,0.000000,5,7,8,9,14,20,37,51,100,200,310,464269,0,5,7.846342538355805,2.2779370010539424,306.8697830003657,224.06831168999008
1789572538,100,,Aggregated,322.900000,0.000000,5,7,8,9,14,20,37,51,100,200,310,464599,0,5,7.844426330504148,2.2779370010539424,306.8697830003657,224.06905524979607
1789572539,100,,Aggregated,324.700000,0.000000,5,7,8,9,14,20,37,51,100,200,310,464923,0,5,7.8436947769628755,2.2779370010539424,306.8697830003657,224.06799620582333
1789572540,100,,Aggregated,325.200000,0.000000,5,7,8,9,14,20,37,51,100,200,310,465249,0,5,7.845471603126292,2.2779370010539424,306.8697830003657,224.0686729041868
1789572541,100,,Aggregated,324.800000,0.000000,5,7,8,9,14,20,37,51,100,200,310,465578,0,5,7.844610937389424,2.2779370010539424,306.8697830003657,224.069335320827
1789572542,100,,Aggregated,325.000000,0.000000,5,7,8,9,14,20,37,51,100,200,310,465916,0,5,7.84366348934554,2.2779370010539424,306.8697830003657,224.07065436688157
1789572543,100,,Aggregated,324.000000,0.000000,5,7,8,9,14,20,37,51,100,200,310,466241,0,5,7.842379192546177,2.2779370010539424,306.8697830003657,224.07070163284652
1789572544,100,,Aggregated,322.900000,0.000000,5,7,8,9,14,20,37,51,100,200,310,466561,0,5,7.841275783455767,2.2779370010539424,306.8697830003657,224.06990940091436
1789572545,100,,Aggregated,325.700000,0.000000,5,7,8,9,14,20,37,51,100,200,310,466879,0,5,7.84444782620956,2.2779370010539424,306.8697830003657,224.07050006532742
1789572546,100,,Aggregated,324.900000,0.000000,5,7,8,9,14,20,37,51,100,200,310,467218,0,5,7.844217693076694,2.2779370010539424,306.8697830003657,224.0709839946235
1789572547,100,,Aggregated,326.500000,0.000000,5,7,8,9,14,20,37,51,100,200,310,467540,0,5,7.8430832983421706,2.2779370010539424,306.8697830003657,224.0706741669162
1789572548,100,,Aggregated,325.900000,0.000000,5,7,8,9,14,20,37,51,100,200,310,467850,0,5,7.842580800091715,2.2779370010539424,306.8697830003657,224.07206155819173
1789572549,100,,Aggregated,326.100000,0.000000,5,7,8,9,14,20,37,51,100,200,310,468171,0,5,7.8427396548139425,2.2779370010539424,306.8697830003657,224.07204205301053
1789572550,100,,Aggregated,325.100000,0.000000,5,7,8,9,14,20,37,51,100,200,310,468493,0,5,7.843455624111527,2.2779370010539424,306.8697830003657,224.0724599940661
1789572551,100,,Aggregated,323.200000,0.000000,5,7,8,9,14,20,37,51,100,200,310,468820,0,5,7.842342814143808,2.2779370010539424,306.8697830003657,224.0721876199821
1789572552,100,,Aggregated,324.400000,0.000000,5,7,8,9,14,20,37,51,100,200,310,469136,0,5,7.84173243029503,2.2779370010539424,306.8697830003657,224.07192370655844
1789572553,100,,Aggregated,324.400000,0.000000,5,7,8,9,14,20,37,51,100,200,310,469462,0,5,7.840165963932994,2.2779370010539424,306.8697830003657,224.07175873659637
1789572554,100,,Aggregated,324.200000,0.000000,5,7,8,9,14,20,37,51,100,200,310,469788,0,5,7.8397296128230085,2.2779370010539424,306.8697830003657,224.0733586213356
1789572555,100,,Aggregated,321.500000,0.000000,5,7,8,9,14,20,37,51,100,190,310,470091,0,5,7.840329054644501,2.2779370010539424,306.8697830003657,224.0725774371345
1789572556,100,,Aggregated,321.600000,0.000000,5,7,8,9,14,20,37,51,100,190,310,470423,0,5,7.841551324057036,2.2779370010539424,306.8697830003657,224.07153986943666
1789572557,100,,Aggregated,320.300000,0.000000,5,7,8,9,14,20,37,51,100,190,310,470751,0,5,7.845216641551208,2.2779370010539424,306.8697830003657,224.07075502760483
1789572558,100,,Aggregated,320.100000,0.000000,5,7,8,9,14,20,37,51,100,190,310,471081,0,5,7.844822638881327,2.2779370010539424,306.8697830003657,224.07159702896104
1789572559,100,,Aggregated,320.100000,0.000000,5,7,8,9,14,20,37,51,100,190,310,471406,0,5,7.843155549977831,2.2779370010539424,306.8697830003657,224.07151160570717
1789572560,100,,Aggregated,320.800000,0.000000,5,7,8,9,14,20,37,51,100,190,310,471734,0,5,7.842675883601444,2.2779370010539424,306.8697830003657,224.07184345415
1789572561,100,,Aggregated,322.800000,0.000000,5,7,8,9,14,20,37,51,100,190,310,472035,0,5,7.842468783884377,2.2779370010539424,306.8697830003657,224.07356869723642
1789572562,100,,Aggregated,322.600000,0.000000,5,7,8,9,14,20,37,51,100,190,310,472379,0,5,7.843444904521303,2.2779370010539424,306.8697830003657,224.07425181898432
1789572563,100,,Aggregated,322.000000,0.000000,5,7,8,9,14,20,37,51,100,190,310,472694,0,5,7.842406877753608,2.2779370010539424,306.8697830003657,224.07363114403822
1789572564,100,,Aggregated,322.100000,0.000000,5,7,8,9,14,20,37,51,100,190,310,473015,0,5,7.841254976835508,2.2779370010539424,306.8697830003657,224.0720590256123
1789572565,100,,Aggregated,323.400000,0.000000,5,7,8,9,14,20,37,51,100,190,310,473341,0,5,7.839941997092665,2.2779370010539424,306.8697830003657,224.07186151210226
1789572566,100,,Aggregated,322.900000,0.000000,5,7,8,9,14,20,37,51,100,190,310,473661,0,5,7.843919186417814,2.2779370010539424,306.8697830003657,224.07111626247465
1789572567,100,,Aggregated,323.300000,0.000000,5,7,8,9,14,20,37,51,100,190,310,473973,0,5,7.842908462150468,2.2779370010539424,306.8697830003657,224.07189439060875
1789572568,100,,Aggregated,321.400000,0.000000,5,7,8,9,14,20,37,52,100,190,310,474290,0,5,7.851223767538461,2.2779370010539424,306.8697830003657,224.07062978346582
1789572569,100,,Aggregated,322.400000,0.000000,5,7,8,9,14,20,37,51,100,190,310,474609,0,5,7.850817986940477,2.2779370010539424,306.8697830003657,224.07080354565548
1789572570,100,,Aggregated,321.200000,0.000000,5,7,8,9,14,20,37,51,100,190,310,474931,0,5,7.850420213089565,2.2779370010539424,306.8697830003657,224.0711682328591
1789572571,100,,Aggregated,319.400000,0.000000,5,7,8,9,14,20,37,51,100,190,310,475259,0,5,7.849796379222392,2.2779370010539424,306.8697830003657,224.0715630845497
1789572572,100,,Aggregated,319.900000,0.000000,5,7,8,9,14,20,37,51,100,190,310,475579,0,5,7.849293814814895,2.2779370010539424,306.8697830003657,224.07042363098455
1789572573,100,,Aggregated,320.100000,0.000000,5,7,8,9,14,20,37,51,100,190,310,475909,0,5,7.848163011695245,2.2779370010539424,306.8697830003657,224.06956161787232
1789572574,100,,Aggregated,320.000000,0.000000,5,7,8,9,14,21,37,52,100,190,310,476217,0,5,7.854511541805218,2.2779370010539424,306.8697830003657,224.06974971494088
1789572575,100,,Aggregated,318.900000,0.000000,5,7,8,9,14,21,37,52,100,190,310,476546,0,5,7.853272105103876,2.2779370010539424,306.8697830003657,224.07033318924093
1789572576,100,,Aggregated,320.600000,0.000000,5,7,8,9,14,20,37,52,100,190,310,476877,0,5,7.852699396722489,2.2779370010539424,306.8697830003657,224.0698649756646
1789572577,100,,Aggregated,318.100000,0.000000,5,7,8,9,14,21,37,52,100,190,310,477200,0,5,7.853466494452721,2.2779370010539424,306.8697830003657,224.0694467728416
1789572578,100,,Aggregated,322.000000,0.000000,5,7,8,9,14,21,37,52,100,190,310,477533,0,5,7.856157639775335,2.2779370010539424,306.8697830003657,224.06863190606722
1789572579,100,,Aggregated,321.200000,0.000000,5,7,8,9,14,21,37,52,100,190,310,477857,0,5,7.855209357217397,2.2779370010539424,306.8697830003657,224.06940779354494
1789572580,100,,Aggregated,322.700000,0.000000,5,7,8,9,14,21,37,52,100,190,310,478179,0,5,7.85620864091865,2.2779370010539424,306.8697830003657,224.06940497177834
1789572581,100,,Aggregated,323.500000,0.000000,5,7,8,9,14,21,37,52,100,190,310,478494,0,5,7.854633223034786,2.2779370010539424,306.8697830003657,224.06962469748836
1789572582,100,,Aggregated,323.900000,0.000000,5,7,8,9,14,21,37,52,100,190,310,478829,0,5,7.853037014021327,2.2779370010539424,306.8697830003657,224.06995399192613
1789572583,100,,Aggregated,322.900000,0.000000,5,7,8,9,14,21,37,52,100,190,310,479169,0,5,7.853134053959756,2.2779370010539424,306.8697830003657,224.07026748391485
1789572584,100,,Aggregated,322.200000,0.000000,5,7,8,9,14,21,37,52,100,190,310,479505,0,5,7.852564338771956,2.2779370010539424,306.8697830003657,224.07123387660192
1789572585,100,,Aggregated,323.500000,0.000000,5,7,8,9,14,21,37,52,100,190,310,479827,0,5,7.851586872020182,2.2779370010539424,306.8697830003657,224.07065254768906
1789572586,100,,Aggregated,324.600000,0.000000,5,7,8,9,14,21,37,52,100,190,310,480155,0,5,7.852853932508952,2.2779370010539424,306.8697830003657,224.07115202382565
1789572587,100,,Aggregated,327.400000,0.000000,5,7,8,9,14,21,37,52,100,190,310,480482,0,5,7.852654986049072,2.2779370010539424,306.8697830003657,224.07178208548916
1789572588,100,,Aggregated,325.700000,0.000000,5,7,8,9,14,21,37,51,100,190,310,480811,0,5,7.8528368285518155,2.2779370010539424,306.8697830003657,224.07169969073087
1789572589,100,,Aggregated,326.600000,0.000000,5,7,8,9,14,21,37,51,100,190,310,481126,0,5,7.85159879138281,2.2779370010539424,306.8697830003657,224.07142411759082
1789572590,100,,Aggregated,326.800000,0.000000,5,7,8,9,14,21,37,51,100,190,310,481459,0,5,7.850156889327772,2.2779370010539424,306.8697830003657,224.0723363775524
1789572591,100,,Aggregated,327.200000,0.000000,5,7,8,9,14,21,37,51,100,190,310,481780,0,5,7.84938584724534,2.2779370010539424,306.8697830003657,224.0729731412678
1789572592,100,,Aggregated,325.400000,0.000000,5,7,8,9,14,21,37,51,100,190,310,482102,0,5,7.8526861672838635,2.2779370010539424,306.8697830003657,224.07346578110025
1789572593,100,,Aggregated,326.900000,0.000000,5,7,8,9,14,21,37,51,100,190,310,482432,0,5,7.8516057151782785,2.2779370010539424,306.8697830003657,224.0730569282303
1789572594,100,,Aggregated,326.400000,0.000000,5,7,8,9,14,21,37,52,100,190,310,482741,0,5,7.8564746200775835,2.2779370010539424,306.8697830003657,224.0721028460396
1789572595,100,,Aggregated,327.000000,0.000000,5,7,8,9,14,21,37,52,100,190,310,483069,0,5,7.855025848195355,2.2779370010539424,306.8697830003657,224.0720663093678
1789572596,100,,Aggregated,324.800000,0.000000,5,7,8,9,14,21,37,52,100,190,310,483403,0,5,7.853621954460097,2.2779370010539424,306.8697830003657,224.07208271359508
1789572597,100,,Aggregated,323.400000,0.000000,5,7,8,9,14,21,37,52,100,190,310,483727,0,5,7.852303300069825,2.2779370010539424,306.8697830003657,224.0726732227062
1789572598,100,,Aggregated,324.100000,0.000000,5,7,8,9,14,21,37,52,100,190,310,484046,0,5,7.855269124012715,2.2779370010539424,306.8697830003657,224.07124116302995
1789572599,100,,Aggregated,323.400000,0.000000,5,7,8,9,14,21,37,52,100,190,310,484363,0,5,7.853933183401395,2.2779370010539424,306.8697830003657,224.07338710842902
1789572600,100,,Aggregated,323.800000,0.000000,5,7,8,9,14,21,37,52,100,190,310,484695,0,5,7.856378627749078,2.2779370010539424,306.8697830003657,224.07281073664882
1789572601,100,,Aggregated,322.400000,0.000000,5,7,8,9,14,21,37,52,100,190,310,485010,0,5,7.855529187049405,2.2779370010539424,306.8697830003657,224.07397991793982
1789572602,100,,Aggregated,322.300000,0.000000,5,7,8,9,14,21,37,52,100,190,310,485352,0,5,7.85445231276439,2.2779370010539424,306.8697830003657,224.07489409747976
1789572603,100,,Aggregated,323.000000,0.000000,5,7,8,9,14,21,37,52,100,190,310,485678,0,5,7.854119530966687,2.2779370010539424,306.8697830003657,224.0756344738695
1789572604,100,,Aggregated,324.100000,0.000000,5,7,8,9,14,21,37,52,100,190,310,486004,0,5,7.853356906276169,2.2779370010539424,306.8697830003657,224.07505493781943
1789572605,100,,Aggregated,323.600000,0.000000,5,7,8,9,14,21,37,52,100,190,310,486324,0,5,7.852015399284931,2.2779370010539424,306.8697830003657,224.07475469028878
1789572606,100,,Aggregated,324.100000,0.000000,5,7,8,9,14,21,37,52,100,190,310,486652,0,5,7.851274744209094,2.2779370010539424,306.8697830003657,224.0751871974224
1789572607,100,,Aggregated,325.200000,0.000000,5,7,8,9,14,21,37,52,100,190,310,486976,0,5,7.851410852585853,2.2779370010539424,306.8697830003657,224.07510226376658
1789572608,100,,Aggregated,325.000000,0.000000,5,7,8,9,14,21,37,52,100,190,310,487299,0,5,7.849897160270912,2.2779370010539424,306.8697830003657,224.0751017342535
1789572609,100,,Aggregated,324.100000,0.000000,5,7,8,9,14,21,37,52,100,190,310,487615,0,5,7.849028592046717,2.2779370010539424,306.8697830003657,224.07515765511727
1789572610,100,,Aggregated,323.700000,0.000000,5,7,8,9,14,20,37,52,100,190,310,487946,0,5,7.847701869423763,2.2779370010539424,306.8697830003657,224.0762666360622
1789572611,100,,Aggregated,325.000000,0.000000,5,7,8,9,14,20,37,52,100,190,310,488284,0,5,7.845914170185502,2.2779370010539424,306.8697830003657,224.07641454563327
1789572612,100,,Aggregated,325.100000,0.000000,5,7,8,9,14,20,37,52,100,190,310,488598,0,5,7.84610975736057,2.2779370010539424,306.8697830003657,224.07683617206783
1789572613,100,,Aggregated,324.800000,0.000000,5,7,8,9,14,21,37,52,100,190,310,488934,0,5,7.849028105903594,2.2779370010539424,306.8697830003657,224.07600616852173
1789572614,100,,Aggregated,325.600000,0.000000,5,7,8,9,14,21,37,52,100,190,310,489255,0,5,7.849474258780925,2.2779370010539424,306.8697830003657,224.07634260252834
1789572616,100,,Aggregated,325.200000,0.000000,5,7,8,9,14,21,37,52,100,190,310,489585,0,5,7.848345527117606,2.2779370010539424,306.8697830003657,224.07649335661836
1789572617,100,,Aggregated,325.200000,0.000000,5,7,8,9,14,21,37,52,100,190,310,489920,0,5,7.847840871395088,2.2779370010539424,306.8697830003657,224.07663904310908
1789572618,100,,Aggregated,325.100000,0.000000,5,7,8,9,14,20,37,52,100,190,310,490250,0,5,7.846970220058923,2.2779370010539424,306.8697830003657,224.07697093319734
1789572619,100,,Aggregated,326.500000,0.000000,5,7,8,9,14,21,37,52,100,190,310,490563,0,5,7.847161249643527,2.2779370010539424,306.8697830003657,224.0762389336334
1789572620,100,,Aggregated,326.500000,0.000000,5,7,8,9,14,21,37,52,100,190,310,490890,0,5,7.8461751255329295,2.2779370010539424,306.8697830003657,224.0769683635845
1789572621,100,,Aggregated,325.400000,0.000000,5,7,8,9,14,20,37,51,100,190,310,491223,0,5,7.845223191472865,2.2779370010539424,306.8697830003657,224.07645407482957
1789572622,100,,Aggregated,326.600000,0.000000,5,7,8,9,14,21,37,52,100,190,310,491545,0,5,7.8478783263320375,2.2779370010539424,306.8697830003657,224.07641212910315
1789572623,100,,Aggregated,326.100000,0.000000,5,7,8,9,14,21,37,52,100,190,310,491876,0,5,7.85134007847481,2.2779370010539424,306.8697830003657,224.0771820540136
1789572624,100,,Aggregated,325.600000,0.000000,5,7,8,9,14,21,37,52,100,190,310,492200,0,5,7.850179083888459,2.2779370010539424,306.8697830003657,224.0775294595693
1789572625,100,,Aggregated,326.800000,0.000000,5,7,8,9,14,21,37,52,100,190,310,492526,0,5,7.849066118231169,2.2779370010539424,306.8697830003657,224.07694619167313
1789572626,100,,Aggregated,325.900000,0.000000,5,7,8,9,14,21,37,52,100,190,310,492850,0,5,7.848652720131696,2.2779370010539424,306.8697830003657,224.07824287308512
1789572627,100,,Aggregated,326.400000,0.000000,5,7,8,9,14,21,37,52,100,190,310,493178,0,5,7.847271423615617,2.2779370010539424,306.8697830003657,224.07766364274156
1789572628,100,,Aggregated,325.200000,0.000000,5,7,8,9,14,21,37,52,100,190,310,493494,0,5,7.8487571671994205,2.2779370010539424,306.8697830003657,224.07769294054233
1789572629,100,,Aggregated,324.700000,0.000000,5,7,8,9,14,21,37,51,100,190,310,493814,0,5,7.84757191655747,2.2779370010539424,306.8697830003657,224.07699457690546
1789572630,100,,Aggregated,323.500000,0.000000,5,7,8,9,14,21,37,51,100,190,310,494133,0,5,7.84655520887677,2.2779370010539424,306.8697830003657,224.07642072073713
1789572631,100,,Aggregated,324.500000,0.000000,5,7,8,9,14,21,37,51,100,190,310,494463,0,5,7.845872459249479,2.2779370010539424,306.8697830003657,224.07747192408735
1789572632,100,,Aggregated,323.400000,0.000000,5,7,8,9,14,21,37,51,100,190,310,494797,0,5,7.845525192992028,2.2779370010539424,306.8697830003657,224.0774539861802
1789572633,100,,Aggregated,324.000000,0.000000,5,7,8,9,14,21,37,51,100,190,310,495117,0,5,7.844850685932595,2.2779370010539424,306.8697830003657,224.0768303249535
1789572634,100,,Aggregated,324.600000,0.000000,5,7,8,9,14,21,37,51,100,190,310,495450,0,5,7.845430787954147,2.2779370010539424,306.8697830003657,224.0773357553739
1789572635,100,,Aggregated,323.500000,0.000000,5,7,8,9,14,21,37,51,100,190,310,495776,0,5,7.845232507660475,2.2779370010539424,306.8697830003657,224.07749265797457
1789572636,100,,Aggregated,323.900000,0.000000,5,7,8,9,14,21,37,51,100,190,310,496097,0,5,7.844561215848671,2.2779370010539424,306.8697830003657,224.0775433030234
1789572637,100,,Aggregated,322.700000,0.000000,5,7,8,9,14,21,37,51,100,190,310,496415,0,5,7.844096147100444,2.2779370010539424,306.8697830003657,224.0773083005147
1789572638,100,,Aggregated,324.500000,0.000000,5,7,8,9,14,21,37,51,100,190,310,496741,0,5,7.84290179041568,2.2779370010539424,306.8697830003657,224.0789445606463
1789572639,100,,Aggregated,323.600000,0.000000,5,7,8,9,14,21,37,52,100,190,310,497048,0,5,7.856810072878015,2.2779370010539424,306.8697830003657,224.08008079702563
1789572640,100,,Aggregated,324.300000,0.000000,5,7,8,9,14,21,37,52,100,190,310,497362,0,5,7.855558201665811,2.2779370010539424,306.8697830003657,224.0806595598377
1789572641,100,,Aggregated,321.900000,0.000000,5,7,8,9,14,21,37,52,100,190,310,497693,0,5,7.8558989201916045,2.2779370010539424,306.8697830003657,224.0817552185785
1789572642,100,,Aggregated,321.600000,0.000000,5,7,8,9,14,21,37,52,100,190,310,498031,0,5,7.854998696942389,2.2779370010539424,306.8697830003657,224.08256714943448
1789572643,100,,Aggregated,321.400000,0.000000,5,7,8,9,14,21,37,52,100,190,310,498351,0,5,7.854866886060115,2.2779370010539424,306.8697830003657,224.08461706708727
1789572644,100,,Aggregated,321.400000,0.000000,5,7,8,9,14,21,37,52,100,190,310,498667,0,5,7.853643861959856,2.2779370010539424,306.8697830003657,224.0843087671733
1789572645,100,,Aggregated,322.400000,0.000000,5,7,8,9,14,21,37,52,100,190,310,498993,0,5,7.853754041307095,2.2779370010539424,306.8697830003657,224.08474066770475
1789572646,100,,Aggregated,320.500000,0.000000,5,7,8,9,14,21,37,52,100,190,310,499321,0,5,7.852759137686897,2.2779370010539424,306.8697830003657,224.0858666068521
1789572647,100,,Aggregated,321.500000,0.000000,5,7,8,9,14,21,37,51,100,190,310,499642,0,5,7.851776711121098,2.2779370010539424,306.8697830003657,224.0855472518323
1789572648,100,,Aggregated,321.100000,0.000000,5,7,8,9,14,21,37,51,100,190,310,499970,0,5,7.850866810138567,2.2779370010539424,306.8697830003657,224.08543312598755
1789572649,100,,Aggregated,322.000000,0.000000,5,7,8,9,14,21,37,51,100,190,310,500303,0,5,7.850736162941168,2.2779370010539424,306.8697830003657,224.085498188098
1789572650,100,,Aggregated,320.500000,0.000000,5,7,8,9,14,20,37,51,100,190,310,500616,0,5,7.849758011363895,2.2779370010539424,306.8697830003657,224.08577632356938
1789572651,100,,Aggregated,323.600000,0.000000,5,7,8,9,14,21,37,51,100,190,310,500938,0,5,7.84992086238207,2.2779370010539424,306.8697830003657,224.08613241558837
1789572652,100,,Aggregated,323.500000,0.000000,5,7,8,9,14,20,37,51,100,190,310,501258,0,5,7.849315648109284,2.2779370010539424,306.8697830003657,224.08611732880073
1789572653,100,,Aggregated,323.600000,0.000000,5,7,8,9,14,21,37,52,100,190,310,501578,0,5,7.855372189192831,2.2779370010539424,306.8697830003657,224.08632954395927
1789572654,100,,Aggregated,321.800000,0.000000,5,7,8,9,14,21,37,52,100,190,310,501896,0,5,7.854172254576528,2.2779370010539424,306.8697830003657,224.08720332499163
1789572655,100,,Aggregated,321.400000,0.000000,5,7,8,9,14,20,37,52,100,190,310,502232,0,5,7.85248403278151,2.2779370010539424,306.8697830003657,224.08727440704695
1789572656,100,,Aggregated,322.300000,0.000000,5,7,8,9,14,21,37,52,100,190,310,502539,0,5,7.852626880154415,2.2779370010539424,306.8697830003657,224.08674550631892
1789572657,100,,Aggregated,323.400000,0.000000,5,7,8,9,14,21,37,52,100,190,310,502870,0,5,7.8529584476304235,2.2779370010539424,306.8697830003657,224.08737844771014
1789572658,100,,Aggregated,320.900000,0.000000,5,7,8,9,14,21,37,52,100,190,310,503203,0,5,7.852300941246197,2.2779370010539424,306.8697830003657,224.08680592126836
1789572659,100,,Aggregated,321.000000,0.000000,5,7,8,9,14,20,37,52,100,190,310,503512,0,5,7.851040389464216,2.2779370010539424,306.8697830003657,224.0873802411859
1789572660,100,,Aggregated,323.200000,0.000000,5,7,8,9,14,21,37,52,100,190,310,503840,0,5,7.851871893960222,2.2779370010539424,306.8697830003657,224.08790290568433
1789572661,100,,Aggregated,321.300000,0.000000,5,7,8,9,14,20,37,51,100,190,310,504162,0,5,7.851456973246483,2.2779370010539424,306.8697830003657,224.08792015264936
1789572662,100,,Aggregated,322.700000,0.000000,5,7,8,9,14,20,37,51,100,190,310,504488,0,5,7.85016613459959,2.2779370010539424,306.8697830003657,224.0883509617672
1789572663,100,,Aggregated,322.000000,0.000000,5,7,8,9,14,21,37,51,100,190,310,504829,0,5,7.851604404368405,2.2779370010539424,306.8697830003657,224.08863397308792
1789572664,100,,Aggregated,322.100000,0.000000,5,7,8,9,14,20,37,51,100,190,310,505144,0,5,7.850786458027645,2.2779370010539424,306.8697830003657,224.08880833980012
1789572665,100,,Aggregated,324.300000,0.000000,5,7,8,9,14,21,37,52,100,190,310,505461,0,5,7.853379836930883,2.2779370010539424,306.8697830003657,224.08987834867577
1789572666,100,,Aggregated,323.800000,0.000000,5,7,8,9,14,21,37,52,100,190,310,505792,0,5,7.853457980586727,2.2779370010539424,306.8697830003657,224.09021099582438
1789572667,100,,Aggregated,321.600000,0.000000,5,7,8,9,14,21,37,51,100,190,310,506130,0,5,7.852323052344095,2.2779370010539424,306.8697830003657,224.09003418094164
1789572668,100,,Aggregated,323.500000,0.000000,5,7,8,9,14,21,37,52,100,190,310,506444,0,5,7.855226848810348,2.2779370010539424,306.8697830003657,224.08983224206426
1789572669,100,,Aggregated,323.900000,0.000000,5,7,8,9,14,21,37,52,100,190,310,506768,0,5,7.855537475917774,2.2779370010539424,306.8697830003657,224.08962089161116
1789572670,100,,Aggregated,323.500000,0.000000,5,7,8,9,14,21,37,52,100,190,310,507089,0,5,7.855748437262295,2.2779370010539424,306.8697830003657,224.08971009033917
1789572671,100,,Aggregated,323.600000,0.000000,5,7,8,9,14,21,37,52,100,190,310,507413,0,5,7.855073422614084,2.2779370010539424,306.8697830003657,224.08942419685738
1789572672,100,,Aggregated,322.800000,0.000000,5,7,8,9,14,21,37,52,100,190,310,507732,0,5,7.854159823952164,2.2779370010539424,306.8697830003657,224.08960041911874
1789572673,100,,Aggregated,323.000000,0.000000,5,7,8,9,14,21,37,52,100,190,310,508058,0,5,7.853729168069133,2.2779370010539424,306.8697830003657,224.0891354924044
1789572674,100,,Aggregated,324.000000,0.000000,5,7,8,9,14,20,37,52,100,190,310,508381,0,5,7.852463350231226,2.2779370010539424,306.8697830003657,224.0899246824724
1789572675,100,,Aggregated,321.700000,0.000000,5,7,8,9,14,20,37,52,100,190,310,508713,0,5,7.851761966570382,2.2779370010539424,306.8697830003657,224.0891308065648
1789572676,100,,Aggregated,322.300000,0.000000,5,7,8,9,14,20,37,52,100,190,310,509051,0,5,7.850424161260683,2.2779370010539424,306.8697830003657,224.08867284417474
1789572677,100,,Aggregated,324.500000,0.000000,5,7,8,9,14,20,37,51,100,190,310,509380,0,5,7.8513261396225005,2.2779370010539424,306.8697830003657,224.09019003494444
1789572678,100,,Aggregated,326.100000,0.000000,5,7,8,9,14,20,37,51,100,190,310,509713,0,5,7.850937262353324,2.2779370010539424,306.8697830003657,224.09017427454273
1789572679,100,,Aggregated,325.500000,0.000000,5,7,8,9,14,20,37,51,100,190,310,510042,0,5,7.852424397876852,2.2779370010539424,306.8697830003657,224.09168068512005
1789572680,100,,Aggregated,326.100000,0.000000,5,7,8,9,14,20,37,51,100,190,310,510368,0,5,7.8514475997298145,2.2779370010539424,306.8697830003657,224.0914457802997
1789572681,100,,Aggregated,326.500000,0.000000,5,7,8,9,14,20,37,51,100,190,310,510681,0,5,7.850515919381973,2.2779370010539424,306.8697830003657,224.09132902927658
1789572682,100,,Aggregated,326.800000,0.000000,5,7,8,9,14,20,37,51,100,190,310,511005,0,5,7.8498605887651065,2.2779370010539424,306.8697830003657,224.0893181084334
1789572683,100,,Aggregated,326.300000,0.000000,5,7,8,9,14,20,37,51,100,190,310,511319,0,5,7.849247625024537,2.2779370010539424,306.8697830003657,224.08911266743462
1789572684,100,,Aggregated,325.700000,0.000000,5,7,8,9,14,20,37,52,100,190,310,511627,0,5,7.855436220428013,2.2779370010539424,306.8697830003657,224.08983693198365
1789572685,100,,Aggregated,325.600000,0.000000,5,7,8,9,14,20,37,52,100,190,310,511951,0,5,7.854898172188243,2.2779370010539424,306.8697830003657,224.0896159984061
1789572686,100,,Aggregated,323.000000,0.000000,5,7,8,9,14,20,37,52,100,190,310,512287,0,5,7.856596815458831,2.2779370010539424,306.8697830003657,224.09121449499986
1789572687,100,,Aggregated,324.000000,0.000000,5,7,8,9,14,20,37,52,100,190,310,512599,0,5,7.855392916833575,2.2779370010539424,306.8697830003657,224.09140673313837
1789572688,100,,Aggregated,321.200000,0.000000,5,7,8,9,14,20,37,52,100,190,310,512947,0,5,7.8558942440056745,2.2779370010539424,306.8697830003657,224.091243344829
1789572689,100,,Aggregated,322.500000,0.000000,5,7,8,9,14,20,37,52,100,190,310,513281,0,5,7.855105351113711,2.2779370010539424,306.8697830003657,224.0907417184739
1789572690,100,,Aggregated,321.400000,0.000000,5,7,8,9,14,20,37,52,100,190,310,513603,0,5,7.853326760118213,2.2779370010539424,306.8697830003657,224.090353833603
1789572691,100,,Aggregated,323.400000,0.000000,5,7,8,9,14,20,37,52,100,190,310,513910,0,5,7.855843606152817,2.2779370010539424,306.8697830003657,224.09085053803196
1789572692,100,,Aggregated,323.800000,0.000000,5,7,8,9,14,20,37,52,100,190,310,514229,0,5,7.854766526230514,2.2779370010539424,306.8697830003657,224.09335335035559
1789572693,100,,Aggregated,322.400000,0.000000,5,7,8,9,14,21,37,52,100,190,310,514552,0,5,7.85560229490508,2.2779370010539424,306.8697830003657,224.09362707753542
1789572694,100,,Aggregated,322.700000,0.000000,5,7,8,9,14,20,37,52,100,190,310,514871,0,5,7.854812085782638,2.2779370010539424,306.8697830003657,224.0936545270563
1789572695,100,,Aggregated,322.100000,0.000000,5,7,8,9,14,20,37,52,100,190,310,515211,0,5,7.853281474180474,2.2779370010539424,306.8697830003657,224.0934665603025
1789572696,100,,Aggregated,325.200000,0.000000,5,7,8,9,14,20,37,52,100,190,310,515528,0,5,7.852149145427615,2.2779370010539424,306.8697830003657,224.09441776198383
1789572697,100,,Aggregated,323.500000,0.000000,5,7,8,9,14,20,37,52,100,190,310,515861,0,5,7.851097920294395,2.2779370010539424,306.8697830003657,224.09449250864088
1789572698,100,,Aggregated,324.200000,0.000000,5,7,8,9,14,20,37,52,100,190,310,516165,0,5,7.851614662755049,2.2779370010539424,306.8697830003657,224.09513624519292
1789572699,100,,Aggregated,322.300000,0.000000,5,7,8,9,14,20,37,52,100,190,310,516503,0,5,7.853539567696528,2.2779370010539424,306.8697830003657,224.09448154221758
1789572700,100,,Aggregated,323.700000,0.000000,5,7,8,9,14,20,37,52,100,190,310,516823,0,5,7.851991380331326,2.2779370010539424,306.8697830003657,224.09517765269734
1789572701,100,,Aggregated,322.000000,0.000000,5,7,8,9,14,20,37,52,100,190,310,517139,0,5,7.85144952161408,2.2779370010539424,306.8697830003657,224.09422998458828
1789572702,100,,Aggregated,320.200000,0.000000,5,7,8,9,14,20,37,51,100,190,310,517453,0,5,7.850678499977744,2.2779370010539424,306.8697830003657,224.0942559034347
1789572703,100,,Aggregated,321.900000,0.000000,5,7,8,9,14,20,37,51,100,190,310,517789,0,5,7.8503597776448935,2.2779370010539424,306.8697830003657,224.0945230586204
1789572704,100,,Aggregated,321.200000,0.000000,5,7,8,9,14,20,37,51,100,190,310,518112,0,5,7.849541178658243,2.2779370010539424,306.8697830003657,224.09495630288433
1789572705,100,,Aggregated,322.300000,0.000000,5,7,8,9,14,20,37,51,100,190,310,518429,0,5,7.848351358874557,2.2779370010539424,306.8697830003657,224.09493296092617
1789572706,100,,Aggregated,322.500000,0.000000,5,7,8,9,14,20,37,51,100,190,310,518764,0,5,7.850205734973845,2.2779370010539424,306.8697830003657,224.09371698884271
1789572707,100,,Aggregated,321.300000,0.000000,5,7,8,9,14,20,37,51,100,190,310,519088,0,5,7.8495724886993505,2.2779370010539424,306.8697830003657,224.0932597170422
1789572708,100,,Aggregated,322.100000,0.000000,5,7,8,9,14,20,37,51,100,190,310,519418,0,5,7.84823834099506,2.2779370010539424,306.8697830003657,224.09233988810553
1789572709,100,,Aggregated,323.300000,0.000000,5,7,8,9,14,20,37,51,100,190,310,519742,0,5,7.8474461514096525,2.2779370010539424,306.8697830003657,224.0938253979859
1789572710,100,,Aggregated,321.300000,0.000000,5,7,8,9,14,20,37,51,100,190,310,520071,0,5,7.848659884306092,2.2779370010539424,306.8697830003657,224.0936391377331
1789572711,100,,Aggregated,322.300000,0.000000,5,7,8,9,14,20,37,51,100,190,310,520402,0,5,7.847237435280668,2.2779370010539424,306.8697830003657,224.0929243162017
1789572712,100,,Aggregated,324.100000,0.000000,5,7,8,9,14,20,37,51,100,190,310,520721,0,5,7.846422810199547,2.2779370010539424,306.8697830003657,224.09394474200195
1789572713,100,,Aggregated,325.400000,0.000000,5,7,8,9,14,20,37,51,100,190,310,521043,0,5,7.84569936999046,2.2779370010539424,306.8697830003657,224.0941208307184
1789572714,100,,Aggregated,325.400000,0.000000,5,7,8,9,14,20,37,51,100,190,310,521366,0,5,7.844737202120842,2.2779370010539424,306.8697830003657,224.09511360541347
1789572715,100,,Aggregated,325.200000,0.000000,5,7,8,9,14,20,37,51,100,190,310,521693,0,5,7.846846815132513,2.2779370010539424,306.8697830003657,224.0955044441846
1789572716,100,,Aggregated,325.100000,0.000000,5,7,8,9,14,20,37,51,100,190,310,522006,0,5,7.845917701620116,2.2779370010539424,306.8697830003657,224.0962115377984
1789572717,100,,Aggregated,324.600000,0.000000,5,7,8,9,14,20,37,51,100,190,310,522332,0,5,7.844522020063654,2.2779370010539424,306.8697830003657,224.09656119096667
1789572718,100,,Aggregated,324.300000,0.000000,5,7,8,9,14,20,37,51,100,190,310,522662,0,5,7.844238134995257,2.2779370010539424,306.8697830003657,224.09713543360718
1789572719,100,,Aggregated,323.600000,0.000000,5,7,8,9,14,20,37,51,100,190,310,522999,0,5,7.844197597174929,2.2779370010539424,306.8697830003657,224.0984648154203
1789572720,100,,Aggregated,324.500000,0.000000,5,7,8,9,14,20,37,51,100,190,310,523302,0,5,7.843294709981796,2.2779370010539424,306.8697830003657,224.09763769295742
1789572721,100,,Aggregated,324.600000,0.000000,5,7,8,9,14,20,37,51,100,190,310,523644,0,5,7.8447014074521855,2.2779370010539424,306.8697830003657,224.09680813682579
1789572722,100,,Aggregated,323.700000,0.000000,5,7,8,9,14,20,37,51,100,190,310,523980,0,5,7.843629266311461,2.2779370010539424,306.8697830003657,224.0972269933967
1789572723,100,,Aggregated,323.200000,0.000000,5,7,8,9,14,20,37,51,100,190,310,524296,0,5,7.8423723682001745,2.2779370010539424,306.8697830003657,224.09708828600637
1789572724,100,,Aggregated,324.400000,0.000000,5,7,8,9,14,20,37,51,100,190,310,524624,0,5,7.8409717572068205,2.2779370010539424,306.8697830003657,224.0957390435817
1789572725,100,,Aggregated,324.900000,0.000000,5,7,8,9,14,20,37,51,100,190,310,524944,0,5,7.841254518281692,2.2779370010539424,306.8697830003657,224.09598928647628
1789572726,100,,Aggregated,323.200000,0.000000,5,7,8,9,14,20,37,51,100,190,310,525279,0,5,7.839730238379725,2.2779370010539424,306.8697830003657,224.09569771492863
1789572727,100,,Aggregated,324.200000,0.000000,5,7,8,9,14,20,37,51,100,190,310,525609,0,5,7.84077503874338,2.2779370010539424,306.8697830003657,224.09597818911016
1789572728,100,,Aggregated,326.700000,0.000000,5,7,8,9,14,20,37,51,100,190,310,525948,0,5,7.841324151105921,2.2779370010539424,306.8697830003657,224.095585495144
1789572729,100,,Aggregated,325.900000,0.000000,5,7,8,9,14,20,37,51,100,190,310,526273,0,5,7.840818602629952,2.2779370010539424,306.8697830003657,224.0967349645526
1789572730,100,,Aggregated,327.400000,0.000000,5,7,8,9,14,20,37,51,100,190,310,526592,0,5,7.842353996291007,2.2779370010539424,306.8697830003657,224.0972099842003
1789572731,100,,Aggregated,325.500000,0.000000,5,7,8,9,14,20,37,51,100,190,310,526917,0,5,7.841939083439832,2.2779370010539424,306.8697830003657,224.09711776238004
1789572732,100,,Aggregated,327.400000,0.000000,5,7,8,9,14,20,37,51,100,190,310,527255,0,5,7.840641405289427,2.2779370010539424,306.8697830003657,224.09781415064816
1789572733,100,,Aggregated,325.900000,0.000000,5,7,8,9,14,20,37,51,100,190,310,527591,0,5,7.839902942083688,2.2779370010539424,306.8697830003657,224.0970410791693
1789572734,100,,Aggregated,327.400000,0.000000,5,7,8,9,14,20,37,51,100,190,310,527916,0,5,7.8382825373693485,2.2779370010539424,306.8697830003657,224.09610241023194
1789572735,100,,Aggregated,327.100000,0.000000,5,7,8,9,14,20,37,51,100,190,310,528246,0,5,7.8390394086578885,2.2779370010539424,306.8697830003657,224.09597233107303
1789572736,100,,Aggregated,328.400000,0.000000,5,7,8,9,14,20,37,51,100,190,310,528578,0,5,7.838293879824525,2.2779370010539424,306.8697830003657,224.0948847662975
1789572737,100,,Aggregated,329.900000,0.000000,5,7,8,9,14,20,37,51,100,190,310,528910,0,5,7.837370223425332,2.2779370010539424,306.8697830003657,224.09427123707246
1789572738,100,,Aggregated,328.500000,0.000000,5,7,8,9,14,20,37,51,100,190,310,529238,0,5,7.838223025022533,2.2779370010539424,306.8697830003657,224.09371020221525
1789572739,100,,Aggregated,329.400000,0.000000,5,7,8,9,14,20,37,51,100,190,310,529558,0,5,7.842594341212641,2.2779370010539424,306.8697830003657,224.09285857262094
1789572740,100,,Aggregated,328.500000,0.000000,5,7,8,9,14,20,37,51,100,190,310,529876,0,5,7.842197872585065,2.2779370010539424,306.8697830003657,224.09106847639825
1789572741,100,,Aggregated,329.200000,0.000000,5,7,8,9,14,20,37,51,100,180,310,530208,0,5,7.8413824606680524,2.2779370010539424,306.8697830003657,224.09124155048585
1789572742,100,,Aggregated,327.900000,0.000000,5,7,8,9,14,20,37,51,100,180,310,530515,0,5,7.841023919225454,2.2779370010539424,306.8697830003657,224.08959595864397
1789572743,100,,Aggregated,328.100000,0.000000,5,7,8,9,14,20,37,51,100,180,310,530861,0,5,7.842354857979611,2.2779370010539424,306.8697830003657,224.08951872524068
1789572744,100,,Aggregated,325.500000,0.000000,5,7,8,9,14,20,37,51,100,180,310,531197,0,5,7.84216579300131,2.2779370010539424,306.8697830003657,224.09037325135495
1789572745,100,,Aggregated,327.100000,0.000000,5,7,8,9,14,20,37,51,100,180,310,531528,0,5,7.842881103236206,2.2779370010539424,306.8697830003657,224.09083811200915
1789572746,100,,Aggregated,327.400000,0.000000,5,7,8,9,14,20,37,51,100,180,310,531854,0,5,7.842258473148535,2.2779370010539424,306.8697830003657,224.09124872615416
1789572747,100,,Aggregated,326.500000,0.000000,5,7,8,9,14,20,37,51,100,180,310,532182,0,5,7.841392067380975,2.2779370010539424,306.8697830003657,224.09197229519225
1789572748,100,,Aggregated,326.100000,0.000000,5,7,8,9,14,20,37,51,100,180,310,532510,0,5,7.840423310121806,2.2779370010539424,306.8697830003657,224.0921071904753
1789572749,100,,Aggregated,325.500000,0.000000,5,7,8,9,14,20,37,51,100,180,310,532841,0,5,7.8397092792670975,2.2779370010539424,306.8697830003657,224.0916014345743
1789572750,100,,Aggregated,325.700000,0.000000,5,7,8,9,14,20,37,51,100,180,310,533170,0,5,7.840314176151967,2.2779370010539424,306.8697830003657,224.09101974979836
1789572751,100,,Aggregated,326.500000,0.000000,5,7,8,9,14,20,37,51,100,180,310,533490,0,5,7.839226026375275,2.2779370010539424,306.8697830003657,224.0908601848207
1789572752,100,,Aggregated,326.800000,0.000000,5,7,8,9,14,20,37,51,100,180,310,533803,0,5,7.840064018343767,2.2779370010539424,306.8697830003657,224.0900201010485
1789572753,100,,Aggregated,326.900000,0.000000,5,7,8,9,14,20,37,51,100,180,310,534144,0,5,7.840046761002536,2.2779370010539424,306.8697830003657,224.08981847591662
1789572754,100,,Aggregated,327.900000,0.000000,5,7,8,9,14,20,37,51,100,180,310,534480,0,5,7.840108638351181,2.2779370010539424,306.8697830003657,224.09103053435115
1789572755,100,,Aggregated,326.100000,0.000000,5,7,8,9,14,20,37,51,100,180,310,534804,0,5,7.840526626689272,2.2779370010539424,306.8697830003657,224.09205428530825
1789572756,100,,Aggregated,326.600000,0.000000,5,7,8,9,14,20,37,51,100,180,310,535127,0,5,7.8391737097585095,2.2779370010539424,306.8697830003657,224.09121946752828
1789572757,100,,Aggregated,327.300000,0.000000,5,7,8,9,14,20,37,51,100,180,310,535460,0,5,7.8401096304540525,2.2779370010539424,306.8697830003657,224.0901131737198
1789572758,100,,Aggregated,326.100000,0.000000,5,7,8,9,14,20,37,51,100,180,310,535781,0,5,7.84264033783942,2.2779370010539424,306.8697830003657,224.08957951103156
1789572759,100,,Aggregated,326.400000,0.000000,5,7,8,9,14,20,37,51,100,180,310,536111,0,5,7.843233382424466,2.2779370010539424,306.8697830003657,224.08950758331764
1789572760,100,,Aggregated,326.000000,0.000000,5,7,8,9,14,21,37,51,100,180,310,536428,0,5,7.844760282129113,2.2779370010539424,306.8697830003657,224.08955349086924
1789572761,100,,Aggregated,324.600000,0.000000,5,7,8,9,14,21,37,51,100,180,310,536753,0,5,7.844408629809161,2.2779370010539424,306.8697830003657,224.08950299299678
1789572762,100,,Aggregated,325.600000,0.000000,5,7,8,9,14,20,37,51,100,180,310,537077,0,5,7.8437309862662685,2.2779370010539424,306.8697830003657,224.08988469064957
1789572763,100,,Aggregated,324.500000,0.000000,5,7,8,9,14,20,37,51,100,180,310,537395,0,5,7.842998278128617,2.2779370010539424,306.8697830003657,224.09023530177987
1789572764,100,,Aggregated,324.300000,0.000000,5,7,8,9,14,20,37,51,100,180,310,537713,0,5,7.841889483759827,2.2779370010539424,306.8697830003657,224.09016705937927
1789572765,100,,Aggregated,324.500000,0.000000,5,7,8,9,14,21,37,51,100,180,310,538039,0,5,7.846073642786028,2.2779370010539424,306.8697830003657,224.089277914798
1789572766,100,,Aggregated,323.400000,0.000000,5,7,8,9,14,21,37,51,100,180,310,538363,0,5,7.845919096260179,2.2779370010539424,306.8697830003657,224.08754130577324
1789572767,100,,Aggregated,321.800000,0.000000,5,7,8,9,14,20,37,51,100,180,310,538691,0,5,7.844644052131783,2.2779370010539424,306.8697830003657,224.08742303101408
1789572768,100,,Aggregated,322.600000,0.000000,5,7,8,9,14,21,37,51,100,180,310,538998,0,5,7.846613923083098,2.2779370010539424,306.8697830003657,224.08839735954493
1789572769,100,,Aggregated,322.900000,0.000000,5,7,8,9,14,21,37,51,100,180,310,539336,0,5,7.846854668419985,2.2779370010539424,306.8697830003657,224.0877208270911
1789572770,100,,Aggregated,321.300000,0.000000,5,7,8,9,14,21,37,51,100,180,310,539661,0,5,7.845446740722318,2.2779370010539424,306.8697830003657,224.08784588843736
1789572771,100,,Aggregated,323.200000,0.000000,5,7,8,9,14,21,37,51,100,180,310,539987,0,5,7.845278924986977,2.2779370010539424,306.8697830003657,224.08824471700245
1789572772,100,,Aggregated,322.800000,0.000000,5,7,8,9,14,21,37,51,100,180,310,540301,0,5,7.84518292022767,2.2779370010539424,306.8697830003657,224.0889689265798
1789572773,100,,Aggregated,323.000000,0.000000,5,7,8,9,14,21,37,51,100,180,310,540645,0,5,7.844672392007586,2.2779370010539424,306.8697830003657,224.08740300936844
1789572774,100,,Aggregated,323.900000,0.000000,5,7,8,9,14,21,37,51,100,180,310,540968,0,5,7.845196780678213,2.2779370010539424,306.8697830003657,224.08684247497078
1789572775,100,,Aggregated,323.100000,0.000000,5,7,8,9,14,21,37,51,100,180,310,541279,0,5,7.84430439627425,2.2779370010539424,306.8697830003657,224.08711588663147
1789572776,100,,Aggregated,323.700000,0.000000,5,7,8,9,14,21,37,51,100,180,310,541633,0,5,7.844554990118674,2.2779370010539424,306.8697830003657,224.08734696741152
1789572777,100,,Aggregated,324.100000,0.000000,5,7,8,9,14,21,37,51,100,180,310,541941,0,5,7.846727873063556,2.2779370010539424,306.8697830003657,224.08811660309885
1789572778,100,,Aggregated,324.600000,0.000000,5,7,8,9,14,21,37,51,100,180,310,542273,0,5,7.846242852928166,2.2779370010539424,306.8697830003657,224.08749283110168
1789572779,100,,Aggregated,325.200000,0.000000,5,7,8,9,14,21,37,51,100,180,310,542594,0,5,7.846153017845616,2.2779370010539424,306.8697830003657,224.08785574481104
1789572780,100,,Aggregated,324.500000,0.000000,5,7,8,9,14,21,37,51,100,180,310,542915,0,5,7.845434334135005,2.2779370010539424,306.8697830003657,224.08788116003427
1789572781,100,,Aggregated,324.000000,0.000000,5,7,8,9,14,20,37,51,100,180,310,543239,0,5,7.844508453098813,2.2779370010539424,306.8697830003657,224.08772013791352
1789572782,100,,Aggregated,323.700000,0.000000,5,7,8,9,14,21,37,51,100,180,310,543570,0,5,7.845405121610686,2.2779370010539424,306.8697830003657,224.08829957503173
1789572783,100,,Aggregated,324.200000,0.000000,5,7,8,9,14,20,37,51,100,180,310,543890,0,5,7.843875337198516,2.2779370010539424,306.8697830003657,224.08882310761368
1789572784,100,,Aggregated,324.200000,0.000000,5,7,8,9,14,21,37,51,100,180,310,544219,0,5,7.8451933928178335,2.2779370010539424,306.8697830003657,224.08853604890678
1789572785,100,,Aggregated,323.600000,0.000000,5,7,8,9,14,20,37,51,100,180,310,544538,0,5,7.844501055799493,2.2779370010539424,306.8697830003657,224.08867149767326
1789572786,100,,Aggregated,323.300000,0.000000,5,7,8,9,14,21,37,51,100,180,310,544867,0,5,7.845169651903966,2.2779370010539424,306.8697830003657,224.08799945674815
1789572787,100,,Aggregated,325.100000,0.000000,5,7,8,9,14,20,37,51,100,180,310,545192,0,5,7.844193456231836,2.2779370010539424,306.8697830003657,224.08798368281265
1789572788,100,,Aggregated,324.600000,0.000000,5,7,8,9,14,21,37,51,100,180,310,545506,0,5,7.847817693928097,2.2779370010539424,306.8697830003657,224.08800636473293
1789572789,100,,Aggregated,322.600000,0.000000,5,7,8,9,14,21,37,51,100,180,310,545845,0,5,7.846724539361857,2.2779370010539424,306.8697830003657,224.0891168738378
1789572790,100,,Aggregated,323.600000,0.000000,5,7,8,9,14,21,37,51,100,180,310,546179,0,5,7.845389132723861,2.2779370010539424,306.8697830003657,224.089479822549
1789572791,100,,Aggregated,323.300000,0.000000,5,7,8,9,14,20,37,51,100,180,310,546494,0,5,7.844409106048726,2.2779370010539424,306.8697830003657,224.08978323641247
1789572792,100,,Aggregated,324.400000,0.000000,5,7,8,9,14,21,37,51,100,180,310,546835,0,5,7.845377507085289,2.2779370010539424,306.8697830003657,224.08873060429562
1789572793,100,,Aggregated,325.500000,0.000000,5,7,8,9,14,21,37,51,100,180,310,547152,0,5,7.844970580273816,2.2779370010539424,306.8697830003657,224.088244217329
1789572794,100,,Aggregated,324.300000,0.000000,5,7,8,9,14,20,37,51,100,180,310,547479,0,5,7.844183531097947,2.2779370010539424,306.8697830003657,224.08798510993117
1789572795,100,,Aggregated,326.100000,0.000000,5,7,8,9,14,20,37,51,100,180,310,547793,0,5,7.843914092432696,2.2779370010539424,306.8697830003657,224.08793467605463
1789572796,100,,Aggregated,325.500000,0.000000,5,7,8,9,14,20,37,51,100,180,310,548133,0,5,7.842344421337503,2.2779370010539424,306.8697830003657,224.08825777685342
1789572797,100,,Aggregated,324.000000,0.000000,5,7,8,9,14,20,37,51,100,180,310,548462,0,5,7.8421517539392305,2.2779370010539424,306.8697830003657,224.08774536795622
1789572798,100,,Aggregated,324.000000,0.000000,5,7,8,9,14,20,37,51,100,180,310,548785,0,5,7.841826220060714,2.2779370010539424,306.8697830003657,224.08728737119273
1789572799,100,,Aggregated,324.900000,0.000000,5,7,8,9,14,20,37,51,100,180,310,549100,0,5,7.841014867013387,2.2779370010539424,306.8697830003657,224.0872008741577
1789572800,100,,Aggregated,326.400000,0.000000,5,7,8,9,14,20,37,51,100,180,310,549433,0,5,7.840181716107419,2.2779370010539424,306.8697830003657,224.0880252915278
1789572801,100,,Aggregated,326.700000,0.000000,5,7,8,9,14,20,37,51,100,180,310,549759,0,5,7.840440654501446,2.2779370010539424,306.8697830003657,224.08875525457518
1789572802,100,,Aggregated,324.600000,0.000000,5,7,8,9,14,20,37,51,100,180,310,550077,0,5,7.840124103845598,2.2779370010539424,306.8697830003657,224.08853305991707
1789572803,100,,Aggregated,324.300000,0.000000,5,7,8,9,14,20,37,51,100,180,310,550403,0,5,7.8398311985310425,2.2779370010539424,306.8697830003657,224.08840613150727
1789572804,100,,Aggregated,325.300000,0.000000,5,7,8,9,14,20,37,51,100,180,310,550725,0,5,7.842076352197699,2.2779370010539424,306.8697830003657,224.08813109991374
1789572805,100,,Aggregated,323.900000,0.000000,5,7,8,9,14,21,37,51,100,180,310,551047,0,5,7.843084785239869,2.2779370010539424,306.8697830003657,224.0892990978991
1789572806,100,,Aggregated,324.000000,0.000000,5,7,8,9,14,21,37,51,100,180,310,551363,0,5,7.845563659398737,2.2779370010539424,306.8697830003657,224.08847710129263
1789572807,100,,Aggregated,324.600000,0.000000,5,7,8,9,14,21,37,51,100,180,310,551680,0,5,7.844835156739564,2.2779370010539424,306.8697830003657,224.08819243039443
1789572808,100,,Aggregated,323.000000,0.000000,5,7,8,9,14,21,37,51,100,180,310,552014,0,5,7.848518383662551,2.2779370010539424,306.8697830003657,224.08858289825983
1789572809,100,,Aggregated,322.800000,0.000000,5,7,8,9,14,21,37,51,100,180,310,552318,0,5,7.8498253065174115,2.2779370010539424,306.8697830003657,224.08859751085424
1789572810,100,,Aggregated,321.500000,0.000000,5,7,8,9,14,21,37,51,100,180,310,552646,0,5,7.848312824743316,2.2779370010539424,306.8697830003657,224.08786818324933
1789572811,100,,Aggregated,321.600000,0.000000,5,7,8,9,14,21,37,51,100,180,310,552964,0,5,7.84791857778101,2.2779370010539424,306.8697830003657,224.08788456391375
1789572812,100,,Aggregated,320.700000,0.000000,5,7,8,9,14,21,37,51,100,180,310,553270,0,5,7.847048605088094,2.2779370010539424,306.8697830003657,224.08728107433984
1789572813,100,,Aggregated,320.500000,0.000000,5,7,8,9,14,21,37,51,100,180,310,553596,0,5,7.846032273175863,2.2779370010539424,306.8697830003657,224.08715561528624
1789572814,100,,Aggregated,319.600000,0.000000,5,7,8,9,14,21,37,51,100,180,310,553918,0,5,7.845148489617728,2.2779370010539424,306.8697830003657,224.0881935593355
1789572815,100,,Aggregated,319.400000,0.000000,5,7,8,9,14,21,37,51,100,180,310,554243,0,5,7.843876306865534,2.2779370010539424,306.8697830003657,224.08734977257268
1789572816,100,,Aggregated,319.000000,0.000000,5,7,8,9,14,21,37,51,100,180,310,554577,0,5,7.843011741284039,2.2779370010539424,306.8697830003657,224.0881699024662
1789572817,100,,Aggregated,318.400000,0.000000,5,7,8,9,14,20,37,51,100,180,310,554911,0,5,7.8421559995567796,2.2779370010539424,306.8697830003657,224.08990450720927
1789572818,100,,Aggregated,320.800000,0.000000,5,7,8,9,14,21,37,51,100,180,310,555222,0,5,7.8478277512383565,2.2779370010539424,306.8697830003657,224.08992799276686
1789572819,100,,Aggregated,321.100000,0.000000,5,7,8,9,14,21,37,51,100,180,310,555561,0,5,7.846462536488448,2.2779370010539424,306.8697830003657,224.08889032887478
1789572820,100,,Aggregated,321.800000,0.000000,5,7,8,9,14,21,37,51,100,180,310,555873,0,5,7.845892113531453,2.2779370010539424,306.8697830003657,224.08862635889852
1789572821,100,,Aggregated,320.900000,0.000000,5,7,8,9,14,21,37,51,100,180,310,556201,0,5,7.84579328040416,2.2779370010539424,306.8697830003657,224.0883529515409
1789572822,100,,Aggregated,322.500000,0.000000,5,7,8,9,14,21,37,51,100,180,310,556528,0,5,7.84442921430022,2.2779370010539424,306.8697830003657,224.0872965960383
1789572823,100,,Aggregated,322.800000,0.000000,5,7,8,9,14,21,37,51,100,180,310,556858,0,5,7.846950971053793,2.2779370010539424,306.8697830003657,224.0878572275158
1789572824,100,,Aggregated,323.500000,0.000000,5,7,8,9,14,21,37,51,100,180,310,557189,0,5,7.846508499060554,2.2779370010539424,306.8697830003657,224.08657923971938
1789572825,100,,Aggregated,323.800000,0.000000,5,7,8,9,14,21,37,51,100,180,310,557521,0,5,7.845329845491076,2.2779370010539424,306.8697830003657,224.0859859987337
1789572826,100,,Aggregated,325.400000,0.000000,5,7,8,9,14,21,37,51,100,180,310,557846,0,5,7.8441093560391515,2.2779370010539424,306.8697830003657,224.08504318396118
1789572827,100,,Aggregated,325.800000,0.000000,5,7,8,9,14,20,37,51,100,180,310,558175,0,5,7.842747012668035,2.2779370010539424,306.8697830003657,224.08618264881085
1789572828,100,,Aggregated,325.400000,0.000000,5,7,8,9,14,20,37,51,100,180,310,558512,0,5,7.842411872230058,2.2779370010539424,306.8697830003657,224.08635087518263
1789572829,100,,Aggregated,326.100000,0.000000,5,7,8,9,14,20,37,51,100,180,310,558825,0,5,7.841364277077757,2.2779370010539424,306.8697830003657,224.08623987831612
1789572830,100,,Aggregated,326.500000,0.000000,5,7,8,9,14,20,37,51,100,180,310,559146,0,5,7.842363290543026,2.2779370010539424,306.8697830003657,224.086505134616
1789572831,100,,Aggregated,327.100000,0.000000,5,7,8,9,14,20,37,51,100,180,310,559463,0,5,7.841407240555651,2.2779370010539424,306.8697830003657,224.08585911847612
1789572832,100,,Aggregated,325.900000,0.000000,5,7,8,9,14,20,37,51,100,180,310,559792,0,5,7.840172071648021,2.2779370010539424,306.8697830003657,224.08612305999372
1789572833,100,,Aggregated,324.900000,0.000000,5,7,8,9,14,20,37,52,100,180,310,560105,0,5,7.844309572299857,2.2779370010539424,306.8697830003657,224.08614813293937
1789572834,100,,Aggregated,324.300000,0.000000,5,7,8,9,14,20,37,52,100,180,310,560442,0,5,7.84327847914324,2.2779370010539424,306.8697830003657,224.0859071946785
1789572835,100,,Aggregated,325.600000,0.000000,5,7,8,9,14,20,37,52,100,180,310,560776,0,5,7.843109552364893,2.2779370010539424,306.8697830003657,224.08551721186356
1789572836,100,,Aggregated,324.900000,0.000000,5,7,8,9,14,21,37,52,100,180,310,561079,0,5,7.845039423394853,2.2779370010539424,306.8697830003657,224.08566529846956
1789572837,100,,Aggregated,324.300000,0.000000,5,7,8,9,14,20,37,52,100,180,310,561405,0,5,7.8437979673283875,2.2779370010539424,306.8697830003657,224.0867822694846
1789572838,100,,Aggregated,322.600000,0.000000,5,7,8,9,14,20,37,52,100,180,310,561733,0,5,7.8429803185018425,2.2779370010539424,306.8697830003657,224.0865784990378
1789572839,100,,Aggregated,321.500000,0.000000,5,7,8,9,14,20,37,52,100,180,310,562054,0,5,7.8415702704402,2.2779370010539424,306.8697830003657,224.08491710760887
1789572840,100,,Aggregated,321.700000,0.000000,5,7,8,9,14,20,37,52,100,180,310,562382,0,5,7.8418001481092965,2.2779370010539424,306.8697830003657,224.08407630400689
1789572841,100,,Aggregated,322.100000,0.000000,5,7,8,9,14,21,37,52,100,180,310,562694,0,5,7.844899049095973,2.2779370010539424,306.8697830003657,224.08293139788233
1789572842,100,,Aggregated,322.000000,0.000000,5,7,8,9,14,21,37,52,100,180,310,563024,0,5,7.843779494392802,2.2779370010539424,306.8697830003657,224.08475482395068
1789572843,100,,Aggregated,323.200000,0.000000,5,7,8,9,14,20,37,52,100,180,310,563348,0,5,7.842463265892544,2.2779370010539424,306.8697830003657,224.08398183715926
1789572844,100,,Aggregated,322.200000,0.000000,5,7,8,9,14,20,37,52,100,180,310,563661,0,5,7.8420937657333445,2.2779370010539424,306.8697830003657,224.08445324405983
1789572845,100,,Aggregated,321.900000,0.000000,5,7,8,9,14,20,37,51,100,180,310,564000,0,5,7.840786487313884,2.2779370010539424,306.8697830003657,224.08472695035462
1789572846,100,,Aggregated,321.900000,0.000000,5,7,8,9,14,20,37,51,100,180,310,564319,0,5,7.840855878168264,2.2779370010539424,306.8697830003657,224.08362823154988
1789572847,100,,Aggregated,321.900000,0.000000,5,7,8,9,14,21,37,52,100,180,310,564649,0,5,7.843650031184031,2.2779370010539424,306.8697830003657,224.0835510201913
1789572848,100,,Aggregated,322.800000,0.000000,5,7,8,9,14,21,37,52,100,180,310,564989,0,5,7.843704770992035,2.2779370010539424,306.8697830003657,224.08387065942875
1789572849,100,,Aggregated,324.400000,0.000000,5,7,8,9,14,21,37,52,100,180,310,565304,0,5,7.843968353181692,2.2779370010539424,306.8697830003657,224.0838575350608
1789572850,100,,Aggregated,322.700000,0.000000,5,7,8,9,14,21,37,52,100,180,310,565624,0,5,7.84437542673228,2.2779370010539424,306.8697830003657,224.08363860090802
1789572851,100,,Aggregated,323.100000,0.000000,5,7,8,9,14,21,37,52,100,180,310,565943,0,5,7.845373532488331,2.2779370010539424,306.8697830003657,224.08399609147918
1789572852,100,,Aggregated,324.100000,0.000000,5,7,8,9,14,21,37,52,100,180,310,566289,0,5,7.844530269994696,2.2779370010539424,306.8697830003657,224.0840295326238
1789572853,100,,Aggregated,321.600000,0.000000,5,7,8,9,14,21,37,52,100,180,310,566615,0,5,7.843731550206084,2.2779370010539424,306.8697830003657,224.0830493368513
1789572854,100,,Aggregated,325.800000,0.000000,5,7,8,9,14,21,37,52,100,180,310,566950,0,5,7.843873359264542,2.2779370010539424,306.8697830003657,224.08339712496692
1789572855,100,,Aggregated,325.500000,0.000000,5,7,8,9,14,21,37,52,100,180,310,567273,0,5,7.8435545411222085,2.2779370010539424,306.8697830003657,224.08453954268933
1789572856,100,,Aggregated,325.700000,0.000000,5,7,8,9,14,21,37,52,100,180,310,567589,0,5,7.842296389434998,2.2779370010539424,306.8697830003657,224.08489065151016
1789572857,100,,Aggregated,326.500000,0.000000,5,7,8,9,14,21,37,51,100,180,310,567923,0,5,7.84288592235747,2.2779370010539424,306.8697830003657,224.08528973117834
1789572858,100,,Aggregated,327.200000,0.000000,5,7,8,9,14,21,37,51,100,180,310,568256,0,5,7.842916233294558,2.2779370010539424,306.8697830003657,224.08403782802117
1789572859,100,,Aggregated,325.100000,0.000000,5,7,8,9,14,21,37,52,100,180,310,568583,0,5,7.844593051304814,2.2779370010539424,306.8697830003657,224.0844854665018
1789572860,100,,Aggregated,327.300000,0.000000,5,7,8,9,14,21,37,51,100,180,310,568901,0,5,7.844087539332917,2.2779370010539424,306.8697830003657,224.0858444615144
1789572861,100,,Aggregated,326.500000,0.000000,5,7,8,9,14,21,37,51,100,180,310,569230,0,5,7.844785888161216,2.2779370010539424,306.8697830003657,224.08639565729143
1789572862,100,,Aggregated,326.400000,0.000000,5,7,8,9,14,21,37,51,100,180,310,569553,0,5,7.843777646598287,2.2779370010539424,306.8697830003657,224.08660651423133
1789572863,100,,Aggregated,328.400000,0.000000,5,7,8,9,14,21,37,51,100,180,310,569907,0,5,7.843454793566302,2.2779370010539424,306.8697830003657,224.0877581780887
1789572864,100,,Aggregated,325.600000,0.000000,5,7,8,9,14,21,37,51,100,180,310,570218,0,5,7.84376112427523,2.2779370010539424,306.8697830003657,224.0878769172492
1789572865,100,,Aggregated,325.900000,0.000000,5,7,8,9,14,21,37,51,100,180,310,570551,0,5,7.842683121768238,2.2779370010539424,306.8697830003657,224.08781335936663
1789572866,100,,Aggregated,327.600000,0.000000,5,7,8,9,14,21,37,51,100,180,310,570882,0,5,7.844124477897361,2.2779370010539424,306.8697830003657,224.08778521655964
1789572867,100,,Aggregated,326.700000,0.000000,5,7,8,9,14,21,37,51,100,180,310,571209,0,5,7.843194777696097,2.2779370010539424,306.8697830003657,224.08768769399643
1789572868,100,,Aggregated,327.300000,0.000000,5,7,8,9,14,21,37,51,100,180,310,571549,0,5,7.8454790399650935,2.2779370010539424,306.8697830003657,224.08838787225594
1789572869,100,,Aggregated,327.600000,0.000000,5,7,8,9,14,21,37,51,100,180,310,571864,0,5,7.844176587734136,2.2779370010539424,306.8697830003657,224.08774114125038
1789572870,100,,Aggregated,328.100000,0.000000,5,7,8,9,14,21,37,51,100,180,310,572196,0,5,7.843773621435675,2.2779370010539424,306.8697830003657,224.08666435976482
1789572871,100,,Aggregated,327.700000,0.000000,5,7,8,9,14,21,37,51,100,180,310,572524,0,5,7.843141274245295,2.2779370010539424,306.8697830003657,224.0864575109515
1789572872,100,,Aggregated,326.700000,0.000000,5,7,8,9,14,21,37,51,100,180,310,572843,0,5,7.842200975572724,2.2779370010539424,306.8697830003657,224.08636223188552
1789572873,100,,Aggregated,328.100000,0.000000,5,7,8,9,14,21,37,51,100,180,310,573181,0,5,7.843125132551542,2.2779370010539424,306.8697830003657,224.08653636460386
1789572874,100,,Aggregated,328.900000,0.000000,5,7,8,9,14,21,37,51,100,180,310,573488,0,5,7.8439428226781365,2.2779370010539424,306.8697830003657,224.08580127221495
1789572875,100,,Aggregated,328.800000,0.000000,5,7,8,9,14,21,37,51,100,180,310,573810,0,5,7.843840991105178,2.2779370010539424,306.8697830003657,224.0863073142678
1789572876,100,,Aggregated,326.300000,0.000000,5,7,8,9,14,21,37,51,100,180,310,574117,0,5,7.844873091072129,2.2779370010539424,306.8697830003657,224.08571946136414
1789572877,100,,Aggregated,326.700000,0.000000,5,7,8,9,14,21,37,51,100,180,310,574446,0,5,7.844668741074099,2.2779370010539424,306.8697830003657,224.08661040376293
1789572878,100,,Aggregated,324.400000,0.000000,5,7,8,9,14,21,37,51,100,180,310,574770,0,5,7.845076934010173,2.2779370010539424,306.8697830003657,224.08502183482088
1789572879,100,,Aggregated,322.900000,0.000000,5,7,8,9,14,21,37,51,100,180,310,575090,0,5,7.846475853824651,2.2779370010539424,306.8697830003657,224.08504929663184
1789572880,100,,Aggregated,322.500000,0.000000,5,7,8,9,14,21,37,51,100,180,310,575424,0,5,7.845367005041542,2.2779370010539424,306.8697830003657,224.0851493854966
1789572881,100,,Aggregated,321.300000,0.000000,5,7,8,9,14,21,37,51,100,180,310,575750,0,5,7.846812395044765,2.2779370010539424,306.8697830003657,224.08518975249675
1789572882,100,,Aggregated,322.200000,0.000000,5,7,8,9,14,21,37,51,99,180,310,576077,0,5,7.846654542889317,2.2779370010539424,306.8697830003657,224.08612216769635
1789572883,100,,Aggregated,321.300000,0.000000,5,7,8,9,14,21,37,51,99,180,310,576409,0,5,7.845675471300871,2.2779370010539424,306.8697830003657,224.08466210624746
1789572884,100,,Aggregated,321.600000,0.000000,5,7,8,9,14,21,37,51,99,180,310,576743,0,5,7.845313325569762,2.2779370010539424,306.8697830003657,224.08508815885065
1789572885,100,,Aggregated,321.200000,0.000000,5,7,8,9,14,21,37,51,99,180,310,577064,0,5,7.84513983759529,2.2779370010539424,306.8697830003657,224.08524531074542
1789572886,100,,Aggregated,323.600000,0.000000,5,7,8,9,14,21,37,51,99,180,310,577377,0,5,7.8440059430200355,2.2779370010539424,306.8697830003657,224.08419455572357
1789572887,100,,Aggregated,323.500000,0.000000,5,7,8,9,14,21,37,51,99,180,310,577703,0,5,7.843546886867653,2.2779370010539424,306.8697830003657,224.08526007308254
1789572888,100,,Aggregated,323.700000,0.000000,5,7,8,9,14,21,37,51,99,180,310,578024,0,5,7.843055694902129,2.2779370010539424,306.8697830003657,224.0845778029978
1789572889,100,,Aggregated,324.100000,0.000000,5,7,8,9,14,21,37,51,99,180,310,578346,0,5,7.842468989115675,2.2779370010539424,306.8697830003657,224.08454973320468
1789572890,100,,Aggregated,323.800000,0.000000,5,7,8,9,14,21,37,51,99,180,310,578681,0,5,7.842196001408522,2.2779370010539424,306.8697830003657,224.0843314364909
1789572891,100,,Aggregated,325.300000,0.000000,5,7,8,9,14,21,37,51,99,180,310,578997,0,5,7.841709875686866,2.2779370010539424,306.8697830003657,224.0853009601086
1789572892,100,,Aggregated,324.900000,0.000000,5,7,8,9,14,21,37,51,99,180,310,579331,0,5,7.842151114589193,2.2779370010539424,306.8697830003657,224.0853225530828
1789572893,100,,Aggregated,325.400000,0.000000,5,7,8,9,14,21,37,51,99,180,310,579654,0,5,7.843937890634905,2.2779370010539424,306.8697830003657,224.0844296770142
1789572894,100,,Aggregated,323.500000,0.000000,5,7,8,9,14,21,37,51,99,180,310,579988,0,5,7.843116976282411,2.2779370010539424,306.8697830003657,224.08443105719428
