Timestamp,User Count,Type,Name,Requests/s,Failures/s,50%,66%,75%,80%,90%,95%,98%,99%,99.9%,99.99%,100%,Total Request Count,Total Failure Count,Total Median Response Time,Total Average Response Time,Total Min Response Time,Total Max Response Time,Total Average Content Size
1789567152,0,,Aggregated,0.000000,0.000000,N/A,N/A,N/A,N/A,N/A,N/A,N/A,N/A,N/A,N/A,N/A,0,0,0,0.0,0,0,0
1789567153,2,,Aggregated,0.000000,0.000000,5,8,9,9,9,9,9,9,9,9,9,7,0,5,6.159720713964946,3.636302999439067,9.254291999241104,218.42857142857142
1789567154,4,,Aggregated,0.000000,0.000000,8,9,9,9,11,11,11,11,11,11,11,17,0,8,7.599910235138155,3.636302999439067,10.512486000152421,223.41176470588235
1789567155,6,,Aggregated,0.000000,0.000000,8,9,9,9,11,12,13,13,13,13,13,35,0,8,7.574759999884658,2.800286999445234,13.214151000283891,227.0857142857143
1789567156,8,,Aggregated,3.500000,0.000000,8,9,9,9,11,12,13,16,16,16,16,61,0,8,7.511635114690867,2.800286999445234,15.99657400038268,220.85245901639345
1789567157,10,,Aggregated,6.000000,0.000000,8,9,9,10,11,13,19,21,21,21,21,94,0,8,7.583406808494824,2.800286999445234,21.38630900026328,226.58510638297872
1789567158,10,,Aggregated,9.250000,0.000000,8,9,9,10,11,13,17,19,21,21,21,133,0,8,7.846715533847409,2.800286999445234,21.38630900026328,227.95488721804512
1789567159,10,,Aggregated,12.600000,0.000000,9,9,9,10,11,13,17,19,21,21,21,166,0,8,7.854440150603328,2.800286999445234,21.38630900026328,229.2710843373494
1789567160,10,,Aggregated,15.666667,0.000000,9,9,10,10,12,13,17,19,21,21,21,198,0,9,8.096629545466707,2.800286999445234,21.38630900026328,229.74747474747474
1789567161,10,,Aggregated,19.142857,0.000000,9,9,10,10,11,13,17,17,21,21,21,231,0,9,8.271842069266963,2.800286999445234,21.38630900026328,229.94372294372295
1789567162,10,,Aggregated,21.000000,0.000000,9,9,10,10,12,13,16,17,21,21,21,261,0,9,8.510833137929293,2.800286999445234,21.38630900026328,229.7471264367816
1789567163,10,,Aggregated,22.111111,0.000000,9,10,10,10,12,13,16,17,21,21,21,297,0,9,8.712489094268859,2.800286999445234,21.38630900026328,229.7003367003367
1789567164,10,,Aggregated,23.400000,0.000000,9,10,10,11,12,13,17,19,21,21,21,331,0,9,8.944575719037157,2.800286999445234,21.38630900026328,228.3534743202417
1789567165,10,,Aggregated,26.300000,0.000000,9,10,10,10,12,13,17,19,21,21,21,360,0,9,8.907798900001277,2.663737000148103,21.38630900026328,228.3388888888889
1789567166,10,,Aggregated,29.000000,0.000000,9,10,10,11,12,13,17,19,21,21,21,394,0,9,9.038343883245949,2.663737000148103,21.38630900026328,228.80710659898477
1789567167,10,,Aggregated,31.300000,0.000000,9,10,10,11,12,13,17,18,21,21,21,429,0,9,9.059648918411135,2.663737000148103,21.38630900026328,229.1911421911422
1789567168,10,,Aggregated,32.400000,0.000000,9,10,10,11,12,13,17,18,21,21,21,462,0,9,9.084953080079067,2.663737000148103,21.38630900026328,228.73376623376623
1789567169,10,,Aggregated,33.100000,0.000000,9,10,10,11,12,13,17,18,21,21,21,493,0,9,9.070593977681844,2.663737000148103,21.38630900026328,228.8762677484787
1789567170,10,,Aggregated,33.600000,0.000000,9,10,10,11,12,13,16,18,21,21,21,526,0,9,9.107450298472703,2.663737000148103,21.38630900026328,228.7661596958175
1789567171,10,,Aggregated,32.800000,0.000000,9,10,10,10,12,13,15,18,21,21,21,557,0,9,9.118021631953816,2.663737000148103,21.38630900026328,228.65709156193896
1789567172,10,,Aggregated,32.500000,0.000000,9,10,10,10,12,13,15,18,21,21,21,590,0,9,9.111124981356655,2.663737000148103,21.38630900026328,228.74915254237288
1789567173,10,,Aggregated,32.700000,0.000000,9,10,10,10,12,13,15,17,21,21,21,621,0,9,9.115213780999316,2.663737000148103,21.38630900026328,228.91787439613526
1789567174,10,,Aggregated,32.300000,0.000000,9,10,10,10,12,13,14,17,21,21,21,652,0,9,9.085387480061321,2.663737000148103,21.38630900026328,228.87883435582822
1789567175,10,,Aggregated,32.700000,0.000000,9,10,10,10,12,13,17,18,22,22,22,682,0,9,9.178030922285654,2.663737000148103,21.731208999881346,228.6656891495601
1789567177,10,,Aggregated,32.400000,0.000000,9,10,10,10,12,13,17,18,22,22,22,713,0,9,9.170752657785531,2.663737000148103,21.731208999881346,228.49789621318374
1789567178,10,,Aggregated,32.100000,0.000000,9,10,10,10,12,13,17,18,22,22,22,747,0,9,9.176681526103547,2.663737000148103,21.731208999881346,228.5127175368139
1789567179,10,,Aggregated,31.900000,0.000000,9,10,10,10,12,13,17,18,22,22,22,781,0,9,9.170943019205962,2.663737000148103,21.731208999881346,228.19846350832267
1789567180,10,,Aggregated,31.900000,0.000000,9,10,10,10,12,13,16,18,22,22,22,813,0,9,9.197377408365751,2.663737000148103,21.731208999881346,227.8917589175892
1789567181,10,,Aggregated,31.700000,0.000000,9,10,10,10,12,13,16,18,22,22,22,843,0,9,9.17081430723433,2.663737000148103,21.731208999881346,227.80308422301306
1789567182,10,,Aggregated,32.000000,0.000000,9,10,10,10,12,13,16,18,22,22,22,876,0,9,9.202633737442497,2.663737000148103,21.731208999881346,227.72260273972603
1789567183,10,,Aggregated,31.700000,0.000000,9,10,10,10,12,13,16,18,22,22,22,907,0,9,9.213555067253564,2.663737000148103,21.731208999881346,227.57662624035282
1789567184,10,,Aggregated,31.800000,0.000000,9,10,10,10,12,13,17,18,22,22,22,945,0,9,9.252044930157131,2.663737000148103,21.731208999881346,227.31746031746033
1789567185,10,,Aggregated,31.600000,0.000000,9,10,10,10,12,13,17,18,22,22,22,979,0,9,9.278282550560824,2.663737000148103,21.731208999881346,227.10214504596527
1789567186,10,,Aggregated,32.200000,0.000000,9,10,10,10,12,13,17,17,21,22,22,1009,0,9,9.290151351831591,2.663737000148103,21.731208999881346,227.49950445986124
1789567187,10,,Aggregated,32.400000,0.000000,9,10,10,10,12,13,17,17,21,22,22,1038,0,9,9.311043687859447,2.663737000148103,21.731208999881346,227.36705202312137
1789567188,10,,Aggregated,32.500000,0.000000,9,10,10,10,12,13,17,18,21,22,22,1074,0,9,9.323148607076007,2.663737000148103,21.731208999881346,227.29422718808195
1789567189,10,,Aggregated,32.400000,0.000000,9,10,10,10,12,13,16,17,21,22,22,1105,0,9,9.293472121266674,2.663737000148103,21.731208999881346,226.97828054298643
1789567190,10,,Aggregated,32.400000,0.000000,9,10,10,10,12,13,16,17,21,22,22,1135,0,9,9.294324509251796,2.663737000148103,21.731208999881346,226.85726872246696
1789567191,10,,Aggregated,32.500000,0.000000,9,10,10,10,12,13,16,17,21,22,22,1169,0,9,9.307245799830815,2.663737000148103,21.731208999881346,226.57313943541487
1789567192,10,,Aggregated,32.100000,0.000000,9,10,10,10,12,13,16,17,21,22,22,1199,0,9,9.320806165973359,2.663737000148103,21.731208999881346,226.65971643035863
1789567193,10,,Aggregated,32.400000,0.000000,9,10,10,10,12,13,16,17,22,36,36,1234,0,9,9.331502556728749,2.663737000148103,36.30505999990419,226.52512155591572
1789567194,10,,Aggregated,32.300000,0.000000,9,10,10,10,12,13,16,17,22,36,36,1261,0,9,9.331994478192605,2.663737000148103,36.30505999990419,226.45995241871532
1789567195,10,,Aggregated,32.600000,0.000000,9,10,10,10,12,13,16,17,22,36,36,1292,0,9,9.343911265478786,2.663737000148103,36.30505999990419,226.69117647058823
1789567196,10,,Aggregated,31.600000,0.000000,9,10,10,10,12,13,16,17,22,36,36,1328,0,9,9.34971193825104,2.663737000148103,36.30505999990419,226.49774096385542
1789567197,10,,Aggregated,31.600000,0.000000,9,10,10,10,12,13,16,17,22,36,36,1354,0,9,9.365875587146995,2.663737000148103,36.30505999990419,226.55612998522895
1789567198,10,,Aggregated,32.000000,0.000000,9,10,10,10,12,13,16,17,22,36,36,1386,0,9,9.37046706854143,2.663737000148103,36.30505999990419,226.44516594516594
1789567199,10,,Aggregated,31.700000,0.000000,9,10,10,10,12,13,16,17,22,36,36,1420,0,9,9.36734970704249,2.663737000148103,36.30505999990419,226.3718309859155
1789567200,10,,Aggregated,31.100000,0.000000,9,10,10,10,12,13,16,17,22,36,36,1454,0,9,9.368103613477636,2.663737000148103,36.30505999990419,226.34181568088033
1789567201,10,,Aggregated,31.100000,0.000000,9,10,10,10,12,13,16,17,22,36,36,1488,0,9,9.38469650268551,2.663737000148103,36.30505999990419,226.3521505376344
1789567202,10,,Aggregated,31.900000,0.000000,9,10,10,10,12,13,16,17,22,36,36,1522,0,9,9.380057828512067,2.663737000148103,36.30505999990419,226.3639947437582
1789567203,10,,Aggregated,31.800000,0.000000,9,10,10,10,12,13,16,17,22,36,36,1554,0,9,9.374832904116209,2.663737000148103,36.30505999990419,226.3989703989704
1789567204,10,,Aggregated,32.100000,0.000000,9,10,10,10,12,13,16,17,22,36,36,1586,0,9,9.368959290665344,2.663737000148103,36.30505999990419,226.57881462799494
1789567205,10,,Aggregated,31.900000,0.000000,9,10,10,10,12,13,16,17,22,36,36,1620,0,9,9.3714348827133,2.663737000148103,36.30505999990419,226.54506172839507
1789567206,10,,Aggregated,32.500000,0.000000,9,10,10,10,12,13,16,17,22,36,36,1650,0,9,9.37599291090671,2.663737000148103,36.30505999990419,226.55454545454546
1789567207,10,,Aggregated,32.500000,0.000000,9,10,10,10,12,13,16,17,22,36,36,1682,0,9,9.375122202137703,2.663737000148103,36.30505999990419,226.55231866825207
1789567208,10,,Aggregated,32.200000,0.000000,9,10,10,10,12,13,16,17,22,36,36,1717,0,9,9.372417052997012,2.663737000148103,36.30505999990419,226.44670937682002
1789567209,10,,Aggregated,32.800000,0.000000,9,10,10,10,12,13,16,17,22,36,36,1748,0,9,9.366398229401037,2.663737000148103,36.30505999990419,226.52517162471395
1789567210,10,,Aggregated,33.100000,0.000000,9,10,10,10,12,13,16,17,22,36,36,1783,0,9,9.368952984853147,2.663737000148103,36.30505999990419,226.44139091418955
1789567211,10,,Aggregated,32.900000,0.000000,9,10,10,10,12,13,15,17,22,36,36,1816,0,9,9.364959406934158,2.663737000148103,36.30505999990419,226.36123348017622
1789567212,10,,Aggregated,32.700000,0.000000,9,10,10,10,12,13,15,17,22,36,36,1844,0,9,9.366029687088309,2.663737000148103,36.30505999990419,226.27711496746204
1789567213,10,,Aggregated,32.600000,0.000000,9,10,10,10,12,13,15,17,27,36,36,1882,0,9,9.387336604138698,2.663737000148103,36.30505999990419,226.09670563230605
1789567214,10,,Aggregated,32.300000,0.000000,9,10,10,10,12,13,15,17,27,36,36,1909,0,9,9.388884182812895,2.663737000148103,36.30505999990419,226.0586694604505
1789567215,10,,Aggregated,32.500000,0.000000,9,10,10,10,12,13,15,17,27,36,36,1941,0,9,9.389950115397765,2.663737000148103,36.30505999990419,226.04379185986605
1789567216,10,,Aggregated,32.100000,0.000000,9,10,10,10,12,13,15,17,27,36,36,1972,0,9,9.3877729000947,2.663737000148103,36.30505999990419,226.06693711967546
1789567217,10,,Aggregated,32.100000,0.000000,9,10,10,10,12,13,15,17,27,36,36,2000,0,9,9.393669070992928,2.663737000148103,36.30505999990419,226.0615
1789567218,10,,Aggregated,32.100000,0.000000,9,10,10,10,12,13,15,17,22,36,36,2034,0,9,9.387007959186956,2.663737000148103,36.30505999990419,226.08456243854474
1789567219,10,,Aggregated,31.400000,0.000000,9,10,10,10,12,13,15,17,22,36,36,2070,0,9,9.388956889847467,2.663737000148103,36.30505999990419,226.12705314009662
1789567220,10,,Aggregated,31.800000,0.000000,9,10,10,10,12,13,15,17,22,36,36,2100,0,9,9.379836565706986,2.663737000148103,36.30505999990419,226.18285714285713
1789567221,10,,Aggregated,32.000000,0.000000,9,10,10,10,12,13,15,17,22,36,36,2134,0,9,9.379679342540774,2.663737000148103,36.30505999990419,226.2244611059044
1789567222,10,,Aggregated,31.500000,0.000000,9,10,10,10,12,13,15,17,22,36,36,2169,0,9,9.379456468873745,2.663737000148103,36.30505999990419,226.23513139695712
1789567223,10,,Aggregated,31.700000,0.000000,9,10,10,10,12,13,15,17,22,36,36,2199,0,9,9.380869487489004,2.663737000148103,36.30505999990419,226.22282855843565
1789567224,10,,Aggregated,32.100000,0.000000,9,10,10,10,12,13,15,17,22,36,36,2232,0,9,9.378951508955241,2.663737000148103,36.30505999990419,226.23431899641577
1789567225,10,,Aggregated,32.000000,0.000000,9,10,10,10,12,13,15,17,22,36,36,2265,0,9,9.374943002642837,2.663737000148103,36.30505999990419,226.1465783664459
1789567226,10,,Aggregated,32.400000,0.000000,9,10,10,10,12,13,15,17,22,36,36,2296,0,9,9.377171588407263,2.663737000148103,36.30505999990419,226.06445993031357
1789567227,10,,Aggregated,32.100000,0.000000,9,10,10,11,12,13,15,17,22,36,36,2332,0,9,9.386257205397868,2.663737000148103,36.30505999990419,226.00128644939966
1789567228,10,,Aggregated,32.400000,0.000000,9,10,10,11,12,13,15,17,22,36,36,2364,0,9,9.397011898047401,2.663737000148103,36.30505999990419,226.0279187817259
1789567229,10,,Aggregated,33.100000,0.000000,9,10,10,11,12,13,15,17,27,36,36,2395,0,9,9.427200817531334,2.663737000148103,36.30505999990419,226.00793319415448
1789567230,10,,Aggregated,32.900000,0.000000,9,10,10,11,12,13,15,17,27,36,36,2428,0,9,9.418027955926206,2.663737000148103,36.30505999990419,225.94686985172982
1789567231,10,,Aggregated,32.800000,0.000000,9,10,10,11,12,13,15,17,27,36,36,2459,0,9,9.423341660020244,2.663737000148103,36.30505999990419,225.94794631964214
1789567232,10,,Aggregated,33.000000,0.000000,9,10,10,11,12,13,15,17,27,36,36,2493,0,9,9.42717388046055,2.663737000148103,36.30505999990419,225.91817087845968
1789567233,10,,Aggregated,32.700000,0.000000,9,10,10,11,12,13,16,17,27,36,36,2525,0,9,9.452563212272244,2.663737000148103,36.30505999990419,225.8879207920792
1789567234,10,,Aggregated,32.600000,0.000000,9,10,10,11,12,13,16,17,27,36,36,2557,0,9,9.459670771601099,2.663737000148103,36.30505999990419,225.82635901447009
1789567235,10,,Aggregated,32.500000,0.000000,9,10,10,11,12,13,16,17,27,36,36,2587,0,9,9.453268265937048,2.663737000148103,36.30505999990419,225.90916119056823
1789567236,10,,Aggregated,32.600000,0.000000,9,10,10,11,12,13,16,17,27,36,36,2621,0,9,9.452538065234272,2.663737000148103,36.30505999990419,225.93170545593284
1789567237,10,,Aggregated,32.600000,0.000000,9,10,10,11,12,13,16,17,27,36,36,2654,0,9,9.462107099841939,2.663737000148103,36.30505999990419,225.87792012057272
1789567238,10,,Aggregated,32.200000,0.000000,9,10,10,11,12,13,16,17,27,36,36,2686,0,9,9.453492994780065,2.663737000148103,36.30505999990419,225.85331347728965
1789567239,10,,Aggregated,32.000000,0.000000,9,10,10,11,12,13,16,17,27,36,36,2717,0,9,9.44814969229909,2.663737000148103,36.30505999990419,225.85609127714392
1789567240,10,,Aggregated,32.000000,0.000000,9,10,10,11,12,13,16,17,27,36,36,2748,0,9,9.435994383908596,2.663737000148103,36.30505999990419,225.83879184861718
1789567241,10,,Aggregated,31.700000,0.000000,9,10,10,11,12,13,16,17,27,36,36,2781,0,9,9.437385176188524,2.663737000148103,36.30505999990419,225.93527508090614
1789567242,10,,Aggregated,31.700000,0.000000,9,10,10,11,12,13,16,17,27,36,36,2812,0,9,9.428959065781585,2.663737000148103,36.30505999990419,225.9839971550498
1789567243,10,,Aggregated,32.000000,0.000000,9,10,10,11,12,13,16,17,27,36,36,2848,0,9,9.42947600525856,2.663737000148103,36.30505999990419,225.93047752808988
1789567244,10,,Aggregated,31.600000,0.000000,9,10,10,11,12,13,16,17,27,36,36,2877,0,9,9.431301013895343,2.663737000148103,36.30505999990419,225.95133819951337
1789567245,10,,Aggregated,31.800000,0.000000,9,10,10,11,12,13,16,17,27,36,36,2912,0,9,9.423610082751066,2.663737000148103,36.30505999990419,225.95982142857142
1789567246,10,,Aggregated,31.400000,0.000000,9,10,10,11,12,13,16,17,27,36,36,2944,0,9,9.417202853930338,2.663737000148103,36.30505999990419,225.93546195652175
1789567247,10,,Aggregated,32.100000,0.000000,9,10,10,11,12,13,16,17,27,36,36,2977,0,9,9.417199451116335,2.663737000148103,36.30505999990419,225.96405777628485
1789567248,10,,Aggregated,32.000000,0.000000,9,10,10,11,12,13,15,17,26,36,36,3011,0,9,9.406371369634442,2.663737000148103,36.30505999990419,225.96579209564928
1789567249,10,,Aggregated,32.100000,0.000000,9,10,10,11,12,13,16,17,26,36,36,3042,0,9,9.40663956836517,2.663737000148103,36.30505999990419,225.89020381328075
1789567250,10,,Aggregated,32.500000,0.000000,9,10,10,11,12,13,15,17,26,36,36,3076,0,9,9.403811638481082,2.663737000148103,36.30505999990419,225.86410923276983
1789567251,10,,Aggregated,32.900000,0.000000,9,10,10,11,12,13,15,17,26,36,36,3107,0,9,9.402696563233341,2.663737000148103,36.30505999990419,225.835854522047
1789567252,10,,Aggregated,32.800000,0.000000,9,10,10,11,12,13,15,17,26,36,36,3138,0,9,9.40056292860642,2.663737000148103,36.30505999990419,225.88049713193118
1789567253,10,,Aggregated,32.600000,0.000000,9,10,10,11,12,13,16,17,26,36,36,3175,0,9,9.41216741636787,2.663737000148103,36.30505999990419,225.8727559055118
1789567254,10,,Aggregated,32.600000,0.000000,9,10,10,11,12,13,16,17,26,36,36,3209,0,9,9.409638998119911,2.663737000148103,36.30505999990419,225.88875038952943
1789567255,10,,Aggregated,32.900000,0.000000,9,10,10,11,12,13,16,17,26,36,36,3244,0,9,9.418074378534653,2.663737000148103,36.30505999990419,225.8415536374846
1789567256,10,,Aggregated,33.400000,0.000000,9,10,10,11,12,13,16,17,26,36,36,3281,0,9,9.413658950614218,2.663737000148103,36.30505999990419,225.7503809814081
1789567257,10,,Aggregated,33.100000,0.000000,9,10,10,11,12,13,15,17,26,36,36,3312,0,9,9.408291684168498,2.663737000148103,36.30505999990419,225.7663043478261
1789567258,10,,Aggregated,33.800000,0.000000,9,10,10,11,12,13,15,17,26,36,36,3342,0,9,9.402730511659524,2.663737000148103,36.30505999990419,225.77648114901257
1789567259,10,,Aggregated,33.800000,0.000000,9,10,10,11,12,13,16,17,26,36,36,3371,0,9,9.4119477537709,2.663737000148103,36.30505999990419,225.7514090774251
1789567260,10,,Aggregated,32.800000,0.000000,9,10,10,11,12,13,16,17,26,36,36,3399,0,9,9.409667862006883,2.663737000148103,36.30505999990419,225.79023242130037
1789567261,10,,Aggregated,32.600000,0.000000,9,10,10,11,12,13,16,17,26,36,36,3434,0,9,9.40280198076993,2.663737000148103,36.30505999990419,225.81100757134536
1789567262,10,,Aggregated,32.200000,0.000000,9,10,10,11,12,13,16,17,26,36,36,3463,0,9,9.405958142063014,2.663737000148103,36.30505999990419,225.7877562806815
1789567263,10,,Aggregated,32.300000,0.000000,9,10,10,11,12,13,16,17,26,36,36,3495,0,9,9.403381720160246,2.663737000148103,36.30505999990419,225.8071530758226
1789567264,10,,Aggregated,32.400000,0.000000,9,10,10,11,12,13,16,17,26,36,36,3526,0,9,9.399361207022467,2.663737000148103,36.30505999990419,225.822178105502
1789567265,10,,Aggregated,32.000000,0.000000,9,10,10,11,12,13,15,17,26,36,36,3555,0,9,9.39985174598139,2.663737000148103,36.30505999990419,225.7873417721519
1789567266,10,,Aggregated,31.400000,0.000000,9,10,10,11,12,13,15,17,26,36,36,3584,0,9,9.399824929120472,2.663737000148103,36.30505999990419,225.8046875
1789567267,10,,Aggregated,30.700000,0.000000,9,10,10,11,12,13,15,17,26,36,36,3615,0,9,9.404416219077973,2.663737000148103,36.30505999990419,225.76763485477179
1789567268,10,,Aggregated,30.200000,0.000000,9,10,10,11,12,13,15,17,26,36,36,3645,0,9,9.40429197200828,2.663737000148103,36.30505999990419,225.7528120713306
1789567269,10,,Aggregated,30.200000,0.000000,9,10,10,11,12,13,15,17,26,36,36,3678,0,9,9.404310364320432,2.663737000148103,36.30505999990419,225.7536704730832
1789567270,10,,Aggregated,30.500000,0.000000,9,10,10,11,12,13,15,17,26,36,36,3715,0,9,9.397545104164172,2.663737000148103,36.30505999990419,225.73593539703904
1789567271,10,,Aggregated,30.600000,0.000000,9,10,10,11,12,13,15,17,26,36,36,3744,0,9,9.394005744650064,2.663737000148103,36.30505999990419,225.7409188034188
1789567272,10,,Aggregated,31.300000,0.000000,9,10,10,11,12,13,15,17,26,36,36,3776,0,9,9.402405728274621,2.663737000148103,36.30505999990419,225.74655720338984
1789567273,10,,Aggregated,31.300000,0.000000,9,10,10,11,12,13,15,17,26,36,36,3804,0,9,9.401809726594482,2.663737000148103,36.30505999990419,225.72371188222922
1789567274,10,,Aggregated,31.100000,0.000000,9,10,10,11,12,13,15,17,26,36,36,3837,0,9,9.404584273641301,2.663737000148103,36.30505999990419,225.74719833203022
1789567275,10,,Aggregated,31.000000,0.000000,9,10,10,11,12,13,15,17,26,36,36,3869,0,9,9.40389804625566,2.663737000148103,36.30505999990419,225.77668648229516
1789567276,10,,Aggregated,31.200000,0.000000,9,10,10,11,12,13,15,17,26,36,36,3903,0,9,9.412476161148254,2.663737000148103,36.30505999990419,225.77914424801435
1789567277,10,,Aggregated,31.800000,0.000000,9,10,10,11,12,13,15,17,26,36,36,3935,0,9,9.413859750943162,2.663737000148103,36.30505999990419,225.78526048284624
1789567278,10,,Aggregated,31.800000,0.000000,9,10,10,11,12,13,15,17,26,36,36,3970,0,9,9.414993446085457,2.663737000148103,36.30505999990419,225.72468513853903
1789567279,10,,Aggregated,31.800000,0.000000,9,10,10,11,12,13,15,17,24,36,36,4004,0,9,9.41243677596378,2.663737000148103,36.30505999990419,225.71528471528472
1789567280,10,,Aggregated,32.300000,0.000000,9,10,10,11,12,13,15,17,24,36,36,4035,0,9,9.407674601228466,2.663737000148103,36.30505999990419,225.67137546468402
1789567281,10,,Aggregated,32.400000,0.000000,9,10,10,11,12,13,15,17,24,36,36,4069,0,9,9.407035366173313,2.663737000148103,36.30505999990419,225.60948636028508
1789567282,10,,Aggregated,31.900000,0.000000,9,10,10,11,12,13,15,17,24,36,36,4100,0,9,9.414026684624154,2.663737000148103,36.30505999990419,225.6341463414634
1789567283,10,,Aggregated,32.300000,0.000000,9,10,10,11,12,13,15,17,26,36,36,4128,0,9,9.422262617722359,2.663737000148103,36.30505999990419,225.6128875968992
1789567284,10,,Aggregated,32.500000,0.000000,9,10,10,11,12,13,15,17,26,36,36,4164,0,9,9.423065901526877,2.663737000148103,36.30505999990419,225.61527377521614
1789567285,10,,Aggregated,32.400000,0.000000,9,10,10,11,12,13,15,17,26,36,36,4192,0,9,9.413528323939873,2.663737000148103,36.30505999990419,225.6388358778626
1789567286,10,,Aggregated,32.200000,0.000000,9,10,10,11,12,13,15,17,26,36,36,4224,0,9,9.411059325274287,2.663737000148103,36.30505999990419,225.59114583333334
1789567287,10,,Aggregated,32.100000,0.000000,9,10,10,11,12,13,15,17,26,36,36,4255,0,9,9.415688069555484,2.663737000148103,36.30505999990419,225.57250293772032
1789567288,10,,Aggregated,31.800000,0.000000,9,10,10,11,12,13,15,17,26,36,36,4285,0,9,9.418344523211251,2.663737000148103,36.30505999990419,225.55029171528588
1789567289,10,,Aggregated,32.000000,0.000000,9,10,10,11,12,13,15,17,26,36,36,4318,0,9,9.412615668124573,2.663737000148103,36.30505999990419,225.54029643353405
1789567290,10,,Aggregated,31.100000,0.000000,9,10,10,11,12,13,15,17,26,36,36,4354,0,9,9.416229418227386,2.663737000148103,36.30505999990419,225.5544327055581
1789567291,10,,Aggregated,31.500000,0.000000,9,10,10,11,12,13,15,17,26,36,36,4384,0,9,9.414775681105155,2.663737000148103,36.30505999990419,225.49064781021897
1789567292,10,,Aggregated,31.700000,0.000000,9,10,10,11,12,13,15,17,26,36,36,4414,0,9,9.41916748549276,2.663737000148103,36.30505999990419,225.40801993656547
1789567293,10,,Aggregated,31.500000,0.000000,9,10,10,11,12,13,15,17,26,36,36,4448,0,9,9.416169949631637,2.663737000148103,36.30505999990419,225.40377697841726
1789567294,10,,Aggregated,31.500000,0.000000,9,10,10,11,12,13,15,17,26,36,36,4477,0,9,9.41633650300749,2.663737000148103,36.30505999990419,225.38061201697565
1789567295,10,,Aggregated,31.500000,0.000000,9,10,10,11,12,13,15,17,26,36,36,4506,0,9,9.412213868167683,2.663737000148103,36.30505999990419,225.3573013759432
1789567296,10,,Aggregated,31.500000,0.000000,9,10,10,11,12,13,15,17,26,36,36,4541,0,9,9.416480117807865,2.663737000148103,36.30505999990419,225.34617925567056
1789567297,10,,Aggregated,31.400000,0.000000,9,10,10,11,12,13,15,17,26,36,36,4574,0,9,9.415052502178645,2.663737000148103,36.30505999990419,225.34871010056844
1789567298,10,,Aggregated,31.600000,0.000000,9,10,10,11,12,13,15,17,26,36,36,4604,0,9,9.413406663328585,2.663737000148103,36.30505999990419,225.36880973066897
1789567299,10,,Aggregated,31.700000,0.000000,9,10,10,10,12,13,15,17,26,36,36,4639,0,9,9.413617058409702,2.663737000148103,36.30505999990419,225.3683983617159
1789567300,10,,Aggregated,32.200000,0.000000,9,10,10,10,12,13,15,17,26,36,36,4669,0,9,9.41375826257481,2.663737000148103,36.30505999990419,225.3784536303277
1789567301,10,,Aggregated,31.700000,0.000000,9,10,10,11,12,13,15,17,26,36,36,4703,0,9,9.423290281302545,2.663737000148103,36.30505999990419,225.3752923665745
1789567302,10,,Aggregated,31.900000,0.000000,9,10,10,11,12,13,15,17,26,36,36,4738,0,9,9.422027251997866,2.663737000148103,36.30505999990419,225.3948923596454
1789567303,10,,Aggregated,31.300000,0.000000,9,10,10,11,12,13,15,17,26,36,36,4767,0,9,9.419786273749848,2.663737000148103,36.30505999990419,225.3815817075729
1789567304,10,,Aggregated,32.200000,0.000000,9,10,10,11,12,13,15,17,26,36,36,4798,0,9,9.414465754265436,2.663737000148103,36.30505999990419,225.3859941642351
1789567305,10,,Aggregated,32.100000,0.000000,9,10,10,10,12,13,15,17,26,36,36,4831,0,9,9.408573588484224,2.663737000148103,36.30505999990419,225.34133719726765
1789567306,10,,Aggregated,32.000000,0.000000,9,10,10,10,12,13,15,17,26,36,36,4861,0,9,9.410174293965675,2.663737000148103,36.30505999990419,225.35918535280805
1789567307,10,,Aggregated,32.400000,0.000000,9,10,10,10,12,13,15,17,26,36,36,4893,0,9,9.4105642589345,2.663737000148103,36.30505999990419,225.3110566114858
1789567308,10,,Aggregated,32.100000,0.000000,9,10,10,10,12,13,15,17,26,36,36,4928,0,9,9.407623295041537,2.663737000148103,36.30505999990419,225.32142857142858
1789567309,10,,Aggregated,31.900000,0.000000,9,10,10,10,12,13,15,17,26,36,36,4960,0,9,9.40344518971081,2.663737000148103,36.30505999990419,225.27459677419355
1789567310,10,,Aggregated,31.900000,0.000000,9,10,10,10,12,13,15,17,26,36,36,4997,0,9,9.396343353205753,2.663737000148103,36.30505999990419,225.27396437862717
1789567311,10,,Aggregated,32.200000,0.000000,9,10,10,10,12,13,15,17,26,36,36,5028,0,9,9.397224697686752,2.663737000148103,36.30505999990419,225.25059665871123
1789567312,10,,Aggregated,32.200000,0.000000,9,10,10,10,12,13,15,17,26,36,36,5058,0,9,9.39429174495251,2.663737000148103,36.30505999990419,225.2514827995255
1789567313,10,,Aggregated,32.400000,0.000000,9,10,10,10,12,13,15,17,26,36,36,5091,0,9,9.396795889208972,2.663737000148103,36.30505999990419,225.23512080141427
1789567314,10,,Aggregated,31.700000,0.000000,9,10,10,10,12,13,15,17,26,36,36,5119,0,9,9.393445333846529,2.663737000148103,36.30505999990419,225.2191834342645
1789567315,10,,Aggregated,32.000000,0.000000,9,10,10,10,12,13,15,17,26,36,36,5149,0,9,9.393287528250255,2.663737000148103,36.30505999990419,225.24684404738784
1789567316,10,,Aggregated,32.400000,0.000000,9,10,10,10,12,13,15,17,26,36,36,5179,0,9,9.39254242787445,2.663737000148103,36.30505999990419,225.20351419192895
1789567317,10,,Aggregated,31.800000,0.000000,9,10,10,10,12,13,15,17,26,36,36,5215,0,9,9.396440413416007,2.663737000148103,36.30505999990419,225.19904122722915
1789567318,10,,Aggregated,31.700000,0.000000,9,10,10,10,12,13,15,17,26,36,36,5247,0,9,9.38974961272475,2.663737000148103,36.30505999990419,225.1642843529636
1789567319,10,,Aggregated,32.100000,0.000000,9,10,10,10,12,13,15,17,26,36,36,5281,0,9,9.388235818399174,2.663737000148103,36.30505999990419,225.13576974057943
1789567320,10,,Aggregated,32.100000,0.000000,9,10,10,10,12,13,15,17,26,36,36,5312,0,9,9.385997969309438,2.663737000148103,36.30505999990419,225.1667921686747
1789567321,10,,Aggregated,31.900000,0.000000,9,10,10,10,12,13,15,17,26,36,36,5343,0,9,9.386363760989834,2.663737000148103,36.30505999990419,225.1725622309564
1789567322,10,,Aggregated,31.600000,0.000000,9,10,10,10,12,13,15,17,26,36,36,5371,0,9,9.385269458939977,2.663737000148103,36.30505999990419,225.1513684602495
1789567323,10,,Aggregated,31.700000,0.000000,9,10,10,10,12,13,15,17,26,36,36,5402,0,9,9.386632573485322,2.663737000148103,36.30505999990419,225.1231025546094
1789567324,10,,Aggregated,31.200000,0.000000,9,10,10,10,12,13,15,17,26,36,36,5436,0,9,9.384616744476256,2.663737000148103,36.30505999990419,225.1219646799117
1789567325,10,,Aggregated,31.100000,0.000000,9,10,10,10,12,13,15,17,26,36,36,5466,0,9,9.38485935509894,2.663737000148103,36.30505999990419,225.10793999268205
1789567326,10,,Aggregated,31.300000,0.000000,9,10,10,10,12,13,15,17,26,36,36,5497,0,9,9.386734853550726,2.663737000148103,36.30505999990419,225.09514280516646
1789567327,10,,Aggregated,31.600000,0.000000,9,10,10,10,12,13,15,17,26,36,36,5531,0,9,9.388435293070053,2.663737000148103,36.30505999990419,225.11932742722834
1789567328,10,,Aggregated,31.800000,0.000000,9,10,10,10,12,13,15,17,26,36,36,5565,0,9,9.388238508349831,2.663737000148103,36.30505999990419,225.10925426774483
1789567329,10,,Aggregated,31.400000,0.000000,9,10,10,10,12,13,15,17,26,36,36,5597,0,9,9.389708148645074,2.663737000148103,36.30505999990419,225.07700553868145
1789567330,10,,Aggregated,31.700000,0.000000,9,10,10,10,12,13,15,17,26,36,36,5629,0,9,9.387695893936224,2.663737000148103,36.30505999990419,225.06093444661573
1789567331,10,,Aggregated,31.800000,0.000000,9,10,10,10,12,13,15,17,26,36,36,5662,0,9,9.389399210874089,2.663737000148103,36.30505999990419,225.04026845637583
1789567332,10,,Aggregated,31.500000,0.000000,9,10,10,10,12,13,15,17,26,36,36,5697,0,9,9.393556117600511,2.663737000148103,36.30505999990419,225.0589784096893
1789567333,10,,Aggregated,31.800000,0.000000,9,10,10,10,12,13,15,17,26,36,36,5730,0,9,9.398617853222923,2.663737000148103,36.30505999990419,225.05427574171028
1789567334,10,,Aggregated,32.800000,0.000000,9,10,10,10,12,13,15,17,26,36,36,5764,0,9,9.394450518384328,2.663737000148103,36.30505999990419,225.029493407356
1789567335,10,,Aggregated,32.800000,0.000000,9,10,10,10,12,13,15,17,26,36,36,5796,0,9,9.389476724287391,2.663737000148103,36.30505999990419,225.02208419599725
1789567336,10,,Aggregated,32.500000,0.000000,9,10,10,10,12,13,15,17,26,36,36,5827,0,9,9.390017649043031,2.663737000148103,36.30505999990419,225.01098335335507
1789567337,10,,Aggregated,32.800000,0.000000,9,10,10,10,12,13,15,17,26,36,36,5863,0,9,9.39197145232404,2.663737000148103,36.30505999990419,225.06293706293707
1789567338,10,,Aggregated,32.900000,0.000000,9,10,10,10,12,13,15,17,26,36,36,5890,0,9,9.390742685904337,2.663737000148103,36.30505999990419,225.05517826825127
1789567339,10,,Aggregated,32.900000,0.000000,9,10,10,10,12,13,15,17,26,36,36,5919,0,9,9.39108983628577,2.663737000148103,36.30505999990419,225.030748437236
1789567340,10,,Aggregated,32.600000,0.000000,9,10,10,10,12,13,15,17,26,36,36,5951,0,9,9.393496589812408,2.663737000148103,36.30505999990419,225.02386153587634
1789567341,10,,Aggregated,31.800000,0.000000,9,10,10,10,12,13,15,17,26,36,36,5984,0,9,9.394593173123695,2.663737000148103,36.30505999990419,225.0120320855615
1789567342,10,,Aggregated,32.200000,0.000000,9,10,10,10,12,13,15,17,24,36,36,6021,0,9,9.39598458511417,2.663737000148103,36.30505999990419,225.00531473177213
1789567343,10,,Aggregated,32.200000,0.000000,9,10,10,10,12,13,15,17,24,36,36,6051,0,9,9.396040477107016,2.663737000148103,36.30505999990419,225.0224756238638
1789567344,10,,Aggregated,31.700000,0.000000,9,10,10,10,12,13,15,17,24,36,36,6083,0,9,9.395033352781665,2.663737000148103,36.30505999990419,225.03748150583593
1789567345,10,,Aggregated,32.200000,0.000000,9,10,10,10,12,13,15,17,24,36,36,6116,0,9,9.393626054443386,2.663737000148103,36.30505999990419,225.00327011118378
1789567346,10,,Aggregated,31.800000,0.000000,9,10,10,10,12,13,15,17,24,36,36,6146,0,9,9.393958231853844,2.663737000148103,36.30505999990419,224.998047510576
1789567347,10,,Aggregated,31.700000,0.000000,9,10,10,10,12,13,15,17,24,36,36,6185,0,9,9.39044988892049,2.663737000148103,36.30505999990419,225.00404203718674
1789567348,10,,Aggregated,31.600000,0.000000,9,10,10,10,12,13,15,17,24,36,36,6217,0,9,9.389760738455207,2.663737000148103,36.30505999990419,225.0054688756635
1789567349,10,,Aggregated,31.600000,0.000000,9,10,10,10,12,13,15,17,24,36,36,6247,0,9,9.387909969261695,2.663737000148103,36.30505999990419,224.9991996158156
1789567350,10,,Aggregated,32.500000,0.000000,9,10,10,10,12,13,15,17,24,36,36,6275,0,9,9.385483616729706,2.663737000148103,36.30505999990419,225.02358565737052
1789567351,10,,Aggregated,33.100000,0.000000,9,10,10,10,12,13,15,17,24,36,36,6306,0,9,9.384568158417267,2.663737000148103,36.30505999990419,225.0721535045988
1789567352,10,,Aggregated,32.600000,0.000000,9,10,10,10,12,13,15,17,24,36,36,6339,0,9,9.385080518060176,2.663737000148103,36.30505999990419,225.0750907083136
1789567353,10,,Aggregated,32.200000,0.000000,9,10,10,10,12,13,15,17,24,36,36,6370,0,9,9.38363772574288,2.663737000148103,36.30505999990419,225.065306122449
1789567354,10,,Aggregated,31.800000,0.000000,9,10,10,10,12,13,15,17,24,36,36,6402,0,9,9.383052155885586,2.663737000148103,36.30505999990419,225.09340830990317
1789567355,10,,Aggregated,31.500000,0.000000,9,10,10,10,12,13,15,17,24,36,36,6437,0,9,9.382072518561776,2.663737000148103,36.30505999990419,225.09491999378594
1789567356,10,,Aggregated,31.900000,0.000000,9,10,10,10,12,13,15,17,24,36,36,6469,0,9,9.38121051321422,2.663737000148103,36.30505999990419,225.11609213170505
1789567357,10,,Aggregated,31.800000,0.000000,9,9,10,10,12,13,15,17,24,36,36,6498,0,9,9.377026073865965,2.663737000148103,36.30505999990419,225.093567251462
1789567358,10,,Aggregated,32.200000,0.000000,9,9,10,10,12,13,15,17,24,36,36,6531,0,9,9.378318499767456,2.663737000148103,36.30505999990419,225.10258765885774
1789567359,10,,Aggregated,32.100000,0.000000,9,9,10,10,12,13,15,17,24,36,36,6569,0,9,9.376985752013516,2.663737000148103,36.30505999990419,225.05647739381945
1789567360,10,,Aggregated,31.300000,0.000000,9,10,10,10,12,13,15,17,24,36,36,6600,0,9,9.379789380148285,2.663737000148103,36.30505999990419,225.0412121212121
1789567361,10,,Aggregated,31.200000,0.000000,9,10,10,10,12,13,15,17,24,36,36,6629,0,9,9.381772853368503,2.663737000148103,36.30505999990419,225.0389198974204
1789567362,10,,Aggregated,31.900000,0.000000,9,10,10,10,12,13,15,17,24,36,36,6659,0,9,9.381913454269826,2.663737000148103,36.30505999990419,225.01982279621564
1789567363,10,,Aggregated,32.200000,0.000000,9,10,10,10,12,13,15,17,24,36,36,6692,0,9,9.3830797012823,2.663737000148103,36.30505999990419,225.05558876270175
1789567364,10,,Aggregated,32.400000,0.000000,9,10,10,10,12,13,15,17,24,36,36,6724,0,9,9.386601764125999,2.663737000148103,36.30505999990419,225.04818560380727
1789567365,10,,Aggregated,31.800000,0.000000,9,10,10,10,12,13,15,17,24,36,36,6758,0,9,9.381505288248395,2.663737000148103,36.30505999990419,225.04779520568215
1789567366,10,,Aggregated,32.200000,0.000000,9,10,10,10,12,13,15,17,24,36,36,6792,0,9,9.384600142518167,2.663737000148103,36.30505999990419,225.0669905771496
1789567367,10,,Aggregated,32.500000,0.000000,9,10,10,10,12,13,15,17,24,36,36,6825,0,9,9.385171248788485,2.663737000148103,36.30505999990419,225.03091575091574
1789567368,10,,Aggregated,32.100000,0.000000,9,10,10,10,12,13,15,17,24,36,36,6857,0,9,9.388674415922324,2.663737000148103,36.30505999990419,225.03806329298527
1789567369,10,,Aggregated,32.500000,0.000000,9,10,10,10,12,13,15,17,24,36,36,6890,0,9,9.3884657297497,2.663737000148103,36.30505999990419,225.04078374455733
1789567370,10,,Aggregated,32.300000,0.000000,9,10,10,10,12,13,15,17,24,36,36,6919,0,9,9.387288130940298,2.663737000148103,36.30505999990419,225.05867899985546
1789567371,10,,Aggregated,32.400000,0.000000,9,10,10,10,12,13,15,17,24,36,36,6951,0,9,9.390256008772472,2.663737000148103,36.30505999990419,225.05222270176952
1789567372,10,,Aggregated,32.200000,0.000000,9,10,10,10,12,13,15,17,24,36,36,6980,0,9,9.392094918334639,2.663737000148103,36.30505999990419,225.07191977077363
1789567373,10,,Aggregated,31.900000,0.000000,9,10,10,10,12,13,15,17,22,36,36,7011,0,9,9.389841401651735,2.663737000148103,36.30505999990419,225.05591213806875
1789567374,10,,Aggregated,31.900000,0.000000,9,10,10,10,12,13,15,17,22,36,36,7050,0,9,9.390210391911943,2.663737000148103,36.30505999990419,225.03574468085105
1789567375,10,,Aggregated,32.000000,0.000000,9,10,10,10,12,13,15,17,22,36,36,7079,0,9,9.388340976406559,2.663737000148103,36.30505999990419,225.06554598107078
1789567376,10,,Aggregated,31.800000,0.000000,9,10,10,10,12,13,15,17,22,36,36,7110,0,9,9.386374434315668,2.663737000148103,36.30505999990419,225.04978902953587
1789567377,10,,Aggregated,32.000000,0.000000,9,10,10,10,12,13,15,17,22,36,36,7140,0,9,9.387949780109778,2.663737000148103,36.30505999990419,225.03851540616247
1789567378,10,,Aggregated,32.100000,0.000000,9,10,10,10,12,13,15,17,22,36,36,7173,0,9,9.388880011708174,2.663737000148103,36.30505999990419,225.04823644221386
1789567379,10,,Aggregated,31.600000,0.000000,9,10,10,10,12,13,15,17,22,36,36,7205,0,9,9.382364827617442,2.663737000148103,36.30505999990419,225.0295628036086
1789567380,10,,Aggregated,31.300000,0.000000,9,10,10,10,12,13,15,17,22,36,36,7238,0,9,9.382505726717445,2.663737000148103,36.30505999990419,225.07101409229068
1789567381,10,,Aggregated,31.700000,0.000000,9,10,10,10,12,13,15,17,22,36,36,7271,0,9,9.385344835232894,2.663737000148103,36.30505999990419,225.04222252785036
1789567382,10,,Aggregated,31.600000,0.000000,9,10,10,10,12,13,15,17,22,36,36,7303,0,9,9.385232158151007,2.663737000148103,36.30505999990419,225.0423113788854
1789567383,10,,Aggregated,31.900000,0.000000,9,10,10,10,12,13,15,17,22,36,36,7338,0,9,9.386698941670018,2.663737000148103,36.30505999990419,225.05069501226492
1789567384,10,,Aggregated,31.900000,0.000000,9,10,10,10,12,13,15,17,22,36,36,7372,0,9,9.387391634424016,2.663737000148103,36.30505999990419,225.0430005425936
1789567385,10,,Aggregated,32.200000,0.000000,9,10,10,10,12,13,15,17,22,36,36,7403,0,9,9.388082645140564,2.663737000148103,36.30505999990419,225.02877211941106
1789567386,10,,Aggregated,32.600000,0.000000,9,10,10,10,12,13,15,17,22,36,36,7435,0,9,9.389034176190275,2.663737000148103,36.30505999990419,225.0357767316745
1789567387,10,,Aggregated,32.400000,0.000000,9,10,10,10,12,13,15,17,22,36,36,7469,0,9,9.390355920200173,2.663737000148103,36.30505999990419,225.03574775739725
1789567388,10,,Aggregated,32.300000,0.000000,9,10,10,10,12,13,15,17,22,36,36,7503,0,9,9.395033310805754,2.663737000148103,36.30505999990419,225.02265760362522
1789567389,10,,Aggregated,32.200000,0.000000,9,10,10,10,12,13,15,17,22,36,36,7534,0,9,9.393801983803703,2.663737000148103,36.30505999990419,225.03265197770108
1789567390,10,,Aggregated,33.400000,0.000000,9,10,10,10,12,13,15,17,22,36,36,7565,0,9,9.396344086580024,2.663737000148103,36.30505999990419,225.0305353602115
1789567391,10,,Aggregated,33.000000,0.000000,9,10,10,10,12,13,15,17,22,36,36,7597,0,9,9.398745348687045,2.663737000148103,36.30505999990419,225.02474661050414
1789567392,10,,Aggregated,32.700000,0.000000,9,10,10,10,12,13,15,17,22,36,36,7632,0,9,9.397459273319729,2.663737000148103,36.30505999990419,225.01991614255766
1789567393,10,,Aggregated,32.700000,0.000000,9,10,10,10,12,13,15,17,22,36,36,7662,0,9,9.396342020879729,2.663737000148103,36.30505999990419,225.0327590707387
1789567394,10,,Aggregated,33.000000,0.000000,9,10,10,10,12,13,15,17,22,36,36,7694,0,9,9.39907991252713,2.663737000148103,36.30505999990419,225.04406030673252
1789567395,10,,Aggregated,33.000000,0.000000,9,10,10,10,12,13,15,17,22,36,36,7727,0,9,9.399845429272274,2.663737000148103,36.30505999990419,225.04620163064578
1789567396,10,,Aggregated,32.500000,0.000000,9,10,10,10,12,13,15,17,22,36,36,7760,0,9,9.400457578477981,2.663737000148103,36.30505999990419,225.04329896907217
1789567397,10,,Aggregated,32.000000,0.000000,9,10,10,10,12,13,15,17,22,36,36,7792,0,9,9.400589637190807,2.663737000148103,36.30505999990419,225.04286447638603
1789567398,10,,Aggregated,32.500000,0.000000,9,10,10,10,12,13,15,17,22,36,36,7828,0,9,9.400086337888354,2.663737000148103,36.30505999990419,225.00600408788964
1789567399,10,,Aggregated,32.400000,0.000000,9,10,10,10,12,13,15,17,22,36,36,7857,0,9,9.396531654828879,2.663737000148103,36.30505999990419,225.01132747868144
1789567400,10,,Aggregated,32.200000,0.000000,9,10,10,10,12,13,15,17,22,36,36,7891,0,9,9.393046273348283,2.5859679999484797,36.30505999990419,224.98656697503486
1789567401,10,,Aggregated,32.200000,0.000000,9,10,10,10,12,13,15,17,22,36,36,7923,0,9,9.394294471790031,2.5859679999484797,36.30505999990419,224.94661113214693
1789567402,10,,Aggregated,32.500000,0.000000,9,10,10,10,12,13,15,17,22,36,36,7960,0,9,9.392211358164262,2.5859679999484797,36.30505999990419,224.91381909547738
1789567403,10,,Aggregated,32.700000,0.000000,9,10,10,10,12,13,15,17,22,36,36,7991,0,9,9.392907676634984,2.5859679999484797,36.30505999990419,224.88912526592418
1789567404,10,,Aggregated,32.300000,0.000000,9,10,10,10,12,13,15,17,22,36,36,8023,0,9,9.390295007477658,2.5859679999484797,36.30505999990419,224.88994141842204
1789567405,10,,Aggregated,32.500000,0.000000,9,10,10,10,12,13,15,17,22,36,36,8051,0,9,9.391252687367324,2.5859679999484797,36.30505999990419,224.9152900260837
1789567406,10,,Aggregated,32.600000,0.000000,9,10,10,10,12,13,15,17,22,36,36,8084,0,9,9.39352187704081,2.5859679999484797,36.30505999990419,224.87295893122217
1789567407,10,,Aggregated,32.600000,0.000000,9,10,10,10,12,13,15,17,22,36,36,8117,0,9,9.395259108783774,2.5859679999484797,36.30505999990419,224.87064186275717
1789567408,10,,Aggregated,32.000000,0.000000,9,10,10,10,12,13,15,17,22,36,36,8148,0,9,9.394099295409529,2.5859679999484797,36.30505999990419,224.86892488954345
1789567409,10,,Aggregated,32.400000,0.000000,9,10,10,10,12,13,15,17,22,36,36,8179,0,9,9.395546044503778,2.5859679999484797,36.30505999990419,224.85083751069814
1789567410,10,,Aggregated,31.900000,0.000000,9,10,10,10,12,13,15,17,22,36,36,8209,0,9,9.397466003167057,2.5859679999484797,36.30505999990419,224.82458277500305
1789567411,10,,Aggregated,32.000000,0.000000,9,10,10,10,12,13,15,17,22,36,36,8238,0,9,9.402767054988827,2.5859679999484797,36.30505999990419,224.81913085700413
1789567412,10,,Aggregated,31.800000,0.000000,9,10,10,10,12,13,15,17,22,36,36,8268,0,9,9.401294279389933,2.5859679999484797,36.30505999990419,224.8274068698597
1789567413,10,,Aggregated,31.100000,0.000000,9,10,10,10,12,13,15,17,22,36,36,8300,0,9,9.401953556867333,2.5859679999484797,36.30505999990419,224.81168674698796
1789567414,10,,Aggregated,31.200000,0.000000,9,10,10,10,12,13,15,17,22,36,36,8330,0,9,9.401668817527028,2.5859679999484797,36.30505999990419,224.8247298919568
1789567415,10,,Aggregated,30.800000,0.000000,9,10,10,10,12,13,15,17,22,36,36,8358,0,9,9.40061711234762,2.5859679999484797,36.30505999990419,224.82352237377364
1789567416,10,,Aggregated,30.700000,0.000000,9,10,10,10,12,13,15,17,22,36,36,8395,0,9,9.39927814961321,2.5859679999484797,36.30505999990419,224.85670041691483
1789567417,10,,Aggregated,30.800000,0.000000,9,10,10,10,12,13,15,17,22,36,36,8427,0,9,9.398443503619742,2.5859679999484797,36.30505999990419,224.84110596890946
1789567418,10,,Aggregated,31.100000,0.000000,9,10,10,10,12,13,15,17,27,36,36,8462,0,9,9.411072293547988,2.5859679999484797,36.30505999990419,224.82746395651145
1789567419,10,,Aggregated,31.300000,0.000000,9,10,10,10,12,13,15,17,27,36,36,8493,0,9,9.410477835511628,2.5859679999484797,36.30505999990419,224.8585894265866
1789567420,10,,Aggregated,31.100000,0.000000,9,10,10,10,12,13,15,17,27,36,36,8525,0,9,9.40955968457489,2.5859679999484797,36.30505999990419,224.8326099706745
1789567421,10,,Aggregated,31.100000,0.000000,9,10,10,10,12,13,15,17,27,36,36,8556,0,9,9.409876971949474,2.5859679999484797,36.30505999990419,224.82643758765778
1789567422,10,,Aggregated,31.400000,0.000000,9,10,10,10,12,13,15,17,27,36,36,8589,0,9,9.415867943998023,2.5859679999484797,36.30505999990419,224.7974152986378
1789567423,10,,Aggregated,31.900000,0.000000,9,10,10,11,12,13,15,17,27,36,36,8618,0,9,9.416030615920048,2.5859679999484797,36.30505999990419,224.79740078904618
1789567424,10,,Aggregated,32.000000,0.000000,9,10,10,10,12,13,15,17,27,36,36,8651,0,9,9.413022940238159,2.5859679999484797,36.30505999990419,224.7958617500867
1789567425,10,,Aggregated,32.100000,0.000000,9,10,10,10,12,13,15,17,27,36,36,8684,0,9,9.413000498157873,2.5859679999484797,36.30505999990419,224.78281897742977
1789567426,10,,Aggregated,32.200000,0.000000,9,10,10,11,12,13,15,17,27,36,36,8717,0,9,9.418360635310803,2.5859679999484797,36.30505999990419,224.77033383044625
1789567427,10,,Aggregated,32.000000,0.000000,9,10,10,11,12,13,15,17,27,36,36,8749,0,9,9.419185025145948,2.5859679999484797,36.30505999990419,224.7924334209624
1789567428,10,,Aggregated,32.100000,0.000000,9,10,10,11,12,13,15,17,27,36,36,8781,0,9,9.422317918688144,2.5859679999484797,36.30505999990419,224.78282655733972
1789567429,10,,Aggregated,32.000000,0.000000,9,10,10,11,12,13,15,17,27,36,36,8814,0,9,9.420028775471064,2.5859679999484797,36.30505999990419,224.7913546630361
1789567430,10,,Aggregated,32.300000,0.000000,9,10,10,10,12,13,15,17,27,36,36,8846,0,9,9.419170598802348,2.5859679999484797,36.30505999990419,224.7869093375537
1789567431,10,,Aggregated,31.900000,0.000000,9,10,10,11,12,13,15,17,27,36,36,8883,0,9,9.417926285715097,2.5859679999484797,36.30505999990419,224.7682089384217
1789567432,10,,Aggregated,32.100000,0.000000,9,10,10,11,12,13,15,17,27,36,36,8910,0,9,9.418106110662784,2.5859679999484797,36.30505999990419,224.7591470258137
1789567433,10,,Aggregated,32.000000,0.000000,9,10,10,11,12,13,15,17,27,36,36,8945,0,9,9.420496841699924,2.5859679999484797,36.30505999990419,224.7562884292901
1789567434,10,,Aggregated,32.200000,0.000000,9,10,10,11,12,13,15,17,27,36,36,8980,0,9,9.422005097439287,2.5859679999484797,36.30505999990419,224.76447661469933
1789567435,10,,Aggregated,32.200000,0.000000,9,10,10,11,12,13,15,17,26,36,36,9008,0,9,9.422251397646793,2.5859679999484797,36.30505999990419,224.7425621669627
1789567436,10,,Aggregated,32.400000,0.000000,9,10,10,11,12,13,15,17,26,36,36,9042,0,9,9.423822925790953,2.5859679999484797,36.30505999990419,224.7324706923247
1789567437,10,,Aggregated,32.800000,0.000000,9,10,10,11,12,13,15,17,26,36,36,9078,0,9,9.428847555739416,2.5859679999484797,36.30505999990419,224.7117206433135
1789567438,10,,Aggregated,32.700000,0.000000,9,10,10,11,12,13,15,17,26,36,36,9114,0,9,9.43068822405104,2.5859679999484797,36.30505999990419,224.71626069782752
1789567439,10,,Aggregated,32.500000,0.000000,9,10,10,11,12,13,15,17,26,36,36,9146,0,9,9.429404945221824,2.5859679999484797,36.30505999990419,224.72753116116334
1789567440,10,,Aggregated,32.500000,0.000000,9,10,10,11,12,13,15,17,26,36,36,9179,0,9,9.43028047467025,2.5859679999484797,36.30505999990419,224.72622290009804
1789567441,10,,Aggregated,33.200000,0.000000,9,10,10,11,12,13,15,17,26,36,36,9206,0,9,9.42819806039511,2.5859679999484797,36.30505999990419,224.71724961981317
1789567442,10,,Aggregated,33.200000,0.000000,9,10,10,11,12,13,15,17,26,36,36,9238,0,9,9.43129372277495,2.5859679999484797,36.30505999990419,224.71314137259148
1789567443,10,,Aggregated,33.100000,0.000000,9,10,10,11,12,13,15,17,26,36,36,9268,0,9,9.430600770715971,2.5859679999484797,36.30505999990419,224.72086750107897
1789567444,10,,Aggregated,32.500000,0.000000,9,10,10,11,12,13,15,17,26,36,36,9304,0,9,9.431469082436898,2.5859679999484797,36.30505999990419,224.76472484952708
1789567445,10,,Aggregated,32.300000,0.000000,9,10,10,11,12,13,15,17,26,36,36,9335,0,9,9.42952319667864,2.5859679999484797,36.30505999990419,224.7494376004285
1789567446,10,,Aggregated,32.400000,0.000000,9,10,10,11,12,13,15,17,26,36,36,9364,0,9,9.432726919371692,2.5859679999484797,36.30505999990419,224.75395130286202
1789567447,10,,Aggregated,32.400000,0.000000,9,10,10,11,12,13,15,17,26,36,36,9396,0,9,9.43118485131931,2.5859679999484797,36.30505999990419,224.75542784163474
1789567448,10,,Aggregated,32.000000,0.000000,9,10,10,11,12,13,15,17,26,36,36,9429,0,9,9.430219237988686,2.5859679999484797,36.30505999990419,224.77335878672181
1789567449,10,,Aggregated,31.800000,0.000000,9,10,10,11,12,13,15,17,26,36,36,9459,0,9,9.429342634104627,2.5859679999484797,36.30505999990419,224.77058885717307
1789567450,10,,Aggregated,31.900000,0.000000,9,10,10,11,12,13,15,17,26,36,36,9487,0,9,9.430328740802647,2.5859679999484797,36.30505999990419,224.7884473490039
1789567451,10,,Aggregated,31.400000,0.000000,9,10,10,11,12,13,15,17,26,36,36,9517,0,9,9.428808240621429,2.5859679999484797,36.30505999990419,224.7798676053378
1789567452,10,,Aggregated,31.000000,0.000000,9,10,10,11,12,13,15,17,26,36,36,9550,0,9,9.431614243036407,2.5859679999484797,36.30505999990419,224.79193717277488
1789567453,10,,Aggregated,31.100000,0.000000,9,10,10,11,12,13,15,17,26,36,36,9583,0,9,9.432022991756094,2.5859679999484797,36.30505999990419,224.76176562663048
1789567454,10,,Aggregated,31.000000,0.000000,9,10,10,11,12,13,15,17,26,36,36,9618,0,9,9.430079513308096,2.5859679999484797,36.30505999990419,224.7599292992306
1789567455,10,,Aggregated,31.500000,0.000000,9,10,10,11,12,13,15,17,26,36,36,9650,0,9,9.431255496269145,2.5859679999484797,36.30505999990419,224.76113989637307
1789567456,10,,Aggregated,31.300000,0.000000,9,10,10,11,12,13,15,17,26,36,36,9685,0,9,9.432220298709193,2.5859679999484797,36.30505999990419,224.75343314403716
1789567457,10,,Aggregated,31.400000,0.000000,9,10,10,11,12,13,15,17,26,36,36,9717,0,9,9.4306882165276,2.5859679999484797,36.30505999990419,224.7497169908408
1789567458,10,,Aggregated,31.600000,0.000000,9,10,10,11,12,13,15,17,26,36,36,9751,0,9,9.430751589682737,2.5859679999484797,36.30505999990419,224.7402317711004
1789567459,10,,Aggregated,32.100000,0.000000,9,10,10,11,12,13,15,17,26,36,36,9784,0,9,9.42935599345844,2.5859679999484797,36.30505999990419,224.76226492232215
1789567460,10,,Aggregated,32.000000,0.000000,9,10,10,11,12,13,15,17,26,36,36,9815,0,9,9.431354269587366,2.5859679999484797,36.30505999990419,224.7520122261844
1789567461,10,,Aggregated,32.300000,0.000000,9,10,10,11,12,13,15,17,26,36,36,9849,0,9,9.430105490303184,2.5859679999484797,36.30505999990419,224.75225911260026
1789567462,10,,Aggregated,32.800000,0.000000,9,10,10,11,12,13,15,17,27,36,36,9884,0,9,9.440697838627754,2.5859679999484797,36.30505999990419,224.7636584378794
1789567463,10,,Aggregated,32.300000,0.000000,9,10,10,11,12,13,15,17,27,36,36,9922,0,9,9.441080328058504,2.5859679999484797,36.30505999990419,224.761741584358
1789567464,10,,Aggregated,33.600000,0.000000,9,10,10,11,12,13,15,17,27,36,36,9955,0,9,9.440533001808074,2.5859679999484797,36.30505999990419,224.750979407333
1789567465,10,,Aggregated,33.100000,0.000000,9,10,10,11,12,13,15,17,27,36,36,9990,0,9,9.443567619319369,2.5859679999484797,36.30505999990419,224.76676676676678
1789567466,10,,Aggregated,33.600000,0.000000,9,10,10,11,12,13,15,17,27,35,36,10019,0,9,9.44349453139042,2.5859679999484797,36.30505999990419,224.77073560235553
1789567467,10,,Aggregated,33.500000,0.000000,9,10,10,11,12,13,15,17,27,35,36,10051,0,9,9.443479550691622,2.5859679999484797,36.30505999990419,224.75803402646503
1789567468,10,,Aggregated,33.600000,0.000000,9,10,10,11,12,13,15,17,27,35,36,10078,0,9,9.445652721671035,2.5859679999484797,36.30505999990419,224.7496527088708
1789567469,10,,Aggregated,33.300000,0.000000,9,10,10,11,12,13,15,17,27,35,36,10111,0,9,9.443425930372754,2.5859679999484797,36.30505999990419,224.75739293838393
1789567470,10,,Aggregated,33.200000,0.000000,9,10,10,11,12,13,15,17,27,35,36,10144,0,9,9.442429575611035,2.5859679999484797,36.30505999990419,224.76478706624604
1789567471,10,,Aggregated,32.500000,0.000000,9,10,10,11,12,13,15,17,27,35,36,10176,0,9,9.443098206761345,2.5859679999484797,36.30505999990419,224.76120283018867
1789567472,10,,Aggregated,32.100000,0.000000,9,10,10,11,12,13,15,17,27,35,36,10206,0,9,9.442075777092107,2.5859679999484797,36.30505999990419,224.75004899078974
1789567473,10,,Aggregated,32.900000,0.000000,9,10,10,11,12,13,15,17,27,35,36,10237,0,9,9.443811794276101,2.5859679999484797,36.30505999990419,224.75842531991793
1789567474,10,,Aggregated,32.100000,0.000000,9,10,10,11,12,13,15,17,27,35,36,10271,0,9,9.443909492163106,2.5859679999484797,36.30505999990419,224.7499756596242
1789567475,10,,Aggregated,32.200000,0.000000,9,10,10,11,12,13,15,17,27,35,36,10303,0,9,9.443022801611942,2.5859679999484797,36.30505999990419,224.76919343880422
1789567476,10,,Aggregated,31.500000,0.000000,9,10,10,11,12,13,15,17,27,35,36,10335,0,9,9.442388946686291,2.5859679999484797,36.30505999990419,224.76129656507015
1789567477,10,,Aggregated,31.400000,0.000000,9,10,10,11,12,13,15,17,27,35,36,10367,0,9,9.445049634609962,2.5859679999484797,36.30505999990419,224.76241921481625
1789567478,10,,Aggregated,31.500000,0.000000,9,10,10,11,12,13,15,17,27,35,36,10400,0,9,9.444619790096272,2.5859679999484797,36.30505999990419,224.7564423076923
1789567479,10,,Aggregated,31.800000,0.000000,9,10,10,11,12,13,15,17,27,35,36,10434,0,9,9.443861372148874,2.5859679999484797,36.30505999990419,224.7785125551083
1789567480,10,,Aggregated,31.400000,0.000000,9,10,10,11,12,13,15,17,27,35,36,10463,0,9,9.44425831912482,2.5859679999484797,36.30505999990419,224.77386982700946
1789567481,10,,Aggregated,32.000000,0.000000,9,10,10,11,12,13,15,17,27,35,36,10499,0,9,9.44436273768982,2.5859679999484797,36.30505999990419,224.7946471092485
1789567482,10,,Aggregated,32.400000,0.000000,9,10,10,11,12,13,15,17,27,35,36,10529,0,9,9.443111805869986,2.5859679999484797,36.30505999990419,224.79570709469084
1789567483,10,,Aggregated,31.900000,0.000000,9,10,10,11,12,13,15,17,27,35,36,10568,0,9,9.44346327337285,2.5859679999484797,36.30505999990419,224.7910673732021
1789567484,10,,Aggregated,31.900000,0.000000,9,10,10,11,12,13,15,17,27,35,36,10600,0,9,9.442710471226569,2.5859679999484797,36.30505999990419,224.80915094339622
1789567485,10,,Aggregated,32.400000,0.000000,9,10,10,11,12,13,15,17,27,35,36,10633,0,9,9.44414963227672,2.5859679999484797,36.30505999990419,224.8212169660491
1789567486,10,,Aggregated,32.800000,0.000000,9,10,10,11,12,13,15,17,27,35,36,10664,0,9,9.446081733495374,2.5859679999484797,36.30505999990419,224.8244561140285
1789567487,10,,Aggregated,32.600000,0.000000,9,10,10,11,12,13,15,17,27,35,36,10698,0,9,9.446608014862091,2.5859679999484797,36.30505999990419,224.83716582538793
1789567488,10,,Aggregated,33.300000,0.000000,9,10,10,11,12,13,15,17,27,35,36,10733,0,9,9.451948742755254,2.5859679999484797,36.30505999990419,224.84720022360943
1789567489,10,,Aggregated,32.800000,0.000000,9,10,10,11,12,13,15,17,27,35,36,10763,0,9,9.451779224565074,2.5859679999484797,36.30505999990419,224.8440955124036
1789567490,10,,Aggregated,33.000000,0.000000,9,10,10,11,12,13,15,17,27,35,36,10800,0,9,9.449874832221841,2.5859679999484797,36.30505999990419,224.86657407407407
1789567491,10,,Aggregated,33.200000,0.000000,9,10,10,11,12,13,15,17,27,35,36,10831,0,9,9.45043719287178,2.5859679999484797,36.30505999990419,224.87415751084848
1789567492,10,,Aggregated,32.900000,0.000000,9,10,10,11,12,13,15,17,27,35,36,10862,0,9,9.449861356195356,2.5859679999484797,36.30505999990419,224.87773890627878
1789567493,10,,Aggregated,33.300000,0.000000,9,10,10,11,12,13,15,17,27,35,36,10894,0,9,9.451350628327432,2.5859679999484797,36.30505999990419,224.86588948044795
1789567494,10,,Aggregated,33.300000,0.000000,9,10,10,11,12,13,15,17,27,35,36,10925,0,9,9.451248149382057,2.5859679999484797,36.30505999990419,224.87286041189932
1789567495,10,,Aggregated,33.000000,0.000000,9,10,10,11,12,13,15,17,27,35,36,10958,0,9,9.450055327888256,2.5859679999484797,36.30505999990419,224.900073006023
1789567496,10,,Aggregated,32.600000,0.000000,9,10,10,11,12,13,15,17,27,35,36,10987,0,9,9.45102320278515,2.5859679999484797,36.30505999990419,224.89969964503504
1789567497,10,,Aggregated,32.800000,0.000000,9,10,10,11,12,13,15,17,26,35,36,11023,0,9,9.449220067767309,2.5859679999484797,36.30505999990419,224.88651002449424
1789567498,10,,Aggregated,32.100000,0.000000,9,10,10,11,12,13,15,17,26,35,36,11055,0,9,9.446542826775325,2.5859679999484797,36.30505999990419,224.89543193125283
1789567499,10,,Aggregated,32.000000,0.000000,9,10,10,11,12,13,15,17,26,35,36,11088,0,9,9.445375756673954,2.5859679999484797,36.30505999990419,224.87680375180375
1789567500,10,,Aggregated,32.500000,0.000000,9,10,10,11,12,13,15,17,26,35,36,11122,0,9,9.445617041719336,2.5859679999484797,36.30505999990419,224.87646106815322
1789567501,10,,Aggregated,32.200000,0.000000,9,10,10,11,12,13,15,17,26,35,36,11162,0,9,9.44842894982998,2.5859679999484797,36.30505999990419,224.88648987636626
1789567502,10,,Aggregated,32.700000,0.000000,9,10,10,11,12,13,15,17,26,35,36,11193,0,9,9.44745886670251,2.5859679999484797,36.30505999990419,224.88537478781382
1789567503,10,,Aggregated,32.500000,0.000000,9,10,10,11,12,13,15,17,26,35,36,11226,0,9,9.447324537145867,2.5859679999484797,36.30505999990419,224.88401924104758
1789567504,10,,Aggregated,33.100000,0.000000,9,10,10,11,12,13,15,17,26,35,36,11262,0,9,9.445779457201118,2.5859679999484797,36.30505999990419,224.8990410229089
1789567505,10,,Aggregated,33.100000,0.000000,9,10,10,11,12,13,15,17,26,35,36,11293,0,9,9.44545780474608,2.5859679999484797,36.30505999990419,224.882139378376
1789567506,10,,Aggregated,33.400000,0.000000,9,10,10,11,12,13,15,17,26,35,36,11325,0,9,9.44365104026457,2.5859679999484797,36.30505999990419,224.8906843267108
1789567507,10,,Aggregated,33.400000,0.000000,9,10,10,11,12,13,15,17,26,35,36,11356,0,9,9.444463437301541,2.5859679999484797,36.30505999990419,224.88957379358928
1789567508,10,,Aggregated,33.500000,0.000000,9,10,10,11,12,13,15,17,26,35,36,11389,0,9,9.442122532531233,2.5859679999484797,36.30505999990419,224.88392308367725
1789567509,10,,Aggregated,33.500000,0.000000,9,10,10,11,12,13,15,17,26,35,36,11419,0,9,9.444486658376237,2.5859679999484797,36.30505999990419,224.88895700148873
1789567510,10,,Aggregated,33.400000,0.000000,9,10,10,11,12,13,15,17,26,35,36,11452,0,9,9.44437273445666,2.5859679999484797,36.30505999990419,224.89111072301782
1789567511,10,,Aggregated,33.300000,0.000000,9,10,10,11,12,13,15,17,26,35,36,11484,0,9,9.446226382967398,2.5859679999484797,36.30505999990419,224.89977359804945
1789567512,10,,Aggregated,32.700000,0.000000,9,10,10,11,12,13,15,17,26,35,36,11512,0,9,9.446525478196532,2.5859679999484797,36.30505999990419,224.89793259207784
1789567513,10,,Aggregated,32.800000,0.000000,9,10,10,11,12,13,15,17,26,35,36,11546,0,9,9.445220914688898,2.5859679999484797,36.30505999990419,224.8978867140135
1789567514,10,,Aggregated,32.100000,0.000000,9,10,10,11,12,13,15,17,26,35,36,11582,0,9,9.445233889828808,2.5859679999484797,36.30505999990419,224.8697116214816
1789567515,10,,Aggregated,32.000000,0.000000,9,10,10,11,12,13,15,17,26,35,36,11616,0,9,9.442054322657965,2.5859679999484797,36.30505999990419,224.8423725895317
1789567516,10,,Aggregated,31.600000,0.000000,9,10,10,11,12,13,15,17,26,35,36,11649,0,9,9.441450788221953,2.5859679999484797,36.30505999990419,224.85251952957336
1789567517,10,,Aggregated,32.000000,0.000000,9,10,10,11,12,13,15,17,26,35,36,11682,0,9,9.440220185070713,2.5859679999484797,36.30505999990419,224.83992467043313
1789567518,10,,Aggregated,32.200000,0.000000,9,10,10,11,12,13,15,17,26,35,36,11711,0,9,9.440857775851406,2.5859679999484797,36.30505999990419,224.8396379472291
1789567519,10,,Aggregated,32.500000,0.000000,9,10,10,11,12,13,15,17,26,35,36,11743,0,9,9.441541981009488,2.5859679999484797,36.30505999990419,224.82500212892788
1789567520,10,,Aggregated,32.300000,0.000000,9,10,10,11,12,13,15,17,26,35,36,11776,0,9,9.440894686565247,2.5859679999484797,36.30505999990419,224.82387907608697
1789567521,10,,Aggregated,32.100000,0.000000,9,10,10,11,12,13,15,17,26,35,36,11810,0,9,9.44100563632444,2.5859679999484797,36.30505999990419,224.81998306519898
1789567522,10,,Aggregated,32.300000,0.000000,9,10,10,11,12,13,15,17,26,35,36,11843,0,9,9.442712211854298,2.5859679999484797,36.30505999990419,224.83382588871063
1789567523,10,,Aggregated,32.200000,0.000000,9,10,10,11,12,13,15,17,26,35,36,11884,0,9,9.442983906849088,2.5859679999484797,36.30505999990419,224.8220296196567
1789567524,10,,Aggregated,32.600000,0.000000,9,10,10,11,12,13,15,17,26,35,36,11913,0,9,9.443995218164712,2.5859679999484797,36.30505999990419,224.79518173423992
1789567526,10,,Aggregated,32.700000,0.000000,9,10,10,11,12,13,15,17,26,35,36,11943,0,9,9.440847216109756,2.5859679999484797,36.30505999990419,224.7822992547936
1789567527,10,,Aggregated,33.700000,0.000000,9,10,10,11,12,13,15,17,26,35,36,11975,0,9,9.441879773611566,2.5859679999484797,36.30505999990419,224.78313152400835
1789567528,10,,Aggregated,32.500000,0.000000,9,10,10,11,12,13,15,17,26,35,36,12007,0,9,9.443551090280362,2.5859679999484797,36.30505999990419,224.79145498459232
1789567529,10,,Aggregated,32.500000,0.000000,9,10,10,11,12,13,15,17,26,35,36,12041,0,9,9.442779285109067,2.5859679999484797,36.30505999990419,224.82185864961383
1789567530,10,,Aggregated,32.400000,0.000000,9,10,10,11,12,13,15,17,26,35,36,12075,0,9,9.44126100770154,2.5859679999484797,36.30505999990419,224.8182194616977
1789567531,10,,Aggregated,32.400000,0.000000,9,10,10,11,12,13,15,17,26,35,36,12112,0,9,9.439178757265267,2.5859679999484797,36.30505999990419,224.82273778071334
1789567532,10,,Aggregated,33.000000,0.000000,9,10,10,11,12,13,15,17,26,35,36,12147,0,9,9.437365097307616,2.5859679999484797,36.30505999990419,224.82810570511236
1789567533,10,,Aggregated,33.600000,0.000000,9,10,10,11,12,13,15,17,26,35,36,12182,0,9,9.440935688392198,2.5859679999484797,36.30505999990419,224.8185027089148
1789567534,10,,Aggregated,33.600000,0.000000,9,10,10,11,12,13,15,17,26,35,36,12211,0,9,9.440502209646585,2.5859679999484797,36.30505999990419,224.81819670788633
1789567535,10,,Aggregated,33.500000,0.000000,9,10,10,11,12,13,15,17,26,35,36,12243,0,9,9.441116143918414,2.5859679999484797,36.30505999990419,224.81156579269788
1789567536,10,,Aggregated,32.700000,0.000000,9,10,10,11,12,13,15,17,26,35,36,12279,0,9,9.441829234383171,2.5859679999484797,36.30505999990419,224.8037299454353
1789567537,10,,Aggregated,33.000000,0.000000,9,10,10,11,12,13,15,17,26,35,36,12306,0,9,9.44275467406082,2.5859679999484797,36.30505999990419,224.78230131643102
1789567538,10,,Aggregated,33.500000,0.000000,9,10,10,11,12,13,15,17,26,35,36,12340,0,9,9.445986367908567,2.5859679999484797,36.30505999990419,224.77155591572122
1789567539,10,,Aggregated,33.000000,0.000000,9,10,10,11,12,13,15,17,26,35,36,12374,0,9,9.444638224987132,2.5859679999484797,36.30505999990419,224.7864069823824
1789567540,10,,Aggregated,33.200000,0.000000,9,10,10,11,12,13,15,17,26,35,36,12407,0,9,9.443080628676643,2.5859679999484797,36.30505999990419,224.78149431772385
1789567541,10,,Aggregated,33.200000,0.000000,9,10,10,11,12,13,15,17,26,35,36,12436,0,9,9.442617724830315,2.5859679999484797,36.30505999990419,224.78883885493727
1789567542,10,,Aggregated,33.100000,0.000000,9,10,10,11,12,13,15,17,26,35,36,12462,0,9,9.440516719947833,2.5859679999484797,36.30505999990419,224.78799550633926
1789567543,10,,Aggregated,32.300000,0.000000,9,10,10,11,12,13,15,17,26,35,36,12492,0,9,9.440008873438037,2.5859679999484797,36.30505999990419,224.78922510406662
1789567544,10,,Aggregated,32.300000,0.000000,9,10,10,11,12,13,15,17,26,35,36,12522,0,9,9.44010185609222,2.5859679999484797,36.30505999990419,224.78693499440985
1789567545,10,,Aggregated,31.000000,0.000000,9,10,10,11,12,13,15,17,26,35,36,12557,0,9,9.442380114994844,2.5859679999484797,36.30505999990419,224.78123755674125
1789567546,10,,Aggregated,31.100000,0.000000,9,10,10,11,12,13,15,17,26,35,36,12592,0,9,9.442334177890105,2.5859679999484797,36.30505999990419,224.76151524777637
1789567547,10,,Aggregated,31.300000,0.000000,9,10,10,11,12,13,15,17,26,35,36,12626,0,9,9.443707039916953,2.5859679999484797,36.30505999990419,224.7652463171234
1789567548,10,,Aggregated,31.200000,0.000000,9,10,10,11,12,13,15,17,26,35,36,12660,0,9,9.442856805528871,2.5859679999484797,36.30505999990419,224.75086887835704
1789567549,10,,Aggregated,31.700000,0.000000,9,10,10,11,12,13,15,17,26,35,36,12691,0,9,9.443257242139762,2.5859679999484797,36.30505999990419,224.75005909699786
1789567550,10,,Aggregated,32.000000,0.000000,9,10,10,11,12,13,15,17,26,35,36,12724,0,9,9.443247823404205,2.5859679999484797,36.30505999990419,224.74159069475007
1789567551,10,,Aggregated,31.300000,0.000000,9,10,10,11,12,13,15,17,26,35,36,12754,0,9,9.44278859236252,2.5859679999484797,36.30505999990419,224.7217343578485
1789567552,10,,Aggregated,31.600000,0.000000,9,10,10,11,12,13,15,17,26,35,36,12780,0,9,9.442397696165365,2.5859679999484797,36.30505999990419,224.7172143974961
1789567553,10,,Aggregated,31.700000,0.000000,9,10,10,11,12,13,15,17,26,35,36,12812,0,9,9.443656579924726,2.5859679999484797,36.30505999990419,224.7143303153294
1789567554,10,,Aggregated,31.900000,0.000000,9,10,10,11,12,13,15,17,26,35,36,12847,0,9,9.444035878648288,2.5859679999484797,36.30505999990419,224.71565345995174
1789567555,10,,Aggregated,31.900000,0.000000,9,10,10,11,12,13,15,17,26,35,36,12878,0,9,9.443030587979086,2.5859679999484797,36.30505999990419,224.6935859605529
1789567556,10,,Aggregated,31.900000,0.000000,9,10,10,11,12,13,15,17,26,35,36,12906,0,9,9.441289656283402,2.5859679999484797,36.30505999990419,224.68905935223927
1789567557,10,,Aggregated,31.800000,0.000000,9,10,10,11,12,13,15,17,26,35,36,12942,0,9,9.439739280636166,2.5859679999484797,36.30505999990419,224.68876526039253
1789567558,10,,Aggregated,31.600000,0.000000,9,10,10,11,12,13,15,17,26,35,36,12976,0,9,9.440790503544306,2.5859679999484797,36.30505999990419,224.6927404438964
1789567559,10,,Aggregated,31.700000,0.000000,9,10,10,11,12,13,15,17,26,35,36,13012,0,9,9.441870741545745,2.5859679999484797,36.30505999990419,224.7065785428835
1789567560,10,,Aggregated,31.500000,0.000000,9,10,10,11,12,13,15,17,26,35,36,13043,0,9,9.44230106846525,2.5859679999484797,36.30505999990419,224.70620256076057
1789567561,10,,Aggregated,32.100000,0.000000,9,10,10,11,12,13,15,17,26,35,36,13074,0,9,9.439099281245065,2.5859679999484797,36.30505999990419,224.7197491203916
1789567562,10,,Aggregated,31.800000,0.000000,9,10,10,11,12,13,15,17,26,35,36,13109,0,9,9.438375894957582,2.5859679999484797,36.30505999990419,224.72850713250438
1789567563,10,,Aggregated,31.900000,0.000000,9,10,10,11,12,13,15,17,26,35,36,13142,0,9,9.438854928549556,2.5859679999484797,36.30505999990419,224.72743874600516
1789567564,10,,Aggregated,32.800000,0.000000,9,10,10,11,12,13,15,17,26,35,36,13175,0,9,9.440028035749418,2.5859679999484797,36.30505999990419,224.7262239089184
1789567565,10,,Aggregated,32.900000,0.000000,9,10,10,11,12,13,15,17,26,35,36,13208,0,9,9.438661866747363,2.5859679999484797,36.30505999990419,224.72130526953362
1789567566,10,,Aggregated,33.000000,0.000000,9,10,10,11,12,13,15,17,26,35,36,13241,0,9,9.437783617476121,2.5859679999484797,36.30505999990419,224.7097651234801
1789567567,10,,Aggregated,33.100000,0.000000,9,10,10,11,12,13,15,17,26,35,36,13271,0,9,9.436841616532336,2.5859679999484797,36.30505999990419,224.71102403737473
1789567568,10,,Aggregated,32.900000,0.000000,9,10,10,11,12,13,15,17,26,35,36,13307,0,9,9.43815391012226,2.5859679999484797,36.30505999990419,224.7043661230931
1789567569,10,,Aggregated,32.800000,0.000000,9,10,10,11,12,13,15,17,26,35,36,13338,0,9,9.436783977132924,2.5859679999484797,36.30505999990419,224.70025491078124
1789567570,10,,Aggregated,32.800000,0.000000,9,10,10,11,12,13,15,17,26,35,36,13369,0,9,9.435423470640956,2.5859679999484797,36.30505999990419,224.69661156406613
1789567571,10,,Aggregated,32.700000,0.000000,9,10,10,11,12,13,15,17,26,35,36,13404,0,9,9.435777571247213,2.5859679999484797,36.30505999990419,224.698373619815
1789567572,10,,Aggregated,32.500000,0.000000,9,10,10,11,12,13,15,17,26,35,36,13434,0,9,9.436464352984974,2.5859679999484797,36.30505999990419,224.6999404496055
1789567573,10,,Aggregated,32.700000,0.000000,9,10,10,11,12,13,15,17,26,35,36,13468,0,9,9.439057631719635,2.5859679999484797,36.30505999990419,224.67270567270566
1789567574,10,,Aggregated,32.300000,0.000000,9,10,10,11,12,13,15,17,26,35,36,13500,0,9,9.443357680963333,2.5859679999484797,36.30505999990419,224.66355555555555
1789567575,10,,Aggregated,32.500000,0.000000,9,10,10,11,12,13,15,17,26,35,36,13528,0,9,9.443250146511367,2.5859679999484797,36.30505999990419,224.6556031933767
1789567576,10,,Aggregated,32.100000,0.000000,9,10,10,11,12,13,15,17,26,35,36,13562,0,9,9.441604617903405,2.5859679999484797,36.30505999990419,224.66295531632503
1789567577,10,,Aggregated,31.900000,0.000000,9,10,10,11,12,13,15,17,26,35,36,13592,0,9,9.441261689597168,2.5859679999484797,36.30505999990419,224.6514125956445
1789567578,10,,Aggregated,32.500000,0.000000,9,10,10,11,12,13,15,17,26,35,36,13627,0,9,9.44261894569664,2.5859679999484797,36.30505999990419,224.65671094151318
1789567579,10,,Aggregated,32.100000,0.000000,9,10,10,11,12,13,15,17,26,35,36,13661,0,9,9.440288856233897,2.5859679999484797,36.30505999990419,224.6435107239587
1789567580,10,,Aggregated,32.100000,0.000000,9,10,10,11,12,13,15,17,26,35,36,13695,0,9,9.440416851698718,2.5859679999484797,36.30505999990419,224.65074844833882
1789567581,10,,Aggregated,32.000000,0.000000,9,10,10,11,12,13,15,17,26,35,36,13725,0,9,9.438784148634994,2.5859679999484797,36.30505999990419,224.64896174863387
1789567582,10,,Aggregated,32.600000,0.000000,9,10,10,11,12,13,15,17,26,35,36,13760,0,9,9.441561074129119,2.5859679999484797,36.30505999990419,224.64447674418605
1789567583,10,,Aggregated,32.200000,0.000000,9,10,10,11,12,13,15,17,26,35,36,13793,0,9,9.441046310593403,2.5859679999484797,36.30505999990419,224.6337272529544
1789567584,10,,Aggregated,32.200000,0.000000,9,10,10,11,12,13,15,17,26,35,36,13821,0,9,9.441751077709023,2.5859679999484797,36.30505999990419,224.63244338325737
1789567585,10,,Aggregated,32.300000,0.000000,9,10,10,11,12,13,15,17,26,35,36,13856,0,9,9.438803841802441,2.5859679999484797,36.30505999990419,224.62449480369514
1789567586,10,,Aggregated,32.500000,0.000000,9,10,10,11,12,13,15,17,26,35,36,13885,0,9,9.439694659057652,2.5859679999484797,36.30505999990419,224.62167806985957
1789567587,10,,Aggregated,32.400000,0.000000,9,10,10,11,12,13,15,17,26,35,36,13920,0,9,9.438439555676297,2.5859679999484797,36.30505999990419,224.63326149425288
1789567588,10,,Aggregated,32.000000,0.000000,9,10,10,11,12,13,15,17,26,35,36,13950,0,9,9.439545202581689,2.5859679999484797,36.30505999990419,224.6448028673835
1789567589,10,,Aggregated,32.000000,0.000000,9,10,10,11,12,13,15,17,26,35,36,13984,0,9,9.442192514517627,2.5859679999484797,36.30505999990419,224.65203089244852
1789567590,10,,Aggregated,32.000000,0.000000,9,10,10,11,12,13,15,17,26,35,36,14015,0,9,9.441452836604718,2.5859679999484797,36.30505999990419,224.64880485194433
1789567591,10,,Aggregated,32.300000,0.000000,9,10,10,11,12,13,15,17,26,35,36,14051,0,9,9.441068076508111,2.5859679999484797,36.30505999990419,224.64529215002491
1789567592,10,,Aggregated,32.000000,0.000000,9,10,10,11,12,13,15,17,26,35,36,14079,0,9,9.441713257547704,2.5859679999484797,36.30505999990419,224.64393777967186
1789567593,10,,Aggregated,32.300000,0.000000,9,10,10,11,12,13,15,17,26,35,36,14117,0,9,9.442618167670979,2.5859679999484797,36.30505999990419,224.63384571792875
1789567594,10,,Aggregated,32.200000,0.000000,9,10,10,11,12,13,15,17,26,35,36,14146,0,9,9.444439662378619,2.5859679999484797,36.30505999990419,224.6369998586173
1789567595,10,,Aggregated,32.200000,0.000000,9,10,10,11,12,13,15,17,26,35,36,14175,0,9,9.444076990547323,2.5859679999484797,36.30505999990419,224.63724867724866
1789567596,10,,Aggregated,32.200000,0.000000,9,10,10,11,12,13,15,17,26,35,36,14206,0,9,9.44199928952629,2.5859679999484797,36.30505999990419,224.64296776010136
1789567597,10,,Aggregated,32.100000,0.000000,9,10,10,11,12,13,15,17,26,35,36,14241,0,9,9.441296621937182,2.5859679999484797,36.30505999990419,224.63506776209536
1789567598,10,,Aggregated,32.000000,0.000000,9,10,10,11,12,13,15,17,26,35,36,14272,0,9,9.440694413817988,2.5859679999484797,36.30505999990419,224.62829316143498
1789567599,10,,Aggregated,32.600000,0.000000,9,10,10,11,12,13,15,17,26,35,36,14307,0,9,9.441537452226836,2.5859679999484797,36.30505999990419,224.63060040539597
1789567600,10,,Aggregated,32.300000,0.000000,9,10,10,11,12,13,15,17,26,35,36,14340,0,9,9.439213030544728,2.5859679999484797,36.30505999990419,224.63298465829845
1789567601,10,,Aggregated,32.300000,0.000000,9,10,10,11,12,13,15,17,26,35,36,14376,0,9,9.439170289441668,2.5859679999484797,36.30505999990419,224.60740122426267
1789567602,10,,Aggregated,32.300000,0.000000,9,10,10,11,12,13,15,17,26,35,36,14407,0,9,9.437270165892484,2.5859679999484797,36.30505999990419,224.59443326160894
1789567603,10,,Aggregated,32.500000,0.000000,9,10,10,11,12,13,15,17,26,35,36,14440,0,9,9.437906413297275,2.5859679999484797,36.30505999990419,224.5874653739612
1789567604,10,,Aggregated,33.000000,0.000000,9,10,10,11,12,13,15,17,26,35,36,14468,0,9,9.437445437518099,2.5859679999484797,36.30505999990419,224.59911528891345
1789567605,10,,Aggregated,32.400000,0.000000,9,10,10,11,12,13,15,17,26,35,36,14502,0,9,9.436679703490087,2.5859679999484797,36.30505999990419,224.60281340504758
1789567606,10,,Aggregated,32.200000,0.000000,9,10,10,11,12,13,15,17,26,35,36,14534,0,9,9.438005467662803,2.5859679999484797,36.30505999990419,224.60038530342644
1789567607,10,,Aggregated,32.500000,0.000000,9,10,10,11,12,13,15,17,26,35,36,14568,0,9,9.437730210256207,2.5859679999484797,36.30505999990419,224.60076880834706
1789567608,10,,Aggregated,32.500000,0.000000,9,10,10,11,12,13,15,17,26,35,36,14605,0,9,9.437057614653375,2.5859679999484797,36.30505999990419,224.5928791509757
1789567609,10,,Aggregated,32.700000,0.000000,9,10,10,11,12,13,15,17,26,35,36,14639,0,9,9.43715778571031,2.5859679999484797,36.30505999990419,224.57469772525445
1789567610,10,,Aggregated,33.200000,0.000000,9,10,10,11,12,13,15,17,26,35,36,14671,0,9,9.435877548907117,2.5859679999484797,36.30505999990419,224.58489537182197
1789567611,10,,Aggregated,33.000000,0.000000,9,10,10,11,12,13,15,17,26,35,36,14704,0,9,9.436383959467713,2.5859679999484797,36.30505999990419,224.5873231773667
1789567612,10,,Aggregated,33.100000,0.000000,9,10,10,11,12,13,15,17,26,35,36,14734,0,9,9.437896744537495,2.5859679999484797,36.30505999990419,224.58572010316274
1789567613,10,,Aggregated,32.800000,0.000000,9,10,10,11,12,13,15,17,26,35,36,14767,0,9,9.438179870658496,2.5859679999484797,36.30505999990419,224.58163472607842
1789567614,10,,Aggregated,32.300000,0.000000,9,10,10,11,12,13,15,17,26,35,36,14802,0,9,9.436645279084871,2.5859679999484797,36.30505999990419,224.58654235914065
1789567615,10,,Aggregated,32.500000,0.000000,9,10,10,11,12,13,15,17,26,35,36,14834,0,9,9.435563195632737,2.5859679999484797,36.30505999990419,224.56916543076716
1789567616,10,,Aggregated,33.100000,0.000000,9,10,10,11,12,13,15,17,26,35,36,14862,0,9,9.436687317926012,2.5859679999484797,36.30505999990419,224.5588076974835
1789567617,10,,Aggregated,32.800000,0.000000,9,10,10,11,12,13,15,17,26,35,36,14897,0,9,9.4380700114129,2.5859679999484797,36.30505999990419,224.56125394374706
1789567618,10,,Aggregated,33.000000,0.000000,9,10,10,11,12,13,15,17,26,35,36,14927,0,9,9.438103006030415,2.5859679999484797,36.30505999990419,224.55650834059088
1789567619,10,,Aggregated,32.800000,0.000000,9,10,10,11,12,13,15,17,26,35,36,14958,0,9,9.438980666266612,2.5859679999484797,36.30505999990419,224.5627089183046
1789567620,10,,Aggregated,32.200000,0.000000,9,10,10,11,12,13,15,17,26,35,36,14990,0,9,9.43807023415738,2.5859679999484797,36.30505999990419,224.5609739826551
1789567621,10,,Aggregated,32.000000,0.000000,9,10,10,11,12,13,15,17,26,35,36,15020,0,9,9.439256055327432,2.5859679999484797,36.30505999990419,224.56531291611185
1789567622,10,,Aggregated,31.800000,0.000000,9,10,10,11,12,13,15,17,26,35,36,15053,0,9,9.437795183287035,2.5859679999484797,36.30505999990419,224.5677273633163
1789567623,10,,Aggregated,31.400000,0.000000,9,10,10,11,12,13,15,17,26,35,36,15087,0,9,9.438239842647404,2.5859679999484797,36.30505999990419,224.5744680851064
1789567624,10,,Aggregated,31.700000,0.000000,9,10,10,11,12,13,15,17,26,35,36,15122,0,9,9.43857185233574,2.5859679999484797,36.30505999990419,224.57928845390822
1789567625,10,,Aggregated,31.900000,0.000000,9,10,10,11,12,13,15,17,26,35,36,15148,0,9,9.438994299446808,2.5859679999484797,36.30505999990419,224.59136519672563
1789567626,10,,Aggregated,31.800000,0.000000,9,10,10,11,12,13,15,17,26,35,36,15181,0,9,9.43878260773476,2.5859679999484797,36.30505999990419,224.58421711349715
1789567627,10,,Aggregated,32.000000,0.000000,9,10,10,11,12,13,15,17,26,35,36,15216,0,9,9.439447063816091,2.5859679999484797,36.30505999990419,224.58320189274448
1789567628,10,,Aggregated,31.700000,0.000000,9,10,10,11,12,13,15,17,26,35,36,15245,0,9,9.440493470450873,2.5859679999484797,36.30505999990419,224.586421777632
1789567629,10,,Aggregated,31.600000,0.000000,9,10,10,11,12,13,15,17,26,35,36,15276,0,9,9.44192661953538,2.5859679999484797,36.30505999990419,224.5801256873527
1789567630,10,,Aggregated,31.600000,0.000000,9,10,10,11,12,13,15,17,26,35,36,15307,0,9,9.44071237512385,2.5859679999484797,36.30505999990419,224.57098059711242
1789567631,10,,Aggregated,31.600000,0.000000,9,10,10,11,12,13,15,17,26,35,36,15339,0,9,9.442031679641323,2.5859679999484797,36.30505999990419,224.58354521155226
1789567632,10,,Aggregated,31.600000,0.000000,9,10,10,11,12,13,15,17,26,35,36,15373,0,9,9.441311425617455,2.5859679999484797,36.30505999990419,224.58127886554348
1789567633,10,,Aggregated,31.900000,0.000000,9,10,10,11,12,13,15,17,26,35,36,15406,0,9,9.44133426528725,2.5859679999484797,36.30505999990419,224.57159548227963
1789567634,10,,Aggregated,31.900000,0.000000,9,10,10,11,12,13,15,17,26,35,36,15434,0,9,9.440115968641518,2.5859679999484797,36.30505999990419,224.57049371517428
1789567635,10,,Aggregated,31.700000,0.000000,9,10,10,11,12,13,15,17,26,35,36,15467,0,9,9.441946599341305,2.5859679999484797,36.30505999990419,224.57865132216978
1789567636,10,,Aggregated,31.400000,0.000000,9,10,10,11,12,13,15,17,26,35,36,15496,0,9,9.440853245031757,2.5859679999484797,36.30505999990419,224.5699535363965
1789567637,10,,Aggregated,31.500000,0.000000,9,10,10,11,12,13,15,17,26,35,36,15524,0,9,9.440589923667387,2.5859679999484797,36.30505999990419,224.5693120329812
1789567638,10,,Aggregated,31.300000,0.000000,9,10,10,11,12,13,15,17,26,35,36,15563,0,9,9.44191802814449,2.5859679999484797,36.30505999990419,224.5673713294352
1789567639,10,,Aggregated,31.000000,0.000000,9,10,10,11,12,13,15,17,26,35,36,15594,0,9,9.441637162435105,2.5859679999484797,36.30505999990419,224.55258432730537
1789567640,10,,Aggregated,31.300000,0.000000,9,10,10,11,12,13,15,17,26,35,36,15626,0,9,9.442118925317553,2.5859679999484797,36.30505999990419,224.56002815819787
1789567641,10,,Aggregated,31.800000,0.000000,9,10,10,11,12,13,15,17,26,35,36,15658,0,9,9.440104592477402,2.5859679999484797,36.30505999990419,224.56124664708136
1789567642,10,,Aggregated,31.700000,0.000000,9,10,10,11,12,13,15,17,26,35,36,15689,0,9,9.440277627765148,2.5859679999484797,36.30505999990419,224.55835298616864
1789567643,10,,Aggregated,31.900000,0.000000,9,10,10,11,12,13,15,17,26,35,36,15725,0,9,9.439869643815845,2.5859679999484797,36.30505999990419,224.5524960254372
1789567644,10,,Aggregated,31.500000,0.000000,9,10,10,11,12,13,15,17,26,35,36,15759,0,9,9.439225664509593,2.5859679999484797,36.30505999990419,224.5414683672822
1789567645,10,,Aggregated,31.900000,0.000000,9,10,10,11,12,13,15,17,26,35,36,15790,0,9,9.439193891577244,2.5859679999484797,36.30505999990419,224.54705509816338
1789567646,10,,Aggregated,32.200000,0.000000,9,10,10,11,12,13,15,17,26,35,36,15822,0,9,9.437609240045864,2.5859679999484797,36.30505999990419,224.5570092276577
1789567647,10,,Aggregated,32.300000,0.000000,9,10,10,11,12,13,15,17,26,35,36,15853,0,9,9.437777678736573,2.5859679999484797,36.30505999990419,224.56008326499716
1789567648,10,,Aggregated,32.500000,0.000000,9,10,10,11,12,13,15,17,26,35,36,15889,0,9,9.43891573692548,2.5859679999484797,36.30505999990419,224.55730379507835
1789567649,10,,Aggregated,32.600000,0.000000,9,10,10,11,12,13,15,17,26,35,36,15923,0,9,9.439494397036313,2.5859679999484797,36.30505999990419,224.55203165232683
1789567650,10,,Aggregated,32.600000,0.000000,9,10,10,11,12,13,15,17,26,35,36,15954,0,9,9.438428376520477,2.5859679999484797,36.30505999990419,224.55503322050896
1789567651,10,,Aggregated,32.400000,0.000000,9,10,10,11,12,13,15,17,26,35,36,15985,0,9,9.438176731936547,2.5859679999484797,36.30505999990419,224.56897091022833
1789567652,10,,Aggregated,32.500000,0.000000,9,10,10,11,12,13,15,17,25,35,36,16016,0,9,9.43777052004272,2.5859679999484797,36.30505999990419,224.56343656343657
1789567653,10,,Aggregated,32.300000,0.000000,9,10,10,11,12,13,15,17,25,35,36,16048,0,9,9.439509115902672,2.5859679999484797,36.30505999990419,224.55527168494515
1789567654,10,,Aggregated,32.600000,0.000000,9,10,10,11,12,13,15,17,25,35,36,16083,0,9,9.43927951800067,2.5859679999484797,36.30505999990419,224.55928620282285
1789567655,10,,Aggregated,32.200000,0.000000,9,10,10,11,12,13,15,17,25,35,36,16116,0,9,9.437720221519193,2.5859679999484797,36.30505999990419,224.55026061057333
1789567656,10,,Aggregated,32.100000,0.000000,9,10,10,11,12,13,15,17,25,35,36,16146,0,9,9.43718114814834,2.5859679999484797,36.30505999990419,224.55437879350922
1789567657,10,,Aggregated,32.300000,0.000000,9,10,10,11,12,13,15,17,25,35,36,16179,0,9,9.436256026948648,2.5859679999484797,36.30505999990419,224.55955250633536
1789567658,10,,Aggregated,32.200000,0.000000,9,10,10,11,12,13,15,17,25,35,36,16211,0,9,9.437998958608572,2.5859679999484797,36.30505999990419,224.55511689593487
1789567659,10,,Aggregated,32.400000,0.000000,9,10,10,11,12,13,15,17,25,35,36,16249,0,9,9.436090295341653,2.5859679999484797,36.30505999990419,224.56064988614685
1789567660,10,,Aggregated,32.600000,0.000000,9,10,10,11,12,13,15,17,25,35,36,16280,0,9,9.435421575798824,2.5859679999484797,36.30505999990419,224.55780098280098
1789567661,10,,Aggregated,32.400000,0.000000,9,10,10,11,12,13,15,17,25,35,36,16316,0,9,9.43544886448912,2.5859679999484797,36.30505999990419,224.54400588379505
1789567662,10,,Aggregated,32.800000,0.000000,9,10,10,11,12,13,15,17,25,35,36,16347,0,9,9.435199280479896,2.5859679999484797,36.30505999990419,224.5520890683306
1789567663,10,,Aggregated,33.100000,0.000000,9,10,10,11,12,13,15,17,25,35,36,16381,0,9,9.435172935474599,2.5859679999484797,36.30505999990419,224.5608937183322
1789567664,10,,Aggregated,33.200000,0.000000,9,10,10,11,12,13,15,17,25,35,36,16411,0,9,9.435182620255286,2.5859679999484797,36.30505999990419,224.56858204862593
1789567665,10,,Aggregated,33.000000,0.000000,9,10,10,11,12,13,15,17,25,35,36,16447,0,9,9.434893223323957,2.5859679999484797,36.30505999990419,224.55718368091445
1789567666,10,,Aggregated,32.900000,0.000000,9,10,10,11,12,13,15,17,25,35,36,16481,0,9,9.436153287422409,2.5859679999484797,36.30505999990419,224.53522237728293
1789567667,10,,Aggregated,33.100000,0.000000,9,10,10,11,12,13,15,17,25,35,36,16516,0,9,9.43483690469901,2.5859679999484797,36.30505999990419,224.52603535965125
1789567668,10,,Aggregated,33.500000,0.000000,9,10,10,11,12,13,15,17,25,35,36,16554,0,9,9.434664791652233,2.5859679999484797,36.30505999990419,224.5236800773227
1789567669,10,,Aggregated,33.600000,0.000000,9,10,10,11,12,13,15,17,25,35,36,16584,0,9,9.434117188374813,2.5859679999484797,36.30505999990419,224.53636034732273
1789567670,10,,Aggregated,34.000000,0.000000,9,10,10,11,12,13,15,17,25,35,36,16614,0,9,9.43606226513836,2.5859679999484797,36.30505999990419,224.53503069700253
1789567671,10,,Aggregated,33.900000,0.000000,9,10,10,11,12,13,15,17,25,35,36,16646,0,9,9.43824435828469,2.5859679999484797,36.30505999990419,224.53051784212423
1789567672,10,,Aggregated,33.400000,0.000000,9,10,10,11,12,13,15,17,25,35,36,16678,0,9,9.438021042391613,2.5859679999484797,36.30505999990419,224.53429667825878
1789567673,10,,Aggregated,33.000000,0.000000,9,10,10,11,12,13,15,17,25,35,36,16710,0,9,9.438963465769318,2.5859679999484797,36.30505999990419,224.55176540993418
1789567674,10,,Aggregated,32.800000,0.000000,9,10,10,11,12,13,15,17,25,35,36,16742,0,9,9.438767543065786,2.5859679999484797,36.30505999990419,224.55005375701828
1789567675,10,,Aggregated,33.100000,0.000000,9,10,10,11,12,13,15,17,25,35,36,16775,0,9,9.43779562491839,2.5859679999484797,36.30505999990419,224.54909090909092
1789567676,10,,Aggregated,33.000000,0.000000,9,10,10,11,12,13,15,17,25,35,36,16808,0,9,9.438287954664602,2.5859679999484797,36.30505999990419,224.54652546406473
1789567677,10,,Aggregated,32.700000,0.000000,9,10,10,11,12,13,15,17,25,35,36,16837,0,9,9.438856298746789,2.5859679999484797,36.30505999990419,224.54944467541725
1789567678,10,,Aggregated,32.300000,0.000000,9,10,10,11,12,13,15,17,25,35,36,16873,0,9,9.439927955668754,2.5859679999484797,36.30505999990419,224.55236176139394
1789567679,10,,Aggregated,32.100000,0.000000,9,10,10,11,12,13,15,17,25,35,36,16905,0,9,9.440720936586548,2.5859679999484797,36.30505999990419,224.55817805383023
1789567680,10,,Aggregated,31.500000,0.000000,9,10,10,11,12,13,15,17,25,35,36,16934,0,9,9.440815095724137,2.5859679999484797,36.30505999990419,224.55066729656312
1789567681,10,,Aggregated,31.900000,0.000000,9,10,10,11,12,13,15,17,25,35,36,16964,0,9,9.44093012880177,2.5859679999484797,36.30505999990419,224.5518745578873
1789567682,10,,Aggregated,31.700000,0.000000,9,10,10,11,12,13,15,17,25,35,36,16997,0,9,9.440135072483251,2.5859679999484797,36.30505999990419,224.53809495793377
1789567683,10,,Aggregated,31.700000,0.000000,9,10,10,11,12,13,15,17,24,35,36,17030,0,9,9.439123881033288,2.5859679999484797,36.30505999990419,224.54544920728128
1789567684,10,,Aggregated,31.800000,0.000000,9,10,10,11,12,13,15,17,24,35,36,17062,0,9,9.438156511428875,2.5859679999484797,36.30505999990419,224.53838940335248
1789567685,10,,Aggregated,31.800000,0.000000,9,10,10,11,12,13,15,17,24,35,36,17094,0,9,9.43753220200077,2.5859679999484797,36.30505999990419,224.54200304200305
1789567686,10,,Aggregated,32.000000,0.000000,9,10,10,11,12,13,15,17,24,35,36,17132,0,9,9.436709820569725,2.5859679999484797,36.30505999990419,224.54436142890498
1789567687,10,,Aggregated,31.900000,0.000000,9,10,10,11,12,13,15,17,24,35,36,17167,0,9,9.437018318751141,2.5859679999484797,36.30505999990419,224.54354284382828
1789567688,10,,Aggregated,32.700000,0.000000,9,10,10,11,12,13,15,17,24,35,36,17205,0,9,9.437106887997455,2.5859679999484797,36.30505999990419,224.5514094739901
1789567689,10,,Aggregated,33.100000,0.000000,9,10,10,11,12,13,15,17,24,35,36,17240,0,9,9.436837527784128,2.5859679999484797,36.30505999990419,224.54280742459397
1789567690,10,,Aggregated,33.000000,0.000000,9,10,10,11,12,13,15,17,24,35,36,17270,0,9,9.43679130775879,2.5859679999484797,36.30505999990419,224.54962362478287
1789567691,10,,Aggregated,33.300000,0.000000,9,10,10,11,12,13,15,17,24,35,36,17303,0,9,9.438396680228498,2.5859679999484797,36.30505999990419,224.55701323469918
1789567692,10,,Aggregated,33.300000,0.000000,9,10,10,11,12,13,15,17,24,35,36,17333,0,9,9.43883126054303,2.5859679999484797,36.30505999990419,224.5506836669936
1789567693,10,,Aggregated,33.700000,0.000000,9,10,10,11,12,13,15,17,24,35,36,17365,0,9,9.438360315980113,2.5859679999484797,36.30505999990419,224.5413763317017
1789567694,10,,Aggregated,33.800000,0.000000,9,10,10,11,12,13,15,17,24,35,36,17401,0,9,9.437847019998424,2.5859679999484797,36.30505999990419,224.53657835756565
1789567695,10,,Aggregated,33.400000,0.000000,9,10,10,11,12,13,15,17,24,35,36,17432,0,9,9.438739461736546,2.5859679999484797,36.30505999990419,224.5211679669573
1789567696,10,,Aggregated,33.600000,0.000000,9,10,10,11,12,13,15,17,24,35,36,17466,0,9,9.438858776078789,2.5859679999484797,36.30505999990419,224.52152753921905
1789567697,10,,Aggregated,33.900000,0.000000,9,10,10,11,12,13,15,17,24,35,36,17495,0,9,9.439370151014199,2.5859679999484797,36.30505999990419,224.51174621320376
1789567698,10,,Aggregated,33.400000,0.000000,9,10,10,11,12,13,15,17,24,35,36,17529,0,9,9.439547857321612,2.5859679999484797,36.30505999990419,224.50145473215815
1789567699,10,,Aggregated,32.700000,0.000000,9,10,10,11,12,13,15,17,24,35,36,17564,0,9,9.438915329252433,2.5859679999484797,36.30505999990419,224.50062628102938
1789567700,10,,Aggregated,32.500000,0.000000,9,10,10,11,12,13,15,17,24,35,36,17601,0,9,9.43860587807447,2.5859679999484797,36.30505999990419,224.49957388784728
1789567701,10,,Aggregated,32.300000,0.000000,9,10,10,11,12,13,15,17,24,35,36,17634,0,9,9.439029627366759,2.5859679999484797,36.30505999990419,224.5045366904843
1789567702,10,,Aggregated,33.200000,0.000000,9,10,10,11,12,13,15,17,24,35,36,17669,0,9,9.440266732864597,2.5859679999484797,36.30505999990419,224.51383779500821
1789567703,10,,Aggregated,33.300000,0.000000,9,10,10,11,12,13,15,17,24,35,36,17704,0,9,9.440553490848458,2.5859679999484797,36.30505999990419,224.5184139177587
1789567704,10,,Aggregated,32.900000,0.000000,9,10,10,11,12,13,15,17,24,35,36,17732,0,9,9.440459288347554,2.5859679999484797,36.30505999990419,224.50986916309498
1789567705,10,,Aggregated,33.400000,0.000000,9,10,10,11,12,13,15,17,24,35,36,17764,0,9,9.440062702430547,2.5859679999484797,36.30505999990419,224.51086467011933
1789567706,10,,Aggregated,33.600000,0.000000,9,10,10,11,12,13,15,17,24,35,36,17792,0,9,9.440187501291364,2.5859679999484797,36.30505999990419,224.50522706834533
1789567707,10,,Aggregated,32.900000,0.000000,9,10,10,11,12,13,15,17,24,35,36,17821,0,9,9.440078597215301,2.5859679999484797,36.30505999990419,224.5083328657202
1789567708,10,,Aggregated,32.800000,0.000000,9,10,10,11,12,13,15,17,24,35,36,17855,0,9,9.439043048668418,2.5859679999484797,36.30505999990419,224.50114813777654
1789567709,10,,Aggregated,32.500000,0.000000,9,10,10,11,12,13,15,17,24,35,36,17887,0,9,9.440346506959115,2.5859679999484797,36.30505999990419,224.49494045955163
1789567710,10,,Aggregated,32.800000,0.000000,9,10,10,11,12,13,15,17,24,35,36,17919,0,9,9.439932818403769,2.5859679999484797,36.30505999990419,224.49595401529103
1789567711,10,,Aggregated,32.400000,0.000000,9,10,10,11,12,13,15,17,24,35,36,17952,0,9,9.440895780914571,2.5859679999484797,36.30505999990419,224.49782754010695
1789567712,10,,Aggregated,31.500000,0.000000,9,10,10,11,12,13,15,17,24,35,36,17982,0,9,9.440009196139435,2.5859679999484797,36.30505999990419,224.50155711266822
1789567713,10,,Aggregated,31.700000,0.000000,9,10,10,11,12,13,15,17,24,35,36,18018,0,9,9.439756934286759,2.5859679999484797,36.30505999990419,224.4993894993895
1789567714,10,,Aggregated,31.500000,0.000000,9,10,10,11,12,13,15,17,24,35,36,18049,0,9,9.438278225496205,2.5859679999484797,36.30505999990419,224.49709125159288
1789567715,10,,Aggregated,31.500000,0.000000,9,10,10,11,12,13,15,17,24,35,36,18081,0,9,9.438456950001726,2.5859679999484797,36.30505999990419,224.4956031192965
1789567716,10,,Aggregated,31.100000,0.000000,9,10,10,11,12,13,15,17,24,35,36,18113,0,9,9.437968841935763,2.5859679999484797,36.30505999990419,224.50930271076024
1789567717,10,,Aggregated,31.800000,0.000000,9,10,10,11,12,13,15,17,24,35,36,18147,0,9,9.439090243289963,2.5859679999484797,36.30505999990419,224.51270182399296
1789567718,10,,Aggregated,31.500000,0.000000,9,10,10,11,12,13,15,17,24,35,36,18183,0,9,9.438689530824618,2.5859679999484797,36.30505999990419,224.49777264477808
1789567719,10,,Aggregated,32.500000,0.000000,9,10,10,11,12,13,15,17,24,35,36,18217,0,9,9.438501162210168,2.5859679999484797,36.30505999990419,224.49607509469178
1789567720,10,,Aggregated,32.700000,0.000000,9,10,10,11,12,13,15,17,24,35,36,18247,0,9,9.438976869128092,2.5859679999484797,36.30505999990419,224.5076998958733
1789567721,10,,Aggregated,32.500000,0.000000,9,10,10,11,12,13,15,17,24,35,36,18279,0,9,9.437703821816353,2.5859679999484797,36.30505999990419,224.50834290716122
1789567722,10,,Aggregated,32.900000,0.000000,9,10,10,11,12,13,15,17,24,35,36,18309,0,9,9.43647244174895,2.5859679999484797,36.30505999990419,224.50974930362116
1789567723,10,,Aggregated,32.400000,0.000000,9,10,10,11,12,13,15,17,24,35,36,18339,0,9,9.437062803368615,2.5859679999484797,36.30505999990419,224.51627678717486
1789567724,10,,Aggregated,32.700000,0.000000,9,10,10,11,12,13,15,17,24,35,36,18373,0,9,9.438310069829566,2.5859679999484797,36.30505999990419,224.52925488488543
1789567725,10,,Aggregated,32.800000,0.000000,9,10,10,11,12,13,15,17,24,35,36,18413,0,9,9.439951741160012,2.5859679999484797,36.30505999990419,224.5260413838049
1789567726,10,,Aggregated,32.100000,0.000000,9,10,10,11,12,13,15,17,24,35,36,18446,0,9,9.442944338012548,2.5859679999484797,36.30505999990419,224.51577577794643
1789567727,10,,Aggregated,32.200000,0.000000,9,10,10,11,12,13,15,17,24,35,36,18477,0,9,9.442674562969168,2.5859679999484797,36.30505999990419,224.5179412242247
1789567728,10,,Aggregated,32.900000,0.000000,9,10,10,11,12,13,15,17,24,35,36,18512,0,9,9.443186219802312,2.5859679999484797,36.30505999990419,224.50740060501298
1789567729,10,,Aggregated,32.900000,0.000000,9,10,10,11,12,13,15,17,24,35,36,18541,0,9,9.443109975998183,2.5859679999484797,36.30505999990419,224.51043633029502
1789567730,10,,Aggregated,32.700000,0.000000,9,10,10,11,12,13,15,17,24,35,36,18574,0,9,9.443121608430118,2.5859679999484797,36.30505999990419,224.50285345106062
1789567731,10,,Aggregated,32.700000,0.000000,9,10,10,11,12,13,15,17,24,35,36,18607,0,9,9.442520503788007,2.5859679999484797,36.30505999990419,224.48825710754016
1789567732,10,,Aggregated,32.400000,0.000000,9,10,10,11,12,13,15,17,24,35,36,18639,0,9,9.441724253392655,2.5859679999484797,36.30505999990419,224.4966468158163
1789567733,10,,Aggregated,32.900000,0.000000,9,10,10,11,12,13,15,17,24,35,36,18667,0,9,9.441172970428235,2.5859679999484797,36.30505999990419,224.48850913376546
1789567734,10,,Aggregated,32.700000,0.000000,9,10,10,11,12,13,15,17,24,35,36,18702,0,9,9.442444973638137,2.5859679999484797,36.30505999990419,224.48759490963533
1789567735,10,,Aggregated,32.400000,0.000000,9,10,10,11,12,13,15,17,24,35,36,18735,0,9,9.442287533438934,2.5859679999484797,36.30505999990419,224.4870029356819
1789567736,10,,Aggregated,32.900000,0.000000,9,10,10,11,12,13,15,17,24,35,36,18765,0,9,9.442927237995384,2.5859679999484797,36.30505999990419,224.48329336530776
1789567737,10,,Aggregated,32.700000,0.000000,9,10,10,11,12,13,15,17,24,35,36,18792,0,9,9.442397786770048,2.5859679999484797,36.30505999990419,224.4791932737335
1789567738,10,,Aggregated,32.200000,0.000000,9,10,10,11,12,13,15,17,24,35,36,18829,0,9,9.443373228582656,2.5859679999484797,36.30505999990419,224.48754580699983
1789567739,10,,Aggregated,31.800000,0.000000,9,10,10,11,12,13,15,17,24,35,36,18860,0,9,9.442042350211237,2.5859679999484797,36.30505999990419,224.48987274655354
1789567740,10,,Aggregated,31.100000,0.000000,9,10,10,11,12,13,15,17,24,35,36,18891,0,9,9.441037522470276,2.5859679999484797,36.30505999990419,224.49732676936108
1789567741,10,,Aggregated,31.800000,0.000000,9,10,10,11,12,13,15,17,24,35,36,18925,0,9,9.441740695058618,2.5859679999484797,36.30505999990419,224.4933685601057
1789567742,10,,Aggregated,31.800000,0.000000,9,10,10,11,12,13,15,17,24,35,36,18956,0,9,9.442852476101931,2.5859679999484797,36.30505999990419,224.49351128930155
1789567743,10,,Aggregated,31.300000,0.000000,9,10,10,11,12,13,15,17,24,35,36,18987,0,9,9.442979908989875,2.5859679999484797,36.30505999990419,224.49354821720124
1789567744,10,,Aggregated,31.600000,0.000000,9,10,10,11,12,13,15,17,24,35,36,19017,0,9,9.442522738338939,2.5859679999484797,36.30505999990419,224.48772151233106
1789567745,10,,Aggregated,32.000000,0.000000,9,10,10,11,12,13,15,17,24,35,36,19048,0,9,9.44347082559785,2.5859679999484797,36.30505999990419,224.49238765224695
1789567746,10,,Aggregated,32.000000,0.000000,9,10,10,11,12,13,15,17,24,35,36,19082,0,9,9.443438910595745,2.5859679999484797,36.30505999990419,224.48370191803795
1789567747,10,,Aggregated,31.300000,0.000000,9,10,10,11,12,13,15,17,24,35,36,19113,0,9,9.444362144037251,2.5859679999484797,36.30505999990419,224.4861612515042
1789567748,10,,Aggregated,31.600000,0.000000,9,10,10,11,12,13,15,17,24,35,36,19145,0,9,9.444868497779286,2.5859679999484797,36.30505999990419,224.48963175763907
1789567749,10,,Aggregated,31.500000,0.000000,9,10,10,11,12,13,15,17,24,35,36,19176,0,9,9.444222021693035,2.5859679999484797,36.30505999990419,224.48002711722987
1789567750,10,,Aggregated,32.100000,0.000000,9,10,10,11,12,13,15,17,24,35,36,19210,0,9,9.445039645392114,2.5859679999484797,36.30505999990419,224.46902654867256
1789567751,10,,Aggregated,31.500000,0.000000,9,10,10,11,12,13,15,17,24,35,36,19237,0,9,9.445589623329091,2.5859679999484797,36.30505999990419,224.46524925924
1789567752,10,,Aggregated,31.900000,0.000000,9,10,10,11,12,13,15,17,24,35,36,19269,0,9,9.446619429393333,2.5859679999484797,36.30505999990419,224.4688359541232
1789567753,10,,Aggregated,31.900000,0.000000,9,10,10,11,12,13,15,17,24,35,36,19303,0,9,9.446982456456622,2.5859679999484797,36.30505999990419,224.4624669740455
1789567754,10,,Aggregated,31.300000,0.000000,9,10,10,11,12,13,15,17,24,35,36,19335,0,9,9.446518552572279,2.5859679999484797,36.30505999990419,224.45642617015775
1789567755,10,,Aggregated,31.100000,0.000000,9,10,10,11,12,13,15,17,24,35,36,19364,0,9,9.445737453727814,2.5859679999484797,36.30505999990419,224.45228258624252
1789567756,10,,Aggregated,31.500000,0.000000,9,10,10,11,12,13,15,17,24,35,36,19396,0,9,9.447058255155069,2.5859679999484797,36.30505999990419,224.4507114869045
1789567757,10,,Aggregated,31.800000,0.000000,9,10,10,11,12,13,15,17,24,35,36,19428,0,9,9.446771149319966,2.5859679999484797,36.30505999990419,224.4611385628989
1789567758,10,,Aggregated,31.500000,0.000000,9,10,10,11,12,13,15,17,24,35,36,19459,0,9,9.446687975846078,2.5859679999484797,36.30505999990419,224.46138033814688
1789567759,10,,Aggregated,31.500000,0.000000,9,10,10,11,12,13,15,17,24,35,36,19490,0,9,9.446471214724925,2.5859679999484797,36.30505999990419,224.4706003078502
1789567760,10,,Aggregated,31.300000,0.000000,9,10,10,11,12,13,15,17,24,35,36,19523,0,9,9.44683792603514,2.5859679999484797,36.30505999990419,224.45879219382266
1789567761,10,,Aggregated,31.300000,0.000000,9,10,10,11,12,13,15,17,24,35,36,19559,0,9,9.446869366786961,2.5859679999484797,36.30505999990419,224.4590214223631
1789567762,10,,Aggregated,31.300000,0.000000,9,10,10,11,12,13,15,17,24,35,36,19590,0,9,9.447364256711875,2.5859679999484797,36.30505999990419,224.463910158244
1789567763,10,,Aggregated,31.300000,0.000000,9,10,10,11,12,13,15,17,24,35,36,19625,0,9,9.448072555413276,2.5859679999484797,36.30505999990419,224.4584458598726
1789567764,10,,Aggregated,32.200000,0.000000,9,10,10,11,12,13,15,17,24,35,36,19657,0,9,9.447308509843243,2.5859679999484797,36.30505999990419,224.44335351274356
1789567765,10,,Aggregated,31.800000,0.000000,9,10,10,11,12,13,15,17,24,35,36,19692,0,9,9.448619684846028,2.5859679999484797,36.30505999990419,224.44063579118423
1789567766,10,,Aggregated,31.700000,0.000000,9,10,10,11,12,13,15,17,24,35,36,19726,0,9,9.448438417722258,2.5859679999484797,36.30505999990419,224.43673324546285
1789567767,10,,Aggregated,32.100000,0.000000,9,10,10,11,12,13,15,17,24,35,36,19757,0,9,9.44843138993715,2.5859679999484797,36.30505999990419,224.4414131700157
1789567768,10,,Aggregated,32.500000,0.000000,9,10,10,11,12,13,15,17,24,35,36,19791,0,9,9.4487503805765,2.5859679999484797,36.30505999990419,224.45116467080996
1789567769,10,,Aggregated,32.900000,0.000000,9,10,10,11,12,13,15,17,24,35,36,19823,0,9,9.448742471371085,2.5859679999484797,36.30505999990419,224.46375422489027
1789567770,10,,Aggregated,33.100000,0.000000,9,10,10,11,12,13,15,17,24,35,36,19856,0,9,9.447360345285341,2.5859679999484797,36.30505999990419,224.47718573730862
1789567771,10,,Aggregated,33.000000,0.000000,9,10,10,11,12,13,15,17,24,35,36,19893,0,9,9.448485001256147,2.5859679999484797,36.30505999990419,224.4760971195898
1789567772,10,,Aggregated,33.000000,0.000000,9,10,10,11,12,13,15,17,24,35,36,19922,0,9,9.4491950390518,2.5859679999484797,36.30505999990419,224.47645818692902
1789567773,10,,Aggregated,33.000000,0.000000,9,10,10,11,12,13,15,17,24,35,36,19954,0,9,9.448614373007237,2.5859679999484797,36.30505999990419,224.48185827403026
1789567774,10,,Aggregated,33.000000,0.000000,9,10,10,11,12,13,15,17,24,35,36,19988,0,9,9.447177290023122,2.5859679999484797,36.30505999990419,224.4823394036422
1789567775,10,,Aggregated,33.200000,0.000000,9,10,10,11,12,13,15,17,24,31,36,20025,0,9,9.447471047689614,2.5859679999484797,36.30505999990419,224.47230961298376
1789567776,10,,Aggregated,33.000000,0.000000,9,10,10,11,12,13,15,17,24,31,36,20058,0,9,9.44676810928225,2.5859679999484797,36.30505999990419,224.47417489281085
1789567777,10,,Aggregated,33.000000,0.000000,9,10,10,11,12,13,15,17,24,31,36,20092,0,9,9.446746946296203,2.5859679999484797,36.30505999990419,224.4746167628907
1789567778,10,,Aggregated,33.200000,0.000000,9,10,10,11,12,13,15,17,24,31,36,20129,0,9,9.447239845297018,2.5859679999484797,36.30505999990419,224.47558249292067
1789567779,10,,Aggregated,33.000000,0.000000,9,10,10,11,12,13,15,17,24,31,36,20158,0,9,9.447541110377154,2.5859679999484797,36.30505999990419,224.47842047822203
1789567780,10,,Aggregated,33.500000,0.000000,9,10,10,11,12,13,15,17,24,31,36,20190,0,9,9.447345792371726,2.5859679999484797,36.30505999990419,224.4777117384844
1789567781,10,,Aggregated,33.600000,0.000000,9,10,10,11,12,13,15,17,24,31,36,20225,0,9,9.447682592434388,2.5859679999484797,36.30505999990419,224.4703584672435
1789567782,10,,Aggregated,33.300000,0.000000,9,10,10,11,12,13,15,17,24,31,36,20260,0,9,9.447154416830463,2.5859679999484797,36.30505999990419,224.46989141164858
1789567783,10,,Aggregated,33.400000,0.000000,9,10,10,11,12,13,15,17,24,31,36,20290,0,9,9.447094011187023,2.5859679999484797,36.30505999990419,224.46456382454411
1789567784,10,,Aggregated,33.600000,0.000000,9,10,10,11,12,13,15,17,24,31,36,20327,0,9,9.446513805627157,2.5859679999484797,36.30505999990419,224.47247503320708
1789567785,10,,Aggregated,34.000000,0.000000,9,10,10,11,12,13,15,17,24,31,36,20363,0,9,9.446668597406367,2.5859679999484797,36.30505999990419,224.47065756519177
1789567786,10,,Aggregated,33.800000,0.000000,9,10,10,11,12,13,15,17,24,31,36,20394,0,9,9.446615665734278,2.5859679999484797,36.30505999990419,224.47533588310287
1789567787,10,,Aggregated,33.500000,0.000000,9,10,10,11,12,13,15,17,24,31,36,20426,0,9,9.446676333887401,2.5859679999484797,36.30505999990419,224.48306080485656
1789567788,10,,Aggregated,33.700000,0.000000,9,10,10,11,12,13,15,17,24,31,36,20463,0,9,9.446599479156761,2.5859679999484797,36.30505999990419,224.48003714020427
1789567789,10,,Aggregated,33.500000,0.000000,9,10,10,11,12,13,15,17,24,31,36,20493,0,9,9.445861799442923,2.5859679999484797,36.30505999990419,224.48797150246426
1789567790,10,,Aggregated,33.100000,0.000000,9,10,10,11,12,13,15,17,24,31,36,20526,0,9,9.4447943579356,2.5859679999484797,36.30505999990419,224.4788560849654
1789567791,10,,Aggregated,33.500000,0.000000,9,10,10,11,12,13,15,17,24,31,36,20558,0,9,9.445400975677975,2.5859679999484797,36.30505999990419,224.46867399552485
1789567792,10,,Aggregated,33.700000,0.000000,9,10,10,11,12,13,15,17,24,31,36,20590,0,9,9.444872776735801,2.5859679999484797,36.30505999990419,224.4583292860612
1789567793,10,,Aggregated,33.500000,0.000000,9,10,10,11,12,13,15,17,24,31,36,20623,0,9,9.446706263928274,2.5859679999484797,36.30505999990419,224.45381370314698
1789567794,10,,Aggregated,33.000000,0.000000,9,10,10,11,12,13,15,17,24,31,36,20659,0,9,9.445470548961344,2.5859679999484797,36.30505999990419,224.44982816206013
1789567795,10,,Aggregated,32.600000,0.000000,9,10,10,11,12,13,15,17,24,31,36,20688,0,9,9.44631803016199,2.5859679999484797,36.30505999990419,224.4395784996133
1789567796,10,,Aggregated,33.000000,0.000000,9,10,10,11,12,13,15,17,24,31,36,20720,0,9,9.4472505987448,2.5859679999484797,36.30505999990419,224.42741312741313
1789567797,10,,Aggregated,33.600000,0.000000,9,10,10,11,12,13,15,17,24,31,36,20751,0,9,9.446909258059451,2.5859679999484797,36.30505999990419,224.42740108910414
1789567798,10,,Aggregated,32.400000,0.000000,9,10,10,11,12,13,15,17,24,31,36,20780,0,9,9.44659889215543,2.5859679999484797,36.30505999990419,224.4169874879692
1789567799,10,,Aggregated,32.400000,0.000000,9,10,10,11,12,13,15,17,24,31,36,20813,0,9,9.44673944164647,2.5859679999484797,36.30505999990419,224.41012828520635
1789567800,10,,Aggregated,32.100000,0.000000,9,10,10,11,12,13,15,17,24,31,36,20846,0,9,9.446346800920544,2.5859679999484797,36.30505999990419,224.41226134510217
1789567801,10,,Aggregated,31.500000,0.000000,9,10,10,11,12,13,15,17,24,31,36,20880,0,9,9.447017946694922,2.5859679999484797,36.30505999990419,224.41748084291189
1789567802,10,,Aggregated,31.600000,0.000000,9,10,10,11,12,13,15,17,24,31,36,20909,0,9,9.447314389592401,2.5859679999484797,36.30505999990419,224.40934525802285
1789567803,10,,Aggregated,31.400000,0.000000,9,10,10,11,12,13,15,17,24,31,36,20946,0,9,9.4465412600012,2.5859679999484797,36.30505999990419,224.4107228110379
1789567804,10,,Aggregated,31.900000,0.000000,9,10,10,11,12,13,15,17,24,31,36,20973,0,9,9.445716023791878,2.5859679999484797,36.30505999990419,224.4135793639441
1789567805,10,,Aggregated,32.000000,0.000000,9,10,10,11,12,13,15,17,24,31,36,21010,0,9,9.446372340789516,2.5859679999484797,36.30505999990419,224.41694431223226
1789567806,10,,Aggregated,32.000000,0.000000,9,10,10,11,12,13,15,17,24,31,36,21043,0,9,9.4469425171786,2.5859679999484797,36.30505999990419,224.40583566981894
1789567807,10,,Aggregated,31.200000,0.000000,9,10,10,11,12,13,15,17,24,31,36,21069,0,9,9.446799713132588,2.5859679999484797,36.30505999990419,224.40362618064455
1789567808,10,,Aggregated,31.900000,0.000000,9,10,10,11,12,13,15,17,24,31,36,21100,0,9,9.447154960473528,2.5859679999484797,36.30505999990419,224.40379146919432
1789567809,10,,Aggregated,32.100000,0.000000,9,10,10,11,12,13,15,17,24,31,36,21131,0,9,9.446498869149249,2.5859679999484797,36.30505999990419,224.39988642279116
1789567810,10,,Aggregated,31.800000,0.000000,9,10,10,11,12,13,15,17,24,31,36,21160,0,9,9.446283239319213,2.5859679999484797,36.30505999990419,224.40037807183364
1789567811,10,,Aggregated,32.100000,0.000000,9,10,10,11,12,13,15,17,24,31,36,21193,0,9,9.445943759118316,2.5859679999484797,36.30505999990419,224.41093757372718
1789567812,10,,Aggregated,31.500000,0.000000,9,10,10,11,12,13,15,17,24,31,36,21228,0,9,9.44521398704527,2.5859679999484797,36.30505999990419,224.41497079329187
1789567813,10,,Aggregated,31.800000,0.000000,9,10,10,11,12,13,15,17,24,31,36,21259,0,9,9.445655529328647,2.5859679999484797,36.30505999990419,224.41267227997554
1789567814,10,,Aggregated,31.300000,0.000000,9,10,10,11,12,13,15,17,24,31,36,21295,0,9,9.446696546043711,2.5859679999484797,36.30505999990419,224.42164827424278
1789567815,10,,Aggregated,31.600000,0.000000,9,10,10,11,12,13,15,17,24,31,36,21325,0,9,9.446586891348266,2.5859679999484797,36.30505999990419,224.4187573270809
1789567816,10,,Aggregated,31.200000,0.000000,9,10,10,11,12,13,15,17,24,31,36,21358,0,9,9.44645515642855,2.5859679999484797,36.30505999990419,224.42906639198426
1789567817,10,,Aggregated,31.600000,0.000000,9,10,10,11,12,13,15,17,24,31,36,21388,0,9,9.446762129091107,2.5859679999484797,36.30505999990419,224.43903123246682
1789567818,10,,Aggregated,31.400000,0.000000,9,10,10,11,12,13,15,17,24,31,36,21420,0,9,9.447868692343608,2.5859679999484797,36.30505999990419,224.45490196078433
1789567819,10,,Aggregated,31.400000,0.000000,9,10,10,11,12,13,15,17,24,31,36,21456,0,9,9.446277382224014,2.5859679999484797,36.30505999990419,224.45320656226696
1789567820,10,,Aggregated,31.900000,0.000000,9,10,10,11,12,13,15,17,24,31,36,21490,0,9,9.446231274499599,2.5859679999484797,36.30505999990419,224.4515123313169
1789567821,10,,Aggregated,32.000000,0.000000,9,10,10,11,12,13,15,17,24,31,36,21527,0,9,9.4454580727456,2.5859679999484797,36.30505999990419,224.45487062758397
1789567822,10,,Aggregated,32.600000,0.000000,9,10,10,11,12,13,15,17,24,31,36,21559,0,9,9.446324218052741,2.5859679999484797,36.30505999990419,224.44960341388747
1789567823,10,,Aggregated,33.300000,0.000000,9,10,10,11,12,13,15,17,24,31,36,21590,0,9,9.446829826725425,2.5859679999484797,36.30505999990419,224.44766095414545
1789567824,10,,Aggregated,33.200000,0.000000,9,10,10,11,12,13,15,17,24,31,36,21623,0,9,9.44653006960197,2.5859679999484797,36.30505999990419,224.45372982472367
1789567825,10,,Aggregated,33.100000,0.000000,9,10,10,11,12,13,15,17,24,31,36,21654,0,9,9.44685770171817,2.5859679999484797,36.30505999990419,224.46005356977926
1789567826,10,,Aggregated,33.200000,0.000000,9,10,10,11,12,13,15,17,24,31,36,21689,0,9,9.4477198925264,2.5859679999484797,36.30505999990419,224.4636912720734
1789567827,10,,Aggregated,33.100000,0.000000,9,10,10,11,12,13,15,17,24,31,36,21722,0,9,9.447255438863971,2.5859679999484797,36.30505999990419,224.47491022926064
1789567828,10,,Aggregated,33.200000,0.000000,9,10,10,11,12,13,15,17,24,31,36,21753,0,9,9.44805450379267,2.5859679999484797,36.30505999990419,224.47708362065003
1789567829,10,,Aggregated,33.200000,0.000000,9,10,10,11,12,13,15,17,24,31,36,21783,0,9,9.448556351558711,2.5859679999484797,36.30505999990419,224.4698159114906
1789567830,10,,Aggregated,33.300000,0.000000,9,10,10,11,12,13,15,17,24,31,36,21819,0,9,9.450098935836014,2.5859679999484797,36.30505999990419,224.4722031257161
1789567831,10,,Aggregated,33.200000,0.000000,9,10,10,11,12,13,15,17,24,31,36,21846,0,9,9.450291526961786,2.5859679999484797,36.30505999990419,224.46630962189874
1789567832,10,,Aggregated,33.100000,0.000000,9,10,10,11,12,13,15,17,24,31,36,21879,0,9,9.449495373097944,2.5859679999484797,36.30505999990419,224.46620046620046
1789567833,10,,Aggregated,32.200000,0.000000,9,10,10,11,12,13,15,17,24,31,36,21908,0,9,9.448674610325318,2.5859679999484797,36.30505999990419,224.45179842979732
1789567834,10,,Aggregated,31.800000,0.000000,9,10,10,11,12,13,15,17,24,31,36,21932,0,9,9.449639434388407,2.5859679999484797,36.30505999990419,224.45385737734816
1789567835,10,,Aggregated,31.900000,0.000000,9,10,10,11,12,13,15,17,24,31,36,21968,0,9,9.449661234432133,2.5859679999484797,36.30505999990419,224.4480152949745
1789567836,10,,Aggregated,31.600000,0.000000,9,10,10,11,12,13,15,17,24,31,36,21998,0,9,9.449921561142126,2.5859679999484797,36.30505999990419,224.4514046731521
1789567837,10,,Aggregated,30.900000,0.000000,9,10,10,11,12,13,15,17,24,31,36,22032,0,9,9.451044440904372,2.5859679999484797,36.30505999990419,224.46046659404502
1789567838,10,,Aggregated,31.000000,0.000000,9,10,10,11,12,13,15,17,24,31,36,22064,0,9,9.452043454904112,2.5859679999484797,36.30505999990419,224.4635152284264
1789567839,10,,Aggregated,30.800000,0.000000,9,10,10,11,12,13,15,17,24,31,36,22098,0,9,9.450562244456712,2.5859679999484797,36.30505999990419,224.4577789845235
1789567840,10,,Aggregated,31.100000,0.000000,9,10,10,11,12,13,15,17,24,31,36,22135,0,9,9.450561168014712,2.5859679999484797,36.30505999990419,224.456697537836
1789567841,10,,Aggregated,30.900000,0.000000,9,10,10,11,12,13,15,17,24,31,36,22169,0,9,9.450527738914994,2.5859679999484797,36.30505999990419,224.44873471965357
1789567842,10,,Aggregated,31.300000,0.000000,9,10,10,11,12,13,15,17,24,31,36,22202,0,9,9.451054253671114,2.5859679999484797,36.30505999990419,224.44644626610216
1789567843,10,,Aggregated,31.600000,0.000000,9,10,10,11,12,13,15,17,24,31,36,22237,0,9,9.45184365202179,2.5859679999484797,36.30505999990419,224.4458784908036
1789567844,10,,Aggregated,32.500000,0.000000,9,10,10,11,12,13,15,17,24,31,36,22272,0,9,9.450947720276904,2.5859679999484797,36.30505999990419,224.4329202586207
1789567845,10,,Aggregated,32.200000,0.000000,9,10,10,11,12,13,15,17,24,31,36,22308,0,9,9.450911474448823,2.5859679999484797,36.30505999990419,224.42531827147212
1789567846,10,,Aggregated,32.800000,0.000000,9,10,10,11,12,13,15,17,24,31,36,22342,0,9,9.450975611180919,2.5859679999484797,36.30505999990419,224.42395488317968
1789567847,10,,Aggregated,33.900000,0.000000,9,10,10,11,12,13,15,17,24,31,36,22377,0,9,9.451299756446678,2.5859679999484797,36.30505999990419,224.42512401126157
1789567848,10,,Aggregated,33.900000,0.000000,9,10,10,11,12,13,15,17,24,31,36,22409,0,9,9.451799931411827,2.5859679999484797,36.30505999990419,224.42603418269445
1789567849,10,,Aggregated,34.200000,0.000000,9,10,10,11,12,13,15,17,24,31,36,22448,0,9,9.451716992160087,2.5859679999484797,36.30505999990419,224.41691910192444
1789567850,10,,Aggregated,34.200000,0.000000,9,10,10,11,12,13,15,17,24,31,36,22475,0,9,9.451891748787885,2.5859679999484797,36.30505999990419,224.41192436040043
1789567851,10,,Aggregated,34.400000,0.000000,9,10,10,11,12,13,15,17,24,31,36,22505,0,9,9.453391368229566,2.5859679999484797,36.30505999990419,224.40533214841147
1789567852,10,,Aggregated,34.500000,0.000000,9,10,10,11,12,13,15,17,24,31,36,22541,0,9,9.453026090768171,2.5859679999484797,36.30505999990419,224.40774588527572
1789567853,10,,Aggregated,34.100000,0.000000,9,10,10,11,12,13,15,17,24,31,36,22576,0,9,9.454320515237535,2.5859679999484797,36.30505999990419,224.41136605244506
1789567854,10,,Aggregated,33.400000,0.000000,9,10,10,11,12,13,15,17,24,31,36,22610,0,9,9.452920574215028,2.5859679999484797,36.30505999990419,224.4122954444936
1789567855,10,,Aggregated,33.800000,0.000000,9,10,10,11,12,13,15,17,24,31,36,22639,0,9,9.452622609125816,2.5859679999484797,36.30505999990419,224.41684703387958
1789567856,10,,Aggregated,33.900000,0.000000,9,10,10,11,12,13,15,17,24,31,36,22672,0,9,9.452679020994836,2.5859679999484797,36.30505999990419,224.41284403669724
1789567858,10,,Aggregated,33.600000,0.000000,9,10,10,11,12,13,15,17,24,31,36,22705,0,9,9.45383156868505,2.5859679999484797,36.30505999990419,224.4144902003964
1789567859,10,,Aggregated,33.200000,0.000000,9,10,10,11,12,13,15,17,24,31,36,22738,0,9,9.45313158650696,2.5859679999484797,36.30505999990419,224.41811065177237
1789567860,10,,Aggregated,33.000000,0.000000,9,10,10,11,12,13,15,17,24,31,36,22771,0,9,9.454239759737856,2.5859679999484797,36.30505999990419,224.41785604496948
1789567861,10,,Aggregated,32.700000,0.000000,9,10,10,11,12,13,15,17,24,31,36,22800,0,9,9.453870622236419,2.5859679999484797,36.30505999990419,224.42399122807018
1789567862,10,,Aggregated,32.800000,0.000000,9,10,10,11,12,13,15,17,24,31,36,22834,0,9,9.454289789042267,2.5859679999484797,36.30505999990419,224.42064465271088
1789567863,10,,Aggregated,32.300000,0.000000,9,10,10,11,12,13,15,17,24,31,36,22867,0,9,9.45426831158406,2.5859679999484797,36.30505999990419,224.41260331482047
1789567864,10,,Aggregated,32.800000,0.000000,9,10,10,11,12,13,15,17,24,31,36,22899,0,9,9.454174062491353,2.5859679999484797,36.30505999990419,224.41560766845714
1789567865,10,,Aggregated,32.800000,0.000000,9,10,10,11,12,13,15,17,24,31,36,22932,0,9,9.453542855092767,2.5859679999484797,36.30505999990419,224.41732077446363
1789567866,10,,Aggregated,32.500000,0.000000,9,10,10,11,12,13,15,17,24,31,36,22962,0,9,9.4535979568847,2.5859679999484797,36.30505999990419,224.42248062015503
1789567867,10,,Aggregated,32.100000,0.000000,9,10,10,11,12,13,15,17,24,31,36,22996,0,9,9.453876955426503,2.5859679999484797,36.30505999990419,224.42320403548445
1789567868,10,,Aggregated,32.100000,0.000000,9,10,10,11,12,13,15,17,23,31,36,23029,0,9,9.454142063658269,2.5859679999484797,36.30505999990419,224.42485561683094
1789567869,10,,Aggregated,32.400000,0.000000,9,10,10,11,12,13,15,17,23,31,36,23059,0,9,9.454339866602416,2.5859679999484797,36.30505999990419,224.42183095537536
1789567870,10,,Aggregated,32.400000,0.000000,9,10,10,11,12,13,15,17,23,31,36,23091,0,9,9.453990857346344,2.5859679999484797,36.30505999990419,224.4228054220259
1789567871,10,,Aggregated,32.400000,0.000000,9,10,10,11,12,13,15,17,23,31,36,23123,0,9,9.454326166975978,2.5859679999484797,36.30505999990419,224.41997145699088
1789567872,10,,Aggregated,31.900000,0.000000,9,10,10,11,12,13,15,17,23,31,36,23156,0,9,9.454466073025882,2.5859679999484797,36.30505999990419,224.41168595612368
1789567873,10,,Aggregated,31.900000,0.000000,9,10,10,11,12,13,15,17,23,31,36,23188,0,9,9.453800443634092,2.5859679999484797,36.30505999990419,224.41081593927893
1789567874,10,,Aggregated,32.200000,0.000000,9,10,10,11,12,13,15,17,23,31,36,23217,0,9,9.453801768057225,2.5859679999484797,36.30505999990419,224.4051772408149
1789567875,10,,Aggregated,32.200000,0.000000,9,10,10,11,12,13,15,17,23,31,36,23248,0,9,9.452633804197514,2.5859679999484797,36.30505999990419,224.40343255333792
1789567876,10,,Aggregated,31.800000,0.000000,9,10,10,11,12,13,15,17,23,31,36,23284,0,9,9.453641078422004,2.5859679999484797,36.30505999990419,224.40564336024738
1789567877,10,,Aggregated,31.600000,0.000000,9,10,10,11,12,13,15,17,23,31,36,23315,0,9,9.454220313230982,2.5859679999484797,36.30505999990419,224.40965043963115
1789567878,10,,Aggregated,32.100000,0.000000,9,10,10,11,12,13,15,17,23,31,36,23343,0,9,9.453099051920592,2.5859679999484797,36.30505999990419,224.41708435076896
1789567879,10,,Aggregated,31.700000,0.000000,9,10,10,11,12,13,15,17,23,31,36,23377,0,9,9.453648000940428,2.5859679999484797,36.30505999990419,224.41185780895754
1789567880,10,,Aggregated,31.700000,0.000000,9,10,10,11,12,13,15,17,23,31,36,23406,0,9,9.452911332606428,2.5859679999484797,36.30505999990419,224.41045031188585
1789567881,10,,Aggregated,31.300000,0.000000,9,10,10,11,12,13,15,17,23,31,36,23440,0,9,9.451712974316802,2.5859679999484797,36.30505999990419,224.4090443686007
1789567882,10,,Aggregated,31.600000,0.000000,9,10,10,11,12,13,15,17,23,31,36,23471,0,9,9.451901407054864,2.5859679999484797,36.30505999990419,224.39789527502023
1789567883,10,,Aggregated,31.700000,0.000000,9,10,10,11,12,13,15,17,23,31,36,23504,0,9,9.45214422847106,2.5859679999484797,36.30505999990419,224.3878063308373
1789567884,10,,Aggregated,31.300000,0.000000,9,10,10,11,12,13,15,17,23,31,36,23534,0,9,9.452643316562694,2.5859679999484797,36.30505999990419,224.38297781932522
1789567885,10,,Aggregated,31.500000,0.000000,9,10,10,11,12,13,15,17,23,31,36,23569,0,9,9.451341688658138,2.5859679999484797,36.30505999990419,224.38079680936823
1789567886,10,,Aggregated,31.300000,0.000000,9,10,10,11,12,13,15,17,23,31,36,23600,0,9,9.452794461185754,2.5859679999484797,36.30505999990419,224.38516949152543
1789567887,10,,Aggregated,31.800000,0.000000,9,10,10,11,12,13,15,17,23,31,36,23630,0,9,9.452408630384506,2.5859679999484797,36.30505999990419,224.38650021159543
1789567888,10,,Aggregated,31.300000,0.000000,9,10,10,11,12,13,15,17,23,31,36,23661,0,9,9.45244202531538,2.5859679999484797,36.30505999990419,224.38278179282364
1789567889,10,,Aggregated,31.600000,0.000000,9,10,10,11,12,13,15,17,23,31,36,23697,0,9,9.453482936995687,2.5859679999484797,36.30505999990419,224.38127189095667
1789567890,10,,Aggregated,31.600000,0.000000,9,10,10,11,12,13,15,17,23,31,36,23725,0,9,9.453737382422924,2.5859679999484797,36.30505999990419,224.38280295047417
1789567891,10,,Aggregated,32.000000,0.000000,9,10,10,11,12,13,15,17,23,31,36,23759,0,9,9.45377819979733,2.5859679999484797,36.30505999990419,224.3813712698346
1789567892,10,,Aggregated,31.700000,0.000000,9,10,10,11,12,13,15,17,23,31,36,23792,0,9,9.456092621342902,2.5859679999484797,36.30505999990419,224.38328009414928
1789567893,10,,Aggregated,31.400000,0.000000,9,10,10,11,12,13,15,17,23,31,36,23825,0,9,9.456868538803466,2.5859679999484797,36.30505999990419,224.38669464847848
1789567894,10,,Aggregated,32.000000,0.000000,9,10,10,11,12,13,15,17,23,31,36,23858,0,9,9.456662906613841,2.5859679999484797,36.30505999990419,224.3826389471037
1789567895,10,,Aggregated,31.800000,0.000000,9,10,10,11,12,13,15,17,23,31,36,23889,0,9,9.456304721461471,2.5859679999484797,36.30505999990419,224.3923981748922
1789567896,10,,Aggregated,32.600000,0.000000,9,10,10,11,12,13,15,17,23,31,36,23919,0,9,9.456479287971693,2.5859679999484797,36.30505999990419,224.3993896065889
1789567897,10,,Aggregated,32.000000,0.000000,9,10,10,11,12,13,15,17,23,31,36,23951,0,9,9.456672034570401,2.5859679999484797,36.30505999990419,224.3985219823807
1789567898,10,,Aggregated,31.900000,0.000000,9,10,10,11,12,13,15,17,23,31,36,23983,0,9,9.456305339031706,2.5859679999484797,36.30505999990419,224.40145102781136
1789567899,10,,Aggregated,31.800000,0.000000,9,10,10,11,12,13,15,17,23,31,36,24013,0,9,9.456297458460021,2.5859679999484797,36.30505999990419,224.40469745554492
1789567900,10,,Aggregated,32.000000,0.000000,9,10,10,11,12,13,15,17,23,31,36,24045,0,9,9.455816848118005,2.5859679999484797,36.30505999990419,224.39991682262425
1789567901,10,,Aggregated,31.500000,0.000000,9,10,10,11,12,13,15,17,23,31,36,24079,0,9,9.456685634453114,2.5859679999484797,36.30505999990419,224.40063956144357
1789567902,10,,Aggregated,31.900000,0.000000,9,10,10,11,12,13,15,17,23,31,36,24107,0,9,9.455386881693997,2.5859679999484797,36.30505999990419,224.40602314680385
1789567903,10,,Aggregated,31.700000,0.000000,9,10,10,11,12,13,15,17,23,31,36,24139,0,9,9.455199737727263,2.5859679999484797,36.30505999990419,224.39744811301213
1789567904,10,,Aggregated,31.500000,0.000000,9,10,10,11,12,13,15,17,23,31,36,24169,0,9,9.455702253713453,2.5859679999484797,36.30505999990419,224.39124498324298
1789567905,10,,Aggregated,31.500000,0.000000,9,10,10,11,12,13,15,17,23,31,36,24200,0,9,9.454527508966883,2.5859679999484797,36.30505999990419,224.38954545454544
1789567906,10,,Aggregated,31.300000,0.000000,9,10,10,11,12,13,15,17,23,31,36,24229,0,9,9.454642094803582,2.5859679999484797,36.30505999990419,224.39568285938338
1789567907,10,,Aggregated,30.900000,0.000000,9,10,10,11,12,13,15,17,23,31,36,24259,0,9,9.455061076136566,2.5859679999484797,36.30505999990419,224.39131868584855
1789567908,10,,Aggregated,31.000000,0.000000,9,10,10,11,12,13,15,17,23,31,36,24288,0,9,9.4543352473237,2.5859679999484797,36.30505999990419,224.3919219367589
1789567909,10,,Aggregated,30.600000,0.000000,9,10,10,11,12,13,15,17,23,31,36,24324,0,9,9.453853772652472,2.5859679999484797,36.30505999990419,224.38866962670613
1789567910,10,,Aggregated,30.500000,0.000000,9,10,10,11,12,13,15,17,23,31,36,24356,0,9,9.452488377730198,2.5859679999484797,36.30505999990419,224.39534406306456
1789567911,10,,Aggregated,31.100000,0.000000,9,10,10,11,12,13,15,17,23,31,36,24390,0,9,9.45252984218932,2.5859679999484797,36.30505999990419,224.4070930709307
1789567912,10,,Aggregated,30.900000,0.000000,9,10,10,11,12,13,15,17,23,31,36,24421,0,9,9.45236316895292,2.5859679999484797,36.30505999990419,224.40358707669628
1789567913,10,,Aggregated,31.800000,0.000000,9,10,10,11,12,13,15,17,23,31,36,24453,0,9,9.452660583241277,2.5859679999484797,36.30505999990419,224.3951662372715
1789567914,10,,Aggregated,31.400000,0.000000,9,10,10,11,12,13,15,17,23,31,36,24487,0,9,9.452292174378222,2.5859679999484797,36.30505999990419,224.39392330624412
1789567915,10,,Aggregated,31.200000,0.000000,9,10,10,11,12,13,15,17,23,31,36,24516,0,9,9.4514196816365,2.5859679999484797,36.30505999990419,224.39435470713005
1789567916,10,,Aggregated,31.400000,0.000000,9,10,10,11,12,13,15,17,23,31,36,24555,0,9,9.451432087436395,2.5859679999484797,36.30505999990419,224.39332111586236
1789567917,10,,Aggregated,31.900000,0.000000,9,10,10,11,12,13,15,17,23,31,36,24586,0,9,9.451579691003143,2.5859679999484797,36.30505999990419,224.402668185146
1789567918,10,,Aggregated,32.200000,0.000000,9,10,10,11,12,13,15,17,23,31,36,24620,0,9,9.451158183834451,2.5859679999484797,36.30505999990419,224.3867587327376
1789567919,10,,Aggregated,32.600000,0.000000,9,10,10,11,12,13,15,17,23,31,36,24651,0,9,9.451040613159812,2.5859679999484797,36.30505999990419,224.3870836882885
1789567920,10,,Aggregated,33.000000,0.000000,9,10,10,11,12,13,15,17,23,31,36,24683,0,9,9.450326477130199,2.5859679999484797,36.30505999990419,224.39375278531784
1789567921,10,,Aggregated,32.600000,0.000000,9,10,10,11,12,13,15,17,23,31,36,24721,0,9,9.449850805428824,2.5859679999484797,36.30505999990419,224.39929614497797
1789567922,10,,Aggregated,32.500000,0.000000,9,10,10,11,12,13,15,17,23,31,36,24752,0,9,9.44971390667442,2.5859679999484797,36.30505999990419,224.39204912734326
1789567923,10,,Aggregated,32.400000,0.000000,9,10,10,11,12,13,15,17,23,31,36,24786,0,9,9.450596762930754,2.5859679999484797,36.30505999990419,224.3889695796014
1789567924,10,,Aggregated,32.900000,0.000000,9,10,10,11,12,13,15,17,23,31,36,24818,0,9,9.450936644290508,2.5859679999484797,36.30505999990419,224.39358530099122
1789567925,10,,Aggregated,33.300000,0.000000,9,10,10,11,12,13,15,17,23,31,36,24851,0,9,9.451595905476669,2.5859679999484797,36.30505999990419,224.38058830630558
1789567926,10,,Aggregated,33.100000,0.000000,9,10,10,11,12,13,15,17,23,31,36,24883,0,9,9.451806609211097,2.5859679999484797,36.30505999990419,224.3761604308162
1789567927,10,,Aggregated,33.200000,0.000000,9,10,10,11,12,13,15,17,23,31,36,24912,0,9,9.45132944400291,2.5859679999484797,36.30505999990419,224.38760436737314
1789567928,10,,Aggregated,33.100000,0.000000,9,10,10,11,12,13,15,17,23,31,36,24944,0,9,9.451641956622826,2.5859679999484797,36.30505999990419,224.38297787042976
1789567929,10,,Aggregated,32.900000,0.000000,9,10,10,11,12,13,15,17,23,31,36,24980,0,9,9.451144697077606,2.5859679999484797,36.30505999990419,224.38694955964772
1789567930,10,,Aggregated,32.800000,0.000000,9,10,10,11,12,13,15,17,23,31,36,25014,0,9,9.45056767778041,2.5859679999484797,36.30505999990419,224.3855041176941
1789567931,10,,Aggregated,32.700000,0.000000,9,10,10,11,12,13,15,17,23,31,36,25047,0,9,9.450084833632637,2.5859679999484797,36.30505999990419,224.3778895676129
1789567932,10,,Aggregated,33.000000,0.000000,9,10,10,11,12,13,15,17,23,31,36,25081,0,9,9.452101295043935,2.5859679999484797,36.30505999990419,224.37845380965672
1789567933,10,,Aggregated,32.800000,0.000000,9,10,10,11,12,13,15,17,23,31,36,25114,0,9,9.451582929362038,2.5859679999484797,36.30505999990419,224.3801863502429
1789567934,10,,Aggregated,32.700000,0.000000,9,10,10,11,12,13,15,17,23,31,36,25150,0,9,9.451644806520864,2.5859679999484797,36.30505999990419,224.38202783300198
1789567935,10,,Aggregated,32.800000,0.000000,9,10,10,11,12,13,15,17,23,31,36,25182,0,9,9.452033545071998,2.5859679999484797,36.30505999990419,224.3883329362243
1789567936,10,,Aggregated,33.200000,0.000000,9,10,10,11,12,13,15,17,23,31,36,25214,0,9,9.452326405370076,2.5859679999484797,36.30505999990419,224.39838978345364
1789567937,10,,Aggregated,32.700000,0.000000,9,10,10,11,12,13,15,17,23,31,36,25245,0,9,9.453240361853867,2.5859679999484797,36.30505999990419,224.40209942562885
1789567938,10,,Aggregated,32.800000,0.000000,9,10,10,11,12,13,15,17,23,31,36,25280,0,9,9.453821074050678,2.5859679999484797,36.30505999990419,224.40866297468355
1789567939,10,,Aggregated,33.000000,0.000000,9,10,10,11,12,13,15,17,23,31,36,25311,0,9,9.454038887124218,2.5859679999484797,36.30505999990419,224.40693769507328
1789567940,10,,Aggregated,33.100000,0.000000,9,10,10,11,12,13,15,17,23,31,36,25344,0,9,9.453926253669556,2.5859679999484797,36.30505999990419,224.40873579545453
1789567941,10,,Aggregated,33.300000,0.000000,9,10,10,11,12,13,15,17,23,31,36,25375,0,9,9.45334732331043,2.5859679999484797,36.30505999990419,224.41249261083743
1789567942,10,,Aggregated,33.000000,0.000000,9,10,10,11,12,13,15,17,23,31,36,25407,0,9,9.453564432912348,2.5859679999484797,36.30505999990419,224.41165820443186
1789567943,10,,Aggregated,32.600000,0.000000,9,10,10,11,12,13,15,17,23,31,36,25437,0,9,9.454428234894154,2.5859679999484797,36.30505999990419,224.4182490073515
1789567944,10,,Aggregated,32.600000,0.000000,9,10,10,11,12,13,15,17,23,31,36,25466,0,9,9.455554364682428,2.5859679999484797,36.30505999990419,224.42401633550617
1789567945,10,,Aggregated,32.000000,0.000000,9,10,10,11,12,13,15,17,23,31,36,25497,0,9,9.453741177628817,2.5859679999484797,36.30505999990419,224.42420676942385
1789567946,10,,Aggregated,31.500000,0.000000,9,10,10,11,12,13,15,17,23,31,36,25527,0,9,9.453216853880384,2.5859679999484797,36.30505999990419,224.4201042033925
1789567947,10,,Aggregated,31.700000,0.000000,9,10,10,11,12,13,15,17,23,31,36,25561,0,9,9.452710254333027,2.5859679999484797,36.30505999990419,224.42588318140918
1789567948,10,,Aggregated,31.100000,0.000000,9,10,10,11,12,13,15,17,23,31,36,25595,0,9,9.453875133190241,2.5859679999484797,36.30505999990419,224.42688025004884
1789567949,10,,Aggregated,31.500000,0.000000,9,10,10,11,12,13,15,17,23,31,36,25629,0,9,9.453745435210354,2.5859679999484797,36.30505999990419,224.4201490499044
1789567950,10,,Aggregated,31.400000,0.000000,9,10,10,11,12,13,15,17,23,31,36,25663,0,9,9.453312833573735,2.5859679999484797,36.30505999990419,224.42438530179635
1789567951,10,,Aggregated,31.300000,0.000000,9,10,10,11,12,13,15,17,23,31,36,25700,0,9,9.45497708715959,2.5859679999484797,36.30505999990419,224.43225680933853
1789567952,10,,Aggregated,31.700000,0.000000,9,10,10,11,12,13,15,17,23,31,36,25730,0,9,9.455209206101951,2.5859679999484797,36.30505999990419,224.4335406140692
1789567953,10,,Aggregated,32.100000,0.000000,9,10,10,11,12,13,15,17,23,31,36,25760,0,9,9.454742052329355,2.5859679999484797,36.30505999990419,224.43641304347827
1789567954,10,,Aggregated,32.100000,0.000000,9,10,10,11,12,13,15,17,23,31,36,25797,0,9,9.455797862464948,2.5859679999484797,36.30505999990419,224.4323370934605
1789567955,10,,Aggregated,32.300000,0.000000,9,10,10,11,12,13,15,17,23,31,36,25825,0,9,9.455363564492075,2.5859679999484797,36.30505999990419,224.43179090029042
1789567956,10,,Aggregated,32.600000,0.000000,9,10,10,11,12,13,15,17,23,31,36,25860,0,9,9.455696996249381,2.5859679999484797,36.30505999990419,224.42428460943543
1789567957,10,,Aggregated,32.500000,0.000000,9,10,10,11,12,13,15,17,23,31,36,25894,0,9,9.455304062910653,2.5859679999484797,36.30505999990419,224.42666254730827
1789567958,10,,Aggregated,33.300000,0.000000,9,10,10,11,12,13,15,17,23,31,36,25926,0,9,9.4560181068429,2.5859679999484797,36.30505999990419,224.43111162539535
1789567959,10,,Aggregated,32.900000,0.000000,9,10,10,11,12,13,15,17,23,31,36,25959,0,9,9.456740885473673,2.5859679999484797,36.30505999990419,224.4326437844293
1789567960,10,,Aggregated,32.900000,0.000000,9,10,10,11,12,13,15,17,23,31,36,25990,0,9,9.456540881493398,2.5859679999484797,36.30505999990419,224.43624470950365
1789567961,10,,Aggregated,32.900000,0.000000,9,10,10,11,12,13,15,17,23,31,36,26023,0,9,9.45558439184614,2.5859679999484797,36.30505999990419,224.4394574030665
1789567962,10,,Aggregated,32.700000,0.000000,9,10,10,11,12,13,15,17,23,31,36,26055,0,9,9.455998643946057,2.5859679999484797,36.30505999990419,224.44363845710996
1789567963,10,,Aggregated,32.500000,0.000000,9,10,10,11,12,13,15,17,23,31,36,26085,0,9,9.455358624574194,2.5859679999484797,36.30505999990419,224.4448533640023
1789567964,10,,Aggregated,32.200000,0.000000,9,10,10,11,12,13,15,17,23,31,36,26119,0,9,9.45537387790569,2.5859679999484797,36.30505999990419,224.44875378077262
1789567965,10,,Aggregated,32.300000,0.000000,9,10,10,11,12,13,15,17,23,31,36,26149,0,9,9.455844788176066,2.5859679999484797,36.30505999990419,224.44093464377224
1789567966,10,,Aggregated,32.200000,0.000000,9,10,10,11,12,13,15,17,23,31,36,26183,0,9,9.45525937723019,2.5859679999484797,36.30505999990419,224.4396745980216
1789567967,10,,Aggregated,32.400000,0.000000,9,10,10,11,12,13,15,17,23,31,36,26218,0,9,9.45532810195344,2.5859679999484797,36.30505999990419,224.4427111145015
1789567968,10,,Aggregated,32.400000,0.000000,9,10,10,11,12,13,15,17,23,31,36,26249,0,9,9.455119098823527,2.5859679999484797,36.30505999990419,224.44108346984646
1789567969,10,,Aggregated,32.300000,0.000000,9,10,10,11,12,13,15,17,23,31,36,26285,0,9,9.453906213734701,2.5859679999484797,36.30505999990419,224.43964238158645
1789567970,10,,Aggregated,32.400000,0.000000,9,10,10,11,12,13,15,17,23,31,36,26320,0,9,9.454060605509724,2.5859679999484797,36.30505999990419,224.4426291793313
1789567971,10,,Aggregated,32.900000,0.000000,9,10,10,11,12,13,15,17,23,31,36,26350,0,9,9.452802531917149,2.5859679999484797,36.30505999990419,224.44387096774193
1789567972,10,,Aggregated,32.900000,0.000000,9,10,10,11,12,13,15,17,23,31,36,26381,0,9,9.45278904707994,2.5859679999484797,36.30505999990419,224.43861112164058
1789567973,10,,Aggregated,32.800000,0.000000,9,10,10,11,12,13,15,17,23,31,36,26417,0,9,9.452830728395243,2.5859679999484797,36.30505999990419,224.43517431956695
1789567974,10,,Aggregated,33.100000,0.000000,9,10,10,11,12,13,15,17,23,31,36,26446,0,9,9.452480241927658,2.5859679999484797,36.30505999990419,224.42679422218862
1789567975,10,,Aggregated,32.900000,0.000000,9,10,10,11,12,13,15,17,23,31,36,26479,0,9,9.452028782318829,2.5859679999484797,36.30505999990419,224.4248272215718
1789567976,10,,Aggregated,32.900000,0.000000,9,10,10,11,12,13,15,17,23,31,36,26514,0,9,9.45118378177645,2.5859679999484797,36.30505999990419,224.4332805310402
1789567977,10,,Aggregated,32.500000,0.000000,9,10,10,11,12,13,15,17,23,31,36,26545,0,9,9.451088304841765,2.5859679999484797,36.30505999990419,224.42994914296477
1789567978,10,,Aggregated,32.800000,0.000000,9,10,10,11,12,13,15,17,23,31,36,26581,0,9,9.450940182762926,2.5859679999484797,36.30505999990419,224.43350513524697
1789567979,10,,Aggregated,33.000000,0.000000,9,10,10,11,12,13,15,17,23,31,36,26617,0,9,9.450306831123674,2.5859679999484797,36.30505999990419,224.4285982642672
1789567980,10,,Aggregated,32.900000,0.000000,9,10,10,11,12,13,15,17,23,31,36,26651,0,9,9.449286809651595,2.5859679999484797,36.30505999990419,224.42748864958162
1789567981,10,,Aggregated,32.500000,0.000000,9,10,10,11,12,13,15,17,23,31,36,26683,0,9,9.44933385777564,2.5859679999484797,36.30505999990419,224.43173556196828
1789567982,10,,Aggregated,32.800000,0.000000,9,10,10,11,12,13,15,17,23,31,36,26716,0,9,9.44905848967019,2.5859679999484797,36.30505999990419,224.43498278185356
1789567983,10,,Aggregated,33.000000,0.000000,9,10,10,11,12,13,15,17,23,31,36,26751,0,9,9.449325870884376,2.5859679999484797,36.30505999990419,224.43269410489327
1789567984,10,,Aggregated,32.900000,0.000000,9,10,10,11,12,13,15,17,23,31,36,26781,0,9,9.449706582167515,2.5859679999484797,36.30505999990419,224.4254135394496
1789567985,10,,Aggregated,33.400000,0.000000,9,10,10,11,12,13,15,17,23,31,36,26810,0,9,9.450624560463508,2.5859679999484797,36.30505999990419,224.42226781051846
1789567986,10,,Aggregated,33.400000,0.000000,9,10,10,11,12,13,15,17,23,31,36,26841,0,9,9.45086876640305,2.5859679999484797,36.30505999990419,224.42058790656085
1789567987,10,,Aggregated,33.500000,0.000000,9,10,10,11,12,13,15,17,23,31,36,26873,0,9,9.452190350426864,2.5859679999484797,36.30505999990419,224.4213150746102
1789567988,10,,Aggregated,32.800000,0.000000,9,10,10,11,12,13,15,17,23,31,36,26907,0,9,9.45314878433194,2.5859679999484797,36.30505999990419,224.42345857955178
1789567989,10,,Aggregated,32.400000,0.000000,9,10,10,11,12,13,15,17,23,31,36,26936,0,9,9.45383678831381,2.5859679999484797,36.30505999990419,224.43042768042767
1789567990,10,,Aggregated,32.300000,0.000000,9,10,10,11,12,13,15,17,24,31,36,26964,0,9,9.455777664850102,2.5859679999484797,36.30505999990419,224.43520990950898
1789567991,10,,Aggregated,32.200000,0.000000,9,10,10,11,12,13,15,17,24,31,36,26998,0,9,9.455972273131854,2.5859679999484797,36.30505999990419,224.434254389214
1789567992,10,,Aggregated,31.600000,0.000000,9,10,10,11,12,13,15,17,23,31,36,27028,0,9,9.455358574848752,2.5859679999484797,36.30505999990419,224.4420600858369
1789567993,10,,Aggregated,31.600000,0.000000,9,10,10,11,12,13,15,17,23,31,36,27061,0,9,9.455744578286552,2.5859679999484797,36.30505999990419,224.44347954621043
1789567994,10,,Aggregated,31.100000,0.000000,9,10,10,11,12,13,15,17,23,31,36,27094,0,9,9.455629662951747,2.5859679999484797,36.30505999990419,224.44504318299255
1789567995,10,,Aggregated,30.900000,0.000000,9,10,10,11,12,13,15,17,23,31,36,27126,0,9,9.456290397183926,2.5859679999484797,36.30505999990419,224.44223254442232
1789567996,10,,Aggregated,30.900000,0.000000,9,10,10,11,12,13,15,17,23,31,36,27163,0,9,9.457375831315087,2.5859679999484797,36.30505999990419,224.45363177852226
1789567997,10,,Aggregated,31.100000,0.000000,9,10,10,11,12,13,15,17,23,31,36,27195,0,9,9.45742215929443,2.5859679999484797,36.30505999990419,224.45265673837102
1789567998,10,,Aggregated,31.900000,0.000000,9,10,10,11,12,13,15,17,23,31,36,27228,0,9,9.458509087961318,2.5859679999484797,36.30505999990419,224.45100631702658
1789567999,10,,Aggregated,32.000000,0.000000,9,10,10,11,12,13,15,17,23,31,36,27264,0,9,9.45876348294512,2.5859679999484797,36.30505999990419,224.45605927230048
1789568000,10,,Aggregated,32.400000,0.000000,9,10,10,11,12,13,15,17,23,31,36,27299,0,9,9.458118958277387,2.5859679999484797,36.30505999990419,224.46415619619765
1789568001,10,,Aggregated,32.300000,0.000000,9,10,10,11,12,13,15,17,23,31,36,27330,0,9,9.459176341493363,2.5859679999484797,36.30505999990419,224.45916575192098
1789568002,10,,Aggregated,33.000000,0.000000,9,10,10,11,12,13,15,17,23,31,36,27364,0,9,9.458059911599653,2.5859679999484797,36.30505999990419,224.4562929396287
1789568003,10,,Aggregated,32.800000,0.000000,9,10,10,11,12,13,15,17,23,31,36,27401,0,9,9.459003046057012,2.5859679999484797,36.30505999990419,224.45217327834752
1789568004,10,,Aggregated,33.200000,0.000000,9,10,10,11,12,13,15,17,23,31,36,27433,0,9,9.45835403925971,2.5859679999484797,36.30505999990419,224.45281230634637
1789568005,10,,Aggregated,33.600000,0.000000,9,10,10,11,12,13,15,17,23,31,36,27464,0,9,9.459073244684319,2.5859679999484797,36.30505999990419,224.44778619283426
1789568006,10,,Aggregated,33.800000,0.000000,9,10,10,11,12,13,15,17,23,31,36,27499,0,9,9.459467598567505,2.5859679999484797,36.30505999990419,224.44561620422562
1789568007,10,,Aggregated,34.000000,0.000000,9,10,10,11,12,13,15,17,23,31,36,27530,0,9,9.459628326008255,2.5859679999484797,36.30505999990419,224.44743915728296
1789568008,10,,Aggregated,33.400000,0.000000,9,10,10,11,12,13,15,17,23,31,36,27565,0,9,9.460010227716527,2.5859679999484797,36.30505999990419,224.43395610375475
1789568009,10,,Aggregated,33.700000,0.000000,9,10,10,11,12,13,15,17,23,31,36,27595,0,9,9.459631647907498,2.5859679999484797,36.30505999990419,224.4400072476898
1789568010,10,,Aggregated,33.700000,0.000000,9,10,10,11,12,13,15,17,23,31,36,27629,0,9,9.460632180281802,2.5859679999484797,36.30505999990419,224.44210793007346
1789568011,10,,Aggregated,33.500000,0.000000,9,10,10,11,12,13,15,17,23,31,36,27661,0,9,9.460747663063719,2.5859679999484797,36.30505999990419,224.44119879975418
1789568012,10,,Aggregated,32.900000,0.000000,9,10,10,11,12,13,15,17,23,31,36,27696,0,9,9.460913572934917,2.5859679999484797,36.30505999990419,224.44244656268054
1789568013,10,,Aggregated,32.900000,0.000000,9,10,10,11,12,13,15,17,23,31,36,27728,0,9,9.461293339801124,2.5859679999484797,36.30505999990419,224.43461482977494
1789568014,10,,Aggregated,33.100000,0.000000,9,10,10,11,12,13,15,17,23,31,36,27763,0,9,9.462079284767738,2.5859679999484797,36.30505999990419,224.43413896192774
1789568015,10,,Aggregated,33.100000,0.000000,9,10,10,11,12,13,15,17,23,31,36,27797,0,9,9.461325415692652,2.5859679999484797,36.30505999990419,224.43641400151097
1789568016,10,,Aggregated,33.100000,0.000000,9,10,10,11,12,13,15,17,23,31,36,27832,0,9,9.462105829261501,2.5859679999484797,36.30505999990419,224.4359011210118
1789568017,10,,Aggregated,33.400000,0.000000,9,10,10,11,12,13,15,17,23,31,36,27864,0,9,9.462093278926345,2.5859679999484797,36.30505999990419,224.43507751937983
1789568018,10,,Aggregated,33.400000,0.000000,9,10,10,11,12,13,15,17,23,31,36,27896,0,9,9.461625304631612,2.5859679999484797,36.30505999990419,224.43572555205049
1789568019,10,,Aggregated,33.600000,0.000000,9,10,10,11,12,13,15,17,23,31,36,27925,0,9,9.460458111692304,2.5859679999484797,36.30505999990419,224.44085944494182
1789568020,10,,Aggregated,32.800000,0.000000,9,10,10,11,12,13,15,17,23,31,36,27960,0,9,9.46088727410615,2.5859679999484797,36.30505999990419,224.44510014306152
1789568021,10,,Aggregated,33.100000,0.000000,9,10,10,11,12,13,15,17,23,31,36,27994,0,9,9.460481878760113,2.5859679999484797,36.30505999990419,224.44377366578553
1789568022,10,,Aggregated,33.100000,0.000000,9,10,10,11,12,13,15,17,23,31,36,28023,0,9,9.461281788995034,2.5859679999484797,36.30505999990419,224.44088784212968
1789568023,10,,Aggregated,33.400000,0.000000,9,10,10,11,12,13,15,17,23,31,36,28053,0,9,9.461033201832613,2.5859679999484797,36.30505999990419,224.43710120129754
1789568024,10,,Aggregated,33.100000,0.000000,9,10,10,11,12,13,15,17,23,31,36,28084,0,9,9.461438691283794,2.5859679999484797,36.30505999990419,224.44217347956132
1789568025,10,,Aggregated,32.500000,0.000000,9,10,10,11,12,13,15,17,23,31,36,28118,0,9,9.459973965005013,2.5859679999484797,36.30505999990419,224.44099864855252
1789568026,10,,Aggregated,32.300000,0.000000,9,10,10,11,12,13,15,17,23,31,36,28149,0,9,9.459926936623331,2.5859679999484797,36.30505999990419,224.44427865998793
1789568027,10,,Aggregated,31.700000,0.000000,9,10,10,11,12,13,15,17,23,31,36,28181,0,9,9.459302489301635,2.5859679999484797,36.30505999990419,224.43678364855754
1789568028,10,,Aggregated,31.400000,0.000000,9,10,10,11,12,13,15,17,23,31,36,28213,0,9,9.459366449509435,2.5859679999484797,36.30505999990419,224.44075426221954
1789568029,10,,Aggregated,31.000000,0.000000,9,10,10,11,12,13,15,17,23,31,36,28243,0,9,9.457974867896816,2.5859679999484797,36.30505999990419,224.43702864426584
1789568030,10,,Aggregated,31.600000,0.000000,9,10,10,11,12,13,15,17,23,31,36,28276,0,9,9.458953006472274,2.5859679999484797,36.30505999990419,224.43676616211627
1789568031,10,,Aggregated,31.400000,0.000000,9,10,10,11,12,13,15,17,23,31,36,28307,0,9,9.458750153531115,2.5859679999484797,36.30505999990419,224.43837213410112
1789568032,10,,Aggregated,31.500000,0.000000,9,10,10,11,12,13,15,17,23,31,36,28338,0,9,9.458454919013514,2.5859679999484797,36.30505999990419,224.43997459242007
1789568033,10,,Aggregated,31.200000,0.000000,9,10,10,11,12,13,15,17,23,31,36,28370,0,9,9.45872831589721,2.5859679999484797,36.30505999990419,224.44226295382447
1789568034,10,,Aggregated,31.300000,0.000000,9,10,10,11,12,13,15,17,23,31,36,28403,0,9,9.458926035770912,2.5859679999484797,36.30505999990419,224.4439671865648
1789568035,10,,Aggregated,31.300000,0.000000,9,10,10,11,12,13,15,17,23,31,36,28436,0,9,9.458475917182612,2.5859679999484797,36.30505999990419,224.43736812491207
1789568036,10,,Aggregated,31.400000,0.000000,9,10,10,11,12,13,15,17,23,31,36,28463,0,9,9.459068327337324,2.5859679999484797,36.30505999990419,224.43452903769807
1789568037,10,,Aggregated,31.600000,0.000000,9,10,10,11,12,13,15,17,23,31,36,28492,0,9,9.458683246876467,2.5859679999484797,36.30505999990419,224.43506949319107
1789568038,10,,Aggregated,31.800000,0.000000,9,10,10,11,12,13,15,17,23,31,36,28525,0,9,9.458140877651426,2.5859679999484797,36.30505999990419,224.42839614373358
1789568039,10,,Aggregated,31.500000,0.000000,9,10,10,11,12,13,15,17,23,31,36,28556,0,9,9.458597002766751,2.5859679999484797,36.30505999990419,224.41893122286035
1789568040,10,,Aggregated,30.900000,0.000000,9,10,10,11,12,13,15,17,23,31,36,28588,0,9,9.458302453057476,2.5859679999484797,36.30505999990419,224.42930600251853
1789568041,10,,Aggregated,31.100000,0.000000,9,10,10,11,12,13,15,17,23,31,36,28618,0,9,9.458074653819558,2.5859679999484797,36.30505999990419,224.4333636173038
1789568042,10,,Aggregated,31.100000,0.000000,9,10,10,11,12,13,15,17,23,31,36,28654,0,9,9.457842272876663,2.5859679999484797,36.30505999990419,224.42695609688002
1789568043,10,,Aggregated,31.200000,0.000000,9,10,10,11,12,13,15,17,23,31,36,28683,0,9,9.457485123069684,2.5859679999484797,36.30505999990419,224.43046403793187
1789568044,10,,Aggregated,31.500000,0.000000,9,10,10,11,12,13,15,17,23,31,36,28718,0,9,9.45780106849381,2.5859679999484797,36.30505999990419,224.43164565777562
1789568045,10,,Aggregated,31.400000,0.000000,9,10,10,11,12,13,15,17,23,31,36,28753,0,9,9.45783554756046,2.5859679999484797,36.30505999990419,224.4327548429729
1789568046,10,,Aggregated,31.300000,0.000000,9,10,10,11,12,13,15,17,23,31,36,28783,0,9,9.457326074419145,2.5859679999484797,36.30505999990419,224.43685508807283
1789568047,10,,Aggregated,31.600000,0.000000,9,10,10,11,12,13,15,17,23,31,36,28819,0,9,9.456834186751951,2.5859679999484797,36.30505999990419,224.43859953502897
1789568048,10,,Aggregated,31.600000,0.000000,9,10,10,11,12,13,15,17,23,31,36,28850,0,9,9.458490844471449,2.5859679999484797,36.30505999990419,224.43864818024264
1789568049,10,,Aggregated,32.100000,0.000000,9,10,10,11,12,13,15,17,23,31,36,28881,0,9,9.4575583238116,2.5859679999484797,36.30505999990419,224.4386620961878
1789568050,10,,Aggregated,32.600000,0.000000,9,10,10,11,12,13,15,17,23,31,36,28915,0,9,9.456139065744438,2.5859679999484797,36.30505999990419,224.43600207504755
1789568051,10,,Aggregated,32.600000,0.000000,9,10,10,11,12,13,15,17,23,31,36,28946,0,9,9.455731981828196,2.5859679999484797,36.30505999990419,224.4282111517999
1789568052,10,,Aggregated,32.600000,0.000000,9,10,10,11,12,13,15,17,23,31,36,28978,0,9,9.455877714679941,2.5859679999484797,36.30505999990419,224.43367382151976
1789568053,10,,Aggregated,32.600000,0.000000,9,10,10,11,12,13,15,17,23,31,36,29010,0,9,9.455893691347494,2.5859679999484797,36.30505999990419,224.43609100310238
1789568054,10,,Aggregated,32.200000,0.000000,9,10,10,11,12,13,15,17,23,31,36,29047,0,9,9.456357828622176,2.5859679999484797,36.30505999990419,224.43226494990876
1789568055,10,,Aggregated,32.500000,0.000000,9,10,10,11,12,13,15,17,23,31,36,29075,0,9,9.45639951704175,2.5859679999484797,36.30505999990419,224.4350128976784
1789568056,10,,Aggregated,32.500000,0.000000,9,10,10,11,12,13,15,17,23,31,36,29106,0,9,9.456355111282459,2.5859679999484797,36.30505999990419,224.4366453652168
1789568057,10,,Aggregated,32.500000,0.000000,9,10,10,11,12,13,15,17,23,31,36,29136,0,9,9.45614431593178,2.5859679999484797,36.30505999990419,224.4362300933553
1789568058,10,,Aggregated,32.300000,0.000000,9,10,10,11,12,13,15,17,23,31,36,29169,0,9,9.456424558709166,2.5859679999484797,36.30505999990419,224.43738215228495
1789568059,10,,Aggregated,31.800000,0.000000,9,10,10,11,12,13,15,17,23,31,36,29204,0,9,9.456674399670872,2.5859679999484797,36.30505999990419,224.43408437200384
1789568060,10,,Aggregated,31.700000,0.000000,9,10,10,11,12,13,15,17,23,31,36,29235,0,9,9.45649745346285,2.5859679999484797,36.30505999990419,224.4294510005131
1789568061,10,,Aggregated,31.800000,0.000000,9,10,10,11,12,13,15,17,23,31,36,29266,0,9,9.45657216404651,2.5859679999484797,36.30505999990419,224.4278685163671
1789568062,10,,Aggregated,32.200000,0.000000,9,10,10,11,12,13,15,17,23,31,36,29299,0,9,9.456419700364776,2.5859679999484797,36.30505999990419,224.43066316256528
1789568063,10,,Aggregated,32.000000,0.000000,9,10,10,11,12,13,15,17,23,31,36,29335,0,9,9.456085756399826,2.5859679999484797,36.30505999990419,224.42945287199592
1789568064,10,,Aggregated,32.200000,0.000000,9,10,10,11,12,13,15,17,23,31,36,29370,0,9,9.45738704000638,2.5859679999484797,36.30505999990419,224.4275110657133
1789568065,10,,Aggregated,32.100000,0.000000,9,10,10,11,12,13,15,17,23,31,36,29402,0,9,9.457955557648704,2.5859679999484797,36.30505999990419,224.4220461193116
1789568066,10,,Aggregated,32.400000,0.000000,9,10,10,11,12,13,15,17,23,31,36,29428,0,9,9.457801305286912,2.5859679999484797,36.30505999990419,224.4219790675547
1789568067,10,,Aggregated,32.300000,0.000000,9,10,10,11,12,13,15,17,23,31,36,29467,0,9,9.459859169307492,2.5859679999484797,36.30505999990419,224.42264227780228
1789568068,10,,Aggregated,32.500000,0.000000,9,10,10,11,12,13,15,17,23,31,36,29499,0,9,9.45996543221742,2.5859679999484797,36.30505999990419,224.42174310993593
1789568069,10,,Aggregated,33.000000,0.000000,9,10,10,11,12,13,15,17,23,31,36,29531,0,9,9.459979219023532,2.5859679999484797,36.30505999990419,224.41315905319834
1789568070,10,,Aggregated,33.000000,0.000000,9,10,10,11,12,13,15,17,23,31,36,29560,0,9,9.459293661501585,2.5859679999484797,36.30505999990419,224.41052097428957
1789568071,10,,Aggregated,32.800000,0.000000,9,10,10,11,12,13,15,17,23,31,36,29592,0,9,9.459584061908114,2.5859679999484797,36.30505999990419,224.41139497161396
1789568072,10,,Aggregated,32.700000,0.000000,9,10,10,11,12,13,15,17,23,31,36,29626,0,9,9.459277922230017,2.5859679999484797,36.30505999990419,224.41183419968945
1789568073,10,,Aggregated,32.500000,0.000000,9,10,10,11,12,13,15,17,23,31,36,29652,0,9,9.459930092101299,2.5859679999484797,36.30505999990419,224.40263725886956
1789568074,10,,Aggregated,32.300000,0.000000,9,10,10,11,12,13,15,17,23,31,36,29685,0,9,9.459104596462446,2.5859679999484797,36.30505999990419,224.40107798551458
1789568075,10,,Aggregated,32.100000,0.000000,9,10,10,11,12,13,15,17,23,31,36,29717,0,9,9.458860655011918,2.5859679999484797,36.30505999990419,224.40004038092675
1789568076,10,,Aggregated,31.700000,0.000000,9,10,10,11,12,13,15,17,23,31,36,29753,0,9,9.458564874432378,2.5859679999484797,36.30505999990419,224.4079588612913
1789568077,10,,Aggregated,31.500000,0.000000,9,10,10,11,12,13,15,17,23,31,36,29782,0,9,9.459449784500238,2.5859679999484797,36.30505999990419,224.40846820226983
1789568078,10,,Aggregated,31.800000,0.000000,9,10,10,11,12,13,15,17,23,31,36,29817,0,9,9.459613158600282,2.5859679999484797,36.30505999990419,224.41583660328
1789568079,10,,Aggregated,31.400000,0.000000,9,10,10,11,12,13,15,17,23,31,36,29847,0,9,9.459666237142306,2.5859679999484797,36.30505999990419,224.41860153449258
1789568080,10,,Aggregated,31.600000,0.000000,9,10,10,11,12,13,15,17,23,31,36,29878,0,9,9.459261449862332,2.5859679999484797,36.30505999990419,224.4155231273847
1789568081,10,,Aggregated,31.800000,0.000000,9,10,10,11,12,13,15,17,23,31,36,29912,0,9,9.458984583644957,2.5859679999484797,36.30505999990419,224.42374297940626
1789568082,10,,Aggregated,31.300000,0.000000,9,10,10,11,12,13,15,17,23,31,36,29944,0,9,9.458822411400861,2.5859679999484797,36.30505999990419,224.43648143200642
1789568083,10,,Aggregated,31.300000,0.000000,9,10,10,11,12,13,15,17,23,31,36,29974,0,9,9.459772905150752,2.5859679999484797,36.30505999990419,224.43888036298125
1789568084,10,,Aggregated,31.600000,0.000000,9,10,10,11,12,13,15,17,23,31,36,30002,0,9,9.4594992073524,2.5859679999484797,36.30505999990419,224.43387107526164
1789568085,10,,Aggregated,32.000000,0.000000,9,10,10,11,12,13,15,17,23,31,36,30033,0,9,9.45914854516648,2.5859679999484797,36.30505999990419,224.43235773981954
1789568086,10,,Aggregated,32.000000,0.000000,9,10,10,11,12,13,15,17,23,31,36,30065,0,9,9.459574432529033,2.5859679999484797,36.30505999990419,224.4347580242807
1789568087,10,,Aggregated,31.800000,0.000000,9,10,10,11,12,13,15,17,23,31,36,30101,0,9,9.459819505863054,2.5859679999484797,36.30505999990419,224.43470316600778
1789568088,10,,Aggregated,31.400000,0.000000,9,10,10,11,12,13,15,17,23,31,36,30136,0,9,9.460422214162017,2.5859679999484797,36.30505999990419,224.43877754181045
1789568089,10,,Aggregated,31.800000,0.000000,9,10,10,11,12,13,15,17,23,31,36,30167,0,9,9.460422942022321,2.5859679999484797,36.30505999990419,224.43279079789173
1789568090,10,,Aggregated,32.000000,0.000000,9,10,10,11,12,13,15,17,23,31,36,30197,0,9,9.460576494187723,2.5859679999484797,36.30505999990419,224.4292810544094
1789568091,10,,Aggregated,31.600000,0.000000,9,10,10,11,12,13,15,17,23,31,36,30232,0,9,9.461161912013287,2.5859679999484797,36.30505999990419,224.42412013760253
1789568092,10,,Aggregated,31.900000,0.000000,9,10,10,11,12,13,15,17,23,31,36,30267,0,9,9.460866076815794,2.5859679999484797,36.30505999990419,224.42980804176165
1789568093,10,,Aggregated,32.200000,0.000000,9,10,10,11,12,13,15,17,23,31,36,30299,0,9,9.461553976302369,2.5859679999484797,36.30505999990419,224.4273738407208
1789568094,10,,Aggregated,32.400000,0.000000,9,10,10,11,12,13,15,17,23,31,36,30336,0,9,9.461160988363224,2.5859679999484797,36.30505999990419,224.42988528481013
1789568095,10,,Aggregated,32.000000,0.000000,9,10,10,11,12,13,15,17,23,31,36,30373,0,9,9.461472257827335,2.5859679999484797,36.30505999990419,224.43087610706877
1789568096,10,,Aggregated,32.400000,0.000000,9,10,10,11,12,13,15,17,23,31,36,30407,0,9,9.461183170157714,2.5859679999484797,36.30505999990419,224.4388792054461
1789568097,10,,Aggregated,33.100000,0.000000,9,10,10,11,12,13,15,17,23,31,36,30436,0,9,9.461335522144314,2.5859679999484797,36.30505999990419,224.43911814955973
1789568098,10,,Aggregated,33.900000,0.000000,9,10,10,11,12,13,15,17,23,31,36,30469,0,9,9.463234756506095,2.5859679999484797,36.30505999990419,224.43897075716302
1789568099,10,,Aggregated,33.700000,0.000000,9,10,10,11,12,13,15,17,23,31,36,30499,0,9,9.463560425160864,2.5859679999484797,36.30505999990419,224.4398504869012
1789568100,10,,Aggregated,33.000000,0.000000,9,10,10,11,12,13,15,17,23,31,36,30532,0,9,9.463861624721089,2.5859679999484797,36.30505999990419,224.4334468754094
1789568101,10,,Aggregated,33.300000,0.000000,9,10,10,11,12,13,15,17,23,31,36,30562,0,9,9.464498080753422,2.5859679999484797,36.30505999990419,224.42978208232446
1789568102,10,,Aggregated,33.200000,0.000000,9,10,10,11,12,13,15,17,23,31,36,30595,0,9,9.463865017551473,2.5859679999484797,36.30505999990419,224.4266056545187
1789568103,10,,Aggregated,33.000000,0.000000,9,10,10,11,12,13,15,17,23,31,36,30624,0,9,9.464405592965832,2.5859679999484797,36.30505999990419,224.43299373040753
1789568104,10,,Aggregated,32.900000,0.000000,9,10,10,11,12,13,15,17,23,31,36,30659,0,9,9.464411937962339,2.5859679999484797,36.30505999990419,224.43249942920514
1789568105,10,,Aggregated,33.200000,0.000000,9,10,10,11,12,13,15,17,23,31,36,30691,0,9,9.464275123097547,2.5859679999484797,36.30505999990419,224.4363168355544
1789568106,10,,Aggregated,32.500000,0.000000,9,10,10,11,12,13,15,17,23,31,36,30728,0,9,9.465155443992064,2.5859679999484797,36.30505999990419,224.43136552980994
1789568107,10,,Aggregated,32.500000,0.000000,9,10,10,11,12,13,15,17,23,31,36,30763,0,9,9.46513410759643,2.5859679999484797,36.30505999990419,224.42655137665378
1789568108,10,,Aggregated,31.600000,0.000000,9,10,10,11,12,13,15,17,23,31,36,30793,0,9,9.464813417107427,2.5859679999484797,36.30505999990419,224.42753223135128
1789568109,10,,Aggregated,32.400000,0.000000,9,10,10,11,12,13,15,17,23,31,36,30823,0,9,9.46427325724251,2.5859679999484797,36.30505999990419,224.43146351750318
1789568110,10,,Aggregated,32.600000,0.000000,9,10,10,11,12,13,15,17,23,31,36,30857,0,9,9.46366646650635,2.5859679999484797,36.30505999990419,224.43024273260525
1789568111,10,,Aggregated,32.400000,0.000000,9,10,10,11,12,13,15,17,23,31,36,30891,0,9,9.464270286847047,2.5859679999484797,36.30505999990419,224.42772975947688
1789568112,10,,Aggregated,32.400000,0.000000,9,10,10,11,12,13,15,17,23,31,36,30921,0,9,9.464171603343733,2.5859679999484797,36.30505999990419,224.4257300863491
1789568113,10,,Aggregated,32.600000,0.000000,9,10,10,11,12,13,15,17,23,31,36,30957,0,9,9.464664129566426,2.5859679999484797,36.30505999990419,224.42891753076847
1789568114,10,,Aggregated,32.700000,0.000000,9,10,10,11,12,13,15,17,23,31,36,30986,0,9,9.463861608693799,2.5859679999484797,36.30505999990419,224.43345381785323
1789568115,10,,Aggregated,32.300000,0.000000,9,10,10,11,12,13,15,17,23,31,36,31015,0,9,9.463470770723344,2.5859679999484797,36.30505999990419,224.43227470578753
1789568116,10,,Aggregated,32.900000,0.000000,9,10,10,11,12,13,15,17,23,31,36,31048,0,9,9.462990728162307,2.5859679999484797,36.30505999990419,224.43065575882505
1789568117,10,,Aggregated,32.400000,0.000000,9,10,10,11,12,13,15,17,23,31,36,31078,0,9,9.462942747956275,2.5859679999484797,36.30505999990419,224.42859900894524
1789568118,10,,Aggregated,32.100000,0.000000,9,10,10,11,12,13,15,17,23,31,36,31115,0,9,9.463229641040742,2.5859679999484797,36.30505999990419,224.42352563072473
1789568119,10,,Aggregated,31.600000,0.000000,9,10,10,11,12,13,15,17,23,31,36,31149,0,9,9.462460246492183,2.5859679999484797,36.30505999990419,224.4240264534977
1789568120,10,,Aggregated,31.500000,0.000000,9,10,10,11,12,13,15,17,23,31,36,31185,0,9,9.462389995478155,2.5859679999484797,36.30505999990419,224.4212602212602
1789568121,10,,Aggregated,32.300000,0.000000,9,10,10,11,12,13,15,17,23,31,36,31216,0,9,9.462580368015974,2.5859679999484797,36.30505999990419,224.4242696053306
1789568122,10,,Aggregated,32.700000,0.000000,9,10,10,11,12,13,15,17,23,31,36,31247,0,9,9.46269838784487,2.5859679999484797,36.30505999990419,224.41706403814766
1789568123,10,,Aggregated,32.900000,0.000000,9,10,10,11,12,13,15,17,23,31,36,31280,0,9,9.462918048752867,2.5859679999484797,36.30505999990419,224.4169757033248
1789568124,10,,Aggregated,32.600000,0.000000,9,10,10,11,12,13,15,17,23,31,36,31315,0,9,9.462762779338794,2.5859679999484797,36.30505999990419,224.4107296822609
1789568125,10,,Aggregated,32.600000,0.000000,9,10,10,11,12,13,15,17,23,31,36,31350,0,9,9.463152764529292,2.5859679999484797,36.30505999990419,224.41189792663477
1789568126,10,,Aggregated,32.600000,0.000000,9,10,10,11,12,13,15,17,23,31,36,31383,0,9,9.46417547092356,2.5859679999484797,36.30505999990419,224.41012650160914
1789568127,10,,Aggregated,32.900000,0.000000,9,10,10,11,12,13,15,17,23,31,36,31413,0,9,9.464768002451088,2.5859679999484797,36.30505999990419,224.41683379492568
1789568128,10,,Aggregated,33.500000,0.000000,9,10,10,11,12,13,15,17,23,31,36,31444,0,9,9.464569429080036,2.5859679999484797,36.30505999990419,224.4227515583259
1789568129,10,,Aggregated,33.200000,0.000000,9,10,10,11,12,13,15,17,23,31,36,31476,0,9,9.464800579901901,2.5859679999484797,36.30505999990419,224.42756385817765
1789568130,10,,Aggregated,33.500000,0.000000,9,10,10,11,12,13,15,17,23,31,36,31510,0,9,9.464956026626279,2.5859679999484797,36.30505999990419,224.43795620437956
1789568131,10,,Aggregated,32.800000,0.000000,9,10,10,11,12,13,15,17,23,31,36,31541,0,9,9.464849842553939,2.5859679999484797,36.30505999990419,224.43644779810404
1789568132,10,,Aggregated,32.300000,0.000000,9,10,10,11,12,13,15,17,23,31,36,31572,0,9,9.46598095825392,2.5859679999484797,36.30505999990419,224.43361206132016
1789568133,10,,Aggregated,32.100000,0.000000,9,10,10,11,12,13,15,17,23,31,36,31602,0,9,9.465924674704043,2.5859679999484797,36.30505999990419,224.44035187646352
1789568134,10,,Aggregated,32.000000,0.000000,9,10,10,11,12,13,15,17,23,31,36,31634,0,9,9.466324961591809,2.5859679999484797,36.30505999990419,224.44528039451222
1789568135,10,,Aggregated,32.300000,0.000000,9,10,10,11,12,13,15,17,23,31,36,31668,0,9,9.466802045566345,2.5859679999484797,36.30505999990419,224.4455601869395
1789568136,10,,Aggregated,31.800000,0.000000,9,10,10,11,12,13,15,17,23,31,36,31699,0,9,9.466913735259615,2.5859679999484797,36.30505999990419,224.44988800908547
1789568137,10,,Aggregated,31.800000,0.000000,9,10,10,11,12,13,15,17,23,31,36,31734,0,9,9.46716550756264,2.5859679999484797,36.30505999990419,224.4523854540871
1789568138,10,,Aggregated,31.500000,0.000000,9,10,10,11,12,13,15,17,23,31,36,31764,0,9,9.466956598696413,2.5859679999484797,36.30505999990419,224.45759350207783
1789568139,10,,Aggregated,31.700000,0.000000,9,10,10,11,12,13,15,17,23,31,36,31794,0,9,9.46673739334445,2.5859679999484797,36.30505999990419,224.45713027615272
1789568140,10,,Aggregated,31.600000,0.000000,9,10,10,11,12,13,15,17,23,31,36,31827,0,9,9.466104777955628,2.5859679999484797,36.30505999990419,224.45675055770258
1789568141,10,,Aggregated,31.700000,0.000000,9,10,10,11,12,13,15,17,23,31,36,31858,0,9,9.465699667241934,2.5859679999484797,36.30505999990419,224.452445225689
1789568142,10,,Aggregated,31.500000,0.000000,9,10,10,11,12,13,15,17,23,31,36,31891,0,9,9.46564794866871,2.5859679999484797,36.30505999990419,224.45210247405225
1789568143,10,,Aggregated,31.700000,0.000000,9,10,10,11,12,13,15,17,23,31,36,31921,0,9,9.464612355251836,2.5859679999484797,36.30505999990419,224.4558441151593
1789568144,10,,Aggregated,31.800000,0.000000,9,10,10,11,12,13,15,17,23,31,36,31952,0,9,9.46431314321472,2.5859679999484797,36.30505999990419,224.45881321982975
1789568145,10,,Aggregated,31.600000,0.000000,9,10,10,11,12,13,15,17,23,31,36,31988,0,9,9.463958828654356,2.5859679999484797,36.30505999990419,224.4603913967738
1789568146,10,,Aggregated,31.800000,0.000000,9,10,10,11,12,13,15,17,22,31,36,32019,0,9,9.463082025109909,2.5859679999484797,36.30505999990419,224.46616071707425
1789568147,10,,Aggregated,31.800000,0.000000,9,10,10,11,12,13,15,17,22,31,36,32049,0,9,9.463350429935236,2.5859679999484797,36.30505999990419,224.46709725732472
1789568148,10,,Aggregated,32.300000,0.000000,9,10,10,11,12,13,15,17,22,31,36,32082,0,9,9.463123046006977,2.5859679999484797,36.30505999990419,224.46549466990837
1789568149,10,,Aggregated,31.900000,0.000000,9,10,10,11,12,13,15,17,22,31,36,32115,0,9,9.463337431978704,2.5859679999484797,36.30505999990419,224.4693756811459
1789568150,10,,Aggregated,31.700000,0.000000,9,10,10,11,12,13,15,17,22,31,36,32145,0,9,9.462596442463708,2.5859679999484797,36.30505999990419,224.46455125213873
1789568151,10,,Aggregated,31.600000,0.000000,9,10,10,11,12,13,15,17,22,31,36,32175,0,9,9.462191200559241,2.5859679999484797,36.30505999990419,224.46831390831392
1789568152,10,,Aggregated,32.300000,0.000000,9,10,10,11,12,13,15,17,22,31,36,32210,0,9,9.462254199223677,2.5859679999484797,36.30505999990419,224.46805339956535
1789568153,10,,Aggregated,31.800000,0.000000,9,10,10,11,12,13,15,17,22,31,36,32247,0,9,9.463523434954975,2.5859679999484797,36.30505999990419,224.46863274103018
1789568154,10,,Aggregated,31.700000,0.000000,9,10,10,11,12,13,15,17,22,31,36,32275,0,9,9.463456677892825,2.5859679999484797,36.30505999990419,224.466800929512
1789568155,10,,Aggregated,32.100000,0.000000,9,10,10,11,12,13,15,17,22,31,36,32308,0,9,9.463048693419337,2.5859679999484797,36.30505999990419,224.4709359910858
1789568156,10,,Aggregated,32.700000,0.000000,9,10,10,11,12,13,15,17,22,31,36,32341,0,9,9.462582812064833,2.5859679999484797,36.30505999990419,224.4749389320058
1789568157,10,,Aggregated,32.100000,0.000000,9,10,10,11,12,13,15,17,22,31,36,32372,0,9,9.462989141449032,2.5859679999484797,36.30505999990419,224.4820832818485
1789568158,10,,Aggregated,31.600000,0.000000,9,10,10,11,12,13,15,17,22,31,36,32406,0,9,9.463053253069978,2.5859679999484797,36.30505999990419,224.48833549342714
1789568159,10,,Aggregated,32.100000,0.000000,9,10,10,11,12,13,15,17,23,31,36,32432,0,9,9.46473809888331,2.5859679999484797,36.30505999990419,224.48689565860877
1789568160,10,,Aggregated,32.400000,0.000000,9,10,10,11,12,13,15,17,23,31,36,32464,0,9,9.464742188485278,2.5859679999484797,36.30505999990419,224.48179521931985
1789568161,10,,Aggregated,32.300000,0.000000,9,10,10,11,12,13,15,17,23,31,36,32496,0,9,9.465347909188305,2.5859679999484797,36.30505999990419,224.47821270310192
1789568162,10,,Aggregated,31.700000,0.000000,9,10,10,11,12,13,15,17,23,31,36,32528,0,9,9.4655495903832,2.5859679999484797,36.30505999990419,224.47592843089032
1789568163,10,,Aggregated,31.800000,0.000000,9,10,10,11,12,13,15,17,23,31,36,32562,0,9,9.46669386100324,2.5859679999484797,36.30505999990419,224.47638351452613
1789568164,10,,Aggregated,31.800000,0.000000,9,10,10,11,12,13,15,17,23,31,36,32589,0,9,9.46597012375299,2.5859679999484797,36.30505999990419,224.4657092884102
1789568165,10,,Aggregated,31.700000,0.000000,9,10,10,11,12,13,15,17,23,31,36,32624,0,9,9.466041549411232,2.5859679999484797,36.30505999990419,224.47523295733203
1789568166,10,,Aggregated,31.200000,0.000000,9,10,10,11,12,13,15,17,23,31,36,32655,0,9,9.465915867830146,2.5859679999484797,36.30505999990419,224.47793599755013
1789568167,10,,Aggregated,31.300000,0.000000,9,10,10,11,12,13,15,17,23,31,36,32689,0,9,9.466313797301648,2.5859679999484797,36.30505999990419,224.47398207348039
1789568168,10,,Aggregated,31.500000,0.000000,9,10,10,11,12,13,15,17,23,31,36,32719,0,9,9.465955479262634,2.5859679999484797,36.30505999990419,224.47470888474587
1789568169,10,,Aggregated,31.400000,0.000000,9,10,10,11,12,13,15,17,23,31,36,32749,0,9,9.465725224678511,2.5859679999484797,36.30505999990419,224.4751595468564
1789568170,10,,Aggregated,31.400000,0.000000,9,10,10,11,12,13,15,17,23,31,36,32780,0,9,9.46646959154948,2.5859679999484797,36.30505999990419,224.47400854179378
1789568171,10,,Aggregated,31.100000,0.000000,9,10,10,11,12,13,15,17,23,31,36,32812,0,9,9.466608658112579,2.5859679999484797,36.30505999990419,224.47750822869682
1789568172,10,,Aggregated,31.400000,0.000000,9,10,10,11,12,13,15,17,23,31,36,32844,0,9,9.466631951893545,2.5859679999484797,36.30505999990419,224.47670807453417
1789568173,10,,Aggregated,31.600000,0.000000,9,10,10,11,12,13,15,17,23,31,36,32875,0,9,9.467964014995987,2.5859679999484797,36.30505999990419,224.4753155893536
1789568174,10,,Aggregated,31.700000,0.000000,9,10,10,11,12,13,15,17,23,31,36,32907,0,9,9.46771583085641,2.5859679999484797,36.30505999990419,224.47160178685385
1789568175,10,,Aggregated,31.300000,0.000000,9,10,10,11,12,13,15,17,23,31,36,32941,0,9,9.468646258704727,2.5859679999484797,36.30505999990419,224.46507392003886
1789568176,10,,Aggregated,31.200000,0.000000,9,10,10,11,12,13,15,17,23,31,36,32975,0,9,9.468892311265847,2.5859679999484797,36.30505999990419,224.46674753601212
1789568177,10,,Aggregated,31.400000,0.000000,9,10,10,11,12,13,15,17,23,31,36,33008,0,9,9.469346076072176,2.5859679999484797,36.30505999990419,224.46379665535628
1789568178,10,,Aggregated,31.800000,0.000000,9,10,10,11,12,13,15,17,23,31,36,33038,0,9,9.468997738966983,2.5859679999484797,36.30505999990419,224.46186209818995
1789568179,10,,Aggregated,31.900000,0.000000,9,10,10,11,12,13,15,17,23,31,36,33070,0,9,9.46822881209536,2.5859679999484797,36.30505999990419,224.4597520411249
1789568180,10,,Aggregated,31.800000,0.000000,9,10,10,11,12,13,15,17,23,31,36,33103,0,9,9.46787738072062,2.5859679999484797,36.30505999990419,224.4554874180588
1789568181,10,,Aggregated,31.900000,0.000000,9,10,10,11,12,13,15,17,23,31,36,33133,0,9,9.467752232305994,2.5859679999484797,36.30505999990419,224.4508194247427
1789568182,10,,Aggregated,32.100000,0.000000,9,10,10,11,12,13,15,17,23,31,36,33170,0,9,9.467769609526597,2.5859679999484797,36.30505999990419,224.4502562556527
1789568183,10,,Aggregated,32.200000,0.000000,9,10,10,11,12,13,15,17,23,31,36,33200,0,9,9.468341392771096,2.5859679999484797,36.30505999990419,224.44427710843374
1789568184,10,,Aggregated,31.900000,0.000000,9,10,10,11,12,13,15,17,23,31,36,33228,0,9,9.468249031208602,2.5859679999484797,36.30505999990419,224.43165402672446
1789568185,10,,Aggregated,32.600000,0.000000,9,10,10,11,12,13,15,17,23,31,36,33260,0,9,9.46857306665652,2.5859679999484797,36.30505999990419,224.43502705953097
1789568186,10,,Aggregated,32.600000,0.000000,9,10,10,11,12,13,15,17,23,31,36,33292,0,9,9.468726320347168,2.5859679999484797,36.30505999990419,224.43668148504145
1789568187,10,,Aggregated,32.300000,0.000000,9,10,10,11,12,13,15,17,23,31,36,33324,0,9,9.46819458849467,2.5859679999484797,36.30505999990419,224.4372524306806
1789568188,10,,Aggregated,31.900000,0.000000,9,10,10,11,12,13,15,17,23,31,36,33355,0,9,9.468507728346435,2.5859679999484797,36.30505999990419,224.43321840803478
1789568189,10,,Aggregated,31.600000,0.000000,9,10,10,11,12,13,15,17,23,31,36,33383,0,9,9.468017525387044,2.5859679999484797,36.30505999990419,224.43282509061498
1789568190,10,,Aggregated,31.500000,0.000000,9,10,10,11,12,13,15,17,23,31,36,33418,0,9,9.4680837255669,2.5859679999484797,36.30505999990419,224.42692560895327
1789568191,10,,Aggregated,31.700000,0.000000,9,10,10,11,12,13,15,17,23,31,36,33452,0,9,9.467420994977758,2.5859679999484797,36.30505999990419,224.42460839411694
1789568192,10,,Aggregated,31.200000,0.000000,9,10,10,11,12,13,15,17,23,31,36,33486,0,9,9.468434179059738,2.5859679999484797,36.30505999990419,224.41951860479006
1789568193,10,,Aggregated,31.400000,0.000000,9,10,10,11,12,13,15,17,23,31,36,33523,0,9,9.468104397428405,2.5859679999484797,36.30505999990419,224.42439519136116
1789568194,10,,Aggregated,31.800000,0.000000,9,10,10,11,12,13,15,17,23,31,36,33556,0,9,9.467616133716431,2.5859679999484797,36.30505999990419,224.42698772201692
1789568195,10,,Aggregated,31.600000,0.000000,9,10,10,11,12,13,15,17,23,31,36,33585,0,9,9.467249302158454,2.5859679999484797,36.30505999990419,224.42593419681404
1789568196,10,,Aggregated,32.100000,0.000000,9,10,10,11,12,13,15,17,23,31,36,33619,0,9,9.467683186203947,2.5859679999484797,36.30505999990419,224.42499776911865
1789568198,10,,Aggregated,32.600000,0.000000,9,10,10,11,12,13,15,17,23,31,36,33658,0,9,9.467916179362698,2.5859679999484797,36.30505999990419,224.42830827737833
1789568199,10,,Aggregated,32.600000,0.000000,9,10,10,11,12,13,15,17,23,31,36,33689,0,9,9.467816496779136,2.5859679999484797,36.30505999990419,224.42693460773546
1789568200,10,,Aggregated,32.600000,0.000000,9,10,10,11,12,13,15,17,23,31,36,33721,0,9,9.467368435069874,2.5859679999484797,36.30505999990419,224.42902049168174
1789568201,10,,Aggregated,33.400000,0.000000,9,10,10,11,12,13,15,17,23,31,36,33755,0,9,9.466873065590084,2.5859679999484797,36.30505999990419,224.43623166938232
1789568202,10,,Aggregated,33.300000,0.000000,9,10,10,11,12,13,15,17,23,31,36,33790,0,9,9.467280696004556,2.5859679999484797,36.30505999990419,224.43711157147084
1789568203,10,,Aggregated,33.700000,0.000000,9,10,10,11,12,13,15,17,23,31,36,33821,0,9,9.46759762898775,2.5859679999484797,36.30505999990419,224.4438958043819
1789568204,10,,Aggregated,33.600000,0.000000,9,10,10,11,12,13,15,17,23,31,36,33850,0,9,9.467526113559734,2.5859679999484797,36.30505999990419,224.44830132939438
1789568205,10,,Aggregated,33.500000,0.000000,9,10,10,11,12,13,15,17,23,31,36,33882,0,9,9.46683452343414,2.5859679999484797,36.30505999990419,224.45165574641402
1789568206,10,,Aggregated,33.500000,0.000000,9,10,10,11,12,13,15,17,23,31,36,33917,0,9,9.466501361499986,2.5859679999484797,36.30505999990419,224.4511896688976
1789568207,10,,Aggregated,32.700000,0.000000,9,10,10,11,12,13,15,17,23,31,36,33950,0,9,9.46634019340182,2.5859679999484797,36.30505999990419,224.4482768777614
1789568208,10,,Aggregated,33.200000,0.000000,9,10,10,11,12,13,15,17,23,31,36,33985,0,9,9.466979950301361,2.5859679999484797,36.30505999990419,224.4531705164043
1789568209,10,,Aggregated,33.100000,0.000000,9,10,10,11,12,13,15,17,23,31,36,34020,0,9,9.466689421928024,2.5859679999484797,36.30505999990419,224.45555555555555
1789568210,10,,Aggregated,32.600000,0.000000,9,10,10,11,12,13,15,17,23,31,36,34048,0,9,9.466226257841646,2.5859679999484797,36.30505999990419,224.4579417293233
1789568211,10,,Aggregated,32.600000,0.000000,9,10,10,11,12,13,15,17,23,31,36,34081,0,9,9.465633123822396,2.5859679999484797,36.30505999990419,224.46169419911388
1789568212,10,,Aggregated,33.100000,0.000000,9,10,10,11,12,13,15,17,23,31,36,34117,0,9,9.466380135914369,2.5859679999484797,36.30505999990419,224.46589676700765
1789568213,10,,Aggregated,32.600000,0.000000,9,10,10,11,12,13,15,17,23,31,36,34149,0,9,9.46646714287367,2.5859679999484797,36.30505999990419,224.47046765644674
1789568214,10,,Aggregated,32.700000,0.000000,9,10,10,11,12,13,15,17,23,31,36,34180,0,9,9.466968437975295,2.5859679999484797,36.30505999990419,224.47442949093036
1789568215,10,,Aggregated,32.500000,0.000000,9,10,10,11,12,13,15,17,23,31,36,34213,0,9,9.466898768187376,2.5859679999484797,36.30505999990419,224.47157513225966
1789568216,10,,Aggregated,32.500000,0.000000,9,10,10,11,12,13,15,17,23,31,36,34241,0,9,9.466895431938179,2.5859679999484797,36.30505999990419,224.47399316608744
1789568217,10,,Aggregated,33.000000,0.000000,9,10,10,11,12,13,15,17,23,31,36,34274,0,9,9.467965947160977,2.5859679999484797,36.30505999990419,224.46854758709225
1789568218,10,,Aggregated,32.400000,0.000000,9,10,10,11,12,13,15,17,23,31,36,34301,0,9,9.46744325255815,2.5859679999484797,36.30505999990419,224.47036529547245
1789568219,10,,Aggregated,32.100000,0.000000,9,10,10,11,12,13,15,17,23,31,36,34335,0,9,9.46739175380802,2.5859679999484797,36.30505999990419,224.46660841706714
1789568220,10,,Aggregated,32.100000,0.000000,9,10,10,11,12,13,15,17,23,31,36,34364,0,9,9.466662820946237,2.5859679999484797,36.30505999990419,224.466883948318
1789568221,10,,Aggregated,31.400000,0.000000,9,10,10,11,12,13,15,17,23,31,36,34397,0,9,9.467007401604704,2.5859679999484797,36.30505999990419,224.46265662703144
1789568222,10,,Aggregated,31.900000,0.000000,9,10,10,11,12,13,15,17,23,31,36,34427,0,9,9.467680272373451,2.5859679999484797,36.30505999990419,224.46614575769019
1789568223,10,,Aggregated,31.000000,0.000000,9,10,10,11,12,13,15,17,23,31,36,34464,0,9,9.468034054288452,2.5859679999484797,36.30505999990419,224.4603644382544
1789568224,10,,Aggregated,30.700000,0.000000,9,10,10,11,12,13,15,17,23,31,36,34495,0,9,9.468173407450413,2.5859679999484797,36.30505999990419,224.45250036237135
1789568225,10,,Aggregated,31.400000,0.000000,9,10,10,11,12,13,15,17,23,31,36,34526,0,9,9.469234817355066,2.5859679999484797,36.30505999990419,224.4524995655448
1789568226,10,,Aggregated,31.500000,0.000000,9,10,10,11,12,13,15,17,23,31,36,34556,0,9,9.468595713769009,2.5859679999484797,36.30505999990419,224.45057298298414
1789568227,10,,Aggregated,31.500000,0.000000,9,10,10,11,12,13,15,17,23,31,36,34583,0,9,9.469011337217816,2.5859679999484797,36.30505999990419,224.4497296359483
1789568228,10,,Aggregated,31.100000,0.000000,9,10,10,11,12,13,15,17,23,31,36,34618,0,9,9.468871607863,2.5859679999484797,36.30505999990419,224.44676180021955
1789568229,10,,Aggregated,31.200000,0.000000,9,10,10,11,12,13,15,17,23,31,36,34654,0,9,9.468586855629992,2.5859679999484797,36.30505999990419,224.4469902464362
1789568230,10,,Aggregated,31.500000,0.000000,9,10,10,11,12,13,15,17,23,31,36,34683,0,9,9.467931633682321,2.5859679999484797,36.30505999990419,224.452469509558
1789568231,10,,Aggregated,31.600000,0.000000,9,10,10,11,12,13,15,17,23,31,36,34715,0,9,9.468290113582135,2.5859679999484797,36.30505999990419,224.45683422151808
1789568232,10,,Aggregated,31.700000,0.000000,9,10,10,11,12,13,15,17,23,31,36,34747,0,9,9.46882305445069,2.5859679999484797,36.30505999990419,224.4586295219731
1789568233,10,,Aggregated,32.300000,0.000000,9,10,10,11,12,13,15,17,23,31,36,34779,0,9,9.468526493401217,2.5859679999484797,36.30505999990419,224.45515972282124
1789568234,10,,Aggregated,31.800000,0.000000,9,10,10,11,12,13,15,17,23,31,36,34810,0,9,9.469497904223056,2.5859679999484797,36.30505999990419,224.4604998563631
1789568235,10,,Aggregated,31.600000,0.000000,9,10,10,11,12,13,15,17,23,31,36,34845,0,9,9.468642995437099,2.5859679999484797,36.30505999990419,224.46135744009183
1789568236,10,,Aggregated,31.300000,0.000000,9,10,10,11,12,13,15,17,23,31,36,34874,0,9,9.468141918908252,2.5859679999484797,36.30505999990419,224.4524287434765
1789568237,10,,Aggregated,31.400000,0.000000,9,10,10,11,12,13,15,17,23,31,36,34905,0,9,9.46733911668836,2.5859679999484797,36.30505999990419,224.4551496920212
1789568238,10,,Aggregated,31.800000,0.000000,9,10,10,11,12,13,15,17,23,31,36,34939,0,9,9.468120079853726,2.5859679999484797,36.30505999990419,224.44769455336444
1789568239,10,,Aggregated,31.900000,0.000000,9,10,10,11,12,13,15,17,23,31,36,34969,0,9,9.4677559455807,2.5859679999484797,36.30505999990419,224.44467957333637
1789568240,10,,Aggregated,31.900000,0.000000,9,10,10,11,12,13,15,17,23,31,36,34998,0,9,9.467507797903066,2.5859679999484797,36.30505999990419,224.44756843248186
1789568241,10,,Aggregated,31.700000,0.000000,9,10,10,11,12,13,15,17,23,31,36,35030,0,9,9.46880015575262,2.5859679999484797,36.30505999990419,224.44304881530118
1789568242,10,,Aggregated,31.400000,0.000000,9,10,10,11,12,13,15,17,23,31,36,35065,0,9,9.469168157080176,2.5859679999484797,36.30505999990419,224.4309425352916
1789568243,10,,Aggregated,31.300000,0.000000,9,10,10,11,12,13,15,17,23,31,36,35102,0,9,9.468550202011658,2.5859679999484797,36.30505999990419,224.42390746965984
1789568244,10,,Aggregated,31.600000,0.000000,9,10,10,11,12,13,15,17,23,31,36,35132,0,9,9.468445004640158,2.5859679999484797,36.30505999990419,224.42465558465216
1789568245,10,,Aggregated,31.900000,0.000000,9,10,10,11,12,13,15,17,23,31,36,35166,0,9,9.467859000000551,2.5859679999484797,36.30505999990419,224.41753398168686
1789568246,10,,Aggregated,32.000000,0.000000,9,10,10,11,12,13,15,17,23,31,36,35201,0,9,9.468926466776995,2.5859679999484797,36.30505999990419,224.42129484957815
1789568247,10,,Aggregated,32.100000,0.000000,9,10,10,11,12,13,15,17,23,31,36,35230,0,9,9.468846894891186,2.5859679999484797,36.30505999990419,224.42546125461254
1789568248,10,,Aggregated,32.400000,0.000000,9,10,10,11,12,13,15,17,23,31,36,35263,0,9,9.468790048124617,2.5859679999484797,36.30505999990419,224.41740634659558
1789568249,10,,Aggregated,32.500000,0.000000,9,10,10,11,12,13,15,17,23,31,36,35300,0,9,9.46865918728096,2.5859679999484797,36.30505999990419,224.4140793201133
1789568250,10,,Aggregated,32.300000,0.000000,9,10,10,11,12,13,15,17,23,31,36,35328,0,9,9.46848544166148,2.5859679999484797,36.30505999990419,224.41366621376812
1789568251,10,,Aggregated,32.800000,0.000000,9,10,10,11,12,13,15,17,23,31,36,35360,0,9,9.468921865215323,2.5859679999484797,36.30505999990419,224.41300904977376
1789568252,10,,Aggregated,32.800000,0.000000,9,10,10,11,12,13,15,17,23,31,36,35390,0,9,9.468591119412533,2.5859679999484797,36.30505999990419,224.41008759536592
1789568253,10,,Aggregated,32.400000,0.000000,9,10,10,11,12,13,15,17,23,31,36,35422,0,9,9.469039208345302,2.5859679999484797,36.30505999990419,224.41062051832193
1789568254,10,,Aggregated,32.600000,0.000000,9,10,10,11,12,13,15,17,23,31,36,35456,0,9,9.468664521012265,2.5859679999484797,36.30505999990419,224.41476759927798
1789568255,10,,Aggregated,32.300000,0.000000,9,10,10,11,12,13,15,17,23,31,36,35485,0,9,9.468468630773918,2.5859679999484797,36.30505999990419,224.40727067775117
1789568256,10,,Aggregated,32.200000,0.000000,9,10,10,11,12,13,15,17,23,31,36,35518,0,9,9.469028781801207,2.5859679999484797,36.30505999990419,224.40711751787825
1789568257,10,,Aggregated,32.100000,0.000000,9,10,10,11,12,13,15,17,23,31,36,35549,0,9,9.468270455906385,2.5859679999484797,36.30505999990419,224.4009114180427
1789568258,10,,Aggregated,31.600000,0.000000,9,10,10,11,12,13,15,17,23,31,36,35579,0,9,9.468525745665048,2.5859679999484797,36.30505999990419,224.39405267151972
1789568259,10,,Aggregated,31.800000,0.000000,9,10,10,11,12,13,15,17,23,31,36,35611,0,9,9.468237130465754,2.5859679999484797,36.30505999990419,224.39715256521862
1789568260,10,,Aggregated,31.900000,0.000000,9,10,10,11,12,13,15,17,23,31,36,35643,0,9,9.468451327273673,2.5859679999484797,36.30505999990419,224.39516875683864
1789568261,10,,Aggregated,31.100000,0.000000,9,10,10,11,12,13,15,17,23,31,36,35678,0,9,9.468311803268524,2.5859679999484797,36.30505999990419,224.39231459162508
1789568262,10,,Aggregated,31.300000,0.000000,9,10,10,11,12,13,15,17,23,31,36,35709,0,9,9.46836786874498,2.5859679999484797,36.30505999990419,224.38732532414798
1789568263,10,,Aggregated,32.000000,0.000000,9,10,10,11,12,13,15,17,23,31,36,35742,0,9,9.468037768396211,2.5859679999484797,36.30505999990419,224.38461753679144
1789568264,10,,Aggregated,32.000000,0.000000,9,10,10,11,12,13,15,17,23,31,36,35775,0,9,9.467817937107327,2.5859679999484797,36.30505999990419,224.38202655485674
1789568265,10,,Aggregated,31.500000,0.000000,9,10,10,11,12,13,15,17,23,31,36,35805,0,9,9.468165051501606,2.5859679999484797,36.30505999990419,224.38170646557742
1789568266,10,,Aggregated,31.800000,0.000000,9,10,10,11,12,13,15,17,23,31,36,35834,0,9,9.468978937155134,2.5859679999484797,36.30505999990419,224.38460679801307
1789568267,10,,Aggregated,31.700000,0.000000,9,10,10,11,12,13,15,17,23,31,36,35867,0,9,9.469175599019179,2.5859679999484797,36.30505999990419,224.38589790057713
1789568268,10,,Aggregated,31.900000,0.000000,9,10,10,11,12,13,15,17,23,31,36,35903,0,9,9.46942827256832,2.5859679999484797,36.30505999990419,224.38347770381304
1789568269,10,,Aggregated,31.600000,0.000000,9,10,10,11,12,13,15,17,23,31,36,35935,0,9,9.469372667706116,2.5859679999484797,36.30505999990419,224.38026993182135
1789568270,10,,Aggregated,31.700000,0.000000,9,10,10,11,12,13,15,17,23,31,36,35968,0,9,9.469350777886536,2.5859679999484797,36.30505999990419,224.37886454626334
1789568271,10,,Aggregated,32.200000,0.000000,9,10,10,11,12,13,15,17,23,31,36,35997,0,9,9.469386141123469,2.5859679999484797,36.30505999990419,224.378059282718
1789568272,10,,Aggregated,32.500000,0.000000,9,10,10,11,12,13,15,17,23,31,36,36027,0,9,9.468984045633022,2.5859679999484797,36.30505999990419,224.37885474782803
1789568273,10,,Aggregated,31.800000,0.000000,9,10,10,11,12,13,15,17,23,31,36,36065,0,9,9.46886458699631,2.5859679999484797,36.30505999990419,224.37518369610424
1789568274,10,,Aggregated,31.600000,0.000000,9,10,10,11,12,13,15,17,23,31,36,36100,0,9,9.468331990305423,2.5859679999484797,36.30505999990419,224.37614958448754
1789568275,10,,Aggregated,32.600000,0.000000,9,10,10,11,12,13,15,17,23,31,36,36135,0,9,9.468316051031435,2.5859679999484797,36.30505999990419,224.37974263179743
1789568276,10,,Aggregated,32.700000,0.000000,9,10,10,11,12,13,15,17,23,31,36,36165,0,9,9.467909467358517,2.5859679999484797,36.30505999990419,224.38061661827734
1789568277,10,,Aggregated,32.800000,0.000000,9,10,10,11,12,13,15,17,23,31,36,36201,0,9,9.468841455098499,2.5859679999484797,36.30505999990419,224.38084583298803
1789568278,10,,Aggregated,33.100000,0.000000,9,10,10,11,12,13,15,17,23,31,36,36231,0,9,9.468799518203202,2.5859679999484797,36.30505999990419,224.3765559879661
1789568279,10,,Aggregated,33.100000,0.000000,9,10,10,11,12,13,15,17,23,31,36,36257,0,9,9.468622116971018,2.5859679999484797,36.30505999990419,224.37904404666685
1789568280,10,,Aggregated,32.800000,0.000000,9,10,10,11,12,13,15,17,23,31,36,36293,0,9,9.468058848098085,2.5859679999484797,36.30505999990419,224.37778634998486
1789568281,10,,Aggregated,32.300000,0.000000,9,10,10,11,12,13,15,17,23,31,36,36323,0,9,9.467725788096411,2.5859679999484797,36.30505999990419,224.3812185116868
1789568282,10,,Aggregated,32.100000,0.000000,9,10,10,11,12,13,15,17,23,31,36,36358,0,9,9.466872820260333,2.5859679999484797,36.30505999990419,224.38346443698774
1789568283,10,,Aggregated,32.400000,0.000000,9,10,10,11,12,13,15,17,23,31,36,36394,0,9,9.466935376601342,2.5859679999484797,36.30505999990419,224.38385448150794
1789568284,10,,Aggregated,32.900000,0.000000,9,10,10,11,12,13,15,17,23,31,36,36423,0,9,9.467506146583933,2.5859679999484797,36.30505999990419,224.38041896603795
1789568285,10,,Aggregated,32.300000,0.000000,9,10,10,11,12,13,15,17,23,31,36,36455,0,9,9.467780614648936,2.5859679999484797,36.30505999990419,224.37731449732547
1789568286,10,,Aggregated,32.400000,0.000000,9,10,10,11,12,13,15,17,23,31,36,36490,0,9,9.467113703809925,2.5859679999484797,36.30505999990419,224.3782406138668
1789568287,10,,Aggregated,32.100000,0.000000,9,10,10,11,12,13,15,17,23,31,36,36522,0,9,9.467263773370169,2.5859679999484797,36.30505999990419,224.37131044302063
1789568288,10,,Aggregated,31.900000,0.000000,9,10,10,11,12,13,15,17,23,31,36,36550,0,9,9.46685581660804,2.5859679999484797,36.30505999990419,224.37731874145007
1789568289,10,,Aggregated,32.000000,0.000000,9,10,10,11,12,13,15,17,23,31,36,36584,0,9,9.466948113301513,2.5859679999484797,36.30505999990419,224.37655805816752
1789568290,10,,Aggregated,32.100000,0.000000,9,10,10,11,12,13,15,17,23,31,36,36615,0,9,9.466493677619074,2.5859679999484797,36.30505999990419,224.3779325413082
1789568291,10,,Aggregated,32.300000,0.000000,9,10,10,11,12,13,15,17,23,31,36,36653,0,9,9.466250978965489,2.5859679999484797,36.30505999990419,224.3754945024964
1789568292,10,,Aggregated,32.600000,0.000000,9,10,10,11,12,13,15,17,23,31,36,36690,0,9,9.465661411393317,2.5859679999484797,36.30505999990419,224.37890433360587
1789568293,10,,Aggregated,32.800000,0.000000,9,10,10,11,12,13,15,17,23,31,36,36722,0,9,9.465497858532263,2.5859679999484797,36.30505999990419,224.3771036435924
1789568294,10,,Aggregated,32.700000,0.000000,9,10,10,11,12,13,15,17,23,31,36,36755,0,9,9.465260391457612,2.5859679999484797,36.30505999990419,224.37826146102572
1789568295,10,,Aggregated,33.100000,0.000000,9,10,10,11,12,13,15,17,23,31,36,36789,0,9,9.464783647259331,2.5859679999484797,36.30505999990419,224.3774497811846
1789568296,10,,Aggregated,32.500000,0.000000,9,10,10,11,12,13,15,17,23,31,36,36825,0,9,9.464256997828143,2.5859679999484797,36.30505999990419,224.37528852681604
1789568297,10,,Aggregated,33.600000,0.000000,9,10,10,11,12,13,15,17,23,31,36,36859,0,9,9.46510478561607,2.5859679999484797,36.30505999990419,224.37448113079574
1789568298,10,,Aggregated,33.800000,0.000000,9,10,10,11,12,13,15,17,23,31,36,36896,0,9,9.465470926008933,2.5859679999484797,36.30505999990419,224.3690101908066
1789568299,10,,Aggregated,34.000000,0.000000,9,10,10,11,12,13,15,17,23,31,36,36929,0,9,9.46614093065138,2.5859679999484797,36.30505999990419,224.36640580573533
1789568300,10,,Aggregated,34.400000,0.000000,9,10,10,11,12,13,15,17,23,31,36,36956,0,9,9.466046720587315,2.5859679999484797,36.30505999990419,224.37190172096547
1789568301,10,,Aggregated,34.800000,0.000000,9,10,10,11,12,13,15,17,23,31,36,36990,0,9,9.466685853069064,2.5859679999484797,36.30505999990419,224.37837253311707
1789568302,10,,Aggregated,34.100000,0.000000,9,10,10,11,12,13,15,17,23,31,36,37021,0,9,9.466456792442836,2.5859679999484797,36.30505999990419,224.37729937062747
1789568303,10,,Aggregated,33.900000,0.000000,9,10,10,11,12,13,15,17,23,31,36,37054,0,9,9.466760530685791,2.5859679999484797,36.30505999990419,224.3783667080477
1789568304,10,,Aggregated,33.300000,0.000000,9,10,10,11,12,13,15,17,23,31,36,37088,0,9,9.466101747628162,2.5859679999484797,36.30505999990419,224.37756147540983
1789568305,10,,Aggregated,32.900000,0.000000,9,10,10,11,12,13,15,17,23,31,36,37123,0,9,9.465787897934828,2.5859679999484797,36.30505999990419,224.37728631845488
1789568306,10,,Aggregated,33.500000,0.000000,9,10,10,11,12,13,15,17,23,31,36,37153,0,9,9.46602246881897,2.5859679999484797,36.30505999990419,224.37577046268134
1789568307,10,,Aggregated,32.900000,0.000000,9,10,10,11,12,13,15,17,23,31,36,37183,0,9,9.465896441304627,2.5859679999484797,36.30505999990419,224.37049189145577
1789568308,10,,Aggregated,32.600000,0.000000,9,10,10,11,12,13,15,17,23,31,36,37218,0,9,9.465713568193722,2.5859679999484797,36.30505999990419,224.37035842871728
1789568309,10,,Aggregated,32.000000,0.000000,9,10,10,11,12,13,15,17,23,31,36,37250,0,9,9.465950304591622,2.5859679999484797,36.30505999990419,224.3708724832215
1789568310,10,,Aggregated,32.300000,0.000000,9,10,10,11,12,13,15,17,23,31,36,37283,0,9,9.465065690262024,2.5859679999484797,36.30505999990419,224.36842528766462
1789568311,10,,Aggregated,31.900000,0.000000,9,10,10,11,12,13,15,17,23,31,36,37312,0,9,9.464962400247485,2.5859679999484797,36.30505999990419,224.3700954116638
1789568312,10,,Aggregated,32.300000,0.000000,9,10,10,11,12,13,15,17,23,31,36,37348,0,9,9.464550287593262,2.5859679999484797,36.30505999990419,224.37046160436972
1789568313,10,,Aggregated,32.400000,0.000000,9,10,10,11,12,13,15,17,23,31,36,37380,0,9,9.464669078251276,2.5859679999484797,36.30505999990419,224.37605671482075
1789568314,10,,Aggregated,32.600000,0.000000,9,10,10,11,12,13,15,17,23,31,36,37413,0,9,9.464278951835777,2.5859679999484797,36.30505999990419,224.37946703017667
1789568315,10,,Aggregated,32.300000,0.000000,9,10,10,11,12,13,15,17,23,31,36,37444,0,9,9.463536338853684,2.5859679999484797,36.30505999990419,224.38206388206387
1789568316,10,,Aggregated,32.100000,0.000000,9,10,10,11,12,13,15,17,23,31,36,37480,0,9,9.463535347092732,2.5859679999484797,36.30505999990419,224.3811099252935
1789568317,10,,Aggregated,32.000000,0.000000,9,10,10,11,12,13,15,17,23,31,36,37513,0,9,9.463856992190337,2.5859679999484797,36.30505999990419,224.37621624503507
1789568318,10,,Aggregated,32.300000,0.000000,9,10,10,11,12,13,15,17,23,31,36,37540,0,9,9.464232163772975,2.5859679999484797,36.30505999990419,224.3755727224294
1789568319,10,,Aggregated,32.800000,0.000000,9,10,10,11,12,13,15,17,23,31,36,37574,0,9,9.464347175867289,2.5859679999484797,36.30505999990419,224.37712247830947
1789568320,10,,Aggregated,32.200000,0.000000,9,10,10,11,12,13,15,17,23,31,36,37603,0,9,9.46403477012569,2.5859679999484797,36.30505999990419,224.37262984336357
1789568321,10,,Aggregated,31.900000,0.000000,9,10,10,11,12,13,15,17,23,31,36,37633,0,9,9.46391512927574,2.5859679999484797,36.30505999990419,224.37087130975473
1789568322,10,,Aggregated,31.900000,0.000000,9,10,10,11,12,13,15,17,23,31,36,37668,0,9,9.464047053388377,2.5859679999484797,36.30505999990419,224.369358606775
1789568323,10,,Aggregated,31.900000,0.000000,9,10,10,11,12,13,15,17,23,31,36,37698,0,9,9.463389235291771,2.5859679999484797,36.30505999990419,224.3652713671813
1789568324,10,,Aggregated,32.100000,0.000000,9,10,10,11,12,13,15,17,23,31,36,37734,0,9,9.46320792314693,2.5859679999484797,36.30505999990419,224.37430434091272
1789568325,10,,Aggregated,32.300000,0.000000,9,10,10,11,12,13,15,17,23,31,36,37765,0,9,9.462912210857297,2.5859679999484797,36.30505999990419,224.3756917781014
1789568326,10,,Aggregated,32.000000,0.000000,9,10,10,11,12,13,15,17,23,31,36,37796,0,9,9.463164207403517,2.5859679999484797,36.30505999990419,224.37715631283734
1789568327,10,,Aggregated,32.200000,0.000000,9,10,10,11,12,13,15,17,23,31,36,37826,0,9,9.462828196505663,2.5859679999484797,36.30505999990419,224.38034685137208
1789568328,10,,Aggregated,31.700000,0.000000,9,10,10,11,12,13,15,17,23,31,36,37856,0,9,9.462658202372776,2.5859679999484797,36.30505999990419,224.37885672020286
1789568329,10,,Aggregated,31.500000,0.000000,9,10,10,11,12,13,15,17,23,31,36,37890,0,9,9.462563533967428,2.5859679999484797,36.30505999990419,224.37928213248878
1789568330,10,,Aggregated,31.200000,0.000000,9,10,10,11,12,13,15,17,23,31,36,37926,0,9,9.462694650688835,2.5859679999484797,36.30505999990419,224.3795812898803
1789568331,10,,Aggregated,31.700000,0.000000,9,10,10,11,12,13,15,17,23,31,36,37956,0,9,9.46260483554704,2.5859679999484797,36.30505999990419,224.381468015597
1789568332,10,,Aggregated,32.200000,0.000000,9,10,10,11,12,13,15,17,23,31,36,37993,0,9,9.463005401600984,2.5859679999484797,36.30505999990419,224.38333377201064
1789568333,10,,Aggregated,32.000000,0.000000,9,10,10,11,12,13,15,17,23,31,36,38026,0,9,9.46300019920659,2.5859679999484797,36.30505999990419,224.38547309735443
1789568334,10,,Aggregated,32.300000,0.000000,9,10,10,11,12,13,15,17,23,31,36,38061,0,9,9.463255153911502,2.5859679999484797,36.30505999990419,224.38758834502508
1789568335,10,,Aggregated,32.600000,0.000000,9,10,10,11,12,13,15,17,23,31,36,38096,0,9,9.462028350089875,2.5859679999484797,36.30505999990419,224.38972595548088
1789568336,10,,Aggregated,32.700000,0.000000,9,10,10,11,12,13,15,17,23,31,36,38129,0,9,9.46258658608997,2.5859679999484797,36.30505999990419,224.38495633245037
1789568337,10,,Aggregated,32.700000,0.000000,9,10,10,11,12,13,15,17,23,31,36,38166,0,9,9.462378648929016,2.5859679999484797,36.30505999990419,224.3772467641356
1789568338,10,,Aggregated,33.200000,0.000000,9,10,10,11,12,13,15,17,23,31,36,38200,0,9,9.46357539641425,2.5859679999484797,36.30505999990419,224.3763612565445
1789568339,10,,Aggregated,33.500000,0.000000,9,10,10,11,12,13,15,17,23,31,36,38230,0,9,9.463210362961707,2.5859679999484797,36.30505999990419,224.37946638765368
1789568340,10,,Aggregated,34.100000,0.000000,9,10,10,11,12,13,15,17,23,31,36,38261,0,9,9.463284861373905,2.5859679999484797,36.30505999990419,224.3760225817412
1789568341,10,,Aggregated,33.900000,0.000000,9,10,10,11,12,13,15,17,23,31,36,38294,0,9,9.46300150316047,2.5859679999484797,36.30505999990419,224.37470622029562
1789568342,10,,Aggregated,33.400000,0.000000,9,10,10,11,12,13,15,17,23,31,36,38322,0,9,9.46270855967922,2.5859679999484797,36.30505999990419,224.3779291268723
1789568343,10,,Aggregated,33.800000,0.000000,9,10,10,11,12,13,15,17,23,31,36,38351,0,9,9.46331422093363,2.5859679999484797,36.30505999990419,224.3758181012229
1789568344,10,,Aggregated,33.000000,0.000000,9,10,10,11,12,13,15,17,23,31,36,38382,0,9,9.463572795477713,2.5859679999484797,36.30505999990419,224.37939659215257
1789568345,10,,Aggregated,32.300000,0.000000,9,10,10,11,12,13,15,17,23,31,36,38411,0,9,9.46333508963647,2.5859679999484797,36.30505999990419,224.37726172190258
1789568346,10,,Aggregated,32.200000,0.000000,9,10,10,11,12,13,15,17,23,31,36,38445,0,9,9.463210105085814,2.5859679999484797,36.30505999990419,224.37409285992976
1789568347,10,,Aggregated,31.800000,0.000000,9,10,10,11,12,13,15,17,23,31,36,38472,0,9,9.462561421969921,2.5859679999484797,36.30505999990419,224.37572780203786
1789568348,10,,Aggregated,31.500000,0.000000,9,10,10,11,12,13,15,17,23,31,36,38504,0,9,9.46268797613304,2.5859679999484797,36.30505999990419,224.37162372740494
1789568349,10,,Aggregated,31.000000,0.000000,9,10,10,11,12,13,15,17,23,31,36,38535,0,9,9.462622466122316,2.5859679999484797,36.30505999990419,224.37641105488518
1789568350,10,,Aggregated,30.700000,0.000000,9,10,10,11,12,13,15,17,23,31,36,38569,0,9,9.462500143898497,2.5859679999484797,36.30505999990419,224.37574217635924
1789568351,10,,Aggregated,30.500000,0.000000,9,10,10,11,12,13,15,17,23,31,36,38599,0,9,9.46222543394971,2.5859679999484797,36.30505999990419,224.37886991890983
1789568352,10,,Aggregated,30.700000,0.000000,9,10,10,11,12,13,15,17,23,31,36,38627,0,9,9.462455771637106,2.5859679999484797,36.30505999990419,224.37512620705724
1789568353,10,,Aggregated,30.200000,0.000000,9,10,10,11,12,13,15,17,23,31,36,38659,0,9,9.463404360460089,2.5859679999484797,36.30505999990419,224.37466049302878
1789568354,10,,Aggregated,30.400000,0.000000,9,10,10,11,12,13,15,17,23,31,36,38695,0,9,9.464151679778439,2.5859679999484797,36.30505999990419,224.37485463238144
1789568355,10,,Aggregated,30.800000,0.000000,9,10,10,11,12,13,15,17,23,31,36,38728,0,9,9.463847956801933,2.5859679999484797,36.30505999990419,224.3723920677546
1789568356,10,,Aggregated,31.100000,0.000000,9,10,10,11,12,13,15,17,23,31,36,38760,0,9,9.463682647601239,2.5859679999484797,36.30505999990419,224.37301341589267
1789568357,10,,Aggregated,31.300000,0.000000,9,10,10,11,12,13,15,17,23,31,36,38790,0,9,9.464070018304211,2.5859679999484797,36.30505999990419,224.36682134570765
1789568358,10,,Aggregated,31.200000,0.000000,9,10,10,11,12,13,15,17,23,31,36,38825,0,9,9.46374641797856,2.5859679999484797,36.30505999990419,224.37125563425627
1789568359,10,,Aggregated,31.700000,0.000000,9,10,10,11,12,13,15,17,23,31,36,38858,0,9,9.464062584333083,2.5859679999484797,36.30505999990419,224.37469761696434
1789568360,10,,Aggregated,31.700000,0.000000,9,10,10,11,12,13,15,17,23,31,36,38892,0,9,9.463498009951035,2.5859679999484797,36.30505999990419,224.37624704309368
1789568361,10,,Aggregated,32.600000,0.000000,9,10,10,11,12,13,15,17,23,31,36,38929,0,9,9.464037239179447,2.5859679999484797,36.30505999990419,224.37694263916362
1789568362,10,,Aggregated,32.200000,0.000000,9,10,10,11,12,13,15,17,23,31,36,38958,0,9,9.46405843829285,2.5859679999484797,36.30505999990419,224.37491657682634
1789568363,10,,Aggregated,32.700000,0.000000,9,10,10,11,12,13,15,17,23,31,36,38992,0,9,9.464478637105403,2.5859679999484797,36.30505999990419,224.37892388182192
1789568364,10,,Aggregated,33.000000,0.000000,9,10,10,11,12,13,15,17,23,31,36,39022,0,9,9.46421968200031,2.5859679999484797,36.30505999990419,224.38665368253805
1789568365,10,,Aggregated,33.100000,0.000000,9,10,10,11,12,13,15,17,23,31,36,39055,0,9,9.46410856548499,2.5859679999484797,36.30505999990419,224.3853027781334
1789568366,10,,Aggregated,33.100000,0.000000,9,10,10,11,12,13,15,17,23,31,36,39089,0,9,9.464493727366186,2.5859679999484797,36.30505999990419,224.38921435698023
1789568367,10,,Aggregated,33.000000,0.000000,9,10,10,11,12,13,15,17,23,31,36,39118,0,9,9.464372178946231,2.5859679999484797,36.30505999990419,224.3847078071476
1789568368,10,,Aggregated,33.100000,0.000000,9,10,10,11,12,13,15,17,23,31,36,39156,0,9,9.464364154459625,2.5859679999484797,36.30505999990419,224.3916385739095
1789568369,10,,Aggregated,32.800000,0.000000,9,10,10,11,12,13,15,17,23,31,36,39187,0,9,9.464377938245443,2.5859679999484797,36.30505999990419,224.38829203562406
1789568370,10,,Aggregated,32.700000,0.000000,9,10,10,11,12,13,15,17,23,31,36,39218,0,9,9.464015937529242,2.5859679999484797,36.30505999990419,224.38849507879036
1789568371,10,,Aggregated,32.400000,0.000000,9,10,10,11,12,13,15,17,23,31,36,39254,0,9,9.463906186503875,2.5859679999484797,36.30505999990419,224.3874764355225
1789568372,10,,Aggregated,32.500000,0.000000,9,10,10,11,12,13,15,17,23,31,36,39285,0,9,9.463100631081089,2.5859679999484797,36.30505999990419,224.38645793559883
1789568373,10,,Aggregated,32.400000,0.000000,9,10,10,11,12,13,15,17,23,31,36,39314,0,9,9.463247417027464,2.5859679999484797,36.30505999990419,224.3913364195961
1789568374,10,,Aggregated,32.400000,0.000000,9,10,10,11,12,13,15,17,23,31,36,39346,0,9,9.463691505058186,2.5859679999484797,36.30505999990419,224.39071316016876
1789568375,10,,Aggregated,32.200000,0.000000,9,10,10,11,12,13,15,17,23,31,36,39379,0,9,9.464048173722519,2.5859679999484797,36.30505999990419,224.3879478910079
1789568376,10,,Aggregated,31.700000,0.000000,9,10,10,11,12,13,15,17,23,31,36,39412,0,9,9.463581164899535,2.5859679999484797,36.30505999990419,224.38906931898913
1789568377,10,,Aggregated,32.000000,0.000000,9,10,10,11,12,13,15,17,23,31,36,39444,0,9,9.46345457331969,2.5859679999484797,36.30505999990419,224.39301287901836
1789568378,10,,Aggregated,32.100000,0.000000,9,10,10,11,12,13,15,17,23,31,36,39475,0,9,9.463207782419767,2.5859679999484797,36.30505999990419,224.39531348955035
1789568379,10,,Aggregated,32.200000,0.000000,9,10,10,11,12,13,15,17,23,31,36,39510,0,9,9.463817080638318,2.5859679999484797,36.30505999990419,224.39395089850672
1789568380,10,,Aggregated,32.400000,0.000000,9,10,10,11,12,13,15,17,23,31,36,39541,0,9,9.463572213449838,2.5859679999484797,36.30505999990419,224.39864950304747
1789568381,10,,Aggregated,31.800000,0.000000,9,10,10,11,12,13,15,17,23,31,36,39576,0,9,9.463536727006838,2.5859679999484797,36.30505999990419,224.39387507580352
1789568382,10,,Aggregated,32.100000,0.000000,9,10,10,11,12,13,15,17,23,31,36,39610,0,9,9.463371537996007,2.5859679999484797,36.30505999990419,224.3941428932088
1789568383,10,,Aggregated,32.200000,0.000000,9,10,10,11,12,13,15,17,23,31,36,39649,0,9,9.463620279099745,2.5859679999484797,36.30505999990419,224.40159903150143
1789568384,10,,Aggregated,32.500000,0.000000,9,10,10,11,12,13,15,17,23,31,36,39687,0,9,9.463473266007261,2.5859679999484797,36.30505999990419,224.40617834555397
1789568385,10,,Aggregated,32.900000,0.000000,9,10,10,11,12,13,15,17,23,31,36,39716,0,9,9.463379427032807,2.5859679999484797,36.30505999990419,224.41001107865847
1789568386,10,,Aggregated,33.500000,0.000000,9,10,10,11,12,13,15,17,23,31,36,39746,0,9,9.46344823537051,2.5859679999484797,36.30505999990419,224.4141800432748
1789568387,10,,Aggregated,33.900000,0.000000,9,10,10,11,12,13,15,17,23,31,36,39778,0,9,9.46354794464372,2.5859679999484797,36.30505999990419,224.41022675850974
1789568388,10,,Aggregated,33.500000,0.000000,9,10,10,11,12,13,15,17,23,31,36,39806,0,9,9.462919556600397,2.5859679999484797,36.30505999990419,224.40998844395318
1789568389,10,,Aggregated,33.400000,0.000000,9,10,10,11,12,13,15,17,23,31,36,39840,0,9,9.46337698775184,2.5859679999484797,36.30505999990419,224.4082078313253
1789568390,10,,Aggregated,33.100000,0.000000,9,10,10,11,12,13,15,17,23,31,36,39869,0,9,9.463411078783876,2.5859679999484797,36.30505999990419,224.40878878326518
1789568391,10,,Aggregated,33.000000,0.000000,9,10,10,11,12,13,15,17,23,31,36,39909,0,9,9.464467287429677,2.5859679999484797,36.30505999990419,224.40875491743716
1789568392,10,,Aggregated,33.000000,0.000000,9,10,10,11,12,13,15,17,23,31,36,39938,0,9,9.465005751064957,2.5859679999484797,36.30505999990419,224.41013571035106
1789568393,10,,Aggregated,33.100000,0.000000,9,10,10,11,12,13,15,17,23,31,36,39971,0,9,9.4657520643975,2.5859679999484797,36.30505999990419,224.41234895299092
1789568394,10,,Aggregated,33.000000,0.000000,9,10,10,11,12,13,15,17,23,31,36,40006,0,9,9.46535928418316,2.5859679999484797,36.30505999990419,224.4109383592461
1789568395,10,,Aggregated,32.800000,0.000000,9,10,10,11,12,13,15,17,23,31,36,40037,0,9,9.465280437895675,2.5859679999484797,36.30505999990419,224.40874690910908
1789568396,10,,Aggregated,32.400000,0.000000,9,10,10,11,12,13,15,17,23,31,36,40071,0,9,9.464792542113493,2.5859679999484797,36.30505999990419,224.4092236280602
1789568397,10,,Aggregated,32.000000,0.000000,9,10,10,11,12,13,15,17,23,31,36,40106,0,9,9.464693651499402,2.5859679999484797,36.30505999990419,224.40437839724729
1789568398,10,,Aggregated,32.400000,0.000000,9,10,10,11,12,13,15,17,23,31,36,40141,0,9,9.465193103311776,2.5859679999484797,36.30505999990419,224.40183353678285
1789568399,10,,Aggregated,32.100000,0.000000,9,10,10,11,12,13,15,17,23,31,36,40171,0,9,9.465369819348169,2.5859679999484797,36.30505999990419,224.39911876726993
1789568400,10,,Aggregated,32.900000,0.000000,9,10,10,11,12,13,15,17,23,31,36,40202,0,9,9.464867119298438,2.5859679999484797,36.30505999990419,224.40025371872045
1789568401,10,,Aggregated,33.600000,0.000000,9,10,10,11,12,13,15,17,23,31,36,40235,0,9,9.46518741024068,2.5859679999484797,36.30505999990419,224.39776314154344
1789568402,10,,Aggregated,33.200000,0.000000,9,10,10,11,12,13,15,17,23,31,36,40268,0,9,9.465549238676742,2.5859679999484797,36.30505999990419,224.39540081454257
1789568403,10,,Aggregated,32.800000,0.000000,9,10,10,11,12,13,15,17,23,31,36,40300,0,9,9.46491653158898,2.5859679999484797,36.30505999990419,224.40138957816376
1789568404,10,,Aggregated,32.600000,0.000000,9,10,10,11,12,13,15,17,23,31,36,40336,0,9,9.464934723870421,2.5859679999484797,36.30505999990419,224.4004859182864
1789568405,10,,Aggregated,32.600000,0.000000,9,10,10,11,12,13,15,17,23,31,36,40371,0,9,9.464962143916143,2.5859679999484797,36.30505999990419,224.40254142825296
1789568406,10,,Aggregated,32.800000,0.000000,9,10,10,11,12,13,15,17,23,31,36,40402,0,9,9.465304338350538,2.5859679999484797,36.30505999990419,224.39802485025493
1789568407,10,,Aggregated,32.700000,0.000000,9,10,10,11,12,13,15,17,23,31,36,40434,0,9,9.465811298338929,2.5859679999484797,36.30505999990419,224.39649799673543
1789568408,10,,Aggregated,33.100000,0.000000,9,10,10,11,12,13,15,17,23,31,36,40464,0,9,9.466042582741107,2.5859679999484797,36.30505999990419,224.39484480031632
1789568409,10,,Aggregated,33.000000,0.000000,9,10,10,11,12,13,15,17,23,31,36,40501,0,9,9.465877434903822,2.5859679999484797,36.30505999990419,224.3932742401422
1789568410,10,,Aggregated,32.600000,0.000000,9,10,10,11,12,13,15,17,23,31,36,40529,0,9,9.466813647685278,2.5859679999484797,36.30505999990419,224.3851809815194
1789568411,10,,Aggregated,32.300000,0.000000,9,10,10,11,12,13,15,17,23,31,36,40559,0,9,9.466771576346515,2.5859679999484797,36.30505999990419,224.3869917897384
1789568412,10,,Aggregated,32.800000,0.000000,9,10,10,11,12,13,15,17,23,31,36,40594,0,9,9.467406074716418,2.5859679999484797,36.30505999990419,224.38114006996108
1789568413,10,,Aggregated,32.500000,0.000000,9,10,10,11,12,13,15,17,23,31,36,40625,0,9,9.467538198326977,2.5859679999484797,36.30505999990419,224.37668923076924
1789568414,10,,Aggregated,32.400000,0.000000,9,10,10,11,12,13,15,17,23,31,36,40657,0,9,9.467505418969296,2.5859679999484797,36.30505999990419,224.37954103844356
1789568415,10,,Aggregated,32.300000,0.000000,9,10,10,11,12,13,15,17,23,31,36,40690,0,9,9.467253510150789,2.5859679999484797,36.30505999990419,224.37370361268125
1789568416,10,,Aggregated,32.000000,0.000000,9,10,10,11,12,13,15,17,23,31,36,40721,0,9,9.46776538960326,2.5859679999484797,36.30505999990419,224.36936715699517
1789568417,10,,Aggregated,32.000000,0.000000,9,10,10,11,12,13,15,17,23,31,36,40752,0,9,9.467650607553754,2.5859679999484797,36.30505999990419,224.36614153906558
1789568418,10,,Aggregated,31.100000,0.000000,9,10,10,11,12,13,15,17,23,31,36,40782,0,9,9.467369455373214,2.5859679999484797,36.30505999990419,224.36020793487322
1789568419,10,,Aggregated,32.000000,0.000000,9,10,10,11,12,13,15,17,23,31,36,40815,0,9,9.467896665319818,2.5859679999484797,36.30505999990419,224.36337130956755
1789568420,10,,Aggregated,31.700000,0.000000,9,10,10,11,12,13,15,17,23,31,36,40848,0,9,9.468054646005335,2.5859679999484797,36.30505999990419,224.36317567567568
1789568421,10,,Aggregated,31.700000,0.000000,9,10,10,11,12,13,15,17,23,31,36,40880,0,9,9.468626969839221,2.5859679999484797,36.30505999990419,224.36147260273972
1789568422,10,,Aggregated,31.300000,0.000000,9,10,10,11,12,13,15,17,23,31,36,40914,0,9,9.468634075304948,2.5859679999484797,36.30505999990419,224.35745710514738
1789568423,10,,Aggregated,31.800000,0.000000,9,10,10,11,12,13,15,17,23,31,36,40948,0,9,9.468812444784342,2.5859679999484797,36.30505999990419,224.35225163622155
1789568424,10,,Aggregated,32.100000,0.000000,9,10,10,11,12,13,15,17,23,31,36,40980,0,9,9.468852780039782,2.5859679999484797,36.30505999990419,224.35400195217179
1789568425,10,,Aggregated,32.200000,0.000000,9,10,10,11,12,13,15,17,23,31,36,41012,0,9,9.468013282893544,2.5859679999484797,36.30505999990419,224.35543255632498
1789568426,10,,Aggregated,32.200000,0.000000,9,10,10,11,12,13,15,17,23,31,36,41047,0,9,9.467626431506115,2.5859679999484797,36.30505999990419,224.3584427607377
1789568427,10,,Aggregated,32.100000,0.000000,9,10,10,11,12,13,15,17,23,31,36,41080,0,9,9.469099855234463,2.5859679999484797,36.30505999990419,224.3573758519961
1789568428,10,,Aggregated,32.900000,0.000000,9,10,10,11,12,13,15,17,23,31,36,41110,0,9,9.469674472075686,2.5859679999484797,36.30505999990419,224.35582583313064
1789568429,10,,Aggregated,32.200000,0.000000,9,10,10,11,12,13,15,17,23,31,36,41144,0,9,9.469150714831601,2.5859679999484797,36.30505999990419,224.3573546568151
1789568430,10,,Aggregated,32.400000,0.000000,9,10,10,11,12,13,15,17,23,31,36,41180,0,9,9.469608641185845,2.5859679999484797,36.30505999990419,224.35420106847985
1789568431,10,,Aggregated,32.800000,0.000000,9,10,10,11,12,13,15,17,23,31,36,41213,0,9,9.46907910938379,2.5859679999484797,36.30505999990419,224.35748428893797
1789568432,10,,Aggregated,33.000000,0.000000,9,10,10,11,12,13,15,17,23,31,36,41243,0,9,9.469474071382617,2.5859679999484797,36.30505999990419,224.3582426108673
1789568433,10,,Aggregated,33.100000,0.000000,9,10,10,11,12,13,15,17,23,31,36,41272,0,9,9.469634177869635,2.5859679999484797,36.30505999990419,224.3551802674937
1789568434,10,,Aggregated,32.500000,0.000000,9,10,10,11,12,13,15,17,23,31,36,41310,0,9,9.470009507940867,2.5859679999484797,36.30505999990419,224.35419995158557
1789568435,10,,Aggregated,32.500000,0.000000,9,10,10,11,12,13,15,17,23,31,36,41340,0,9,9.470336869812261,2.5859679999484797,36.30505999990419,224.35832123850992
1789568436,10,,Aggregated,32.800000,0.000000,9,10,10,11,12,13,15,17,23,31,36,41368,0,9,9.469904108683936,2.5859679999484797,36.30505999990419,224.36465383871592
1789568437,10,,Aggregated,33.100000,0.000000,9,10,10,11,12,13,15,17,23,31,36,41401,0,9,9.47030451484364,2.5859679999484797,36.30505999990419,224.36349363541945
1789568438,10,,Aggregated,32.300000,0.000000,9,10,10,11,12,13,15,17,23,31,36,41433,0,9,9.470030802839345,2.5859679999484797,36.30505999990419,224.36070282142254
1789568439,10,,Aggregated,32.600000,0.000000,9,10,10,11,12,13,15,17,23,31,36,41465,0,9,9.469922755071579,2.5859679999484797,36.30505999990419,224.36138912335704
1789568440,10,,Aggregated,32.200000,0.000000,9,10,10,11,12,13,15,17,23,31,36,41497,0,9,9.469899842351124,2.5859679999484797,36.30505999990419,224.36539990842712
1789568441,10,,Aggregated,31.700000,0.000000,9,10,10,11,12,13,15,17,23,31,36,41528,0,9,9.469457887691313,2.5859679999484797,36.30505999990419,224.36442881911
1789568442,10,,Aggregated,32.000000,0.000000,9,10,10,11,12,13,15,17,23,31,36,41559,0,9,9.469205731178462,2.5859679999484797,36.30505999990419,224.36102889867416
1789568443,10,,Aggregated,31.600000,0.000000,9,10,10,11,12,13,15,17,23,31,36,41588,0,9,9.469359821007217,2.5859679999484797,36.30505999990419,224.35361161873618
1789568444,10,,Aggregated,31.700000,0.000000,9,10,10,11,12,13,15,17,23,31,36,41620,0,9,9.469512253437046,2.5859679999484797,36.30505999990419,224.35526189332052
1789568445,10,,Aggregated,31.400000,0.000000,9,10,10,11,12,13,15,17,23,31,36,41651,0,9,9.469846069771418,2.5859679999484797,36.30505999990419,224.35871887829825
1789568446,10,,Aggregated,31.400000,0.000000,9,10,10,11,12,13,15,17,23,31,36,41685,0,9,9.469747874608414,2.5859679999484797,36.30505999990419,224.3547319179561
1789568447,10,,Aggregated,30.800000,0.000000,9,10,10,11,12,13,15,17,23,31,36,41716,0,9,9.469849881078062,2.5859679999484797,36.30505999990419,224.35475596893278
1789568448,10,,Aggregated,31.300000,0.000000,9,10,10,11,12,13,15,17,23,31,36,41750,0,9,9.469777900121063,2.5859679999484797,36.30505999990419,224.350874251497
1789568449,10,,Aggregated,31.500000,0.000000,9,10,10,11,12,13,15,17,23,31,36,41783,0,9,9.469598981285532,2.5859679999484797,36.30505999990419,224.35193739080486
1789568450,10,,Aggregated,31.700000,0.000000,9,10,10,11,12,13,15,17,23,31,36,41817,0,9,9.469129749624578,2.5859679999484797,36.30505999990419,224.34689241217686
1789568451,10,,Aggregated,32.000000,0.000000,9,10,10,11,12,13,15,17,23,31,36,41844,0,9,9.469289746655447,2.5859679999484797,36.30505999990419,224.34733773061848
1789568452,10,,Aggregated,31.400000,0.000000,9,10,10,11,12,13,15,17,23,31,36,41880,0,9,9.470082491070926,2.5859679999484797,36.30505999990419,224.3466093600764
1789568453,10,,Aggregated,31.900000,0.000000,9,10,10,11,12,13,15,17,23,31,36,41912,0,9,9.470225214522198,2.5859679999484797,36.30505999990419,224.34264649742317
1789568454,10,,Aggregated,32.000000,0.000000,9,10,10,11,12,13,15,17,23,31,36,41944,0,9,9.46980562507277,2.5859679999484797,36.30505999990419,224.34360099179858
1789568455,10,,Aggregated,32.100000,0.000000,9,10,10,11,12,13,15,17,23,31,36,41977,0,9,9.469577171595219,2.5859679999484797,36.30505999990419,224.34347380708482
1789568456,10,,Aggregated,31.900000,0.000000,9,10,10,11,12,13,15,17,23,31,36,42007,0,9,9.46972541957422,2.5859679999484797,36.30505999990419,224.34410931511414
1789568457,10,,Aggregated,32.400000,0.000000,9,10,10,11,12,13,15,17,23,31,36,42037,0,9,9.46924500766119,2.5859679999484797,36.30505999990419,224.34150867093274
1789568458,10,,Aggregated,32.700000,0.000000,9,10,10,11,12,13,15,17,23,31,36,42069,0,9,9.468783826999822,2.5859679999484797,36.30505999990419,224.34322184981815
1789568459,10,,Aggregated,31.900000,0.000000,9,10,10,11,12,13,15,17,23,31,36,42103,0,9,9.46913167945414,2.5859679999484797,36.30505999990419,224.3426121654039
1789568460,10,,Aggregated,32.000000,0.000000,9,10,10,11,12,13,15,17,23,31,36,42138,0,9,9.468902260407638,2.5859679999484797,36.30505999990419,224.3391000996725
1789568461,10,,Aggregated,31.800000,0.000000,9,10,10,11,12,13,15,17,23,31,36,42169,0,9,9.469267910362007,2.5859679999484797,36.30505999990419,224.3403210889516
1789568462,10,,Aggregated,32.100000,0.000000,9,10,10,11,12,13,15,17,23,31,36,42201,0,9,9.46907768024581,2.5859679999484797,36.30505999990419,224.33769341958723
1789568463,10,,Aggregated,32.100000,0.000000,9,10,10,11,12,13,15,17,23,31,36,42234,0,9,9.468912652295678,2.5859679999484797,36.30505999990419,224.3387318274376
1789568464,10,,Aggregated,32.200000,0.000000,9,10,10,11,12,13,15,17,23,31,36,42265,0,9,9.468131328878671,2.5859679999484797,36.30505999990419,224.3409677037738
1789568465,10,,Aggregated,32.300000,0.000000,9,10,10,11,12,13,15,17,23,31,36,42294,0,9,9.468711645010154,2.5859679999484797,36.30505999990419,224.33813306852036
1789568466,10,,Aggregated,32.300000,0.000000,9,10,10,11,12,13,15,17,23,31,36,42326,0,9,9.468140836484839,2.5859679999484797,36.30505999990419,224.34189387137928
1789568467,10,,Aggregated,32.000000,0.000000,9,10,10,11,12,13,15,17,23,31,36,42356,0,9,9.468414498136175,2.5859679999484797,36.30505999990419,224.3416281046369
1789568468,10,,Aggregated,31.400000,0.000000,9,10,10,11,12,13,15,17,23,31,36,42386,0,9,9.469072947814256,2.5859679999484797,36.30505999990419,224.34242438541028
1789568469,10,,Aggregated,31.700000,0.000000,9,10,10,11,12,13,15,17,23,31,36,42418,0,9,9.469411427249167,2.5859679999484797,36.30505999990419,224.34091659201283
1789568470,10,,Aggregated,31.500000,0.000000,9,10,10,11,12,13,15,17,23,31,36,42450,0,9,9.468828084241604,2.5859679999484797,36.30505999990419,224.3426148409894
1789568471,10,,Aggregated,31.400000,0.000000,9,10,10,11,12,13,15,17,23,31,36,42486,0,9,9.46879118540354,2.5859679999484797,36.30505999990419,224.34601986536742
1789568472,10,,Aggregated,31.400000,0.000000,9,10,10,11,12,13,15,17,23,31,36,42518,0,9,9.467934455173152,2.5859679999484797,36.30505999990419,224.34552424855355
1789568473,10,,Aggregated,30.700000,0.000000,9,10,10,11,12,13,15,17,23,31,36,42550,0,9,9.467969980682838,2.5859679999484797,36.30505999990419,224.34601645123385
1789568474,10,,Aggregated,31.400000,0.000000,9,10,10,11,12,13,15,17,23,31,36,42581,0,9,9.467395125902467,2.5859679999484797,36.30505999990419,224.34496606467673
1789568475,10,,Aggregated,31.400000,0.000000,9,10,10,11,12,13,15,17,23,31,36,42613,0,9,9.467821351983059,2.5859679999484797,36.30505999990419,224.34341632835051
1789568476,10,,Aggregated,31.600000,0.000000,9,10,10,11,12,13,15,17,23,31,36,42644,0,9,9.467932832287108,2.5859679999484797,36.30505999990419,224.34354188162462
1789568477,10,,Aggregated,31.600000,0.000000,9,10,10,11,12,13,15,17,23,31,36,42676,0,9,9.468853672463414,2.5859679999484797,36.30505999990419,224.34302652544756
1789568478,10,,Aggregated,31.600000,0.000000,9,10,10,11,12,13,15,17,23,31,36,42711,0,9,9.468517768679005,2.5859679999484797,36.30505999990419,224.34700662592775
1789568479,10,,Aggregated,31.700000,0.000000,9,10,10,11,12,13,15,17,23,31,36,42738,0,9,9.468129093618005,2.5859679999484797,36.30505999990419,224.34641302821845
1789568480,10,,Aggregated,32.000000,0.000000,9,10,10,11,12,13,15,17,23,31,36,42772,0,9,9.467861360751085,2.5859679999484797,36.30505999990419,224.34258393341437
1789568481,10,,Aggregated,32.400000,0.000000,9,10,10,11,12,13,15,17,23,31,36,42803,0,9,9.467470707217803,2.5859679999484797,36.30505999990419,224.34378431418358
1789568482,10,,Aggregated,32.200000,0.000000,9,10,10,11,12,13,15,17,23,31,36,42837,0,9,9.46716239690088,2.5859679999484797,36.30505999990419,224.34628942269532
1789568483,10,,Aggregated,32.400000,0.000000,9,10,10,11,12,13,15,17,23,31,36,42870,0,9,9.467262425100143,2.5859679999484797,36.30505999990419,224.3504315372055
1789568484,10,,Aggregated,31.900000,0.000000,9,10,10,11,12,13,15,17,23,31,36,42902,0,9,9.466962533985457,2.5859679999484797,36.30505999990419,224.347699407953
1789568485,10,,Aggregated,32.200000,0.000000,9,10,10,11,12,13,15,17,23,31,36,42932,0,9,9.466449944611076,2.5859679999484797,36.30505999990419,224.34412559396256
1789568486,10,,Aggregated,31.600000,0.000000,9,10,10,11,12,13,15,17,23,31,36,42963,0,9,9.466209193679171,2.5859679999484797,36.30505999990419,224.34522728859716
1789568487,10,,Aggregated,31.900000,0.000000,9,10,10,11,12,13,15,17,23,31,36,42994,0,9,9.46602646004184,2.5859679999484797,36.30505999990419,224.34960692189608
1789568488,10,,Aggregated,31.900000,0.000000,9,10,10,11,12,13,15,17,23,31,36,43032,0,9,9.466129035300236,2.5859679999484797,36.30505999990419,224.35385294664437
1789568489,10,,Aggregated,32.000000,0.000000,9,10,10,11,12,13,15,17,23,31,36,43068,0,9,9.466570481541769,2.5859679999484797,36.30505999990419,224.35520572118511
1789568490,10,,Aggregated,32.000000,0.000000,9,10,10,11,12,13,15,17,23,31,36,43097,0,9,9.466619088545443,2.5859679999484797,36.30505999990419,224.35343527391697
1789568491,10,,Aggregated,32.000000,0.000000,9,10,10,11,12,13,15,17,23,31,36,43127,0,9,9.466758978738271,2.5859679999484797,36.30505999990419,224.35098662091033
1789568492,10,,Aggregated,32.700000,0.000000,9,10,10,11,12,13,15,17,23,31,36,43158,0,9,9.466808433709753,2.5859679999484797,36.30505999990419,224.34790768803003
1789568493,10,,Aggregated,32.500000,0.000000,9,10,10,11,12,13,15,17,23,31,36,43187,0,9,9.466987551486408,2.5859679999484797,36.30505999990419,224.3481371709079
1789568494,10,,Aggregated,31.900000,0.000000,9,10,10,11,12,13,15,17,23,31,36,43221,0,9,9.466520648736635,2.5859679999484797,36.30505999990419,224.34642881932393
1789568495,10,,Aggregated,31.700000,0.000000,9,10,10,11,12,13,15,17,23,31,36,43252,0,9,9.466082674166321,2.5859679999484797,36.30505999990419,224.3487006381208
1789568496,10,,Aggregated,32.100000,0.000000,9,10,10,11,12,13,15,17,23,31,36,43281,0,9,9.465824129619058,2.5859679999484797,36.30505999990419,224.3552367089485
1789568497,10,,Aggregated,31.800000,0.000000,9,10,10,11,12,13,15,17,23,31,36,43312,0,9,9.466029057283167,2.5859679999484797,36.30505999990419,224.3594846693757
1789568498,10,,Aggregated,31.600000,0.000000,9,10,10,11,12,13,15,17,23,31,36,43345,0,9,9.466522535149352,2.5859679999484797,36.30505999990419,224.36364055831123
1789568499,10,,Aggregated,31.800000,0.000000,9,10,10,11,12,13,15,17,23,31,36,43378,0,9,9.4663412868055,2.5859679999484797,36.30505999990419,224.36456268154365
1789568500,10,,Aggregated,31.600000,0.000000,9,10,10,11,12,13,15,17,23,31,36,43410,0,9,9.466174606819841,2.5859679999484797,36.30505999990419,224.36311909698227
1789568501,10,,Aggregated,31.400000,0.000000,9,10,10,11,12,13,15,17,23,31,36,43441,0,9,9.466374361848233,2.5859679999484797,36.30505999990419,224.36527704242536
1789568502,10,,Aggregated,30.800000,0.000000,9,10,10,11,12,13,15,17,23,31,36,43472,0,9,9.466224149062619,2.5859679999484797,36.30505999990419,224.36954821494294
1789568503,10,,Aggregated,31.200000,0.000000,9,10,10,11,12,13,15,17,23,31,36,43503,0,9,9.466177069513623,2.5859679999484797,36.30505999990419,224.36845734776912
1789568504,10,,Aggregated,31.200000,0.000000,9,10,10,11,12,13,15,17,23,31,36,43537,0,9,9.466476130763494,2.5859679999484797,36.30505999990419,224.36658474401085
1789568505,10,,Aggregated,31.400000,0.000000,9,10,10,11,12,13,15,17,23,31,36,43571,0,9,9.466285186157089,2.5859679999484797,36.30505999990419,224.36602327236005
1789568506,10,,Aggregated,31.400000,0.000000,9,10,10,11,12,13,15,17,23,31,36,43602,0,9,9.4667694725483,2.5859679999484797,36.30505999990419,224.36509793128755
1789568507,10,,Aggregated,31.500000,0.000000,9,10,10,11,12,13,15,17,23,31,36,43632,0,9,9.466903271201295,2.5859679999484797,36.30505999990419,224.36163824715806
1789568508,10,,Aggregated,32.200000,0.000000,9,10,10,11,12,13,15,17,23,31,36,43666,0,9,9.466537402465374,2.5859679999484797,36.30505999990419,224.3589520450694
1789568509,10,,Aggregated,32.000000,0.000000,9,10,10,11,12,13,15,17,23,31,36,43695,0,9,9.46632420196942,2.5859679999484797,36.30505999990419,224.35081817141548
1789568510,10,,Aggregated,32.000000,0.000000,9,10,10,11,12,13,15,17,23,31,36,43726,0,9,9.466450501281923,2.5859679999484797,36.30505999990419,224.34878561953985
1789568511,10,,Aggregated,32.000000,0.000000,9,10,10,11,12,13,15,17,23,31,36,43755,0,9,9.465883929563507,2.5859679999484797,36.30505999990419,224.34704605187977
1789568512,10,,Aggregated,31.600000,0.000000,9,10,10,11,12,13,15,17,23,31,36,43789,0,9,9.465850446917173,2.5859679999484797,36.30505999990419,224.34844367306857
1789568513,10,,Aggregated,31.500000,0.000000,9,10,10,11,12,13,15,17,23,31,36,43822,0,9,9.466565368651695,2.5859679999484797,36.30505999990419,224.34637853133128
1789568514,10,,Aggregated,31.500000,0.000000,9,10,10,11,12,13,15,17,23,31,36,43853,0,9,9.46656987955335,2.5859679999484797,36.30505999990419,224.346498529177
1789568515,10,,Aggregated,31.600000,0.000000,9,10,10,11,12,13,15,17,23,31,36,43884,0,9,9.466596297239422,2.5859679999484797,36.30505999990419,224.3517682982408
1789568516,10,,Aggregated,31.600000,0.000000,9,10,10,11,12,13,15,17,23,31,36,43915,0,9,9.466322075510782,2.5859679999484797,36.30505999990419,224.34776272344303
1789568517,10,,Aggregated,31.800000,0.000000,9,10,10,11,12,13,15,17,23,31,36,43951,0,9,9.466295906442557,2.5859679999484797,36.30505999990419,224.34700006825784
1789568518,10,,Aggregated,31.000000,0.000000,9,10,10,11,12,13,15,17,23,31,36,43986,0,9,9.466666276384572,2.5859679999484797,36.30505999990419,224.34997499204292
1789568519,10,,Aggregated,31.100000,0.000000,9,10,10,11,12,13,15,17,23,31,36,44021,0,9,9.46668087387962,2.5859679999484797,36.30505999990419,224.3496740192181
1789568520,10,,Aggregated,31.700000,0.000000,9,10,10,11,12,13,15,17,23,31,36,44053,0,9,9.466516278483907,2.5859679999484797,36.30505999990419,224.35432320159808
1789568521,10,,Aggregated,31.900000,0.000000,9,10,10,11,12,13,15,17,23,31,36,44085,0,9,9.466326433345877,2.5859679999484797,36.30505999990419,224.35066349098332
1789568522,10,,Aggregated,32.600000,0.000000,9,10,10,11,12,13,15,17,23,31,36,44118,0,9,9.46637916616917,2.5859679999484797,36.30505999990419,224.35380116959064
1789568523,10,,Aggregated,32.700000,0.000000,9,10,10,11,12,13,15,17,23,31,36,44150,0,9,9.466717292345516,2.5859679999484797,36.30505999990419,224.35218573046433
1789568524,10,,Aggregated,32.900000,0.000000,9,10,10,11,12,13,15,17,23,31,36,44182,0,9,9.466497507945713,2.5859679999484797,36.30505999990419,224.34869403829614
1789568525,10,,Aggregated,32.700000,0.000000,9,10,10,11,12,13,15,17,23,31,36,44217,0,9,9.467182362146952,2.5859679999484797,36.30505999990419,224.34850849220888
1789568526,10,,Aggregated,32.700000,0.000000,9,10,10,11,12,13,15,17,23,31,36,44254,0,9,9.466966244656945,2.5859679999484797,36.30505999990419,224.3460930085416
1789568527,10,,Aggregated,32.500000,0.000000,9,10,10,11,12,13,15,17,23,31,36,44284,0,9,9.467533419362447,2.5859679999484797,36.30505999990419,224.34156806069913
1789568528,10,,Aggregated,33.300000,0.000000,9,10,10,11,12,13,15,17,23,31,36,44319,0,9,9.467474667141522,2.5859679999484797,36.30505999990419,224.34125318712066
1789568530,10,,Aggregated,33.700000,0.000000,9,10,10,11,12,13,15,17,23,31,36,44350,0,9,9.467918786043807,2.5859679999484797,36.30505999990419,224.34441939120632
1789568531,10,,Aggregated,33.100000,0.000000,9,10,10,11,12,13,15,17,23,31,36,44382,0,9,9.467169882205418,2.5859679999484797,36.30505999990419,224.34189536298499
1789568532,10,,Aggregated,32.700000,0.000000,9,10,10,11,12,13,15,17,23,31,36,44416,0,9,9.467316056286911,2.5859679999484797,36.30505999990419,224.34122838616716
1789568533,10,,Aggregated,32.700000,0.000000,9,10,10,11,12,13,15,17,23,31,36,44445,0,9,9.467180859310112,2.5859679999484797,36.30505999990419,224.34755315558556
1789568534,10,,Aggregated,32.700000,0.000000,9,10,10,11,12,13,15,17,23,31,36,44477,0,9,9.467110247342225,2.5859679999484797,36.30505999990419,224.34316613080918
1789568535,10,,Aggregated,33.000000,0.000000,9,10,10,11,12,13,15,17,23,31,36,44509,0,9,9.466721587859487,2.5859679999484797,36.30505999990419,224.3425599316992
1789568536,10,,Aggregated,32.700000,0.000000,9,10,10,11,12,13,15,17,23,31,36,44537,0,9,9.466630980646185,2.5859679999484797,36.30505999990419,224.3444551721041
1789568537,10,,Aggregated,32.700000,0.000000,9,10,10,11,12,13,15,17,23,31,36,44570,0,9,9.466738128472937,2.5859679999484797,36.30505999990419,224.3423154588288
1789568538,10,,Aggregated,31.900000,0.000000,9,10,10,11,12,13,15,17,23,31,36,44600,0,9,9.466595656547842,2.5859679999484797,36.30505999990419,224.34293721973094
1789568539,10,,Aggregated,31.900000,0.000000,9,10,10,11,12,13,15,17,23,31,36,44636,0,9,9.466605733668553,2.5859679999484797,36.30505999990419,224.34113719867372
1789568540,10,,Aggregated,31.300000,0.000000,9,10,10,11,12,13,15,17,23,31,36,44670,0,9,9.46585145791418,2.5859679999484797,36.30505999990419,224.34152675173493
1789568541,10,,Aggregated,31.700000,0.000000,9,10,10,11,12,13,15,17,23,31,36,44699,0,9,9.465904804179688,2.5859679999484797,36.30505999990419,224.33879952571647
1789568542,10,,Aggregated,31.700000,0.000000,9,10,10,11,12,13,15,17,23,31,36,44731,0,9,9.466015855201716,2.5859679999484797,36.30505999990419,224.34340837450537
1789568543,10,,Aggregated,31.900000,0.000000,9,10,10,11,12,13,15,17,23,31,36,44762,0,9,9.4663684854347,2.5859679999484797,36.30505999990419,224.34656628390152
1789568544,10,,Aggregated,31.600000,0.000000,9,10,10,11,12,13,15,17,23,31,36,44796,0,9,9.466112316211921,2.5859679999484797,36.30505999990419,224.34893740512547
1789568545,10,,Aggregated,31.700000,0.000000,9,10,10,11,12,13,15,17,23,31,36,44833,0,9,9.466729628957081,2.5859679999484797,36.30505999990419,224.34951932728126
1789568546,10,,Aggregated,31.900000,0.000000,9,10,10,11,12,13,15,17,23,31,36,44869,0,9,9.467408307362144,2.5859679999484797,36.30505999990419,224.35070984421316
1789568547,10,,Aggregated,32.000000,0.000000,9,10,10,11,12,13,15,17,23,31,36,44903,0,9,9.467694478565539,2.5859679999484797,36.30505999990419,224.34594570518672
1789568548,10,,Aggregated,33.100000,0.000000,9,10,10,11,12,13,15,17,23,31,36,44934,0,9,9.467545557062056,2.5859679999484797,36.30505999990419,224.3441046868741
1789568549,10,,Aggregated,33.000000,0.000000,9,10,10,11,12,13,15,17,23,31,36,44968,0,9,9.467173999667144,2.5859679999484797,36.30505999990419,224.3443559864793
1789568550,10,,Aggregated,33.000000,0.000000,9,10,10,11,12,13,15,17,23,31,36,45000,0,9,9.46684314373405,2.5859679999484797,36.30505999990419,224.34293333333332
1789568551,10,,Aggregated,33.600000,0.000000,9,10,10,11,12,13,15,17,22,31,36,45038,0,9,9.466653704583564,2.5859679999484797,36.30505999990419,224.34801722989477
1789568552,10,,Aggregated,33.100000,0.000000,9,10,10,11,12,13,15,17,22,31,36,45075,0,9,9.467218801598142,2.5859679999484797,36.30505999990419,224.34766500277317
1789568553,10,,Aggregated,33.100000,0.000000,9,10,10,11,12,13,15,17,22,31,36,45105,0,9,9.4667936341878,2.5859679999484797,36.30505999990419,224.3503380999889
1789568554,10,,Aggregated,34.000000,0.000000,9,10,10,11,12,13,15,17,22,31,36,45139,0,9,9.467057287180541,2.5859679999484797,36.30505999990419,224.3548151266089
1789568555,10,,Aggregated,34.300000,0.000000,9,10,10,11,12,13,15,17,22,31,36,45173,0,9,9.466709943772747,2.5859679999484797,36.30505999990419,224.35417173975605
1789568556,10,,Aggregated,33.800000,0.000000,9,10,10,11,12,13,15,17,22,31,36,45200,0,9,9.46703070006743,2.5859679999484797,36.30505999990419,224.3546238938053
1789568557,10,,Aggregated,34.000000,0.000000,9,10,10,11,12,13,15,17,22,31,36,45234,0,9,9.4670794415937,2.5859679999484797,36.30505999990419,224.36423928903037
1789568558,10,,Aggregated,33.100000,0.000000,9,10,10,11,12,13,15,17,22,31,36,45269,0,9,9.466821627406285,2.5859679999484797,36.30505999990419,224.3629194371424
1789568559,10,,Aggregated,33.100000,0.000000,9,10,10,11,12,13,15,17,22,31,36,45302,0,9,9.467012329103682,2.5859679999484797,36.30505999990419,224.3597412917752
1789568560,10,,Aggregated,33.400000,0.000000,9,10,10,11,12,13,15,17,22,31,36,45335,0,9,9.466846709497245,2.5859679999484797,36.30505999990419,224.3607587956325
1789568561,10,,Aggregated,33.400000,0.000000,9,10,10,11,12,13,15,17,22,31,36,45366,0,9,9.46663151472599,2.5859679999484797,36.30505999990419,224.36302517303707
1789568562,10,,Aggregated,33.400000,0.000000,9,10,10,11,12,13,15,17,23,31,36,45395,0,9,9.467438203393785,2.5859679999484797,36.30505999990419,224.36726511730367
1789568563,10,,Aggregated,32.600000,0.000000,9,10,10,11,12,13,15,17,23,31,36,45424,0,9,9.467306136691109,2.5859679999484797,36.30505999990419,224.3634422331807
1789568564,10,,Aggregated,32.400000,0.000000,9,10,10,11,12,13,15,17,23,31,36,45454,0,9,9.46728376081435,2.5859679999484797,36.30505999990419,224.36313635763628
1789568565,10,,Aggregated,31.500000,0.000000,9,10,10,11,12,13,15,17,23,31,36,45490,0,9,9.467209712883145,2.5859679999484797,36.30505999990419,224.3593537041108
1789568566,10,,Aggregated,31.800000,0.000000,9,10,10,11,12,13,15,17,23,31,36,45523,0,9,9.467727787691015,2.5859679999484797,36.30505999990419,224.35531489576698
1789568567,10,,Aggregated,31.900000,0.000000,9,10,10,11,12,13,15,17,23,31,36,45552,0,9,9.467556694328621,2.5859679999484797,36.30505999990419,224.35058833860205
1789568568,10,,Aggregated,32.100000,0.000000,9,10,10,11,12,13,15,17,23,31,36,45586,0,9,9.467305402076454,2.5859679999484797,36.30505999990419,224.34997586978457
1789568569,10,,Aggregated,31.700000,0.000000,9,10,10,11,12,13,15,17,23,31,36,45620,0,9,9.467401157848663,2.5859679999484797,36.30505999990419,224.35230162209558
1789568570,10,,Aggregated,31.700000,0.000000,9,10,10,11,12,13,15,17,23,31,36,45654,0,9,9.46811146048657,2.5859679999484797,36.30505999990419,224.34870986112935
1789568571,10,,Aggregated,31.400000,0.000000,9,10,10,11,12,13,15,17,23,31,36,45688,0,9,9.46836854983922,2.5859679999484797,36.30505999990419,224.3470276659079
1789568572,10,,Aggregated,32.100000,0.000000,9,10,10,11,12,13,15,17,23,31,36,45723,0,9,9.468620207205412,2.5859679999484797,36.30505999990419,224.3498020689806
1789568573,10,,Aggregated,31.900000,0.000000,9,10,10,11,12,13,15,17,23,31,36,45753,0,9,9.468712465041705,2.5859679999484797,36.30505999990419,224.34952899263436
1789568574,10,,Aggregated,32.300000,0.000000,9,10,10,11,12,13,15,17,23,31,36,45784,0,9,9.46807265691184,2.5859679999484797,36.30505999990419,224.34453084046828
1789568575,10,,Aggregated,32.800000,0.000000,9,10,10,11,12,13,15,17,23,31,36,45818,0,9,9.467774943429413,2.5859679999484797,36.30505999990419,224.34296564668907
1789568576,10,,Aggregated,32.900000,0.000000,9,10,10,11,12,13,15,17,23,31,36,45853,0,9,9.467244826511847,2.5859679999484797,36.30505999990419,224.33965062264193
1789568577,10,,Aggregated,32.400000,0.000000,9,10,10,11,12,13,15,17,23,31,36,45885,0,9,9.46705498557367,2.5859679999484797,36.30505999990419,224.3430314917729
1789568578,10,,Aggregated,32.700000,0.000000,9,10,10,11,12,13,15,17,23,31,36,45919,0,9,9.46696741325042,2.5859679999484797,36.30505999990419,224.3463272283804
1789568579,10,,Aggregated,33.100000,0.000000,9,10,10,11,12,13,15,17,23,31,36,45951,0,9,9.466871787361544,2.5859679999484797,36.30505999990419,224.3518530608692
1789568580,10,,Aggregated,32.900000,0.000000,9,10,10,11,12,13,15,17,23,31,36,45984,0,9,9.466464341989637,2.5859679999484797,36.30505999990419,224.35666753653445
1789568581,10,,Aggregated,33.400000,0.000000,9,10,10,11,12,13,15,17,22,31,36,46017,0,9,9.466511549993543,2.5859679999484797,36.30505999990419,224.36051893865312
1789568582,10,,Aggregated,32.500000,0.000000,9,10,10,11,12,13,15,17,22,31,36,46051,0,9,9.467091584092703,2.5859679999484797,36.30505999990419,224.36281513973637
1789568583,10,,Aggregated,32.900000,0.000000,9,10,10,11,12,13,15,17,22,31,36,46081,0,9,9.46698978902482,2.5859679999484797,36.30505999990419,224.36362058115057
1789568584,10,,Aggregated,32.800000,0.000000,9,10,10,11,12,13,15,17,22,31,36,46114,0,9,9.466552389058666,2.5859679999484797,36.30505999990419,224.369540703474
1789568585,10,,Aggregated,33.100000,0.000000,9,10,10,11,12,13,15,17,22,31,36,46142,0,9,9.46670525683875,2.5859679999484797,36.30505999990419,224.36931645789085
1789568586,10,,Aggregated,32.800000,0.000000,9,10,10,11,12,13,15,17,22,31,36,46178,0,9,9.467660499156631,2.5859679999484797,36.30505999990419,224.374442375157
1789568587,10,,Aggregated,32.500000,0.000000,9,10,10,11,12,13,15,17,22,31,36,46210,0,9,9.467747541052985,2.5859679999484797,36.30505999990419,224.36989829041332
1789568588,10,,Aggregated,32.700000,0.000000,9,10,10,11,12,13,15,17,22,31,36,46240,0,9,9.467520340831708,2.5859679999484797,36.30505999990419,224.36959342560553
1789568589,10,,Aggregated,32.400000,0.000000,9,10,10,11,12,13,15,17,22,31,36,46273,0,9,9.467486581333795,2.5859679999484797,36.30505999990419,224.36563438722365
1789568590,10,,Aggregated,32.400000,0.000000,9,10,10,11,12,13,15,17,22,31,36,46304,0,9,9.467420925364081,2.5859679999484797,36.30505999990419,224.3637914651002
1789568591,10,,Aggregated,31.900000,0.000000,9,10,10,11,12,13,15,17,22,31,36,46340,0,9,9.467278955417692,2.5859679999484797,36.30505999990419,224.36296935692707
1789568592,10,,Aggregated,32.000000,0.000000,9,10,10,11,12,13,15,17,22,31,36,46377,0,9,9.466622609850868,2.5859679999484797,36.30505999990419,224.36763913146603
1789568593,10,,Aggregated,31.900000,0.000000,9,10,10,11,12,13,15,17,22,31,36,46410,0,9,9.466199165762852,2.5859679999484797,36.30505999990419,224.36567550096962
1789568594,10,,Aggregated,32.300000,0.000000,9,10,10,11,12,13,15,17,22,31,36,46444,0,9,9.465831409031429,2.5859679999484797,36.30505999990419,224.36616139867368
1789568595,10,,Aggregated,32.600000,0.000000,9,10,10,11,12,13,15,17,22,31,36,46480,0,9,9.466320347742185,2.5859679999484797,36.30505999990419,224.3645008605852
1789568596,10,,Aggregated,32.900000,0.000000,9,10,10,11,12,13,15,17,22,31,36,46509,0,9,9.465907952935085,2.5859679999484797,36.30505999990419,224.36384355716098
1789568597,10,,Aggregated,33.500000,0.000000,9,10,10,11,12,13,15,17,22,31,36,46541,0,9,9.466239615071755,2.5859679999484797,36.30505999990419,224.36425947014462
1789568598,10,,Aggregated,32.800000,0.000000,9,10,10,11,12,13,15,17,22,31,36,46571,0,9,9.466062399692005,2.5859679999484797,36.30505999990419,224.3638959867729
1789568599,10,,Aggregated,33.000000,0.000000,9,10,10,11,12,13,15,17,22,31,36,46596,0,9,9.466523519595205,2.5859679999484797,36.30505999990419,224.3663833805477
1789568600,10,,Aggregated,32.600000,0.000000,9,10,10,11,12,13,15,17,22,31,36,46630,0,9,9.46678996217151,2.5859679999484797,36.30505999990419,224.36390735577953
1789568601,10,,Aggregated,32.600000,0.000000,9,10,10,11,12,13,15,17,22,31,36,46661,0,9,9.466615456078054,2.5859679999484797,36.30505999990419,224.36126529650028
1789568602,10,,Aggregated,32.600000,0.000000,9,10,10,11,12,13,15,17,22,31,36,46692,0,9,9.466701483724393,2.5859679999484797,36.30505999990419,224.36333847340015
1789568603,10,,Aggregated,32.200000,0.000000,9,10,10,11,12,13,15,17,22,31,36,46727,0,9,9.466463581720523,2.5859679999484797,36.30505999990419,224.36300211868942
1789568604,10,,Aggregated,31.600000,0.000000,9,10,10,11,12,13,15,17,23,31,36,46760,0,9,9.46769174067695,2.5859679999484797,36.30505999990419,224.3599871685201
1789568605,10,,Aggregated,31.400000,0.000000,9,10,10,11,12,13,15,17,23,31,36,46787,0,9,9.46766885284484,2.5859679999484797,36.30505999990419,224.3614465556672
1789568606,10,,Aggregated,31.500000,0.000000,9,10,10,11,12,13,15,17,23,31,36,46821,0,9,9.467110890157198,2.5859679999484797,36.30505999990419,224.36182482219516
1789568607,10,,Aggregated,30.900000,0.000000,9,10,10,11,12,13,15,17,23,31,36,46854,0,9,9.467178327977338,2.5859679999484797,36.30505999990419,224.365667819183
1789568608,10,,Aggregated,31.000000,0.000000,9,10,10,11,12,13,15,17,23,31,36,46884,0,9,9.467508489464386,2.5859679999484797,36.30505999990419,224.36739612661034
1789568609,10,,Aggregated,31.500000,0.000000,9,10,10,11,12,13,15,17,23,31,36,46915,0,9,9.467476319983994,2.5859679999484797,36.30505999990419,224.36841095598422
1789568610,10,,Aggregated,31.700000,0.000000,9,10,10,11,12,13,15,17,23,31,36,46947,0,9,9.467165113810253,2.5859679999484797,36.30505999990419,224.36975738598846
1789568611,10,,Aggregated,31.600000,0.000000,9,10,10,11,12,13,15,17,23,31,36,46981,0,9,9.466849798728154,2.5859679999484797,36.30505999990419,224.3701496349588
1789568612,10,,Aggregated,31.700000,0.000000,9,10,10,11,12,13,15,17,23,31,36,47011,0,9,9.466863024973875,2.5859679999484797,36.30505999990419,224.3717853268384
1789568613,10,,Aggregated,31.700000,0.000000,9,10,10,11,12,13,15,17,23,31,36,47040,0,9,9.467147439775701,2.5859679999484797,36.30505999990419,224.36904761904762
1789568614,10,,Aggregated,31.500000,0.000000,9,10,10,11,12,13,15,17,23,31,36,47070,0,9,9.467158158360913,2.5859679999484797,36.30505999990419,224.36868493732737
1789568615,10,,Aggregated,31.500000,0.000000,9,10,10,11,12,13,15,17,23,31,36,47101,0,9,9.467092605720572,2.5859679999484797,36.30505999990419,224.36589456699434
1789568616,10,,Aggregated,31.000000,0.000000,9,10,10,11,12,13,15,17,23,31,36,47133,0,9,9.467176497762637,2.5859679999484797,36.30505999990419,224.36819213714384
1789568617,10,,Aggregated,31.000000,0.000000,9,10,10,11,12,13,15,17,23,31,36,47165,0,9,9.467150364381311,2.5859679999484797,36.30505999990419,224.365800911693
1789568618,10,,Aggregated,31.300000,0.000000,9,10,10,11,12,13,15,17,23,31,36,47196,0,9,9.467819777566786,2.5859679999484797,36.30505999990419,224.36585727604034
1789568619,10,,Aggregated,30.600000,0.000000,9,10,10,11,12,13,15,17,23,31,36,47232,0,9,9.467890144542725,2.5859679999484797,36.30505999990419,224.369918699187
1789568620,10,,Aggregated,31.000000,0.000000,9,10,10,11,12,13,15,17,23,31,36,47266,0,9,9.468003133733424,2.5859679999484797,36.30505999990419,224.37324927008842
1789568621,10,,Aggregated,31.300000,0.000000,9,10,10,11,12,13,15,17,23,31,36,47300,0,9,9.467512450233517,2.5859679999484797,36.30505999990419,224.3698308668076
1789568622,10,,Aggregated,31.600000,0.000000,9,10,10,11,12,13,15,17,23,31,36,47332,0,9,9.467737700689742,2.5859679999484797,36.30505999990419,224.3692850502831
1789568623,10,,Aggregated,32.000000,0.000000,9,10,10,11,12,13,15,17,23,31,36,47362,0,9,9.467696991618762,2.5859679999484797,36.30505999990419,224.3641526962544
1789568624,10,,Aggregated,32.100000,0.000000,9,10,10,11,12,13,15,17,23,31,36,47390,0,9,9.468503128804482,2.5859679999484797,36.30505999990419,224.36205950622494
1789568625,10,,Aggregated,31.800000,0.000000,9,10,10,11,12,13,15,17,23,31,36,47420,0,9,9.468252769106842,2.5859679999484797,36.30505999990419,224.3626739772248
1789568626,10,,Aggregated,32.000000,0.000000,9,10,10,11,12,13,15,17,23,31,36,47451,0,9,9.468793051317142,2.5859679999484797,36.30505999990419,224.36464984931825
1789568627,10,,Aggregated,32.100000,0.000000,9,10,10,11,12,13,15,17,23,31,36,47482,0,9,9.468458581021157,2.5859679999484797,36.30505999990419,224.36462238321892
1789568628,10,,Aggregated,31.700000,0.000000,9,10,10,11,12,13,15,17,23,31,36,47510,0,9,9.468598891981655,2.5859679999484797,36.30505999990419,224.36061881709114
1789568629,10,,Aggregated,31.700000,0.000000,9,10,10,11,12,13,15,17,23,31,36,47544,0,9,9.468369698848413,2.5859679999484797,36.30505999990419,224.35808934881373
1789568630,10,,Aggregated,31.100000,0.000000,9,10,10,11,12,13,15,17,23,31,36,47576,0,9,9.468773463533081,2.5859679999484797,36.30505999990419,224.36037077518077
1789568631,10,,Aggregated,31.300000,0.000000,9,10,10,11,12,13,15,17,23,31,36,47610,0,9,9.468217271456705,2.5859679999484797,36.30505999990419,224.36265490443185
1789568632,10,,Aggregated,31.100000,0.000000,9,10,10,11,12,13,15,17,23,31,36,47643,0,9,9.468201453478075,2.5859679999484797,36.30505999990419,224.35868857964445
1789568633,10,,Aggregated,31.100000,0.000000,9,10,10,11,12,13,15,17,23,31,36,47671,0,9,9.467970548951275,2.5859679999484797,36.30505999990419,224.3575129533679
1789568634,10,,Aggregated,31.100000,0.000000,9,10,10,11,12,13,15,17,23,31,36,47703,0,9,9.468153002684499,2.5859679999484797,36.30505999990419,224.36203173804583
1789568635,10,,Aggregated,31.000000,0.000000,9,10,10,11,12,13,15,17,23,31,36,47734,0,9,9.46734918200982,2.5859679999484797,36.30505999990419,224.365902710856
1789568636,10,,Aggregated,30.900000,0.000000,9,10,10,11,12,13,15,17,23,31,36,47762,0,9,9.467792612642963,2.5859679999484797,36.30505999990419,224.3638457351032
1789568637,10,,Aggregated,31.200000,0.000000,9,10,10,11,12,13,15,17,23,31,36,47794,0,9,9.46729148372295,2.5859679999484797,36.30505999990419,224.36343474076244
1789568638,10,,Aggregated,31.200000,0.000000,9,10,10,11,12,13,15,17,23,31,36,47825,0,9,9.466887121611244,2.5859679999484797,36.30505999990419,224.36633559853632
1789568639,10,,Aggregated,31.500000,0.000000,9,10,10,11,12,13,15,17,23,31,36,47857,0,9,9.466940845938067,2.5859679999484797,36.30505999990419,224.36872348872683
1789568640,10,,Aggregated,31.300000,0.000000,9,10,10,11,12,13,15,17,23,31,36,47890,0,9,9.467079045647457,2.5859679999484797,36.30505999990419,224.36859469617875
1789568641,10,,Aggregated,31.000000,0.000000,9,10,10,11,12,13,15,17,23,31,36,47922,0,9,9.467572227412349,2.5859679999484797,36.30505999990419,224.36611577146195
1789568642,10,,Aggregated,31.200000,0.000000,9,10,10,11,12,13,15,17,23,31,36,47955,0,9,9.46810257791787,2.5859679999484797,36.30505999990419,224.36233969346262
1789568643,10,,Aggregated,31.100000,0.000000,9,10,10,11,12,13,15,17,23,31,36,47980,0,9,9.467699597208279,2.5859679999484797,36.30505999990419,224.36187994997917
1789568644,10,,Aggregated,31.100000,0.000000,9,10,10,11,12,13,15,17,22,31,36,48014,0,9,9.468408301746416,2.5859679999484797,36.30505999990419,224.36214437455743
1789568645,10,,Aggregated,31.000000,0.000000,9,10,10,11,12,13,15,17,22,31,36,48042,0,9,9.468188517673132,2.5859679999484797,36.30505999990419,224.3658049206944
1789568646,10,,Aggregated,30.800000,0.000000,9,10,10,11,12,13,15,17,23,31,36,48079,0,9,9.46940596921849,2.5859679999484797,36.30505999990419,224.36171717381808
1789568647,10,,Aggregated,30.900000,0.000000,9,10,10,11,12,13,15,17,23,31,36,48111,0,9,9.469542592048729,2.5859679999484797,36.30505999990419,224.35644655068486
1789568648,10,,Aggregated,31.400000,0.000000,9,10,10,11,12,13,15,17,23,31,36,48146,0,9,9.469949068916657,2.5859679999484797,36.30505999990419,224.35066256802227
1789568649,10,,Aggregated,31.300000,0.000000,9,10,10,11,12,13,15,17,23,31,36,48177,0,9,9.469774411504655,2.5859679999484797,36.30505999990419,224.3469705461112
1789568650,10,,Aggregated,31.900000,0.000000,9,10,10,11,12,13,15,17,23,31,36,48211,0,9,9.469498549025298,2.5859679999484797,36.30505999990419,224.34351081703346
1789568651,10,,Aggregated,32.100000,0.000000,9,10,10,11,12,13,15,17,23,31,36,48240,0,9,9.46908991689584,2.5859679999484797,36.30505999990419,224.34189469320066
1789568652,10,,Aggregated,32.100000,0.000000,9,10,10,11,12,13,15,17,23,31,36,48272,0,9,9.469305296674177,2.5859679999484797,36.30505999990419,224.34243453762016
1789568653,10,,Aggregated,31.700000,0.000000,9,10,10,11,12,13,15,17,23,31,36,48307,0,9,9.469611454241695,2.5859679999484797,36.30505999990419,224.33556213385225
1789568654,10,,Aggregated,31.700000,0.000000,9,10,10,11,12,13,15,17,23,31,36,48337,0,9,9.469894894057429,2.5859679999484797,36.30505999990419,224.33909841322384
1789568655,10,,Aggregated,32.000000,0.000000,9,10,10,11,12,13,15,17,23,31,36,48366,0,9,9.469881805856502,2.5859679999484797,36.30505999990419,224.33928792953728
1789568656,10,,Aggregated,32.600000,0.000000,9,10,10,11,12,13,15,17,23,31,36,48401,0,9,9.469398770522401,2.5859679999484797,36.30505999990419,224.3409640296688
1789568657,10,,Aggregated,32.300000,0.000000,9,10,10,11,12,13,15,17,23,31,36,48434,0,9,9.469811960999573,2.5859679999484797,36.30505999990419,224.33988520460832
1789568658,10,,Aggregated,32.100000,0.000000,9,10,10,11,12,13,15,17,23,31,36,48466,0,9,9.469900773842536,2.5859679999484797,36.30505999990419,224.34228118681136
1789568659,10,,Aggregated,32.200000,0.000000,9,10,10,11,12,13,15,17,23,31,36,48496,0,9,9.470585517404498,2.5859679999484797,36.30505999990419,224.34475008248103
1789568660,10,,Aggregated,31.800000,0.000000,9,10,10,11,12,13,15,17,23,31,36,48529,0,9,9.470303247935256,2.5859679999484797,36.30505999990419,224.34468050031938
1789568661,10,,Aggregated,31.900000,0.000000,9,10,10,11,12,13,15,17,23,31,36,48562,0,9,9.470507277852066,2.5859679999484797,36.30505999990419,224.34452864379557
1789568662,10,,Aggregated,31.600000,0.000000,9,10,10,11,12,13,15,17,23,31,36,48593,0,9,9.470182815139097,2.5859679999484797,36.30505999990419,224.34369147819646
1789568663,10,,Aggregated,31.800000,0.000000,9,10,10,11,12,13,15,17,23,31,36,48624,0,9,9.470311399083934,2.5859679999484797,36.30505999990419,224.34482971372162
1789568664,10,,Aggregated,32.000000,0.000000,9,10,10,11,12,13,15,17,23,31,36,48660,0,9,9.469967835944509,2.5859679999484797,36.30505999990419,224.34695848746404
1789568665,10,,Aggregated,31.700000,0.000000,9,10,10,11,12,13,15,17,23,31,36,48693,0,9,9.469689490318084,2.5859679999484797,36.30505999990419,224.34877703160618
1789568666,10,,Aggregated,31.700000,0.000000,9,10,10,11,12,13,15,17,23,31,36,48727,0,9,9.469708255321676,2.5859679999484797,36.30505999990419,224.35280234777434
1789568667,10,,Aggregated,32.300000,0.000000,9,10,10,11,12,13,15,17,23,31,36,48758,0,9,9.470086176977308,2.5859679999484797,36.30505999990419,224.34921448787892
1789568668,10,,Aggregated,32.300000,0.000000,9,10,10,11,12,13,15,17,23,31,36,48790,0,9,9.469612692848079,2.5859679999484797,36.30505999990419,224.35632301701168
1789568669,10,,Aggregated,32.300000,0.000000,9,10,10,11,12,13,15,17,23,31,36,48823,0,9,9.469485871803402,2.5859679999484797,36.30505999990419,224.35808942506605
1789568670,10,,Aggregated,32.800000,0.000000,9,10,10,11,12,13,15,17,23,31,36,48855,0,9,9.469387940498555,2.5859679999484797,36.30505999990419,224.35588987821103
1789568671,10,,Aggregated,32.200000,0.000000,9,10,10,11,12,13,15,17,23,31,36,48884,0,9,9.469535331827494,2.5859679999484797,36.30505999990419,224.3579698878979
1789568672,10,,Aggregated,32.900000,0.000000,9,10,10,11,12,13,15,17,23,31,36,48919,0,9,9.4710337727275,2.5859679999484797,36.30505999990419,224.35319609967496
1789568673,10,,Aggregated,32.700000,0.000000,9,10,10,11,12,13,15,17,23,31,36,48952,0,9,9.47097709638129,2.5859679999484797,36.30505999990419,224.35508252982513
1789568674,10,,Aggregated,32.300000,0.000000,9,10,10,11,12,13,15,17,23,31,36,48982,0,9,9.471187775653425,2.5859679999484797,36.30505999990419,224.35562043199542
1789568675,10,,Aggregated,32.700000,0.000000,9,10,10,11,12,13,15,17,22,31,36,49015,0,9,9.471473881323206,2.5859679999484797,36.30505999990419,224.35548301540345
1789568676,10,,Aggregated,32.600000,0.000000,9,10,10,11,12,13,15,17,22,31,36,49048,0,9,9.472060028932091,2.5859679999484797,36.30505999990419,224.35083999347577
1789568677,10,,Aggregated,31.800000,0.000000,9,10,10,11,12,13,15,17,22,31,36,49087,0,9,9.472304800029729,2.5859679999484797,36.30505999990419,224.35312811946136
1789568678,10,,Aggregated,32.400000,0.000000,9,10,10,11,12,13,15,17,22,31,36,49116,0,9,9.472392927356777,2.5859679999484797,36.30505999990419,224.35530173466896
1789568679,10,,Aggregated,32.500000,0.000000,9,10,10,11,12,13,15,17,22,31,36,49151,0,9,9.472119622104374,2.5859679999484797,36.30505999990419,224.35268865333362
1789568680,10,,Aggregated,32.500000,0.000000,9,10,10,11,12,13,15,17,22,31,36,49185,0,9,9.472103544089777,2.5859679999484797,36.30505999990419,224.35195689742807
1789568681,10,,Aggregated,32.700000,0.000000,9,10,10,11,12,13,15,17,22,31,36,49219,0,9,9.47184829106765,2.5859679999484797,36.30505999990419,224.3531359840712
1789568682,10,,Aggregated,32.500000,0.000000,9,10,10,11,12,13,15,17,22,31,36,49249,0,9,9.472161562185258,2.5859679999484797,36.30505999990419,224.35285995654735
1789568683,10,,Aggregated,32.800000,0.000000,9,10,10,11,12,13,15,17,22,31,36,49282,0,9,9.47204816239321,2.5859679999484797,36.30505999990419,224.35010754433668
1789568684,10,,Aggregated,33.100000,0.000000,9,10,10,11,12,13,15,17,22,31,36,49312,0,9,9.471707408623988,2.5859679999484797,36.30505999990419,224.35350421804023
1789568685,10,,Aggregated,33.000000,0.000000,9,10,10,11,12,13,15,17,22,31,36,49347,0,9,9.471530169940701,2.5859679999484797,36.30505999990419,224.35230105173568
1789568686,10,,Aggregated,33.000000,0.000000,9,10,10,11,12,13,15,17,22,31,36,49378,0,9,9.472037624388626,2.5859679999484797,36.30505999990419,224.35050022277127
1789568687,10,,Aggregated,33.300000,0.000000,9,10,10,11,12,13,15,17,22,31,36,49411,0,9,9.472153970088916,2.5859679999484797,36.30505999990419,224.3503673271134
1789568688,10,,Aggregated,32.900000,0.000000,9,10,10,11,12,13,15,17,22,31,36,49444,0,9,9.471730456254877,2.5859679999484797,36.30505999990419,224.35215597443573
1789568689,10,,Aggregated,32.600000,0.000000,9,10,10,11,12,13,15,17,22,31,36,49475,0,9,9.471504754867306,2.5859679999484797,36.30505999990419,224.35504800404246
1789568690,10,,Aggregated,32.400000,0.000000,9,10,10,11,12,13,15,17,22,31,36,49507,0,9,9.471996987215157,2.5859679999484797,36.30505999990419,224.3536469590159
1789568691,10,,Aggregated,32.500000,0.000000,9,10,10,11,12,13,15,17,22,31,36,49539,0,9,9.472033796323327,2.5859679999484797,36.30505999990419,224.35416540503442
1789568692,10,,Aggregated,32.200000,0.000000,9,10,10,11,12,13,15,17,22,31,36,49571,0,9,9.472263168769231,2.5859679999484797,36.30505999990419,224.3574267212685
1789568693,10,,Aggregated,32.100000,0.000000,9,10,10,11,12,13,15,17,22,31,36,49602,0,9,9.472526750474994,2.5859679999484797,36.30505999990419,224.35932018870207
1789568694,10,,Aggregated,31.900000,0.000000,9,10,10,11,12,13,15,17,22,31,36,49635,0,9,9.472337257944226,2.5859679999484797,36.30505999990419,224.35940364662034
1789568695,10,,Aggregated,32.000000,0.000000,9,10,10,11,12,13,15,17,22,31,36,49667,0,9,9.472036143517073,2.5859679999484797,36.30505999990419,224.36070227716593
1789568696,10,,Aggregated,32.100000,0.000000,9,10,10,11,12,13,15,17,22,31,36,49699,0,9,9.472209528583255,2.5859679999484797,36.30505999990419,224.36214008330148
1789568697,10,,Aggregated,32.100000,0.000000,9,10,10,11,12,13,15,17,22,31,36,49730,0,9,9.472505669677439,2.5859679999484797,36.30505999990419,224.36030565051277
1789568698,10,,Aggregated,32.000000,0.000000,9,10,10,11,12,13,15,17,22,31,36,49764,0,9,9.472304291657787,2.5859679999484797,36.30505999990419,224.35710553814002
1789568699,10,,Aggregated,32.200000,0.000000,9,10,10,11,12,13,15,17,22,31,36,49800,0,9,9.472180308434869,2.5859679999484797,36.30505999990419,224.35821285140563
1789568700,10,,Aggregated,31.900000,0.000000,9,10,10,11,12,13,15,17,22,31,36,49834,0,9,9.472684001365655,2.5859679999484797,36.30505999990419,224.36208211261388
1789568701,10,,Aggregated,32.300000,0.000000,9,10,10,11,12,13,15,17,22,31,36,49863,0,9,9.472337327157572,2.5859679999484797,36.30505999990419,224.36331548442732
1789568702,10,,Aggregated,32.300000,0.000000,9,10,10,11,12,13,15,17,22,31,36,49895,0,9,9.47264466002719,2.5859679999484797,36.30505999990419,224.36370377793367
1789568703,10,,Aggregated,32.300000,0.000000,9,10,10,11,12,13,15,17,22,31,36,49932,0,9,9.473152511997437,2.5859679999484797,36.30505999990419,224.35782664423616
1789568704,10,,Aggregated,32.500000,0.000000,9,10,10,11,12,13,15,17,22,31,36,49964,0,9,9.473277433373099,2.5859679999484797,36.30505999990419,224.35649667760788
1789568705,10,,Aggregated,32.800000,0.000000,9,10,10,11,12,13,15,17,22,31,36,49996,0,9,9.473244464598203,2.5859679999484797,36.30505999990419,224.35872869829586
1789568706,10,,Aggregated,32.700000,0.000000,9,10,10,11,12,13,15,17,22,29,36,50031,0,9,9.473568102377545,2.5859679999484797,36.30505999990419,224.35941716135994
1789568707,10,,Aggregated,33.000000,0.000000,9,10,10,11,12,13,15,17,22,29,36,50064,0,9,9.473679429271572,2.5859679999484797,36.30505999990419,224.36205656759347
1789568708,10,,Aggregated,32.700000,0.000000,9,10,10,11,12,13,15,17,22,29,36,50098,0,9,9.473785587070365,2.5859679999484797,36.30505999990419,224.36238971615634
1789568709,10,,Aggregated,33.000000,0.000000,9,10,10,11,12,13,15,17,22,29,36,50126,0,9,9.473887319316345,2.5859679999484797,36.30505999990419,224.3613693492399
1789568710,10,,Aggregated,33.400000,0.000000,9,10,10,11,12,13,15,17,22,29,36,50155,0,9,9.473871792604026,2.5859679999484797,36.30505999990419,224.35978466753065
1789568711,10,,Aggregated,32.800000,0.000000,9,10,10,11,12,13,15,17,22,29,36,50187,0,9,9.47338844858337,2.5859679999484797,36.30505999990419,224.35656644150876
1789568712,10,,Aggregated,32.300000,0.000000,9,10,10,11,12,13,15,17,22,29,36,50219,0,9,9.47356034572671,2.5859679999484797,36.30505999990419,224.35434795595293
1789568713,10,,Aggregated,32.300000,0.000000,9,10,10,11,12,13,15,17,22,29,36,50254,0,9,9.473176856470147,2.5859679999484797,36.30505999990419,224.35238985951366
1789568714,10,,Aggregated,32.000000,0.000000,9,10,10,11,12,13,15,17,22,29,36,50289,0,9,9.473589983754968,2.5859679999484797,36.30505999990419,224.3549682833224
1789568715,10,,Aggregated,32.300000,0.000000,9,10,10,11,12,13,15,17,22,29,36,50325,0,9,9.473042680716324,2.5859679999484797,36.30505999990419,224.35789369100846
1789568716,10,,Aggregated,32.300000,0.000000,9,10,10,11,12,13,15,17,22,29,36,50359,0,9,9.472952825891124,2.5859679999484797,36.30505999990419,224.3572350523243
1789568717,10,,Aggregated,32.200000,0.000000,9,10,10,11,12,13,15,17,22,29,36,50389,0,9,9.472916934331893,2.5859679999484797,36.30505999990419,224.35886800690628
1789568718,10,,Aggregated,32.800000,0.000000,9,10,10,11,12,13,15,17,22,29,36,50422,0,9,9.473048294535046,2.5859679999484797,36.30505999990419,224.36414660267343
1789568719,10,,Aggregated,32.400000,0.000000,9,10,10,11,12,13,15,17,22,29,36,50453,0,9,9.472718064060485,2.5859679999484797,36.30505999990419,224.36160386894733
1789568720,10,,Aggregated,32.400000,0.000000,9,10,10,11,12,13,15,17,22,29,36,50485,0,9,9.472312237101015,2.5859679999484797,36.30505999990419,224.35927503218778
1789568721,10,,Aggregated,32.500000,0.000000,9,10,10,11,12,13,15,17,22,29,36,50522,0,9,9.472048410257868,2.5859679999484797,36.30505999990419,224.35536993784885
1789568722,10,,Aggregated,32.800000,0.000000,9,10,10,11,12,13,15,17,22,29,36,50557,0,9,9.471866401033429,2.5859679999484797,36.30505999990419,224.35433273335047
1789568723,10,,Aggregated,33.200000,0.000000,9,10,10,11,12,13,15,17,22,29,36,50590,0,9,9.471548762187176,2.5859679999484797,36.30505999990419,224.35338999802332
1789568724,10,,Aggregated,33.600000,0.000000,9,10,10,11,12,13,15,17,22,29,36,50624,0,9,9.471786476612918,2.5859679999484797,36.30505999990419,224.3573996523388
1789568725,10,,Aggregated,33.200000,0.000000,9,10,10,11,12,13,15,17,22,29,36,50659,0,9,9.471836743146369,2.5859679999484797,36.30505999990419,224.35888983201406
1789568726,10,,Aggregated,33.600000,0.000000,9,10,10,11,12,13,15,17,22,29,36,50686,0,9,9.471581807186435,2.5859679999484797,36.30505999990419,224.361973720554
1789568727,10,,Aggregated,33.700000,0.000000,9,10,10,11,12,13,15,17,22,29,36,50718,0,9,9.471132127983159,2.5859679999484797,36.30505999990419,224.36424937891871
1789568728,10,,Aggregated,33.200000,0.000000,9,10,10,11,12,13,15,17,22,29,36,50753,0,9,9.471251459914749,2.5859679999484797,36.30505999990419,224.36415581344946
1789568729,10,,Aggregated,33.000000,0.000000,9,10,10,11,12,13,15,17,22,29,36,50783,0,9,9.47079969115756,2.5859679999484797,36.30505999990419,224.364787428864
1789568730,10,,Aggregated,32.700000,0.000000,9,10,10,11,12,13,15,17,22,29,36,50813,0,9,9.470559977191899,2.5859679999484797,36.30505999990419,224.36707141873143
1789568731,10,,Aggregated,33.100000,0.000000,9,10,10,11,12,13,15,17,22,29,36,50848,0,9,9.46994808393747,2.5859679999484797,36.30505999990419,224.36227580239145
1789568732,10,,Aggregated,32.900000,0.000000,9,10,10,11,12,13,15,17,22,29,36,50878,0,9,9.470732475255593,2.5859679999484797,36.30505999990419,224.36204253311843
1789568733,10,,Aggregated,32.400000,0.000000,9,10,10,11,12,13,15,17,22,29,36,50908,0,9,9.470504448457065,2.5859679999484797,36.30505999990419,224.35805767266442
1789568734,10,,Aggregated,32.200000,0.000000,9,10,10,11,12,13,15,17,22,29,36,50939,0,9,9.470487240838185,2.5859679999484797,36.30505999990419,224.36268870609945
1789568735,10,,Aggregated,32.000000,0.000000,9,10,10,11,12,13,15,17,22,29,36,50971,0,9,9.470782371800762,2.5859679999484797,36.30505999990419,224.36764042298563
1789568736,10,,Aggregated,31.400000,0.000000,9,10,10,11,12,13,15,17,22,29,36,51003,0,9,9.470917286199963,2.5859679999484797,36.30505999990419,224.36809599435327
1789568737,10,,Aggregated,30.900000,0.000000,9,10,10,11,12,13,15,17,22,29,36,51036,0,9,9.471031237186569,2.5859679999484797,36.30505999990419,224.37160043890586
1789568738,10,,Aggregated,31.200000,0.000000,9,10,10,11,12,13,15,17,22,29,36,51065,0,9,9.470846532459685,2.5859679999484797,36.30505999990419,224.37356310584548
1789568739,10,,Aggregated,31.100000,0.000000,9,10,10,11,12,13,15,17,22,29,36,51099,0,9,9.470830687118278,2.5859679999484797,36.30505999990419,224.37307970801777
1789568740,10,,Aggregated,31.500000,0.000000,9,10,10,11,12,13,15,17,22,29,36,51133,0,9,9.471253537638246,2.5859679999484797,36.30505999990419,224.37504155828915
1789568741,10,,Aggregated,31.100000,0.000000,9,10,10,11,12,13,15,17,22,29,36,51163,0,9,9.471458494831346,2.5859679999484797,36.30505999990419,224.3764634599222
1789568742,10,,Aggregated,31.600000,0.000000,9,10,10,11,12,13,15,17,22,29,36,51197,0,9,9.471092001876162,2.5859679999484797,36.30505999990419,224.3759009316952
1789568743,10,,Aggregated,32.000000,0.000000,9,10,10,11,12,13,15,17,22,29,36,51226,0,9,9.471294129388518,2.5859679999484797,36.30505999990419,224.37965095849765
1789568744,10,,Aggregated,32.000000,0.000000,9,10,10,11,12,13,15,17,22,29,36,51258,0,9,9.471475929046392,2.5859679999484797,36.30505999990419,224.38366693979475
1789568745,10,,Aggregated,31.800000,0.000000,9,10,10,11,12,13,15,17,22,29,36,51289,0,9,9.471163446276195,2.5859679999484797,36.30505999990419,224.38290861588254
1789568746,10,,Aggregated,31.800000,0.000000,9,10,10,11,12,13,15,17,22,29,36,51319,0,9,9.471029286269387,2.5859679999484797,36.30505999990419,224.3817494495216
1789568747,10,,Aggregated,32.000000,0.000000,9,10,10,11,12,13,15,17,22,29,36,51348,0,9,9.471214216698973,2.5859679999484797,36.30505999990419,224.3826828698294
1789568748,10,,Aggregated,31.800000,0.000000,9,10,10,11,12,13,15,17,22,29,36,51380,0,9,9.471081488148256,2.5859679999484797,36.30505999990419,224.38045932269367
1789568749,10,,Aggregated,31.600000,0.000000,9,10,10,11,12,13,15,17,22,29,36,51412,0,9,9.4713686129125,2.5859679999484797,36.30505999990419,224.3747179646775
1789568750,10,,Aggregated,31.100000,0.000000,9,10,10,11,12,13,15,17,22,29,36,51439,0,9,9.47133861115219,2.5859679999484797,36.30505999990419,224.37164408328312
1789568751,10,,Aggregated,31.500000,0.000000,9,10,10,11,12,13,15,17,22,29,36,51472,0,9,9.471990721577875,2.5859679999484797,36.30505999990419,224.37330976064658
1789568752,10,,Aggregated,31.100000,0.000000,9,10,10,11,12,13,15,17,22,29,36,51501,0,9,9.471820002952487,2.5859679999484797,36.30505999990419,224.37080833381876
1789568753,10,,Aggregated,30.700000,0.000000,9,10,10,11,12,13,15,17,22,29,36,51534,0,9,9.471900186538104,2.5859679999484797,36.30505999990419,224.36989172196996
1789568754,10,,Aggregated,30.400000,0.000000,9,10,10,11,12,13,15,17,22,29,36,51570,0,9,9.472781586504896,2.5859679999484797,36.30505999990419,224.37180531316656
1789568755,10,,Aggregated,30.700000,0.000000,9,10,10,11,12,13,15,17,22,29,36,51605,0,9,9.472781426936542,2.5859679999484797,36.30505999990419,224.3716306559442
1789568756,10,,Aggregated,30.900000,0.000000,9,10,10,11,12,13,15,17,22,29,36,51635,0,9,9.472837904232787,2.5859679999484797,36.30505999990419,224.37135663793939
1789568757,10,,Aggregated,31.400000,0.000000,9,10,10,11,12,13,15,17,22,29,36,51671,0,9,9.473541421359407,2.5859679999484797,36.30505999990419,224.37318805519536
1789568758,10,,Aggregated,31.200000,0.000000,9,10,10,11,12,13,15,17,22,29,36,51706,0,9,9.473179626795023,2.5859679999484797,36.30505999990419,224.3748501141067
1789568759,10,,Aggregated,31.900000,0.000000,9,10,10,11,12,13,15,17,22,29,36,51741,0,9,9.473464530818129,2.5859679999484797,36.30505999990419,224.37552424576253
1789568760,10,,Aggregated,32.500000,0.000000,9,10,10,11,12,13,15,17,22,29,36,51774,0,9,9.473342361978213,2.5859679999484797,36.30505999990419,224.37190481708967
1789568761,10,,Aggregated,32.500000,0.000000,9,10,10,11,12,13,15,17,22,29,36,51805,0,9,9.473200826658845,2.5859679999484797,36.30505999990419,224.37544638548403
1789568762,10,,Aggregated,32.900000,0.000000,9,10,10,11,12,13,15,17,22,29,36,51836,0,9,9.47259080675709,2.5859679999484797,36.30505999990419,224.3763407670345
1789568763,10,,Aggregated,32.900000,0.000000,9,10,10,11,12,13,15,17,22,29,36,51868,0,9,9.472412997976724,2.5859679999484797,36.30505999990419,224.37410349348346
1789568764,10,,Aggregated,33.300000,0.000000,9,10,10,11,12,13,15,17,22,29,36,51897,0,9,9.47242891816593,2.5859679999484797,36.30505999990419,224.37350906603464
1789568765,10,,Aggregated,33.100000,0.000000,9,10,10,11,12,13,15,17,22,29,36,51930,0,9,9.472419318891903,2.5859679999484797,36.30505999990419,224.37084536876566
1789568766,10,,Aggregated,33.100000,0.000000,9,10,10,11,12,13,15,17,22,29,36,51959,0,9,9.472339908929296,2.5859679999484797,36.30505999990419,224.37098481495025
1789568767,10,,Aggregated,32.500000,0.000000,9,10,10,11,12,13,15,17,22,29,36,51988,0,9,9.472070005925502,2.5859679999484797,36.30505999990419,224.37464414864968
1789568768,10,,Aggregated,32.600000,0.000000,9,10,10,11,12,13,15,17,22,29,36,52021,0,9,9.472416848658302,2.5859679999484797,36.30505999990419,224.37102324061436
1789568769,10,,Aggregated,31.900000,0.000000,9,10,10,11,12,13,15,17,22,29,36,52052,0,9,9.472827849344025,2.5859679999484797,36.30505999990419,224.36922692691923
1789568770,10,,Aggregated,31.400000,0.000000,9,10,10,11,12,13,15,17,22,29,36,52086,0,9,9.473235439312901,2.5859679999484797,36.30505999990419,224.36422455170296
1789568771,10,,Aggregated,31.300000,0.000000,9,10,10,11,12,13,15,17,22,29,36,52122,0,9,9.47370756032103,2.5859679999484797,36.30505999990419,224.36262998350026
1789568772,10,,Aggregated,30.800000,0.000000,9,10,10,11,12,13,15,17,22,29,36,52151,0,9,9.473392384097236,2.5859679999484797,36.30505999990419,224.36461429311038
1789568773,10,,Aggregated,31.100000,0.000000,9,10,10,11,12,13,15,17,22,29,36,52183,0,9,9.473223592742052,2.5859679999484797,36.30505999990419,224.3668819347297
1789568774,10,,Aggregated,31.800000,0.000000,9,10,10,11,12,13,15,17,22,29,36,52215,0,9,9.473074609749302,2.5859679999484797,36.30505999990419,224.3638418079096
1789568775,10,,Aggregated,31.400000,0.000000,9,10,10,11,12,13,15,17,22,29,36,52245,0,9,9.473113557241087,2.5859679999484797,36.30505999990419,224.3652598334769
1789568776,10,,Aggregated,31.600000,0.000000,9,10,10,11,12,13,15,17,22,29,36,52277,0,9,9.473270400196263,2.5859679999484797,36.30505999990419,224.36572488857433
1789568777,10,,Aggregated,31.400000,0.000000,9,10,10,11,12,13,15,17,22,29,36,52305,0,9,9.473062683702505,2.5859679999484797,36.30505999990419,224.36642768377783
1789568778,10,,Aggregated,31.800000,0.000000,9,10,10,11,12,13,15,17,22,29,36,52341,0,9,9.473032682181422,2.5859679999484797,36.30505999990419,224.36657687090425
1789568779,10,,Aggregated,31.900000,0.000000,9,10,10,11,12,13,15,17,22,29,36,52371,0,9,9.47294800108949,2.5859679999484797,36.30505999990419,224.3671497584541
1789568780,10,,Aggregated,31.800000,0.000000,9,10,10,11,12,13,15,17,22,29,36,52405,0,9,9.472830057171151,2.5859679999484797,36.30505999990419,224.36994561587636
1789568781,10,,Aggregated,31.700000,0.000000,9,10,10,11,12,13,15,17,22,29,36,52432,0,9,9.472526389953725,2.5859679999484797,36.30505999990419,224.36689426304548
1789568782,10,,Aggregated,32.000000,0.000000,9,10,10,11,12,13,15,17,22,29,36,52466,0,9,9.472168761313133,2.5859679999484797,36.30505999990419,224.36970609537605
1789568783,10,,Aggregated,32.100000,0.000000,9,10,10,11,12,13,15,17,22,29,36,52496,0,9,9.471697070082614,2.5859679999484797,36.30505999990419,224.37364751600123
1789568784,10,,Aggregated,31.200000,0.000000,9,10,10,11,12,13,15,17,22,29,36,52528,0,9,9.472582433446107,2.5859679999484797,36.30505999990419,224.37235379226317
1789568785,10,,Aggregated,31.500000,0.000000,9,10,10,11,12,13,15,17,22,29,36,52563,0,9,9.472240012747665,2.5859679999484797,36.30505999990419,224.36618914445523
1789568786,10,,Aggregated,30.800000,0.000000,9,10,10,11,12,13,15,17,22,29,36,52594,0,9,9.471931768624941,2.5859679999484797,36.30505999990419,224.36631554930221
1789568787,10,,Aggregated,31.400000,0.000000,9,10,10,11,12,13,15,17,22,29,36,52622,0,9,9.471713435028295,2.5859679999484797,36.30505999990419,224.36707080688686
1789568788,10,,Aggregated,31.500000,0.000000,9,10,10,11,12,13,15,17,22,29,36,52656,0,9,9.47177311134645,2.5859679999484797,36.30505999990419,224.3666058948648
1789568789,10,,Aggregated,31.400000,0.000000,9,10,10,11,12,13,15,17,22,29,36,52689,0,9,9.471500626165941,2.5859679999484797,36.30505999990419,224.36567404961187
1789568790,10,,Aggregated,31.500000,0.000000,9,10,10,11,12,13,15,17,22,29,36,52724,0,9,9.471464563330882,2.5859679999484797,36.30505999990419,224.37229724603597
1789568791,10,,Aggregated,31.500000,0.000000,9,10,10,11,12,13,15,17,22,29,36,52755,0,9,9.471289513317304,2.5859679999484797,36.30505999990419,224.36876125485736
1789568792,10,,Aggregated,31.900000,0.000000,9,10,10,11,12,13,15,17,22,29,36,52784,0,9,9.471287358007277,2.5859679999484797,36.30505999990419,224.36817975143984
1789568793,10,,Aggregated,31.700000,0.000000,9,10,10,11,12,13,15,17,22,29,36,52812,0,9,9.470983222147524,2.5859679999484797,36.30505999990419,224.3713928652579
1789568794,10,,Aggregated,31.600000,0.000000,9,10,10,11,12,13,15,17,22,29,36,52848,0,9,9.470994650016225,2.5859679999484797,36.30505999990419,224.36627686951257
1789568795,10,,Aggregated,31.700000,0.000000,9,10,10,11,12,13,15,17,22,29,36,52880,0,9,9.47060334343902,2.5859679999484797,36.30505999990419,224.36666036308623
1789568796,10,,Aggregated,31.800000,0.000000,9,10,10,11,12,13,15,17,22,29,36,52912,0,9,9.471037968609279,2.5859679999484797,36.30505999990419,224.3661740247959
1789568797,10,,Aggregated,31.800000,0.000000,9,10,10,11,12,13,15,17,22,29,36,52943,0,9,9.470927014053892,2.5859679999484797,36.30505999990419,224.36369302835124
1789568798,10,,Aggregated,31.300000,0.000000,9,10,10,11,12,13,15,17,22,29,36,52974,0,9,9.471257648526748,2.5859679999484797,36.30505999990419,224.36291388228187
1789568799,10,,Aggregated,31.800000,0.000000,9,10,10,11,12,13,15,17,22,29,36,53008,0,9,9.470886542032465,2.5859679999484797,36.30505999990419,224.36154920012075
1789568800,10,,Aggregated,31.800000,0.000000,9,10,10,11,12,13,15,17,22,29,36,53039,0,9,9.470964166953635,2.5859679999484797,36.30505999990419,224.35984841343162
1789568801,10,,Aggregated,31.700000,0.000000,9,10,10,11,12,13,15,17,22,29,36,53071,0,9,9.470626817848835,2.5859679999484797,36.30505999990419,224.35867046032672
1789568802,10,,Aggregated,31.800000,0.000000,9,10,10,11,12,13,15,17,22,29,36,53107,0,9,9.470923521476548,2.5859679999484797,36.30505999990419,224.35880392415314
1789568803,10,,Aggregated,31.400000,0.000000,9,10,10,11,12,13,15,17,22,29,36,53133,0,9,9.47066988628636,2.5859679999484797,36.30505999990419,224.3563698643028
1789568804,10,,Aggregated,31.900000,0.000000,9,10,10,11,12,13,15,17,22,29,36,53160,0,9,9.470396112961875,2.5859679999484797,36.30505999990419,224.35415726109858
1789568805,10,,Aggregated,32.100000,0.000000,9,10,10,11,12,13,15,17,22,29,36,53191,0,9,9.470130826531795,2.5859679999484797,36.30505999990419,224.35769209076724
1789568806,10,,Aggregated,31.900000,0.000000,9,10,10,11,12,13,15,17,22,29,36,53222,0,9,9.470117364079712,2.5859679999484797,36.30505999990419,224.35772800721506
1789568807,10,,Aggregated,31.100000,0.000000,9,10,10,11,12,13,15,17,22,29,36,53256,0,9,9.46967839349651,2.5859679999484797,36.30505999990419,224.35550923839568
1789568808,10,,Aggregated,31.300000,0.000000,9,10,10,11,12,13,15,17,22,29,36,53283,0,9,9.469655125669497,2.5859679999484797,36.30505999990419,224.35414672597264
1789568809,10,,Aggregated,31.000000,0.000000,9,10,10,11,12,13,15,17,22,29,36,53314,0,9,9.469169869566134,2.5859679999484797,36.30505999990419,224.3534718835578
1789568810,10,,Aggregated,31.200000,0.000000,9,10,10,11,12,13,15,17,22,29,36,53346,0,9,9.469969678083666,2.5859679999484797,36.30505999990419,224.35397218160688
1789568811,10,,Aggregated,30.900000,0.000000,9,10,10,11,12,13,15,17,22,29,36,53374,0,9,9.470282033856433,2.5859679999484797,36.30505999990419,224.35732753775247
1789568812,10,,Aggregated,30.500000,0.000000,9,10,10,11,12,13,15,17,22,29,36,53407,0,9,9.470518002322713,2.5859679999484797,36.30505999990419,224.355552642912
1789568813,10,,Aggregated,30.600000,0.000000,9,10,10,11,12,13,15,17,22,29,36,53439,0,9,9.47016709895488,2.5859679999484797,36.30505999990419,224.3525515073261
1789568814,10,,Aggregated,30.200000,0.000000,9,10,10,11,12,13,15,17,22,29,36,53473,0,9,9.471031677894464,2.5859679999484797,36.30505999990419,224.35124268322332
1789568815,10,,Aggregated,29.700000,0.000000,9,10,10,11,12,13,15,17,22,29,36,53501,0,9,9.47074130732233,2.5859679999484797,36.30505999990419,224.35270368778154
1789568816,10,,Aggregated,30.200000,0.000000,9,10,10,11,12,13,15,17,22,29,36,53539,0,9,9.47062586318483,2.5859679999484797,36.30505999990419,224.35112721567455
1789568817,10,,Aggregated,31.100000,0.000000,9,10,10,11,12,13,15,17,22,29,36,53570,0,9,9.47042433881009,2.5859679999484797,36.30505999990419,224.3529400784021
1789568818,10,,Aggregated,30.900000,0.000000,9,10,10,11,12,13,15,17,22,29,36,53605,0,9,9.470105244269336,2.5859679999484797,36.30505999990419,224.35625408077604
1789568819,10,,Aggregated,31.700000,0.000000,9,10,10,11,12,13,15,17,22,29,36,53640,0,9,9.469913713945903,2.5859679999484797,36.30505999990419,224.35531319910515
1789568820,10,,Aggregated,31.500000,0.000000,9,10,10,11,12,13,15,17,22,29,36,53676,0,9,9.469931941800011,2.5859679999484797,36.30505999990419,224.35893136597363
1789568821,10,,Aggregated,32.100000,0.000000,9,10,10,11,12,13,15,17,22,29,36,53709,0,9,9.469735171201481,2.5859679999484797,36.30505999990419,224.35977210523376
1789568822,10,,Aggregated,32.400000,0.000000,9,10,10,11,12,13,15,17,22,29,36,53737,0,9,9.4697496123724,2.5859679999484797,36.30505999990419,224.36215270670115
1789568823,10,,Aggregated,33.100000,0.000000,9,10,10,11,12,13,15,17,22,29,36,53773,0,9,9.469816109238089,2.5859679999484797,36.30505999990419,224.3665408290406
1789568824,10,,Aggregated,33.200000,0.000000,9,10,10,11,12,13,15,17,22,29,36,53805,0,9,9.469720932256513,2.5859679999484797,36.30505999990419,224.36780968311496
1789568825,10,,Aggregated,33.500000,0.000000,9,10,10,11,12,13,15,17,22,29,36,53839,0,9,9.46975616863361,2.5859679999484797,36.30505999990419,224.36897044893107
1789568826,10,,Aggregated,33.500000,0.000000,9,10,10,11,12,13,15,17,22,29,36,53870,0,9,9.469652429553868,2.5859679999484797,36.30505999990419,224.3638574345647
1789568827,10,,Aggregated,33.200000,0.000000,9,10,10,11,12,13,15,17,22,29,36,53905,0,9,9.469964630814772,2.5859679999484797,36.30505999990419,224.3654020962805
1789568828,10,,Aggregated,33.600000,0.000000,9,10,10,11,12,13,15,17,22,29,36,53939,0,9,9.471023886261763,2.5859679999484797,36.30505999990419,224.36659930662415
1789568829,10,,Aggregated,33.200000,0.000000,9,10,10,11,12,13,15,17,22,29,36,53969,0,9,9.470785091850383,2.5859679999484797,36.30505999990419,224.36033648946616
1789568830,10,,Aggregated,33.700000,0.000000,9,10,10,11,12,13,15,17,22,29,36,54004,0,9,9.467296580106495,2.5859679999484797,36.30505999990419,224.3566958003111
1789568831,10,,Aggregated,33.200000,0.000000,9,10,10,11,12,13,15,17,22,29,36,54038,0,9,9.465708410582762,2.5859679999484797,36.30505999990419,224.35615677856325
1789568832,10,,Aggregated,32.800000,0.000000,9,10,10,11,12,13,15,17,22,29,36,54073,0,9,9.465800003404107,2.5859679999484797,36.30505999990419,224.35664749505298
1789568833,10,,Aggregated,32.400000,0.000000,9,10,10,11,12,13,15,17,22,29,36,54106,0,9,9.466521820575725,2.5859679999484797,36.30505999990419,224.34986877610615
1789568834,10,,Aggregated,32.800000,0.000000,9,10,10,11,12,13,15,17,22,29,36,54143,0,9,9.46646999772955,2.5859679999484797,36.30505999990419,224.35199379421164
1789568835,10,,Aggregated,33.300000,0.000000,9,10,10,11,12,13,15,17,22,29,36,54174,0,9,9.466328974435577,2.5859679999484797,36.30505999990419,224.3555580167608
1789568836,10,,Aggregated,33.300000,0.000000,9,10,10,11,12,13,15,17,22,29,36,54208,0,9,9.466068446817335,2.5859679999484797,36.30505999990419,224.3549660566706
1789568837,10,,Aggregated,33.800000,0.000000,9,10,10,11,12,13,15,17,22,29,36,54240,0,9,9.466522397881125,2.5859679999484797,36.30505999990419,224.35379793510324
1789568838,10,,Aggregated,33.400000,0.000000,9,10,10,11,12,13,15,17,22,29,36,54272,0,9,9.46672264786766,2.5859679999484797,36.30505999990419,224.3500331662736
1789568839,10,,Aggregated,33.700000,0.000000,9,10,10,11,12,13,15,17,22,29,36,54300,0,9,9.46665574841757,2.5859679999484797,36.30505999990419,224.3499447513812
1789568840,10,,Aggregated,33.000000,0.000000,9,10,10,11,12,13,15,17,22,29,36,54329,0,9,9.46627661057772,2.5859679999484797,36.30505999990419,224.35437795652413
1789568841,10,,Aggregated,33.300000,0.000000,9,10,10,11,12,13,15,17,22,29,36,54358,0,9,9.466246602139046,2.5859679999484797,36.30505999990419,224.35453843040582
1789568842,10,,Aggregated,33.300000,0.000000,9,10,10,11,12,13,15,17,22,29,36,54393,0,9,9.46593646261599,2.5859679999484797,36.30505999990419,224.35526630264923
1789568843,10,,Aggregated,32.600000,0.000000,9,10,10,11,12,13,15,17,22,29,36,54428,0,9,9.466055884086717,2.5859679999484797,36.30505999990419,224.35849195267141
1789568844,10,,Aggregated,32.300000,0.000000,9,10,10,11,12,13,15,17,22,29,36,54459,0,9,9.46524293413524,2.5859679999484797,36.30505999990419,224.3594630823188
1789568845,10,,Aggregated,31.800000,0.000000,9,10,10,11,12,13,15,17,22,29,36,54493,0,9,9.465099254144011,2.5859679999484797,36.30505999990419,224.3574220542088
1789568846,10,,Aggregated,32.000000,0.000000,9,10,10,11,12,13,15,17,22,29,36,54523,0,9,9.464851068339422,2.5859679999484797,36.30505999990419,224.35297030610934
1789568847,10,,Aggregated,31.700000,0.000000,9,10,10,11,12,13,15,17,22,29,36,54557,0,9,9.46528117557916,2.5859679999484797,36.30505999990419,224.35260369888374
1789568848,10,,Aggregated,31.900000,0.000000,9,10,10,11,12,13,15,17,22,29,36,54587,0,9,9.465154253321655,2.5859679999484797,36.30505999990419,224.35149394544487
1789568849,10,,Aggregated,31.400000,0.000000,9,10,10,11,12,13,15,17,22,29,36,54621,0,9,9.464769752202747,2.5859679999484797,36.30505999990419,224.35605353252413
1789568850,10,,Aggregated,31.700000,0.000000,9,10,10,11,12,13,15,17,22,29,36,54656,0,9,9.464635216610503,2.5859679999484797,36.30505999990419,224.3609850702576
1789568851,10,,Aggregated,31.400000,0.000000,9,10,10,11,12,13,15,17,22,29,36,54685,0,9,9.464900093792828,2.5859679999484797,36.30505999990419,224.3587089695529
1789568852,10,,Aggregated,31.600000,0.000000,9,10,10,11,12,13,15,17,22,29,36,54715,0,9,9.464642581285949,2.5859679999484797,36.30505999990419,224.36171068262817
1789568853,10,,Aggregated,32.500000,0.000000,9,10,10,11,12,13,15,17,22,29,36,54746,0,9,9.465162645765236,2.5859679999484797,36.30505999990419,224.36099441055055
1789568854,10,,Aggregated,32.400000,0.000000,9,10,10,11,12,13,15,17,22,29,36,54777,0,9,9.464773038228904,2.5859679999484797,36.30505999990419,224.36270697555543
1789568855,10,,Aggregated,32.000000,0.000000,9,10,10,11,12,13,15,17,22,29,36,54806,0,9,9.46418964303295,2.5859679999484797,36.30505999990419,224.3628982228223
1789568856,10,,Aggregated,31.700000,0.000000,9,10,10,11,12,13,15,17,22,29,36,54840,0,9,9.464094322575903,2.5859679999484797,36.30505999990419,224.36148796498907
1789568857,10,,Aggregated,31.400000,0.000000,9,10,10,11,12,13,15,17,22,29,36,54872,0,9,9.46404979896964,2.5859679999484797,36.30505999990419,224.36114958448752
1789568858,10,,Aggregated,31.000000,0.000000,9,10,10,11,12,13,15,17,22,29,36,54906,0,9,9.463542358176975,2.5859679999484797,36.30505999990419,224.3582304301898
1789568859,10,,Aggregated,31.500000,0.000000,9,10,10,11,12,13,15,17,22,29,36,54940,0,9,9.463396924846494,2.5859679999484797,36.30505999990419,224.35684382963234
1789568860,10,,Aggregated,31.400000,0.000000,9,10,10,11,12,13,15,17,22,29,36,54971,0,9,9.463226924743276,2.5859679999484797,36.30505999990419,224.3560786596569
1789568861,10,,Aggregated,32.000000,0.000000,9,10,10,11,12,13,15,17,22,29,36,55005,0,9,9.463353098919505,2.5859679999484797,36.30505999990419,224.35551313516953
1789568862,10,,Aggregated,32.000000,0.000000,9,10,10,11,12,13,15,17,22,29,36,55035,0,9,9.46357031520069,2.5859679999484797,36.30505999990419,224.3568093031707
1789568863,10,,Aggregated,31.600000,0.000000,9,10,10,11,12,13,15,17,22,29,36,55069,0,9,9.46404418106498,2.5859679999484797,36.30505999990419,224.35969420181954
1789568864,10,,Aggregated,31.800000,0.000000,9,10,10,11,12,13,15,17,22,29,36,55098,0,9,9.464092854569493,2.5859679999484797,36.30505999990419,224.36161022178663
1789568865,10,,Aggregated,32.000000,0.000000,9,10,10,11,12,13,15,17,22,29,36,55128,0,9,9.464312687637339,2.5859679999484797,36.30505999990419,224.36393484254825
1789568867,10,,Aggregated,32.300000,0.000000,9,10,10,11,12,13,15,17,22,29,36,55158,0,9,9.464305279761295,2.5859679999484797,36.30505999990419,224.36284854418216
1789568868,10,,Aggregated,32.100000,0.000000,9,10,10,11,12,13,15,17,22,29,36,55190,0,9,9.464542041295063,2.5859679999484797,36.30505999990419,224.36234825149484
1789568869,10,,Aggregated,31.600000,0.000000,9,10,10,11,12,13,15,17,22,29,36,55219,0,9,9.464820434761096,2.5859679999484797,36.30505999990419,224.36413191111754
1789568870,10,,Aggregated,31.700000,0.000000,9,10,10,11,12,13,15,17,22,29,36,55253,0,9,9.464288435615652,2.5859679999484797,36.30505999990419,224.35954608799523
1789568871,10,,Aggregated,31.700000,0.000000,9,10,10,11,12,13,15,17,22,29,36,55288,0,9,9.464665223937754,2.5859679999484797,36.30505999990419,224.36347851251628
1789568872,10,,Aggregated,31.000000,0.000000,9,10,10,11,12,13,15,17,22,29,36,55316,0,9,9.464850233586514,2.5859679999484797,36.30505999990419,224.3649396196399
1789568873,10,,Aggregated,31.600000,0.000000,9,10,10,11,12,13,15,17,22,29,36,55351,0,9,9.464906131995333,2.5859679999484797,36.30505999990419,224.3631370706943
1789568874,10,,Aggregated,31.600000,0.000000,9,10,10,11,12,13,15,17,22,29,36,55379,0,9,9.464964355153962,2.5859679999484797,36.30505999990419,224.3613102439553
1789568875,10,,Aggregated,31.100000,0.000000,9,10,10,11,12,13,15,17,22,29,36,55409,0,9,9.464740027090778,2.5859679999484797,36.30505999990419,224.36346080961576
1789568876,10,,Aggregated,31.300000,0.000000,9,10,10,11,12,13,15,17,22,29,36,55441,0,9,9.46456319709372,2.5859679999484797,36.30505999990419,224.36397251131834
1789568877,10,,Aggregated,31.100000,0.000000,9,10,10,11,12,13,15,17,22,29,36,55477,0,9,9.464334527373014,2.5859679999484797,36.30505999990419,224.36337581340015
1789568878,10,,Aggregated,31.300000,0.000000,9,10,10,11,12,13,15,17,22,29,36,55507,0,9,9.464144481526173,2.5859679999484797,36.30505999990419,224.36067523015114
1789568879,10,,Aggregated,31.700000,0.000000,9,10,10,11,12,13,15,17,22,29,36,55539,0,9,9.464086129009749,2.5859679999484797,36.30505999990419,224.36601307189542
1789568880,10,,Aggregated,31.600000,0.000000,9,10,10,11,12,13,15,17,22,29,36,55570,0,9,9.464127853699337,2.5859679999484797,36.30505999990419,224.36530502069462
1789568881,10,,Aggregated,31.900000,0.000000,9,10,10,11,12,13,15,17,22,29,36,55605,0,9,9.463889596440463,2.5859679999484797,36.30505999990419,224.3643737074004
1789568882,10,,Aggregated,31.800000,0.000000,9,10,10,11,12,13,15,17,22,29,36,55638,0,9,9.463626588987273,2.5859679999484797,36.30505999990419,224.36435529673963
1789568883,10,,Aggregated,31.600000,0.000000,9,10,10,11,12,13,15,17,22,29,36,55671,0,9,9.463451768624116,2.5859679999484797,36.30505999990419,224.36509134019508
1789568884,10,,Aggregated,32.000000,0.000000,9,10,10,11,12,13,15,17,22,29,36,55706,0,9,9.463560560712885,2.5859679999484797,36.30505999990419,224.36830862025636
1789568885,10,,Aggregated,31.900000,0.000000,9,10,10,11,12,13,15,17,22,29,36,55735,0,9,9.463065826304314,2.5859679999484797,36.30505999990419,224.36598187853235
1789568886,10,,Aggregated,32.300000,0.000000,9,10,10,11,12,13,15,17,22,29,36,55764,0,9,9.462915574188953,2.5859679999484797,36.30505999990419,224.36532529947635
1789568887,10,,Aggregated,32.300000,0.000000,9,10,10,11,12,13,15,17,22,29,36,55795,0,9,9.462911024896012,2.5859679999484797,36.30505999990419,224.3678465812349
1789568888,10,,Aggregated,32.100000,0.000000,9,10,10,11,12,13,15,17,22,29,36,55831,0,9,9.462830105641588,2.5859679999484797,36.30505999990419,224.362379323315
1789568889,10,,Aggregated,32.000000,0.000000,9,10,10,11,12,13,15,17,22,29,36,55860,0,9,9.462531260867832,2.5859679999484797,36.30505999990419,224.36587898317222
1789568890,10,,Aggregated,32.000000,0.000000,9,10,10,11,12,13,15,17,22,29,36,55895,0,9,9.462173700958504,2.5859679999484797,36.30505999990419,224.36568566061365
1789568891,10,,Aggregated,32.100000,0.000000,9,10,10,11,12,13,15,17,22,29,36,55926,0,9,9.461904788346686,2.5859679999484797,36.30505999990419,224.35917104745556
1789568892,10,,Aggregated,32.600000,0.000000,9,10,10,11,12,13,15,17,22,29,36,55959,0,9,9.46172276770621,2.5859679999484797,36.30505999990419,224.35350881895673
1789568893,10,,Aggregated,31.900000,0.000000,9,10,10,11,12,13,15,17,22,29,36,55990,0,9,9.46185921216409,2.5859679999484797,36.30505999990419,224.35281300232185
1789568894,10,,Aggregated,32.000000,0.000000,9,10,10,11,12,13,15,17,22,29,36,56020,0,9,9.462303481168615,2.5859679999484797,36.30505999990419,224.35265976436986
1789568895,10,,Aggregated,31.900000,0.000000,9,10,10,11,12,13,15,17,22,29,36,56053,0,9,9.462642232370532,2.5859679999484797,36.30505999990419,224.3493836190748
1789568896,10,,Aggregated,31.500000,0.000000,9,10,10,11,12,13,15,17,22,29,36,56088,0,9,9.462082961775485,2.5859679999484797,36.30505999990419,224.35084153473113
1789568897,10,,Aggregated,31.900000,0.000000,9,10,10,11,12,13,15,17,22,29,36,56118,0,9,9.461760178428749,2.5859679999484797,36.30505999990419,224.35060052033216
1789568898,10,,Aggregated,32.400000,0.000000,9,10,10,11,12,13,15,17,22,29,36,56152,0,9,9.461434303231657,2.5859679999484797,36.30505999990419,224.345205869782
1789568899,10,,Aggregated,32.100000,0.000000,9,10,10,11,12,13,15,17,22,29,36,56186,0,9,9.461779424537518,2.5859679999484797,36.30505999990419,224.3480048410636
1789568900,10,,Aggregated,32.200000,0.000000,9,10,10,11,12,13,15,17,22,29,36,56221,0,9,9.46251965226631,2.5859679999484797,36.30505999990419,224.35029615268317
1789568901,10,,Aggregated,32.700000,0.000000,9,10,10,11,12,13,15,17,22,29,36,56253,0,9,9.462510282119364,2.5859679999484797,36.30505999990419,224.3506835191012
1789568902,10,,Aggregated,32.200000,0.000000,9,10,10,11,12,13,15,17,22,29,36,56286,0,9,9.462553711723318,2.5859679999484797,36.30505999990419,224.35388906655297
1789568903,10,,Aggregated,32.600000,0.000000,9,10,10,11,12,13,15,17,22,29,36,56317,0,9,9.462256752278403,2.5859679999484797,36.30505999990419,224.35399612905516
1789568904,10,,Aggregated,32.900000,0.000000,9,10,10,11,12,13,15,17,22,29,36,56350,0,9,9.462092272920366,2.5859679999484797,36.30505999990419,224.35316770186336
1789568905,10,,Aggregated,32.800000,0.000000,9,10,10,11,12,13,15,17,22,29,36,56385,0,9,9.461862976750234,2.5859679999484797,36.30505999990419,224.35536046820962
1789568906,10,,Aggregated,33.100000,0.000000,9,10,10,11,12,13,15,17,22,29,36,56419,0,9,9.461744024886386,2.5859679999484797,36.30505999990419,224.3491908754143
1789568907,10,,Aggregated,33.100000,0.000000,9,10,10,11,12,13,15,17,22,29,36,56453,0,9,9.461611679486664,2.5859679999484797,36.30505999990419,224.35353302747419
1789568908,10,,Aggregated,32.900000,0.000000,9,10,10,11,12,13,15,17,22,29,36,56486,0,9,9.461632366534426,2.5859679999484797,36.30505999990419,224.35353893000035
1789568909,10,,Aggregated,33.300000,0.000000,9,10,10,11,12,13,15,17,22,29,36,56517,0,9,9.461379625600472,2.5859679999484797,36.30505999990419,224.35348656156555
1789568910,10,,Aggregated,33.500000,0.000000,9,10,10,11,12,13,15,17,22,29,36,56547,0,9,9.462264814933878,2.5859679999484797,36.30505999990419,224.35405945496666
1789568911,10,,Aggregated,32.800000,0.000000,9,10,10,11,12,13,15,17,22,29,36,56579,0,9,9.462368694092705,2.5859679999484797,36.30505999990419,224.35285176478905
1789568912,10,,Aggregated,32.600000,0.000000,9,10,10,11,12,13,15,17,22,29,36,56613,0,9,9.462779155265865,2.5859679999484797,36.30505999990419,224.35074982777806
1789568913,10,,Aggregated,32.500000,0.000000,9,10,10,11,12,13,15,17,22,29,36,56645,0,9,9.46293989543768,2.5859679999484797,36.30505999990419,224.3536234442581
1789568914,10,,Aggregated,32.300000,0.000000,9,10,10,11,12,13,15,17,22,29,36,56675,0,9,9.46289488527689,2.5859679999484797,36.30505999990419,224.35177767975298
1789568915,10,,Aggregated,32.500000,0.000000,9,10,10,11,12,13,15,17,22,29,36,56704,0,9,9.462758744075684,2.5859679999484797,36.30505999990419,224.3527440744921
1789568916,10,,Aggregated,32.300000,0.000000,9,10,10,11,12,13,15,17,22,29,36,56740,0,9,9.462828991435776,2.5859679999484797,36.30505999990419,224.35454705675008
1789568917,10,,Aggregated,31.900000,0.000000,9,10,10,11,12,13,15,17,22,29,36,56769,0,9,9.463440760592329,2.5859679999484797,36.30505999990419,224.35389032746747
1789568918,10,,Aggregated,31.700000,0.000000,9,10,10,11,12,13,15,17,22,29,36,56807,0,9,9.463635065468488,2.5859679999484797,36.30505999990419,224.35478022074744
1789568919,10,,Aggregated,31.800000,0.000000,9,10,10,11,12,13,15,17,22,29,36,56839,0,9,9.463071202379846,2.5859679999484797,36.30505999990419,224.35612871443902
1789568920,10,,Aggregated,31.800000,0.000000,9,10,10,11,12,13,15,17,22,29,36,56870,0,9,9.463582765202515,2.5859679999484797,36.30505999990419,224.35632143485142
1789568921,10,,Aggregated,32.000000,0.000000,9,10,10,11,12,13,15,17,22,29,36,56901,0,9,9.463771426426035,2.5859679999484797,36.30505999990419,224.35558250294372
1789568922,10,,Aggregated,32.300000,0.000000,9,10,10,11,12,13,15,17,22,29,36,56933,0,9,9.4642051319984,2.5675529996078694,36.30505999990419,224.35193999964872
1789568923,10,,Aggregated,32.300000,0.000000,9,10,10,11,12,13,15,17,22,29,36,56966,0,9,9.463942563846295,2.5675529996078694,36.30505999990419,224.34638205245233
1789568924,10,,Aggregated,32.100000,0.000000,9,10,10,11,12,13,15,17,22,29,36,56995,0,9,9.463894492728622,2.5675529996078694,36.30505999990419,224.34574962716027
1789568925,10,,Aggregated,32.000000,0.000000,9,10,10,11,12,13,15,17,22,29,36,57032,0,9,9.464682084971042,2.5675529996078694,36.30505999990419,224.34708584654229
1789568926,10,,Aggregated,32.000000,0.000000,9,10,10,11,12,13,15,17,22,29,36,57065,0,9,9.46476900594178,2.5675529996078694,36.30505999990419,224.34539560150705
1789568927,10,,Aggregated,32.500000,0.000000,9,10,10,11,12,13,15,17,22,29,36,57103,0,9,9.464397744270235,2.5675529996078694,36.30505999990419,224.34623399821376
1789568928,10,,Aggregated,32.800000,0.000000,9,10,10,11,12,13,15,17,22,29,36,57133,0,9,9.46433828144968,2.5675529996078694,36.30505999990419,224.34514203700138
1789568929,10,,Aggregated,32.900000,0.000000,9,10,10,11,12,13,15,17,22,29,36,57169,0,9,9.464703260876744,2.5675529996078694,36.30505999990419,224.34217845335758
1789568930,10,,Aggregated,32.400000,0.000000,9,10,10,11,12,13,15,17,22,29,36,57201,0,9,9.464469490237313,2.5675529996078694,36.30505999990419,224.33941714305695
1789568931,10,,Aggregated,32.800000,0.000000,9,10,10,11,12,13,15,17,22,29,36,57230,0,9,9.464036180518292,2.5675529996078694,36.30505999990419,224.33880831731608
1789568932,10,,Aggregated,33.000000,0.000000,9,10,10,11,12,13,15,17,22,29,36,57261,0,9,9.464138133512577,2.5675529996078694,36.30505999990419,224.33736749270884
1789568933,10,,Aggregated,32.800000,0.000000,9,10,10,11,12,13,15,17,22,29,36,57292,0,9,9.464221427582656,2.5675529996078694,36.30505999990419,224.3359282273267
1789568934,10,,Aggregated,32.800000,0.000000,9,10,10,11,12,13,15,17,22,29,36,57322,0,9,9.464078558913902,2.5675529996078694,36.30505999990419,224.3379854157217
1789568935,10,,Aggregated,32.600000,0.000000,9,10,10,11,12,13,15,17,22,29,36,57348,0,9,9.46359766018109,2.5675529996078694,36.30505999990419,224.33713468647557
1789568936,10,,Aggregated,32.400000,0.000000,9,10,10,11,12,13,15,17,22,29,36,57379,0,9,9.463703029628677,2.5675529996078694,36.30505999990419,224.33951445650848
1789568937,10,,Aggregated,31.700000,0.000000,9,10,10,11,12,13,15,17,22,29,36,57408,0,9,9.463339652924049,2.5675529996078694,36.30505999990419,224.33897714604237
1789568938,10,,Aggregated,31.300000,0.000000,9,10,10,11,12,13,15,17,22,29,36,57444,0,9,9.464017973470936,2.5675529996078694,36.30505999990419,224.33925214121578
1789568939,10,,Aggregated,30.500000,0.000000,9,10,10,11,12,13,15,17,22,29,36,57474,0,9,9.46395810089889,2.5675529996078694,36.30505999990419,224.34065838466088
1789568940,10,,Aggregated,31.100000,0.000000,9,10,10,11,12,13,15,17,22,29,36,57506,0,9,9.46376196805656,2.5675529996078694,36.30505999990419,224.34271206482802
1789568941,10,,Aggregated,30.600000,0.000000,9,10,10,11,12,13,15,17,22,29,36,57532,0,9,9.463725654019624,2.5675529996078694,36.30505999990419,224.3409580755058
1789568942,10,,Aggregated,30.000000,0.000000,9,10,10,11,12,13,15,17,22,29,36,57567,0,9,9.463713372228122,2.5675529996078694,36.30505999990419,224.33917001059635
1789568943,10,,Aggregated,30.100000,0.000000,9,10,10,11,12,13,15,17,22,29,36,57594,0,9,9.463014062594322,2.5675529996078694,36.30505999990419,224.33637184428935
1789568944,10,,Aggregated,30.300000,0.000000,9,10,10,11,12,13,15,17,22,29,36,57628,0,9,9.463297480392477,2.5675529996078694,36.30505999990419,224.33422988824876
1789568945,10,,Aggregated,30.200000,0.000000,9,10,10,11,12,13,15,17,22,29,36,57665,0,9,9.463040487419718,2.5675529996078694,36.30505999990419,224.33548946501344
1789568946,10,,Aggregated,30.500000,0.000000,9,10,10,11,12,13,15,17,22,29,36,57696,0,9,9.463129444884485,2.5675529996078694,36.30505999990419,224.33331600110927
1789568947,10,,Aggregated,31.200000,0.000000,9,10,10,11,12,13,15,17,22,29,36,57725,0,9,9.463528684124025,2.5675529996078694,36.30505999990419,224.33508878302294
1789568948,10,,Aggregated,31.600000,0.000000,9,10,10,11,12,13,15,17,22,29,36,57756,0,9,9.463542310064065,2.5675529996078694,36.30505999990419,224.33515132626914
