Timestamp,User Count,Type,Name,Requests/s,Failures/s,50%,66%,75%,80%,90%,95%,98%,99%,99.9%,99.99%,100%,Total Request Count,Total Failure Count,Total Median Response Time,Total Average Response Time,Total Min Response Time,Total Max Response Time,Total Average Content Size
1789524585,0,,Aggregated,0.000000,0.000000,N/A,N/A,N/A,N/A,N/A,N/A,N/A,N/A,N/A,N/A,N/A,0,0,0,0.0,0,0,0
1789524586,10,,Aggregated,0.000000,0.000000,14,15,16,18,20,20,26,26,26,26,26,25,0,14,13.188706240034662,4.437598006916232,26.22851700289175,229.0
1789524587,20,,Aggregated,0.000000,0.000000,14,17,21,22,29,45,80,91,91,91,91,71,0,14,17.715512211561617,4.437598006916232,91.11683000082849,223.71830985915494
1789524588,30,,Aggregated,20.000000,0.000000,20,33,190,230,390,420,440,460,470,470,470,103,0,20,105.53361234979623,4.437598006916232,466.88339600223117,223.27184466019418
1789524589,40,,Aggregated,20.000000,0.000000,21,91,220,250,400,430,470,470,480,480,480,108,0,20,117.68350576878422,4.437598006916232,478.5608729944215,222.52777777777777
1789524590,50,,Aggregated,32.000000,0.000000,37,91,170,240,460,760,810,830,830,830,830,213,0,37,148.66495038986102,4.437598006916232,831.0710639998433,223.96713615023475
1789524591,60,,Aggregated,27.000000,0.000000,24,53,120,150,370,480,810,810,830,830,830,376,0,23,103.97678063565492,4.22956699912902,831.0710639998433,222.90691489361703
1789524592,70,,Aggregated,38.400000,0.000000,36,89,140,180,250,420,760,810,830,830,830,534,0,36,105.43645333134319,4.22956699912902,831.0710639998433,222.88202247191012
1789524593,80,,Aggregated,59.000000,0.000000,38,98,160,200,310,380,670,810,830,830,830,713,0,38,110.13810553572543,4.22956699912902,831.0710639998433,223.02664796633943
1789524594,90,,Aggregated,72.142857,0.000000,43,120,190,240,330,360,580,800,830,830,830,897,0,43,117.58247598099781,4.22956699912902,831.0710639998433,224.0490523968785
1789524595,100,,Aggregated,83.750000,0.000000,59,150,220,250,320,350,440,760,830,830,830,1115,0,59,126.24795104837283,4.22956699912902,831.0710639998433,224.28251121076232
1789524596,100,,Aggregated,95.555556,0.000000,55,130,170,220,310,350,410,740,830,830,830,1385,0,55,114.57093020360298,4.22956699912902,831.0710639998433,224.33357400722022
1789524597,100,,Aggregated,104.800000,0.000000,49,96,150,180,290,340,390,620,830,830,830,1664,0,49,102.2646080684983,4.22956699912902,831.0710639998433,224.0625
1789524598,100,,Aggregated,130.500000,0.000000,51,100,160,190,270,330,370,470,830,830,830,1903,0,51,103.3362798124086,4.22956699912902,831.0710639998433,224.00105097214924
1789524599,100,,Aggregated,154.000000,0.000000,49,89,140,170,260,320,370,460,830,830,830,2194,0,49,96.54677624292506,4.22956699912902,831.0710639998433,223.87648131267093
1789524600,100,,Aggregated,176.200000,0.000000,51,91,120,150,250,320,360,430,830,830,830,2483,0,51,93.65286462545399,4.22956699912902,831.0710639998433,224.0676600886025
1789524601,100,,Aggregated,202.600000,0.000000,49,84,120,150,230,310,350,410,830,830,830,2741,0,49,90.54889531556866,4.22956699912902,831.0710639998433,224.047792776359
1789524602,100,,Aggregated,221.600000,0.000000,47,76,110,140,220,300,350,390,810,830,830,3039,0,47,86.87948278870304,4.22956699912902,831.0710639998433,224.13688713392563
1789524603,100,,Aggregated,233.700000,0.000000,51,81,110,130,210,290,350,390,810,830,830,3308,0,51,86.5383288213093,4.22956699912902,831.0710639998433,224.23397823458282
1789524604,100,,Aggregated,246.700000,0.000000,50,75,110,120,200,270,350,380,810,830,830,3597,0,50,82.9648071181448,4.22956699912902,831.0710639998433,224.14678899082568
1789524605,100,,Aggregated,255.500000,0.000000,49,76,110,130,200,270,340,370,810,830,830,3847,0,49,82.48564120845553,4.22956699912902,831.0710639998433,224.13205094879126
1789524606,100,,Aggregated,265.500000,0.000000,49,73,100,120,190,260,340,370,810,830,830,4151,0,49,80.16411798382939,4.22956699912902,831.0710639998433,224.3139002649964
1789524607,100,,Aggregated,273.800000,0.000000,49,74,100,120,190,260,330,360,810,830,830,4405,0,49,80.32013925784318,4.22956699912902,831.0710639998433,224.2465380249716
1789524608,100,,Aggregated,275.000000,0.000000,47,69,99,120,190,250,330,360,810,830,830,4683,0,47,77.68424194103477,4.22956699912902,831.0710639998433,224.29233397394833
1789524609,100,,Aggregated,271.700000,0.000000,48,73,100,120,190,250,330,360,810,830,830,4952,0,48,78.85361107790331,4.22956699912902,831.0710639998433,224.09935379644588
1789524610,100,,Aggregated,277.400000,0.000000,48,70,100,120,190,240,330,350,810,830,830,5211,0,48,77.67561033444186,4.22956699912902,831.0710639998433,224.21895989253503
1789524611,100,,Aggregated,274.900000,0.000000,48,69,100,120,190,230,320,350,810,830,830,5502,0,48,77.68907694870845,4.22956699912902,831.0710639998433,224.11686659396582
1789524612,100,,Aggregated,277.500000,0.000000,48,71,100,120,190,240,320,350,810,830,830,5762,0,48,78.61318649302069,4.22956699912902,831.0710639998433,224.2537313432836
1789524613,100,,Aggregated,274.800000,0.000000,49,71,100,120,190,230,320,350,810,830,830,6029,0,49,77.73187344283043,4.22956699912902,831.0710639998433,224.3036987891856
1789524614,100,,Aggregated,271.400000,0.000000,50,72,100,120,190,240,320,350,810,830,830,6300,0,50,79.14602352140285,4.22956699912902,831.0710639998433,224.24539682539682
1789524615,100,,Aggregated,273.800000,0.000000,49,70,99,120,190,240,310,350,810,830,830,6578,0,49,77.54009872042542,4.22956699912902,831.0710639998433,224.1562785041046
1789524616,100,,Aggregated,268.200000,0.000000,49,70,100,120,190,230,310,350,810,830,830,6850,0,49,77.52230038641319,4.22956699912902,831.0710639998433,224.14905109489052
1789524617,100,,Aggregated,270.800000,0.000000,49,68,96,120,190,230,310,350,810,830,830,7135,0,49,76.11987488576709,4.22956699912902,831.0710639998433,224.07778556412055
1789524618,100,,Aggregated,267.700000,0.000000,48,68,96,120,190,240,300,350,810,830,830,7372,0,48,76.36357240559231,4.22956699912902,831.0710639998433,224.09915897992403
1789524619,100,,Aggregated,272.700000,0.000000,48,67,95,110,190,240,300,340,810,830,830,7657,0,48,76.16484748179245,4.22956699912902,831.0710639998433,224.0169779286927
1789524620,100,,Aggregated,268.700000,0.000000,49,69,95,110,190,230,300,340,810,830,830,7929,0,49,76.09725022815778,4.22956699912902,831.0710639998433,224.05120443939967
1789524621,100,,Aggregated,270.700000,0.000000,49,68,92,110,190,230,300,340,800,830,830,8224,0,49,75.06599736040748,4.22956699912902,831.0710639998433,223.98881322957197
1789524622,100,,Aggregated,267.700000,0.000000,49,68,93,110,190,230,290,340,800,830,830,8482,0,49,75.12420446687105,4.22956699912902,831.0710639998433,224.0008252770573
1789524623,100,,Aggregated,270.600000,0.000000,48,67,91,110,180,230,290,340,800,830,830,8724,0,48,74.4723125389774,4.22956699912902,831.0710639998433,224.04034846400734
1789524624,100,,Aggregated,272.100000,0.000000,48,67,91,110,190,230,290,330,800,830,830,9039,0,48,74.67182650891141,4.22956699912902,831.0710639998433,224.0543201681602
1789524625,100,,Aggregated,272.600000,0.000000,48,67,92,110,190,230,290,330,800,830,830,9305,0,48,75.03001561096463,4.22956699912902,831.0710639998433,224.0263299301451
1789524626,100,,Aggregated,275.800000,0.000000,48,68,95,110,190,230,280,330,800,830,830,9574,0,48,75.01076836966227,4.22956699912902,831.0710639998433,224.07133904324212
1789524627,100,,Aggregated,270.800000,0.000000,49,68,96,120,180,230,280,330,800,830,830,9845,0,49,75.08678521810536,4.22956699912902,831.0710639998433,224.11985779583546
1789524628,100,,Aggregated,273.100000,0.000000,49,69,96,110,180,230,280,330,760,830,830,10115,0,49,74.87377288831527,4.22956699912902,831.0710639998433,224.14048442906574
1789524629,100,,Aggregated,268.400000,0.000000,49,68,95,110,180,220,280,330,760,830,830,10397,0,49,74.24431847535126,4.22956699912902,831.0710639998433,224.11753390401077
1789524630,100,,Aggregated,271.900000,0.000000,48,68,94,110,180,220,270,330,760,830,830,10658,0,48,73.6910764884829,4.22956699912902,831.0710639998433,224.11184087070745
1789524631,100,,Aggregated,273.000000,0.000000,49,70,97,120,180,230,270,330,760,830,830,10923,0,49,75.05557181554714,4.22956699912902,831.0710639998433,224.08532454453905
1789524632,100,,Aggregated,273.400000,0.000000,48,68,95,110,180,230,270,320,760,830,830,11181,0,48,74.17051465265058,4.22956699912902,831.0710639998433,224.0670780788838
1789524633,100,,Aggregated,267.900000,0.000000,48,68,97,120,180,220,270,320,760,830,830,11448,0,48,74.47629154719367,4.22956699912902,831.0710639998433,224.04559748427673
1789524634,100,,Aggregated,271.700000,0.000000,48,69,98,120,180,220,270,320,760,830,830,11718,0,48,74.49712907324188,4.22956699912902,831.0710639998433,224.0447175285885
1789524635,100,,Aggregated,269.600000,0.000000,49,69,97,120,180,220,270,320,740,830,830,12014,0,49,74.45631599253011,4.22956699912902,831.0710639998433,224.07616114533045
1789524636,100,,Aggregated,271.100000,0.000000,49,70,98,120,180,220,270,320,740,830,830,12286,0,49,74.6035142822116,4.22956699912902,831.0710639998433,224.06714960117208
1789524637,100,,Aggregated,271.800000,0.000000,49,69,96,110,180,220,270,320,740,830,830,12578,0,49,73.91734038656311,4.22956699912902,831.0710639998433,224.0663062490062
1789524638,100,,Aggregated,269.800000,0.000000,49,69,97,120,180,220,270,320,740,830,830,12832,0,49,74.13181763748227,4.22956699912902,831.0710639998433,224.08798316708229
1789524639,100,,Aggregated,274.700000,0.000000,49,68,94,110,180,220,270,310,740,830,830,13131,0,49,73.46507340988326,4.22956699912902,831.0710639998433,224.1028101439342
1789524640,100,,Aggregated,270.500000,0.000000,50,69,95,110,180,220,270,310,740,830,830,13379,0,50,73.833899318799,4.22956699912902,831.0710639998433,224.08311532999477
1789524641,100,,Aggregated,271.600000,0.000000,49,68,93,110,170,220,260,310,740,830,830,13683,0,49,73.21620902237729,4.22956699912902,831.0710639998433,224.06080537893737
1789524642,100,,Aggregated,270.100000,0.000000,50,69,94,110,180,220,270,310,740,830,830,13913,0,50,74.0594940373242,4.22956699912902,831.0710639998433,224.0635376985553
1789524643,100,,Aggregated,275.700000,0.000000,49,68,92,110,180,220,270,310,670,830,830,14206,0,49,73.39851992695743,4.22956699912902,831.0710639998433,224.0575813036745
1789524644,100,,Aggregated,271.300000,0.000000,49,68,93,110,180,220,270,310,670,830,830,14456,0,49,73.69994237786486,4.22956699912902,831.0710639998433,224.05285002767016
1789524645,100,,Aggregated,272.300000,0.000000,49,68,92,110,180,220,270,310,670,830,830,14721,0,49,73.09037080948514,4.22956699912902,831.0710639998433,224.06711500577407
1789524646,100,,Aggregated,270.000000,0.000000,49,68,92,110,180,220,270,310,640,830,830,15010,0,49,73.24858886325138,4.22956699912902,831.0710639998433,224.03890739506994
1789524647,100,,Aggregated,272.500000,0.000000,49,68,93,110,180,220,270,310,640,830,830,15244,0,49,73.17441534579984,4.22956699912902,831.0710639998433,224.0339149829441
1789524648,100,,Aggregated,272.400000,0.000000,49,68,93,110,180,220,270,310,640,830,830,15530,0,49,73.01424546428983,4.22956699912902,831.0710639998433,224.01268512556342
1789524649,100,,Aggregated,271.000000,0.000000,49,68,92,110,180,220,270,310,640,830,830,15762,0,49,72.68796542794672,4.22956699912902,831.0710639998433,224.05373683542697
1789524650,100,,Aggregated,270.000000,0.000000,49,68,92,110,180,220,270,310,620,830,830,16065,0,49,72.99346545877843,4.22956699912902,831.0710639998433,224.01742919389977
1789524651,100,,Aggregated,269.600000,0.000000,49,68,91,110,180,220,270,300,620,830,830,16337,0,49,72.78038956854687,4.22956699912902,831.0710639998433,224.0394197221032
1789524652,100,,Aggregated,266.600000,0.000000,48,67,89,110,180,220,270,300,620,830,830,16632,0,48,72.11742084351721,4.22956699912902,831.0710639998433,224.01984126984127
1789524653,100,,Aggregated,265.000000,0.000000,49,67,90,110,180,220,270,300,620,830,830,16878,0,49,72.48829004795283,4.22956699912902,831.0710639998433,224.0
1789524654,100,,Aggregated,269.100000,0.000000,49,67,89,110,180,220,260,300,580,830,830,17153,0,49,72.20810444436786,4.22956699912902,831.0710639998433,224.00367282691076
1789524655,100,,Aggregated,267.000000,0.000000,49,68,91,110,180,220,260,300,580,830,830,17411,0,49,72.61764991380423,4.22956699912902,831.0710639998433,224.0038481419792
1789524656,100,,Aggregated,269.700000,0.000000,49,67,89,110,180,220,260,300,580,830,830,17684,0,49,72.17434553886004,4.22956699912902,831.0710639998433,224.0054286360552
1789524657,100,,Aggregated,267.500000,0.000000,49,68,90,110,180,220,260,300,580,830,830,17962,0,49,72.57930494728797,4.22956699912902,831.0710639998433,223.99699365326802
1789524658,100,,Aggregated,268.900000,0.000000,49,68,90,110,180,210,260,300,480,830,830,18223,0,49,72.44947146584853,4.22956699912902,831.0710639998433,223.96504417494376
1789524659,100,,Aggregated,265.800000,0.000000,49,67,89,110,170,210,260,300,480,830,830,18520,0,49,71.99402974460764,4.22956699912902,831.0710639998433,223.94730021598272
1789524660,100,,Aggregated,268.500000,0.000000,50,68,89,110,170,210,260,300,480,830,830,18793,0,50,72.00530884633733,4.22956699912902,831.0710639998433,223.94859788219017
1789524661,100,,Aggregated,268.000000,0.000000,50,68,88,110,170,210,260,300,470,830,830,19057,0,50,71.60997567756249,4.22956699912902,831.0710639998433,223.93634884819227
1789524662,100,,Aggregated,270.900000,0.000000,50,68,89,110,170,210,260,290,470,830,830,19320,0,49,71.83820437454575,4.22956699912902,831.0710639998433,223.95931677018635
1789524663,100,,Aggregated,273.100000,0.000000,49,67,87,110,170,210,260,290,470,830,830,19612,0,49,71.3810062953945,4.22956699912902,831.0710639998433,223.9897001835611
1789524664,100,,Aggregated,267.500000,0.000000,49,67,88,110,170,210,260,290,470,830,830,19870,0,49,71.46780151445465,4.22956699912902,831.0710639998433,223.9988424760946
1789524665,100,,Aggregated,272.500000,0.000000,49,67,87,110,170,210,260,290,470,830,830,20160,0,49,71.19060499336207,4.22956699912902,831.0710639998433,223.99449404761904
1789524666,100,,Aggregated,270.600000,0.000000,49,67,87,110,170,210,260,290,470,830,830,20410,0,49,71.52594927163832,4.22956699912902,831.0710639998433,223.99171974522292
1789524667,100,,Aggregated,272.300000,0.000000,49,67,86,110,170,210,260,290,470,830,830,20657,0,49,71.13827923324503,4.22956699912902,831.0710639998433,224.00174275064143
1789524668,100,,Aggregated,271.500000,0.000000,49,67,88,110,170,220,260,300,470,830,830,20928,0,49,71.98375284103136,4.22956699912902,831.0710639998433,224.02083333333334
1789524669,100,,Aggregated,274.200000,0.000000,49,67,87,110,170,220,260,300,460,830,830,21188,0,49,71.7249503008823,4.22956699912902,831.0710639998433,224.03138569001322
1789524670,100,,Aggregated,268.900000,0.000000,49,67,88,110,170,210,260,300,460,830,830,21480,0,49,71.68061315638123,4.22956699912902,831.0710639998433,224.0840782122905
1789524671,100,,Aggregated,269.400000,0.000000,49,67,88,110,170,220,260,300,460,830,830,21723,0,49,72.00109350426251,4.22956699912902,831.0710639998433,224.0988813699765
1789524672,100,,Aggregated,268.300000,0.000000,49,67,88,110,170,220,260,300,440,830,830,22016,0,49,71.8666389374115,4.22956699912902,831.0710639998433,224.0631813226744
1789524673,100,,Aggregated,268.300000,0.000000,49,67,88,110,170,220,260,300,440,830,830,22291,0,49,71.86666478682122,4.22956699912902,831.0710639998433,224.07393118298864
1789524674,100,,Aggregated,270.200000,0.000000,49,67,88,110,170,220,260,300,440,830,830,22580,0,49,71.66278491045436,4.22956699912902,831.0710639998433,224.10177147918512
1789524675,100,,Aggregated,265.100000,0.000000,50,67,88,110,170,210,260,300,440,830,830,22845,0,50,71.68007991766294,4.22956699912902,831.0710639998433,224.1068067410812
1789524676,100,,Aggregated,269.100000,0.000000,50,67,88,110,170,210,260,300,430,830,830,23095,0,50,71.45376295020264,4.22956699912902,831.0710639998433,224.10655986144187
1789524677,100,,Aggregated,268.600000,0.000000,50,68,88,110,170,220,260,300,430,830,830,23370,0,50,71.85398199794464,4.22956699912902,831.0710639998433,224.09358151476252
1789524678,100,,Aggregated,270.200000,0.000000,50,68,88,110,170,220,260,290,430,830,830,23629,0,50,71.96145032553183,4.22956699912902,831.0710639998433,224.10296669346988
1789524679,100,,Aggregated,266.100000,0.000000,50,68,88,110,170,210,260,290,430,830,830,23926,0,50,71.89427973271994,4.22956699912902,831.0710639998433,224.1053665468528
1789524680,100,,Aggregated,272.800000,0.000000,50,68,88,110,170,220,260,290,430,830,830,24184,0,50,72.22292968342909,4.22956699912902,831.0710639998433,224.06797882897783
1789524681,100,,Aggregated,268.600000,0.000000,50,68,87,110,170,220,260,290,430,830,830,24471,0,50,71.78542071137494,4.22956699912902,831.0710639998433,224.07576314821625
1789524682,100,,Aggregated,273.000000,0.000000,50,68,88,110,170,220,260,290,430,830,830,24711,0,50,72.02388436477854,4.22956699912902,831.0710639998433,224.08255432803205
1789524683,100,,Aggregated,269.900000,0.000000,49,67,87,110,170,220,260,290,430,830,830,25002,0,49,71.65350756491698,4.22956699912902,831.0710639998433,224.08799296056316
1789524684,100,,Aggregated,267.600000,0.000000,50,68,88,110,170,210,260,290,430,830,830,25248,0,50,71.83400822948605,4.22956699912902,831.0710639998433,224.10123574144487
1789524685,100,,Aggregated,271.800000,0.000000,50,68,87,110,170,210,260,290,430,830,830,25497,0,50,71.70547646119273,4.22956699912902,831.0710639998433,224.09722712475977
1789524686,100,,Aggregated,267.500000,0.000000,50,68,88,110,170,210,260,290,430,830,830,25788,0,50,71.91187423685626,4.22956699912902,831.0710639998433,224.08213122382503
1789524687,100,,Aggregated,269.100000,0.000000,50,68,87,110,170,210,260,290,420,830,830,26024,0,50,71.60584686186374,4.22956699912902,831.0710639998433,224.0674761758377
1789524688,100,,Aggregated,264.700000,0.000000,50,68,88,110,170,220,260,290,420,830,830,26318,0,50,71.92397648883203,4.22956699912902,831.0710639998433,224.06379664108215
1789524689,100,,Aggregated,269.400000,0.000000,50,67,87,110,170,210,260,290,420,830,830,26554,0,50,71.73039849374945,4.22956699912902,831.0710639998433,224.064698350531
1789524690,100,,Aggregated,264.800000,0.000000,50,68,88,110,170,220,260,290,420,830,830,26849,0,50,72.05616584696124,4.22956699912902,831.0710639998433,224.06082163209058
1789524691,100,,Aggregated,269.200000,0.000000,50,68,87,110,170,220,260,290,410,830,830,27101,0,50,71.8146998519986,4.22956699912902,831.0710639998433,224.05959189697796
1789524692,100,,Aggregated,263.400000,0.000000,50,68,88,110,170,210,260,290,410,830,830,27405,0,50,71.87516743178146,4.22956699912902,831.0710639998433,224.07454844006568
1789524693,100,,Aggregated,267.300000,0.000000,50,68,88,110,170,220,260,290,410,830,830,27627,0,50,72.0802268156154,4.22956699912902,831.0710639998433,224.06993158866325
1789524694,100,,Aggregated,269.000000,0.000000,50,68,88,110,170,220,260,290,410,830,830,27920,0,50,72.09687873685145,4.22956699912902,831.0710639998433,224.0699140401146
1789524695,100,,Aggregated,269.400000,0.000000,50,68,88,110,170,220,260,290,400,830,830,28191,0,50,72.10655442978039,4.22956699912902,831.0710639998433,224.08059309708773
1789524696,100,,Aggregated,265.400000,0.000000,50,68,87,110,170,220,260,290,400,830,830,28464,0,50,71.91746184102121,4.22956699912902,831.0710639998433,224.08653035413153
1789524697,100,,Aggregated,264.200000,0.000000,50,68,87,110,170,220,260,290,400,830,830,28741,0,50,71.79638263347776,4.22956699912902,831.0710639998433,224.09592568108278
1789524698,100,,Aggregated,268.100000,0.000000,50,68,86,110,170,210,260,290,390,830,830,29035,0,50,71.42045934254558,4.22956699912902,831.0710639998433,224.088169450663
1789524699,100,,Aggregated,266.800000,0.000000,50,68,87,110,170,220,260,290,390,830,830,29272,0,50,71.87741523383498,4.22956699912902,831.0710639998433,224.10419513528285
1789524700,100,,Aggregated,271.300000,0.000000,50,67,86,110,170,220,260,290,390,830,830,29561,0,50,71.50018742856406,4.22956699912902,831.0710639998433,224.11765501843647
1789524701,100,,Aggregated,264.400000,0.000000,50,68,87,110,170,220,260,290,390,830,830,29812,0,50,71.71134117076379,4.22956699912902,831.0710639998433,224.11066013685763
1789524702,100,,Aggregated,271.300000,0.000000,50,68,86,110,170,220,260,290,390,810,830,30085,0,50,71.37556682841101,4.22956699912902,831.0710639998433,224.13481801562241
1789524703,100,,Aggregated,267.300000,0.000000,50,67,86,110,170,220,260,290,390,810,830,30390,0,50,71.2715983556976,4.22956699912902,831.0710639998433,224.1219809147746
1789524704,100,,Aggregated,270.200000,0.000000,50,68,87,110,170,220,260,290,390,810,830,30620,0,50,71.45511075531094,4.22956699912902,831.0710639998433,224.11636185499674
1789524705,100,,Aggregated,268.700000,0.000000,50,68,88,110,170,220,260,290,390,810,830,30864,0,50,71.81720611562385,4.22956699912902,831.0710639998433,224.10795749092793
1789524706,100,,Aggregated,271.800000,0.000000,50,68,88,110,170,220,260,290,390,810,830,31125,0,50,71.84040937351551,4.22956699912902,831.0710639998433,224.10432128514057
1789524707,100,,Aggregated,270.200000,0.000000,50,68,88,110,170,210,260,290,390,810,830,31423,0,50,71.79941119624718,4.22956699912902,831.0710639998433,224.10807370397478
1789524708,100,,Aggregated,267.400000,0.000000,50,69,88,110,170,210,260,290,390,810,830,31667,0,50,72.01499678231686,4.22956699912902,831.0710639998433,224.10326207092558
1789524709,100,,Aggregated,266.800000,0.000000,50,68,88,110,170,210,260,290,390,810,830,31958,0,50,71.74003653972643,4.22956699912902,831.0710639998433,224.1051067025471
1789524710,100,,Aggregated,264.800000,0.000000,50,68,88,110,170,210,260,290,390,810,830,32221,0,50,71.80922212558706,4.22956699912902,831.0710639998433,224.106979919928
1789524711,100,,Aggregated,268.500000,0.000000,50,68,87,110,170,210,260,290,390,810,830,32507,0,50,71.64429991883516,4.22956699912902,831.0710639998433,224.10443904389822
1789524712,100,,Aggregated,266.000000,0.000000,50,68,88,110,170,210,260,290,390,810,830,32752,0,50,71.78849467475587,4.22956699912902,831.0710639998433,224.1056118710308
1789524713,100,,Aggregated,267.700000,0.000000,50,68,88,110,170,210,260,290,390,810,830,33007,0,50,71.61549295727241,4.22956699912902,831.0710639998433,224.10000908898112
1789524714,100,,Aggregated,263.500000,0.000000,50,69,88,110,170,210,260,290,390,810,830,33289,0,50,71.74149360237848,4.22956699912902,831.0710639998433,224.1064615939199
1789524715,100,,Aggregated,264.200000,0.000000,50,68,87,110,170,210,260,290,390,810,830,33523,0,50,71.5804305352938,4.22956699912902,831.0710639998433,224.12179697521105
1789524716,100,,Aggregated,265.000000,0.000000,50,69,88,110,170,210,260,290,390,810,830,33824,0,50,71.95332911458189,4.22956699912902,831.0710639998433,224.1278086565752
1789524717,100,,Aggregated,267.400000,0.000000,50,69,88,110,170,210,260,290,380,810,830,34068,0,50,72.00963021532226,4.22956699912902,831.0710639998433,224.11221674298463
1789524718,100,,Aggregated,266.100000,0.000000,50,69,88,110,170,210,260,290,380,810,830,34355,0,50,71.8521592099978,4.22956699912902,831.0710639998433,224.11311308397615
1789524719,100,,Aggregated,268.000000,0.000000,50,69,88,110,170,210,260,290,380,810,830,34612,0,50,71.96604615940994,4.22956699912902,831.0710639998433,224.11574020570902
1789524720,100,,Aggregated,265.500000,0.000000,50,69,88,110,170,210,260,290,380,810,830,34888,0,50,71.75214590147169,4.22956699912902,831.0710639998433,224.12924214629672
1789524721,100,,Aggregated,267.800000,0.000000,50,69,88,110,170,220,260,290,380,810,830,35132,0,50,72.1229383678579,4.22956699912902,831.0710639998433,224.12063076397587
1789524722,100,,Aggregated,266.000000,0.000000,50,68,88,110,170,210,260,290,380,810,830,35413,0,50,71.86369911310973,4.22956699912902,831.0710639998433,224.1265072148646
1789524723,100,,Aggregated,264.200000,0.000000,50,69,88,110,170,210,260,290,380,810,830,35671,0,50,71.94244877490321,4.22956699912902,831.0710639998433,224.12825544560008
1789524724,100,,Aggregated,265.600000,0.000000,50,68,87,110,170,210,260,290,380,810,830,35949,0,50,71.68122326110837,4.22956699912902,831.0710639998433,224.14122785056608
1789524725,100,,Aggregated,264.200000,0.000000,50,69,88,110,170,210,260,290,380,810,830,36217,0,50,71.86162216576912,4.22956699912902,831.0710639998433,224.12576966617885
1789524726,100,,Aggregated,265.900000,0.000000,50,69,88,110,170,210,260,290,380,810,830,36469,0,50,71.84396207325868,4.22956699912902,831.0710639998433,224.11820998656393
1789524727,100,,Aggregated,264.000000,0.000000,50,69,88,110,170,210,260,280,380,810,830,36750,0,50,71.9397769845892,4.22956699912902,831.0710639998433,224.11221768707483
1789524728,100,,Aggregated,266.000000,0.000000,50,69,89,110,170,210,260,280,380,810,830,36997,0,50,72.0924478723576,4.22956699912902,831.0710639998433,224.11203611103602
1789524729,100,,Aggregated,262.500000,0.000000,50,69,88,110,170,210,260,280,380,810,830,37277,0,50,71.93336353973122,4.22956699912902,831.0710639998433,224.11784746626606
1789524730,100,,Aggregated,263.600000,0.000000,51,69,88,110,170,210,260,280,380,810,830,37544,0,51,71.98156342114696,4.22956699912902,831.0710639998433,224.13741210313233
1789524731,100,,Aggregated,264.200000,0.000000,51,69,88,110,170,210,260,280,380,810,830,37828,0,51,71.88522064548576,4.22956699912902,831.0710639998433,224.1276303267421
1789524732,100,,Aggregated,263.300000,0.000000,51,69,88,110,170,210,260,280,370,810,830,38087,0,51,71.99258500481616,4.22956699912902,831.0710639998433,224.11599758447764
1789524733,100,,Aggregated,267.600000,0.000000,51,69,89,110,170,210,260,280,370,810,830,38350,0,51,71.99158529852518,4.22956699912902,831.0710639998433,224.1085006518905
1789524734,100,,Aggregated,266.400000,0.000000,51,69,88,110,170,210,260,280,370,810,830,38624,0,51,71.87736592213102,4.22956699912902,831.0710639998433,224.11961474730737
1789524735,100,,Aggregated,268.800000,0.000000,51,69,89,110,170,210,260,280,370,810,830,38876,0,51,71.91149697284602,4.22956699912902,831.0710639998433,224.11022224508693
1789524736,100,,Aggregated,265.400000,0.000000,51,70,89,110,170,210,260,280,370,810,830,39162,0,51,71.89282515661186,4.22956699912902,831.0710639998433,224.1185588070068
1789524737,100,,Aggregated,268.500000,0.000000,51,70,89,110,170,210,260,280,370,810,830,39398,0,51,72.08870550325422,4.22956699912902,831.0710639998433,224.09992893040257
1789524738,100,,Aggregated,266.700000,0.000000,51,70,89,110,170,210,260,280,370,810,830,39643,0,51,72.29454509187443,4.22956699912902,831.0710639998433,224.0852609540146
1789524739,100,,Aggregated,270.400000,0.000000,51,70,90,110,170,210,260,280,370,810,830,39892,0,51,72.40809029427291,4.22956699912902,831.0710639998433,224.07452622079614
1789524740,100,,Aggregated,264.800000,0.000000,51,70,90,110,170,210,260,280,370,810,830,40186,0,51,72.33764063831234,4.22956699912902,831.0710639998433,224.07995321753845
1789524741,100,,Aggregated,263.900000,0.000000,51,70,90,110,170,210,260,280,370,810,830,40454,0,51,72.36135009495182,4.22956699912902,831.0710639998433,224.08535620704998
1789524742,100,,Aggregated,264.800000,0.000000,51,70,89,110,170,210,260,280,370,810,830,40741,0,51,72.19800526661484,4.22956699912902,831.0710639998433,224.09135760045163
1789524743,100,,Aggregated,264.100000,0.000000,51,70,90,110,170,210,260,280,370,810,830,41004,0,51,72.29937708838575,4.22956699912902,831.0710639998433,224.0787728026534
1789524744,100,,Aggregated,265.200000,0.000000,51,70,89,110,170,210,260,280,370,810,830,41300,0,51,72.09758904283701,4.22956699912902,831.0710639998433,224.07886198547214
1789524745,100,,Aggregated,262.800000,0.000000,51,70,90,110,170,210,260,280,370,810,830,41523,0,51,72.42442601474302,4.22956699912902,831.0710639998433,224.07304385521277
1789524746,100,,Aggregated,266.700000,0.000000,51,70,90,110,170,210,260,280,370,810,830,41807,0,51,72.30691532999708,4.22956699912902,831.0710639998433,224.06125768411988
1789524747,100,,Aggregated,259.600000,0.000000,51,70,90,110,170,210,260,280,370,810,830,42092,0,51,72.32343902231287,4.22956699912902,831.0710639998433,224.05188634419844
1789524748,100,,Aggregated,265.600000,0.000000,51,70,90,110,170,210,260,280,370,810,830,42351,0,51,72.35792345640526,4.22956699912902,831.0710639998433,224.06162782460862
1789524749,100,,Aggregated,263.800000,0.000000,51,70,90,110,170,210,260,280,370,810,830,42628,0,51,72.29976392587554,4.22956699912902,831.0710639998433,224.0558083888524
1789524750,100,,Aggregated,271.300000,0.000000,51,70,90,110,170,210,250,280,370,810,830,42883,0,51,72.45079064683298,4.22956699912902,831.0710639998433,224.0638714642166
1789524751,100,,Aggregated,267.800000,0.000000,51,70,90,110,170,210,250,280,370,810,830,43162,0,51,72.33413500609782,4.22956699912902,831.0710639998433,224.0741856262453
1789524752,100,,Aggregated,272.200000,0.000000,51,70,90,110,170,210,250,280,370,810,830,43422,0,51,72.35692692706911,4.22956699912902,831.0710639998433,224.0704021003178
1789524753,100,,Aggregated,267.000000,0.000000,51,70,90,110,170,210,250,280,370,810,830,43685,0,51,72.38952646185739,4.22956699912902,831.0710639998433,224.0650566556026
1789524754,100,,Aggregated,267.400000,0.000000,51,70,90,110,170,210,250,280,370,810,830,43993,0,51,72.27521177447058,4.22956699912902,831.0710639998433,224.06964744391152
1789524755,100,,Aggregated,270.200000,0.000000,51,71,90,110,170,210,250,280,370,810,830,44234,0,51,72.50718626053145,4.22956699912902,831.0710639998433,224.06391011439163
1789524756,100,,Aggregated,268.100000,0.000000,51,70,90,110,170,210,250,280,370,810,830,44511,0,51,72.33593504902937,4.22956699912902,831.0710639998433,224.05955831142865
1789524757,100,,Aggregated,274.900000,0.000000,51,70,90,110,170,210,250,280,370,810,830,44772,0,51,72.32940720332972,4.22956699912902,831.0710639998433,224.07104886982935
1789524758,100,,Aggregated,268.200000,0.000000,51,70,90,110,170,210,250,280,370,810,830,45058,0,51,72.15345790084787,4.22956699912902,831.0710639998433,224.0636956811221
1789524759,100,,Aggregated,268.500000,0.000000,51,71,90,110,170,210,250,280,370,810,830,45319,0,51,72.2360453007,4.22956699912902,831.0710639998433,224.06061475319402
1789524760,100,,Aggregated,268.500000,0.000000,51,71,90,110,170,210,250,280,370,810,830,45556,0,51,72.27767072876068,4.22956699912902,831.0710639998433,224.05055316533497
1789524761,100,,Aggregated,270.100000,0.000000,51,70,90,110,170,210,250,280,370,810,830,45860,0,51,72.22016225210372,4.22956699912902,831.0710639998433,224.0431094635848
1789524762,100,,Aggregated,268.100000,0.000000,51,70,90,110,170,210,250,280,360,810,830,46093,0,51,72.36868144695312,4.22956699912902,831.0710639998433,224.04926995422298
1789524763,100,,Aggregated,269.000000,0.000000,51,70,90,110,170,210,250,280,360,810,830,46386,0,51,72.285465932359,4.22956699912902,831.0710639998433,224.05367998965204
1789524764,100,,Aggregated,266.700000,0.000000,51,71,90,110,170,210,250,280,360,810,830,46648,0,51,72.33913215821465,4.22956699912902,831.0710639998433,224.04508231864173
1789524765,100,,Aggregated,266.300000,0.000000,51,70,90,110,170,210,250,280,360,810,830,46944,0,51,72.20249103315408,4.22956699912902,831.0710639998433,224.0453306066803
1789524766,100,,Aggregated,265.800000,0.000000,51,71,90,110,170,210,250,280,360,810,830,47179,0,51,72.41961148603036,4.22956699912902,831.0710639998433,224.04885648275715
1789524767,100,,Aggregated,266.400000,0.000000,51,70,90,110,170,210,250,280,360,810,830,47471,0,51,72.24092447979652,4.22956699912902,831.0710639998433,224.052958648438
1789524768,100,,Aggregated,266.500000,0.000000,51,71,90,110,170,210,250,280,360,810,830,47715,0,51,72.38029367880917,4.22956699912902,831.0710639998433,224.05555904851724
1789524769,100,,Aggregated,268.300000,0.000000,51,70,90,110,170,210,250,280,360,810,830,47953,0,51,72.30650007105615,4.22956699912902,831.0710639998433,224.0443350780973
1789524770,100,,Aggregated,265.200000,0.000000,51,70,90,110,170,210,250,280,360,810,830,48257,0,51,72.45464238194123,4.22956699912902,831.0710639998433,224.05170234370144
1789524771,100,,Aggregated,268.900000,0.000000,51,71,90,110,170,210,250,280,360,810,830,48504,0,51,72.58258783503037,4.22956699912902,831.0710639998433,224.05597476496783
1789524772,100,,Aggregated,265.100000,0.000000,51,70,90,110,170,210,250,280,360,810,830,48791,0,51,72.42216640733704,4.22956699912902,831.0710639998433,224.05009120534524
1789524773,100,,Aggregated,267.900000,0.000000,51,71,90,110,170,210,250,280,360,810,830,49049,0,51,72.5881217705635,4.22956699912902,831.0710639998433,224.05096943872454
1789524774,100,,Aggregated,269.700000,0.000000,51,70,90,110,170,210,250,280,360,810,830,49339,0,51,72.45046997465172,4.22956699912902,831.0710639998433,224.05750015200957
1789524775,100,,Aggregated,267.100000,0.000000,52,71,90,110,170,210,250,280,360,810,830,49602,0,52,72.46163190738862,4.22956699912902,831.0710639998433,224.05161082214426
1789524776,100,,Aggregated,268.000000,0.000000,52,71,90,110,170,210,250,280,360,810,830,49885,0,52,72.43100894349696,4.22956699912902,831.0710639998433,224.045665029568
1789524777,100,,Aggregated,264.800000,0.000000,52,71,90,110,170,210,250,280,360,810,830,50131,0,52,72.55177963524271,4.22956699912902,831.0710639998433,224.04514172867087
1789524778,100,,Aggregated,271.400000,0.000000,52,71,90,110,170,210,250,280,360,810,830,50407,0,52,72.43762650827027,4.22956699912902,831.0710639998433,224.03924058166524
1789524779,100,,Aggregated,263.500000,0.000000,52,71,90,110,170,210,250,280,360,810,830,50669,0,52,72.61541408447552,4.22956699912902,831.0710639998433,224.03086699954608
1789524780,100,,Aggregated,269.400000,0.000000,52,71,90,110,170,210,250,280,360,810,830,50941,0,52,72.51382817825174,4.22956699912902,831.0710639998433,224.03706248405018
1789524781,100,,Aggregated,266.700000,0.000000,52,71,91,110,170,210,250,280,360,810,830,51204,0,52,72.70254756722771,4.22956699912902,831.0710639998433,224.03060307788454
1789524782,100,,Aggregated,268.400000,0.000000,52,71,90,110,170,210,250,280,360,810,830,51457,0,52,72.60234474462747,4.22956699912902,831.0710639998433,224.03031657500438
1789524783,100,,Aggregated,266.300000,0.000000,52,71,91,110,170,210,250,270,360,810,830,51760,0,52,72.60843656660106,4.22956699912902,831.0710639998433,224.03997295208654
1789524784,100,,Aggregated,269.300000,0.000000,52,71,91,110,170,210,250,270,360,810,830,51994,0,52,72.62113310282469,4.22956699912902,831.0710639998433,224.0379659191445
1789524785,100,,Aggregated,268.400000,0.000000,52,71,90,110,170,210,250,270,360,810,830,52295,0,52,72.56578445758245,4.22956699912902,831.0710639998433,224.03202983076775
1789524786,100,,Aggregated,270.400000,0.000000,52,71,90,110,170,210,250,270,360,810,830,52534,0,52,72.52877870922163,4.22956699912902,831.0710639998433,224.02032969124758
1789524787,100,,Aggregated,268.900000,0.000000,52,71,90,110,170,210,250,270,360,810,830,52839,0,52,72.49161064644098,4.22956699912902,831.0710639998433,224.02693086545924
1789524788,100,,Aggregated,267.800000,0.000000,52,71,91,110,170,210,250,270,360,810,830,53093,0,52,72.66857495399215,4.22956699912902,831.0710639998433,224.02017215075435
1789524789,100,,Aggregated,272.200000,0.000000,52,71,90,110,170,210,250,270,360,810,830,53369,0,52,72.49991749266951,4.22956699912902,831.0710639998433,224.02493957166146
1789524790,100,,Aggregated,270.100000,0.000000,52,71,90,110,170,210,250,270,360,810,830,53609,0,52,72.62626445927656,4.22956699912902,831.0710639998433,224.03258781174802
1789524791,100,,Aggregated,267.700000,0.000000,52,71,90,110,170,210,250,270,360,810,830,53897,0,52,72.49437250174162,4.22956699912902,831.0710639998433,224.0451231051821
1789524792,100,,Aggregated,264.200000,0.000000,52,71,91,110,170,210,250,270,350,810,830,54147,0,52,72.6441691551402,4.22956699912902,831.0710639998433,224.0376567492197
1789524793,100,,Aggregated,268.600000,0.000000,52,71,90,110,170,210,250,270,350,810,830,54412,0,52,72.54762005223836,4.22956699912902,831.0710639998433,224.03819010512387
1789524794,100,,Aggregated,264.600000,0.000000,52,71,90,110,170,210,250,270,350,810,830,54694,0,52,72.57019863552543,4.22956699912902,831.0710639998433,224.0314294072476
1789524795,100,,Aggregated,268.000000,0.000000,52,71,90,110,170,210,250,270,350,810,830,54945,0,52,72.62570210886197,4.22956699912902,831.0710639998433,224.02988442988442
1789524796,100,,Aggregated,264.900000,0.000000,52,71,90,110,170,210,250,270,350,810,830,55234,0,52,72.52649831150302,4.22956699912902,831.0710639998433,224.0324437846254
1789524797,100,,Aggregated,268.500000,0.000000,52,71,91,110,170,210,250,270,350,810,830,55494,0,52,72.72023989039504,4.22956699912902,831.0710639998433,224.03555339315963
1789524798,100,,Aggregated,265.200000,0.000000,52,71,90,110,170,210,250,270,350,810,830,55781,0,52,72.55330209694175,4.22956699912902,831.0710639998433,224.0373962460336
1789524799,100,,Aggregated,268.500000,0.000000,52,71,90,110,170,210,250,270,350,810,830,56062,0,52,72.500221268711,4.22956699912902,831.0710639998433,224.04746530626807
1789524800,100,,Aggregated,264.300000,0.000000,52,71,90,110,170,210,250,270,350,810,830,56337,0,52,72.36375028877148,4.22956699912902,831.0710639998433,224.05701404050623
1789524801,100,,Aggregated,269.200000,0.000000,52,71,90,110,170,210,250,270,350,810,830,56598,0,52,72.52309531357116,4.22956699912902,831.0710639998433,224.06917205554967
1789524802,100,,Aggregated,274.200000,0.000000,52,71,90,110,170,210,250,270,350,810,830,56849,0,52,72.48045207809174,4.22956699912902,831.0710639998433,224.07782019032877
1789524803,100,,Aggregated,268.000000,0.000000,52,71,90,110,170,210,250,270,350,810,830,57135,0,52,72.43706719932379,4.22956699912902,831.0710639998433,224.0808611184038
1789524804,100,,Aggregated,273.400000,0.000000,52,71,90,110,170,210,250,270,350,810,830,57410,0,52,72.48703166360208,4.22956699912902,831.0710639998433,224.08820762933286
1789524805,100,,Aggregated,270.100000,0.000000,52,71,90,110,170,210,250,270,350,810,830,57692,0,52,72.3979640866745,4.22956699912902,831.0710639998433,224.08316577688413
1789524806,100,,Aggregated,272.400000,0.000000,52,71,90,110,170,210,250,270,350,810,830,57921,0,52,72.59822121904615,4.22956699912902,831.0710639998433,224.09210821636367
1789524807,100,,Aggregated,269.000000,0.000000,52,71,90,110,170,210,250,270,350,810,830,58208,0,52,72.50821678957224,4.22956699912902,831.0710639998433,224.08351085761407
1789524808,100,,Aggregated,267.600000,0.000000,52,71,90,110,170,210,250,270,350,810,830,58463,0,52,72.55674076218132,4.22956699912902,831.0710639998433,224.0868070403503
1789524809,100,,Aggregated,266.700000,0.000000,52,71,90,110,170,210,250,270,350,810,830,58702,0,52,72.44016464492486,4.22956699912902,831.0710639998433,224.09100201015298
1789524810,100,,Aggregated,267.300000,0.000000,52,71,90,110,170,210,250,270,350,810,830,59007,0,52,72.60057067263871,4.22956699912902,831.0710639998433,224.1008863355195
1789524811,100,,Aggregated,267.800000,0.000000,52,71,90,110,170,210,250,270,350,810,830,59244,0,52,72.65217089047658,4.22956699912902,831.0710639998433,224.0965667409358
1789524812,100,,Aggregated,265.600000,0.000000,52,71,90,110,170,210,250,270,350,810,830,59534,0,52,72.57164180090987,4.22956699912902,831.0710639998433,224.098918265193
1789524813,100,,Aggregated,269.500000,0.000000,52,71,90,110,170,210,250,270,350,810,830,59797,0,52,72.67666029513755,4.22956699912902,831.0710639998433,224.1114269946653
1789524814,100,,Aggregated,263.700000,0.000000,52,71,90,110,170,210,250,270,350,810,830,60072,0,52,72.60053864108691,4.22956699912902,831.0710639998433,224.10650552670128
1789524815,100,,Aggregated,265.900000,0.000000,52,71,90,110,170,210,250,270,350,810,830,60332,0,52,72.62641881743265,4.22956699912902,831.0710639998433,224.10087515746204
1789524816,100,,Aggregated,263.400000,0.000000,52,71,90,110,170,210,250,270,350,810,830,60621,0,52,72.47680199472674,4.22956699912902,831.0710639998433,224.09757344814503
1789524817,100,,Aggregated,264.700000,0.000000,52,71,90,110,170,210,250,270,350,810,830,60844,0,52,72.66236512379746,4.22956699912902,831.0710639998433,224.10671553481035
1789524818,100,,Aggregated,268.600000,0.000000,52,71,90,110,170,210,250,270,350,810,830,61141,0,52,72.5128149000893,4.22956699912902,831.0710639998433,224.10487234425344
1789524819,100,,Aggregated,264.300000,0.000000,52,71,90,110,170,210,250,270,350,810,830,61397,0,52,72.59927886029045,4.22956699912902,831.0710639998433,224.1098425004479
1789524820,100,,Aggregated,268.300000,0.000000,52,71,90,110,170,210,250,270,350,810,830,61690,0,52,72.44613584226566,4.22956699912902,831.0710639998433,224.10513859620684
1789524821,100,,Aggregated,264.100000,0.000000,52,71,90,110,170,210,250,270,350,810,830,61927,0,52,72.62396481958316,4.22956699912902,831.0710639998433,224.10809501509843
1789524822,100,,Aggregated,267.500000,0.000000,52,71,90,110,170,210,250,270,350,810,830,62202,0,52,72.54769812730045,4.22956699912902,831.0710639998433,224.12002829491013
1789524823,100,,Aggregated,262.900000,0.000000,52,71,90,110,170,210,250,270,350,810,830,62487,0,52,72.50059696228483,4.22956699912902,831.0710639998433,224.11413574023396
1789524824,100,,Aggregated,268.800000,0.000000,52,71,90,110,170,210,250,270,350,810,830,62749,0,52,72.55507388667932,4.22956699912902,831.0710639998433,224.11657556295717
1789524825,100,,Aggregated,267.000000,0.000000,52,71,90,110,170,210,250,270,350,810,830,63043,0,52,72.4381626291468,4.22956699912902,831.0710639998433,224.1150008724204
1789524826,100,,Aggregated,269.900000,0.000000,52,71,90,110,170,210,250,270,350,810,830,63300,0,52,72.49003678352751,4.22956699912902,831.0710639998433,224.1114691943128
1789524827,100,,Aggregated,268.500000,0.000000,52,71,90,110,170,210,250,270,350,810,830,63571,0,52,72.39046551932779,4.22956699912902,831.0710639998433,224.11454908684777
1789524828,100,,Aggregated,267.900000,0.000000,52,71,90,110,170,210,250,270,350,810,830,63842,0,52,72.41405607852558,4.22956699912902,831.0710639998433,224.10817330284138
1789524829,100,,Aggregated,272.000000,0.000000,52,71,90,110,170,210,250,270,350,810,830,64094,0,52,72.39491701599493,4.22956699912902,831.0710639998433,224.10855930352295
1789524830,100,,Aggregated,269.300000,0.000000,52,71,90,110,170,210,250,270,350,810,830,64396,0,52,72.43039903241016,4.22956699912902,831.0710639998433,224.1178644636313
1789524831,100,,Aggregated,271.800000,0.000000,52,71,90,110,170,210,250,270,350,810,830,64660,0,52,72.43423289132656,4.22956699912902,831.0710639998433,224.12421899164863
1789524832,100,,Aggregated,268.300000,0.000000,52,71,90,110,170,210,250,270,350,810,830,64958,0,52,72.29843883714439,4.22956699912902,831.0710639998433,224.12130915360694
1789524833,100,,Aggregated,274.600000,0.000000,52,71,90,110,170,210,250,270,350,810,830,65183,0,52,72.44530797837129,4.22956699912902,831.0710639998433,224.12560023318963
1789524834,100,,Aggregated,270.700000,0.000000,52,71,90,110,170,210,250,270,350,810,830,65461,0,52,72.48913620352764,4.22956699912902,831.0710639998433,224.1207283726188
1789524835,100,,Aggregated,270.700000,0.000000,52,71,90,110,170,210,250,270,350,810,830,65722,0,52,72.49554073648294,4.22956699912902,831.0710639998433,224.1205380237972
1789524836,100,,Aggregated,268.200000,0.000000,52,71,90,110,170,210,250,270,350,810,830,66019,0,52,72.35077484318309,4.22956699912902,831.0710639998433,224.11184658961815
1789524837,100,,Aggregated,270.700000,0.000000,52,71,90,110,170,210,250,270,350,810,830,66265,0,52,72.35611602194369,4.22956699912902,831.0710639998433,224.11081264619332
1789524838,100,,Aggregated,269.700000,0.000000,52,71,90,110,170,210,250,270,350,810,830,66535,0,52,72.36151229198363,4.22956699912902,831.0710639998433,224.11679567145111
1789524839,100,,Aggregated,268.600000,0.000000,52,71,90,110,170,210,250,270,350,810,830,66837,0,52,72.37778276689629,4.22956699912902,831.0710639998433,224.1135448927989
1789524840,100,,Aggregated,271.200000,0.000000,52,71,90,110,170,210,250,270,350,810,830,67065,0,52,72.35271401413763,4.22956699912902,831.0710639998433,224.11867591142922
1789524841,100,,Aggregated,270.700000,0.000000,52,71,91,110,170,210,250,270,350,810,830,67346,0,52,72.55537976285343,4.22956699912902,831.0710639998433,224.1168295073204
1789524842,100,,Aggregated,272.400000,0.000000,52,72,91,110,170,210,250,270,350,810,830,67594,0,52,72.58685368569785,4.22956699912902,831.0710639998433,224.11560197650678
1789524843,100,,Aggregated,265.300000,0.000000,52,72,91,110,170,210,250,270,350,810,830,67871,0,52,72.60691339996549,4.22956699912902,831.0710639998433,224.11871049490946
1789524844,100,,Aggregated,267.000000,0.000000,52,72,91,110,170,210,250,270,350,810,830,68127,0,52,72.58521752772043,4.22956699912902,831.0710639998433,224.12178725028255
1789524845,100,,Aggregated,265.200000,0.000000,52,72,91,110,170,210,250,270,350,810,830,68401,0,52,72.65971924680863,4.22956699912902,831.0710639998433,224.1271618835982
1789524846,100,,Aggregated,268.600000,0.000000,52,72,91,110,170,210,250,270,350,810,830,68651,0,52,72.57398983452472,4.22956699912902,831.0710639998433,224.13373439571166
1789524847,100,,Aggregated,267.600000,0.000000,52,72,91,110,170,210,250,270,350,810,830,68946,0,52,72.55537342811499,4.22956699912902,831.0710639998433,224.13915238012356
1789524848,100,,Aggregated,267.100000,0.000000,52,72,91,110,170,210,250,270,350,810,830,69207,0,52,72.60542634117661,4.22956699912902,831.0710639998433,224.1337147976361
1789524849,100,,Aggregated,266.000000,0.000000,52,72,91,110,170,210,250,270,350,810,830,69482,0,52,72.53462880260696,4.22956699912902,831.0710639998433,224.12601824933077
1789524850,100,,Aggregated,266.400000,0.000000,52,72,91,110,170,210,250,270,350,810,830,69697,0,52,72.65692831266395,4.22956699912902,831.0710639998433,224.12086603440608
1789524851,100,,Aggregated,263.600000,0.000000,52,72,91,110,170,210,250,270,350,810,830,69990,0,52,72.61420102667228,4.22956699912902,831.0710639998433,224.1287041005858
1789524852,100,,Aggregated,264.500000,0.000000,52,72,91,110,170,210,250,270,350,810,830,70234,0,52,72.67703451034713,4.22956699912902,831.0710639998433,224.1303357348293
1789524853,100,,Aggregated,263.500000,0.000000,52,72,91,110,170,210,250,270,350,810,830,70490,0,52,72.62882726369368,4.22956699912902,831.0710639998433,224.1271102284012
1789524854,100,,Aggregated,264.100000,0.000000,52,72,91,110,170,210,250,270,350,810,830,70794,0,52,72.5677155869954,4.22956699912902,831.0710639998433,224.12324490776055
1789524855,100,,Aggregated,265.300000,0.000000,52,72,91,110,170,210,250,270,350,810,830,71057,0,52,72.61483218939367,4.22956699912902,831.0710639998433,224.11853863799485
1789524856,100,,Aggregated,262.500000,0.000000,52,72,91,110,170,210,250,270,350,810,830,71305,0,52,72.65009901727382,4.22956699912902,831.0710639998433,224.11676600518896
1789524857,100,,Aggregated,265.100000,0.000000,52,72,92,110,170,210,250,270,350,810,830,71584,0,52,72.67678261249273,4.22956699912902,831.0710639998433,224.12853430934288
1789524858,100,,Aggregated,263.500000,0.000000,52,72,91,110,170,210,250,270,350,810,830,71859,0,52,72.58027873490782,4.22956699912902,831.0710639998433,224.13359495679038
1789524859,100,,Aggregated,264.300000,0.000000,52,72,91,110,170,210,250,270,350,810,830,72106,0,52,72.72195332198051,4.22956699912902,831.0710639998433,224.13319279948965
1789524860,100,,Aggregated,261.600000,0.000000,52,72,91,110,170,210,250,270,350,810,830,72386,0,52,72.6168376792837,4.22956699912902,831.0710639998433,224.1356477771945
1789524861,100,,Aggregated,265.800000,0.000000,52,72,91,110,170,210,250,270,350,810,830,72632,0,52,72.71113138965907,4.22956699912902,831.0710639998433,224.13682674303337
1789524862,100,,Aggregated,261.200000,0.000000,52,72,91,110,170,210,250,270,350,810,830,72921,0,52,72.6056417127664,4.22956699912902,831.0710639998433,224.14168757970955
1789524863,100,,Aggregated,268.800000,0.000000,52,72,91,110,170,210,250,270,350,810,830,73150,0,52,72.75835133998174,4.22956699912902,831.0710639998433,224.14664388243335
1789524864,100,,Aggregated,264.100000,0.000000,52,72,91,110,170,210,250,270,350,810,830,73437,0,52,72.71641457066188,4.22956699912902,831.0710639998433,224.14518566934925
1789524865,100,,Aggregated,265.200000,0.000000,52,72,91,110,170,210,250,270,350,810,830,73709,0,52,72.73250473894241,4.22956699912902,831.0710639998433,224.14348315673797
1789524866,100,,Aggregated,264.100000,0.000000,52,72,91,110,170,210,250,270,350,810,830,74004,0,52,72.59739631892485,4.22956699912902,831.0710639998433,224.13812766877467
1789524867,100,,Aggregated,263.600000,0.000000,52,72,91,110,170,210,250,270,350,810,830,74211,0,52,72.73216535048272,4.22956699912902,831.0710639998433,224.1328778752476
1789524868,100,,Aggregated,266.700000,0.000000,52,72,91,110,170,210,250,270,350,810,830,74492,0,52,72.78235467332938,4.22956699912902,831.0710639998433,224.12574504644795
1789524869,100,,Aggregated,265.700000,0.000000,52,72,92,110,170,210,250,270,350,810,830,74766,0,52,72.77436427375723,4.22956699912902,831.0710639998433,224.12672872696146
1789524870,100,,Aggregated,265.800000,0.000000,52,72,92,110,170,210,250,270,350,810,830,75009,0,52,72.7676742677509,4.22956699912902,831.0710639998433,224.1221053473583
1789524871,100,,Aggregated,263.400000,0.000000,52,72,92,110,170,210,250,270,350,810,830,75321,0,52,72.7985785809094,4.22956699912902,831.0710639998433,224.1123059969995
1789524872,100,,Aggregated,267.000000,0.000000,52,72,92,110,170,210,250,270,350,810,830,75578,0,52,72.81347856693256,4.22956699912902,831.0710639998433,224.10992616899097
1789524873,100,,Aggregated,263.000000,0.000000,52,72,92,110,170,210,250,270,350,810,830,75843,0,52,72.8436862590174,4.22956699912902,831.0710639998433,224.10763023614572
1789524874,100,,Aggregated,268.900000,0.000000,52,72,92,110,170,210,250,270,350,810,830,76123,0,52,72.7693647235495,4.22956699912902,831.0710639998433,224.10758903353783
1789524875,100,,Aggregated,265.800000,0.000000,52,72,91,110,170,210,250,270,350,810,830,76370,0,52,72.66060390767014,4.22956699912902,831.0710639998433,224.10381039675266
1789524876,100,,Aggregated,268.400000,0.000000,52,72,91,110,170,210,250,270,350,810,830,76665,0,52,72.73726224657739,4.22956699912902,831.0710639998433,224.10646318398227
1789524877,100,,Aggregated,268.200000,0.000000,52,72,92,110,170,210,250,270,350,810,830,76934,0,52,72.79171907142329,4.22956699912902,831.0710639998433,224.10650687602362
1789524878,100,,Aggregated,264.300000,0.000000,52,72,91,110,170,210,250,270,350,810,830,77218,0,52,72.63670829571994,4.22956699912902,831.0710639998433,224.10655546634206
1789524879,100,,Aggregated,268.400000,0.000000,52,72,92,110,170,210,250,270,350,810,830,77450,0,52,72.74789435891451,4.22956699912902,831.0710639998433,224.1059522272434
1789524880,100,,Aggregated,269.600000,0.000000,52,72,91,110,170,210,250,270,350,810,830,77737,0,52,72.71703391853231,4.22956699912902,831.0710639998433,224.10174048393944
1789524881,100,,Aggregated,270.400000,0.000000,52,72,92,110,170,210,250,270,350,810,830,78013,0,52,72.74374504090302,4.22956699912902,831.0710639998433,224.10954584492328
1789524882,100,,Aggregated,269.300000,0.000000,52,72,91,110,170,210,250,270,350,810,830,78314,0,52,72.64347592768854,4.22956699912902,831.0710639998433,224.10842250427766
1789524883,100,,Aggregated,271.500000,0.000000,52,72,92,110,170,210,250,270,350,810,830,78531,0,52,72.8126450927014,4.22956699912902,831.0710639998433,224.10616189784926
1789524884,100,,Aggregated,269.100000,0.000000,52,72,91,110,170,210,250,270,350,810,830,78800,0,52,72.76797490225864,4.22956699912902,831.0710639998433,224.1020685279188
1789524885,100,,Aggregated,274.200000,0.000000,52,72,91,110,170,210,250,270,350,810,830,79077,0,52,72.80349683096277,4.22956699912902,831.0710639998433,224.1025329741897
1789524886,100,,Aggregated,268.300000,0.000000,52,72,91,110,170,210,250,270,350,810,830,79339,0,52,72.76732056322996,4.22956699912902,831.0710639998433,224.1014003201452
1789524887,100,,Aggregated,265.300000,0.000000,52,72,91,110,170,210,250,270,350,810,830,79631,0,52,72.71470728167563,4.22956699912902,831.0710639998433,224.10106616769852
1789524888,100,,Aggregated,271.800000,0.000000,52,72,91,110,170,210,250,270,350,810,830,79901,0,52,72.71099226730684,4.22956699912902,831.0710639998433,224.10543047020687
1789524889,100,,Aggregated,267.900000,0.000000,52,72,91,110,170,210,250,270,350,800,830,80172,0,52,72.63914597067702,4.22956699912902,831.0710639998433,224.1039889238138
1789524890,100,,Aggregated,268.600000,0.000000,52,72,92,110,170,210,250,270,350,800,830,80419,0,52,72.79695435425882,4.22956699912902,831.0710639998433,224.1107325383305
1789524891,100,,Aggregated,268.300000,0.000000,52,72,91,110,170,210,250,270,350,800,830,80690,0,52,72.7322462085404,4.22956699912902,831.0710639998433,224.10522989217995
1789524892,100,,Aggregated,270.400000,0.000000,53,72,92,110,170,210,250,270,350,800,830,80955,0,53,72.79264506827339,4.22956699912902,831.0710639998433,224.1049348403434
1789524893,100,,Aggregated,265.900000,0.000000,52,72,91,110,170,210,250,270,350,800,830,81229,0,52,72.70866911905925,4.22956699912902,831.0710639998433,224.1062305334302
1789524894,100,,Aggregated,266.400000,0.000000,53,72,91,110,170,210,250,270,350,800,830,81510,0,53,72.73048051266129,4.22956699912902,831.0710639998433,224.10864924549136
1789524895,100,,Aggregated,265.000000,0.000000,53,72,92,110,170,210,250,270,350,800,830,81764,0,53,72.78417533096476,4.22956699912902,831.0710639998433,224.11620028374347
1789524896,100,,Aggregated,267.900000,0.000000,53,72,91,110,170,210,250,270,350,800,830,82042,0,53,72.73287031781271,4.22956699912902,831.0710639998433,224.10828599985373
1789524897,100,,Aggregated,272.100000,0.000000,53,72,92,110,170,210,250,270,350,800,830,82315,0,53,72.73022535543896,4.22956699912902,831.0710639998433,224.10859503128228
1789524898,100,,Aggregated,268.700000,0.000000,52,72,91,110,170,210,250,270,350,800,830,82616,0,52,72.62460183239305,4.22956699912902,831.0710639998433,224.11229059746296
1789524899,100,,Aggregated,269.200000,0.000000,52,72,91,110,170,210,250,270,350,800,830,82852,0,52,72.70751444461207,4.22956699912902,831.0710639998433,224.10956886979193
1789524900,100,,Aggregated,269.000000,0.000000,53,72,91,110,170,210,250,270,350,800,830,83142,0,53,72.66381337624881,4.22956699912902,831.0710639998433,224.11120733203435
1789524901,100,,Aggregated,270.200000,0.000000,53,72,91,110,170,210,250,270,350,800,830,83398,0,53,72.68994712845763,4.22956699912902,831.0710639998433,224.11054221923789
1789524902,100,,Aggregated,267.000000,0.000000,53,72,91,110,170,210,250,270,350,800,830,83644,0,53,72.73823241950582,4.22956699912902,831.0710639998433,224.10368944574626
1789524903,100,,Aggregated,270.500000,0.000000,53,72,92,110,170,210,250,270,350,800,830,83924,0,53,72.7591299305828,4.22956699912902,831.0710639998433,224.10631047137886
1789524904,100,,Aggregated,271.500000,0.000000,53,72,91,110,170,210,250,270,350,800,830,84181,0,53,72.73942575077737,4.22956699912902,831.0710639998433,224.09424929615946
1789524905,100,,Aggregated,266.200000,0.000000,53,72,91,110,170,210,250,270,350,800,830,84484,0,53,72.68397936023545,4.22956699912902,831.0710639998433,224.0875432034468
1789524906,100,,Aggregated,270.500000,0.000000,53,72,92,110,170,210,250,270,350,800,830,84735,0,53,72.74912643134746,4.22956699912902,831.0710639998433,224.08988021478729
1789524908,100,,Aggregated,268.000000,0.000000,53,72,92,110,170,210,250,270,350,800,830,84737,0,53,72.75790536684366,4.22956699912902,831.0710639998433,224.08979548485314
1789524909,100,,Aggregated,268.000000,0.000000,53,72,92,110,170,210,250,270,350,800,830,84737,0,53,72.75790536684366,4.22956699912902,831.0710639998433,224.08979548485314
1789524910,100,,Aggregated,268.000000,0.000000,53,72,92,110,170,210,250,270,350,800,830,84737,0,53,72.75790536684366,4.22956699912902,831.0710639998433,224.08979548485314
1789524911,100,,Aggregated,268.000000,0.000000,53,72,92,110,170,210,250,270,350,800,830,84737,0,53,72.75790536684366,4.22956699912902,831.0710639998433,224.08979548485314
1789524912,100,,Aggregated,268.000000,0.000000,53,72,92,110,170,210,250,270,350,800,830,84737,0,53,72.75790536684366,4.22956699912902,831.0710639998433,224.08979548485314
1789524913,100,,Aggregated,268.000000,0.000000,53,72,92,110,170,210,250,270,350,800,830,84737,0,53,72.75790536684366,4.22956699912902,831.0710639998433,224.08979548485314
1789524914,100,,Aggregated,268.000000,0.000000,53,72,92,110,170,210,250,270,350,800,830,84737,0,53,72.75790536684366,4.22956699912902,831.0710639998433,224.08979548485314
1789524915,100,,Aggregated,268.000000,0.000000,53,72,92,110,170,210,250,270,350,800,830,84737,0,53,72.75790536684366,4.22956699912902,831.0710639998433,224.08979548485314
1789524916,100,,Aggregated,268.000000,0.000000,53,72,92,110,170,210,250,270,350,800,830,84737,0,53,72.75790536684366,4.22956699912902,831.0710639998433,224.08979548485314
1789524917,100,,Aggregated,268.000000,0.000000,53,72,92,110,170,210,250,270,350,800,830,84737,0,53,72.75790536684366,4.22956699912902,831.0710639998433,224.08979548485314
1789524918,100,,Aggregated,268.000000,0.000000,53,72,92,110,170,210,250,270,350,800,830,84737,0,53,72.75790536684366,4.22956699912902,831.0710639998433,224.08979548485314
1789524919,100,,Aggregated,268.000000,0.000000,53,72,92,110,170,210,250,270,350,800,830,84737,0,53,72.75790536684366,4.22956699912902,831.0710639998433,224.08979548485314
1789524920,100,,Aggregated,268.000000,0.000000,53,72,92,110,170,210,250,270,350,800,830,84737,0,53,72.75790536684366,4.22956699912902,831.0710639998433,224.08979548485314
1789524921,100,,Aggregated,268.000000,0.000000,53,72,92,110,170,210,250,270,350,800,830,84737,0,53,72.75790536684366,4.22956699912902,831.0710639998433,224.08979548485314
1789524922,100,,Aggregated,268.000000,0.000000,53,72,92,110,170,210,250,270,350,800,830,84737,0,53,72.75790536684366,4.22956699912902,831.0710639998433,224.08979548485314
1789524923,100,,Aggregated,268.000000,0.000000,53,72,92,110,170,210,250,270,350,800,830,84737,0,53,72.75790536684366,4.22956699912902,831.0710639998433,224.08979548485314
1789524924,100,,Aggregated,268.000000,0.000000,53,72,92,110,170,210,250,270,350,800,830,84737,0,53,72.75790536684366,4.22956699912902,831.0710639998433,224.08979548485314
1789524925,100,,Aggregated,268.000000,0.000000,53,72,92,110,170,210,250,270,350,800,830,84737,0,53,72.75790536684366,4.22956699912902,831.0710639998433,224.08979548485314
1789524926,100,,Aggregated,268.000000,0.000000,53,72,92,110,170,210,250,270,350,800,830,84737,0,53,72.75790536684366,4.22956699912902,831.0710639998433,224.08979548485314
1789524927,100,,Aggregated,268.000000,0.000000,53,72,92,110,170,210,250,270,350,800,830,84737,0,53,72.75790536684366,4.22956699912902,831.0710639998433,224.08979548485314
1789524928,100,,Aggregated,268.000000,0.000000,53,72,92,110,170,210,250,270,350,800,830,84737,0,53,72.75790536684366,4.22956699912902,831.0710639998433,224.08979548485314
1789524929,100,,Aggregated,268.000000,0.000000,53,72,92,110,170,210,250,270,350,800,830,84737,0,53,72.75790536684366,4.22956699912902,831.0710639998433,224.08979548485314
1789524930,100,,Aggregated,268.000000,0.000000,53,72,92,110,170,210,250,270,350,800,830,84737,0,53,72.75790536684366,4.22956699912902,831.0710639998433,224.08979548485314
1789524931,100,,Aggregated,268.000000,0.000000,53,72,92,110,170,210,250,270,350,800,830,84737,0,53,72.75790536684366,4.22956699912902,831.0710639998433,224.08979548485314
1789524932,100,,Aggregated,268.000000,0.000000,53,72,92,110,170,210,250,270,350,800,830,84737,0,53,72.75790536684366,4.22956699912902,831.0710639998433,224.08979548485314
1789524933,100,,Aggregated,268.000000,0.000000,53,72,92,110,170,210,250,270,350,800,830,84737,0,53,72.75790536684366,4.22956699912902,831.0710639998433,224.08979548485314
1789524934,100,,Aggregated,268.000000,0.000000,53,72,92,110,170,210,250,270,350,800,830,84737,0,53,72.75790536684366,4.22956699912902,831.0710639998433,224.08979548485314
1789524935,100,,Aggregated,268.000000,0.000000,53,72,92,110,170,210,250,270,350,800,830,84737,0,53,72.75790536684366,4.22956699912902,831.0710639998433,224.08979548485314
1789524936,100,,Aggregated,268.000000,0.000000,53,72,92,110,170,210,250,270,350,800,830,84737,0,53,72.75790536684366,4.22956699912902,831.0710639998433,224.08979548485314
1789524937,100,,Aggregated,268.000000,0.000000,53,72,92,110,170,210,250,270,350,800,830,84737,0,53,72.75790536684366,4.22956699912902,831.0710639998433,224.08979548485314
1789524938,100,,Aggregated,0.000000,0.000000,53,72,92,110,170,210,250,280,30000,31000,31000,84896,19,53,108.42280733487148,4.22956699912902,30733.001639993745,224.0475169619299
1789524939,100,,Aggregated,0.000000,0.000000,53,72,92,110,170,210,250,280,30000,31000,31000,85120,19,53,108.67769724942669,4.22956699912902,30733.001639993745,224.04453712406016
1789524940,100,,Aggregated,14.900000,1.900000,53,73,92,110,170,210,250,280,30000,31000,31000,85331,19,53,108.75613283175127,4.077805999258999,30733.001639993745,224.04505982585462
1789524941,100,,Aggregated,14.900000,1.900000,53,73,92,110,170,210,250,280,30000,31000,31000,85333,19,53,108.76381644613647,4.077805999258999,30733.001639993745,224.04498845698615
1789524942,100,,Aggregated,14.900000,1.900000,53,73,92,110,170,210,250,280,30000,31000,31000,85333,19,53,108.76381644613647,4.077805999258999,30733.001639993745,224.04498845698615
1789524943,100,,Aggregated,14.900000,1.900000,53,73,92,110,170,210,250,280,30000,31000,31000,85333,19,53,108.76381644613647,4.077805999258999,30733.001639993745,224.04498845698615
1789524944,100,,Aggregated,14.900000,1.900000,53,73,92,110,170,210,250,280,30000,31000,31000,85333,19,53,108.76381644613647,4.077805999258999,30733.001639993745,224.04498845698615
1789524945,100,,Aggregated,14.900000,1.900000,53,73,92,110,170,210,250,280,30000,31000,31000,85333,19,53,108.76381644613647,4.077805999258999,30733.001639993745,224.04498845698615
1789524946,100,,Aggregated,14.900000,1.900000,53,73,92,110,170,210,250,280,30000,31000,31000,85333,19,53,108.76381644613647,4.077805999258999,30733.001639993745,224.04498845698615
1789524947,100,,Aggregated,14.900000,1.900000,53,73,92,110,170,210,250,280,30000,31000,31000,85333,19,53,108.76381644613647,4.077805999258999,30733.001639993745,224.04498845698615
1789524948,100,,Aggregated,14.900000,1.900000,53,73,92,110,170,210,250,280,30000,31000,31000,85333,19,53,108.76381644613647,4.077805999258999,30733.001639993745,224.04498845698615
1789524949,100,,Aggregated,14.900000,1.900000,53,73,92,110,170,210,250,280,30000,31000,31000,85333,19,53,108.76381644613647,4.077805999258999,30733.001639993745,224.04498845698615
1789524950,100,,Aggregated,14.900000,1.900000,53,73,92,110,170,210,250,280,30000,31000,31000,85333,19,53,108.76381644613647,4.077805999258999,30733.001639993745,224.04498845698615
1789524951,100,,Aggregated,14.900000,1.900000,53,73,92,110,170,210,250,280,30000,31000,31000,85333,19,53,108.76381644613647,4.077805999258999,30733.001639993745,224.04498845698615
1789524952,100,,Aggregated,14.900000,1.900000,53,73,92,110,170,210,250,280,30000,31000,31000,85333,19,53,108.76381644613647,4.077805999258999,30733.001639993745,224.04498845698615
1789524953,100,,Aggregated,14.900000,1.900000,53,73,92,110,170,210,250,280,30000,31000,31000,85333,19,53,108.76381644613647,4.077805999258999,30733.001639993745,224.04498845698615
1789524954,100,,Aggregated,14.900000,1.900000,53,73,92,110,170,210,250,280,30000,31000,31000,85333,19,53,108.76381644613647,4.077805999258999,30733.001639993745,224.04498845698615
1789524955,100,,Aggregated,14.900000,1.900000,53,73,92,110,170,210,250,280,30000,31000,31000,85333,19,53,108.76381644613647,4.077805999258999,30733.001639993745,224.04498845698615
1789524956,100,,Aggregated,14.900000,1.900000,53,73,92,110,170,210,250,280,30000,31000,31000,85333,19,53,108.76381644613647,4.077805999258999,30733.001639993745,224.04498845698615
1789524957,100,,Aggregated,14.900000,1.900000,53,73,92,110,170,210,250,280,30000,31000,31000,85333,19,53,108.76381644613647,4.077805999258999,30733.001639993745,224.04498845698615
1789524958,100,,Aggregated,14.900000,1.900000,53,73,92,110,170,210,250,280,30000,31000,31000,85333,19,53,108.76381644613647,4.077805999258999,30733.001639993745,224.04498845698615
1789524959,100,,Aggregated,14.900000,1.900000,53,73,92,110,170,210,250,280,30000,31000,31000,85333,19,53,108.76381644613647,4.077805999258999,30733.001639993745,224.04498845698615
1789524960,100,,Aggregated,14.900000,1.900000,53,73,92,110,170,210,250,280,30000,31000,31000,85333,19,53,108.76381644613647,4.077805999258999,30733.001639993745,224.04498845698615
1789524961,100,,Aggregated,14.900000,1.900000,53,73,92,110,170,210,250,280,30000,31000,31000,85333,19,53,108.76381644613647,4.077805999258999,30733.001639993745,224.04498845698615
1789524962,100,,Aggregated,14.900000,1.900000,53,73,92,110,170,210,250,280,30000,31000,31000,85333,19,53,108.76381644613647,4.077805999258999,30733.001639993745,224.04498845698615
1789524963,100,,Aggregated,14.900000,1.900000,53,73,92,110,170,210,250,280,30000,31000,31000,85333,19,53,108.76381644613647,4.077805999258999,30733.001639993745,224.04498845698615
1789524964,100,,Aggregated,14.900000,1.900000,53,73,92,110,170,210,250,280,30000,31000,31000,85333,19,53,108.76381644613647,4.077805999258999,30733.001639993745,224.04498845698615
1789524965,100,,Aggregated,14.900000,1.900000,53,73,92,110,170,210,250,280,30000,31000,31000,85333,19,53,108.76381644613647,4.077805999258999,30733.001639993745,224.04498845698615
1789524966,100,,Aggregated,14.900000,1.900000,53,73,92,110,170,210,250,280,30000,31000,31000,85333,19,53,108.76381644613647,4.077805999258999,30733.001639993745,224.04498845698615
1789524967,100,,Aggregated,14.900000,1.900000,53,73,92,110,170,210,250,280,30000,31000,31000,85333,19,53,108.76381644613647,4.077805999258999,30733.001639993745,224.04498845698615
1789524968,100,,Aggregated,14.900000,1.900000,53,73,92,110,170,210,250,280,30000,31000,31000,85333,19,53,108.76381644613647,4.077805999258999,30733.001639993745,224.04498845698615
1789524969,100,,Aggregated,14.900000,1.900000,53,73,92,110,170,210,250,280,30000,31000,31000,85333,19,53,108.76381644613647,4.077805999258999,30733.001639993745,224.04498845698615
1789524970,100,,Aggregated,0.000000,0.000000,53,73,92,110,170,210,250,280,30000,31000,31000,85342,27,53,111.94683272120601,4.077805999258999,30733.001639993745,224.02618874645543
1789524971,100,,Aggregated,0.000000,0.000000,53,73,92,110,170,210,260,290,30000,31000,31000,85576,57,53,143.97495555957582,4.077805999258999,30733.001639993745,223.95761662148266
1789524972,100,,Aggregated,0.000000,0.000000,53,73,93,110,170,210,260,290,30000,31000,31000,85809,57,53,144.25039479275225,4.077805999258999,30733.001639993745,223.96104138260554
1789524973,100,,Aggregated,18.300000,3.800000,53,73,93,110,170,220,260,300,30000,31000,31000,86012,57,53,144.42934561980047,4.077805999258999,30733.001639993745,223.96626052178766
1789524974,100,,Aggregated,31.300000,3.800000,53,73,93,110,170,220,260,300,30000,31000,31000,86257,57,53,144.35858310455066,4.077805999258999,30733.001639993745,223.96956768726017
1789524975,100,,Aggregated,50.100000,3.800000,53,73,93,110,170,220,260,300,30000,31000,31000,86541,57,53,144.0521394078327,4.077805999258999,30733.001639993745,223.96878935995656
1789524976,100,,Aggregated,80.200000,3.800000,53,73,93,110,170,220,260,300,30000,31000,31000,86814,57,53,143.81606088925966,4.077805999258999,30733.001639993745,223.96699841039464
1789524977,100,,Aggregated,104.800000,3.800000,53,73,93,110,170,220,260,300,30000,31000,31000,87064,57,53,143.57972845755035,4.077805999258999,30733.001639993745,223.96939033354772
1789524978,100,,Aggregated,131.900000,3.800000,53,73,93,110,170,220,260,300,30000,31000,31000,87348,57,53,143.43865565318217,4.077805999258999,30733.001639993745,223.96587214360946
1789524979,100,,Aggregated,161.400000,3.800000,53,72,92,110,170,220,260,300,30000,31000,31000,87643,57,53,143.09481463372052,4.077805999258999,30733.001639993745,223.9722624738998
1789524980,100,,Aggregated,185.300000,3.800000,53,73,92,110,170,220,260,300,30000,31000,31000,87906,57,53,142.89205976001918,4.077805999258999,30733.001639993745,223.97348303870044
1789524981,100,,Aggregated,214.000000,3.800000,53,72,92,110,170,220,260,300,30000,31000,31000,88184,57,53,142.54237529760783,4.077805999258999,30733.001639993745,223.97023269527352
1789524982,100,,Aggregated,240.600000,3.800000,53,72,92,110,170,220,260,300,30000,31000,31000,88466,57,53,142.32861471745423,4.077805999258999,30733.001639993745,223.96856419415369
1789524983,100,,Aggregated,252.300000,0.000000,52,72,92,110,170,220,260,300,30000,31000,31000,88716,57,52,142.03376965471077,4.077805999258999,30733.001639993745,223.9714933044772
1789524984,100,,Aggregated,265.000000,0.000000,53,72,92,110,170,220,260,300,30000,31000,31000,88999,57,53,141.96727965962913,4.077805999258999,30733.001639993745,223.97380869447971
1789524985,100,,Aggregated,275.000000,0.000000,53,72,92,110,170,220,260,300,30000,31000,31000,89248,57,53,141.71721373954935,4.077805999258999,30733.001639993745,223.97217864826104
1789524986,100,,Aggregated,269.600000,0.000000,53,72,92,110,170,220,260,300,30000,31000,31000,89541,57,53,141.53487031104513,4.077805999258999,30733.001639993745,223.96981271149528
1789524987,100,,Aggregated,271.900000,0.000000,53,72,92,110,170,220,260,300,30000,31000,31000,89808,57,53,141.3127948570983,4.077805999258999,30733.001639993745,223.9752249242829
1789524988,100,,Aggregated,272.700000,0.000000,53,72,93,110,170,220,260,300,30000,31000,31000,90074,57,53,141.09519310030916,4.077805999258999,30733.001639993745,223.97792925816552
1789524989,100,,Aggregated,270.000000,0.000000,53,73,93,110,170,220,260,300,30000,31000,31000,90306,57,53,141.05378097507628,4.077805999258999,30733.001639993745,223.97702256771422
1789524990,100,,Aggregated,270.400000,0.000000,53,73,93,110,170,220,260,300,30000,31000,31000,90600,57,53,140.80096404769594,4.077805999258999,30733.001639993745,223.977825607064
1789524991,100,,Aggregated,267.800000,0.000000,53,73,93,110,170,220,260,300,30000,31000,31000,90842,57,53,140.60113453007682,4.077805999258999,30733.001639993745,223.97901851566456
1789524992,100,,Aggregated,267.900000,0.000000,53,73,93,110,170,210,260,300,30000,31000,31000,91150,57,53,140.34896924757356,4.077805999258999,30733.001639993745,223.98797586396051
1789524993,100,,Aggregated,266.000000,0.000000,53,73,93,110,170,210,260,300,30000,31000,31000,91410,57,53,140.17571003168504,4.077805999258999,30733.001639993745,223.99400503227218
1789524994,100,,Aggregated,266.400000,0.000000,53,73,93,110,170,210,260,300,30000,31000,31000,91673,57,53,139.96552703855272,4.077805999258999,30733.001639993745,224.00006545002344
1789524995,100,,Aggregated,267.000000,0.000000,53,73,93,110,170,210,260,300,30000,31000,31000,91942,57,53,139.80453494861155,4.077805999258999,30733.001639993745,224.00184899175568
1789524996,100,,Aggregated,264.200000,0.000000,53,73,93,110,170,210,260,300,30000,31000,31000,92237,57,53,139.4737028631592,4.077805999258999,30733.001639993745,224.00290555850688
1789524997,100,,Aggregated,267.800000,0.000000,53,73,93,110,170,210,260,300,30000,31000,31000,92509,57,53,139.2713103811658,4.077805999258999,30733.001639993745,224.0072857776
1789524998,100,,Aggregated,266.600000,0.000000,52,72,93,110,170,210,260,300,30000,31000,31000,92783,57,52,138.9971673564904,4.077805999258999,30733.001639993745,224.00663914725757
1789524999,100,,Aggregated,267.500000,0.000000,52,72,93,110,170,210,260,300,30000,31000,31000,93036,57,52,138.91081344053174,4.077805999258999,30733.001639993745,224.00355776258652
1789525000,100,,Aggregated,271.900000,0.000000,52,73,93,110,170,210,260,300,30000,31000,31000,93305,57,52,138.6948442188556,4.077805999258999,30733.001639993745,224.00700927067146
1789525001,100,,Aggregated,271.300000,0.000000,53,73,93,110,170,210,260,300,30000,31000,31000,93607,57,53,138.48980782865803,4.077805999258999,30733.001639993745,224.01380238657364
1789525002,100,,Aggregated,273.000000,0.000000,52,73,93,110,170,210,260,300,30000,31000,31000,93834,57,52,138.3183711710384,4.077805999258999,30733.001639993745,224.01709401709402
1789525003,100,,Aggregated,272.500000,0.000000,53,73,93,110,170,210,260,300,30000,31000,31000,94138,57,53,138.1878765147788,4.077805999258999,30733.001639993745,224.01692196562493
1789525004,100,,Aggregated,274.900000,0.000000,53,73,93,110,170,210,260,300,30000,31000,31000,94403,57,53,137.9625424333153,4.077805999258999,30733.001639993745,224.01433217164708
1789525005,100,,Aggregated,270.400000,0.000000,53,73,93,110,170,210,260,300,30000,31000,31000,94681,57,53,137.70264251684327,4.077805999258999,30733.001639993745,224.01834581383804
1789525006,100,,Aggregated,274.300000,0.000000,53,73,93,110,170,210,260,300,30000,31000,31000,94948,57,53,137.59043455840242,4.077805999258999,30733.001639993745,224.02634073387537
1789525007,100,,Aggregated,271.100000,0.000000,53,73,93,110,170,210,260,300,30000,31000,31000,95223,57,53,137.3620119247054,4.077805999258999,30733.001639993745,224.02937315564517
1789525008,100,,Aggregated,271.200000,0.000000,53,73,93,110,170,210,260,300,30000,31000,31000,95464,57,53,137.23579034447786,4.077805999258999,30733.001639993745,224.03200159222325
1789525009,100,,Aggregated,270.400000,0.000000,53,73,93,110,170,210,260,300,30000,31000,31000,95760,57,53,137.01386544377905,4.077805999258999,30733.001639993745,224.03729114452798
1789525010,100,,Aggregated,269.900000,0.000000,53,73,93,110,170,210,260,300,30000,31000,31000,95985,57,53,136.9817369874695,4.077805999258999,30733.001639993745,224.0374850237016
1789525011,100,,Aggregated,269.400000,0.000000,53,73,93,110,170,210,260,300,30000,31000,31000,96268,57,53,136.77081749908965,4.077805999258999,30733.001639993745,224.03396767357793
1789525012,100,,Aggregated,265.600000,0.000000,53,73,93,110,170,210,260,300,30000,31000,31000,96535,57,53,136.5655963536989,4.077805999258999,30733.001639993745,224.03522038638835
1789525013,100,,Aggregated,264.300000,0.000000,53,73,93,110,170,210,260,300,30000,31000,31000,96826,57,53,136.28046498650534,4.077805999258999,30733.001639993745,224.037758453308
1789525014,100,,Aggregated,264.800000,0.000000,53,73,93,110,170,210,260,300,30000,31000,31000,97063,57,53,136.2196062231788,4.077805999258999,30733.001639993745,224.03710991830047
1789525015,100,,Aggregated,267.600000,0.000000,53,73,93,110,170,210,260,300,30000,31000,31000,97308,57,53,135.99299378397856,4.077805999258999,30733.001639993745,224.03675956755868
1789525016,100,,Aggregated,265.100000,0.000000,53,73,93,110,170,210,260,300,30000,31000,31000,97594,57,53,135.89247952059947,4.077805999258999,30733.001639993745,224.0375637846589
1789525017,100,,Aggregated,266.700000,0.000000,53,73,93,110,170,210,260,290,30000,31000,31000,97843,57,53,135.68391258520586,4.077805999258999,30733.001639993745,224.03794855022844
1789525018,100,,Aggregated,264.900000,0.000000,53,73,93,110,170,210,260,290,30000,31000,31000,98142,57,53,135.49856823294036,4.077805999258999,30733.001639993745,224.03547920360293
1789525019,100,,Aggregated,264.700000,0.000000,53,73,92,110,170,210,260,290,30000,31000,31000,98385,57,53,135.27576174334723,4.077805999258999,30733.001639993745,224.02929308329522
1789525020,100,,Aggregated,263.400000,0.000000,53,73,93,110,170,210,260,290,30000,31000,31000,98678,57,53,135.15348334311793,4.077805999258999,30733.001639993745,224.0272907841667
1789525021,100,,Aggregated,267.300000,0.000000,53,73,93,110,170,220,260,290,30000,31000,31000,98904,57,53,135.04749734295058,4.077805999258999,30733.001639993745,224.02833050230527
1789525022,100,,Aggregated,268.000000,0.000000,53,73,92,110,170,210,260,290,30000,31000,31000,99201,57,53,134.83368127415275,4.077805999258999,30733.001639993745,224.02400177417567
1789525023,100,,Aggregated,268.900000,0.000000,53,73,93,110,170,210,260,290,30000,31000,31000,99469,57,53,134.69292318413008,4.077805999258999,30733.001639993745,224.01999617971427
1789525024,100,,Aggregated,263.700000,0.000000,52,72,92,110,170,210,260,290,30000,31000,31000,99764,57,52,134.3979223539084,4.077805999258999,30733.001639993745,224.02223246862596
1789525025,100,,Aggregated,266.000000,0.000000,52,72,92,110,170,220,260,290,30000,31000,31000,100011,57,52,134.3085636522121,4.077805999258999,30733.001639993745,224.01908790033096
1789525026,100,,Aggregated,268.400000,0.000000,52,72,92,110,170,210,260,290,30000,31000,31000,100294,57,52,134.06795273827305,4.077805999258999,30733.001639993745,224.015833449658
1789525027,100,,Aggregated,269.300000,0.000000,53,72,92,110,170,210,260,290,30000,31000,31000,100564,57,53,133.9286046675489,4.077805999258999,30733.001639993745,224.01679527465097
1789525028,100,,Aggregated,268.200000,0.000000,52,72,92,110,170,210,260,290,30000,31000,31000,100860,57,52,133.6293872738381,4.077805999258999,30733.001639993745,224.02189173111245
1789525029,100,,Aggregated,269.800000,0.000000,52,72,92,110,170,210,260,290,30000,31000,31000,101109,57,52,133.55235871472718,4.077805999258999,30733.001639993745,224.01626957046355
1789525030,100,,Aggregated,270.600000,0.000000,52,72,92,110,170,210,260,290,30000,31000,31000,101381,57,52,133.28983056684555,4.077805999258999,30733.001639993745,224.01436166540083
1789525031,100,,Aggregated,266.500000,0.000000,52,72,92,110,170,210,260,290,30000,31000,31000,101638,57,52,133.17936363375293,4.077805999258999,30733.001639993745,224.01563391644856
1789525032,100,,Aggregated,271.200000,0.000000,52,72,92,110,170,210,260,290,30000,31000,31000,101928,57,52,132.96973693694983,4.077805999258999,30733.001639993745,224.01153755592182
1789525033,100,,Aggregated,270.800000,0.000000,52,72,92,110,170,210,260,290,30000,31000,31000,102190,57,52,132.79052807480628,4.077805999258999,30733.001639993745,224.01193854584596
1789525034,100,,Aggregated,273.600000,0.000000,52,72,92,110,170,210,260,290,30000,31000,31000,102454,57,52,132.64090449054623,4.077805999258999,30733.001639993745,224.00859898100612
1789525035,100,,Aggregated,271.600000,0.000000,52,72,92,110,170,210,260,290,30000,31000,31000,102744,57,52,132.48310576253076,4.077805999258999,30733.001639993745,224.00678385112514
1789525036,100,,Aggregated,272.600000,0.000000,52,72,92,110,170,210,260,290,30000,31000,31000,102998,57,52,132.29236841411918,4.077805999258999,30733.001639993745,224.0029029689897
1789525037,100,,Aggregated,268.800000,0.000000,52,72,92,110,170,210,260,290,30000,31000,31000,103299,57,52,132.10616737547693,4.077805999258999,30733.001639993745,224.0014133728303
1789525038,100,,Aggregated,272.500000,0.000000,52,72,92,110,170,210,260,290,30000,31000,31000,103550,57,52,131.90157740738272,4.077805999258999,30733.001639993745,224.00061805890874
1789525039,100,,Aggregated,272.300000,0.000000,52,72,92,110,170,210,260,290,30000,31000,31000,103840,57,52,131.80542967398372,4.077805999258999,30733.001639993745,223.99742873651772
1789525040,100,,Aggregated,273.200000,0.000000,52,72,92,110,170,210,260,290,30000,31000,31000,104086,57,52,131.61724407819915,4.077805999258999,30733.001639993745,223.9955613627193
1789525041,100,,Aggregated,274.300000,0.000000,52,72,92,110,170,210,260,290,30000,31000,31000,104378,57,52,131.47734220245172,4.077805999258999,30733.001639993745,223.99488397938262
1789525042,100,,Aggregated,271.600000,0.000000,52,73,92,110,170,210,260,290,30000,31000,31000,104653,57,52,131.3308533145204,4.077805999258999,30733.001639993745,224.00014333081708
1789525043,100,,Aggregated,271.100000,0.000000,52,72,92,110,170,210,260,290,30000,31000,31000,104938,57,52,131.1132208731211,4.077805999258999,30733.001639993745,223.99731269892698
1789525044,100,,Aggregated,271.000000,0.000000,52,73,92,110,170,210,260,290,30000,31000,31000,105171,57,52,131.072409220209,4.077805999258999,30733.001639993745,223.99554059579162
1789525045,100,,Aggregated,271.100000,0.000000,52,72,92,110,170,210,260,290,30000,31000,31000,105472,57,52,130.85098332576936,4.077805999258999,30733.001639993745,223.9996681583738
1789525046,100,,Aggregated,270.300000,0.000000,53,73,92,110,170,210,260,290,30000,31000,31000,105749,57,53,130.69337496081812,4.077805999258999,30733.001639993745,223.99677538321876
1789525047,100,,Aggregated,271.500000,0.000000,52,72,92,110,170,210,260,290,30000,31000,31000,105992,57,52,130.4645081464792,4.077805999258999,30733.001639993745,223.99870744961885
1789525048,100,,Aggregated,270.300000,0.000000,52,72,92,110,170,210,260,290,30000,31000,31000,106284,57,52,130.34607877669882,4.077805999258999,30733.001639993745,224.00276617364796
1789525049,100,,Aggregated,272.900000,0.000000,52,72,92,110,170,210,260,290,30000,31000,31000,106535,57,52,130.24756613046145,4.077805999258999,30733.001639993745,224.00489979818838
1789525050,100,,Aggregated,270.100000,0.000000,52,72,92,110,170,210,260,290,30000,31000,31000,106822,57,52,130.03553734194023,4.077805999258999,30733.001639993745,224.00310797401283
1789525051,100,,Aggregated,273.100000,0.000000,52,72,92,110,170,210,260,290,30000,31000,31000,107106,57,52,129.89088795809525,4.077805999258999,30733.001639993745,224.00229679009578
1789525052,100,,Aggregated,270.100000,0.000000,52,72,92,110,170,210,260,290,30000,31000,31000,107399,57,52,129.62715358226527,4.077805999258999,30733.001639993745,224.0076164582538
1789525053,100,,Aggregated,270.800000,0.000000,52,72,92,110,170,210,260,290,30000,31000,31000,107638,57,52,129.55140018794256,4.077805999258999,30733.001639993745,224.01349895018487
1789525054,100,,Aggregated,272.900000,0.000000,52,72,92,110,170,210,260,290,30000,31000,31000,107917,57,52,129.3439828614287,4.077805999258999,30733.001639993745,224.01660535411474
1789525055,100,,Aggregated,272.900000,0.000000,52,72,92,110,170,210,260,290,30000,31000,31000,108202,57,52,129.18461883368906,4.077805999258999,30733.001639993745,224.01375205633906
1789525056,100,,Aggregated,273.000000,0.000000,52,72,92,110,170,210,260,290,30000,31000,31000,108448,57,52,129.09224855826568,4.077805999258999,30733.001639993745,224.01195964886398
1789525057,100,,Aggregated,272.200000,0.000000,52,72,92,110,170,210,260,290,30000,31000,31000,108743,57,52,128.89817633249757,4.077805999258999,30733.001639993745,224.01704017729878
1789525058,100,,Aggregated,273.300000,0.000000,52,72,92,110,170,210,260,290,30000,31000,31000,109013,57,52,128.76821241968116,4.077805999258999,30733.001639993745,224.0179061212883
1789525059,100,,Aggregated,270.000000,0.000000,52,72,92,110,170,210,260,290,30000,31000,31000,109302,57,52,128.53644317686573,4.077805999258999,30733.001639993745,224.01628515489196
1789525060,100,,Aggregated,273.800000,0.000000,52,72,92,110,170,210,260,290,30000,31000,31000,109543,57,52,128.49012043442966,4.077805999258999,30733.001639993745,224.02022037008297
1789525061,100,,Aggregated,270.800000,0.000000,52,72,92,110,170,210,260,290,30000,31000,31000,109793,57,52,128.32028426581616,4.077805999258999,30733.001639993745,224.02272458171285
1789525062,100,,Aggregated,274.200000,0.000000,52,72,92,110,170,210,260,290,30000,31000,31000,110099,57,52,128.13898647886666,4.077805999258999,30733.001639993745,224.0315443373691
1789525063,100,,Aggregated,271.000000,0.000000,52,72,92,110,170,210,260,290,30000,31000,31000,110340,57,52,127.94205530852578,4.077805999258999,30733.001639993745,224.0321642196846
1789525064,100,,Aggregated,270.200000,0.000000,52,72,92,110,170,210,260,290,30000,31000,31000,110659,57,52,127.81903236517387,4.077805999258999,30733.001639993745,224.0276886651786
1789525065,100,,Aggregated,271.200000,0.000000,52,72,92,110,170,210,260,290,30000,31000,31000,110891,57,52,127.71773155794273,4.077805999258999,30733.001639993745,224.02840627282646
1789525066,100,,Aggregated,272.000000,0.000000,52,72,92,110,170,210,260,290,30000,31000,31000,111196,57,52,127.53668527774256,4.077805999258999,30733.001639993745,224.02621497176156
1789525067,100,,Aggregated,273.300000,0.000000,52,72,92,110,170,210,260,290,30000,31000,31000,111415,57,52,127.445050266875,4.077805999258999,30733.001639993745,224.02835345330521
1789525068,100,,Aggregated,272.100000,0.000000,52,72,92,110,170,210,260,290,30000,31000,31000,111720,57,52,127.31362740815267,4.077805999258999,30733.001639993745,224.0315878983172
1789525069,100,,Aggregated,272.500000,0.000000,52,72,92,110,170,210,260,290,30000,31000,31000,111987,57,52,127.16644174884374,4.077805999258999,30733.001639993745,224.0342003982605
1789525070,100,,Aggregated,268.000000,0.000000,52,72,91,110,170,210,260,290,30000,31000,31000,112275,57,52,126.91346199264046,4.077805999258999,30733.001639993745,224.03169895346247
1789525071,100,,Aggregated,269.000000,0.000000,52,72,91,110,170,210,260,290,30000,31000,31000,112531,57,52,126.8273579706455,4.077805999258999,30733.001639993745,224.0296362780034
1789525072,100,,Aggregated,269.000000,0.000000,52,72,91,110,170,210,260,290,30000,31000,31000,112830,57,52,126.60381901769614,4.077805999258999,30733.001639993745,224.0273774705309
1789525073,100,,Aggregated,273.400000,0.000000,52,72,91,110,170,210,260,290,30000,31000,31000,113042,57,52,126.60254160765642,4.077805999258999,30733.001639993745,224.03097963588755
1789525074,100,,Aggregated,271.700000,0.000000,52,72,91,110,170,210,260,290,30000,31000,31000,113349,57,52,126.41518438676773,4.077805999258999,30733.001639993745,224.0312839107535
1789525075,100,,Aggregated,267.400000,0.000000,52,72,91,110,170,210,260,290,30000,31000,31000,113615,57,52,126.28766639946963,4.077805999258999,30733.001639993745,224.02704748492715
1789525076,100,,Aggregated,268.800000,0.000000,52,72,91,110,170,210,260,290,30000,31000,31000,113865,57,52,126.13448198916035,4.077805999258999,30733.001639993745,224.02466956483556
1789525077,100,,Aggregated,266.400000,0.000000,52,72,91,110,170,210,260,290,30000,31000,31000,114157,57,52,126.0220399382927,4.077805999258999,30733.001639993745,224.02082220100388
1789525078,100,,Aggregated,270.000000,0.000000,52,72,91,110,170,210,260,290,30000,31000,31000,114433,57,52,125.88456514767329,4.077805999258999,30733.001639993745,224.0210079260353
1789525079,100,,Aggregated,267.800000,0.000000,52,72,91,110,170,210,260,290,30000,31000,31000,114705,57,52,125.67650707090111,4.077805999258999,30733.001639993745,224.020530927161
1789525080,100,,Aggregated,271.300000,0.000000,52,72,91,110,170,210,260,290,30000,31000,31000,114991,57,52,125.58234134040667,4.077805999258999,30733.001639993745,224.01939282204694
1789525081,100,,Aggregated,272.200000,0.000000,52,72,91,110,170,210,260,290,30000,31000,31000,115284,57,52,125.38211748559844,4.077805999258999,30733.001639993745,224.01623815967523
1789525082,100,,Aggregated,269.400000,0.000000,52,72,91,110,170,210,260,290,30000,31000,31000,115538,57,52,125.2742916620827,4.077805999258999,30733.001639993745,224.01203067389085
1789525083,100,,Aggregated,271.100000,0.000000,52,72,91,110,170,210,260,290,30000,31000,31000,115842,57,52,125.09419574286291,4.077805999258999,30733.001639993745,224.01603908772293
1789525084,100,,Aggregated,272.000000,0.000000,52,72,91,110,170,210,260,290,30000,31000,31000,116100,57,52,124.99345789592337,4.077805999258999,30733.001639993745,224.01655469422911
1789525085,100,,Aggregated,276.600000,0.000000,52,72,91,110,170,210,260,290,30000,31000,31000,116381,57,52,124.86613324544939,4.077805999258999,30733.001639993745,224.01027659153985
1789525086,100,,Aggregated,273.600000,0.000000,52,72,91,110,170,210,260,290,30000,31000,31000,116635,57,52,124.79241587669831,4.077805999258999,30733.001639993745,224.01109443991942
1789525087,100,,Aggregated,277.200000,0.000000,52,72,91,110,170,210,260,290,30000,31000,31000,116885,57,52,124.63712372152709,4.077805999258999,30733.001639993745,224.0123625786029
1789525088,100,,Aggregated,273.100000,0.000000,52,72,91,110,170,210,250,290,30000,31000,31000,117190,57,52,124.48764019340109,4.077805999258999,30733.001639993745,224.00698865090877
1789525089,100,,Aggregated,276.300000,0.000000,52,72,91,110,170,210,250,290,30000,31000,31000,117452,57,52,124.37751037634658,4.077805999258999,30733.001639993745,224.00688792017164
1789525090,100,,Aggregated,273.500000,0.000000,52,72,91,110,170,210,250,290,30000,31000,31000,117741,57,52,124.18300092895996,4.077805999258999,30733.001639993745,224.004008798974
1789525091,100,,Aggregated,274.000000,0.000000,52,72,91,110,170,210,250,290,30000,31000,31000,118006,57,52,124.06179735291113,4.077805999258999,30733.001639993745,224.0097961120621
1789525092,100,,Aggregated,275.700000,0.000000,52,72,91,110,170,210,250,290,30000,31000,31000,118276,57,52,123.85720087151009,4.077805999258999,30733.001639993745,224.0128005681626
1789525093,100,,Aggregated,273.800000,0.000000,52,72,91,110,170,210,250,290,30000,31000,31000,118575,57,52,123.7080497907294,4.077805999258999,30733.001639993745,224.01060931899642
1789525094,100,,Aggregated,274.300000,0.000000,52,72,91,110,170,210,250,290,30000,31000,31000,118833,57,52,123.6274104067027,4.077805999258999,30733.001639993745,224.01443201804213
1789525095,100,,Aggregated,270.900000,0.000000,52,72,91,110,170,210,250,290,30000,31000,31000,119116,57,52,123.44326309864941,4.077805999258999,30733.001639993745,224.0100406326606
1789525096,100,,Aggregated,276.300000,0.000000,52,72,91,110,170,210,250,290,30000,31000,31000,119384,57,52,123.30384746411434,4.077805999258999,30733.001639993745,224.00976680292166
1789525097,100,,Aggregated,272.900000,0.000000,52,72,91,110,170,210,250,280,30000,31000,31000,119633,57,52,123.26089383312184,4.077805999258999,30733.001639993745,224.00850099888828
1789525098,100,,Aggregated,275.800000,0.000000,52,72,91,110,170,210,250,280,30000,31000,31000,119922,57,52,123.11114212853253,4.077805999258999,30733.001639993745,224.00788012207934
1789525099,100,,Aggregated,271.200000,0.000000,52,72,91,110,170,210,250,280,30000,31000,31000,120186,57,52,122.98582440529579,4.077805999258999,30733.001639993745,224.010367264074
1789525100,100,,Aggregated,271.600000,0.000000,52,72,91,110,170,210,250,280,30000,31000,31000,120490,57,52,122.81152647836342,4.077805999258999,30733.001639993745,224.00460619138516
1789525101,100,,Aggregated,273.700000,0.000000,52,72,91,110,170,210,250,280,30000,31000,31000,120728,57,52,122.76302783998797,4.077805999258999,30733.001639993745,224.00476277251343
1789525102,100,,Aggregated,272.900000,0.000000,52,72,91,110,170,210,250,280,30000,31000,31000,121008,57,52,122.56919814415626,4.077805999258999,30733.001639993745,224.00676814756048
1789525103,100,,Aggregated,275.600000,0.000000,52,72,91,110,170,210,250,280,30000,31000,31000,121294,57,52,122.46433991893345,4.077805999258999,30733.001639993745,224.00843405279733
1789525104,100,,Aggregated,272.400000,0.000000,52,72,91,110,170,210,250,280,30000,31000,31000,121578,57,52,122.26046790357636,4.077805999258999,30733.001639993745,224.0080524436987
1789525105,100,,Aggregated,272.200000,0.000000,52,72,91,110,170,210,250,280,30000,31000,31000,121820,57,52,122.23477442718743,4.077805999258999,30733.001639993745,224.00449844032178
1789525106,100,,Aggregated,271.600000,0.000000,52,72,91,110,170,210,250,280,30000,31000,31000,122124,57,52,122.06344906179697,4.077805999258999,30733.001639993745,224.0039468081622
1789525107,100,,Aggregated,271.100000,0.000000,52,72,91,110,170,210,250,280,30000,31000,31000,122384,57,52,121.96444537504044,4.077805999258999,30733.001639993745,224.00343999215585
1789525108,100,,Aggregated,269.700000,0.000000,52,72,91,110,170,210,250,280,30000,31000,31000,122653,57,52,121.83729193659346,4.077805999258999,30733.001639993745,224.00438635826274
1789525109,100,,Aggregated,274.300000,0.000000,52,71,91,110,170,210,250,280,30000,31000,31000,122936,57,52,121.65411815669108,4.077805999258999,30733.001639993745,224.00726394221383
1789525110,100,,Aggregated,274.400000,0.000000,52,71,91,110,170,210,250,280,30000,31000,31000,123217,57,52,121.508197134608,4.077805999258999,30733.001639993745,224.01105366954235
1789525111,100,,Aggregated,271.900000,0.000000,52,71,91,110,170,210,250,280,30000,31000,31000,123514,57,52,121.34071675065186,4.077805999258999,30733.001639993745,224.00646890231067
1789525112,100,,Aggregated,274.500000,0.000000,52,71,91,110,170,210,250,280,30000,31000,31000,123765,57,52,121.24692456379418,4.077805999258999,30733.001639993745,224.0095099583889
1789525113,100,,Aggregated,271.000000,0.000000,52,71,91,110,170,210,250,280,30000,31000,31000,124006,57,52,121.1417282249402,4.077805999258999,30733.001639993745,224.0136928858281
1789525114,100,,Aggregated,276.100000,0.000000,52,71,91,110,170,210,250,280,30000,31000,31000,124308,57,52,121.02080940673846,4.077805999258999,30733.001639993745,224.01720725938796
1789525115,100,,Aggregated,275.200000,0.000000,52,71,91,110,170,210,250,280,30000,31000,31000,124563,57,52,120.95739910179459,4.077805999258999,30733.001639993745,224.01571092539518
1789525116,100,,Aggregated,271.300000,0.000000,52,71,91,110,170,210,250,280,30000,31000,31000,124841,57,52,120.80686030581212,4.077805999258999,30733.001639993745,224.01551573601623
1789525117,100,,Aggregated,274.600000,0.000000,52,71,91,110,170,210,250,280,30000,31000,31000,125105,57,52,120.7047186282475,4.077805999258999,30733.001639993745,224.0200551536709
1789525118,100,,Aggregated,273.000000,0.000000,52,71,91,110,170,210,250,280,30000,31000,31000,125386,57,52,120.5565119440201,4.077805999258999,30733.001639993745,224.02110283444722
1789525119,100,,Aggregated,271.800000,0.000000,52,71,90,110,170,210,250,280,30000,31000,31000,125614,57,52,120.4521541980741,4.077805999258999,30733.001639993745,224.02072221249225
1789525120,100,,Aggregated,272.400000,0.000000,52,71,90,110,170,210,250,280,30000,31000,31000,125931,57,52,120.35703168438965,4.077805999258999,30733.001639993745,224.02303642470878
1789525121,100,,Aggregated,272.400000,0.000000,52,71,91,110,170,210,250,280,30000,31000,31000,126187,57,52,120.28350552892805,4.077805999258999,30733.001639993745,224.0197326190495
1789525122,100,,Aggregated,267.800000,0.000000,52,71,90,110,170,210,250,280,30000,31000,31000,126474,57,52,120.13903852613058,4.077805999258999,30733.001639993745,224.0195217989468
1789525123,100,,Aggregated,270.700000,0.000000,52,71,90,110,170,210,250,280,30000,31000,31000,126751,57,52,120.03727189162899,4.077805999258999,30733.001639993745,224.0193923519341
1789525124,100,,Aggregated,267.700000,0.000000,52,71,90,110,170,210,250,280,30000,31000,31000,127045,57,52,119.87114049727143,4.077805999258999,30733.001639993745,224.01809595025384
1789525125,100,,Aggregated,271.000000,0.000000,52,71,90,110,170,210,250,280,30000,31000,31000,127276,57,52,119.82739363763703,4.077805999258999,30733.001639993745,224.01850309563468
1789525126,100,,Aggregated,271.400000,0.000000,52,71,90,110,170,210,250,280,30000,31000,31000,127576,57,52,119.68781867174866,4.077805999258999,30733.001639993745,224.02063083965635
1789525127,100,,Aggregated,273.200000,0.000000,52,71,90,110,170,210,250,280,30000,31000,31000,127851,57,52,119.55795248647323,4.077805999258999,30733.001639993745,224.01646447818163
1789525128,100,,Aggregated,271.100000,0.000000,52,71,90,110,170,210,250,280,30000,31000,31000,128101,57,52,119.44761513960913,4.077805999258999,30733.001639993745,224.01594835325253
1789525129,100,,Aggregated,272.200000,0.000000,52,71,90,110,170,210,250,280,30000,31000,31000,128395,57,52,119.34582371129783,4.077805999258999,30733.001639993745,224.01514077650998
1789525130,100,,Aggregated,273.800000,0.000000,52,71,90,110,170,210,250,280,30000,31000,31000,128655,57,52,119.29929895785726,4.077805999258999,30733.001639993745,224.01173681551435
1789525131,100,,Aggregated,270.000000,0.000000,52,71,90,110,170,210,250,280,30000,31000,31000,128933,57,52,119.12961370664708,4.077805999258999,30733.001639993745,224.01237076621192
1789525132,100,,Aggregated,275.800000,0.000000,52,71,90,110,170,210,250,280,30000,31000,31000,129176,57,52,119.11146066003053,4.077805999258999,30733.001639993745,224.0182077166037
1789525133,100,,Aggregated,272.300000,0.000000,52,71,90,110,170,210,250,280,30000,31000,31000,129460,57,52,118.96035128962698,4.077805999258999,30733.001639993745,224.02209949019002
1789525134,100,,Aggregated,273.300000,0.000000,52,71,90,110,170,210,250,280,30000,31000,31000,129744,57,52,118.84680111768702,4.077805999258999,30733.001639993745,224.01960013565176
1789525135,100,,Aggregated,269.900000,0.000000,52,71,90,110,170,210,250,280,30000,31000,31000,129996,57,52,118.79255343861497,4.077805999258999,30733.001639993745,224.02176990061233
1789525136,100,,Aggregated,270.700000,0.000000,52,71,90,110,170,210,250,280,30000,31000,31000,130284,57,52,118.64681135666106,4.077805999258999,30733.001639993745,224.02346412452795
1789525137,100,,Aggregated,269.600000,0.000000,52,71,90,110,170,210,250,280,30000,31000,31000,130531,57,52,118.57804653519229,4.077805999258999,30733.001639993745,224.02320521561927
1789525138,100,,Aggregated,271.100000,0.000000,52,71,90,110,170,210,250,280,30000,31000,31000,130820,57,52,118.451785052356,4.077805999258999,30733.001639993745,224.023536156551
1789525139,100,,Aggregated,271.000000,0.000000,52,71,90,110,170,210,250,280,30000,31000,31000,131107,57,52,118.35255187099264,4.077805999258999,30733.001639993745,224.02825936067487
1789525140,100,,Aggregated,266.300000,0.000000,52,71,90,110,170,210,250,280,30000,31000,31000,131395,57,52,118.1715630781786,4.077805999258999,30733.001639993745,224.0242474980022
1789525141,100,,Aggregated,271.700000,0.000000,52,71,90,110,170,210,250,280,30000,31000,31000,131642,57,52,118.16742618505728,4.077805999258999,30733.001639993745,224.02534905273393
1789525142,100,,Aggregated,270.600000,0.000000,52,71,90,110,170,210,250,280,30000,31000,31000,131920,57,52,118.02925250527844,4.077805999258999,30733.001639993745,224.0289948453608
1789525143,100,,Aggregated,273.000000,0.000000,52,71,90,110,170,210,250,280,30000,31000,31000,132191,57,52,117.93132487662065,4.077805999258999,30733.001639993745,224.03024411646783
1789525145,100,,Aggregated,270.000000,0.000000,51,71,90,110,170,210,250,280,30000,31000,31000,132476,57,51,117.75413280535626,4.077805999258999,30733.001639993745,224.02869953802954
1789525146,100,,Aggregated,272.700000,0.000000,52,71,90,110,170,210,250,280,30000,31000,31000,132751,57,52,117.69841020537203,4.077805999258999,30733.001639993745,224.0291523227697
1789525147,100,,Aggregated,271.900000,0.000000,52,71,90,110,170,210,250,280,30000,31000,31000,133016,57,52,117.63734268219133,4.077805999258999,30733.001639993745,224.03288326216395
1789525148,100,,Aggregated,274.100000,0.000000,52,71,90,110,170,210,250,280,30000,31000,31000,133285,57,52,117.50050229332855,4.077805999258999,30733.001639993745,224.03245676557754
1789525149,100,,Aggregated,272.000000,0.000000,52,71,90,110,170,210,250,280,30000,31000,31000,133551,57,52,117.41850736580339,4.077805999258999,30733.001639993745,224.03036293251267
1789525150,100,,Aggregated,274.900000,0.000000,51,71,90,110,170,210,250,280,30000,31000,31000,133854,57,51,117.24795488176191,4.077805999258999,30733.001639993745,224.03144470841366
1789525151,100,,Aggregated,272.000000,0.000000,51,71,90,110,170,210,250,280,30000,31000,31000,134089,57,51,117.21705713811983,4.077805999258999,30733.001639993745,224.03047975598295
1789525152,100,,Aggregated,272.000000,0.000000,51,71,90,110,170,210,250,280,30000,31000,31000,134349,57,51,117.06702376236753,4.077805999258999,30733.001639993745,224.03131396586502
1789525153,100,,Aggregated,268.100000,0.000000,51,71,90,110,170,210,250,280,30000,31000,31000,134630,57,51,117.03600419412751,4.077805999258999,30733.001639993745,224.03026814231598
1789525154,100,,Aggregated,270.300000,0.000000,51,71,90,110,170,210,250,280,30000,31000,31000,134876,57,51,116.94318670720054,4.077805999258999,30733.001639993745,224.0340090156885
1789525155,100,,Aggregated,269.800000,0.000000,51,71,90,110,170,210,250,280,30000,31000,31000,135166,57,51,116.80163037296616,4.077805999258999,30733.001639993745,224.03113208943077
1789525156,100,,Aggregated,266.500000,0.000000,51,71,90,110,170,210,250,280,30000,31000,31000,135404,57,51,116.75351069897023,4.077805999258999,30733.001639993745,224.028662373342
1789525157,100,,Aggregated,268.800000,0.000000,51,71,90,110,170,210,250,280,30000,31000,31000,135702,57,51,116.66169512491624,4.077805999258999,30733.001639993745,224.0292331726872
1789525158,100,,Aggregated,265.000000,0.000000,51,71,90,110,170,210,250,280,30000,31000,31000,135983,57,51,116.53516497379302,4.077805999258999,30733.001639993745,224.02944485707772
1789525159,100,,Aggregated,268.400000,0.000000,51,71,90,110,170,210,250,280,30000,31000,31000,136288,57,51,116.35381766361195,4.077805999258999,30733.001639993745,224.02908546607185
1789525160,100,,Aggregated,269.700000,0.000000,51,71,90,110,170,210,250,280,30000,31000,31000,136535,57,51,116.31855613628947,4.077805999258999,30733.001639993745,224.02469696414838
1789525161,100,,Aggregated,273.200000,0.000000,51,71,90,110,170,210,250,280,30000,31000,31000,136800,57,51,116.14897455423439,4.077805999258999,30733.001639993745,224.0240350877193
1789525162,100,,Aggregated,267.400000,0.000000,51,71,90,110,170,210,250,280,30000,31000,31000,137088,57,51,116.08189044644546,4.077805999258999,30733.001639993745,224.02130018674137
1789525163,100,,Aggregated,271.600000,0.000000,51,71,90,110,170,210,250,280,30000,31000,31000,137354,57,51,116.01274941819905,4.077805999258999,30733.001639993745,224.0184268386796
1789525164,100,,Aggregated,272.500000,0.000000,51,71,90,110,170,210,250,280,30000,31000,31000,137638,57,51,115.86182931728375,4.077805999258999,30733.001639993745,224.01608567401445
1789525165,100,,Aggregated,270.600000,0.000000,51,71,90,110,170,210,250,280,30000,31000,31000,137893,57,51,115.79324546573258,4.077805999258999,30733.001639993745,224.01726701137838
1789525166,100,,Aggregated,277.300000,0.000000,51,71,90,110,170,210,250,280,30000,31000,31000,138159,57,51,115.73491567705432,4.077805999258999,30733.001639993745,224.02075145303598
1789525167,100,,Aggregated,271.400000,0.000000,51,71,90,110,170,210,250,280,30000,31000,31000,138436,57,51,115.65749897230572,4.077805999258999,30733.001639993745,224.02364991765148
1789525168,100,,Aggregated,275.200000,0.000000,51,71,90,110,170,210,250,280,30000,31000,31000,138692,57,51,115.54968036253055,4.077805999258999,30733.001639993745,224.02597121679693
1789525169,100,,Aggregated,272.100000,0.000000,51,71,90,110,170,210,250,280,30000,31000,31000,138986,57,51,115.42298759164278,4.077805999258999,30733.001639993745,224.02560689565857
1789525170,100,,Aggregated,270.100000,0.000000,51,71,90,110,170,210,250,280,30000,31000,31000,139227,57,51,115.37247798893199,4.077805999258999,30733.001639993745,224.0289024399003
1789525171,100,,Aggregated,269.500000,0.000000,51,71,90,110,170,210,250,280,30000,31000,31000,139502,57,51,115.31425286722826,4.077805999258999,30733.001639993745,224.02400682427492
1789525172,100,,Aggregated,267.700000,0.000000,51,71,90,110,170,210,250,280,30000,31000,31000,139752,57,51,115.28101584583457,4.077805999258999,30733.001639993745,224.02414992272026
1789525173,100,,Aggregated,268.800000,0.000000,51,71,90,110,170,210,250,280,30000,31000,31000,140029,57,51,115.16981312418922,4.077805999258999,30733.001639993745,224.02378792964313
1789525174,100,,Aggregated,265.400000,0.000000,51,71,90,110,170,210,250,280,30000,31000,31000,140302,57,51,115.136733915497,4.077805999258999,30733.001639993745,224.0203418340437
1789525175,100,,Aggregated,269.000000,0.000000,51,71,90,110,170,210,250,280,30000,31000,31000,140586,57,51,114.97326492652206,4.077805999258999,30733.001639993745,224.017889405773
1789525176,100,,Aggregated,263.800000,0.000000,51,71,90,110,170,210,250,280,30000,31000,31000,140837,57,51,114.91946841042524,4.077805999258999,30733.001639993745,224.01909299402857
1789525177,100,,Aggregated,269.200000,0.000000,51,71,90,110,170,210,250,280,30000,31000,31000,141075,57,51,114.82469801716829,4.077805999258999,30733.001639993745,224.02108807371965
1789525178,100,,Aggregated,266.800000,0.000000,51,71,90,110,170,210,250,280,30000,31000,31000,141363,57,51,114.78544052333308,4.077805999258999,30733.001639993745,224.021993025049
1789525179,100,,Aggregated,264.900000,0.000000,51,71,90,110,170,210,250,280,30000,31000,31000,141634,57,51,114.73794647015534,4.077805999258999,30733.001639993745,224.02054591411667
1789525180,100,,Aggregated,266.500000,0.000000,51,71,90,110,170,210,250,280,30000,31000,31000,141902,57,51,114.63477924040536,4.077805999258999,30733.001639993745,224.02039435666867
1789525181,100,,Aggregated,263.700000,0.000000,51,71,90,110,170,210,250,280,30000,31000,31000,142169,57,51,114.55420351682207,4.077805999258999,30733.001639993745,224.01918843067054
1789525182,100,,Aggregated,263.700000,0.000000,51,71,90,110,170,210,250,280,30000,31000,31000,142312,57,51,114.50739618706918,4.077805999258999,30733.001639993745,224.0267510821294
1789525183,100,,Aggregated,266.400000,0.000000,51,71,90,110,170,210,250,280,30000,31000,31000,142424,57,51,115.2609308338638,4.077805999258999,30733.001639993745,224.02069875863617
1789525184,100,,Aggregated,258.400000,0.000000,51,71,90,110,170,210,250,280,30000,31000,31000,142646,57,51,115.24904617430025,4.077805999258999,30733.001639993745,224.01862653001135
1789525185,100,,Aggregated,235.300000,0.000000,51,71,90,110,170,210,250,280,30000,31000,31000,142935,57,51,115.10844300026743,4.077805999258999,30733.001639993745,224.01961031237974
1789525186,100,,Aggregated,235.200000,0.000000,51,71,90,110,170,210,250,280,30000,31000,31000,143193,57,51,115.0461285281286,4.077805999258999,30733.001639993745,224.01947022549984
1789525187,100,,Aggregated,233.600000,0.000000,51,71,90,110,170,210,250,280,30000,31000,31000,143486,57,51,114.88349263881003,4.077805999258999,30733.001639993745,224.02226698075074
1789525188,100,,Aggregated,234.400000,0.000000,51,71,90,110,170,210,250,280,30000,31000,31000,143761,57,51,114.80638318130312,4.077805999258999,30733.001639993745,224.0239355597137
1789525189,100,,Aggregated,239.700000,0.000000,51,71,90,110,170,210,250,280,30000,31000,31000,144008,57,51,114.73158725534208,4.077805999258999,30733.001639993745,224.0227487361813
1789525190,100,,Aggregated,238.300000,0.000000,51,71,90,110,170,210,250,280,30000,31000,31000,144303,57,51,114.64729020292178,4.077805999258999,30733.001639993745,224.01985405708822
1789525191,100,,Aggregated,236.300000,0.000000,51,71,90,110,170,210,250,280,30000,31000,31000,144547,57,51,114.5578458844057,4.077805999258999,30733.001639993745,224.01685956816814
1789525192,100,,Aggregated,238.800000,0.000000,51,71,90,110,170,210,250,280,30000,31000,31000,144845,57,51,114.49812242969554,4.077805999258999,30733.001639993745,224.01841278608168
1789525193,100,,Aggregated,236.700000,0.000000,51,71,90,110,170,210,250,280,30000,31000,31000,145109,57,51,114.42588485712908,4.077805999258999,30733.001639993745,224.02004699915236
1789525194,100,,Aggregated,249.200000,0.000000,51,71,90,110,170,210,250,280,30000,31000,31000,145396,57,51,114.30161141179371,4.077805999258999,30733.001639993745,224.01356983685935
1789525195,100,,Aggregated,269.000000,0.000000,51,71,90,110,170,210,250,280,30000,31000,31000,145650,57,51,114.27643704204706,4.077805999258999,30733.001639993745,224.01454857535188
1789525196,100,,Aggregated,273.600000,0.000000,51,71,90,110,170,210,250,280,30000,31000,31000,145944,57,51,114.15070978511675,4.077805999258999,30733.001639993745,224.0116003398564
1789525197,100,,Aggregated,271.400000,0.000000,51,71,90,110,170,210,250,280,30000,31000,31000,146191,57,51,114.0981754777319,4.077805999258999,30733.001639993745,224.01316086489592
1789525198,100,,Aggregated,273.400000,0.000000,51,71,90,110,170,210,250,280,30000,31000,31000,146488,57,51,113.97108002863078,4.077805999258999,30733.001639993745,224.0102602260936
1789525199,100,,Aggregated,269.300000,0.000000,51,71,90,110,170,210,250,280,30000,31000,31000,146742,57,51,113.92435326174574,4.077805999258999,30733.001639993745,224.00937018713117
1789525200,100,,Aggregated,271.700000,0.000000,51,71,90,110,170,210,250,280,30000,31000,31000,146985,57,51,113.83964364638646,4.077805999258999,30733.001639993745,224.01139572065176
1789525201,100,,Aggregated,272.800000,0.000000,51,71,90,110,170,210,250,280,30000,31000,31000,147293,57,51,113.77650811853293,4.077805999258999,30733.001639993745,224.0097153293096
1789525202,100,,Aggregated,270.600000,0.000000,51,71,90,110,170,210,250,280,30000,31000,31000,147566,57,51,113.73320600847836,4.077805999258999,30733.001639993745,224.00928398140493
1789525203,100,,Aggregated,273.400000,0.000000,51,71,90,110,170,210,250,280,30000,31000,31000,147846,57,51,113.6085883633857,4.077805999258999,30733.001639993745,224.01024038526575
1789525204,100,,Aggregated,270.000000,0.000000,51,71,90,110,170,210,250,280,30000,31000,31000,148117,57,51,113.52941987050198,4.077805999258999,30733.001639993745,224.0085945570056
1789525205,100,,Aggregated,273.400000,0.000000,51,71,90,110,170,210,250,280,30000,31000,31000,148419,57,51,113.39313633072636,4.077805999258999,30733.001639993745,224.00786287469933
1789525206,100,,Aggregated,271.400000,0.000000,51,71,90,110,170,210,250,280,30000,31000,31000,148649,57,51,113.40555265714613,4.077805999258999,30733.001639993745,224.00534144192022
1789525207,100,,Aggregated,274.400000,0.000000,51,71,90,110,170,210,250,280,30000,31000,31000,148949,57,51,113.26729769718521,4.077805999258999,30733.001639993745,224.005619373074
1789525208,100,,Aggregated,272.000000,0.000000,51,71,90,110,170,210,250,280,30000,31000,31000,149194,57,51,113.2266440483265,4.077805999258999,30733.001639993745,223.99895438154348
1789525209,100,,Aggregated,272.900000,0.000000,51,71,90,110,170,210,250,280,30000,31000,31000,149467,57,51,113.1392086292354,4.077805999258999,30733.001639993745,223.99759813202914
1789525210,100,,Aggregated,270.300000,0.000000,51,71,90,110,170,210,250,280,30000,31000,31000,149767,57,51,112.98909854188793,4.077805999258999,30733.001639993745,224.0008145986766
1789525211,100,,Aggregated,272.400000,0.000000,51,71,90,110,170,210,250,280,30000,31000,31000,150022,57,51,112.93749839414807,4.077805999258999,30733.001639993745,224.00378611137035
1789525212,100,,Aggregated,274.200000,0.000000,51,71,90,110,170,210,250,280,30000,31000,31000,150312,57,51,112.82926924781059,4.077805999258999,30733.001639993745,223.99916174357338
1789525213,100,,Aggregated,272.300000,0.000000,51,71,90,110,170,210,250,280,30000,31000,31000,150571,57,51,112.77466538437642,4.077805999258999,30733.001639993745,224.0009696422286
1789525214,100,,Aggregated,274.900000,0.000000,51,71,90,110,170,210,250,280,30000,31000,31000,150857,57,51,112.65349284097472,4.077805999258999,30733.001639993745,224.00133901641954
1789525215,100,,Aggregated,272.500000,0.000000,51,71,90,110,170,210,250,280,30000,31000,31000,151129,57,51,112.58894265956174,4.077805999258999,30733.001639993745,224.00291142004514
1789525216,100,,Aggregated,273.600000,0.000000,51,71,90,110,170,210,250,280,30000,31000,31000,151397,57,51,112.45116041949223,4.077805999258999,30733.001639993745,224.00274774268976
1789525217,100,,Aggregated,271.300000,0.000000,51,71,90,110,170,210,250,280,30000,31000,31000,151688,57,51,112.38514978447725,4.077805999258999,30733.001639993745,224.0016876747007
1789525218,100,,Aggregated,275.100000,0.000000,51,71,90,110,170,210,250,280,30000,31000,31000,151935,57,51,112.3669019223145,4.077805999258999,30733.001639993745,224.00065159443182
1789525219,100,,Aggregated,275.100000,0.000000,51,71,90,110,170,210,250,280,30000,31000,31000,152229,57,51,112.24104384048252,4.077805999258999,30733.001639993745,224.00231887485302
1789525220,100,,Aggregated,274.200000,0.000000,51,71,90,110,170,210,250,280,30000,31000,31000,152486,57,51,112.19722612471833,4.077805999258999,30733.001639993745,224.0017247485015
1789525221,100,,Aggregated,274.400000,0.000000,51,71,90,110,170,210,250,280,30000,31000,31000,152776,57,51,112.08399053608383,4.077805999258999,30733.001639993745,224.00054982457976
1789525222,100,,Aggregated,272.300000,0.000000,51,71,90,110,170,210,250,280,30000,31000,31000,153026,57,51,112.03709310926078,4.077805999258999,30733.001639993745,224.00582907479776
1789525223,100,,Aggregated,272.300000,0.000000,51,71,90,110,170,210,250,280,30000,31000,31000,153057,57,51,112.04569455238071,4.077805999258999,30733.001639993745,224.00684058880026
1789525224,100,,Aggregated,272.000000,0.000000,51,71,90,110,170,210,250,280,30000,31000,31000,153188,57,51,112.91794090917476,4.077805999258999,30733.001639993745,224.0004243152205
1789525225,100,,Aggregated,253.700000,0.000000,51,71,90,110,170,210,250,290,30000,31000,31000,153424,57,51,112.94290165086737,4.077805999258999,30733.001639993745,224.00092553968088
1789525226,100,,Aggregated,231.300000,0.000000,51,71,90,110,170,210,250,290,30000,31000,31000,153702,57,51,112.81916856220238,4.077805999258999,30733.001639993745,223.99988289026817
1789525227,100,,Aggregated,229.000000,0.000000,51,71,90,110,170,210,250,290,30000,31000,31000,153985,57,51,112.71248316806576,4.077805999258999,30733.001639993745,224.0055719712959
1789525228,100,,Aggregated,227.700000,0.000000,51,71,90,110,170,210,250,290,30000,31000,31000,154231,57,51,112.59422852026306,4.077805999258999,30733.001639993745,224.00496657610987
1789525229,100,,Aggregated,228.500000,0.000000,51,71,90,110,170,210,250,280,30000,31000,31000,154530,57,51,112.548872390291,4.077805999258999,30733.001639993745,224.00042063029832
1789525230,100,,Aggregated,232.800000,0.000000,51,71,90,110,170,210,250,280,30000,31000,31000,154776,57,51,112.4661818838617,4.077805999258999,30733.001639993745,224.0007882359022
1789525231,100,,Aggregated,229.000000,0.000000,51,71,90,110,170,210,250,280,30000,31000,31000,155081,57,51,112.3864378766422,4.077805999258999,30733.001639993745,223.9997291737866
1789525232,100,,Aggregated,232.100000,0.000000,51,71,90,110,170,210,250,280,30000,31000,31000,155352,57,51,112.31412175078232,4.077805999258999,30733.001639993745,223.9993949224986
1789525233,100,,Aggregated,229.000000,0.000000,51,71,90,110,170,210,250,280,30000,31000,31000,155650,57,51,112.16994476230994,4.077805999258999,30733.001639993745,223.99770639254737
1789525234,100,,Aggregated,230.500000,0.000000,51,71,90,110,170,210,250,280,30000,31000,31000,155904,57,51,112.14886673510942,4.077805999258999,30733.001639993745,223.9937397372742
1789525235,100,,Aggregated,252.900000,0.000000,51,71,90,110,170,210,250,280,30000,31000,31000,156200,57,51,111.99971801665502,4.077805999258999,30733.001639993745,223.99124839948783
1789525236,100,,Aggregated,272.400000,0.000000,51,71,90,110,170,210,250,280,30000,31000,31000,156445,57,51,111.98203368160412,4.077805999258999,30733.001639993745,223.99322445587907
1789525237,100,,Aggregated,276.600000,0.000000,51,71,90,110,170,210,250,280,30000,31000,31000,156729,57,51,111.88195770821322,4.077805999258999,30733.001639993745,223.99564853983628
1789525238,100,,Aggregated,273.900000,0.000000,51,71,90,110,170,210,250,280,30000,31000,31000,157007,57,51,111.77868611085819,4.077805999258999,30733.001639993745,223.99209589381366
1789525239,100,,Aggregated,274.000000,0.000000,51,71,90,110,170,210,250,280,30000,31000,31000,157262,57,51,111.71836733365022,4.077805999258999,30733.001639993745,223.99231855120755
1789525240,100,,Aggregated,271.800000,0.000000,51,71,90,110,170,210,250,280,30000,31000,31000,157557,57,51,111.62412339075695,4.077805999258999,30733.001639993745,223.99452261721154
1789525241,100,,Aggregated,273.200000,0.000000,51,71,90,110,170,210,250,280,30000,31000,31000,157824,57,51,111.556875473087,4.077805999258999,30733.001639993745,223.99310624493106
1789525242,100,,Aggregated,272.800000,0.000000,51,71,90,110,170,210,250,280,30000,31000,31000,158086,57,51,111.46241768418713,4.077805999258999,30733.001639993745,223.99418670850045
1789525243,100,,Aggregated,273.900000,0.000000,51,71,90,110,170,210,250,280,30000,31000,31000,158345,57,51,111.47191705406173,4.077805999258999,30733.001639993745,223.99577504815434
1789525244,100,,Aggregated,274.400000,0.000000,51,71,90,110,170,210,250,280,30000,31000,31000,158631,57,51,111.33223258662235,4.077805999258999,30733.001639993745,223.9981214264551
1789525245,100,,Aggregated,267.300000,0.000000,51,71,90,110,170,210,250,280,30000,31000,31000,158900,57,51,111.25465386411341,4.077805999258999,30733.001639993745,223.9974260541221
1789525246,100,,Aggregated,271.800000,0.000000,51,71,90,110,170,210,250,280,30000,31000,31000,159161,57,51,111.15623043107729,4.077805999258999,30733.001639993745,223.99980522866784
1789525247,100,,Aggregated,270.000000,0.000000,51,71,90,110,170,210,250,280,30000,31000,31000,159472,57,51,111.06513849943406,4.077805999258999,30733.001639993745,223.9980811678539
1789525248,100,,Aggregated,274.500000,0.000000,51,71,90,110,170,210,250,280,30000,31000,31000,159720,57,51,111.02611171779837,4.077805999258999,30733.001639993745,223.9980152767343
1789525249,100,,Aggregated,272.900000,0.000000,51,71,90,110,170,210,250,280,30000,31000,31000,159779,57,51,111.0683653648713,4.077805999258999,30733.001639993745,224.00125798759535
1789525250,100,,Aggregated,272.500000,0.000000,51,71,90,110,170,210,250,290,30000,31000,31000,159959,57,51,111.70010786922761,4.077805999258999,30733.001639993745,223.99941860101652
1789525251,100,,Aggregated,257.900000,0.000000,51,71,90,110,170,210,250,290,30000,31000,31000,160200,57,51,111.61030960951221,4.077805999258999,30733.001639993745,224.00031210986268
1789525252,100,,Aggregated,240.800000,0.000000,51,71,90,110,170,210,250,290,30000,31000,31000,160501,57,51,111.5577698314333,4.077805999258999,30733.001639993745,223.99434271437562
1789525253,100,,Aggregated,242.500000,0.000000,51,71,90,110,170,210,250,290,30000,31000,31000,160777,57,51,111.48760130008617,4.077805999258999,30733.001639993745,223.99147888068566
1789525254,100,,Aggregated,239.300000,0.000000,51,71,90,110,170,210,250,290,30000,31000,31000,161063,57,51,111.36279531862627,4.077805999258999,30733.001639993745,223.99012808652515
1789525255,100,,Aggregated,241.500000,0.000000,51,71,90,110,170,210,250,290,30000,31000,31000,161319,57,51,111.36387765289852,4.077805999258999,30733.001639993745,223.98812911064414
1789525256,100,,Aggregated,242.300000,0.000000,51,71,90,110,170,210,250,290,30000,31000,31000,161600,57,51,111.25044224186222,4.077805999258999,30733.001639993745,223.98642945544555
1789525257,100,,Aggregated,238.700000,0.000000,51,71,90,110,170,210,250,290,30000,31000,31000,161852,57,51,111.20696364375429,4.077805999258999,30733.001639993745,223.9885203766404
1789525258,100,,Aggregated,238.800000,0.000000,51,71,90,110,170,210,250,290,30000,31000,31000,162126,57,51,111.09127097168161,4.077805999258999,30733.001639993745,223.9881881993018
1789525259,100,,Aggregated,237.900000,0.000000,51,71,90,110,170,210,250,290,30000,31000,31000,162428,57,51,110.97781965365532,4.077805999258999,30733.001639993745,223.9863631886128
1789525260,100,,Aggregated,240.600000,0.000000,51,71,90,110,170,210,250,290,30000,31000,31000,162666,57,51,110.98199549203872,4.077805999258999,30733.001639993745,223.984747888311
1789525261,100,,Aggregated,257.600000,0.000000,51,71,90,110,170,210,250,290,30000,31000,31000,162959,57,51,110.86280816170864,4.077805999258999,30733.001639993745,223.98449303198964
1789525262,100,,Aggregated,267.900000,0.000000,51,71,90,110,170,210,250,290,30000,31000,31000,163219,57,51,110.82724470071369,4.077805999258999,30733.001639993745,223.9845851279569
1789525263,100,,Aggregated,270.000000,0.000000,51,71,89,110,170,210,250,290,30000,31000,31000,163521,57,51,110.69440892170282,4.077805999258999,30733.001639993745,223.98994624543636
1789525264,100,,Aggregated,270.200000,0.000000,51,71,90,110,170,210,250,290,30000,31000,31000,163772,57,51,110.66811146262313,4.077805999258999,30733.001639993745,223.98847177783747
1789525265,100,,Aggregated,275.300000,0.000000,51,71,90,110,170,210,250,290,30000,31000,31000,164055,57,51,110.5718639590182,4.077805999258999,30733.001639993745,223.98925360397428
1789525266,100,,Aggregated,269.600000,0.000000,51,71,90,110,170,210,250,290,30000,31000,31000,164299,57,51,110.54170248488883,4.077805999258999,30733.001639993745,223.9894643302759
1789525267,100,,Aggregated,274.200000,0.000000,51,70,89,110,170,210,250,290,30000,31000,31000,164583,57,51,110.41971430509093,4.077805999258999,30733.001639993745,223.98895997764046
1789525268,100,,Aggregated,270.100000,0.000000,51,71,90,110,170,210,250,290,30000,31000,31000,164862,57,51,110.37972824470603,4.077805999258999,30733.001639993745,223.9909864007473
1789525269,100,,Aggregated,273.500000,0.000000,51,70,89,110,170,210,250,290,30000,31000,31000,165124,57,51,110.29174947532611,4.077805999258999,30733.001639993745,223.98912332550083
1789525270,100,,Aggregated,269.500000,0.000000,51,71,90,110,170,210,250,290,30000,31000,31000,165376,57,51,110.2780401331799,4.077805999258999,30733.001639993745,223.98647324883902
1789525271,100,,Aggregated,270.500000,0.000000,51,71,89,110,170,210,250,290,30000,31000,31000,165632,57,51,110.18016252042297,4.077805999258999,30733.001639993745,223.98550400888718
1789525272,100,,Aggregated,272.300000,0.000000,51,71,90,110,170,210,250,290,30000,31000,31000,165919,57,51,110.1869464311121,4.077805999258999,30733.001639993745,223.98602330052617
1789525273,100,,Aggregated,271.100000,0.000000,51,71,90,110,170,210,250,290,30000,31000,31000,166177,57,51,110.10146461786881,4.077805999258999,30733.001639993745,223.9847090752631
1789525274,100,,Aggregated,269.900000,0.000000,51,71,90,110,170,210,250,290,30000,31000,31000,166482,57,51,109.99618464010258,4.077805999258999,30733.001639993745,223.9839442101849
1789525275,100,,Aggregated,267.800000,0.000000,51,71,90,110,170,210,250,290,30000,31000,31000,166735,57,51,109.9736626648548,4.077805999258999,30733.001639993745,223.984604312232
1789525276,100,,Aggregated,269.900000,0.000000,51,71,90,110,170,210,250,290,30000,31000,31000,167005,57,51,109.88316174701714,4.077805999258999,30733.001639993745,223.9841142480764
1789525277,100,,Aggregated,266.300000,0.000000,51,71,90,110,170,210,250,290,30000,31000,31000,167261,57,51,109.8402209092116,4.077805999258999,30733.001639993745,223.9847125151709
1789525278,100,,Aggregated,269.700000,0.000000,51,71,90,110,170,210,250,290,30000,31000,31000,167559,57,51,109.74504952620067,4.077805999258999,30733.001639993745,223.98648237337295
1789525279,100,,Aggregated,268.100000,0.000000,51,71,90,110,170,210,250,280,30000,31000,31000,167818,57,51,109.70507760570834,4.077805999258999,30733.001639993745,223.98658665935716
1789525280,100,,Aggregated,270.100000,0.000000,51,71,90,110,170,210,250,280,30000,31000,31000,168099,57,51,109.58879939874578,4.077805999258999,30733.001639993745,223.98361679724448
1789525281,100,,Aggregated,267.400000,0.000000,51,71,90,110,170,210,250,280,30000,31000,31000,168364,57,51,109.56513196050042,4.077805999258999,30733.001639993745,223.98391580147776
1789525282,100,,Aggregated,272.700000,0.000000,51,71,90,110,170,210,250,280,30000,31000,31000,168619,57,51,109.53804623941355,4.077805999258999,30733.001639993745,223.98324032285805
1789525283,100,,Aggregated,269.300000,0.000000,51,71,90,110,170,210,250,280,30000,31000,31000,168918,57,51,109.42821185052382,4.077805999258999,30733.001639993745,223.98044613362697
1789525284,100,,Aggregated,271.400000,0.000000,51,71,90,110,170,210,250,280,30000,31000,31000,169177,57,51,109.38047941224784,4.077805999258999,30733.001639993745,223.98134498188287
1789525285,100,,Aggregated,270.400000,0.000000,51,70,90,110,170,210,250,280,30000,31000,31000,169461,57,51,109.27320790965989,4.077805999258999,30733.001639993745,223.98062090982586
1789525286,100,,Aggregated,266.800000,0.000000,51,71,90,110,170,210,250,280,30000,31000,31000,169727,57,51,109.232850694874,4.077805999258999,30733.001639993745,223.98261914721877
1789525287,100,,Aggregated,273.400000,0.000000,51,70,89,110,170,210,250,280,30000,31000,31000,169989,57,51,109.12222440276638,4.077805999258999,30733.001639993745,223.98402249557324
1789525288,100,,Aggregated,270.600000,0.000000,51,71,90,110,170,210,250,280,30000,31000,31000,170261,57,51,109.12478056980046,4.077805999258999,30733.001639993745,223.98138739934572
1789525289,100,,Aggregated,273.000000,0.000000,51,71,90,110,170,210,250,280,30000,31000,31000,170531,57,51,109.08856953036009,4.077805999258999,30733.001639993745,223.98232579413713
1789525290,100,,Aggregated,270.200000,0.000000,51,70,89,110,170,210,250,280,30000,31000,31000,170822,57,51,108.95530548312203,4.077805999258999,30733.001639993745,223.9799264731709
1789525291,100,,Aggregated,271.400000,0.000000,51,71,90,110,170,210,250,280,30000,31000,31000,171082,57,51,108.92272676647394,4.077805999258999,30733.001639993745,223.9817689762804
1789525292,100,,Aggregated,269.600000,0.000000,51,70,89,110,170,210,250,280,30000,31000,31000,171380,57,51,108.81104529957287,4.077805999258999,30733.001639993745,223.98313688878517
1789525293,100,,Aggregated,269.000000,0.000000,51,70,89,110,170,210,250,280,30000,31000,31000,171632,57,51,108.78343024499901,4.077805999258999,30733.001639993745,223.98228768528014
1789525294,100,,Aggregated,273.300000,0.000000,51,71,90,110,170,210,250,280,30000,31000,31000,171889,57,51,108.74770597473727,4.077805999258999,30733.001639993745,223.98739302689526
1789525295,100,,Aggregated,271.900000,0.000000,51,70,89,110,170,210,250,280,30000,31000,31000,172190,57,51,108.63552951169993,4.077805999258999,30733.001639993745,223.9881410070271
1789525296,100,,Aggregated,274.000000,0.000000,51,70,89,110,170,210,250,280,30000,31000,31000,172459,57,51,108.57724199530703,4.077805999258999,30733.001639993745,223.98948735641514
1789525297,100,,Aggregated,272.000000,0.000000,51,70,89,110,170,210,250,280,30000,31000,31000,172737,57,51,108.48178766870213,4.077805999258999,30733.001639993745,223.98742597127426
1789525298,100,,Aggregated,275.900000,0.000000,51,70,89,110,170,210,250,280,30000,31000,31000,172988,57,51,108.46739777083762,4.077805999258999,30733.001639993745,223.98654819987513
1789525299,100,,Aggregated,272.900000,0.000000,51,70,89,110,170,210,250,280,30000,31000,31000,173287,57,51,108.3547183573765,4.077805999258999,30733.001639993745,223.9848401784323
1789525300,100,,Aggregated,273.700000,0.000000,51,70,89,110,170,210,250,280,30000,31000,31000,173535,57,51,108.31697791646472,4.077805999258999,30733.001639993745,223.9822571815484
1789525301,100,,Aggregated,273.500000,0.000000,51,70,89,110,170,210,250,280,30000,31000,31000,173810,57,51,108.21966555997165,4.077805999258999,30733.001639993745,223.98153731085668
1789525302,100,,Aggregated,269.300000,0.000000,51,70,89,110,170,210,250,280,30000,31000,31000,174074,57,51,108.19075383904962,4.077805999258999,30733.001639993745,223.97990509783196
1789525303,100,,Aggregated,274.600000,0.000000,51,70,89,110,170,210,250,280,30000,31000,31000,174341,57,51,108.09433816041368,4.077805999258999,30733.001639993745,223.98095112452035
1789525304,100,,Aggregated,270.000000,0.000000,51,70,89,110,170,210,250,280,30000,31000,31000,174625,57,51,108.04081466786377,4.077805999258999,30733.001639993745,223.9819785254116
1789525305,100,,Aggregated,272.400000,0.000000,51,70,89,110,170,210,250,280,30000,31000,31000,174870,57,51,107.99549462712152,4.077805999258999,30733.001639993745,223.98368502316006
1789525306,100,,Aggregated,271.300000,0.000000,51,70,89,110,170,210,250,280,30000,31000,31000,175167,57,51,107.92874278977058,4.077805999258999,30733.001639993745,223.98315892833696
1789525307,100,,Aggregated,271.000000,0.000000,51,70,89,110,170,210,250,280,30000,31000,31000,175439,57,51,107.89145130318086,4.077805999258999,30733.001639993745,223.98401153677347
1789525308,100,,Aggregated,265.800000,0.000000,51,70,89,110,170,210,250,280,30000,31000,31000,175720,57,51,107.77772114712458,4.077805999258999,30733.001639993745,223.98555087639426
1789525309,100,,Aggregated,266.400000,0.000000,51,70,89,110,170,210,250,280,30000,31000,31000,175984,57,51,107.72292262349292,4.077805999258999,30733.001639993745,223.9867658423493
1789525310,100,,Aggregated,269.400000,0.000000,51,70,89,110,170,210,250,280,30000,31000,31000,176242,57,51,107.62476956103951,4.077805999258999,30733.001639993745,223.98575821881278
1789525311,100,,Aggregated,269.000000,0.000000,51,70,89,110,170,210,250,280,30000,31000,31000,176524,57,51,107.59050333142115,4.077805999258999,30733.001639993745,223.98647209444607
1789525312,100,,Aggregated,274.300000,0.000000,51,70,89,110,170,210,250,280,30000,31000,31000,176770,57,51,107.59276004259688,4.077805999258999,30733.001639993745,223.98397352491938
1789525313,100,,Aggregated,269.600000,0.000000,51,70,89,110,170,210,250,280,30000,31000,31000,177077,57,51,107.4870009030749,4.077805999258999,30733.001639993745,223.98749131733652
1789525314,100,,Aggregated,271.100000,0.000000,51,70,89,110,170,210,250,280,30000,31000,31000,177317,57,51,107.46741650408984,4.077805999258999,30733.001639993745,223.98861925252513
1789525315,100,,Aggregated,270.000000,0.000000,51,70,89,110,170,210,250,280,30000,31000,31000,177616,57,51,107.36337271126281,4.077805999258999,30733.001639993745,223.98954486082334
1789525316,100,,Aggregated,267.600000,0.000000,51,70,89,110,170,210,250,280,30000,31000,31000,177871,57,51,107.32269449209052,4.077805999258999,30733.001639993745,223.9905774409544
1789525317,100,,Aggregated,270.200000,0.000000,51,70,89,110,170,210,250,280,30000,31000,31000,178134,57,51,107.29479762813793,4.077805999258999,30733.001639993745,223.99462763986662
1789525318,100,,Aggregated,269.100000,0.000000,51,70,89,110,170,210,250,280,30000,31000,31000,178409,57,51,107.23106968948734,4.077805999258999,30733.001639993745,223.99825120929998
1789525319,100,,Aggregated,273.100000,0.000000,51,70,89,110,170,210,250,280,30000,31000,31000,178699,57,51,107.13217786758621,4.077805999258999,30733.001639993745,223.99817010727537
1789525320,100,,Aggregated,267.800000,0.000000,51,70,89,110,170,210,250,280,30000,31000,31000,178950,57,51,107.1193678057153,4.077805999258999,30733.001639993745,223.99950824252585
1789525321,100,,Aggregated,271.500000,0.000000,51,70,89,110,170,210,250,280,30000,31000,31000,179237,57,51,107.00980800446729,4.077805999258999,30733.001639993745,223.99826486718703
1789525322,100,,Aggregated,267.100000,0.000000,51,70,89,110,170,210,250,280,30000,31000,31000,179508,57,51,106.96409833717041,4.077805999258999,30733.001639993745,224.00023397285915
1789525323,100,,Aggregated,270.700000,0.000000,51,70,89,110,170,210,250,280,30000,31000,31000,179750,57,51,106.91497462018278,4.077805999258999,30733.001639993745,223.99851460361614
1789525324,100,,Aggregated,270.800000,0.000000,51,70,89,110,170,210,250,280,30000,31000,31000,180040,57,51,106.88399785428133,4.077805999258999,30733.001639993745,224.0017940457676
1789525325,100,,Aggregated,270.000000,0.000000,51,70,89,110,170,210,250,280,30000,31000,31000,180276,57,51,106.83289209616217,4.077805999258999,30733.001639993745,224.0003661053052
1789525326,100,,Aggregated,273.900000,0.000000,51,70,89,110,170,210,250,280,30000,31000,31000,180570,57,51,106.7673882094354,4.077805999258999,30733.001639993745,223.99513761975965
1789525327,100,,Aggregated,270.800000,0.000000,51,70,89,110,170,210,250,280,30000,31000,31000,180850,57,51,106.70507270203355,4.077805999258999,30733.001639993745,223.9952225601327
1789525328,100,,Aggregated,271.000000,0.000000,51,70,89,110,170,210,250,280,30000,31000,31000,181104,57,51,106.59726111961474,4.077805999258999,30733.001639993745,223.99462187472392
1789525329,100,,Aggregated,267.300000,0.000000,51,70,89,110,170,210,250,280,30000,31000,31000,181378,57,51,106.57727074523184,4.077805999258999,30733.001639993745,223.99358797649109
1789525330,100,,Aggregated,273.400000,0.000000,51,70,89,110,170,210,250,280,30000,31000,31000,181621,57,51,106.50546717940465,4.077805999258999,30733.001639993745,223.99524834683214
1789525331,100,,Aggregated,267.000000,0.000000,51,70,89,110,170,210,250,280,30000,31000,31000,181919,57,51,106.44560448353208,4.077805999258999,30733.001639993745,223.99038583105667
1789525332,100,,Aggregated,271.800000,0.000000,51,70,89,110,170,210,250,280,30000,31000,31000,182190,57,51,106.39863938559056,4.077805999258999,30733.001639993745,223.98932982051704
1789525333,100,,Aggregated,268.000000,0.000000,51,70,89,110,170,210,250,280,30000,31000,31000,182482,57,51,106.2927700830373,4.077805999258999,30733.001639993745,223.9857465393847
1789525334,100,,Aggregated,270.100000,0.000000,51,70,89,110,170,210,250,280,30000,31000,31000,182725,57,51,106.30363276484222,4.077805999258999,30733.001639993745,223.98493364345327
1789525335,100,,Aggregated,270.900000,0.000000,51,70,89,110,170,210,250,280,30000,31000,31000,183013,57,51,106.2157271938919,4.077805999258999,30733.001639993745,223.98697906706082
1789525336,100,,Aggregated,266.800000,0.000000,51,70,89,110,170,210,250,280,30000,31000,31000,183261,57,51,106.20069007849916,4.077805999258999,30733.001639993745,223.9858998914117
1789525337,100,,Aggregated,267.600000,0.000000,51,70,89,110,170,210,250,280,30000,31000,31000,183554,57,51,106.10093840751367,4.077805999258999,30733.001639993745,223.98769299497695
1789525338,100,,Aggregated,267.800000,0.000000,51,70,89,110,170,210,250,280,30000,31000,31000,183800,57,51,106.08228380363363,4.077805999258999,30733.001639993745,223.98632208922743
1789525339,100,,Aggregated,270.500000,0.000000,51,70,89,110,170,210,250,280,30000,31000,31000,184073,57,51,105.99813936990667,4.077805999258999,30733.001639993745,223.98519065805414
1789525340,100,,Aggregated,266.700000,0.000000,51,70,89,110,170,210,250,280,30000,31000,31000,184363,57,51,105.92782466515933,4.077805999258999,30733.001639993745,223.98296295894514
1789525341,100,,Aggregated,270.700000,0.000000,51,70,89,110,170,210,250,280,30000,31000,31000,184597,57,51,105.92731618439471,4.077805999258999,30733.001639993745,223.9832879190886
1789525342,100,,Aggregated,268.800000,0.000000,51,70,89,110,170,210,250,280,30000,31000,31000,184889,57,51,105.89174761399921,4.077805999258999,30733.001639993745,223.98523979252417
1789525343,100,,Aggregated,269.400000,0.000000,51,70,89,110,170,210,250,280,30000,31000,31000,185129,57,51,105.84248206338084,4.077805999258999,30733.001639993745,223.98845129612323
1789525344,100,,Aggregated,266.000000,0.000000,51,70,89,110,170,210,250,280,30000,31000,31000,185429,57,51,105.75715482160619,4.077805999258999,30733.001639993745,223.9899961710412
1789525345,100,,Aggregated,267.200000,0.000000,51,70,89,110,170,210,250,280,30000,31000,31000,185701,57,51,105.72187473969264,4.077805999258999,30733.001639993745,223.991782489055
1789525346,100,,Aggregated,270.200000,0.000000,51,70,89,110,170,210,250,280,30000,31000,31000,185957,57,51,105.6793827688482,4.077805999258999,30733.001639993745,223.9913259516985
1789525347,100,,Aggregated,269.700000,0.000000,51,70,89,110,170,210,250,280,30000,31000,31000,186205,57,51,105.63348913401764,4.077805999258999,30733.001639993745,223.99241695980237
1789525348,100,,Aggregated,268.300000,0.000000,51,70,89,110,170,210,250,280,30000,31000,31000,186504,57,51,105.53470795162973,4.077805999258999,30733.001639993745,223.9924023077253
1789525349,100,,Aggregated,268.800000,0.000000,51,70,89,110,170,210,250,280,30000,31000,31000,186773,57,51,105.47152669429575,4.077805999258999,30733.001639993745,223.9943139533016
1789525350,100,,Aggregated,268.200000,0.000000,51,70,89,110,170,210,250,280,30000,31000,31000,187069,57,51,105.38183243813623,4.077805999258999,30733.001639993745,223.99405032367736
1789525351,100,,Aggregated,267.000000,0.000000,51,70,89,110,170,210,250,280,30000,31000,31000,187313,57,51,105.36684426261216,4.077805999258999,30733.001639993745,223.99722923662532
1789525352,100,,Aggregated,269.500000,0.000000,51,70,89,110,170,210,250,280,30000,31000,31000,187567,57,51,105.31626678566427,4.077805999258999,30733.001639993745,223.998149994402
1789525353,100,,Aggregated,267.700000,0.000000,51,70,89,110,170,210,250,280,30000,31000,31000,187855,57,51,105.28301280646075,4.077805999258999,30733.001639993745,223.9982433259695
1789525354,100,,Aggregated,271.100000,0.000000,51,70,89,110,170,210,250,280,30000,31000,31000,188096,57,51,105.21407604358798,4.077805999258999,30733.001639993745,223.99891013099693
1789525355,100,,Aggregated,267.700000,0.000000,51,70,89,110,170,210,250,280,30000,31000,31000,188393,57,51,105.18152338311262,4.077805999258999,30733.001639993745,223.99854559351994
1789525356,100,,Aggregated,271.900000,0.000000,51,70,89,110,170,210,250,280,30000,31000,31000,188656,57,51,105.12877560054105,4.077805999258999,30733.001639993745,223.9977472224578
1789525357,100,,Aggregated,267.500000,0.000000,51,70,89,110,170,210,250,280,30000,31000,31000,188964,57,51,105.02876016729498,4.077805999258999,30733.001639993745,223.9976450540844
1789525358,100,,Aggregated,273.400000,0.000000,51,70,89,110,170,210,250,280,30000,31000,31000,189234,57,51,104.96340584316641,4.077805999258999,30733.001639993745,223.99603136857013
1789525359,100,,Aggregated,269.800000,0.000000,51,70,89,110,170,210,250,280,30000,31000,31000,189532,57,51,104.85046433765095,4.077805999258999,30733.001639993745,223.99368971994176
1789525360,100,,Aggregated,272.600000,0.000000,51,70,89,110,170,210,250,280,30000,31000,31000,189776,57,51,104.84102596141055,4.077805999258999,30733.001639993745,223.99412992159176
1789525361,100,,Aggregated,275.500000,0.000000,51,70,89,110,170,210,250,280,30000,31000,31000,190050,57,51,104.75771407869334,4.077805999258999,30733.001639993745,223.99316495659036
1789525362,100,,Aggregated,270.700000,0.000000,51,70,89,110,170,210,250,280,30000,31000,31000,190332,57,51,104.72623323255972,4.077805999258999,30733.001639993745,223.99170396990522
1789525363,100,,Aggregated,275.600000,0.000000,51,70,89,110,170,210,250,280,30000,31000,31000,190595,57,51,104.65927448311663,4.077805999258999,30733.001639993745,223.99276476297908
1789525364,100,,Aggregated,273.200000,0.000000,51,70,89,110,170,210,250,280,30000,31000,31000,190892,57,51,104.58676948478035,4.077805999258999,30733.001639993745,223.9963382436142
1789525365,100,,Aggregated,276.400000,0.000000,51,70,89,110,170,210,250,280,30000,31000,31000,191149,57,51,104.55821645856717,4.077805999258999,30733.001639993745,223.99648441791481
1789525366,100,,Aggregated,271.800000,0.000000,51,70,89,110,170,210,250,280,30000,31000,31000,191409,57,51,104.48650955509798,4.077805999258999,30733.001639993745,223.99610781102248
1789525367,100,,Aggregated,274.000000,0.000000,51,70,89,110,170,210,250,280,30000,31000,31000,191705,57,51,104.42959129977164,4.077805999258999,30733.001639993745,223.99827860514853
1789525368,100,,Aggregated,274.700000,0.000000,51,70,89,110,170,210,250,280,30000,31000,31000,191977,57,51,104.36995002125128,4.077805999258999,30733.001639993745,223.99709340181377
1789525369,100,,Aggregated,274.400000,0.000000,51,70,89,110,170,210,250,280,30000,31000,31000,192261,57,51,104.27132204087593,4.077805999258999,30733.001639993745,223.9986164640775
1789525370,100,,Aggregated,275.700000,0.000000,51,70,89,110,170,210,250,280,30000,31000,31000,192505,57,51,104.28744254259307,4.077805999258999,30733.001639993745,223.99476377236954
1789525371,100,,Aggregated,272.800000,0.000000,51,70,89,110,170,210,250,280,30000,31000,31000,192798,57,51,104.2075004802899,4.077805999258999,30733.001639993745,223.99458500606852
1789525372,100,,Aggregated,270.600000,0.000000,51,70,89,110,170,210,250,280,30000,31000,31000,193036,57,51,104.19760151229224,4.077805999258999,30733.001639993745,223.9931049130732
1789525373,100,,Aggregated,271.700000,0.000000,51,70,89,110,170,210,250,280,30000,31000,31000,193329,57,51,104.09477997932976,4.077805999258999,30733.001639993745,223.99103600597945
1789525374,100,,Aggregated,269.300000,0.000000,51,70,89,110,170,210,250,280,30000,31000,31000,193604,57,51,104.043066951028,4.077805999258999,30733.001639993745,223.9963275552158
1789525375,100,,Aggregated,269.300000,0.000000,51,70,89,110,170,210,250,280,30000,31000,31000,193840,57,51,104.00051859905,4.077805999258999,30733.001639993745,223.99681180354932
1789525376,100,,Aggregated,272.600000,0.000000,51,70,89,110,170,210,250,280,30000,31000,31000,194132,57,51,103.96538758120202,4.077805999258999,30733.001639993745,223.99265448251705
1789525377,100,,Aggregated,273.700000,0.000000,51,70,89,110,170,210,250,280,30000,31000,31000,194380,57,51,103.91141478994696,4.077805999258999,30733.001639993745,223.99186644716534
1789525378,100,,Aggregated,268.500000,0.000000,51,70,89,110,170,210,250,280,30000,31000,31000,194677,57,51,103.86829405586633,4.077805999258999,30733.001639993745,223.99444207584872
1789525379,100,,Aggregated,270.800000,0.000000,51,70,89,110,170,210,250,280,30000,31000,31000,194932,57,51,103.85510367754324,4.077805999258999,30733.001639993745,223.9972041532432
1789525380,100,,Aggregated,267.000000,0.000000,51,70,89,110,170,210,250,280,30000,31000,31000,195212,57,51,103.78835304163626,4.077805999258999,30733.001639993745,223.9975308894945
1789525381,100,,Aggregated,268.900000,0.000000,51,70,89,110,170,210,250,280,30000,31000,31000,195474,57,51,103.78128785603162,4.077805999258999,30733.001639993745,223.99510932400216
1789525382,100,,Aggregated,270.800000,0.000000,51,70,89,110,170,210,250,280,30000,31000,31000,195762,57,51,103.70411305314565,4.077805999258999,30733.001639993745,223.9968124559414
1789525383,100,,Aggregated,269.900000,0.000000,51,70,89,110,170,210,250,280,30000,31000,31000,196040,57,51,103.64127612512657,4.077805999258999,30733.001639993745,224.00043358498266
1789525384,100,,Aggregated,270.000000,0.000000,51,70,89,110,170,210,250,280,30000,31000,31000,196287,57,51,103.61516872282873,4.077805999258999,30733.001639993745,223.99985225715406
1789525385,100,,Aggregated,267.600000,0.000000,51,70,89,110,170,210,250,280,30000,31000,31000,196585,57,51,103.54989753466477,4.077805999258999,30733.001639993745,223.99800595162398
1789525386,100,,Aggregated,271.100000,0.000000,51,70,89,110,170,210,250,280,30000,31000,31000,196838,57,51,103.51125526085963,4.077805999258999,30733.001639993745,224.00162570235423
1789525387,100,,Aggregated,268.200000,0.000000,51,70,89,110,170,210,250,280,30000,31000,31000,197146,57,51,103.44207059060821,4.077805999258999,30733.001639993745,224.00106012802695
1789525388,100,,Aggregated,273.200000,0.000000,51,70,89,110,170,210,250,280,30000,31000,31000,197410,57,51,103.41113180478753,4.077805999258999,30733.001639993745,223.99949344004864
1789525389,100,,Aggregated,270.600000,0.000000,50,70,89,110,170,210,250,280,30000,31000,31000,197694,57,50,103.31124339326465,4.077805999258999,30733.001639993745,223.9980171375965
1789525390,100,,Aggregated,274.600000,0.000000,51,70,89,110,170,210,250,280,30000,31000,31000,197968,57,51,103.26366432942716,4.077805999258999,30733.001639993745,223.99708033621596
1789525391,100,,Aggregated,271.600000,0.000000,50,70,89,110,170,210,250,280,30000,31000,31000,198264,57,50,103.17232356185238,4.077805999258999,30733.001639993745,224.00018157608037
1789525392,100,,Aggregated,273.500000,0.000000,50,70,89,110,170,210,250,280,30000,31000,31000,198492,57,50,103.17222647047788,4.077805999258999,30733.001639993745,223.99959696108658
1789525393,100,,Aggregated,275.000000,0.000000,50,70,89,110,170,210,250,280,30000,31000,31000,198789,57,50,103.10314104615989,4.077805999258999,30733.001639993745,223.99633279507418
1789525394,100,,Aggregated,273.600000,0.000000,50,70,89,110,170,210,250,280,30000,31000,31000,199059,57,50,103.05421551502342,4.077805999258999,30733.001639993745,223.99947754183432
1789525395,100,,Aggregated,276.800000,0.000000,50,70,89,110,170,210,250,280,30000,31000,31000,199323,57,50,102.99350851609736,4.077805999258999,30733.001639993745,224.00006020378981
1789525396,100,,Aggregated,271.600000,0.000000,50,70,89,110,170,210,250,280,30000,31000,31000,199627,57,50,102.94293400933279,4.077805999258999,30733.001639993745,224.00097181243018
1789525397,100,,Aggregated,276.900000,0.000000,50,70,89,110,170,210,250,280,30000,31000,31000,199891,57,50,102.90807097378111,4.077805999258999,30733.001639993745,224.00040522084535
1789525398,100,,Aggregated,273.900000,0.000000,50,70,89,110,170,210,250,280,1800,31000,31000,200177,57,50,102.80857726784868,4.077805999258999,30733.001639993745,224.00036967283953
1789525399,100,,Aggregated,277.700000,0.000000,50,70,89,110,170,210,250,280,1800,31000,31000,200428,57,50,102.8018059110457,4.077805999258999,30733.001639993745,224.00114255493244
1789525400,100,,Aggregated,274.400000,0.000000,50,70,89,110,170,210,250,280,1800,31000,31000,200676,57,50,102.77287292775472,4.077805999258999,30733.001639993745,224.0023769658554
1789525401,100,,Aggregated,272.600000,0.000000,50,70,89,110,170,210,250,280,1800,31000,31000,200974,57,50,102.7059709777241,4.077805999258999,30733.001639993745,224.0008010986496
1789525402,100,,Aggregated,276.300000,0.000000,50,70,89,110,170,210,250,280,1700,31000,31000,201236,57,50,102.6991633084393,4.077805999258999,30733.001639993745,224.00213679460933
1789525403,100,,Aggregated,270.500000,0.000000,50,70,89,110,170,210,250,280,1700,31000,31000,201519,57,50,102.60454762359439,4.077805999258999,30733.001639993745,224.0050069720473
1789525404,100,,Aggregated,276.900000,0.000000,50,70,89,110,170,210,250,280,1700,31000,31000,201765,57,50,102.6055576151373,4.077805999258999,30733.001639993745,224.00673060243352
1789525405,100,,Aggregated,272.100000,0.000000,50,70,89,110,170,210,250,280,1700,31000,31000,202060,57,50,102.52116406044279,4.077805999258999,30733.001639993745,224.00627536375333
1789525406,100,,Aggregated,275.000000,0.000000,50,70,89,110,170,210,250,280,1700,31000,31000,202297,57,50,102.52224905663036,4.077805999258999,30733.001639993745,224.00538811747086
1789525407,100,,Aggregated,270.400000,0.000000,50,70,89,110,170,210,250,280,1700,31000,31000,202591,57,50,102.43151562451534,4.077805999258999,30733.001639993745,224.00570114170915
1789525408,100,,Aggregated,268.100000,0.000000,50,70,89,110,170,210,250,280,1700,31000,31000,202848,57,50,102.4178421719524,4.077805999258999,30733.001639993745,224.00518121943523
1789525409,100,,Aggregated,266.500000,0.000000,50,70,89,110,170,210,250,280,1700,31000,31000,203129,57,50,102.33735494652777,4.077805999258999,30733.001639993745,224.0064687956914
1789525410,100,,Aggregated,264.400000,0.000000,50,70,89,110,170,210,250,280,1700,31000,31000,203401,57,50,102.33008268661574,4.077805999258999,30733.001639993745,224.00908550105456
1789525411,100,,Aggregated,271.700000,0.000000,50,70,89,110,170,210,250,280,1700,31000,31000,203624,57,50,102.2564417802241,4.077805999258999,30733.001639993745,224.0106667190508
1789525412,100,,Aggregated,266.600000,0.000000,50,70,89,110,170,210,250,280,1700,31000,31000,203935,57,50,102.23957242648069,4.077805999258999,30733.001639993745,224.01229313261578
1789525413,100,,Aggregated,271.100000,0.000000,50,70,89,110,170,210,250,280,1600,31000,31000,204194,57,50,102.18523760224761,4.077805999258999,30733.001639993745,224.0122138750404
1789525414,100,,Aggregated,267.300000,0.000000,50,70,89,110,170,210,250,280,1600,31000,31000,204501,57,50,102.11217536838139,4.077805999258999,30733.001639993745,224.00854763546388
1789525415,100,,Aggregated,271.000000,0.000000,50,70,89,110,170,210,250,280,1600,31000,31000,204778,57,50,102.05276865780651,4.077805999258999,30733.001639993745,224.008790006739
1789525416,100,,Aggregated,267.400000,0.000000,50,70,89,110,170,210,250,280,1600,31000,31000,205059,57,50,101.98892199472003,4.077805999258999,30733.001639993745,224.01072861956803
1789525417,100,,Aggregated,271.400000,0.000000,50,70,89,110,170,210,250,280,1600,31000,31000,205319,57,50,101.95766139996928,4.077805999258999,30733.001639993745,224.01206902429877
1789525418,100,,Aggregated,275.500000,0.000000,50,70,89,110,170,210,250,280,1600,31000,31000,205622,57,50,101.88144947483848,4.077805999258999,30733.001639993745,224.01628230442267
1789525419,100,,Aggregated,272.600000,0.000000,50,70,89,110,170,210,250,280,1600,31000,31000,205858,57,50,101.89159968663975,4.077805999258999,30733.001639993745,224.0171914620758
1789525420,100,,Aggregated,278.400000,0.000000,50,70,89,110,170,210,250,280,1600,31000,31000,206154,57,50,101.80855703900633,4.077805999258999,30733.001639993745,224.01581342103475
1789525421,100,,Aggregated,270.800000,0.000000,50,70,89,110,170,210,250,280,1600,31000,31000,206410,57,50,101.76640581467623,4.077805999258999,30733.001639993745,224.01360399205464
1789525422,100,,Aggregated,275.000000,0.000000,50,70,89,110,170,210,250,280,1600,31000,31000,206689,57,50,101.71383468030864,4.077805999258999,30733.001639993745,224.01210514347642
1789525423,100,,Aggregated,271.900000,0.000000,50,70,89,110,170,210,250,280,1600,31000,31000,206955,57,50,101.70853795699722,4.077805999258999,30733.001639993745,224.01171752313306
1789525424,100,,Aggregated,275.300000,0.000000,50,70,89,110,170,210,250,280,1600,31000,31000,207204,57,50,101.64900391696759,4.077805999258999,30733.001639993745,224.01039555220942
1789525425,100,,Aggregated,271.200000,0.000000,50,70,89,110,170,210,250,280,1600,31000,31000,207508,57,50,101.59004858049974,4.077805999258999,30733.001639993745,224.0080189679434
1789525426,100,,Aggregated,273.200000,0.000000,50,70,89,110,170,210,250,280,1600,31000,31000,207766,57,50,101.5800528643638,4.077805999258999,30733.001639993745,224.00995350538588
1789525427,100,,Aggregated,271.700000,0.000000,50,70,89,110,170,210,250,280,1600,31000,31000,208045,57,50,101.49458214108226,4.077805999258999,30733.001639993745,224.00981518421494
1789525428,100,,Aggregated,272.300000,0.000000,50,70,89,110,170,210,250,280,1600,31000,31000,208310,57,50,101.48041314298149,4.077805999258999,30733.001639993745,224.00982670059048
1789525429,100,,Aggregated,272.300000,0.000000,50,70,89,110,170,210,250,280,1600,31000,31000,208551,57,50,101.40315676691282,4.077805999258999,30733.001639993745,224.00843918274188
1789525430,100,,Aggregated,267.000000,0.000000,50,70,89,110,170,210,250,280,1600,31000,31000,208854,57,50,101.3654389127304,4.077805999258999,30733.001639993745,224.00635850881477
1789525431,100,,Aggregated,273.800000,0.000000,50,70,89,110,170,210,250,280,1600,31000,31000,209113,57,50,101.3560956143828,4.077805999258999,30733.001639993745,224.0068527542525
1789525432,100,,Aggregated,270.600000,0.000000,50,70,89,110,170,210,250,280,1600,31000,31000,209377,57,50,101.31686608908095,4.077805999258999,30733.001639993745,224.00438443573077
1789525433,100,,Aggregated,272.000000,0.000000,50,70,89,110,170,210,250,280,1600,31000,31000,209628,57,50,101.28476146192058,4.077805999258999,30733.001639993745,224.0078376934379
1789525434,100,,Aggregated,267.800000,0.000000,50,70,89,110,170,210,250,280,1600,31000,31000,209903,57,50,101.24116883633626,4.077805999258999,30733.001639993745,224.0066745115601
1789525435,100,,Aggregated,271.600000,0.000000,50,70,89,110,170,210,250,280,1600,31000,31000,210177,57,50,101.21023969896076,4.077805999258999,30733.001639993745,224.0070892628594
1789525436,100,,Aggregated,268.700000,0.000000,50,70,89,110,170,210,250,280,1600,31000,31000,210425,57,50,101.17221339134844,4.077805999258999,30733.001639993745,224.00566472614946
1789525437,100,,Aggregated,265.500000,0.000000,50,70,89,110,170,210,250,280,1600,31000,31000,210731,57,50,101.1052944600584,4.077805999258999,30733.001639993745,224.00740280262514
1789525438,100,,Aggregated,266.400000,0.000000,50,70,89,110,170,210,250,280,1600,31000,31000,210995,57,50,101.07468700849066,4.077805999258999,30733.001639993745,224.00815185193963
1789525439,100,,Aggregated,267.200000,0.000000,50,70,89,110,170,210,250,280,1600,31000,31000,211248,57,50,100.99414347608267,4.077805999258999,30733.001639993745,224.00984624706507
1789525440,100,,Aggregated,272.100000,0.000000,50,70,89,110,170,210,250,280,1600,31000,31000,211532,57,50,101.00363739980943,4.077805999258999,30733.001639993745,224.0086133540079
1789525441,100,,Aggregated,266.900000,0.000000,50,70,89,110,170,210,250,280,1600,31000,31000,211813,57,50,100.94117311373431,4.077805999258999,30733.001639993745,224.0040318582901
1789525442,100,,Aggregated,267.300000,0.000000,50,70,89,110,170,210,250,280,1600,31000,31000,212073,57,50,100.92293677005712,4.077805999258999,30733.001639993745,224.0035412334432
1789525443,100,,Aggregated,266.500000,0.000000,50,70,89,110,170,210,250,270,1600,31000,31000,212325,57,50,100.8570079208029,4.077805999258999,30733.001639993745,224.00142234781586
1789525444,100,,Aggregated,265.400000,0.000000,50,70,89,110,170,210,250,270,1600,31000,31000,212626,57,50,100.81905279234167,4.077805999258999,30733.001639993745,224.00197529935193
1789525445,100,,Aggregated,268.400000,0.000000,50,70,89,110,170,210,250,270,1600,31000,31000,212889,57,50,100.815341050939,4.077805999258999,30733.001639993745,224.00159237912715
1789525446,100,,Aggregated,269.500000,0.000000,50,70,89,110,170,210,250,270,1600,31000,31000,213159,57,50,100.7418931533285,4.077805999258999,30733.001639993745,224.0007412307245
1789525447,100,,Aggregated,273.500000,0.000000,50,70,89,110,170,210,250,270,1600,31000,31000,213412,57,50,100.7158482467916,4.077805999258999,30733.001639993745,224.00083875320976
1789525448,100,,Aggregated,268.800000,0.000000,50,70,89,110,170,210,250,270,1600,31000,31000,213698,57,50,100.65963550678204,4.077805999258999,30733.001639993745,224.0006598096379
1789525449,100,,Aggregated,270.300000,0.000000,50,70,89,110,170,210,250,270,1600,31000,31000,213964,57,50,100.63517765329361,4.077805999258999,30733.001639993745,223.99942981062236
1789525450,100,,Aggregated,266.300000,0.000000,50,70,89,110,170,210,250,270,1600,31000,31000,214248,57,50,100.58597760141663,4.077805999258999,30733.001639993745,223.9962613419962
1789525451,100,,Aggregated,270.100000,0.000000,50,70,89,110,170,210,250,270,1600,31000,31000,214494,57,50,100.5813544848545,4.077805999258999,30733.001639993745,223.99871791285537
1789525452,100,,Aggregated,268.500000,0.000000,50,70,89,110,170,210,250,270,1600,31000,31000,214789,57,50,100.49401874447648,4.077805999258999,30733.001639993745,223.99879416543678
1789525453,100,,Aggregated,269.800000,0.000000,50,70,89,110,170,210,250,270,1600,31000,31000,215034,57,50,100.49166997768017,4.077805999258999,30733.001639993745,223.99825143930727
1789525454,100,,Aggregated,272.100000,0.000000,50,70,89,110,170,210,250,270,1600,31000,31000,215307,57,50,100.43283740162903,4.077805999258999,30733.001639993745,223.99986530860585
1789525455,100,,Aggregated,266.900000,0.000000,50,70,89,110,170,210,250,270,1600,31000,31000,215593,57,50,100.4119187222017,4.077805999258999,30733.001639993745,223.99967531413358
1789525456,100,,Aggregated,269.100000,0.000000,50,70,89,110,170,210,250,270,1600,31000,31000,215826,57,50,100.35633873979762,4.077805999258999,30733.001639993745,223.99803082112442
1789525457,100,,Aggregated,266.400000,0.000000,50,70,89,110,170,210,250,270,1600,31000,31000,216122,57,50,100.33668840942458,4.077805999258999,30733.001639993745,223.99820009068952
1789525458,100,,Aggregated,270.400000,0.000000,50,70,89,110,170,210,250,270,1600,31000,31000,216377,57,50,100.32003662434376,4.077805999258999,30733.001639993745,223.99577589115293
1789525459,100,,Aggregated,267.600000,0.000000,50,70,89,110,170,210,250,270,1600,31000,31000,216650,57,50,100.25921997066038,4.077805999258999,30733.001639993745,223.9927071313178
1789525460,100,,Aggregated,270.700000,0.000000,50,70,89,110,170,210,250,270,1600,31000,31000,216895,57,50,100.23995884307877,4.077805999258999,30733.001639993745,223.993854169068
1789525461,100,,Aggregated,264.500000,0.000000,50,70,89,110,170,210,250,270,1600,31000,31000,217186,57,50,100.17680225614725,4.077805999258999,30733.001639993745,223.99560745167736
1789525462,100,,Aggregated,264.700000,0.000000,50,70,89,110,170,210,250,270,1600,31000,31000,217456,57,50,100.13838121330573,4.077805999258999,30733.001639993745,223.99252722389818
1789525463,100,,Aggregated,265.900000,0.000000,50,70,89,110,170,210,250,270,1600,31000,31000,217735,57,50,100.08421046670334,4.077805999258999,30733.001639993745,223.99268376696443
1789525464,100,,Aggregated,264.700000,0.000000,50,70,89,110,170,210,250,270,1600,31000,31000,218006,57,50,100.05429186287326,4.077805999258999,30733.001639993745,223.99051402254983
1789525465,100,,Aggregated,267.700000,0.000000,50,70,89,110,170,210,250,270,1600,31000,31000,218273,57,50,99.97617552911926,4.077805999258999,30733.001639993745,223.9890641536058
1789525466,100,,Aggregated,264.300000,0.000000,50,70,89,110,170,210,250,270,1600,31000,31000,218558,57,50,99.97400753864223,4.077805999258999,30733.001639993745,223.9889640278553
1789525467,100,,Aggregated,269.000000,0.000000,50,70,89,110,170,210,250,270,1600,31000,31000,218834,57,50,99.93924934458798,4.077805999258999,30733.001639993745,223.9876710200426
1789525468,100,,Aggregated,265.200000,0.000000,50,70,89,110,170,210,250,270,1600,31000,31000,219115,57,50,99.8586844497937,4.077805999258999,30733.001639993745,223.98682883417385
1789525469,100,,Aggregated,270.200000,0.000000,50,70,89,110,170,210,250,270,1600,31000,31000,219331,57,50,99.87535712364638,4.077805999258999,30733.001639993745,223.9874892286088
1789525470,100,,Aggregated,270.000000,0.000000,50,70,89,110,170,210,250,270,1600,31000,31000,219638,57,50,99.8205306936479,4.077805999258999,30733.001639993745,223.9897831887014
1789525471,100,,Aggregated,271.300000,0.000000,50,70,89,110,170,210,250,270,1600,31000,31000,219913,57,50,99.77800241408829,4.077805999258999,30733.001639993745,223.99008244169286
1789525472,100,,Aggregated,273.600000,0.000000,50,70,89,110,170,210,250,270,1600,31000,31000,220187,57,50,99.71535769542021,4.077805999258999,30733.001639993745,223.99081235495282
1789525473,100,,Aggregated,272.300000,0.000000,50,70,89,110,170,210,250,270,1600,31000,31000,220450,57,50,99.71452093953506,4.077805999258999,30733.001639993745,223.98946246314358
1789525474,100,,Aggregated,274.400000,0.000000,50,70,89,110,170,210,250,270,1600,31000,31000,220739,57,50,99.63764670757082,4.077805999258999,30733.001639993745,223.98947625929264
1789525475,100,,Aggregated,269.200000,0.000000,50,70,89,110,170,210,250,270,1600,31000,31000,220990,57,50,99.63473222476348,4.077805999258999,30733.001639993745,223.98991357074982
1789525476,100,,Aggregated,274.500000,0.000000,50,70,89,110,170,210,250,270,1600,31000,31000,221254,57,50,99.55957274083427,4.077805999258999,30733.001639993745,223.99157077386172
1789525477,100,,Aggregated,270.000000,0.000000,50,70,89,110,170,210,250,270,1600,31000,31000,221560,57,50,99.50536449172932,4.077805999258999,30733.001639993745,223.9954730095685
1789525478,100,,Aggregated,273.400000,0.000000,50,70,89,110,170,210,250,270,1600,31000,31000,221823,57,50,99.46916367124503,4.077805999258999,30733.001639993745,223.99673613646917
1789525479,100,,Aggregated,268.700000,0.000000,50,70,89,110,170,210,250,270,1600,31000,31000,222112,57,50,99.40045578559292,4.077805999258999,30733.001639993745,223.99307106324738
1789525480,100,,Aggregated,271.000000,0.000000,50,70,89,110,170,210,250,270,1600,31000,31000,222340,57,50,99.42816560342965,4.077805999258999,30733.001639993745,223.9918323288657
1789525481,100,,Aggregated,272.900000,0.000000,50,70,89,110,170,210,250,270,1600,31000,31000,222620,57,50,99.37051569894241,4.077805999258999,30733.001639993745,223.99219297457552
1789525482,100,,Aggregated,272.100000,0.000000,50,70,89,110,170,210,250,270,1600,31000,31000,222877,57,50,99.36647651059792,4.077805999258999,30733.001639993745,223.9900169151595
1789525483,100,,Aggregated,267.900000,0.000000,50,70,89,110,170,210,250,270,1600,31000,31000,223163,57,50,99.28585809747374,4.077805999258999,30733.001639993745,223.98838965240654
1789525484,100,,Aggregated,267.700000,0.000000,50,70,89,110,170,210,250,270,1600,31000,31000,223394,57,50,99.31665707581446,4.077805999258999,30733.001639993745,223.9881733618629
1789525485,100,,Aggregated,272.600000,0.000000,50,70,89,110,170,210,250,270,1600,31000,31000,223660,57,50,99.29376436171631,4.077805999258999,30733.001639993745,223.9880398819637
1789525486,100,,Aggregated,267.100000,0.000000,50,70,89,110,170,210,250,270,1600,31000,31000,223912,57,50,99.32277679986542,4.077805999258999,30733.001639993745,223.98657508306835
1789525487,100,,Aggregated,268.500000,0.000000,50,70,89,110,170,210,250,270,1600,31000,31000,224175,57,50,99.25927955080412,4.077805999258999,30733.001639993745,223.98709044273448
1789525488,100,,Aggregated,263.300000,0.000000,50,70,89,110,170,210,250,270,1600,31000,31000,224415,57,50,99.27999443242452,4.077805999258999,30733.001639993745,223.98758550007798
1789525489,100,,Aggregated,264.900000,0.000000,50,70,89,110,170,210,250,270,1600,31000,31000,224677,57,50,99.22822799349997,4.077805999258999,30733.001639993745,223.98676767092314
1789525490,100,,Aggregated,258.100000,0.000000,50,70,89,110,170,210,250,270,1600,31000,31000,224954,57,50,99.21554228579895,4.077805999258999,30733.001639993745,223.98671283906933
1789525491,100,,Aggregated,258.900000,0.000000,50,70,89,110,170,210,250,270,1600,31000,31000,225196,57,50,99.1778968077079,4.077805999258999,30733.001639993745,223.9883790120606
1789525492,100,,Aggregated,255.900000,0.000000,50,70,89,110,170,210,250,270,1600,31000,31000,225484,57,50,99.1627672513908,4.077805999258999,30733.001639993745,223.9892187472282
1789525493,100,,Aggregated,261.300000,0.000000,50,70,89,110,170,210,250,270,1600,31000,31000,225742,57,50,99.15751762216478,4.077805999258999,30733.001639993745,223.9886773396178
1789525494,100,,Aggregated,258.000000,0.000000,50,70,89,110,170,210,250,270,1600,31000,31000,226033,57,50,99.08109650087222,4.077805999258999,30733.001639993745,223.9869222635633
1789525495,100,,Aggregated,258.900000,0.000000,50,70,89,110,170,210,250,270,1600,31000,31000,226282,57,50,99.08338281670949,4.077805999258999,30733.001639993745,223.98552248963682
1789525496,100,,Aggregated,259.300000,0.000000,50,70,89,110,170,210,250,270,1600,31000,31000,226448,57,50,99.08207864745866,4.077805999258999,30733.001639993745,223.98806348477353
1789525497,100,,Aggregated,259.300000,0.000000,50,70,89,110,170,210,250,270,1600,31000,31000,226448,57,50,99.08207864745866,4.077805999258999,30733.001639993745,223.98806348477353
1789525498,100,,Aggregated,263.200000,0.000000,50,70,89,110,170,210,250,280,1600,31000,31000,226709,57,50,99.66189678312641,4.077805999258999,30733.001639993745,223.98570855149111
1789525499,100,,Aggregated,250.500000,0.000000,50,70,89,110,170,210,250,280,1600,31000,31000,226987,57,50,99.60770394837924,4.077805999258999,30733.001639993745,223.98406516672762
1789525500,100,,Aggregated,226.900000,0.000000,50,70,89,110,170,210,250,280,1600,31000,31000,227229,57,50,99.6010366017178,4.077805999258999,30733.001639993745,223.98593049302687
1789525501,100,,Aggregated,227.100000,0.000000,50,70,89,110,170,210,250,280,1600,31000,31000,227522,57,50,99.52788063060133,4.077805999258999,30733.001639993745,223.9848102601067
1789525502,100,,Aggregated,231.200000,0.000000,50,70,89,110,170,210,250,280,1600,31000,31000,227796,57,50,99.51014914866192,4.077805999258999,30733.001639993745,223.98539921684315
1789525503,100,,Aggregated,226.500000,0.000000,50,70,89,110,170,210,250,280,1600,31000,31000,228047,57,50,99.47414801159648,4.077805999258999,30733.001639993745,223.9892785259179
1789525504,100,,Aggregated,231.200000,0.000000,50,70,89,110,170,210,250,280,1600,31000,31000,228331,57,50,99.4064727912528,4.077805999258999,30733.001639993745,223.98934879626506
1789525505,100,,Aggregated,229.800000,0.000000,50,70,89,110,170,210,250,280,1600,31000,31000,228613,57,50,99.39632285281904,4.077805999258999,30733.001639993745,223.9914659271345
1789525506,100,,Aggregated,230.800000,0.000000,50,70,89,110,170,210,250,280,1600,31000,31000,228899,57,50,99.30835231143215,4.077805999258999,30733.001639993745,223.98968540710095
1789525507,100,,Aggregated,228.000000,0.000000,50,70,89,110,170,210,250,280,1600,31000,31000,229165,57,50,99.27565091224456,4.077805999258999,30733.001639993745,223.9904348395261
1789525508,100,,Aggregated,232.100000,0.000000,50,70,89,110,170,210,250,280,1600,31000,31000,229423,57,50,99.21536004460526,4.077805999258999,30733.001639993745,223.99133478334778
1789525509,100,,Aggregated,245.900000,0.000000,50,70,89,110,170,210,250,280,1600,31000,31000,229732,57,50,99.15431976854973,4.077805999258999,30733.001639993745,223.99065432765136
1789525510,100,,Aggregated,272.100000,0.000000,50,70,89,110,170,210,250,280,1600,31000,31000,229995,57,50,99.15206348082539,4.077805999258999,30733.001639993745,223.98928672362442
1789525511,100,,Aggregated,270.200000,0.000000,50,70,89,110,170,210,250,280,1600,31000,31000,230281,57,50,99.06573766065567,4.077805999258999,30733.001639993745,223.99025538363998
1789525512,100,,Aggregated,274.300000,0.000000,50,70,89,110,170,210,250,280,1600,31000,31000,230541,57,50,99.03446180640906,4.077805999258999,30733.001639993745,223.98768982523717
1789525513,100,,Aggregated,275.300000,0.000000,50,70,89,110,170,210,250,280,1600,31000,31000,230826,57,50,98.98576983586884,4.077805999258999,30733.001639993745,223.98657863498912
1789525514,100,,Aggregated,276.200000,0.000000,50,70,89,110,170,210,250,280,1600,31000,31000,231082,57,50,98.97560110635754,4.077805999258999,30733.001639993745,223.98784414190632
1789525515,100,,Aggregated,274.100000,0.000000,50,70,89,110,170,210,250,280,1600,31000,31000,231337,57,50,98.90541412581335,4.077805999258999,30733.001639993745,223.9883978784198
1789525516,100,,Aggregated,276.200000,0.000000,50,70,89,110,170,210,250,270,1600,31000,31000,231638,57,50,98.86396658079121,4.077805999258999,30733.001639993745,223.9912881306176
1789525517,100,,Aggregated,275.300000,0.000000,50,70,89,110,170,210,250,270,1600,31000,31000,231921,57,50,98.83297666432675,4.077805999258999,30733.001639993745,223.99452399739567
1789525518,100,,Aggregated,272.400000,0.000000,50,69,89,110,170,210,250,270,1600,31000,31000,232197,57,50,98.75462527903223,4.077805999258999,30733.001639993745,223.9960550739243
1789525519,100,,Aggregated,273.400000,0.000000,50,69,89,110,170,210,250,270,1600,31000,31000,232468,57,50,98.70642408542872,4.077805999258999,30733.001639993745,223.99618011941428
1789525520,100,,Aggregated,275.300000,0.000000,50,69,89,110,170,210,250,270,1600,31000,31000,232768,57,50,98.63078420150323,4.077805999258999,30733.001639993745,223.9997422326093
1789525522,100,,Aggregated,277.400000,0.000000,50,69,89,110,170,210,250,270,1600,31000,31000,233032,57,50,98.60447622515153,4.077805999258999,30733.001639993745,223.99945501047065
1789525523,100,,Aggregated,277.100000,0.000000,50,69,89,110,170,210,250,270,1600,31000,31000,233321,57,50,98.55002719010514,4.077805999258999,30733.001639993745,223.99932710728996
1789525524,100,,Aggregated,274.700000,0.000000,50,69,89,110,170,210,250,270,1600,31000,31000,233600,57,50,98.51336577845721,4.077805999258999,30733.001639993745,223.9997602739726
1789525525,100,,Aggregated,277.400000,0.000000,50,69,89,110,170,210,250,270,1600,31000,31000,233839,57,50,98.49841555193382,4.077805999258999,30733.001639993745,224.00072699592454
1789525526,100,,Aggregated,276.600000,0.000000,50,69,89,110,170,210,250,270,1600,31000,31000,234133,57,50,98.44679065980736,4.077805999258999,30733.001639993745,223.9975185044398
1789525527,100,,Aggregated,273.700000,0.000000,50,69,89,110,170,210,250,270,1600,31000,31000,234396,57,50,98.42597216047501,4.077805999258999,30733.001639993745,223.9957891772897
1789525528,100,,Aggregated,278.000000,0.000000,50,69,89,110,170,210,250,270,1600,31000,31000,234674,57,50,98.37874167943507,4.077805999258999,30733.001639993745,223.99443057177191
1789525529,100,,Aggregated,274.900000,0.000000,50,69,89,110,170,210,250,270,1600,31000,31000,234935,57,50,98.34951250889726,4.077805999258999,30733.001639993745,223.99648839040586
1789525530,100,,Aggregated,274.900000,0.000000,50,69,89,110,170,210,250,270,1600,31000,31000,235217,57,50,98.27375647229042,4.077805999258999,30733.001639993745,223.99818890641407
1789525531,100,,Aggregated,273.600000,0.000000,50,69,89,110,170,210,250,270,1600,31000,31000,235501,57,50,98.28697481608484,4.077805999258999,30733.001639993745,224.00123566354284
1789525532,100,,Aggregated,274.900000,0.000000,50,69,89,110,170,210,250,270,1600,31000,31000,235770,57,50,98.24152473223386,4.077805999258999,30733.001639993745,224.00142511769945
1789525533,100,,Aggregated,271.400000,0.000000,50,69,89,110,170,210,250,270,1600,31000,31000,236062,57,50,98.17459017452975,4.077805999258999,30733.001639993745,224.00295261414374
1789525534,100,,Aggregated,271.800000,0.000000,50,69,89,110,170,210,250,270,1600,31000,31000,236326,57,50,98.14411109002751,4.077805999258999,30733.001639993745,224.00061355923597
1789525535,100,,Aggregated,271.700000,0.000000,50,69,89,110,170,210,250,270,1600,31000,31000,236617,57,50,98.07197591705541,4.077805999258999,30733.001639993745,224.0050926180283
1789525536,100,,Aggregated,271.300000,0.000000,50,69,89,110,170,210,250,270,1600,31000,31000,236890,57,50,98.05379988342669,4.077805999258999,30733.001639993745,224.00242306555785
1789525537,100,,Aggregated,277.900000,0.000000,50,69,89,110,170,210,250,270,1600,31000,31000,237166,57,50,98.00910570140701,4.077805999258999,30733.001639993745,224.0046760496867
1789525538,100,,Aggregated,274.000000,0.000000,50,69,89,110,170,210,250,270,1600,31000,31000,237462,57,50,97.95396031376772,4.077805999258999,30733.001639993745,224.00610624015633
1789525539,100,,Aggregated,277.200000,0.000000,50,69,89,110,170,210,250,270,1600,31000,31000,237717,57,50,97.9248310968963,4.077805999258999,30733.001639993745,224.00617961693948
1789525540,100,,Aggregated,278.300000,0.000000,50,69,88,110,170,210,250,270,1600,31000,31000,238015,57,50,97.86085930150556,4.077805999258999,30733.001639993745,224.00808352414765
1789525541,100,,Aggregated,275.700000,0.000000,50,69,89,110,170,210,250,270,1600,31000,31000,238293,57,50,97.81934950957366,4.077805999258999,30733.001639993745,224.00798177034156
1789525542,100,,Aggregated,278.000000,0.000000,50,69,88,110,170,210,250,270,1600,31000,31000,238598,57,50,97.73349755560743,4.077805999258999,30733.001639993745,224.0099497900234
1789525543,100,,Aggregated,279.700000,0.000000,50,69,88,110,170,210,250,270,1600,31000,31000,238861,57,50,97.70298004789332,4.077805999258999,30733.001639993745,224.01154646426164
1789525544,100,,Aggregated,282.600000,0.000000,50,69,88,110,170,210,250,270,1600,31000,31000,239112,57,50,97.64026313464774,4.077805999258999,30733.001639993745,224.01211984342066
1789525545,100,,Aggregated,280.400000,0.000000,50,69,88,110,170,210,250,270,1600,31000,31000,239381,57,50,97.68165482961864,4.077805999258999,30733.001639993745,224.01223990208078
1789525546,100,,Aggregated,279.600000,0.000000,50,69,88,110,170,210,250,270,1600,31000,31000,239629,57,50,97.64134488205075,4.077805999258999,30733.001639993745,224.012936664594
1789525547,100,,Aggregated,273.600000,0.000000,50,69,89,110,170,210,250,280,1600,31000,31000,239831,57,50,97.73000152010762,4.077805999258999,30733.001639993745,224.0113955243484
1789525548,100,,Aggregated,274.900000,0.000000,50,69,89,110,170,210,250,280,1600,31000,31000,240051,57,50,97.78144558977425,4.077805999258999,30733.001639993745,224.01133925707452
1789525549,100,,Aggregated,264.400000,0.000000,50,69,89,110,170,210,250,280,1600,31000,31000,240297,57,50,97.83581364019045,4.077805999258999,30733.001639993745,224.01340840709622
1789525550,100,,Aggregated,258.700000,0.000000,50,69,89,110,170,210,250,280,1600,31000,31000,240583,57,50,97.77949332774922,4.077805999258999,30733.001639993745,224.0144898018563
1789525551,100,,Aggregated,256.800000,0.000000,50,69,89,110,170,210,250,280,1600,31000,31000,240840,57,50,97.71923698045568,4.077805999258999,30733.001639993745,224.01628467032054
1789525552,100,,Aggregated,254.700000,0.000000,50,69,89,110,170,210,250,280,1600,31000,31000,241094,57,50,97.7445226405504,4.077805999258999,30733.001639993745,224.01520153964844
1789525553,100,,Aggregated,255.100000,0.000000,50,70,89,110,170,210,250,280,1600,31000,31000,241285,57,50,97.82769093110156,4.077805999258999,30733.001639993745,224.01542988581969
1789525554,100,,Aggregated,248.500000,0.000000,50,70,89,110,170,210,250,280,1600,31000,31000,241506,57,50,97.87172443937527,4.077805999258999,30733.001639993745,224.01619835532037
1789525555,100,,Aggregated,241.700000,0.000000,50,70,89,110,170,210,250,280,1600,31000,31000,241751,57,50,97.92441557679088,4.077805999258999,30733.001639993745,224.0164797663712
1789525556,100,,Aggregated,238.600000,0.000000,50,70,89,110,170,210,250,280,1600,31000,31000,241995,57,50,97.91160892753469,4.077805999258999,30733.001639993745,224.01497551602307
1789525557,100,,Aggregated,237.100000,0.000000,50,70,89,110,170,210,250,280,1600,31000,31000,242285,57,50,97.87834548068506,4.077805999258999,30733.001639993745,224.01379367274077
1789525558,100,,Aggregated,234.800000,0.000000,50,70,89,110,170,210,250,280,1600,31000,31000,242549,57,50,97.84729348061518,4.077805999258999,30733.001639993745,224.01224907132166
1789525559,100,,Aggregated,242.600000,0.000000,50,70,89,110,170,210,250,280,1600,31000,31000,242849,57,50,97.77137278028617,4.077805999258999,30733.001639993745,224.0124151221541
1789525560,100,,Aggregated,246.000000,0.000000,50,70,89,110,170,210,250,280,1600,31000,31000,243066,57,50,97.77546504021822,4.077805999258999,30733.001639993745,224.01175400919914
1789525561,100,,Aggregated,253.900000,0.000000,50,70,89,110,170,210,250,280,1600,31000,31000,243367,57,50,97.7443683644768,4.077805999258999,30733.001639993745,224.00977125082693
1789525562,100,,Aggregated,249.000000,0.000000,50,70,89,110,170,210,250,280,1600,31000,31000,243610,57,50,97.73988970218639,4.077805999258999,30733.001639993745,224.0102294651287
1789525563,100,,Aggregated,249.600000,0.000000,50,70,89,110,170,210,250,280,1600,31000,31000,243908,57,50,97.68746687073275,4.077805999258999,30733.001639993745,224.00712153762893
1789525564,100,,Aggregated,249.700000,0.000000,50,70,89,110,170,210,250,280,1600,31000,31000,244175,57,50,97.67311776013355,4.077805999258999,30733.001639993745,224.00616361216342
1789525565,100,,Aggregated,259.800000,0.000000,50,70,89,110,170,210,250,280,1600,31000,31000,244471,57,50,97.61526022143568,4.077805999258999,30733.001639993745,224.0069333376965
1789525566,100,,Aggregated,262.600000,0.000000,50,70,89,110,170,210,250,280,1600,31000,31000,244708,57,50,97.63505232724954,4.077805999258999,30733.001639993745,224.00879824116907
1789525567,100,,Aggregated,270.400000,0.000000,50,70,89,110,170,210,250,280,1600,31000,31000,244983,57,50,97.56885839265823,4.077805999258999,30733.001639993745,224.01104974630894
1789525568,100,,Aggregated,266.600000,0.000000,50,70,89,110,170,210,250,280,1600,31000,31000,245246,57,50,97.55846474347214,4.077805999258999,30733.001639993745,224.0102835520253
1789525569,100,,Aggregated,270.400000,0.000000,50,70,89,110,170,210,250,280,1600,31000,31000,245533,57,50,97.48068392880182,4.077805999258999,30733.001639993745,224.00609286735389
1789525570,100,,Aggregated,268.500000,0.000000,50,70,89,110,170,210,250,280,1600,31000,31000,245786,57,50,97.48455620883821,4.077805999258999,30733.001639993745,224.00604997843652
1789525571,100,,Aggregated,267.900000,0.000000,50,70,89,110,170,210,250,280,1600,31000,31000,246065,57,50,97.41843347330379,4.077805999258999,30733.001639993745,224.0066161380123
1789525572,100,,Aggregated,268.200000,0.000000,50,70,89,110,170,210,250,280,1600,31000,31000,246284,57,50,97.41513851245108,4.077805999258999,30733.001639993745,224.00830342206558
1789525573,100,,Aggregated,268.600000,0.000000,50,70,89,110,170,210,250,280,1600,31000,31000,246594,57,50,97.37229727794495,4.077805999258999,30733.001639993745,224.0070845194936
1789525574,100,,Aggregated,268.900000,0.000000,50,70,89,110,170,210,250,280,1600,31000,31000,246854,57,50,97.37221307221539,4.077805999258999,30733.001639993745,224.00619799557634
1789525575,100,,Aggregated,267.600000,0.000000,50,70,89,110,170,210,250,280,1600,31000,31000,247138,57,50,97.30195540319826,4.077805999258999,30733.001639993745,224.00806432033923
1789525576,100,,Aggregated,267.200000,0.000000,50,70,89,110,170,210,250,280,1600,31000,31000,247384,57,50,97.30837678856173,4.077805999258999,30733.001639993745,224.00675063868317
1789525577,100,,Aggregated,266.200000,0.000000,50,70,89,110,170,210,250,280,1600,31000,31000,247670,57,50,97.24899797661617,4.077805999258999,30733.001639993745,224.00633908022772
1789525578,100,,Aggregated,268.900000,0.000000,50,70,89,110,170,210,250,280,1600,31000,31000,247927,57,50,97.2436432535001,4.077805999258999,30733.001639993745,224.00622763958745
1789525579,100,,Aggregated,267.400000,0.000000,50,70,89,110,170,210,250,280,1600,31000,31000,248199,57,50,97.19270708109404,4.077805999258999,30733.001639993745,224.00701050366843
1789525580,100,,Aggregated,267.800000,0.000000,50,70,89,110,170,210,250,280,1600,31000,31000,248466,57,50,97.18823281056358,4.077805999258999,30733.001639993745,224.0069546738789
1789525581,100,,Aggregated,267.100000,0.000000,50,70,89,110,170,210,250,280,1600,31000,31000,248759,57,50,97.13957634021489,4.077805999258999,30733.001639993745,224.00625103011348
1789525582,100,,Aggregated,267.100000,0.000000,50,70,89,110,170,210,250,280,1600,31000,31000,248998,57,50,97.14536155955282,4.077805999258999,30733.001639993745,224.0045462212548
1789525583,100,,Aggregated,267.700000,0.000000,50,70,89,110,170,210,250,280,1600,31000,31000,249263,57,50,97.11464646330411,4.077805999258999,30733.001639993745,224.00625844991035
1789525584,100,,Aggregated,269.300000,0.000000,50,70,89,110,170,210,250,280,1600,31000,31000,249533,57,50,97.09092729561878,4.077805999258999,30733.001639993745,224.00539006864824
1789525585,100,,Aggregated,267.000000,0.000000,50,70,89,110,170,210,250,280,1600,31000,31000,249821,57,50,97.03399071776879,4.077805999258999,30733.001639993745,224.00386676860631
1789525586,100,,Aggregated,267.500000,0.000000,50,70,89,110,170,210,250,280,1600,31000,31000,250079,57,50,97.03791416207997,4.077805999258999,30733.001639993745,224.00692981018
1789525587,100,,Aggregated,267.400000,0.000000,50,70,89,110,170,210,250,280,1600,31000,31000,250360,57,50,96.96754354653605,4.077805999258999,30733.001639993745,224.00324732385366
1789525588,100,,Aggregated,269.400000,0.000000,50,70,89,110,170,210,250,280,1600,31000,31000,250602,57,50,96.991846577744,4.077805999258999,30733.001639993745,224.00381082353692
1789525589,100,,Aggregated,269.400000,0.000000,50,70,89,110,170,210,250,280,1600,31000,31000,250890,57,50,96.93794680840537,4.077805999258999,30733.001639993745,224.00412132807207
1789525590,100,,Aggregated,269.200000,0.000000,50,70,89,110,170,210,250,280,1600,31000,31000,251156,57,50,96.91820438869372,4.077805999258999,30733.001639993745,224.00334851645988
1789525591,100,,Aggregated,268.600000,0.000000,50,70,89,110,170,210,250,280,1600,31000,31000,251405,57,50,96.89475210642061,4.077805999258999,30733.001639993745,224.00376683041307
1789525592,100,,Aggregated,270.000000,0.000000,50,70,89,110,170,210,250,280,1600,31000,31000,251701,57,50,96.85341028779614,4.077805999258999,30733.001639993745,224.00151767374783
1789525593,100,,Aggregated,267.600000,0.000000,50,70,89,110,170,210,250,280,1600,31000,31000,251949,57,50,96.804100074458,4.077805999258999,30733.001639993745,224.0024211249102
1789525594,100,,Aggregated,269.000000,0.000000,50,70,89,110,170,210,250,280,1600,31000,31000,252250,57,50,96.77041372829976,4.077805999258999,30733.001639993745,224.00089593657086
1789525595,100,,Aggregated,271.900000,0.000000,50,70,89,110,170,210,250,280,1600,31000,31000,252507,57,50,96.76873676472984,4.077805999258999,30733.001639993745,224.00282764438214
1789525596,100,,Aggregated,270.400000,0.000000,50,70,89,110,170,210,250,280,1600,31000,31000,252785,57,50,96.71908437304285,4.077805999258999,30733.001639993745,224.0044227307791
1789525597,100,,Aggregated,265.700000,0.000000,50,70,89,110,170,210,250,280,1500,31000,31000,253041,57,50,96.7049450700508,4.077805999258999,30733.001639993745,224.00521654593524
1789525598,100,,Aggregated,269.400000,0.000000,50,70,89,110,170,210,250,280,1500,31000,31000,253330,57,50,96.65336859137004,4.077805999258999,30733.001639993745,224.00382899774996
1789525599,100,,Aggregated,267.200000,0.000000,50,70,89,110,170,210,250,280,1500,31000,31000,253578,57,50,96.62319510625417,4.077805999258999,30733.001639993745,224.00309569442143
1789525600,100,,Aggregated,270.300000,0.000000,50,70,89,110,170,210,250,280,1500,31000,31000,253848,57,50,96.62635378210908,4.077805999258999,30733.001639993745,224.0028402823737
1789525601,100,,Aggregated,270.900000,0.000000,50,70,89,110,170,210,250,280,1500,31000,31000,254081,57,50,96.60974990889467,4.077805999258999,30733.001639993745,224.0016884379391
1789525602,100,,Aggregated,268.100000,0.000000,50,70,89,110,170,210,250,280,1500,31000,31000,254370,57,50,96.5791080042885,4.077805999258999,30733.001639993745,224.00193025907143
1789525603,100,,Aggregated,266.400000,0.000000,50,70,89,110,170,210,250,280,1500,31000,31000,254637,57,50,96.56176872339032,4.077805999258999,30733.001639993745,224.00159442657588
1789525604,100,,Aggregated,267.000000,0.000000,50,70,89,110,170,210,250,280,1500,31000,31000,254923,57,50,96.50947706301098,4.077805999258999,30733.001639993745,224.00198099033827
1789525605,100,,Aggregated,262.400000,0.000000,50,70,89,110,170,210,250,280,1500,31000,31000,255175,57,50,96.48241845179174,4.077805999258999,30733.001639993745,224.00380915058292
1789525606,100,,Aggregated,267.300000,0.000000,50,70,89,110,170,210,250,280,1500,31000,31000,255455,57,50,96.43645343803,4.077805999258999,30733.001639993745,224.00299074200936
1789525607,100,,Aggregated,270.200000,0.000000,50,70,89,110,170,210,250,280,1500,31000,31000,255717,57,50,96.42540499442359,4.077805999258999,30733.001639993745,224.0043720206322
1789525608,100,,Aggregated,266.900000,0.000000,50,70,89,110,170,210,250,280,1500,31000,31000,255957,57,50,96.38201833052851,4.077805999258999,30733.001639993745,224.0066143922612
1789525609,100,,Aggregated,266.300000,0.000000,50,70,89,110,170,210,250,280,1500,31000,31000,256252,57,50,96.380242909995,4.077805999258999,30733.001639993745,224.00293851365063
1789525610,100,,Aggregated,267.600000,0.000000,50,70,89,110,170,210,250,280,1500,31000,31000,256504,57,50,96.32224979419432,4.077805999258999,30733.001639993745,224.00444827371112
1789525611,100,,Aggregated,262.300000,0.000000,50,70,89,110,170,210,250,280,1500,31000,31000,256790,57,50,96.34258160930327,4.077805999258999,30733.001639993745,224.00452120409673
1789525612,100,,Aggregated,268.600000,0.000000,50,70,89,110,170,210,250,280,1500,31000,31000,257022,57,50,96.32564519711512,4.077805999258999,30733.001639993745,224.00285189594666
1789525613,100,,Aggregated,266.600000,0.000000,50,70,89,110,170,210,250,280,1500,31000,31000,257315,57,50,96.31309290595551,4.077805999258999,30733.001639993745,224.00335386588424
1789525614,100,,Aggregated,266.000000,0.000000,50,70,89,110,170,210,250,280,1500,31000,31000,257565,57,50,96.25772125938687,4.077805999258999,30733.001639993745,224.0043911245705
1789525615,100,,Aggregated,267.300000,0.000000,50,70,89,110,170,210,250,280,1500,31000,31000,257841,57,50,96.25882653780815,4.077805999258999,30733.001639993745,224.00380854867922
1789525616,100,,Aggregated,266.900000,0.000000,50,70,89,110,170,210,250,280,1500,31000,31000,258098,57,50,96.23119546662525,4.077805999258999,30733.001639993745,224.00566451502917
1789525617,100,,Aggregated,263.100000,0.000000,50,70,89,110,170,210,250,280,1500,31000,31000,258377,57,50,96.21602299635452,4.077805999258999,30733.001639993745,224.00363809472205
1789525618,100,,Aggregated,265.300000,0.000000,50,70,89,110,170,210,250,280,1500,31000,31000,258649,57,50,96.19738107942064,4.077805999258999,30733.001639993745,224.00501065150067
1789525619,100,,Aggregated,263.800000,0.000000,50,70,89,110,170,210,250,280,1500,31000,31000,258936,57,50,96.13488411069177,4.077805999258999,30733.001639993745,224.00634133531065
1789525620,100,,Aggregated,263.000000,0.000000,50,70,89,110,170,210,250,280,1500,31000,31000,259185,57,50,96.14756940297487,4.077805999258999,30733.001639993745,224.0079209830816
1789525621,100,,Aggregated,267.500000,0.000000,50,70,89,110,170,210,250,280,1500,31000,31000,259469,57,50,96.08939250031857,4.077805999258999,30733.001639993745,224.00850197904182
1789525622,100,,Aggregated,262.800000,0.000000,50,70,89,110,170,210,250,280,1500,31000,31000,259733,57,50,96.0459624554065,4.077805999258999,30733.001639993745,224.00984857526768
1789525623,100,,Aggregated,267.800000,0.000000,50,70,89,110,170,210,250,280,1500,31000,31000,260004,57,50,96.01748048508881,4.077805999258999,30733.001639993745,224.011365209766
1789525624,100,,Aggregated,268.000000,0.000000,50,70,89,110,170,210,250,280,1500,31000,31000,260237,57,50,96.01528585393321,4.077805999258999,30733.001639993745,224.01022529463526
1789525625,100,,Aggregated,269.200000,0.000000,50,70,89,110,170,210,250,280,1500,31000,31000,260514,57,50,95.97267662876888,4.077805999258999,30733.001639993745,224.01059060165673
1789525626,100,,Aggregated,264.100000,0.000000,50,70,89,110,170,210,250,280,1500,31000,31000,260792,57,50,95.94746511785317,4.077805999258999,30733.001639993745,224.01044894015155
1789525627,100,,Aggregated,268.400000,0.000000,50,70,89,110,170,210,250,280,1500,31000,31000,261050,57,50,95.8974200079607,4.077805999258999,30733.001639993745,224.00958820149395
1789525628,100,,Aggregated,266.400000,0.000000,50,70,89,110,170,210,250,280,1500,31000,31000,261321,57,50,95.92344646367174,4.077805999258999,30733.001639993745,224.00952851091188
1789525629,100,,Aggregated,270.500000,0.000000,50,70,89,110,170,210,250,280,1500,31000,31000,261543,57,50,95.88560001630748,4.077805999258999,30733.001639993745,224.0101551178965
1789525630,100,,Aggregated,266.400000,0.000000,50,70,89,110,170,210,250,280,1500,31000,31000,261839,57,50,95.906185351606,4.077805999258999,30733.001639993745,224.00880693861495
1789525631,100,,Aggregated,265.800000,0.000000,50,70,90,110,170,210,250,280,1500,31000,31000,262106,57,50,95.8897682808946,4.077805999258999,30733.001639993745,224.00839355070087
1789525632,100,,Aggregated,263.800000,0.000000,50,70,89,110,170,210,250,280,1500,31000,31000,262398,57,50,95.84116206416263,4.077805999258999,30733.001639993745,224.0098590690478
1789525633,100,,Aggregated,261.300000,0.000000,50,70,90,110,170,210,250,280,1500,31000,31000,262638,57,50,95.8400058578469,4.077805999258999,30733.001639993745,224.0090200199514
1789525634,100,,Aggregated,264.700000,0.000000,50,70,89,110,170,210,250,280,1500,31000,31000,262926,57,50,95.79745776325757,4.077805999258999,30733.001639993745,224.0108775853282
1789525635,100,,Aggregated,264.000000,0.000000,50,70,90,110,170,210,250,280,1500,31000,31000,263172,57,50,95.79794265460349,4.077805999258999,30733.001639993745,224.01099281078535
1789525636,100,,Aggregated,266.100000,0.000000,50,70,90,110,170,210,250,280,1500,31000,31000,263429,57,50,95.763094448843,4.077805999258999,30733.001639993745,224.0106935834703
1789525637,100,,Aggregated,262.500000,0.000000,50,70,90,110,170,210,250,280,1500,31000,31000,263704,57,50,95.76016188418902,4.077805999258999,30733.001639993745,224.01160391954616
1789525638,100,,Aggregated,265.600000,0.000000,50,70,90,110,170,210,250,280,1500,31000,31000,263938,57,50,95.75040034158852,4.077805999258999,30733.001639993745,224.01314323818474
1789525639,100,,Aggregated,261.500000,0.000000,50,70,90,110,170,210,250,280,1500,31000,31000,264219,57,50,95.76187860525218,4.077805999258999,30733.001639993745,224.01421548034017
1789525640,100,,Aggregated,265.400000,0.000000,50,70,90,110,170,210,250,280,1500,31000,31000,264469,57,50,95.74424844968662,4.077805999258999,30733.001639993745,224.01327187685513
1789525641,100,,Aggregated,260.100000,0.000000,50,70,90,110,170,210,250,280,1500,31000,31000,264765,57,50,95.69837401624119,4.077805999258999,30733.001639993745,224.01304553094252
1789525642,100,,Aggregated,266.800000,0.000000,50,70,90,110,170,210,250,280,1500,31000,31000,265018,57,50,95.67591172204976,4.077805999258999,30733.001639993745,224.01384056931983
1789525643,100,,Aggregated,265.800000,0.000000,50,70,90,110,170,210,250,280,1500,31000,31000,265305,57,50,95.63083485660391,4.077805999258999,30733.001639993745,224.0134109798157
1789525644,100,,Aggregated,264.900000,0.000000,50,70,90,110,170,210,250,280,1500,31000,31000,265562,57,50,95.64107032035987,4.077805999258999,30733.001639993745,224.0121478223541
1789525645,100,,Aggregated,264.300000,0.000000,50,70,90,110,170,210,250,280,1500,31000,31000,265814,57,50,95.64365863249625,4.077805999258999,30733.001639993745,224.00914549271295
1789525646,100,,Aggregated,263.400000,0.000000,50,70,90,110,170,210,250,280,1500,31000,31000,266067,57,50,95.64072989797792,4.077805999258999,30733.001639993745,224.0093284774136
1789525647,100,,Aggregated,265.900000,0.000000,50,70,90,110,170,210,250,280,1500,31000,31000,266347,57,50,95.58763913286546,4.077805999258999,30733.001639993745,224.00718986885528
1789525648,100,,Aggregated,260.000000,0.000000,50,70,90,110,170,210,250,280,1500,31000,31000,266604,57,50,95.59784474871073,4.077805999258999,30733.001639993745,224.0083044515461
1789525649,100,,Aggregated,263.100000,0.000000,50,70,90,110,170,210,250,280,1500,31000,31000,266898,57,50,95.54409892062976,4.077805999258999,30733.001639993745,224.00921700424882
1789525650,100,,Aggregated,258.500000,0.000000,50,70,90,110,170,210,250,280,1500,31000,31000,267159,57,50,95.52946349532377,4.077805999258999,30733.001639993745,224.0096309688238
1789525651,100,,Aggregated,267.100000,0.000000,50,70,90,110,170,210,250,280,1500,31000,31000,267416,57,50,95.49130840598639,4.077805999258999,30733.001639993745,224.00958805755826
1789525652,100,,Aggregated,266.600000,0.000000,50,70,90,110,170,210,250,280,1500,31000,31000,267691,57,50,95.49328659622941,4.077805999258999,30733.001639993745,224.01029918824315
1789525653,100,,Aggregated,268.600000,0.000000,50,70,90,110,170,210,250,280,1500,31000,31000,267947,57,50,95.47293716636581,4.077805999258999,30733.001639993745,224.01079317924814
1789525654,100,,Aggregated,263.000000,0.000000,50,70,90,110,170,210,250,280,1500,31000,31000,268241,57,50,95.4405968712808,4.077805999258999,30733.001639993745,224.0085930189643
1789525655,100,,Aggregated,267.200000,0.000000,50,70,90,110,170,210,250,280,1500,31000,31000,268501,57,50,95.42308091399,4.077805999258999,30733.001639993745,224.00814894544155
1789525656,100,,Aggregated,266.800000,0.000000,50,70,90,110,170,210,250,280,1500,31000,31000,268779,57,50,95.390528735222,4.077805999258999,30733.001639993745,224.0065816153792
1789525657,100,,Aggregated,266.600000,0.000000,50,70,90,110,170,210,250,280,1500,31000,31000,269038,57,50,95.37672442764318,4.077805999258999,30733.001639993745,224.00599171864198
1789525658,100,,Aggregated,270.800000,0.000000,50,70,90,110,170,210,250,270,1500,31000,31000,269298,57,50,95.36278422347135,4.077805999258999,30733.001639993745,224.0043743362372
1789525659,100,,Aggregated,267.600000,0.000000,50,70,90,110,170,210,250,270,1500,31000,31000,269578,57,50,95.31774308677375,4.077805999258999,30733.001639993745,224.00343870790644
1789525660,100,,Aggregated,273.500000,0.000000,50,70,90,110,170,210,250,270,1500,31000,31000,269845,57,50,95.28016383207472,4.077805999258999,30733.001639993745,224.00336860049288
1789525661,100,,Aggregated,267.700000,0.000000,50,70,90,110,170,210,250,270,1500,31000,31000,270139,57,50,95.24655147907268,4.077805999258999,30733.001639993745,224.00263197835187
1789525662,100,,Aggregated,269.300000,0.000000,50,70,90,110,170,210,250,270,1500,31000,31000,270377,57,50,95.22867853915157,4.077805999258999,30733.001639993745,224.00318074392422
1789525663,100,,Aggregated,267.900000,0.000000,50,70,90,110,170,210,250,270,1500,31000,31000,270688,57,50,95.18189614970075,4.077805999258999,30733.001639993745,224.00384945028964
1789525664,100,,Aggregated,271.000000,0.000000,50,70,90,110,170,210,250,270,1500,31000,31000,270933,57,50,95.20028598817854,4.077805999258999,30733.001639993745,224.00409695385943
1789525665,100,,Aggregated,269.300000,0.000000,50,70,90,110,170,210,250,270,1500,31000,31000,271220,57,50,95.15812043281912,4.077805999258999,30733.001639993745,224.00564486394808
1789525666,100,,Aggregated,270.600000,0.000000,50,70,90,110,170,210,250,270,1500,31000,31000,271470,57,50,95.1400845375222,4.077805999258999,30733.001639993745,224.00538181014477
1789525667,100,,Aggregated,270.500000,0.000000,50,70,90,110,170,210,250,270,1500,31000,31000,271774,57,50,95.08169466941685,4.077805999258999,30733.001639993745,224.00620368394328
1789525668,100,,Aggregated,269.100000,0.000000,50,70,90,110,170,210,250,270,1500,31000,31000,272003,57,50,95.09217345408365,4.077805999258999,30733.001639993745,224.00479406477135
1789525669,100,,Aggregated,273.500000,0.000000,50,70,90,110,170,210,250,270,1500,31000,31000,272288,57,50,95.07997023386623,4.077805999258999,30733.001639993745,224.00633153131977
1789525670,100,,Aggregated,268.800000,0.000000,50,70,90,110,170,210,250,270,1500,31000,31000,272549,57,50,95.05299348658404,4.077805999258999,30733.001639993745,224.00435518016943
1789525671,100,,Aggregated,271.800000,0.000000,50,70,90,110,170,210,250,270,1500,31000,31000,272805,57,50,95.01278507920674,4.077805999258999,30733.001639993745,224.00451971188212
1789525672,100,,Aggregated,269.200000,0.000000,50,70,90,110,170,210,250,270,1500,31000,31000,273088,57,50,95.02436178209216,4.077805999258999,30733.001639993745,224.00613355401921
1789525673,100,,Aggregated,270.200000,0.000000,50,70,90,110,170,210,250,270,1500,31000,31000,273336,57,50,94.98560316457774,4.077805999258999,30733.001639993745,224.00691090818626
1789525674,100,,Aggregated,268.400000,0.000000,50,70,90,110,170,210,250,270,1500,31000,31000,273632,57,50,94.97880071257778,4.077805999258999,30733.001639993745,224.00711539586013
1789525675,100,,Aggregated,268.600000,0.000000,50,70,90,110,170,210,250,270,1500,31000,31000,273882,57,50,94.98050991454757,4.077805999258999,30733.001639993745,224.0071746226477
1789525676,100,,Aggregated,268.100000,0.000000,50,70,90,110,170,210,250,270,1500,31000,31000,274163,57,50,94.93672734016289,4.077805999258999,30733.001639993745,224.0076049649296
1789525677,100,,Aggregated,269.600000,0.000000,50,70,90,110,170,210,250,270,1500,31000,31000,274430,57,50,94.92502137773248,4.077805999258999,30733.001639993745,224.00695259264657
1789525678,100,,Aggregated,268.500000,0.000000,50,70,90,110,170,210,250,270,1500,31000,31000,274712,57,50,94.87582351269008,4.077805999258999,30733.001639993745,224.00884198724484
1789525679,100,,Aggregated,265.800000,0.000000,50,70,90,110,170,210,250,270,1500,31000,31000,274968,57,50,94.87086605231211,4.077805999258999,30733.001639993745,224.00890649093714
1789525680,100,,Aggregated,270.000000,0.000000,50,70,90,110,170,210,250,270,1500,31000,31000,275244,57,50,94.84519241448761,4.077805999258999,30733.001639993745,224.0071173213585
1789525681,100,,Aggregated,265.300000,0.000000,50,70,90,110,170,210,250,270,1500,31000,31000,275514,57,50,94.81411389109887,4.077805999258999,30733.001639993745,224.00714301269628
1789525682,100,,Aggregated,266.500000,0.000000,50,70,90,110,170,210,250,270,1500,31000,31000,275760,57,50,94.78204377274498,4.077805999258999,30733.001639993745,224.00815564258775
1789525683,100,,Aggregated,266.900000,0.000000,50,70,90,110,170,210,250,270,1500,31000,31000,276051,57,50,94.77350987889967,4.077805999258999,30733.001639993745,224.01020463609984
1789525684,100,,Aggregated,270.800000,0.000000,50,70,90,110,170,210,250,270,1500,31000,31000,276308,57,50,94.76777759764111,4.077805999258999,30733.001639993745,224.00960160400712
1789525685,100,,Aggregated,266.800000,0.000000,50,70,90,110,170,210,250,270,1500,31000,31000,276585,57,50,94.72588982496889,4.077805999258999,30733.001639993745,224.00954860169568
1789525686,100,,Aggregated,270.300000,0.000000,50,70,90,110,170,210,250,270,1500,31000,31000,276839,57,50,94.74574439209069,4.077805999258999,30733.001639993745,224.0091641712331
1789525687,100,,Aggregated,267.000000,0.000000,51,70,90,110,170,210,250,270,1500,31000,31000,277112,57,51,94.71165458341417,4.077805999258999,30733.001639993745,224.00848754294293
1789525688,100,,Aggregated,268.200000,0.000000,51,70,90,110,170,210,250,270,1500,31000,31000,277382,57,51,94.70488667445628,4.077805999258999,30733.001639993745,224.0084396247774
1789525689,100,,Aggregated,268.400000,0.000000,50,70,90,110,170,210,250,270,1500,31000,31000,277659,57,50,94.64947831643492,4.077805999258999,30733.001639993745,224.0088345776654
1789525690,100,,Aggregated,266.800000,0.000000,50,70,90,110,170,210,250,270,1500,31000,31000,277918,57,50,94.62765696891846,4.077805999258999,30733.001639993745,224.00821825142668
1789525691,100,,Aggregated,269.100000,0.000000,50,70,90,110,170,210,250,270,1500,31000,31000,278177,57,50,94.5971967239344,4.077805999258999,30733.001639993745,224.0076246418647
1789525692,100,,Aggregated,266.800000,0.000000,50,70,90,110,170,210,250,270,1500,31000,31000,278464,57,50,94.57917573849379,4.077805999258999,30733.001639993745,224.0085720236727
1789525693,100,,Aggregated,267.900000,0.000000,50,70,90,110,170,210,250,270,1500,31000,31000,278724,57,50,94.5347617465982,4.077805999258999,30733.001639993745,224.00904478982793
1789525694,100,,Aggregated,265.500000,0.000000,50,70,90,110,170,210,250,270,1500,31000,31000,279013,57,50,94.50816950685423,4.077805999258999,30733.001639993745,224.00793153007209
1789525695,100,,Aggregated,269.200000,0.000000,50,70,90,110,170,210,250,270,1500,31000,31000,279275,57,50,94.5082270122031,4.077805999258999,30733.001639993745,224.00677468445082
1789525696,100,,Aggregated,267.200000,0.000000,50,70,90,110,170,210,250,270,1500,31000,31000,279566,57,50,94.46330513451599,4.077805999258999,30733.001639993745,224.0062990492406
1789525697,100,,Aggregated,268.500000,0.000000,50,70,90,110,170,210,250,270,1500,31000,31000,279796,57,50,94.48902754751715,4.077805999258999,30733.001639993745,224.00621524253384
1789525698,100,,Aggregated,269.400000,0.000000,50,70,90,110,170,210,250,270,1500,31000,31000,280081,57,50,94.44426636524453,4.077805999258999,30733.001639993745,224.00614465101168
1789525699,100,,Aggregated,266.600000,0.000000,51,70,90,110,170,210,250,270,1500,31000,31000,280334,57,51,94.44405766155721,4.077805999258999,30733.001639993745,224.00782281136074
1789525700,100,,Aggregated,268.400000,0.000000,51,70,90,110,170,210,250,270,1500,31000,31000,280594,57,51,94.43386992043988,4.077805999258999,30733.001639993745,224.00799375610313
1789525701,100,,Aggregated,268.700000,0.000000,51,70,90,110,170,210,250,270,1500,31000,31000,280878,57,51,94.3871902127573,4.077805999258999,30733.001639993745,224.00985837267424
1789525702,100,,Aggregated,270.500000,0.000000,51,70,90,110,170,210,250,270,1500,31000,31000,281100,57,51,94.392004244325,4.077805999258999,30733.001639993745,224.00746709356102
1789525703,100,,Aggregated,266.400000,0.000000,51,70,90,110,170,210,250,270,1500,31000,31000,281402,57,50,94.35425652543954,4.077805999258999,30733.001639993745,224.0076936198037
1789525704,100,,Aggregated,269.700000,0.000000,51,70,90,110,170,210,250,270,1500,31000,31000,281664,57,51,94.34958195817985,4.077805999258999,30733.001639993745,224.00731367870938
1789525705,100,,Aggregated,265.100000,0.000000,51,70,90,110,170,210,250,270,1500,31000,31000,281946,57,51,94.30405286698047,4.077805999258999,30733.001639993745,224.0057209536578
1789525706,100,,Aggregated,266.000000,0.000000,51,70,90,110,170,210,250,270,1500,31000,31000,282204,57,51,94.28334870236293,4.077805999258999,30733.001639993745,224.0066901957449
1789525707,100,,Aggregated,266.800000,0.000000,51,70,90,110,170,210,250,270,1500,31000,31000,282471,57,51,94.2401925292066,4.077805999258999,30733.001639993745,224.0062944514658
1789525708,100,,Aggregated,263.900000,0.000000,51,70,90,110,170,210,250,270,1500,31000,31000,282727,57,51,94.25889758904692,4.077805999258999,30733.001639993745,224.00733923537547
1789525709,100,,Aggregated,269.300000,0.000000,51,70,90,110,170,210,250,270,1500,31000,31000,282961,57,51,94.22961109354821,4.077805999258999,30733.001639993745,224.00920621569756
1789525710,100,,Aggregated,265.600000,0.000000,51,70,90,110,170,210,250,280,1500,31000,31000,283180,57,51,94.31886496214955,4.077805999258999,30733.001639993745,224.00956282223322
1789525711,100,,Aggregated,265.600000,0.000000,51,70,90,110,170,210,250,280,1500,31000,31000,283478,57,51,94.27692867481251,4.077805999258999,30733.001639993745,224.00957040758013
1789525712,100,,Aggregated,254.000000,0.000000,51,70,90,110,170,210,250,280,1500,31000,31000,283731,57,51,94.2714072973854,4.077805999258999,30733.001639993745,224.01173646869745
1789525713,100,,Aggregated,259.300000,0.000000,51,70,90,110,170,210,250,280,1500,31000,31000,284017,57,51,94.21898946800142,4.077805999258999,30733.001639993745,224.01109088540474
1789525714,100,,Aggregated,254.700000,0.000000,51,70,90,110,170,210,250,270,1500,31000,31000,284292,57,51,94.21725724532988,4.077805999258999,30733.001639993745,224.0105666005375
1789525715,100,,Aggregated,261.100000,0.000000,51,70,90,110,170,210,250,270,1500,31000,31000,284543,57,51,94.19724629364732,4.077805999258999,30733.001639993745,224.00991414302936
1789525716,100,,Aggregated,258.700000,0.000000,51,70,90,110,170,210,250,270,1500,31000,31000,284839,57,51,94.15906446605739,4.077805999258999,30733.001639993745,224.00951414658806
1789525717,100,,Aggregated,261.200000,0.000000,51,70,90,110,170,210,250,270,1500,31000,31000,285106,57,51,94.1383704123603,4.077805999258999,30733.001639993745,224.01082755185791
1789525718,100,,Aggregated,261.900000,0.000000,51,70,90,110,170,210,250,270,1500,31000,31000,285397,57,51,94.08190508521275,4.077805999258999,30733.001639993745,224.01138063819872
1789525719,100,,Aggregated,261.400000,0.000000,51,70,90,110,170,210,250,270,1500,31000,31000,285645,57,51,94.09151580738845,4.077805999258999,30733.001639993745,224.00977787113376
1789525720,100,,Aggregated,263.300000,0.000000,51,70,90,110,170,210,250,270,1500,31000,31000,285926,57,51,94.06238508885312,4.077805999258999,30733.001639993745,224.01196113679762
1789525721,100,,Aggregated,263.400000,0.000000,51,70,90,110,170,210,250,270,1500,31000,31000,286190,57,51,94.04150120505044,4.077805999258999,30733.001639993745,224.01300884028095
1789525722,100,,Aggregated,273.400000,0.000000,51,70,90,110,170,210,250,270,1500,31000,31000,286468,57,51,94.00426301059943,4.077805999258999,30733.001639993745,224.0126436460617
1789525723,100,,Aggregated,268.900000,0.000000,51,70,90,110,170,210,250,270,1500,31000,31000,286697,57,51,94.02026170745559,4.077805999258999,30733.001639993745,224.01145808989978
1789525724,100,,Aggregated,272.800000,0.000000,51,70,90,110,170,210,250,270,1500,31000,31000,286981,57,51,94.009336898291,4.077805999258999,30733.001639993745,224.01314372728507
1789525725,100,,Aggregated,268.500000,0.000000,51,70,90,110,170,210,250,270,1500,31000,31000,287234,57,51,94.00874562675571,4.077805999258999,30733.001639993745,224.01289540931785
1789525726,100,,Aggregated,268.000000,0.000000,51,70,90,110,170,210,250,270,1500,31000,31000,287487,57,51,93.97062993573469,4.077805999258999,30733.001639993745,224.01241795281177
1789525727,100,,Aggregated,265.000000,0.000000,51,70,90,110,170,210,250,270,1500,31000,31000,287776,57,51,93.94917296676455,4.077805999258999,30733.001639993745,224.01376417769376
1789525728,100,,Aggregated,267.200000,0.000000,51,70,90,110,170,210,250,270,1500,31000,31000,288036,57,51,93.93996410173233,4.077805999258999,30733.001639993745,224.01281784221416
1789525729,100,,Aggregated,265.700000,0.000000,51,70,90,110,170,210,250,270,1500,31000,31000,288330,57,51,93.89870492881637,4.077805999258999,30733.001639993745,224.01409842888356
1789525730,100,,Aggregated,267.100000,0.000000,51,70,90,110,170,210,250,270,1500,31000,31000,288566,57,51,93.8843938366079,4.077805999258999,30733.001639993745,224.01464829536397
1789525731,100,,Aggregated,266.200000,0.000000,51,70,90,110,170,210,250,270,1500,31000,31000,288858,57,51,93.88436812090212,4.077805999258999,30733.001639993745,224.01585900338574
1789525732,100,,Aggregated,268.800000,0.000000,51,70,90,110,170,210,250,270,1500,31000,31000,289095,57,51,93.88194513080305,4.077805999258999,30733.001639993745,224.01664504747575
1789525733,100,,Aggregated,268.900000,0.000000,51,70,90,110,170,210,250,270,1500,31000,31000,289387,57,51,93.87471096610264,4.077805999258999,30733.001639993745,224.0162446827259
1789525734,100,,Aggregated,267.800000,0.000000,51,70,90,110,170,210,250,270,1500,31000,31000,289645,57,51,93.86310443076368,4.077805999258999,30733.001639993745,224.01964473752352
1789525735,100,,Aggregated,266.100000,0.000000,51,70,90,110,170,210,250,270,1500,31000,31000,289931,57,51,93.8216014240028,4.077805999258999,30733.001639993745,224.02063249531784
1789525736,100,,Aggregated,269.500000,0.000000,51,70,90,110,170,210,250,270,1500,30000,31000,290195,57,51,93.81461383647391,4.077805999258999,30733.001639993745,224.02012784506968
1789525737,100,,Aggregated,268.600000,0.000000,51,70,90,110,170,210,250,270,1500,30000,31000,290463,57,51,93.75993955636217,4.077805999258999,30733.001639993745,224.01871494820338
1789525738,100,,Aggregated,267.300000,0.000000,51,70,90,110,170,210,250,270,1500,30000,31000,290729,57,51,93.77880705076751,4.077805999258999,30733.001639993745,224.01895923695264
1789525739,100,,Aggregated,269.300000,0.000000,51,70,90,110,170,210,250,270,1500,30000,31000,291011,57,51,93.72793764248303,4.077805999258999,30733.001639993745,224.02015044104863
1789525740,100,,Aggregated,265.500000,0.000000,51,70,90,110,170,210,250,270,1500,30000,31000,291288,57,51,93.72300265050232,4.077805999258999,30733.001639993745,224.02113372332536
1789525741,100,,Aggregated,268.600000,0.000000,51,70,90,110,170,210,250,270,1500,30000,31000,291528,57,51,93.70752792122695,4.077805999258999,30733.001639993745,224.01973738371615
1789525742,100,,Aggregated,265.500000,0.000000,51,70,90,110,170,210,250,270,1500,30000,31000,291811,57,51,93.70498635096195,4.077805999258999,30733.001639993745,224.02015345549003
1789525743,100,,Aggregated,268.900000,0.000000,51,70,90,110,170,210,250,270,1500,30000,31000,292069,57,51,93.70173390655168,4.077805999258999,30733.001639993745,224.02088205184393
1789525744,100,,Aggregated,264.400000,0.000000,51,71,90,110,170,210,250,270,1500,30000,31000,292291,57,51,93.72683059127259,4.077805999258999,30733.001639993745,224.0223681194426
1789525745,100,,Aggregated,268.800000,0.000000,51,71,90,110,170,210,250,270,1500,30000,31000,292503,57,51,93.7961406838348,4.077805999258999,30733.001639993745,224.02149379664482
1789525746,100,,Aggregated,263.400000,0.000000,51,71,90,110,170,210,250,270,1500,30000,31000,292732,57,51,93.82477490444754,4.077805999258999,30733.001639993745,224.0199739010426
1789525747,100,,Aggregated,261.900000,0.000000,51,71,90,110,170,210,250,270,1500,30000,31000,292982,57,51,93.83976759182053,4.077805999258999,30733.001639993745,224.01835266330355
1789525748,100,,Aggregated,255.200000,0.000000,51,71,90,110,170,210,250,270,1500,30000,31000,293235,57,51,93.81815128644838,4.077805999258999,30733.001639993745,224.01797193377325
1789525749,100,,Aggregated,251.500000,0.000000,51,71,91,110,170,210,250,270,1500,30000,31000,293482,57,51,93.8501656460317,4.077805999258999,30733.001639993745,224.01922434766016
1789525750,100,,Aggregated,251.800000,0.000000,51,71,91,110,170,210,250,270,1500,30000,31000,293742,57,51,93.84224968043628,4.077805999258999,30733.001639993745,224.0190405185503
1789525751,100,,Aggregated,249.200000,0.000000,51,71,91,110,170,210,250,280,1500,30000,31000,293945,57,51,93.89066689266947,4.077805999258999,30733.001639993745,224.01790130806785
1789525752,100,,Aggregated,246.200000,0.000000,51,71,91,110,170,210,250,280,1500,30000,31000,294189,57,51,93.91516365318815,4.077805999258999,30733.001639993745,224.01759413166366
1789525753,100,,Aggregated,238.700000,0.000000,51,71,91,110,170,210,250,280,1500,30000,31000,294426,57,51,93.93132242759704,4.077805999258999,30733.001639993745,224.01567796322337
1789525754,100,,Aggregated,241.200000,0.000000,51,71,91,110,170,210,250,280,1500,30000,31000,294670,57,51,93.9099969124907,4.077805999258999,30733.001639993745,224.0149319577833
1789525755,100,,Aggregated,232.500000,0.000000,51,71,91,110,170,210,250,280,1500,30000,31000,294906,57,51,93.97065222427706,4.077805999258999,30733.001639993745,224.0150013902735
1789525756,100,,Aggregated,237.200000,0.000000,51,71,91,110,170,210,250,280,1500,30000,31000,295129,57,51,93.99918527933133,4.077805999258999,30733.001639993745,224.01593540451802
1789525757,100,,Aggregated,233.700000,0.000000,51,71,91,110,170,210,250,280,1500,30000,31000,295370,57,51,94.03525293451521,4.077805999258999,30733.001639993745,224.01261130108
1789525758,100,,Aggregated,241.100000,0.000000,51,71,91,110,170,210,250,280,1500,30000,31000,295606,57,51,94.05484725200384,4.077805999258999,30733.001639993745,224.01372773218407
1789525759,100,,Aggregated,237.600000,0.000000,51,71,91,110,170,210,250,280,1500,30000,31000,295868,57,51,94.03827964508417,4.077805999258999,30733.001639993745,224.0118363594576
1789525760,100,,Aggregated,237.300000,0.000000,51,71,91,110,170,210,250,280,1500,30000,31000,296120,57,51,94.00126918976348,4.077805999258999,30733.001639993745,224.01069161150886
1789525761,100,,Aggregated,233.200000,0.000000,51,71,91,110,170,210,250,280,1500,30000,31000,296427,57,51,93.9966276135194,4.077805999258999,30733.001639993745,224.01012728260247
1789525762,100,,Aggregated,239.400000,0.000000,51,71,91,110,170,210,250,280,1500,30000,31000,296712,57,51,93.9630081219116,4.077805999258999,30733.001639993745,224.00807180026422
1789525763,100,,Aggregated,243.500000,0.000000,51,71,91,110,170,210,250,280,1500,30000,31000,296929,57,51,93.98575381008823,4.077805999258999,30733.001639993745,224.00796486702208
1789525764,100,,Aggregated,246.800000,0.000000,51,71,91,110,170,210,250,280,1500,30000,31000,297197,57,51,93.95863536562531,4.077805999258999,30733.001639993745,224.00682039186128
1789525765,100,,Aggregated,251.300000,0.000000,51,71,91,110,170,210,250,280,1500,30000,31000,297464,57,51,93.95825475908242,4.077805999258999,30733.001639993745,224.00596038512222
1789525766,100,,Aggregated,251.100000,0.000000,51,71,91,110,170,210,250,280,1500,30000,31000,297719,57,51,93.92892121956507,4.077805999258999,30733.001639993745,224.0076112038533
1789525767,100,,Aggregated,255.300000,0.000000,51,71,91,110,170,210,250,280,1500,30000,31000,298023,57,51,93.8954781718513,4.077805999258999,30733.001639993745,224.00840539153018
1789525768,100,,Aggregated,255.100000,0.000000,51,71,91,110,170,210,250,280,1500,30000,31000,298291,57,51,93.87520646540675,4.077805999258999,30733.001639993745,224.01010422708026
1789525769,100,,Aggregated,261.600000,0.000000,51,71,91,110,170,210,250,280,1500,30000,31000,298562,57,51,93.8238487020874,4.077805999258999,30733.001639993745,224.0114013169794
1789525770,100,,Aggregated,265.900000,0.000000,51,71,91,110,170,210,250,280,1500,30000,31000,298830,57,51,93.83327143806389,4.077805999258999,30733.001639993745,224.01052437840912
1789525771,100,,Aggregated,270.300000,0.000000,51,71,91,110,170,210,250,280,1500,30000,31000,298941,57,51,93.82592709409086,4.077805999258999,30733.001639993745,224.01189197868476
1789525772,100,,Aggregated,264.800000,0.000000,51,71,91,110,170,210,250,280,1500,30000,31000,299054,57,51,94.19323097112084,4.077805999258999,30733.001639993745,224.01034595758625
1789525773,100,,Aggregated,269.000000,0.000000,51,71,91,110,170,210,250,280,1500,30000,31000,299316,57,51,94.15690447734373,4.077805999258999,30733.001639993745,224.0104705394967
1789525774,100,,Aggregated,244.400000,0.000000,51,71,91,110,170,210,250,280,1500,30000,31000,299568,57,51,94.14607520132539,4.077805999258999,30733.001639993745,224.00976406024677
1789525775,100,,Aggregated,237.700000,0.000000,51,71,91,110,170,210,250,280,1500,30000,31000,299854,57,51,94.11617315054534,4.077805999258999,30733.001639993745,224.01038505405964
1789525776,100,,Aggregated,238.300000,0.000000,51,71,91,110,170,210,250,280,1500,30000,31000,300111,57,51,94.12601367291312,4.077805999258999,30733.001639993745,224.01073602766976
1789525777,100,,Aggregated,238.900000,0.000000,51,71,91,110,170,210,250,280,1500,30000,31000,300396,57,51,94.07229068868979,4.077805999258999,30733.001639993745,224.01034301388833
1789525778,100,,Aggregated,239.100000,0.000000,51,71,91,110,170,210,250,280,1500,30000,31000,300653,57,51,94.0752852865187,4.077805999258999,30733.001639993745,224.01042065104954
1789525779,100,,Aggregated,236.000000,0.000000,51,71,91,110,170,210,250,280,1500,30000,31000,300940,57,51,94.02968081529765,4.077805999258999,30733.001639993745,224.0111915996544
1789525780,100,,Aggregated,236.000000,0.000000,51,71,91,110,170,210,250,280,1500,30000,31000,301190,57,51,94.02199504239366,4.077805999258999,30733.001639993745,224.00929977754905
1789525781,100,,Aggregated,234.600000,0.000000,51,71,91,110,170,210,250,280,1500,30000,31000,301477,57,51,93.96788288172748,4.077805999258999,30733.001639993745,224.00771203110023
1789525782,100,,Aggregated,240.200000,0.000000,51,71,91,110,170,210,250,280,1500,30000,31000,301690,57,51,93.99781245402419,4.077805999258999,30733.001639993745,224.00733534422753
1789525783,100,,Aggregated,236.500000,0.000000,51,71,91,110,170,210,250,280,1500,30000,31000,301976,57,51,93.96757692268439,4.077805999258999,30733.001639993745,224.0076860412748
1789525784,100,,Aggregated,254.300000,0.000000,51,71,91,110,170,210,250,280,1500,30000,31000,302261,57,51,93.94714462217956,4.077805999258999,30733.001639993745,224.00642821932038
1789525785,100,,Aggregated,264.500000,0.000000,51,71,91,110,170,210,250,280,1500,30000,31000,302525,57,51,93.94004659203281,4.077805999258999,30733.001639993745,224.00743079084373
1789525786,100,,Aggregated,261.700000,0.000000,51,71,91,110,170,210,250,280,1500,30000,31000,302818,57,51,93.88576224949887,4.077805999258999,30733.001639993745,224.00635365136816
1789525787,100,,Aggregated,265.700000,0.000000,51,71,91,110,170,210,250,280,1500,30000,31000,303083,57,51,93.86615719832099,4.077805999258999,30733.001639993745,224.00623591557428
1789525788,100,,Aggregated,265.500000,0.000000,51,71,91,110,170,210,250,280,1500,30000,31000,303371,57,51,93.81957249796018,4.077805999258999,30733.001639993745,224.00809240171276
1789525789,100,,Aggregated,269.800000,0.000000,51,71,91,110,170,210,250,280,1500,30000,31000,303602,57,51,93.84352044917915,4.077805999258999,30733.001639993745,224.00723644771773
1789525790,100,,Aggregated,266.100000,0.000000,51,71,91,110,170,210,250,280,1500,30000,31000,303864,57,51,93.79333902584595,4.077805999258999,30733.001639993745,224.0066213832504
1789525791,100,,Aggregated,267.300000,0.000000,51,71,91,110,170,210,250,280,1500,30000,31000,304125,57,51,93.80967835944003,4.077805999258999,30733.001639993745,224.00692807233867
1789525792,100,,Aggregated,265.600000,0.000000,51,71,91,110,170,210,250,280,1500,30000,31000,304394,57,51,93.788842792899,4.077805999258999,30733.001639993745,224.0091394705546
1789525793,100,,Aggregated,261.600000,0.000000,51,71,91,110,170,210,250,280,1500,30000,31000,304684,57,51,93.74674989100741,4.077805999258999,30733.001639993745,224.007584907642
1789525794,100,,Aggregated,268.700000,0.000000,51,71,91,110,170,210,250,280,1500,30000,31000,304942,57,51,93.73730308043076,4.077805999258999,30733.001639993745,224.00776213181524
1789525795,100,,Aggregated,268.400000,0.000000,51,71,91,110,170,210,250,280,1500,30000,31000,305243,57,51,93.6922836176052,4.077805999258999,30733.001639993745,224.00555295289328
1789525796,100,,Aggregated,271.600000,0.000000,51,71,91,110,170,210,250,280,1500,30000,31000,305492,57,51,93.69103845783752,4.077805999258999,30733.001639993745,224.00525709347545
1789525797,100,,Aggregated,268.900000,0.000000,51,71,91,110,170,210,250,280,1500,30000,31000,305788,57,51,93.65418847515534,4.077805999258999,30733.001639993745,224.00574581082319
1789525798,100,,Aggregated,271.300000,0.000000,51,71,91,110,170,210,250,280,1500,30000,31000,306046,57,51,93.65411708839103,4.077805999258999,30733.001639993745,224.00573116459617
1789525799,100,,Aggregated,266.300000,0.000000,51,71,91,110,170,210,250,280,1500,30000,31000,306342,57,51,93.60411367730447,4.077805999258999,30733.001639993745,224.00742307616977
1789525800,100,,Aggregated,268.300000,0.000000,51,71,91,110,170,210,250,280,1500,30000,31000,306586,57,51,93.62090951589694,4.077805999258999,30733.001639993745,224.00470341111466
1789525801,100,,Aggregated,270.700000,0.000000,51,71,91,110,170,210,250,280,1500,30000,31000,306853,57,51,93.58014817917268,4.077805999258999,30733.001639993745,224.0041224951361
1789525802,100,,Aggregated,270.100000,0.000000,51,71,91,110,170,210,250,280,1500,30000,31000,307124,57,51,93.58681625654378,4.077805999258999,30733.001639993745,224.0066878524635
1789525803,100,,Aggregated,274.500000,0.000000,51,71,91,110,170,210,250,280,1500,30000,31000,307368,57,51,93.57276985610653,4.077805999258999,30733.001639993745,224.00494521225372
1789525804,100,,Aggregated,269.000000,0.000000,51,71,91,110,170,210,250,280,1500,30000,31000,307649,57,51,93.55032609527038,4.077805999258999,30733.001639993745,224.00363076102963
1789525805,100,,Aggregated,271.600000,0.000000,51,71,91,110,170,210,250,280,1500,30000,31000,307909,57,51,93.55343244756676,4.077805999258999,30733.001639993745,224.0039102462091
1789525806,100,,Aggregated,268.100000,0.000000,51,71,91,110,170,210,250,280,1500,30000,31000,308185,57,51,93.52253834707999,4.077805999258999,30733.001639993745,224.00282946931227
1789525807,100,,Aggregated,268.800000,0.000000,51,71,91,110,170,210,250,280,1500,30000,31000,308432,57,51,93.51925329166838,4.077805999258999,30733.001639993745,224.00329732323493
1789525808,100,,Aggregated,266.300000,0.000000,51,71,91,110,170,210,250,280,1500,30000,31000,308721,57,51,93.48943891081525,4.077805999258999,30733.001639993745,224.00247796554171
1789525809,100,,Aggregated,268.700000,0.000000,51,71,91,110,170,210,250,280,1500,30000,31000,308967,57,51,93.4937268425486,4.077805999258999,30733.001639993745,223.99992232180136
1789525810,100,,Aggregated,265.700000,0.000000,51,71,91,110,170,210,250,280,1500,30000,31000,309249,57,51,93.47654122150664,4.077805999258999,30733.001639993745,223.999324169197
1789525811,100,,Aggregated,266.800000,0.000000,51,71,91,110,170,210,250,280,1500,30000,31000,309500,57,51,93.47547461312345,4.077805999258999,30733.001639993745,224.00083037156705
1789525812,100,,Aggregated,263.300000,0.000000,51,71,91,110,170,210,250,280,1500,30000,31000,309779,57,51,93.43172377821524,4.077805999258999,30733.001639993745,224.0004680756281
1789525813,100,,Aggregated,266.300000,0.000000,51,71,91,110,170,210,250,280,1500,30000,31000,310025,57,51,93.43093740657626,4.077805999258999,30733.001639993745,224.00174179501653
1789525814,100,,Aggregated,265.900000,0.000000,51,71,91,110,170,210,250,280,1500,30000,31000,310294,57,51,93.40682463618657,4.077805999258999,30733.001639993745,223.99974217999704
1789525815,100,,Aggregated,265.300000,0.000000,51,71,91,110,170,210,250,280,1500,30000,31000,310575,57,51,93.40668416164513,4.077805999258999,30733.001639993745,224.00030910408114
1789525816,100,,Aggregated,264.800000,0.000000,51,71,91,110,170,210,250,280,1500,30000,31000,310813,57,51,93.37681119238233,4.077805999258999,30733.001639993745,224.0009684279615
1789525817,100,,Aggregated,262.300000,0.000000,51,71,91,110,170,210,250,280,1500,30000,31000,311109,57,51,93.35907601011844,4.077805999258999,30733.001639993745,224.00268394678392
1789525818,100,,Aggregated,265.500000,0.000000,51,71,91,110,170,210,250,280,1500,30000,31000,311366,57,51,93.36032547554645,4.077805999258999,30733.001639993745,224.0033626022109
1789525819,100,,Aggregated,262.700000,0.000000,51,71,91,110,170,210,250,280,1500,30000,31000,311644,57,51,93.31611827513458,4.077805999258999,30733.001639993745,224.00115837301536
1789525820,100,,Aggregated,267.200000,0.000000,51,71,91,110,170,210,250,280,1500,30000,31000,311892,57,51,93.32963348427366,4.077805999258999,30733.001639993745,224.00025649904455
1789525821,100,,Aggregated,263.600000,0.000000,51,71,91,110,170,210,250,280,1500,30000,31000,312192,57,51,93.2872316405674,4.077805999258999,30733.001639993745,224.00231588253382
1789525822,100,,Aggregated,268.500000,0.000000,51,71,91,110,170,210,250,280,1500,30000,31000,312434,57,51,93.29683025046542,4.077805999258999,30733.001639993745,224.00221486778008
1789525823,100,,Aggregated,263.400000,0.000000,51,71,91,110,170,210,250,280,1500,30000,31000,312700,57,51,93.30032419917472,4.077805999258999,30733.001639993745,224.0028429804925
1789525824,100,,Aggregated,269.300000,0.000000,51,71,91,110,170,210,250,280,1500,30000,31000,312963,57,51,93.29546385508205,4.077805999258999,30733.001639993745,224.00169668618975
1789525825,100,,Aggregated,263.900000,0.000000,51,71,91,110,170,210,250,280,1500,30000,31000,313258,57,51,93.2465775272906,4.077805999258999,30733.001639993745,224.00207496696015
1789525826,100,,Aggregated,266.700000,0.000000,51,71,91,110,170,210,250,280,1500,30000,31000,313505,57,51,93.25876110255975,4.077805999258999,30733.001639993745,224.00140667612956
1789525827,100,,Aggregated,268.800000,0.000000,51,71,91,110,170,210,250,280,1500,30000,31000,313797,57,51,93.21285762067238,4.077805999258999,30733.001639993745,224.0048470826681
1789525828,100,,Aggregated,267.600000,0.000000,51,71,91,110,170,210,250,280,1500,30000,31000,314040,57,51,93.21967370968696,4.077805999258999,30733.001639993745,224.00617755699912
1789525829,100,,Aggregated,267.800000,0.000000,51,71,91,110,170,210,250,280,1500,30000,31000,314310,57,51,93.19137686212042,4.077805999258999,30733.001639993745,224.0057586459228
1789525830,100,,Aggregated,268.300000,0.000000,51,71,91,110,170,210,250,280,1500,30000,31000,314556,57,51,93.19386873712814,4.077805999258999,30733.001639993745,224.0077601444576
1789525831,100,,Aggregated,266.700000,0.000000,51,71,91,110,170,210,250,280,1500,30000,31000,314853,57,51,93.15743780098344,4.077805999258999,30733.001639993745,224.00605044258748
1789525832,100,,Aggregated,265.300000,0.000000,51,71,91,110,170,210,250,280,1500,30000,31000,315102,57,51,93.15518034339672,4.077805999258999,30733.001639993745,224.0056267494335
1789525833,100,,Aggregated,265.600000,0.000000,51,71,91,110,170,210,250,280,1500,30000,31000,315388,57,51,93.11403724986374,4.077805999258999,30733.001639993745,224.00593554605754
1789525834,100,,Aggregated,265.400000,0.000000,51,71,91,110,170,210,250,280,1500,30000,31000,315641,57,51,93.12779072405054,4.077805999258999,30733.001639993745,224.00509122705859
1789525835,100,,Aggregated,266.200000,0.000000,51,71,91,110,170,210,250,280,1500,30000,31000,315903,57,51,93.09180858774364,4.077805999258999,30733.001639993745,224.00421015311662
1789525836,100,,Aggregated,266.700000,0.000000,51,71,91,110,170,210,250,280,1500,30000,31000,316153,57,51,93.1056058108446,4.077805999258999,30733.001639993745,224.00485524413813
1789525837,100,,Aggregated,267.700000,0.000000,51,71,91,110,170,210,250,280,1500,30000,31000,316434,57,51,93.09027894869054,4.077805999258999,30733.001639993745,224.00672178084528
1789525838,100,,Aggregated,262.600000,0.000000,51,71,91,110,170,210,250,280,1500,30000,31000,316730,57,51,93.04655785319326,4.077805999258999,30733.001639993745,224.00589461055156
1789525839,100,,Aggregated,264.800000,0.000000,51,71,91,110,170,210,250,280,1500,30000,31000,316999,57,51,93.03931588568697,4.077805999258999,30733.001639993745,224.0060347193524
1789525840,100,,Aggregated,262.700000,0.000000,51,71,91,110,170,210,250,280,1500,30000,31000,317239,57,51,93.02697013299354,4.077805999258999,30733.001639993745,224.00576536932724
1789525841,100,,Aggregated,268.300000,0.000000,51,71,91,110,170,210,250,280,1500,30000,31000,317507,57,51,93.0135797699131,4.077805999258999,30733.001639993745,224.00698567275683
1789525842,100,,Aggregated,268.000000,0.000000,51,71,91,110,170,210,250,280,1500,30000,31000,317799,57,51,92.98856245779511,4.077805999258999,30733.001639993745,224.0066803230973
1789525843,100,,Aggregated,267.700000,0.000000,51,71,91,110,170,210,250,280,1500,30000,31000,318075,57,51,92.97561645168877,4.077805999258999,30733.001639993745,224.00636327910084
1789525844,100,,Aggregated,264.600000,0.000000,51,71,91,110,170,210,250,280,1500,30000,31000,318352,57,51,92.95079955162497,4.077805999258999,30733.001639993745,224.00654935417398
1789525845,100,,Aggregated,269.400000,0.000000,51,71,91,110,170,210,250,280,1500,30000,31000,318602,57,51,92.9528402573237,4.077805999258999,30733.001639993745,224.0067199829254
1789525846,100,,Aggregated,269.100000,0.000000,51,71,91,110,170,210,250,280,1500,30000,31000,318876,57,51,92.93066102804181,4.077805999258999,30733.001639993745,224.0075264366086
1789525847,100,,Aggregated,269.900000,0.000000,51,71,91,110,170,210,250,280,1500,30000,31000,319137,57,51,92.91793732878327,4.077805999258999,30733.001639993745,224.00680585453895
1789525848,100,,Aggregated,270.600000,0.000000,51,71,91,110,170,210,250,280,1500,30000,31000,319420,57,51,92.88310505466127,4.077805999258999,30733.001639993745,224.00806461711852
1789525849,100,,Aggregated,270.800000,0.000000,51,71,91,110,170,210,250,280,1500,30000,31000,319706,57,51,92.83709756525316,4.077805999258999,30733.001639993745,224.00738178201223
1789525850,100,,Aggregated,270.200000,0.000000,51,71,91,110,170,210,250,280,1500,30000,31000,319949,57,51,92.84319425637798,4.077805999258999,30733.001639993745,224.00820443258144
1789525851,100,,Aggregated,268.900000,0.000000,51,71,91,110,170,210,250,280,1500,30000,31000,320215,57,51,92.81687069190352,4.077805999258999,30733.001639993745,224.0063832112799
1789525852,100,,Aggregated,270.000000,0.000000,51,71,91,110,170,210,250,280,1500,30000,31000,320473,57,51,92.82946161612963,4.077805999258999,30733.001639993745,224.00613468217293
1789525853,100,,Aggregated,270.100000,0.000000,51,71,91,110,170,210,250,280,1500,30000,31000,320765,57,51,92.78631569138463,4.077805999258999,30733.001639993745,224.00511901236106
1789525854,100,,Aggregated,270.900000,0.000000,51,71,91,110,170,210,250,280,1500,30000,31000,321004,57,51,92.78525549421808,4.077805999258999,30733.001639993745,224.00324295024362
1789525855,100,,Aggregated,266.800000,0.000000,51,71,91,110,170,210,250,280,1500,30000,31000,321294,57,51,92.73343087242219,4.077805999258999,30733.001639993745,224.00417997223727
1789525856,100,,Aggregated,268.700000,0.000000,51,71,91,110,170,210,250,280,1500,30000,31000,321541,57,51,92.74756175756436,4.077805999258999,30733.001639993745,224.0060956456564
1789525857,100,,Aggregated,263.900000,0.000000,51,71,91,110,170,210,250,280,1500,30000,31000,321840,57,51,92.70327628694669,4.077805999258999,30733.001639993745,224.0078796917723
1789525858,100,,Aggregated,268.400000,0.000000,51,71,91,110,170,210,250,280,1500,30000,31000,322082,57,51,92.71304399877016,4.077805999258999,30733.001639993745,224.0031234281953
1789525860,100,,Aggregated,266.300000,0.000000,51,71,91,110,170,210,250,280,1500,30000,31000,322362,57,51,92.66996661717837,4.077805999258999,30733.001639993745,224.00215285920797
1789525861,100,,Aggregated,265.200000,0.000000,51,71,91,110,170,210,250,280,1500,30000,31000,322612,57,51,92.68092452910254,4.077805999258999,30733.001639993745,224.00408540289885
1789525862,100,,Aggregated,265.400000,0.000000,51,71,91,110,170,210,250,280,1500,30000,31000,322868,57,51,92.65281879905962,4.077805999258999,30733.001639993745,224.0056896316761
1789525863,100,,Aggregated,265.400000,0.000000,51,71,91,110,170,210,250,280,1500,30000,31000,323153,57,51,92.6412235771843,4.077805999258999,30733.001639993745,224.00593526905212
1789525864,100,,Aggregated,265.900000,0.000000,51,71,91,110,170,210,250,280,1500,30000,31000,323405,57,51,92.61275835603593,4.077805999258999,30733.001639993745,224.00668202408744
1789525865,100,,Aggregated,267.700000,0.000000,51,71,91,110,170,210,250,280,1500,30000,31000,323702,57,51,92.59617343310134,4.077805999258999,30733.001639993745,224.00691685562646
1789525866,100,,Aggregated,263.500000,0.000000,51,71,91,110,170,210,250,280,1500,30000,31000,323954,57,51,92.5783025593718,4.077805999258999,30733.001639993745,224.00780357705105
1789525867,100,,Aggregated,269.000000,0.000000,51,71,91,110,170,210,250,280,1500,30000,31000,324250,57,51,92.5470876066206,4.077805999258999,30733.001639993745,224.00928604471858
1789525868,100,,Aggregated,264.300000,0.000000,51,71,91,110,170,210,250,280,1500,30000,31000,324518,57,51,92.53523733598375,4.077805999258999,30733.001639993745,224.00850183965142
1789525869,100,,Aggregated,269.700000,0.000000,51,71,91,110,170,210,250,280,1500,30000,31000,324817,57,51,92.48595867288275,4.077805999258999,30733.001639993745,224.00847554161265
1789525870,100,,Aggregated,266.900000,0.000000,51,71,91,110,170,210,250,280,1500,30000,31000,325066,57,51,92.49817405524036,4.077805999258999,30733.001639993745,224.00796146013425
1789525871,100,,Aggregated,272.400000,0.000000,51,71,91,110,170,210,250,280,1500,30000,31000,325334,57,51,92.47676666111057,4.077805999258999,30733.001639993745,224.00809936864883
1789525872,100,,Aggregated,269.200000,0.000000,51,71,91,110,170,210,250,280,1500,30000,31000,325591,57,51,92.47593373856716,4.077805999258999,30733.001639993745,224.00705793464806
1789525873,100,,Aggregated,271.100000,0.000000,51,71,91,110,170,210,250,280,1500,30000,31000,325878,57,51,92.44307243315855,4.077805999258999,30733.001639993745,224.00821166203303
1789525874,100,,Aggregated,271.400000,0.000000,51,71,91,110,170,210,250,280,1500,30000,31000,326134,57,51,92.42022207360122,4.077805999258999,30733.001639993745,224.00794152096992
1789525875,100,,Aggregated,271.400000,0.000000,51,71,91,110,170,210,250,280,1500,30000,31000,326421,57,51,92.39075824623373,4.077805999258999,30733.001639993745,224.00871880179278
1789525876,100,,Aggregated,271.900000,0.000000,51,71,91,110,170,210,250,280,1500,30000,31000,326664,57,51,92.41740683494632,4.077805999258999,30733.001639993745,224.00924497342837
1789525877,100,,Aggregated,272.700000,0.000000,51,71,91,110,170,210,250,280,1500,30000,31000,326973,57,51,92.37865320913309,4.077805999258999,30733.001639993745,224.01146272016345
1789525878,100,,Aggregated,270.200000,0.000000,51,71,91,110,170,210,250,280,1500,30000,31000,327238,57,51,92.36159483157478,4.077805999258999,30733.001639993745,224.01050917069534
1789525879,100,,Aggregated,271.100000,0.000000,51,71,91,110,170,210,250,280,1500,30000,31000,327486,57,51,92.32958189106064,4.077805999258999,30733.001639993745,224.0119363881204
1789525880,100,,Aggregated,271.000000,0.000000,51,71,91,110,170,210,250,280,1500,30000,31000,327771,57,51,92.33023279568903,4.077805999258999,30733.001639993745,224.0136772319699
1789525881,100,,Aggregated,267.300000,0.000000,51,71,91,110,170,210,250,280,1500,30000,31000,328013,57,51,92.33231987554714,4.077805999258999,30733.001639993745,224.01311838250314
1789525882,100,,Aggregated,269.500000,0.000000,51,71,91,110,170,210,250,280,1500,30000,31000,328315,57,51,92.30516873705379,4.077805999258999,30733.001639993745,224.01338348841813
1789525883,100,,Aggregated,267.500000,0.000000,51,71,91,110,170,210,250,280,1500,30000,31000,328556,57,51,92.31672208735144,4.077805999258999,30733.001639993745,224.01321540315806
1789525884,100,,Aggregated,270.800000,0.000000,51,71,91,110,170,210,250,280,1500,30000,31000,328845,57,51,92.26650327095064,4.077805999258999,30733.001639993745,224.01112074077452
1789525885,100,,Aggregated,266.800000,0.000000,51,71,91,110,170,210,250,280,1500,30000,31000,329093,57,51,92.27251976875432,4.077805999258999,30733.001639993745,224.01077203100644
1789525886,100,,Aggregated,269.600000,0.000000,51,71,91,110,170,210,250,280,1500,30000,31000,329389,57,51,92.23715833086021,4.077805999258999,30733.001639993745,224.0106985964923
1789525887,100,,Aggregated,264.800000,0.000000,51,71,91,110,170,210,250,280,1500,30000,31000,329632,57,51,92.24618779262856,4.077805999258999,30733.001639993745,224.01244114649063
1789525888,100,,Aggregated,271.800000,0.000000,51,71,91,110,170,210,250,280,1500,30000,31000,329900,57,51,92.22425289169652,4.077805999258999,30733.001639993745,224.01246135192483
1789525889,100,,Aggregated,264.500000,0.000000,51,71,91,110,170,210,250,280,1500,30000,31000,330197,57,51,92.1841382463941,4.077805999258999,30733.001639993745,224.01181415942605
1789525890,100,,Aggregated,264.900000,0.000000,51,71,91,110,170,210,250,280,1500,30000,31000,330467,57,51,92.1667129303791,4.077805999258999,30733.001639993745,224.01188318349486
1789525891,100,,Aggregated,268.400000,0.000000,51,71,91,110,170,210,250,280,1500,30000,31000,330746,57,51,92.12331216525854,4.077805999258999,30733.001639993745,224.01162523507466
1789525892,100,,Aggregated,268.700000,0.000000,51,71,91,110,170,210,250,280,1500,30000,31000,331000,57,51,92.14324715371477,4.077805999258999,30733.001639993745,224.01322356495467
1789525893,100,,Aggregated,273.700000,0.000000,51,71,91,110,170,210,250,280,1500,30000,31000,331272,57,51,92.13075073644816,4.077805999258999,30733.001639993745,224.01443526769543
1789525894,100,,Aggregated,266.900000,0.000000,51,71,91,110,170,210,250,280,1500,30000,31000,331557,57,51,92.09573410113684,4.077805999258999,30733.001639993745,224.01533672943114
1789525895,100,,Aggregated,269.500000,0.000000,51,71,91,110,170,210,250,280,1500,30000,31000,331779,57,51,92.14355289434404,4.077805999258999,30733.001639993745,224.015236045681
1789525896,100,,Aggregated,270.100000,0.000000,51,71,91,110,170,210,250,280,1500,30000,31000,332048,57,51,92.11304569975299,4.077805999258999,30733.001639993745,224.0145280200453
1789525897,100,,Aggregated,267.000000,0.000000,51,71,91,110,170,210,250,280,1500,30000,31000,332301,57,51,92.1185147247996,4.077805999258999,30733.001639993745,224.01479381644955
1789525898,100,,Aggregated,265.500000,0.000000,51,71,91,110,170,210,250,280,1500,30000,31000,332541,57,51,92.10091818544352,4.077805999258999,30733.001639993745,224.01376973064976
1789525899,100,,Aggregated,265.900000,0.000000,51,71,91,110,170,210,250,280,1500,30000,31000,332777,57,51,92.15431269418718,4.077805999258999,30733.001639993745,224.01394327131985
1789525900,100,,Aggregated,266.100000,0.000000,51,72,91,110,170,210,250,280,1500,30000,31000,333004,57,51,92.1652328685046,4.077805999258999,30733.001639993745,224.01405989117248
1789525901,100,,Aggregated,257.700000,0.000000,52,72,92,110,170,210,250,280,1500,30000,31000,333232,57,52,92.23640786271578,4.077805999258999,30733.001639993745,224.01351910980938
1789525902,100,,Aggregated,255.500000,0.000000,52,72,92,110,170,210,250,280,1500,30000,31000,333445,57,52,92.28910525625963,4.077805999258999,30733.001639993745,224.01434119569944
1789525903,100,,Aggregated,245.000000,0.000000,52,72,92,110,170,210,250,280,1500,30000,31000,333668,57,52,92.31199558535295,4.077805999258999,30733.001639993745,224.0143166261074
1789525904,100,,Aggregated,243.500000,0.000000,52,72,92,110,170,210,250,280,1500,30000,31000,333847,57,52,92.39359753228723,4.077805999258999,30733.001639993745,224.01487507750556
1789525905,100,,Aggregated,240.700000,0.000000,52,72,92,110,170,210,250,280,1500,30000,31000,334107,57,52,92.41941409026616,4.077805999258999,30733.001639993745,224.01499519614973
1789525906,100,,Aggregated,228.800000,0.000000,52,72,92,110,170,210,250,280,1500,30000,31000,334329,57,52,92.40433381486088,4.077805999258999,30733.001639993745,224.01637907570088
1789525907,100,,Aggregated,231.000000,0.000000,52,72,92,110,170,210,250,280,1500,30000,31000,334625,57,52,92.40899992368627,4.077805999258999,30733.001639993745,224.01743444153902
1789525908,100,,Aggregated,230.300000,0.000000,52,72,92,110,170,210,250,280,1500,30000,31000,334879,57,52,92.4021936579676,4.077805999258999,30733.001639993745,224.01774969466584
1789525909,100,,Aggregated,231.200000,0.000000,52,72,92,110,170,210,250,280,1500,30000,31000,335112,57,52,92.38834710449508,4.077805999258999,30733.001639993745,224.01899961803815
1789525910,100,,Aggregated,229.900000,0.000000,52,72,92,110,170,210,250,280,1500,30000,31000,335400,57,52,92.38720738453348,4.077805999258999,30733.001639993745,224.0183542039356
1789525911,100,,Aggregated,234.100000,0.000000,52,72,92,110,170,210,250,280,1500,30000,31000,335677,57,52,92.36292177928347,4.077805999258999,30733.001639993745,224.0179517810276
1789525912,100,,Aggregated,235.700000,0.000000,52,72,92,110,170,210,250,280,1500,30000,31000,335917,57,52,92.38584847434791,4.077805999258999,30733.001639993745,224.01702801584915
1789525913,100,,Aggregated,243.900000,0.000000,52,72,92,110,170,210,250,280,1500,30000,31000,336194,57,52,92.3491107944654,4.077805999258999,30733.001639993745,224.01812643890136
1789525914,100,,Aggregated,245.800000,0.000000,52,72,92,110,170,210,250,280,1500,30000,31000,336467,57,52,92.3319080839382,4.077805999258999,30733.001639993745,224.01642062966056
1789525915,100,,Aggregated,251.000000,0.000000,52,72,92,110,170,210,250,280,1500,30000,31000,336730,57,52,92.31195740809405,4.077805999258999,30733.001639993745,224.01721260356962
1789525916,100,,Aggregated,259.700000,0.000000,52,72,92,110,170,210,250,280,1500,30000,31000,336995,57,52,92.29896293934789,4.077805999258999,30733.001639993745,224.01752251517084
1789525917,100,,Aggregated,262.600000,0.000000,52,72,92,110,170,210,250,280,1500,30000,31000,337254,57,52,92.28766504749693,4.077805999258999,30733.001639993745,224.0167381261601
1789525918,100,,Aggregated,260.800000,0.000000,52,72,92,110,170,210,250,280,1500,30000,31000,337501,57,52,92.28672605593623,4.077805999258999,30733.001639993745,224.0158251382959
1789525919,100,,Aggregated,263.400000,0.000000,52,72,92,110,170,210,250,280,1500,30000,31000,337788,57,52,92.262551437252,4.077805999258999,30733.001639993745,224.01572287943918
1789525920,100,,Aggregated,261.200000,0.000000,52,72,92,110,170,210,250,280,1500,30000,31000,338043,57,52,92.26480791257762,4.077805999258999,30733.001639993745,224.0150187993835
1789525921,100,,Aggregated,265.300000,0.000000,52,72,92,110,170,210,250,280,1500,30000,31000,338329,57,52,92.22784243130658,4.077805999258999,30733.001639993745,224.01521891413387
1789525922,100,,Aggregated,262.100000,0.000000,52,72,92,110,170,210,250,280,1500,30000,31000,338574,57,52,92.23009078094742,4.077805999258999,30733.001639993745,224.01401170792795
1789525923,100,,Aggregated,263.800000,0.000000,52,72,92,110,170,210,250,280,1500,30000,31000,338853,57,52,92.20533955775066,4.077805999258999,30733.001639993745,224.01307056452208
1789525924,100,,Aggregated,267.000000,0.000000,52,72,92,110,170,210,250,280,1500,30000,31000,339129,57,52,92.19076176240432,4.077805999258999,30733.001639993745,224.01425416287017
1789525925,100,,Aggregated,265.600000,0.000000,52,72,92,110,170,210,250,280,1500,30000,31000,339414,57,52,92.14571594849163,4.077805999258999,30733.001639993745,224.0151231239725
1789525926,100,,Aggregated,265.600000,0.000000,52,72,92,110,170,210,250,280,1500,30000,31000,339643,57,52,92.1737742022547,4.077805999258999,30733.001639993745,224.01547507235537
1789525927,100,,Aggregated,267.500000,0.000000,52,72,92,110,170,210,250,280,1500,30000,31000,339919,57,52,92.14146112528688,4.077805999258999,30733.001639993745,224.01396214980628
1789525928,100,,Aggregated,266.600000,0.000000,52,72,92,110,170,210,250,280,1500,30000,31000,340201,57,52,92.12702004876955,4.077805999258999,30733.001639993745,224.01335387021203
1789525929,100,,Aggregated,267.900000,0.000000,52,72,92,110,170,210,250,280,1500,30000,31000,340444,57,52,92.1106216218215,4.077805999258999,30733.001639993745,224.01285086534057
1789525930,100,,Aggregated,269.000000,0.000000,52,72,92,110,170,210,250,280,1500,30000,31000,340730,57,52,92.09058629274628,4.077805999258999,30733.001639993745,224.01156927772723
1789525931,100,,Aggregated,265.900000,0.000000,52,72,92,110,170,210,250,280,1500,30000,31000,340963,57,52,92.07449738255295,4.077805999258999,30733.001639993745,224.00969899959819
1789525932,100,,Aggregated,268.400000,0.000000,52,72,92,110,170,210,250,280,1500,30000,31000,341278,57,52,92.05387646379613,4.077805999258999,30733.001639993745,224.00867621118266
1789525933,100,,Aggregated,266.600000,0.000000,52,72,92,110,170,210,250,280,1500,30000,31000,341528,57,52,92.05623626845058,4.077805999258999,30733.001639993745,224.01074875266448
1789525934,100,,Aggregated,269.400000,0.000000,52,72,92,110,170,210,250,280,1500,30000,31000,341798,57,52,92.03900679095386,4.077805999258999,30733.001639993745,224.01082510722708
1789525935,100,,Aggregated,267.000000,0.000000,52,72,92,110,170,210,250,280,1500,30000,31000,342068,57,52,92.02899435833642,4.077805999258999,30733.001639993745,224.01016464562602
1789525936,100,,Aggregated,266.800000,0.000000,52,72,92,110,170,210,250,280,1500,30000,31000,342340,57,52,91.98850095759597,4.077805999258999,30733.001639993745,224.00964246071158
1789525937,100,,Aggregated,264.800000,0.000000,52,72,92,110,170,210,250,280,1500,30000,31000,342591,57,52,92.00736704017149,4.077805999258999,30733.001639993745,224.00946317912613
1789525938,100,,Aggregated,269.900000,0.000000,52,72,92,110,170,210,250,280,1500,30000,31000,342867,57,52,91.97367494881543,4.077805999258999,30733.001639993745,224.00823059670367
1789525939,100,,Aggregated,264.200000,0.000000,52,72,92,110,170,210,250,280,1500,30000,31000,343135,57,52,91.98631575222699,4.077805999258999,30733.001639993745,224.00945400498347
1789525940,100,,Aggregated,266.900000,0.000000,52,72,92,110,170,210,250,280,1500,30000,31000,343430,57,52,91.94260687275265,4.077805999258999,30733.001639993745,224.00985644818448
1789525941,100,,Aggregated,265.400000,0.000000,52,72,92,110,170,210,250,280,1500,30000,31000,343700,57,52,91.93167995707994,4.077805999258999,30733.001639993745,224.01264474832703
1789525942,100,,Aggregated,269.100000,0.000000,52,72,92,110,170,210,250,280,1500,30000,31000,343957,57,52,91.9062435021653,4.077805999258999,30733.001639993745,224.01314408487107
1789525943,100,,Aggregated,267.700000,0.000000,52,72,92,110,170,210,250,280,1500,30000,31000,344250,57,52,91.88146181671839,4.077805999258999,30733.001639993745,224.0135511982571
1789525944,100,,Aggregated,268.000000,0.000000,52,72,92,110,170,210,250,280,1500,30000,31000,344502,57,52,91.88538053968426,4.077805999258999,30733.001639993745,224.01439178872693
1789525945,100,,Aggregated,268.800000,0.000000,52,72,92,110,170,210,250,280,1500,30000,31000,344786,57,52,91.84330541537437,4.077805999258999,30733.001639993745,224.01519493250885
1789525946,100,,Aggregated,266.600000,0.000000,52,72,92,110,170,210,250,280,1500,30000,31000,345043,57,52,91.8535933521133,4.077805999258999,30733.001639993745,224.01579803097005
1789525947,100,,Aggregated,270.500000,0.000000,52,72,92,110,170,210,250,280,1500,30000,31000,345312,57,52,91.83165006504902,4.077805999258999,30733.001639993745,224.0163214715967
1789525948,100,,Aggregated,265.600000,0.000000,52,72,92,110,170,210,250,280,1500,30000,31000,345605,57,52,91.7860559914794,4.077805999258999,30733.001639993745,224.017438983811
1789525949,100,,Aggregated,270.500000,0.000000,52,72,92,110,170,210,250,280,1500,30000,31000,345859,57,52,91.79406401070693,4.077805999258999,30733.001639993745,224.01748400359685
1789525950,100,,Aggregated,269.800000,0.000000,52,72,92,110,170,210,250,280,1400,30000,31000,346143,57,52,91.75674194246632,4.077805999258999,30733.001639993745,224.01866858494898
1789525951,100,,Aggregated,269.700000,0.000000,52,72,92,110,170,210,250,280,1400,30000,31000,346394,57,52,91.7571952724877,4.077805999258999,30733.001639993745,224.0191660363632
1789525952,100,,Aggregated,269.700000,0.000000,52,72,92,110,170,210,250,280,1400,30000,31000,346686,57,52,91.72003141376072,4.077805999258999,30733.001639993745,224.019478721379
1789525953,100,,Aggregated,269.400000,0.000000,52,72,92,110,170,210,250,280,1400,30000,31000,346948,57,52,91.70964904085625,4.077805999258999,30733.001639993745,224.0174262425493
1789525954,100,,Aggregated,268.100000,0.000000,52,72,92,110,170,210,250,280,1400,30000,31000,347209,57,52,91.67359047585774,4.077805999258999,30733.001639993745,224.01611421362927
1789525955,100,,Aggregated,268.700000,0.000000,52,72,92,110,170,210,250,280,1400,30000,31000,347488,57,52,91.66827324550792,4.077805999258999,30733.001639993745,224.0178193203794
1789525956,100,,Aggregated,272.800000,0.000000,52,72,92,110,170,210,250,280,1400,30000,31000,347745,57,52,91.65449081797303,4.077805999258999,30733.001639993745,224.0185595767013
1789525957,100,,Aggregated,266.200000,0.000000,52,72,92,110,170,210,250,280,1400,30000,31000,348049,57,52,91.62604306272401,4.077805999258999,30733.001639993745,224.02060916710005
1789525958,100,,Aggregated,269.800000,0.000000,52,72,92,110,170,210,250,280,1400,30000,31000,348300,57,52,91.62066984440426,4.077805999258999,30733.001639993745,224.02154177433246
1789525959,100,,Aggregated,268.800000,0.000000,52,72,92,110,170,210,250,280,1400,30000,31000,348593,57,52,91.58130140545856,4.077805999258999,30733.001639993745,224.02219206926128
1789525960,100,,Aggregated,270.600000,0.000000,52,72,92,110,170,210,250,280,1400,30000,31000,348856,57,52,91.56261251226032,4.077805999258999,30733.001639993745,224.02326461347948
1789525961,100,,Aggregated,271.800000,0.000000,52,72,92,110,170,210,250,280,1400,30000,31000,349146,57,52,91.51561388993467,4.077805999258999,30733.001639993745,224.0233884965029
1789525962,100,,Aggregated,270.800000,0.000000,52,72,92,110,170,210,250,280,1400,30000,31000,349377,57,52,91.54714171809584,4.077805999258999,30733.001639993745,224.02435191784232
1789525963,100,,Aggregated,273.200000,0.000000,52,72,92,110,170,210,250,280,1400,30000,31000,349631,57,52,91.51769754812695,4.077805999258999,30733.001639993745,224.0243628282389
1789525964,100,,Aggregated,269.100000,0.000000,52,72,92,110,170,210,250,280,1400,30000,31000,349924,57,52,91.50339078620267,4.077805999258999,30733.001639993745,224.02435100193185
1789525965,100,,Aggregated,268.400000,0.000000,52,72,92,110,170,210,250,280,1400,30000,31000,350170,57,52,91.49153790479527,4.077805999258999,30733.001639993745,224.0252534483251
1789525966,100,,Aggregated,266.700000,0.000000,52,72,92,110,170,210,250,280,1400,30000,31000,350447,57,52,91.49859261951487,4.077805999258999,30733.001639993745,224.02448872440056
1789525967,100,,Aggregated,271.300000,0.000000,52,72,92,110,170,210,250,280,1400,30000,31000,350706,57,52,91.47553726349454,4.077805999258999,30733.001639993745,224.02468449356442
1789525968,100,,Aggregated,268.200000,0.000000,52,72,92,110,170,210,250,280,1400,30000,31000,351004,57,52,91.4361797469661,4.077805999258999,30733.001639993745,224.02480028717622
1789525969,100,,Aggregated,267.400000,0.000000,52,72,92,110,170,210,250,280,1400,30000,31000,351277,57,52,91.41720225384252,4.077805999258999,30733.001639993745,224.02482371461838
1789525970,100,,Aggregated,266.300000,0.000000,52,72,92,110,170,210,250,280,1400,30000,31000,351529,57,52,91.38603102022863,4.077805999258999,30733.001639993745,224.02276910297584
1789525971,100,,Aggregated,267.200000,0.000000,52,72,92,110,170,210,250,280,1400,30000,31000,351789,57,52,91.40531334748373,4.077805999258999,30733.001639993745,224.02328952866634
1789525972,100,,Aggregated,268.000000,0.000000,52,72,92,110,170,210,250,280,1400,30000,31000,352049,57,52,91.37092126750807,4.077805999258999,30733.001639993745,224.02376657794795
1789525973,100,,Aggregated,263.900000,0.000000,52,72,92,110,170,210,250,280,1400,30000,31000,352331,57,52,91.38491602186008,4.077805999258999,30733.001639993745,224.02338142258273
1789525974,100,,Aggregated,269.000000,0.000000,52,72,92,110,170,210,250,280,1400,30000,31000,352575,57,52,91.36053644970302,4.077805999258999,30733.001639993745,224.0232347727434
1789525975,100,,Aggregated,266.400000,0.000000,52,72,92,110,170,210,250,280,1400,30000,31000,352849,57,52,91.37007376199763,4.077805999258999,30733.001639993745,224.0221766251286
1789525976,100,,Aggregated,267.300000,0.000000,52,72,92,110,170,210,250,280,1400,30000,31000,353110,57,52,91.35183831212126,4.077805999258999,30733.001639993745,224.0209169947042
1789525977,100,,Aggregated,264.100000,0.000000,52,72,92,110,170,210,250,280,1400,30000,31000,353395,57,52,91.32855765080754,4.077805999258999,30733.001639993745,224.0217575234511
1789525978,100,,Aggregated,267.500000,0.000000,52,72,92,110,170,210,250,280,1400,30000,31000,353637,57,52,91.33247229474055,4.077805999258999,30733.001639993745,224.02188402231667
1789525979,100,,Aggregated,266.200000,0.000000,52,72,92,110,170,210,250,280,1400,30000,31000,353936,57,52,91.30113475591973,4.077805999258999,30733.001639993745,224.02153779214322
1789525980,100,,Aggregated,262.200000,0.000000,52,72,92,110,170,210,250,280,1400,30000,31000,354172,57,52,91.31205483749166,4.077805999258999,30733.001639993745,224.0217690839479
1789525981,100,,Aggregated,265.300000,0.000000,52,72,92,110,170,210,250,280,1400,30000,31000,354441,57,52,91.28236834491545,4.077805999258999,30733.001639993745,224.02251432537432
1789525982,100,,Aggregated,260.300000,0.000000,52,72,92,110,170,210,250,280,1400,30000,31000,354719,57,52,91.28274095875355,4.077805999258999,30733.001639993745,224.02403592702956
1789525983,100,,Aggregated,264.500000,0.000000,52,72,92,110,170,210,250,280,1400,30000,31000,354987,57,52,91.28071717202036,4.077805999258999,30733.001639993745,224.02405158498763
1789525984,100,,Aggregated,262.900000,0.000000,52,72,92,110,170,210,250,280,1400,30000,31000,355279,57,52,91.24130569159466,4.077805999258999,30733.001639993745,224.0238235302396
1789525985,100,,Aggregated,265.900000,0.000000,52,72,92,110,170,210,250,280,1400,30000,31000,355536,57,52,91.2342648056177,4.077805999258999,30733.001639993745,224.02321283920617
1789525986,100,,Aggregated,266.000000,0.000000,52,72,92,110,170,210,250,280,1400,30000,31000,355833,57,52,91.1918254600223,4.077805999258999,30733.001639993745,224.0240253152462
1789525987,100,,Aggregated,266.600000,0.000000,52,72,92,110,170,210,250,280,1400,30000,31000,356078,57,52,91.18933260033774,4.077805999258999,30733.001639993745,224.02300900364526
1789525988,100,,Aggregated,267.400000,0.000000,52,72,92,110,170,210,250,280,1400,30000,31000,356370,57,52,91.15440457479605,4.077805999258999,30733.001639993745,224.02391054241377
1789525989,100,,Aggregated,267.000000,0.000000,52,72,92,110,170,210,250,280,1400,30000,31000,356621,57,52,91.15649931200932,4.077805999258999,30733.001639993745,224.02264308607738
1789525990,100,,Aggregated,272.200000,0.000000,52,72,92,110,170,210,250,280,1400,30000,31000,356873,57,52,91.12987859348895,4.077805999258999,30733.001639993745,224.02320713531145
1789525991,100,,Aggregated,268.400000,0.000000,52,72,92,110,170,210,250,280,1400,30000,31000,357162,57,52,91.12347502397557,4.077805999258999,30733.001639993745,224.0233619477996
1789525992,100,,Aggregated,272.900000,0.000000,52,72,92,110,170,210,250,280,1400,30000,31000,357396,57,52,91.10098757199346,4.077805999258999,30733.001639993745,224.02432595776114
1789525993,100,,Aggregated,269.800000,0.000000,52,72,92,110,170,210,250,280,1400,30000,31000,357703,57,52,91.09051793263457,4.077805999258999,30733.001639993745,224.02396121922376
1789525994,100,,Aggregated,270.900000,0.000000,52,72,92,110,170,210,250,280,1400,30000,31000,357970,57,52,91.07304466817382,4.077805999258999,30733.001639993745,224.02587367656508
1789525995,100,,Aggregated,270.300000,0.000000,52,72,92,110,170,210,250,280,1400,30000,31000,358222,57,52,91.0749803715409,4.077805999258999,30733.001639993745,224.02664269642847
1789525996,100,,Aggregated,270.100000,0.000000,52,72,92,110,170,210,250,280,1400,30000,31000,358495,57,52,91.03963256931368,4.077805999258999,30733.001639993745,224.02643830457887
1789525997,100,,Aggregated,271.600000,0.000000,52,72,92,110,170,210,250,280,1400,30000,31000,358761,57,52,91.00495110691841,4.077805999258999,30733.001639993745,224.0273747703903
1789525998,100,,Aggregated,266.500000,0.000000,52,72,92,110,170,210,250,280,1400,30000,31000,359016,57,52,91.01989855640461,4.077805999258999,30733.001639993745,224.02761436816186
1789525999,100,,Aggregated,271.000000,0.000000,52,72,92,110,170,210,250,280,1400,30000,31000,359280,57,52,91.00995624040627,4.077805999258999,30733.001639993745,224.02775829436652
1789526000,100,,Aggregated,267.000000,0.000000,52,72,92,110,170,210,250,280,1400,30000,31000,359575,57,52,90.97062185158904,4.077805999258999,30733.001639993745,224.02908433567407
1789526001,100,,Aggregated,267.600000,0.000000,52,72,92,110,170,210,250,280,1400,30000,31000,359829,57,52,90.96877701245324,4.077805999258999,30733.001639993745,224.03008651331604
1789526002,100,,Aggregated,265.600000,0.000000,52,72,92,110,170,210,250,280,1400,30000,31000,360126,57,52,90.92598538181949,4.077805999258999,30733.001639993745,224.0303893637227
1789526003,100,,Aggregated,267.000000,0.000000,52,72,92,110,170,210,250,280,1400,30000,31000,360382,57,52,90.93044319230475,4.077805999258999,30733.001639993745,224.0301291407451
1789526004,100,,Aggregated,266.800000,0.000000,52,72,92,110,170,210,250,280,1400,30000,31000,360668,57,52,90.89145932360294,4.077805999258999,30733.001639993745,224.0295035877871
1789526005,100,,Aggregated,266.300000,0.000000,52,72,92,110,170,210,250,280,1400,30000,31000,360923,57,52,90.88718011120442,4.077805999258999,30733.001639993745,224.03057438844297
1789526006,100,,Aggregated,268.000000,0.000000,52,72,92,110,170,210,250,280,1400,30000,31000,361161,57,52,90.87606505219358,4.077805999258999,30733.001639993745,224.03100279376787
1789526007,100,,Aggregated,265.300000,0.000000,52,72,92,110,170,210,250,280,1400,30000,31000,361455,57,52,90.86795852911521,4.077805999258999,30733.001639993745,224.03178542280506
1789526008,100,,Aggregated,272.100000,0.000000,52,72,92,110,170,210,250,280,1400,30000,31000,361695,57,52,90.83877159261351,4.077805999258999,30733.001639993745,224.033049945396
1789526009,100,,Aggregated,267.100000,0.000000,52,72,92,110,170,210,250,280,1400,30000,31000,361981,57,52,90.84851048310055,4.077805999258999,30733.001639993745,224.03375867794165
1789526010,100,,Aggregated,269.600000,0.000000,52,72,92,110,170,210,250,280,1400,30000,31000,362240,57,52,90.85095568234908,4.077805999258999,30733.001639993745,224.03229902826854
1789526011,100,,Aggregated,268.100000,0.000000,52,72,92,110,170,210,250,280,1400,30000,31000,362518,57,52,90.81981790156685,4.077805999258999,30733.001639993745,224.0327487186843
1789526012,100,,Aggregated,268.400000,0.000000,52,72,92,110,170,210,250,280,1400,30000,31000,362777,57,52,90.81709325869386,4.077805999258999,30733.001639993745,224.03217679180324
1789526013,100,,Aggregated,266.500000,0.000000,52,72,92,110,170,210,250,280,1400,30000,31000,363030,57,52,90.80808015653307,4.077805999258999,30733.001639993745,224.03275762333692
1789526014,100,,Aggregated,267.200000,0.000000,52,72,92,110,170,210,250,280,1400,30000,31000,363303,57,52,90.7987401020807,4.077805999258999,30733.001639993745,224.0321825033099
1789526015,100,,Aggregated,265.200000,0.000000,52,72,92,110,170,210,250,280,1400,30000,31000,363595,57,52,90.7613503232833,4.077805999258999,30733.001639993745,224.03339429860148
1789526016,100,,Aggregated,262.700000,0.000000,52,72,92,110,170,210,250,280,1400,30000,31000,363839,57,52,90.76261496408927,4.077805999258999,30733.001639993745,224.03310805053883
1789526017,100,,Aggregated,266.700000,0.000000,52,72,92,110,170,210,250,280,1400,30000,31000,364090,57,52,90.73491652994132,4.077805999258999,30733.001639993745,224.030440275756
1789526018,100,,Aggregated,261.700000,0.000000,52,72,92,110,170,210,250,280,1400,30000,31000,364389,57,52,90.72526423121259,4.077805999258999,30733.001639993745,224.03123310528034
1789526019,100,,Aggregated,266.300000,0.000000,52,72,92,110,170,210,250,280,1400,30000,31000,364645,57,52,90.71896164967396,4.077805999258999,30733.001639993745,224.02966446818138
1789526020,100,,Aggregated,264.700000,0.000000,52,72,92,110,170,210,250,280,1400,30000,31000,364913,57,52,90.68661879007139,4.077805999258999,30733.001639993745,224.02694066804963
1789526021,100,,Aggregated,267.100000,0.000000,52,72,92,110,170,210,250,280,1400,30000,31000,365163,57,52,90.670209249188,4.077805999258999,30733.001639993745,224.02727001366512
1789526022,100,,Aggregated,263.900000,0.000000,52,72,92,110,170,210,250,280,1400,30000,31000,365450,57,52,90.64467073881592,4.077805999258999,30733.001639993745,224.02729511561088
1789526023,100,,Aggregated,265.600000,0.000000,52,72,92,110,170,210,250,280,1400,30000,31000,365706,57,52,90.63402195655323,4.077805999258999,30733.001639993745,224.0286432270731
1789526024,100,,Aggregated,264.800000,0.000000,52,72,92,110,170,210,250,280,1400,30000,31000,365961,57,52,90.61260599697542,4.077805999258999,30733.001639993745,224.0303283683234
1789526025,100,,Aggregated,266.800000,0.000000,52,72,92,110,170,210,250,280,1400,30000,31000,366252,57,52,90.60270610458967,4.077805999258999,30733.001639993745,224.0299493245088
1789526026,100,,Aggregated,268.600000,0.000000,52,72,92,110,170,210,250,280,1400,30000,31000,366486,57,52,90.57990731083359,4.077805999258999,30733.001639993745,224.029755570472
1789526027,100,,Aggregated,266.100000,0.000000,52,72,92,110,170,210,250,280,1400,30000,31000,366790,57,52,90.59663659069828,4.077805999258999,30733.001639993745,224.02945282041495
1789526028,100,,Aggregated,269.300000,0.000000,52,72,92,110,170,210,250,280,1400,30000,31000,367035,57,52,90.57911683664562,4.077805999258999,30733.001639993745,224.0301061206697
1789526029,100,,Aggregated,265.300000,0.000000,52,72,92,110,170,210,250,280,1400,30000,31000,367341,57,52,90.549530469156,4.077805999258999,30733.001639993745,224.0304077138136
1789526030,100,,Aggregated,266.600000,0.000000,52,72,92,110,170,210,250,280,1400,30000,31000,367581,57,52,90.54568929346524,4.077805999258999,30733.001639993745,224.02991449503648
1789526031,100,,Aggregated,266.200000,0.000000,52,72,92,110,170,210,250,280,1400,30000,31000,367887,57,52,90.52267059619776,4.077805999258999,30733.001639993745,224.03022667286422
1789526032,100,,Aggregated,271.300000,0.000000,52,72,92,110,170,210,250,280,1400,30000,31000,368143,57,52,90.53924983606481,4.077805999258999,30733.001639993745,224.02852152560283
1789526033,100,,Aggregated,270.800000,0.000000,52,72,92,110,170,210,250,280,1400,30000,31000,368410,57,52,90.50722391628479,4.077805999258999,30733.001639993745,224.0289351537689
1789526034,100,,Aggregated,272.500000,0.000000,52,72,92,110,170,210,250,280,1400,30000,31000,368665,57,52,90.50653467251962,4.077805999258999,30733.001639993745,224.02836450436033
1789526035,100,,Aggregated,270.100000,0.000000,52,72,92,110,170,210,250,280,1400,30000,31000,368938,57,52,90.47882705833075,4.077805999258999,30733.001639993745,224.02718071871155
1789526036,100,,Aggregated,267.300000,0.000000,52,72,92,110,170,210,250,280,1400,30000,31000,369199,57,52,90.4700197284376,4.077805999258999,30733.001639993745,224.02932293966126
1789526037,100,,Aggregated,269.100000,0.000000,52,72,92,110,170,210,250,280,1400,30000,31000,369478,57,52,90.43991202748067,4.077805999258999,30733.001639993745,224.0309815469392
1789526038,100,,Aggregated,265.100000,0.000000,52,72,92,110,170,210,250,280,1400,30000,31000,369760,57,52,90.42780782044402,4.077805999258999,30733.001639993745,224.02973820856772
1789526039,100,,Aggregated,269.600000,0.000000,52,72,92,110,170,210,250,280,1400,30000,31000,370023,57,52,90.4115213013068,4.077805999258999,30733.001639993745,224.03081970580206
1789526040,100,,Aggregated,269.300000,0.000000,52,72,92,110,170,210,250,280,1400,30000,31000,370309,57,52,90.38748384557357,4.077805999258999,30733.001639993745,224.03257549775998
1789526041,100,,Aggregated,270.400000,0.000000,52,72,92,110,170,210,250,280,1400,30000,31000,370572,57,52,90.3980011772786,4.077805999258999,30733.001639993745,224.03282762863896
1789526042,100,,Aggregated,267.400000,0.000000,52,72,92,110,170,210,250,280,1400,30000,31000,370843,57,52,90.36370907994072,4.077805999258999,30733.001639993745,224.03459685095848
1789526043,100,,Aggregated,270.600000,0.000000,52,72,92,110,170,210,250,280,1400,30000,31000,371103,57,52,90.35967747656967,4.077805999258999,30733.001639993745,224.03358097347638
1789526044,100,,Aggregated,265.400000,0.000000,52,72,92,110,170,210,250,280,1400,30000,31000,371380,57,52,90.33355196022298,4.077805999258999,30733.001639993745,224.03177338575045
1789526045,100,,Aggregated,267.100000,0.000000,52,72,92,110,170,210,250,280,1400,30000,31000,371658,57,52,90.3285080098579,4.077805999258999,30733.001639993745,224.03158548988586
1789526046,100,,Aggregated,271.600000,0.000000,52,72,92,110,170,210,250,280,1400,30000,31000,371881,57,52,90.30431758117736,4.077805999258999,30733.001639993745,224.03205595338295
1789526047,100,,Aggregated,269.100000,0.000000,52,72,92,110,170,210,250,280,1400,30000,31000,372180,57,52,90.31668642003291,4.077805999258999,30733.001639993745,224.03051749153636
1789526048,100,,Aggregated,272.700000,0.000000,52,72,92,110,170,210,250,280,1400,30000,31000,372432,57,52,90.3123188423223,4.077805999258999,30733.001639993745,224.03131578382093
1789526049,100,,Aggregated,268.800000,0.000000,52,72,92,110,170,210,250,280,1400,30000,31000,372720,57,52,90.2859214147936,4.077805999258999,30733.001639993745,224.0304437647564
1789526050,100,,Aggregated,269.000000,0.000000,52,72,92,110,170,210,250,280,1400,30000,31000,372978,57,52,90.28775405757425,4.077805999258999,30733.001639993745,224.0318571068535
1789526051,100,,Aggregated,266.400000,0.000000,52,72,92,110,170,210,250,280,1400,30000,31000,373260,57,52,90.25592158042092,4.077805999258999,30733.001639993745,224.03150618871564
1789526052,100,,Aggregated,269.300000,0.000000,52,72,92,110,170,210,250,280,1400,30000,31000,373528,57,52,90.24508577092189,4.077805999258999,30733.001639993745,224.03030562635197
1789526053,100,,Aggregated,265.400000,0.000000,52,72,92,110,170,210,250,280,1400,30000,31000,373820,57,52,90.2093755761086,4.077805999258999,30733.001639993745,224.0303702316623
1789526054,100,,Aggregated,269.300000,0.000000,52,72,92,110,170,210,250,280,1400,30000,31000,374059,57,52,90.22364581888658,4.077805999258999,30733.001639993745,224.03156453928392
1789526055,100,,Aggregated,270.400000,0.000000,52,72,92,110,170,210,250,280,1400,30000,31000,374334,57,52,90.19990086595358,4.077805999258999,30733.001639993745,224.0312100957968
1789526056,100,,Aggregated,265.600000,0.000000,52,72,92,110,170,210,250,280,1400,30000,31000,374609,57,52,90.19689355017337,4.077805999258999,30733.001639993745,224.03279953231237
1789526057,100,,Aggregated,269.700000,0.000000,52,72,92,110,170,210,250,280,1400,30000,31000,374861,57,52,90.189676435652,4.077805999258999,30733.001639993745,224.0322226105143
1789526058,100,,Aggregated,265.900000,0.000000,52,72,92,110,170,210,250,280,1400,30000,31000,375160,57,52,90.16621052869115,4.077805999258999,30733.001639993745,224.03360166329034
1789526059,100,,Aggregated,269.200000,0.000000,52,72,92,110,170,210,250,280,1400,30000,31000,375425,57,52,90.16109112325152,4.077805999258999,30733.001639993745,224.03556236265567
1789526060,100,,Aggregated,268.800000,0.000000,52,72,92,110,170,210,250,280,1400,30000,31000,375698,57,52,90.13003352711132,4.077805999258999,30733.001639993745,224.03619130258878
1789526061,100,,Aggregated,271.400000,0.000000,52,72,92,110,170,210,250,280,1400,30000,31000,375964,57,52,90.12720106111378,4.077805999258999,30733.001639993745,224.03731740273005
1789526062,100,,Aggregated,269.300000,0.000000,52,72,92,110,170,210,250,280,1400,30000,31000,376215,57,52,90.10392391194523,4.077805999258999,30733.001639993745,224.0379756256396
1789526063,100,,Aggregated,269.500000,0.000000,52,72,92,110,170,210,250,280,1400,30000,31000,376512,57,52,90.09780955777107,4.077805999258999,30733.001639993745,224.037199345572
1789526064,100,,Aggregated,269.700000,0.000000,52,72,92,110,170,210,250,280,1400,30000,31000,376762,57,52,90.07711839184819,4.077805999258999,30733.001639993745,224.0361129837935
1789526065,100,,Aggregated,269.900000,0.000000,52,72,92,110,170,210,250,280,1400,30000,31000,377049,57,52,90.06844269591352,4.077805999258999,30733.001639993745,224.03541184302304
1789526066,100,,Aggregated,273.500000,0.000000,52,72,92,110,170,210,250,280,1400,30000,31000,377282,57,52,90.04623744613451,4.077805999258999,30733.001639993745,224.03708631739653
1789526067,100,,Aggregated,269.400000,0.000000,52,72,92,110,170,210,250,280,1400,30000,31000,377587,57,52,90.039661860958,4.077805999258999,30733.001639993745,224.0361903349427
1789526068,100,,Aggregated,272.700000,0.000000,52,72,92,110,170,210,250,280,1400,30000,31000,377845,57,52,90.03022650905139,4.077805999258999,30733.001639993745,224.03668170810784
1789526069,100,,Aggregated,269.700000,0.000000,52,72,92,110,170,210,250,270,1400,30000,31000,378118,57,52,90.02051386760891,4.077805999258999,30733.001639993745,224.03646745195945
1789526070,100,,Aggregated,272.000000,0.000000,52,72,92,110,170,210,250,270,1400,30000,31000,378378,57,52,90.00947956543574,4.077805999258999,30733.001639993745,224.0385276099562
1789526071,100,,Aggregated,269.000000,0.000000,52,72,92,110,170,210,250,270,1400,30000,31000,378661,57,52,89.9922104336426,4.077805999258999,30733.001639993745,224.0380049701448
1789526072,100,,Aggregated,269.200000,0.000000,52,72,92,110,170,210,250,270,1400,30000,31000,378905,57,52,90.00183507296191,4.077805999258999,30733.001639993745,224.03824177564297
1789526073,100,,Aggregated,268.400000,0.000000,52,72,92,110,170,210,250,270,1400,30000,31000,379197,57,52,89.97347971650531,4.077805999258999,30733.001639993745,224.039741875595
1789526074,100,,Aggregated,269.900000,0.000000,52,72,92,110,170,210,250,270,1400,30000,31000,379473,57,52,89.94569912368902,4.077805999258999,30733.001639993745,224.0401504191339
1789526075,100,,Aggregated,268.200000,0.000000,52,72,92,110,170,210,250,270,1400,30000,31000,379761,57,52,89.91042693372825,4.077805999258999,30733.001639993745,224.0391588393753
1789526076,100,,Aggregated,268.100000,0.000000,52,72,92,110,170,210,250,270,1400,30000,31000,380017,57,52,89.90838395132185,4.077805999258999,30733.001639993745,224.03937192283504
1789526077,100,,Aggregated,270.000000,0.000000,52,72,92,110,170,210,250,270,1400,30000,31000,380290,57,52,89.88543319706152,4.077805999258999,30733.001639993745,224.03929106734336
1789526078,100,,Aggregated,269.200000,0.000000,52,72,92,110,170,210,250,270,1400,30000,31000,380544,57,52,89.89223160342435,4.077805999258999,30733.001639993745,224.04043159266735
1789526079,100,,Aggregated,270.100000,0.000000,52,72,92,110,170,210,250,270,1400,30000,31000,380812,57,52,89.88083247939278,4.077805999258999,30733.001639993745,224.03937638519795
1789526080,100,,Aggregated,267.100000,0.000000,52,72,92,110,170,210,250,270,1400,30000,31000,381068,57,52,89.88439428843807,4.077805999258999,30733.001639993745,224.0386650151679
1789526081,100,,Aggregated,268.700000,0.000000,52,72,92,110,170,210,250,270,1400,30000,31000,381355,57,52,89.85801987848963,4.077805999258999,30733.001639993745,224.036907867997
1789526082,100,,Aggregated,268.900000,0.000000,52,72,92,110,170,210,250,270,1400,30000,31000,381593,57,52,89.86976188775061,4.077805999258999,30733.001639993745,224.03679836894284
1789526083,100,,Aggregated,269.000000,0.000000,52,72,92,110,170,210,250,270,1400,30000,31000,381854,57,52,89.84303043005069,4.077805999258999,30733.001639993745,224.03790715823325
1789526084,100,,Aggregated,265.200000,0.000000,52,72,92,110,170,210,250,270,1400,30000,31000,382152,57,52,89.82205281419068,4.077805999258999,30733.001639993745,224.03706640289727
1789526085,100,,Aggregated,268.400000,0.000000,52,72,92,110,170,210,250,270,1400,30000,31000,382422,57,52,89.8320053122404,4.077805999258999,30733.001639993745,224.0382561672707
1789526086,100,,Aggregated,266.400000,0.000000,52,72,92,110,170,210,250,270,1400,30000,31000,382696,57,52,89.8040245804204,4.077805999258999,30733.001639993745,224.03736386061
1789526087,100,,Aggregated,267.500000,0.000000,52,72,92,110,170,210,250,270,1400,30000,31000,382955,57,52,89.80922439612362,4.077805999258999,30733.001639993745,224.03703046049796
1789526088,100,,Aggregated,264.800000,0.000000,52,72,92,110,170,210,250,270,1400,30000,31000,383179,57,52,89.79514415384612,4.077805999258999,30733.001639993745,224.036823521122
1789526089,100,,Aggregated,267.900000,0.000000,52,72,92,110,170,210,250,270,1400,30000,31000,383466,57,52,89.81073521004357,4.077805999258999,30733.001639993745,224.03843887072125
1789526090,100,,Aggregated,267.000000,0.000000,52,72,92,110,170,210,250,270,1400,30000,31000,383728,57,52,89.77514066041473,4.077805999258999,30733.001639993745,224.03887388983864
1789526091,100,,Aggregated,265.500000,0.000000,52,72,92,110,170,210,250,270,1400,30000,31000,384014,57,52,89.76954844706609,4.077805999258999,30733.001639993745,224.03850380454878
1789526092,100,,Aggregated,264.800000,0.000000,52,72,92,110,170,210,250,270,1400,30000,31000,384270,57,52,89.78363305536897,4.077805999258999,30733.001639993745,224.03867072631223
1789526093,100,,Aggregated,265.400000,0.000000,52,72,92,110,170,210,250,270,1400,30000,31000,384553,57,52,89.7550024010726,4.077805999258999,30733.001639993745,224.03673875902672
1789526094,100,,Aggregated,268.300000,0.000000,52,72,92,110,170,210,250,270,1400,30000,31000,384787,57,52,89.76196463721652,4.077805999258999,30733.001639993745,224.03635257947903
1789526095,100,,Aggregated,265.400000,0.000000,52,72,92,110,170,210,250,270,1400,30000,31000,385078,57,52,89.73310217901225,4.077805999258999,30733.001639993745,224.0355148826991
1789526096,100,,Aggregated,267.900000,0.000000,52,72,92,110,170,210,250,270,1400,30000,31000,385339,57,52,89.72248001267873,4.077805999258999,30733.001639993745,224.03587750007136
1789526097,100,,Aggregated,263.100000,0.000000,52,72,92,110,170,210,250,270,1400,30000,31000,385624,57,52,89.69105877802649,4.077805999258999,30733.001639993745,224.0355657324233
1789526098,100,,Aggregated,267.000000,0.000000,52,72,92,110,170,210,250,270,1400,30000,31000,385882,57,52,89.68693550160566,4.077805999258999,30733.001639993745,224.03568189239198
1789526099,100,,Aggregated,263.600000,0.000000,52,72,92,110,170,210,250,270,1400,30000,31000,386135,57,52,89.65390363729973,4.077805999258999,30733.001639993745,224.0354332034133
1789526100,100,,Aggregated,264.500000,0.000000,52,72,92,110,170,210,250,270,1400,30000,31000,386412,57,52,89.66767662230914,4.077805999258999,30733.001639993745,224.0356743579392
1789526101,100,,Aggregated,267.600000,0.000000,52,72,92,110,170,210,250,270,1400,30000,31000,386679,57,52,89.65759795432054,4.077805999258999,30733.001639993745,224.03375668189895
1789526102,100,,Aggregated,263.100000,0.000000,52,72,92,110,170,210,250,270,1400,30000,31000,386968,57,52,89.63696205730896,4.077805999258999,30733.001639993745,224.03239285935788
1789526103,100,,Aggregated,269.000000,0.000000,52,72,92,110,170,210,250,270,1400,30000,31000,387214,57,52,89.63900896415849,4.077805999258999,30733.001639993745,224.03260212698922
1789526104,100,,Aggregated,266.500000,0.000000,52,72,92,110,170,210,250,270,1400,30000,31000,387503,57,52,89.61556027768229,4.077805999258999,30733.001639993745,224.03437650805284
1789526105,100,,Aggregated,270.200000,0.000000,52,72,92,110,170,210,250,270,1400,30000,31000,387751,57,52,89.62326504196423,4.077805999258999,30733.001639993745,224.03561306095924
1789526106,100,,Aggregated,264.500000,0.000000,52,72,92,110,170,210,250,270,1400,30000,31000,388032,57,52,89.59636994912445,4.077805999258999,30733.001639993745,224.03467239815274
1789526107,100,,Aggregated,270.000000,0.000000,52,72,92,110,170,210,250,270,1400,30000,31000,388295,57,52,89.59331270879275,4.077805999258999,30733.001639993745,224.03442743275087
1789526108,100,,Aggregated,266.100000,0.000000,52,72,92,110,170,210,250,270,1400,30000,31000,388586,57,52,89.56339603134353,4.077805999258999,30733.001639993745,224.03398732841637
1789526109,100,,Aggregated,268.300000,0.000000,52,72,92,110,170,210,250,270,1400,30000,31000,388840,57,52,89.55384461703967,4.077805999258999,30733.001639993745,224.03285155848164
1789526110,100,,Aggregated,268.600000,0.000000,52,72,92,110,170,210,250,270,1400,30000,31000,389109,57,52,89.53200392732802,4.077805999258999,30733.001639993745,224.0317109087685
1789526111,100,,Aggregated,268.000000,0.000000,52,72,92,110,170,210,250,270,1400,30000,31000,389399,57,52,89.53170621095494,4.077805999258999,30733.001639993745,224.03282494305327
1789526112,100,,Aggregated,273.300000,0.000000,52,72,92,110,170,210,250,270,1400,30000,31000,389679,57,52,89.49953219704807,4.077805999258999,30733.001639993745,224.03248571259934
1789526113,100,,Aggregated,268.000000,0.000000,52,72,92,110,170,210,250,270,1400,30000,31000,389940,57,52,89.50189728678367,4.077805999258999,30733.001639993745,224.03250756526646
1789526114,100,,Aggregated,270.400000,0.000000,52,72,92,110,170,210,250,270,1400,30000,31000,390190,57,52,89.49031071283329,4.077805999258999,30733.001639993745,224.03268151413414
1789526115,100,,Aggregated,265.700000,0.000000,52,72,92,110,170,210,250,270,1400,30000,31000,390495,57,52,89.47058031948028,4.077805999258999,30733.001639993745,224.03260989257225
1789526116,100,,Aggregated,272.900000,0.000000,52,72,92,110,170,210,250,270,1400,30000,31000,390751,57,52,89.47512335477957,4.077805999258999,30733.001639993745,224.03215090940267
1789526117,100,,Aggregated,269.800000,0.000000,52,72,92,110,170,210,250,270,1400,30000,31000,391037,57,52,89.45194772808313,4.077805999258999,30733.001639993745,224.0312067656002
1789526118,100,,Aggregated,273.300000,0.000000,52,72,92,110,170,210,250,270,1400,30000,31000,391293,57,52,89.45159486307294,4.077805999258999,30733.001639993745,224.0301436519437
1789526119,100,,Aggregated,270.100000,0.000000,52,72,92,110,170,210,250,270,1400,30000,31000,391576,57,52,89.41592301304038,4.077805999258999,30733.001639993745,224.0330178560484
1789526120,100,,Aggregated,272.900000,0.000000,52,72,92,110,170,210,250,270,1400,30000,31000,391836,57,52,89.42309790083672,4.077805999258999,30733.001639993745,224.0316918302555
1789526121,100,,Aggregated,269.900000,0.000000,52,72,92,110,170,210,250,270,1400,30000,31000,392106,57,52,89.39110560846899,4.077805999258999,30733.001639993745,224.03226933533278
1789526122,100,,Aggregated,272.000000,0.000000,52,72,92,110,170,210,250,270,1400,30000,31000,392360,57,52,89.39679721672037,4.077805999258999,30733.001639993745,224.0325033132837
1789526123,100,,Aggregated,272.000000,0.000000,52,72,92,110,170,210,250,270,1400,30000,31000,392632,57,52,89.40749327852915,4.077805999258999,30733.001639993745,224.03277114448136
1789526124,100,,Aggregated,266.800000,0.000000,52,72,92,110,170,210,250,270,1400,30000,31000,392883,57,52,89.39730126089567,4.077805999258999,30733.001639993745,224.03440718992678
1789526125,100,,Aggregated,272.000000,0.000000,52,72,92,110,170,210,250,270,1400,30000,31000,393146,57,52,89.40252165723811,4.077805999258999,30733.001639993745,224.03440960864413
1789526126,100,,Aggregated,267.200000,0.000000,52,72,92,110,170,210,250,270,1400,30000,31000,393420,57,52,89.37705157064089,4.077805999258999,30733.001639993745,224.03369681256672
1789526127,100,,Aggregated,267.200000,0.000000,52,72,92,110,170,210,250,270,1400,30000,31000,393690,57,52,89.36831401323009,4.077805999258999,30733.001639993745,224.03392770961923
1789526128,100,,Aggregated,263.800000,0.000000,52,72,92,110,170,210,250,270,1400,30000,31000,393949,57,52,89.35808728165455,4.077805999258999,30733.001639993745,224.0339612487911
1789526129,100,,Aggregated,267.200000,0.000000,52,72,92,110,170,210,250,270,1400,30000,31000,394250,57,52,89.32913020248438,4.077805999258999,30733.001639993745,224.0346328471782
1789526130,100,,Aggregated,264.500000,0.000000,52,72,92,110,170,210,250,270,1400,30000,31000,394501,57,52,89.31149335579263,4.077805999258999,30733.001639993745,224.03635732228815
1789526131,100,,Aggregated,266.400000,0.000000,52,72,92,110,170,210,250,270,1400,30000,31000,394785,57,52,89.29653922449812,4.077805999258999,30733.001639993745,224.03579163342073
1789526132,100,,Aggregated,265.900000,0.000000,52,72,92,110,170,210,250,270,1400,30000,31000,395056,57,52,89.29583112575048,4.077805999258999,30733.001639993745,224.03608096067393
1789526133,100,,Aggregated,266.100000,0.000000,52,72,92,110,170,210,250,270,1400,30000,31000,395334,57,52,89.26462773208081,4.077805999258999,30733.001639993745,224.03449994182134
1789526134,100,,Aggregated,270.800000,0.000000,52,72,92,110,170,210,250,270,1400,30000,31000,395594,57,52,89.2765763523876,4.077805999258999,30733.001639993745,224.03329929169806
1789526135,100,,Aggregated,267.900000,0.000000,52,72,92,110,170,210,250,270,1400,30000,31000,395875,57,52,89.24013002319471,4.077805999258999,30733.001639993745,224.03497063467003
1789526136,100,,Aggregated,270.200000,0.000000,52,72,92,110,170,210,250,270,1400,30000,31000,396117,57,52,89.24791396292527,4.077805999258999,30733.001639993745,224.03423988367072
1789526137,100,,Aggregated,269.300000,0.000000,52,72,92,110,170,210,250,270,1400,30000,31000,396403,57,52,89.21829682508242,4.077805999258999,30733.001639993745,224.03455826519982
1789526138,100,,Aggregated,272.800000,0.000000,52,72,92,110,170,210,250,270,1400,30000,31000,396673,57,52,89.21436647250808,4.077805999258999,30733.001639993745,224.03397004585642
1789526139,100,,Aggregated,268.900000,0.000000,52,72,92,110,170,210,250,270,1400,30000,31000,396924,57,52,89.19272436854986,4.077805999258999,30733.001639993745,224.03404682004614
1789526140,100,,Aggregated,270.600000,0.000000,52,72,92,110,170,210,250,270,1300,30000,31000,397211,57,52,89.20209742082223,4.077805999258999,30733.001639993745,224.0364138958891
1789526141,100,,Aggregated,271.100000,0.000000,52,72,92,110,170,210,250,270,1300,30000,31000,397495,57,52,89.17431405855996,4.077805999258999,30733.001639993745,224.0376633668348
1789526142,100,,Aggregated,267.000000,0.000000,52,72,92,110,170,210,250,270,1300,30000,31000,397749,57,52,89.17031807748681,4.077805999258999,30733.001639993745,224.03477067195644
1789526143,100,,Aggregated,269.300000,0.000000,52,72,92,110,170,210,250,270,1300,30000,31000,398042,57,52,89.13735503285915,4.077805999258999,30733.001639993745,224.0352475366921
1789526144,100,,Aggregated,269.800000,0.000000,52,72,92,110,170,210,250,270,1300,30000,31000,398286,57,52,89.1404923032403,4.077805999258999,30733.001639993745,224.03543182537172
1789526145,100,,Aggregated,267.900000,0.000000,52,72,92,110,170,210,250,270,1300,30000,31000,398557,57,52,89.13572872831342,4.077805999258999,30733.001639993745,224.0351392648981
1789526146,100,,Aggregated,269.000000,0.000000,52,72,92,110,170,210,250,270,1300,30000,31000,398834,57,52,89.11640860279567,4.077805999258999,30733.001639993745,224.03389129311944
1789526147,100,,Aggregated,268.900000,0.000000,52,72,92,110,170,210,250,270,1300,30000,31000,399094,57,52,89.09066614752008,4.077805999258999,30733.001639993745,224.03284188687377
1789526148,100,,Aggregated,266.700000,0.000000,52,72,92,110,170,210,250,270,1300,30000,31000,399369,57,52,89.10280689635506,4.077805999258999,30733.001639993745,224.03354291394675
1789526149,100,,Aggregated,270.700000,0.000000,52,72,92,110,170,210,250,270,1300,30000,31000,399622,57,52,89.08413013646255,4.077805999258999,30733.001639993745,224.0340997242394
1789526150,100,,Aggregated,266.800000,0.000000,52,72,92,110,170,210,250,270,1300,30000,31000,399915,57,52,89.05559696076027,4.077805999258999,30733.001639993745,224.03430228923645
1789526151,100,,Aggregated,268.900000,0.000000,52,72,92,110,170,210,250,270,1300,30000,31000,400159,57,52,89.04055183524406,4.077805999258999,30733.001639993745,224.03461374103793
1789526152,100,,Aggregated,268.900000,0.000000,52,72,92,110,170,210,250,270,1300,30000,31000,400459,57,52,89.02680542173688,4.077805999258999,30733.001639993745,224.03474512996337
1789526153,100,,Aggregated,270.200000,0.000000,52,72,92,110,170,210,250,270,1300,30000,31000,400716,57,52,89.01775101432004,4.077805999258999,30733.001639993745,224.0347677656994
1789526154,100,,Aggregated,265.500000,0.000000,52,72,92,110,170,210,250,270,1300,30000,31000,400968,57,52,88.99026428334527,4.077805999258999,30733.001639993745,224.03581831966642
1789526155,100,,Aggregated,271.500000,0.000000,52,72,92,110,170,210,250,270,1300,30000,31000,401265,57,52,88.99046046155121,4.077805999258999,30733.001639993745,224.03600613061195
1789526156,100,,Aggregated,267.800000,0.000000,52,72,92,110,170,210,250,270,1300,30000,31000,401511,57,52,88.99137324643996,4.077805999258999,30733.001639993745,224.03519206198584
1789526157,100,,Aggregated,265.900000,0.000000,52,72,92,110,170,210,250,270,1300,30000,31000,401770,57,52,88.99759573458054,4.077805999258999,30733.001639993745,224.0356920626229
1789526158,100,,Aggregated,271.500000,0.000000,52,72,92,110,170,210,250,270,1300,30000,31000,402051,57,52,88.97809489143548,4.077805999258999,30733.001639993745,224.03678886509422
1789526159,100,,Aggregated,268.200000,0.000000,52,72,92,110,170,210,250,270,1300,30000,31000,402334,57,52,88.95552624437282,4.077805999258999,30733.001639993745,224.03673564749687
1789526160,100,,Aggregated,269.500000,0.000000,52,72,92,110,170,210,250,270,1300,30000,31000,402602,57,52,88.94581293053538,4.077805999258999,30733.001639993745,224.03800030799647
1789526161,100,,Aggregated,267.800000,0.000000,52,72,92,110,170,210,250,270,1300,30000,31000,402878,57,52,88.91274198599916,4.077805999258999,30733.001639993745,224.0400989877829
1789526162,100,,Aggregated,270.700000,0.000000,52,72,92,110,170,210,250,270,1300,30000,31000,403143,57,52,88.92233606091463,4.077805999258999,30733.001639993745,224.04007014880577
1789526163,100,,Aggregated,267.700000,0.000000,52,72,92,110,170,210,250,270,1300,30000,31000,403396,57,52,88.91426523853313,4.077805999258999,30733.001639993745,224.04028299735248
1789526164,100,,Aggregated,269.700000,0.000000,52,72,92,110,170,210,250,270,1300,30000,31000,403691,57,52,88.89651642760465,4.077805999258999,30733.001639993745,224.0393246319586
1789526165,100,,Aggregated,267.700000,0.000000,52,72,92,110,170,210,250,270,1300,30000,31000,403950,57,52,88.90330437403692,4.077805999258999,30733.001639993745,224.04007921772498
1789526166,100,,Aggregated,267.000000,0.000000,52,72,92,110,170,210,250,270,1300,30000,31000,404225,57,52,88.86789838966983,4.077805999258999,30733.001639993745,224.04044529655513
1789526167,100,,Aggregated,273.300000,0.000000,52,72,92,110,170,210,250,270,1300,30000,31000,404493,57,52,88.86294886800574,4.077805999258999,30733.001639993745,224.04124175202043
1789526168,100,,Aggregated,267.400000,0.000000,52,72,92,110,170,210,250,270,1300,30000,31000,404733,57,52,88.83997929543973,4.077805999258999,30733.001639993745,224.03968295147666
1789526169,100,,Aggregated,268.800000,0.000000,52,72,92,110,170,210,250,270,1300,30000,31000,405024,57,52,88.85213142301485,4.077805999258999,30733.001639993745,224.0395927154934
1789526170,100,,Aggregated,270.400000,0.000000,52,72,92,110,170,210,250,270,1300,30000,31000,405262,57,52,88.83146353480016,4.077805999258999,30733.001639993745,224.03907842334095
1789526171,100,,Aggregated,267.100000,0.000000,52,72,92,110,170,210,250,270,1300,30000,31000,405569,57,52,88.81346917118734,4.077805999258999,30733.001639993745,224.0380896962046
1789526172,100,,Aggregated,268.700000,0.000000,52,72,92,110,170,210,250,270,1300,30000,31000,405826,57,52,88.81531338352964,4.077805999258999,30733.001639993745,224.0391349987433
1789526173,100,,Aggregated,265.600000,0.000000,52,72,91,110,170,210,250,270,1300,30000,31000,406109,57,52,88.78564585873069,4.077805999258999,30733.001639993745,224.03907571612547
1789526174,100,,Aggregated,270.000000,0.000000,52,72,92,110,170,210,250,270,1300,30000,31000,406356,57,52,88.79356777712478,4.077805999258999,30733.001639993745,224.0385253324671
1789526175,100,,Aggregated,267.500000,0.000000,52,72,91,110,170,210,250,270,1300,30000,31000,406644,57,52,88.76670859994339,4.077805999258999,30733.001639993745,224.03862592341213
1789526176,100,,Aggregated,271.300000,0.000000,52,72,92,110,170,210,250,270,1300,30000,31000,406898,57,52,88.77314657103835,4.077805999258999,30733.001639993745,224.03797266145324
1789526177,100,,Aggregated,265.900000,0.000000,52,72,92,110,170,210,250,270,1300,30000,31000,407170,57,52,88.74900579367194,4.077805999258999,30733.001639993745,224.03755188250608
1789526178,100,,Aggregated,269.000000,0.000000,52,72,92,110,170,210,250,270,1300,30000,31000,407436,57,52,88.74172852109643,4.077805999258999,30733.001639993745,224.03691622733388
1789526179,100,,Aggregated,267.300000,0.000000,52,72,91,110,170,210,250,270,1300,30000,31000,407704,57,52,88.7218956034145,4.077805999258999,30733.001639993745,224.0360040617703
1789526180,100,,Aggregated,267.600000,0.000000,52,72,92,110,170,210,250,270,1300,30000,31000,407972,57,52,88.73042234172324,4.077805999258999,30733.001639993745,224.03706381810517
1789526181,100,,Aggregated,269.700000,0.000000,52,72,92,110,170,210,250,270,1300,30000,31000,408227,57,52,88.72623618318374,4.077805999258999,30733.001639993745,224.03566153145186
1789526182,100,,Aggregated,266.600000,0.000000,52,72,91,110,170,210,250,270,1300,30000,31000,408511,57,52,88.70140044061387,4.077805999258999,30733.001639993745,224.03674319663364
1789526184,100,,Aggregated,269.900000,0.000000,52,72,92,110,170,210,250,270,1300,30000,31000,408772,57,52,88.69759314071818,4.077805999258999,30733.001639993745,224.03799428532287
1789526185,100,,Aggregated,267.700000,0.000000,52,72,92,110,170,210,250,270,1300,30000,31000,409035,57,52,88.68994238269983,4.077805999258999,30733.001639993745,224.03801630667303
1789526186,100,,Aggregated,265.100000,0.000000,52,72,92,110,170,210,250,270,1300,30000,31000,409302,57,52,88.68479605745516,4.077805999258999,30733.001639993745,224.0390127583056
1789526187,100,,Aggregated,267.000000,0.000000,52,72,92,110,170,210,250,270,1300,30000,31000,409581,57,52,88.66218739119145,4.077805999258999,30733.001639993745,224.03831964861652
1789526188,100,,Aggregated,264.800000,0.000000,52,72,92,110,170,210,250,270,1300,30000,31000,409828,57,52,88.67990582100676,4.077805999258999,30733.001639993745,224.03622007281103
1789526189,100,,Aggregated,267.600000,0.000000,52,72,92,110,170,210,250,270,1300,30000,31000,410087,57,52,88.67332445220555,4.077805999258999,30733.001639993745,224.0362484058261
1789526190,100,,Aggregated,263.500000,0.000000,52,72,92,110,170,210,250,270,1300,30000,31000,410378,57,52,88.64322359592288,4.077805999258999,30733.001639993745,224.0355355306571
1789526191,100,,Aggregated,263.100000,0.000000,52,72,92,110,170,210,250,270,1300,30000,31000,410648,57,52,88.63959916894414,4.077805999258999,30733.001639993745,224.0358920535349
1789526192,100,,Aggregated,266.100000,0.000000,52,72,92,110,170,210,250,270,1300,30000,31000,410928,57,52,88.61658570280319,4.077805999258999,30733.001639993745,224.03397432153565
1789526193,100,,Aggregated,266.600000,0.000000,52,72,92,110,170,210,250,270,1300,30000,31000,411184,57,52,88.61932914756778,4.077805999258999,30733.001639993745,224.03700289894547
1789526194,100,,Aggregated,268.300000,0.000000,52,72,92,110,170,210,250,270,1300,30000,31000,411464,57,52,88.59455897768588,4.077805999258999,30733.001639993745,224.03725963875334
1789526195,100,,Aggregated,266.000000,0.000000,52,72,92,110,170,210,250,270,1300,30000,31000,411716,57,52,88.59101966989986,4.077805999258999,30733.001639993745,224.0363794460259
1789526196,100,,Aggregated,268.200000,0.000000,52,72,92,110,170,210,250,270,1300,30000,31000,411991,57,52,88.56836123978562,4.077805999258999,30733.001639993745,224.03727023163128
1789526197,100,,Aggregated,266.700000,0.000000,52,72,92,110,170,210,250,270,1300,30000,31000,412266,57,52,88.55135442921188,4.077805999258999,30733.001639993745,224.03686697423507
1789526198,100,,Aggregated,268.000000,0.000000,52,72,92,110,170,210,250,270,1300,30000,31000,412497,57,52,88.56883617783777,4.077805999258999,30733.001639993745,224.03703784512373
1789526199,100,,Aggregated,267.300000,0.000000,52,72,92,110,170,210,250,270,1300,30000,31000,412771,57,52,88.54935086955854,4.077805999258999,30733.001639993745,224.0374444910132
1789526200,100,,Aggregated,265.300000,0.000000,52,72,92,110,170,210,250,270,1300,30000,31000,413039,57,52,88.54824695214835,4.077805999258999,30733.001639993745,224.03777367270402
1789526201,100,,Aggregated,267.900000,0.000000,52,72,92,110,170,210,250,270,1300,30000,31000,413320,57,52,88.52294224653606,4.077805999258999,30733.001639993745,224.03837946385366
1789526202,100,,Aggregated,265.200000,0.000000,52,72,92,110,170,210,250,270,1300,30000,31000,413579,57,52,88.53166726115273,4.077805999258999,30733.001639993745,224.03853435498417
1789526203,100,,Aggregated,266.500000,0.000000,52,72,92,110,170,210,250,270,1300,30000,31000,413822,57,52,88.53790271883415,4.077805999258999,30733.001639993745,224.0390119423327
1789526204,100,,Aggregated,264.600000,0.000000,52,72,92,110,170,210,250,270,1300,30000,31000,414126,57,52,88.51235223566819,4.077805999258999,30733.001639993745,224.04061324331244
1789526205,100,,Aggregated,261.700000,0.000000,52,72,92,110,170,210,250,270,1300,30000,31000,414376,57,52,88.51894306092848,4.077805999258999,30733.001639993745,224.03954862250708
1789526206,100,,Aggregated,264.500000,0.000000,52,72,92,110,170,210,250,270,1300,30000,31000,414661,57,52,88.49558593636304,4.077805999258999,30733.001639993745,224.0396347860059
1789526207,100,,Aggregated,265.100000,0.000000,52,72,92,110,170,210,250,270,1300,30000,31000,414936,57,52,88.4934759261143,4.077805999258999,30733.001639993745,224.0403917712611
1789526208,100,,Aggregated,265.200000,0.000000,52,72,92,110,170,210,250,270,1300,30000,31000,415198,57,52,88.46686952671044,4.077805999258999,30733.001639993745,224.03947514198046
1789526209,100,,Aggregated,265.200000,0.000000,52,72,92,110,170,210,250,270,1300,30000,31000,415449,57,52,88.4855588545191,4.077805999258999,30733.001639993745,224.04092439745912
1789526210,100,,Aggregated,272.000000,0.000000,52,72,92,110,170,210,250,270,1300,30000,31000,415731,57,52,88.45918960820842,4.077805999258999,30733.001639993745,224.04026642227788
1789526211,100,,Aggregated,266.100000,0.000000,52,72,92,110,170,210,250,270,1300,30000,31000,415974,57,52,88.46274483785062,4.077805999258999,30733.001639993745,224.03986306836484
1789526212,100,,Aggregated,268.600000,0.000000,52,72,92,110,170,210,250,270,1300,30000,31000,416235,57,52,88.43962171128099,4.077805999258999,30733.001639993745,224.04065732098454
1789526213,100,,Aggregated,264.700000,0.000000,52,72,92,110,170,210,250,270,1300,30000,31000,416523,57,52,88.42713108393068,4.077805999258999,30733.001639993745,224.040077018556
1789526214,100,,Aggregated,266.800000,0.000000,52,72,92,110,170,210,250,270,1300,30000,31000,416804,57,52,88.40540589460295,4.077805999258999,30733.001639993745,224.0402851220238
1789526215,100,,Aggregated,271.000000,0.000000,52,72,92,110,170,210,250,270,1300,30000,31000,417051,57,52,88.38682548823787,4.077805999258999,30733.001639993745,224.04104773756686
1789526216,100,,Aggregated,267.700000,0.000000,52,72,92,110,170,210,250,270,1300,30000,31000,417339,57,52,88.38442437207402,4.077805999258999,30733.001639993745,224.04122787470138
1789526217,100,,Aggregated,267.800000,0.000000,52,72,92,110,170,210,250,270,1300,30000,31000,417615,57,52,88.36544970550646,4.077805999258999,30733.001639993745,224.0403912694707
1789526218,100,,Aggregated,268.200000,0.000000,52,72,92,110,170,210,250,270,1300,30000,31000,417887,57,52,88.35676646706905,4.077805999258999,30733.001639993745,224.0405205234908
1789526219,100,,Aggregated,269.100000,0.000000,52,72,92,110,170,210,250,270,1300,30000,31000,418143,57,52,88.3390606880809,4.077805999258999,30733.001639993745,224.04059855121335
1789526220,100,,Aggregated,267.000000,0.000000,52,72,92,110,170,210,250,270,1300,30000,31000,418437,57,52,88.31168312400739,4.077805999258999,30733.001639993745,224.04182230538888
1789526221,100,,Aggregated,269.900000,0.000000,52,72,92,110,170,210,250,270,1300,30000,31000,418689,57,52,88.32429108209001,4.077805999258999,30733.001639993745,224.04337825928076
1789526222,100,,Aggregated,270.600000,0.000000,52,72,92,110,170,210,250,270,1300,30000,31000,418964,57,52,88.29240432290877,4.077805999258999,30733.001639993745,224.04477950372825
1789526223,100,,Aggregated,269.500000,0.000000,52,72,92,110,170,210,250,270,1300,30000,31000,419221,57,52,88.2951558746486,4.077805999258999,30733.001639993745,224.04375973531862
1789526224,100,,Aggregated,271.000000,0.000000,52,72,92,110,170,210,250,270,1300,30000,31000,419510,57,52,88.266575827239,4.077805999258999,30733.001639993745,224.0428213868561
1789526225,100,,Aggregated,269.500000,0.000000,52,72,92,110,170,210,250,270,1300,30000,31000,419788,57,52,88.24734647731003,4.077805999258999,30733.001639993745,224.04249287735715
1789526226,100,,Aggregated,269.700000,0.000000,52,72,92,110,170,210,250,270,1300,30000,31000,420031,57,52,88.21584539751821,4.077805999258999,30733.001639993745,224.04200404255877
1789526227,100,,Aggregated,272.100000,0.000000,52,72,92,110,170,210,250,270,1300,30000,31000,420326,57,52,88.21629314763302,4.077805999258999,30733.001639993745,224.04303088555073
1789526228,100,,Aggregated,271.300000,0.000000,52,72,92,110,170,210,250,270,1300,30000,31000,420601,57,52,88.20425175436829,4.077805999258999,30733.001639993745,224.04392048521044
1789526229,100,,Aggregated,269.200000,0.000000,52,72,91,110,170,210,250,270,1300,30000,31000,420882,57,52,88.17816827129002,4.077805999258999,30733.001639993745,224.04226600329784
1789526230,100,,Aggregated,269.300000,0.000000,52,72,92,110,170,210,250,270,1300,30000,31000,421129,57,52,88.18886201512132,4.077805999258999,30733.001639993745,224.04211773589566
1789526231,100,,Aggregated,273.700000,0.000000,52,72,91,110,170,210,250,270,1300,30000,31000,421407,57,52,88.16141937283884,4.077805999258999,30733.001639993745,224.04421853457583
1789526232,100,,Aggregated,268.300000,0.000000,52,72,92,110,170,210,250,270,1300,30000,31000,421648,57,52,88.18544594388445,4.077805999258999,30733.001639993745,224.0439964140705
1789526233,100,,Aggregated,272.600000,0.000000,52,72,91,110,170,210,250,270,1300,30000,31000,421940,57,52,88.15704434703262,4.077805999258999,30733.001639993745,224.0435867658909
1789526234,100,,Aggregated,268.800000,0.000000,52,72,92,110,170,210,250,270,1300,30000,31000,422190,57,52,88.1601751128398,4.077805999258999,30733.001639993745,224.04339989104432
1789526235,100,,Aggregated,270.300000,0.000000,52,72,92,110,170,210,250,270,1300,30000,31000,422446,57,52,88.16564674773798,4.077805999258999,30733.001639993745,224.04208111806005
1789526236,100,,Aggregated,267.100000,0.000000,52,72,91,110,170,210,250,270,1300,30000,31000,422739,57,52,88.13820888169282,4.077805999258999,30733.001639993745,224.04295558252255
1789526237,100,,Aggregated,263.800000,0.000000,52,72,92,110,170,210,250,270,1300,30000,31000,422975,57,52,88.15096327441096,4.077805999258999,30733.001639993745,224.04362669188487
1789526238,100,,Aggregated,266.500000,0.000000,52,72,91,110,170,210,250,270,1300,30000,31000,423258,57,52,88.11807533889016,4.077805999258999,30733.001639993745,224.04400625623143
1789526239,100,,Aggregated,263.500000,0.000000,52,72,91,110,170,210,250,270,1300,30000,31000,423501,57,52,88.12547578529912,4.077805999258999,30733.001639993745,224.04474369600072
1789526240,100,,Aggregated,266.500000,0.000000,52,72,91,110,170,210,250,270,1300,30000,31000,423790,57,52,88.09619296589801,4.077805999258999,30733.001639993745,224.04445362089714
1789526241,100,,Aggregated,261.100000,0.000000,52,72,91,110,170,210,250,270,1300,30000,31000,424039,57,52,88.10518710102826,4.077805999258999,30733.001639993745,224.04565146130426
1789526242,100,,Aggregated,264.700000,0.000000,52,72,91,110,170,210,250,270,1300,30000,31000,424297,57,52,88.07980295871478,4.077805999258999,30733.001639993745,224.04532202678783
1789526243,100,,Aggregated,261.900000,0.000000,52,72,91,110,170,210,250,270,1300,30000,31000,424588,57,52,88.08520877431258,4.077805999258999,30733.001639993745,224.04684305726963
1789526244,100,,Aggregated,266.000000,0.000000,52,72,92,110,170,210,250,270,1300,30000,31000,424840,57,52,88.08879771522184,4.077805999258999,30733.001639993745,224.0445979662932
1789526245,100,,Aggregated,263.600000,0.000000,52,72,91,110,170,210,250,270,1300,30000,31000,425124,57,52,88.0616877935848,4.077805999258999,30733.001639993745,224.04406949501794
1789526246,100,,Aggregated,264.700000,0.000000,52,72,91,110,170,210,250,270,1300,30000,31000,425367,57,52,88.06568211560344,4.077805999258999,30733.001639993745,224.04417126857513
1789526247,100,,Aggregated,269.100000,0.000000,52,72,92,110,170,210,250,270,1300,30000,31000,425655,57,52,88.05146683815754,4.077805999258999,30733.001639993745,224.04466528056759
1789526248,100,,Aggregated,262.500000,0.000000,52,72,92,110,170,210,250,270,1300,30000,31000,425923,57,52,88.05157755432289,4.077805999258999,30733.001639993745,224.04395395411848
1789526249,100,,Aggregated,269.000000,0.000000,52,72,91,110,170,210,250,270,1300,30000,31000,426214,57,52,88.01578470066671,4.077805999258999,30733.001639993745,224.04529649424936
1789526250,100,,Aggregated,265.900000,0.000000,52,72,92,110,170,210,250,270,1300,30000,31000,426434,57,52,88.02937962315852,4.077805999258999,30733.001639993745,224.04577965171632
1789526251,100,,Aggregated,270.700000,0.000000,52,72,92,110,170,210,250,270,1300,30000,31000,426718,57,52,88.01992173710943,4.077805999258999,30733.001639993745,224.044912565207
1789526252,100,,Aggregated,267.100000,0.000000,52,72,91,110,170,210,250,270,1300,30000,31000,427000,57,52,87.99531611775603,4.077805999258999,30733.001639993745,224.04438173302108
1789526253,100,,Aggregated,268.100000,0.000000,52,72,92,110,170,210,250,270,1300,30000,31000,427267,57,52,88.00304080919643,4.077805999258999,30733.001639993745,224.04335930460346
1789526254,100,,Aggregated,267.600000,0.000000,52,72,91,110,170,210,250,270,1300,30000,31000,427544,57,52,87.97484469012078,4.077805999258999,30733.001639993745,224.04283769623711
1789526255,100,,Aggregated,267.800000,0.000000,52,72,91,110,170,210,250,270,1300,30000,31000,427815,57,52,87.9644501388075,4.077805999258999,30733.001639993745,224.04427614740015
1789526256,100,,Aggregated,270.900000,0.000000,52,72,91,110,170,210,250,270,1300,30000,31000,428108,57,52,87.94107036141327,4.077805999258999,30733.001639993745,224.04539041550262
1789526257,100,,Aggregated,268.700000,0.000000,52,72,91,110,170,210,250,270,1300,30000,31000,428337,57,52,87.94488134318048,4.077805999258999,30733.001639993745,224.04561828653607
1789526258,100,,Aggregated,272.100000,0.000000,52,72,91,110,170,210,250,270,1300,30000,31000,428634,57,52,87.91873328048624,4.077805999258999,30733.001639993745,224.04590629768055
1789526259,100,,Aggregated,269.200000,0.000000,52,72,91,110,170,210,250,270,1300,30000,31000,428887,57,52,87.92500114800633,4.077805999258999,30733.001639993745,224.04673725246977
1789526260,100,,Aggregated,270.100000,0.000000,52,72,91,110,170,210,250,270,1300,30000,31000,429150,57,52,87.90527029099371,4.077805999258999,30733.001639993745,224.04587440288944
1789526261,100,,Aggregated,265.700000,0.000000,52,72,91,110,170,210,250,270,1300,30000,31000,429427,57,52,87.90348526140627,4.077805999258999,30733.001639993745,224.045958917348
1789526262,100,,Aggregated,271.200000,0.000000,52,72,91,110,170,210,250,270,1300,30000,31000,429658,57,52,87.89245649398075,4.077805999258999,30733.001639993745,224.04526623500553
1789526263,100,,Aggregated,270.000000,0.000000,52,72,91,110,170,210,250,270,1300,30000,31000,429966,57,52,87.88209405237338,4.077805999258999,30733.001639993745,224.044805868371
1789526264,100,,Aggregated,267.300000,0.000000,52,72,92,110,170,210,250,270,1300,30000,31000,430228,57,52,87.87445192809807,4.077805999258999,30733.001639993745,224.04419517093262
1789526265,100,,Aggregated,269.300000,0.000000,52,72,91,110,170,210,250,270,1300,30000,31000,430497,57,52,87.84604515607235,4.077805999258999,30733.001639993745,224.0438377038632
1789526266,100,,Aggregated,266.200000,0.000000,52,72,91,110,170,210,250,270,1300,30000,31000,430762,57,52,87.85442064283897,4.077805999258999,30733.001639993745,224.0445814626174
1789526267,100,,Aggregated,267.200000,0.000000,52,72,91,110,170,210,250,270,1300,30000,31000,431041,57,52,87.82579060524586,4.077805999258999,30733.001639993745,224.04585642665083
1789526268,100,,Aggregated,263.700000,0.000000,52,72,91,110,170,210,250,270,1300,30000,31000,431293,57,52,87.84123348456801,4.077805999258999,30733.001639993745,224.04404430398824
1789526269,100,,Aggregated,267.500000,0.000000,52,72,91,110,170,210,250,270,1300,30000,31000,431558,57,52,87.82688590299267,4.077805999258999,30733.001639993745,224.04511792157717
1789526270,100,,Aggregated,263.900000,0.000000,52,72,91,110,170,210,250,270,1300,30000,31000,431833,57,52,87.80522541726936,4.077805999258999,30733.001639993745,224.04505908534085
1789526271,100,,Aggregated,267.500000,0.000000,52,72,91,110,170,210,250,270,1300,30000,31000,432131,57,52,87.77504557842563,4.077805999258999,30733.001639993745,224.04655995519877
1789526272,100,,Aggregated,265.100000,0.000000,52,72,91,110,170,210,250,270,1300,30000,31000,432365,57,52,87.78392720536716,4.077805999258999,30733.001639993745,224.04566974662612
1789526273,100,,Aggregated,270.000000,0.000000,52,72,91,110,170,210,250,270,1300,30000,31000,432634,57,52,87.77656186410378,4.077805999258999,30733.001639993745,224.04431228243735
1789526274,100,,Aggregated,267.900000,0.000000,52,72,91,110,170,210,250,270,1300,30000,31000,432912,57,52,87.77144441674209,4.077805999258999,30733.001639993745,224.0447296448239
1789526275,100,,Aggregated,267.700000,0.000000,52,72,91,110,170,210,250,270,1300,30000,31000,433159,57,52,87.75297328743655,4.077805999258999,30733.001639993745,224.04522588702994
1789526276,100,,Aggregated,267.800000,0.000000,52,72,91,110,170,210,250,270,1300,30000,31000,433457,57,52,87.75469766117908,4.077805999258999,30733.001639993745,224.04615221348368
1789526277,100,,Aggregated,268.800000,0.000000,52,72,91,110,170,210,250,270,1300,30000,31000,433681,57,52,87.75341941597769,4.077805999258999,30733.001639993745,224.04722595640575
1789526278,100,,Aggregated,270.600000,0.000000,52,72,91,110,170,210,250,270,1300,30000,31000,433976,57,52,87.73959596517918,4.077805999258999,30733.001639993745,224.04715468136487
1789526279,100,,Aggregated,267.100000,0.000000,52,72,91,110,170,210,250,270,1300,30000,31000,434230,57,52,87.74213144645591,4.077805999258999,30733.001639993745,224.0480874191097
1789526280,100,,Aggregated,270.300000,0.000000,52,72,91,110,170,210,250,270,1300,30000,31000,434507,57,52,87.72027567994192,4.077805999258999,30733.001639993745,224.04704872418625
1789526281,100,,Aggregated,266.100000,0.000000,52,72,92,110,170,210,250,270,1300,30000,31000,434766,57,52,87.71716850372246,4.077805999258999,30733.001639993745,224.04623176605347
1789526282,100,,Aggregated,266.700000,0.000000,52,72,91,110,170,210,250,270,1300,30000,31000,435057,57,52,87.68323642313855,4.077805999258999,30733.001639993745,224.04641920483982
1789526283,100,,Aggregated,262.700000,0.000000,52,72,91,110,170,210,250,270,1300,30000,31000,435314,57,52,87.68502111031906,4.077805999258999,30733.001639993745,224.04610694808804
1789526284,100,,Aggregated,267.900000,0.000000,52,72,91,110,170,210,250,270,1300,30000,31000,435569,57,52,87.66545084483842,4.077805999258999,30733.001639993745,224.04705798622032
1789526285,100,,Aggregated,266.700000,0.000000,52,72,91,110,170,210,250,270,1300,30000,31000,435867,57,52,87.65453303592699,4.077805999258999,30733.001639993745,224.04777374749636
1789526286,100,,Aggregated,269.700000,0.000000,52,72,91,110,170,210,250,270,1300,30000,31000,436129,57,52,87.64315318487976,4.077805999258999,30733.001639993745,224.04782759229494
1789526287,100,,Aggregated,266.900000,0.000000,52,72,91,110,170,210,250,270,1300,30000,31000,436424,57,52,87.62272856389286,4.077805999258999,30733.001639993745,224.0477998460213
1789526288,100,,Aggregated,269.700000,0.000000,52,72,91,110,170,210,250,270,1300,30000,31000,436684,57,52,87.62727058189753,4.077805999258999,30733.001639993745,224.04774390634876
1789526289,100,,Aggregated,270.200000,0.000000,52,72,91,110,170,210,250,270,1300,30000,31000,436953,57,52,87.60696814009597,4.077805999258999,30733.001639993745,224.04748107920074
1789526290,100,,Aggregated,267.800000,0.000000,52,72,91,110,170,210,250,270,1300,30000,31000,437220,57,52,87.59705259443372,4.077805999258999,30733.001639993745,224.04806047298842
1789526291,100,,Aggregated,271.600000,0.000000,52,72,91,110,170,210,250,270,1300,30000,31000,437483,57,52,87.59358368175742,4.077805999258999,30733.001639993745,224.0485664585824
1789526292,100,,Aggregated,270.600000,0.000000,52,72,91,110,170,210,250,270,1300,30000,31000,437742,57,52,87.58639090609164,4.077805999258999,30733.001639993745,224.04849660302187
1789526293,100,,Aggregated,271.000000,0.000000,52,72,92,110,170,210,250,270,1300,30000,31000,438008,57,52,87.57955197518156,4.077805999258999,30733.001639993745,224.04804706763346
1789526294,100,,Aggregated,267.400000,0.000000,52,72,92,110,170,210,250,270,1300,30000,31000,438289,57,52,87.57512496713234,4.077805999258999,30733.001639993745,224.04760101211758
1789526295,100,,Aggregated,268.400000,0.000000,52,72,92,110,170,210,250,270,1300,30000,31000,438533,57,52,87.56915853589929,4.077805999258999,30733.001639993745,224.04893360362846
1789526296,100,,Aggregated,267.000000,0.000000,52,72,92,110,170,210,250,270,1300,30000,31000,438807,57,52,87.579354984049,4.077805999258999,30733.001639993745,224.048757198495
1789526297,100,,Aggregated,269.300000,0.000000,52,72,92,110,170,210,250,270,1300,30000,31000,439076,57,52,87.5685717990133,4.077805999258999,30733.001639993745,224.04820577758747
1789526298,100,,Aggregated,265.400000,0.000000,52,72,92,110,170,210,250,270,1300,30000,31000,439367,57,52,87.54149885319468,4.077805999258999,30733.001639993745,224.0489158266324
1789526299,100,,Aggregated,265.200000,0.000000,52,72,92,110,170,210,250,270,1300,30000,31000,439628,57,52,87.54975091921739,4.077805999258999,30733.001639993745,224.049246180862
1789526300,100,,Aggregated,269.500000,0.000000,52,72,91,110,170,210,250,270,1300,30000,31000,439914,57,52,87.52025872039006,4.077805999258999,30733.001639993745,224.04858676923217
1789526301,100,,Aggregated,264.700000,0.000000,52,72,92,110,170,210,250,270,1300,30000,31000,440175,57,52,87.50868036150524,4.077805999258999,30733.001639993745,224.0491917987164
1789526302,100,,Aggregated,268.000000,0.000000,52,72,91,110,170,210,250,270,1300,30000,31000,440441,57,52,87.48869571296872,4.077805999258999,30733.001639993745,224.05014973628704
1789526303,100,,Aggregated,268.700000,0.000000,52,72,92,110,170,210,250,270,1300,30000,31000,440714,57,52,87.48856236066187,4.077805999258999,30733.001639993745,224.05019808764868
1789526304,100,,Aggregated,271.400000,0.000000,52,72,91,110,170,210,250,270,1300,30000,31000,440981,57,52,87.46248206391822,4.077805999258999,30733.001639993745,224.0499568008599
1789526305,100,,Aggregated,269.900000,0.000000,52,72,92,110,170,210,250,270,1300,30000,31000,441261,57,52,87.46713706247256,4.077805999258999,30733.001639993745,224.0499726918989
1789526306,100,,Aggregated,270.800000,0.000000,52,72,92,110,170,210,250,270,1300,30000,31000,441508,57,52,87.46153955229966,4.077805999258999,30733.001639993745,224.0490478088732
1789526307,100,,Aggregated,267.800000,0.000000,52,72,91,110,170,210,250,270,1300,30000,31000,441793,57,52,87.44387821034005,4.077805999258999,30733.001639993745,224.04949376744312
1789526308,100,,Aggregated,271.800000,0.000000,52,72,92,110,170,210,250,270,1300,30000,31000,442063,57,52,87.4373912388273,4.077805999258999,30733.001639993745,224.0500810970382
1789526309,100,,Aggregated,269.500000,0.000000,52,72,91,110,170,210,250,270,1300,30000,31000,442347,57,52,87.4114388015602,4.077805999258999,30733.001639993745,224.05103685568116
1789526310,100,,Aggregated,267.300000,0.000000,52,72,92,110,170,210,250,270,1300,30000,31000,442587,57,52,87.42817796354306,4.077805999258999,30733.001639993745,224.05033812561146
1789526311,100,,Aggregated,272.800000,0.000000,52,72,92,110,170,210,250,270,1300,30000,31000,442839,57,52,87.4050735599882,4.077805999258999,30733.001639993745,224.05084014732216
1789526312,100,,Aggregated,266.400000,0.000000,52,72,92,110,170,210,250,270,1300,30000,31000,443131,57,52,87.40145314434236,4.077805999258999,30733.001639993745,224.05142046031534
1789526313,100,,Aggregated,266.800000,0.000000,52,72,92,110,170,210,250,270,1300,30000,31000,443381,57,52,87.38071694210971,4.077805999258999,30733.001639993745,224.05113209632347
1789526314,100,,Aggregated,263.900000,0.000000,52,72,92,110,170,210,250,270,1300,30000,31000,443680,57,52,87.37201470293085,4.077805999258999,30733.001639993745,224.05281734583482
1789526315,100,,Aggregated,267.800000,0.000000,52,72,92,110,170,210,250,270,1300,30000,31000,443935,57,52,87.36538035855327,4.077805999258999,30733.001639993745,224.05232522779235
1789526316,100,,Aggregated,264.400000,0.000000,52,72,91,110,170,210,250,270,1300,30000,31000,444225,57,52,87.34021800476188,4.077805999258999,30733.001639993745,224.0523068264956
1789526317,100,,Aggregated,264.100000,0.000000,52,72,92,110,170,210,250,270,1300,30000,31000,444466,57,52,87.34681653945255,4.077805999258999,30733.001639993745,224.05304792717553
1789526318,100,,Aggregated,265.600000,0.000000,52,72,91,110,170,210,250,270,1300,30000,31000,444757,57,52,87.31911629291791,4.077805999258999,30733.001639993745,224.05203515627636
1789526319,100,,Aggregated,264.400000,0.000000,52,72,92,110,170,210,250,270,1300,30000,31000,444986,57,52,87.33299766425955,4.077805999258999,30733.001639993745,224.0515094856917
1789526320,100,,Aggregated,268.000000,0.000000,52,72,91,110,170,210,250,270,1300,30000,31000,445276,57,52,87.304654270152,4.077805999258999,30733.001639993745,224.05185996999614
1789526321,100,,Aggregated,261.900000,0.000000,52,72,92,110,170,210,250,270,1300,30000,31000,445527,57,52,87.31367536934964,4.077805999258999,30733.001639993745,224.05091049476238
1789526322,100,,Aggregated,267.500000,0.000000,52,72,92,110,170,210,250,270,1300,30000,31000,445812,57,52,87.30328069820737,4.077805999258999,30733.001639993745,224.0501220245305
1789526323,100,,Aggregated,264.400000,0.000000,52,72,92,110,170,210,250,270,1300,30000,31000,446081,57,52,87.29819476087572,4.077805999258999,30733.001639993745,224.04999540442208
1789526324,100,,Aggregated,267.600000,0.000000,52,72,92,110,170,210,250,270,1300,30000,31000,446375,57,52,87.26973732964063,4.077805999258999,30733.001639993745,224.049348641837
1789526325,100,,Aggregated,265.900000,0.000000,52,72,92,110,170,210,250,270,1300,30000,31000,446605,57,52,87.28477970377692,4.077805999258999,30733.001639993745,224.0483895164631
1789526326,100,,Aggregated,267.900000,0.000000,52,72,92,110,170,210,250,270,1300,30000,31000,446891,57,52,87.25911954413988,4.077805999258999,30733.001639993745,224.04894705867875
1789526327,100,,Aggregated,267.500000,0.000000,52,72,92,110,170,210,250,270,1300,30000,31000,447147,57,52,87.26020217648605,4.077805999258999,30733.001639993745,224.04916951248694
1789526328,100,,Aggregated,266.900000,0.000000,52,72,92,110,170,210,250,270,1300,30000,31000,447421,57,52,87.24457224603034,4.077805999258999,30733.001639993745,224.04803753064786
1789526329,100,,Aggregated,268.000000,0.000000,52,72,92,110,170,210,250,270,1300,30000,31000,447716,57,52,87.23631292156662,4.077805999258999,30733.001639993745,224.04729337347783
1789526330,100,,Aggregated,267.200000,0.000000,52,72,92,110,170,210,250,270,1300,30000,31000,447892,57,52,87.22229241476101,4.077805999258999,30733.001639993745,224.0494829110589
1789526331,100,,Aggregated,271.600000,0.000000,52,72,92,110,170,210,250,270,1300,30000,31000,447932,57,52,87.32891026319876,4.077805999258999,30733.001639993745,224.04715671128653
1789526332,100,,Aggregated,269.100000,0.000000,52,72,92,110,170,210,250,270,1300,30000,31000,448229,57,52,87.45815438627628,4.077805999258999,30733.001639993745,224.0464316231212
1789526333,100,,Aggregated,249.000000,0.000000,52,72,92,110,170,210,250,270,1300,30000,31000,448506,57,52,87.44708642528356,4.077805999258999,30733.001639993745,224.0479837504961
1789526334,100,,Aggregated,241.100000,0.000000,52,72,92,110,170,210,250,270,1300,30000,31000,448785,57,52,87.41940225232649,4.077805999258999,30733.001639993745,224.04837951357555
1789526335,100,,Aggregated,240.500000,0.000000,52,72,92,110,170,210,250,270,1300,30000,31000,449059,57,52,87.41655681698037,4.077805999258999,30733.001639993745,224.04894679763683
1789526336,100,,Aggregated,241.900000,0.000000,52,72,91,110,170,210,250,270,1300,30000,31000,449310,57,52,87.39609753343865,4.077805999258999,30733.001639993745,224.04820725111838
1789526337,100,,Aggregated,242.700000,0.000000,52,72,92,110,170,210,250,270,1300,30000,31000,449575,57,52,87.41074517154496,4.077805999258999,30733.001639993745,224.0496179725296
1789526338,100,,Aggregated,244.200000,0.000000,52,72,92,110,170,210,250,270,1300,30000,31000,449852,57,52,87.4052454987114,4.077805999258999,30733.001639993745,224.04983194472848
1789526339,100,,Aggregated,244.000000,0.000000,52,72,92,110,170,210,250,270,1300,30000,31000,450138,57,52,87.38099011647171,4.077805999258999,30733.001639993745,224.04842514962078
1789526340,100,,Aggregated,241.600000,0.000000,52,72,92,110,170,210,250,270,1300,30000,31000,450383,57,52,87.37929555232182,4.077805999258999,30733.001639993745,224.04762613153693
1789526341,100,,Aggregated,241.700000,0.000000,52,72,91,110,170,210,250,270,1300,30000,31000,450681,57,52,87.35201478641716,4.077805999258999,30733.001639993745,224.04761904761904
1789526342,100,,Aggregated,238.600000,0.000000,52,72,92,110,170,210,250,270,1300,30000,31000,450929,57,52,87.34197236150311,4.077805999258999,30733.001639993745,224.04637980702063
1789526343,100,,Aggregated,263.800000,0.000000,52,72,92,110,170,210,250,270,1300,30000,31000,451187,57,52,87.36088745614174,4.077805999258999,30733.001639993745,224.04632890575306
1789526344,100,,Aggregated,270.900000,0.000000,52,72,92,110,170,210,250,270,1300,30000,31000,451451,57,52,87.33276663821353,4.077805999258999,30733.001639993745,224.04718784541402
1789526345,100,,Aggregated,270.900000,0.000000,52,72,92,110,170,210,250,270,1300,30000,31000,451722,57,52,87.34226949773118,4.077805999258999,30733.001639993745,224.04693151982858
1789526346,100,,Aggregated,266.200000,0.000000,52,72,92,110,170,210,250,270,1300,30000,31000,452007,57,52,87.31637488467005,4.077805999258999,30733.001639993745,224.0473532489541
1789526347,100,,Aggregated,268.700000,0.000000,52,72,92,110,170,210,250,270,1300,30000,31000,452256,57,52,87.32723362958379,4.077805999258999,30733.001639993745,224.0476455812637
1789526348,100,,Aggregated,265.100000,0.000000,52,72,92,110,170,210,250,270,1300,30000,31000,452546,57,52,87.30050670864657,4.077805999258999,30733.001639993745,224.04799070149775
1789526349,100,,Aggregated,264.000000,0.000000,52,72,92,110,170,210,250,270,1300,30000,31000,452791,57,52,87.31345784872309,4.077805999258999,30733.001639993745,224.04798681952602
1789526350,100,,Aggregated,267.200000,0.000000,52,72,92,110,170,210,250,270,1300,30000,31000,453066,57,52,87.28598941771433,4.077805999258999,30733.001639993745,224.0478848556281
1789526351,100,,Aggregated,264.300000,0.000000,52,72,92,110,170,210,250,270,1300,30000,31000,453331,57,52,87.29158497896269,4.077805999258999,30733.001639993745,224.04664362243042
1789526352,100,,Aggregated,270.000000,0.000000,52,72,92,110,170,210,250,270,1300,30000,31000,453589,57,52,87.26426266200265,4.077805999258999,30733.001639993745,224.04758272356693
1789526353,100,,Aggregated,265.800000,0.000000,52,72,92,110,170,210,250,270,1300,30000,31000,453869,57,52,87.27220396102663,4.077805999258999,30733.001639993745,224.04713915248672
1789526354,100,,Aggregated,266.300000,0.000000,52,72,92,110,170,210,250,270,1300,30000,31000,454115,57,52,87.2754844478758,4.077805999258999,30733.001639993745,224.04710040408267
1789526355,100,,Aggregated,263.200000,0.000000,52,72,92,110,170,210,250,270,1300,30000,31000,454381,57,52,87.27297226490587,4.077805999258999,30733.001639993745,224.04630475305964
1789526356,100,,Aggregated,268.800000,0.000000,52,72,92,110,170,210,250,270,1300,30000,31000,454661,57,52,87.25251188145059,4.077805999258999,30733.001639993745,224.04730777436376
1789526357,100,,Aggregated,262.000000,0.000000,52,72,92,110,170,210,250,270,1300,30000,31000,454946,57,52,87.23190974302237,4.077805999258999,30733.001639993745,224.04734188233328
1789526358,100,,Aggregated,263.500000,0.000000,52,72,92,110,170,210,250,270,1300,30000,31000,455237,57,52,87.21427538788343,4.077805999258999,30733.001639993745,224.04672291575596
1789526359,100,,Aggregated,269.000000,0.000000,52,72,92,110,170,210,250,270,1300,30000,31000,455477,57,52,87.20354227560752,4.077805999258999,30733.001639993745,224.04683661304523
1789526360,100,,Aggregated,267.900000,0.000000,52,72,92,110,170,210,250,270,1300,30000,31000,455784,57,52,87.18523143817897,4.077805999258999,30733.001639993745,224.04702007968686
1789526361,100,,Aggregated,272.100000,0.000000,52,72,92,110,170,210,250,270,1300,30000,31000,456051,57,52,87.17657551538095,4.077805999258999,30733.001639993745,224.0469530820018
1789526362,100,,Aggregated,268.100000,0.000000,52,72,91,110,170,210,250,270,1300,30000,31000,456309,57,52,87.14897724978243,4.077805999258999,30733.001639993745,224.04796968720757
1789526363,100,,Aggregated,269.700000,0.000000,52,72,92,110,170,210,250,270,1300,30000,31000,456581,57,52,87.15914259191892,4.077805999258999,30733.001639993745,224.04696209434908
1789526364,100,,Aggregated,271.500000,0.000000,52,72,91,110,170,210,250,270,1300,30000,31000,456856,57,52,87.14146517714954,4.077805999258999,30733.001639993745,224.04787941933563
1789526365,100,,Aggregated,271.100000,0.000000,52,72,91,110,170,210,250,270,1300,30000,31000,457149,57,52,87.11841118416697,4.077805999258999,30733.001639993745,224.04871497039258
1789526366,100,,Aggregated,269.800000,0.000000,52,72,91,110,170,210,250,270,1300,30000,31000,457397,57,52,87.13140755812292,4.077805999258999,30733.001639993745,224.04885034226285
1789526367,100,,Aggregated,276.600000,0.000000,52,72,91,110,170,210,250,270,1300,30000,31000,457664,57,52,87.1135955137627,4.077805999258999,30733.001639993745,224.04871914767165
1789526368,100,,Aggregated,278.500000,0.000000,52,72,91,110,170,210,250,270,1300,30000,31000,457937,57,52,87.10818817164957,4.077805999258999,30733.001639993745,224.04869010366053
1789526369,100,,Aggregated,271.200000,0.000000,52,72,91,110,170,210,250,270,1300,30000,31000,458224,57,52,87.08349437561267,4.077805999258999,30733.001639993745,224.04909389294318
1789526370,100,,Aggregated,270.400000,0.000000,52,72,91,110,170,210,250,270,1300,30000,31000,458480,57,52,87.07849123841325,4.077805999258999,30733.001639993745,224.05088989705112
1789526371,100,,Aggregated,268.300000,0.000000,52,72,91,110,170,210,250,270,1300,30000,31000,458765,57,52,87.05343747687968,4.077805999258999,30733.001639993745,224.0511329329831
1789526372,100,,Aggregated,267.900000,0.000000,52,72,91,110,170,210,250,270,1300,30000,31000,459015,57,52,87.07374007444797,4.077805999258999,30733.001639993745,224.0514797991351
1789526373,100,,Aggregated,271.900000,0.000000,52,72,92,110,170,210,250,270,1300,30000,31000,459278,57,52,87.07726583501858,4.077805999258999,30733.001639993745,224.05153959040058
1789526374,100,,Aggregated,267.800000,0.000000,52,72,91,110,170,210,250,270,1300,30000,31000,459571,57,52,87.04863110075652,4.077805999258999,30733.001639993745,224.0522160884825
1789526375,100,,Aggregated,271.200000,0.000000,52,72,92,110,170,210,250,270,1300,30000,31000,459827,57,52,87.04453002866907,4.077805999258999,30733.001639993745,224.05315477342566
1789526376,100,,Aggregated,268.100000,0.000000,52,72,92,110,170,210,250,270,1300,30000,31000,459991,57,52,87.0431279011389,4.077805999258999,30733.001639993745,224.0546075901485
1789526377,100,,Aggregated,268.000000,0.000000,52,72,92,110,170,210,250,270,1300,30000,31000,460013,57,52,87.10048791176291,4.077805999258999,30733.001639993745,224.05376369798245
1789526378,100,,Aggregated,263.900000,0.000000,52,72,92,110,170,210,250,270,1300,30000,31000,460321,57,52,87.27235377582994,4.077805999258999,30733.001639993745,224.0534648647357
1789526379,100,,Aggregated,248.700000,0.000000,52,72,92,110,170,210,250,270,1300,30000,31000,460563,57,52,87.28482799796927,4.077805999258999,30733.001639993745,224.05281145033362
1789526380,100,,Aggregated,236.600000,0.000000,52,72,92,110,170,210,250,270,1300,30000,31000,460826,57,52,87.27810831278543,4.077805999258999,30733.001639993745,224.05311983264832
