Timestamp,User Count,Type,Name,Requests/s,Failures/s,50%,66%,75%,80%,90%,95%,98%,99%,99.9%,99.99%,100%,Total Request Count,Total Failure Count,Total Median Response Time,Total Average Response Time,Total Min Response Time,Total Max Response Time,Total Average Content Size
1789529397,0,,Aggregated,0.000000,0.000000,N/A,N/A,N/A,N/A,N/A,N/A,N/A,N/A,N/A,N/A,N/A,0,0,0,0.0,0,0,0
1789529398,10,,Aggregated,0.000000,0.000000,12,17,18,20,24,28,28,28,28,28,28,25,0,12,13.683589480024239,4.837220000354137,28.47644700023011,216.2
1789529399,20,,Aggregated,0.000000,0.000000,14,17,20,22,26,29,34,38,38,38,38,81,0,14,15.25624883951434,4.209496999919793,38.12858999981472,216.11111111111111
1789529400,30,,Aggregated,0.000000,0.000000,14,16,18,20,25,28,33,34,38,38,38,162,0,14,14.60852346913046,4.209496999919793,38.12858999981472,221.50617283950618
1789529401,40,,Aggregated,15.000000,0.000000,13,16,18,20,24,28,33,34,38,38,38,280,0,13,14.335130707144929,4.209496999919793,38.12858999981472,222.16071428571428
1789529402,50,,Aggregated,30.666667,0.000000,14,18,21,23,30,39,56,72,82,82,82,425,0,14,17.01430768940233,4.209496999919793,82.37193400009346,221.75058823529412
1789529403,60,,Aggregated,45.500000,0.000000,15,20,23,25,33,59,93,96,120,120,120,605,0,15,19.761046770250417,4.073327999776666,119.4258489999811,222.59504132231405
1789529404,70,,Aggregated,61.000000,0.000000,17,23,28,33,67,130,180,190,210,210,210,777,0,17,29.98215711841171,4.073327999776666,207.63784499968096,223.1055341055341
1789529405,80,,Aggregated,76.000000,0.000000,20,28,42,62,140,200,260,270,330,330,330,949,0,20,45.16513498208988,4.073327999776666,327.2347649999574,223.73445732349842
1789529406,90,,Aggregated,90.000000,0.000000,22,43,83,110,190,250,270,280,330,330,330,1152,0,22,61.03139326129066,4.073327999776666,327.2347649999574,223.95225694444446
1789529407,100,,Aggregated,98.000000,0.000000,25,58,100,140,220,260,280,300,330,330,330,1378,0,25,70.48885158853956,4.073327999776666,327.2347649999574,224.36937590711176
1789529408,100,,Aggregated,109.222222,0.000000,35,92,130,150,200,260,280,290,330,330,330,1644,0,35,77.08838441058873,4.073327999776666,327.2347649999574,224.22992700729927
1789529409,100,,Aggregated,117.400000,0.000000,38,93,130,150,220,270,300,380,560,570,570,1777,0,38,82.13802383737416,4.073327999776666,568.5917350001546,224.2200337647721
1789529410,100,,Aggregated,141.700000,0.000000,48,94,130,160,250,300,540,580,620,630,630,2056,0,48,95.80358879572798,4.073327999776666,629.2799960001503,224.3283073929961
1789529411,100,,Aggregated,166.500000,0.000000,43,90,130,150,240,290,530,570,620,630,630,2333,0,43,90.5289341423117,4.073327999776666,629.2799960001503,224.3540505786541
1789529412,100,,Aggregated,173.700000,0.000000,50,96,140,160,260,350,530,570,620,630,630,2498,0,50,98.40983943555352,4.073327999776666,629.2799960001503,224.0740592473979
1789529413,100,,Aggregated,193.500000,0.000000,55,110,150,170,260,350,520,560,620,630,630,2736,0,55,102.78128731177532,4.073327999776666,629.2799960001503,224.11111111111111
1789529414,100,,Aggregated,207.800000,0.000000,54,99,140,170,250,330,500,560,620,630,630,3029,0,54,99.44079625619581,4.073327999776666,629.2799960001503,224.00825354902608
1789529415,100,,Aggregated,208.900000,0.000000,55,96,140,160,250,310,470,550,620,630,630,3307,0,55,97.64740161960017,4.073327999776666,629.2799960001503,224.0807378288479
1789529416,100,,Aggregated,218.000000,0.000000,53,93,140,160,240,300,440,550,620,630,630,3540,0,53,95.04657440480868,4.073327999776666,629.2799960001503,224.16694915254237
1789529417,100,,Aggregated,230.300000,0.000000,54,96,140,170,240,300,410,550,620,630,630,3722,0,54,96.89105096749586,4.073327999776666,629.2799960001503,224.22461042450294
1789529418,100,,Aggregated,237.800000,0.000000,58,100,140,170,260,360,510,550,620,630,630,3995,0,58,103.90806308736236,4.073327999776666,629.2799960001503,224.27158948685857
1789529419,100,,Aggregated,244.600000,0.000000,56,93,140,160,250,350,500,550,610,630,630,4284,0,56,100.03787776797733,4.073327999776666,629.2799960001503,224.26750700280112
1789529420,100,,Aggregated,234.400000,0.000000,55,91,130,160,240,330,490,540,610,630,630,4555,0,55,97.71697687310912,4.073327999776666,629.2799960001503,224.17628979143797
1789529421,100,,Aggregated,234.800000,0.000000,57,90,120,150,240,320,480,530,610,630,630,4827,0,57,95.83856442656095,4.073327999776666,629.2799960001503,224.13673088875078
1789529422,100,,Aggregated,250.200000,0.000000,56,90,120,140,230,310,480,530,610,630,630,5092,0,56,93.99746880872148,4.073327999776666,629.2799960001503,224.05989787902593
1789529423,100,,Aggregated,248.400000,0.000000,57,91,120,140,220,300,470,530,610,630,630,5365,0,57,93.67954664380413,4.073327999776666,629.2799960001503,224.10270270270271
1789529424,100,,Aggregated,250.100000,0.000000,56,90,120,140,220,300,470,530,610,630,630,5633,0,56,92.25519108929716,4.073327999776666,629.2799960001503,224.14734599680455
1789529425,100,,Aggregated,261.100000,0.000000,56,89,120,140,210,290,460,530,610,630,630,5922,0,56,90.34148397568626,4.073327999776666,629.2799960001503,224.18794326241135
1789529426,100,,Aggregated,260.700000,0.000000,56,86,110,130,200,280,450,520,600,630,630,6207,0,56,88.70042638102387,4.073327999776666,629.2799960001503,224.27146769776058
1789529427,100,,Aggregated,260.500000,0.000000,53,83,110,130,200,270,440,520,600,630,630,6482,0,53,86.14181461617022,4.073327999776666,629.2799960001503,224.29203949398334
1789529428,100,,Aggregated,260.900000,0.000000,54,82,100,120,190,270,430,520,600,630,630,6777,0,54,84.97337009370221,4.073327999776666,629.2799960001503,224.3202006787664
1789529429,100,,Aggregated,264.000000,0.000000,55,84,110,130,190,270,420,520,600,630,630,7032,0,55,85.29018153896736,4.073327999776666,629.2799960001503,224.28085893060296
1789529430,100,,Aggregated,278.000000,0.000000,56,84,110,120,190,270,410,510,600,630,630,7303,0,56,84.96693409804509,4.073327999776666,629.2799960001503,224.27427084759688
1789529431,100,,Aggregated,276.600000,0.000000,54,82,100,120,180,260,400,510,600,630,630,7600,0,54,82.56634042184479,4.073327999776666,629.2799960001503,224.2607894736842
1789529432,100,,Aggregated,274.300000,0.000000,52,79,100,120,180,260,390,510,600,630,630,7902,0,52,80.74596310453245,4.073327999776666,629.2799960001503,224.30232852442418
1789529433,100,,Aggregated,275.200000,0.000000,52,78,99,120,170,250,380,500,600,630,630,8185,0,52,79.45815599132729,4.073327999776666,629.2799960001503,224.32669517409897
1789529434,100,,Aggregated,276.600000,0.000000,51,77,98,110,170,250,380,500,600,630,630,8483,0,51,78.26487090050796,4.073327999776666,629.2799960001503,224.27643522338795
1789529435,100,,Aggregated,279.100000,0.000000,49,75,96,110,170,250,370,500,600,630,630,8791,0,49,76.47998285860642,4.073327999776666,629.2799960001503,224.22215902627687
1789529436,100,,Aggregated,281.200000,0.000000,48,73,94,110,160,240,370,490,600,630,630,9097,0,48,74.94781086391214,4.073327999776666,629.2799960001503,224.26382323843026
1789529437,100,,Aggregated,283.700000,0.000000,46,71,92,110,160,240,370,490,600,630,630,9387,0,46,73.47657921146309,4.073327999776666,629.2799960001503,224.2553531479706
1789529438,100,,Aggregated,285.800000,0.000000,45,69,90,100,160,240,360,480,600,630,630,9689,0,45,72.13722607627297,4.073327999776666,629.2799960001503,224.15378264010735
1789529439,100,,Aggregated,288.100000,0.000000,44,67,88,100,150,230,360,480,600,630,630,9985,0,44,70.98890820711144,4.073327999776666,629.2799960001503,224.16895343014522
1789529440,100,,Aggregated,289.300000,0.000000,44,67,87,100,150,230,350,480,590,620,630,10266,0,44,70.26779133508691,4.073327999776666,629.2799960001503,224.16939411650108
1789529441,100,,Aggregated,292.200000,0.000000,43,65,85,99,150,230,350,470,590,620,630,10569,0,43,69.20640282193182,4.073327999776666,629.2799960001503,224.1322736304286
1789529442,100,,Aggregated,296.200000,0.000000,43,65,85,99,150,220,350,470,590,620,630,10852,0,43,68.8754047726686,4.073327999776666,629.2799960001503,224.13628824179875
1789529443,100,,Aggregated,296.300000,0.000000,43,64,84,97,140,220,340,470,590,620,630,11148,0,43,68.23099593380017,4.073327999776666,629.2799960001503,224.1506996770721
1789529444,100,,Aggregated,296.700000,0.000000,43,63,83,96,140,220,330,470,590,620,630,11439,0,43,67.47481890986967,4.073327999776666,629.2799960001503,224.18856543404144
1789529445,100,,Aggregated,294.100000,0.000000,42,63,83,96,140,210,330,460,590,620,630,11714,0,42,67.2366447742013,4.073327999776666,629.2799960001503,224.2085538671675
1789529446,100,,Aggregated,295.700000,0.000000,42,63,83,96,140,210,320,460,590,620,630,12019,0,42,66.76200938788567,4.073327999776666,629.2799960001503,224.25226724353107
1789529447,100,,Aggregated,294.900000,0.000000,42,62,83,96,140,200,310,450,590,620,630,12311,0,42,66.31162819722167,4.073327999776666,629.2799960001503,224.27187068475348
1789529448,100,,Aggregated,292.100000,0.000000,42,62,82,95,140,200,310,440,590,620,630,12585,0,42,65.78315356313024,4.073327999776666,629.2799960001503,224.25911799761622
1789529449,100,,Aggregated,291.500000,0.000000,42,62,81,94,140,200,310,440,590,620,630,12897,0,42,65.2017997468398,4.073327999776666,629.2799960001503,224.23075133752036
1789529450,100,,Aggregated,290.900000,0.000000,41,61,81,94,130,200,300,440,590,620,630,13191,0,41,64.66682083503822,4.073327999776666,629.2799960001503,224.23485709953755
1789529451,100,,Aggregated,289.900000,0.000000,41,60,79,92,130,190,300,430,590,620,630,13491,0,41,63.944656650136174,4.073327999776666,629.2799960001503,224.21021421688533
1789529452,100,,Aggregated,290.600000,0.000000,41,60,79,93,140,190,300,430,590,620,630,13772,0,41,64.10700192136098,4.073327999776666,629.2799960001503,224.20875689805402
1789529453,100,,Aggregated,291.300000,0.000000,42,62,80,92,130,190,300,420,590,620,630,14035,0,42,64.23909402066127,4.073327999776666,629.2799960001503,224.20249376558604
1789529454,100,,Aggregated,288.100000,0.000000,41,61,79,92,130,190,290,410,590,620,630,14312,0,41,63.84416658174859,4.068473000188533,629.2799960001503,224.16377864728898
1789529455,100,,Aggregated,290.900000,0.000000,42,62,80,92,130,190,290,410,590,620,630,14601,0,42,63.80117521203923,4.068473000188533,629.2799960001503,224.13581261557428
1789529456,100,,Aggregated,289.500000,0.000000,42,61,79,91,130,190,290,400,590,620,630,14894,0,42,63.38220125130815,4.068473000188533,629.2799960001503,224.1473747817913
1789529457,100,,Aggregated,288.100000,0.000000,42,61,79,91,130,180,280,400,590,620,630,15189,0,42,63.04680153189713,4.068473000188533,629.2799960001503,224.17117650931596
1789529458,100,,Aggregated,289.200000,0.000000,42,61,78,90,130,180,280,390,590,620,630,15482,0,42,62.90388766199348,4.068473000188533,629.2799960001503,224.16251130344918
1789529459,100,,Aggregated,287.300000,0.000000,41,61,78,90,130,180,280,390,590,620,630,15708,0,41,62.99162958766141,4.068473000188533,629.2799960001503,224.1490323402088
1789529460,100,,Aggregated,288.200000,0.000000,42,62,79,91,130,190,290,390,590,620,630,15995,0,42,63.545983807438844,4.068473000188533,629.2799960001503,224.17905595498593
1789529461,100,,Aggregated,288.300000,0.000000,42,62,79,90,130,190,290,390,590,620,630,16275,0,42,63.3563036209517,4.068473000188533,629.2799960001503,224.16909370199693
1789529462,100,,Aggregated,280.600000,0.000000,42,63,80,92,130,200,300,380,590,620,630,16482,0,42,64.81078860071558,4.068473000188533,629.2799960001503,224.16521053270233
1789529463,100,,Aggregated,279.000000,0.000000,42,63,81,92,130,200,300,380,590,620,630,16768,0,42,64.75472254258077,4.068473000188533,629.2799960001503,224.15702528625954
1789529464,100,,Aggregated,280.000000,0.000000,41,62,80,91,130,200,300,380,590,620,630,17068,0,41,64.0849460310518,4.068473000188533,629.2799960001503,224.14483243496602
1789529465,100,,Aggregated,269.400000,0.000000,41,61,79,90,130,190,300,370,590,620,630,17375,0,41,63.497078370704294,4.068473000188533,629.2799960001503,224.11079136690648
1789529466,100,,Aggregated,272.500000,0.000000,40,60,78,90,130,190,290,370,590,620,630,17676,0,40,62.843601922663,4.068473000188533,629.2799960001503,224.12072867164517
1789529467,100,,Aggregated,273.500000,0.000000,40,60,77,89,130,190,290,370,590,620,630,17975,0,40,62.34329025390764,4.0082089999486925,629.2799960001503,224.12589707927677
1789529468,100,,Aggregated,275.700000,0.000000,40,59,76,88,130,190,290,370,590,620,630,18264,0,40,61.856948826324235,4.0082089999486925,629.2799960001503,224.152650021901
1789529469,100,,Aggregated,278.300000,0.000000,40,59,77,89,130,190,290,370,590,620,630,18564,0,40,61.921775499837715,4.0082089999486925,629.2799960001503,224.16294979530272
1789529470,100,,Aggregated,277.800000,0.000000,40,59,76,88,130,190,290,370,590,620,630,18849,0,40,61.44413357005606,4.0082089999486925,629.2799960001503,224.1465329725715
1789529471,100,,Aggregated,277.900000,0.000000,39,58,75,87,130,180,290,370,580,620,630,19159,0,39,60.89067334015254,4.0082089999486925,629.2799960001503,224.13727230022442
1789529472,100,,Aggregated,283.900000,0.000000,39,58,75,87,130,180,280,360,580,620,630,19451,0,39,60.61657114035189,3.9469589996770083,629.2799960001503,224.12523777697805
1789529473,100,,Aggregated,285.700000,0.000000,39,57,74,86,130,180,280,360,580,620,630,19756,0,39,60.16613644077668,3.9469589996770083,629.2799960001503,224.09895727880138
1789529474,100,,Aggregated,288.500000,0.000000,39,57,73,85,120,180,280,360,580,620,630,20046,0,39,59.81111537463756,3.9469589996770083,629.2799960001503,224.11757956699591
1789529475,100,,Aggregated,298.400000,0.000000,38,56,72,84,120,180,280,360,580,620,630,20354,0,38,59.246335318266,3.9469589996770083,629.2799960001503,224.1145229438931
1789529476,100,,Aggregated,297.700000,0.000000,38,56,72,85,120,180,280,360,580,620,630,20653,0,38,59.2324154407587,3.9469589996770083,629.2799960001503,224.10613470198035
1789529477,100,,Aggregated,298.200000,0.000000,38,56,72,84,120,180,270,350,580,620,630,20952,0,38,59.07315271926273,3.9469589996770083,629.2799960001503,224.1036655211913
1789529478,100,,Aggregated,297.600000,0.000000,38,56,72,84,120,170,270,350,580,620,630,21254,0,38,58.67966276804324,3.9469589996770083,629.2799960001503,224.13832690317116
1789529479,100,,Aggregated,296.000000,0.000000,38,56,72,84,120,170,270,350,580,620,630,21525,0,38,58.4550967210683,3.9469589996770083,629.2799960001503,224.1481068524971
1789529480,100,,Aggregated,297.200000,0.000000,38,55,71,83,120,170,270,350,580,620,630,21803,0,38,58.179994125257565,3.9469589996770083,629.2799960001503,224.15396963720588
1789529481,100,,Aggregated,298.400000,0.000000,37,55,71,83,120,170,270,350,570,620,630,22099,0,37,58.02036335327381,3.9469589996770083,629.2799960001503,224.16322005520612
1789529482,100,,Aggregated,296.400000,0.000000,37,55,72,84,120,170,270,350,570,620,630,22396,0,37,57.92220667096785,3.9469589996770083,629.2799960001503,224.19699946419004
1789529483,100,,Aggregated,293.800000,0.000000,37,55,72,83,120,170,270,340,570,620,630,22694,0,37,57.75207523310135,3.9469589996770083,629.2799960001503,224.22706442231427
1789529484,100,,Aggregated,293.500000,0.000000,37,56,71,83,120,170,270,340,570,620,630,22974,0,37,57.562589456167856,3.9469589996770083,629.2799960001503,224.24305736919996
1789529485,100,,Aggregated,294.200000,0.000000,37,55,71,83,120,170,270,340,570,620,630,23272,0,37,57.27034298491752,3.9469589996770083,629.2799960001503,224.22778446201443
1789529486,100,,Aggregated,293.000000,0.000000,37,55,70,82,120,170,270,340,570,620,630,23573,0,37,56.928435610953265,3.9469589996770083,629.2799960001503,224.22241547533196
1789529487,100,,Aggregated,291.500000,0.000000,37,55,71,82,120,160,270,330,570,620,630,23873,0,37,57.01355138206352,3.9469589996770083,629.2799960001503,224.19855066392995
1789529488,100,,Aggregated,292.200000,0.000000,37,55,71,82,120,160,260,330,570,620,630,24160,0,37,56.93757658687921,3.9469589996770083,629.2799960001503,224.15153145695365
1789529489,100,,Aggregated,291.800000,0.000000,37,55,71,82,120,160,260,330,570,620,630,24445,0,37,56.8384071946411,3.826591999768425,629.2799960001503,224.16633258335037
1789529490,100,,Aggregated,290.000000,0.000000,37,55,70,82,120,160,260,330,570,620,630,24744,0,37,56.449588141286874,3.826591999768425,629.2799960001503,224.1434287099903
1789529491,100,,Aggregated,290.300000,0.000000,37,55,70,81,120,160,260,330,570,620,630,25050,0,37,56.19140729461081,3.826591999768425,629.2799960001503,224.1538123752495
1789529492,100,,Aggregated,290.900000,0.000000,37,54,69,80,120,160,260,330,570,620,630,25336,0,37,55.95627565065526,3.826591999768425,629.2799960001503,224.14351120934637
1789529493,100,,Aggregated,294.600000,0.000000,37,54,69,80,120,160,260,320,570,620,630,25653,0,37,55.64386941231064,3.826591999768425,629.2799960001503,224.14201068101195
1789529494,100,,Aggregated,294.000000,0.000000,37,54,69,80,120,160,260,320,570,620,630,25940,0,37,55.49192659722449,3.826591999768425,629.2799960001503,224.12713955281419
1789529495,100,,Aggregated,293.700000,0.000000,37,54,69,80,120,160,260,320,570,620,630,26205,0,37,55.604435258538416,3.826591999768425,629.2799960001503,224.12123640526616
1789529496,100,,Aggregated,294.500000,0.000000,37,55,70,81,120,160,260,320,570,620,630,26456,0,37,56.10250302732831,3.826591999768425,629.2799960001503,224.12409283338374
1789529497,100,,Aggregated,296.400000,0.000000,37,55,70,81,120,160,260,330,570,620,630,26666,0,37,56.41584085007118,3.826591999768425,629.2799960001503,224.1252906322658
1789529498,100,,Aggregated,292.700000,0.000000,37,55,70,81,120,170,260,330,570,620,630,26983,0,37,56.40333059667196,3.826591999768425,629.2799960001503,224.10843864655524
1789529499,100,,Aggregated,287.800000,0.000000,37,55,70,81,120,160,260,330,570,620,630,27269,0,37,56.307518382375555,3.826591999768425,629.2799960001503,224.1055777622942
1789529500,100,,Aggregated,280.800000,0.000000,37,54,69,81,120,160,260,330,570,620,630,27553,0,37,56.08819880619145,3.826591999768425,629.2799960001503,224.1032192501724
1789529501,100,,Aggregated,281.800000,0.000000,36,54,69,80,120,160,260,330,570,620,630,27872,0,36,55.824683048255935,3.826591999768425,629.2799960001503,224.1024684270953
1789529502,100,,Aggregated,282.100000,0.000000,36,54,69,80,120,160,260,320,570,620,630,28159,0,36,55.72160052611931,3.826591999768425,629.2799960001503,224.10234738449518
1789529503,100,,Aggregated,280.900000,0.000000,36,54,69,80,120,160,260,320,570,620,630,28447,0,36,55.43131440503352,3.826591999768425,629.2799960001503,224.11421239498014
1789529504,100,,Aggregated,282.100000,0.000000,36,54,69,80,120,160,260,320,570,620,630,28764,0,36,55.24387163954885,3.826591999768425,629.2799960001503,224.12685996384369
1789529505,100,,Aggregated,281.300000,0.000000,36,54,68,80,120,160,260,320,570,620,630,29055,0,36,55.11795165923182,3.826591999768425,629.2799960001503,224.1305455171227
1789529506,100,,Aggregated,279.600000,0.000000,36,53,68,79,120,160,260,320,570,620,630,29358,0,36,54.843486847230075,3.826591999768425,629.2799960001503,224.12218134750324
1789529507,100,,Aggregated,281.400000,0.000000,36,53,69,80,120,160,260,320,570,620,630,29632,0,36,55.01094336872212,3.826591999768425,629.2799960001503,224.10836258099351
1789529508,100,,Aggregated,283.900000,0.000000,36,54,69,80,120,160,250,320,570,620,630,29887,0,36,55.24621805671284,3.826591999768425,629.2799960001503,224.12346505169472
1789529509,100,,Aggregated,289.200000,0.000000,36,53,69,80,120,160,250,320,570,620,630,30189,0,36,55.05915251876434,3.826591999768425,629.2799960001503,224.1486965450992
1789529510,100,,Aggregated,296.000000,0.000000,36,53,68,80,120,160,250,310,570,620,630,30481,0,36,54.83235569344752,3.826591999768425,629.2799960001503,224.15836094616319
1789529511,100,,Aggregated,289.400000,0.000000,35,53,68,79,120,160,250,310,570,620,630,30759,0,35,54.61234747550236,3.826591999768425,629.2799960001503,224.15894534932866
1789529512,100,,Aggregated,291.100000,0.000000,35,53,68,79,110,160,250,310,560,620,630,31070,0,35,54.431798131830654,3.826591999768425,629.2799960001503,224.15584164789186
1789529513,100,,Aggregated,291.700000,0.000000,35,53,68,79,110,160,250,310,560,620,630,31352,0,35,54.35875994236341,3.826591999768425,629.2799960001503,224.17609721867822
1789529514,100,,Aggregated,288.500000,0.000000,35,53,67,79,110,160,250,310,560,620,630,31655,0,35,54.11849870314277,3.826591999768425,629.2799960001503,224.17188437845522
1789529515,100,,Aggregated,290.700000,0.000000,35,52,67,78,110,160,250,310,560,620,630,31964,0,35,53.902499652139184,3.826591999768425,629.2799960001503,224.17791890877237
1789529516,100,,Aggregated,290.100000,0.000000,35,52,66,78,110,150,250,310,560,620,630,32272,0,35,53.70203979545665,3.826591999768425,629.2799960001503,224.1631135349529
1789529517,100,,Aggregated,288.800000,0.000000,35,52,66,77,110,150,240,310,560,620,630,32565,0,35,53.51823503083008,3.826591999768425,629.2799960001503,224.17316136956856
1789529519,100,,Aggregated,290.300000,0.000000,35,52,66,78,110,150,240,310,560,620,630,32851,0,35,53.52440110258371,3.826591999768425,629.2799960001503,224.16182155794345
1789529520,100,,Aggregated,291.200000,0.000000,35,52,66,77,110,150,240,310,560,620,630,33116,0,35,53.38870542517144,3.826591999768425,629.2799960001503,224.16475419736682
1789529521,100,,Aggregated,296.000000,0.000000,35,52,66,77,110,150,240,310,560,620,630,33441,0,35,53.26102062118291,3.826591999768425,629.2799960001503,224.1599533506773
1789529522,100,,Aggregated,292.400000,0.000000,35,52,66,77,110,150,240,310,560,620,630,33731,0,35,53.18965770406977,3.826591999768425,629.2799960001503,224.14749043906198
1789529523,100,,Aggregated,295.300000,0.000000,35,52,66,77,110,150,240,300,560,620,630,34035,0,35,53.040727364976554,3.826591999768425,629.2799960001503,224.13923901865726
1789529524,100,,Aggregated,296.300000,0.000000,35,52,65,77,110,150,240,300,560,620,630,34332,0,35,52.87883023342583,3.826591999768425,629.2799960001503,224.13369451240825
1789529525,100,,Aggregated,295.600000,0.000000,35,51,65,76,110,150,240,300,560,620,630,34623,0,35,52.61752926745157,3.826591999768425,629.2799960001503,224.12896051757502
1789529526,100,,Aggregated,297.300000,0.000000,34,51,64,76,110,150,240,300,560,620,630,34944,0,34,52.371666076550305,3.826591999768425,629.2799960001503,224.1414835164835
1789529527,100,,Aggregated,297.300000,0.000000,34,51,64,76,110,150,240,300,560,620,630,35234,0,34,52.30266065042212,3.826591999768425,629.2799960001503,224.15016745189305
1789529528,100,,Aggregated,297.400000,0.000000,34,50,64,76,110,150,240,300,560,620,630,35530,0,34,52.10184184379326,3.826591999768425,629.2799960001503,224.14750914719954
1789529529,100,,Aggregated,296.200000,0.000000,34,50,64,75,110,150,240,300,560,620,630,35833,0,34,51.82926247941767,3.826591999768425,629.2799960001503,224.13791756202383
1789529530,100,,Aggregated,295.800000,0.000000,34,50,64,75,110,150,230,300,560,620,630,36125,0,34,51.73796044708576,3.826591999768425,629.2799960001503,224.1430311418685
1789529531,100,,Aggregated,297.900000,0.000000,34,50,63,74,110,150,230,300,560,620,630,36442,0,34,51.49992027556041,3.826591999768425,629.2799960001503,224.15366884364195
1789529532,100,,Aggregated,300.700000,0.000000,34,50,63,74,110,150,230,300,560,620,630,36738,0,34,51.35404461511173,3.826591999768425,629.2799960001503,224.14927323207579
1789529533,100,,Aggregated,299.700000,0.000000,34,50,63,74,110,150,230,300,550,620,630,37032,0,34,51.3747133466456,3.826591999768425,629.2799960001503,224.14722402246704
1789529534,100,,Aggregated,300.100000,0.000000,34,50,63,74,110,140,230,300,550,620,630,37343,0,34,51.177594378651314,3.826591999768425,629.2799960001503,224.14685483223093
1789529535,100,,Aggregated,299.500000,0.000000,34,50,63,74,110,140,230,300,550,620,630,37646,0,34,51.0710691735637,3.826591999768425,629.2799960001503,224.15781225096956
1789529536,100,,Aggregated,300.800000,0.000000,34,50,63,74,110,140,230,300,550,620,630,37924,0,34,51.05576574754702,3.826591999768425,629.2799960001503,224.16250922898428
1789529537,100,,Aggregated,301.900000,0.000000,33,50,63,74,110,140,230,300,550,620,630,38239,0,33,50.94434917149961,3.826591999768425,629.2799960001503,224.176102931562
1789529538,100,,Aggregated,297.200000,0.000000,33,49,63,73,110,140,230,290,550,620,630,38537,0,33,50.73449382297457,3.826591999768425,629.2799960001503,224.17878921555908
1789529539,100,,Aggregated,299.900000,0.000000,33,49,62,73,110,140,230,290,550,620,630,38834,0,33,50.557870148631956,3.826591999768425,629.2799960001503,224.1776021012515
1789529540,100,,Aggregated,300.400000,0.000000,33,49,62,73,110,140,220,290,550,620,630,39126,0,33,50.61331356905829,3.826591999768425,629.2799960001503,224.17234064305066
1789529541,100,,Aggregated,300.100000,0.000000,33,49,62,73,110,140,220,290,550,620,630,39432,0,33,50.459723697174255,3.826591999768425,629.2799960001503,224.17049604382228
1789529542,100,,Aggregated,299.700000,0.000000,33,49,62,72,110,140,220,290,550,620,630,39746,0,33,50.30524565845555,3.826591999768425,629.2799960001503,224.18021939314647
1789529543,100,,Aggregated,298.000000,0.000000,33,49,62,72,110,140,220,290,550,610,630,40039,0,33,50.239273476060205,3.826591999768425,629.2799960001503,224.17318114838034
1789529544,100,,Aggregated,300.800000,0.000000,33,49,62,72,110,140,220,290,550,610,630,40335,0,33,50.107540762934605,3.826591999768425,629.2799960001503,224.18589314491138
1789529545,100,,Aggregated,300.100000,0.000000,33,48,62,72,110,140,220,290,550,610,630,40651,0,33,49.90465067033942,3.826591999768425,629.2799960001503,224.18233253794494
1789529546,100,,Aggregated,298.300000,0.000000,33,48,61,71,110,140,220,290,550,610,630,40948,0,33,49.75563017297473,3.826591999768425,629.2799960001503,224.17761551235714
1789529547,100,,Aggregated,300.300000,0.000000,33,48,61,71,100,140,220,290,550,610,630,41253,0,33,49.60488594131265,3.826591999768425,629.2799960001503,224.16873924320655
1789529548,100,,Aggregated,302.300000,0.000000,33,48,61,71,100,140,220,290,550,610,630,41576,0,33,49.417941167355536,3.826591999768425,629.2799960001503,224.13904656532614
1789529549,100,,Aggregated,300.700000,0.000000,32,48,60,70,100,140,220,290,550,610,630,41870,0,32,49.26125824127002,3.826591999768425,629.2799960001503,224.13443993312634
1789529550,100,,Aggregated,302.500000,0.000000,32,48,60,70,100,140,210,290,550,610,630,42178,0,32,49.143610716368165,3.826591999768425,629.2799960001503,224.14891649675187
1789529551,100,,Aggregated,302.400000,0.000000,32,47,60,70,100,140,210,290,550,610,630,42483,0,32,48.973902303367765,3.826591999768425,629.2799960001503,224.15196666902054
1789529552,100,,Aggregated,303.600000,0.000000,32,47,60,69,100,140,210,280,550,610,630,42778,0,32,48.86776967137246,3.826591999768425,629.2799960001503,224.1460563841227
1789529553,100,,Aggregated,305.500000,0.000000,32,47,60,69,100,140,210,280,550,610,630,43076,0,32,48.823978808129205,3.826591999768425,629.2799960001503,224.12993314142446
1789529554,100,,Aggregated,302.400000,0.000000,32,47,60,69,100,140,210,280,550,610,630,43385,0,32,48.65988477621241,3.826591999768425,629.2799960001503,224.1299757980869
1789529555,100,,Aggregated,303.400000,0.000000,32,47,59,69,100,140,210,280,550,610,630,43686,0,32,48.510775295357135,3.826591999768425,629.2799960001503,224.14002197500344
1789529556,100,,Aggregated,304.500000,0.000000,32,47,59,69,100,140,210,280,550,610,630,43984,0,32,48.461582989586596,3.826591999768425,629.2799960001503,224.15000909421607
1789529557,100,,Aggregated,302.400000,0.000000,32,47,59,69,100,140,210,280,550,610,630,44282,0,32,48.29876327119327,3.826591999768425,629.2799960001503,224.13895036357889
1789529558,100,,Aggregated,302.200000,0.000000,32,47,59,68,100,140,210,280,550,610,630,44578,0,32,48.17763115148688,3.826591999768425,629.2799960001503,224.1247027681816
1789529559,100,,Aggregated,301.600000,0.000000,32,47,59,68,100,140,200,280,550,610,630,44882,0,32,48.086202866850364,3.826591999768425,629.2799960001503,224.12572969119023
1789529560,100,,Aggregated,300.500000,0.000000,32,47,59,68,100,140,200,280,540,610,630,45160,0,32,48.066478413573726,3.826591999768425,629.2799960001503,224.13399025686448
1789529561,100,,Aggregated,300.800000,0.000000,32,47,59,68,100,140,200,280,540,610,630,45460,0,32,48.027396448130034,3.826591999768425,629.2799960001503,224.14549054113508
1789529562,100,,Aggregated,298.700000,0.000000,32,46,59,68,100,130,200,280,540,610,630,45766,0,32,47.886564479285845,3.826591999768425,629.2799960001503,224.15240571603374
1789529563,100,,Aggregated,295.800000,0.000000,32,46,59,68,100,130,200,280,540,610,630,46075,0,32,47.80481124147558,3.826591999768425,629.2799960001503,224.15157894736842
1789529564,100,,Aggregated,298.100000,0.000000,32,46,59,68,100,130,200,280,540,610,630,46376,0,32,47.714265461229665,3.826591999768425,629.2799960001503,224.15585647748836
1789529565,100,,Aggregated,299.200000,0.000000,31,46,58,68,100,130,200,270,540,610,630,46666,0,31,47.62575138556943,3.826591999768425,629.2799960001503,224.16461663738053
1789529566,100,,Aggregated,298.700000,0.000000,31,46,58,68,100,130,200,270,540,610,630,46962,0,31,47.523823075124355,3.826591999768425,629.2799960001503,224.16583620799796
1789529567,100,,Aggregated,297.000000,0.000000,31,46,58,68,100,130,200,270,540,610,630,47257,0,31,47.368950135048564,3.826591999768425,629.2799960001503,224.1606534481664
1789529568,100,,Aggregated,297.600000,0.000000,31,46,58,67,99,130,200,270,540,610,630,47564,0,31,47.25103154738863,3.826591999768425,629.2799960001503,224.15978471112606
1789529569,100,,Aggregated,297.500000,0.000000,31,45,58,67,99,130,200,270,540,610,630,47867,0,31,47.12450801385075,3.826591999768425,629.2799960001503,224.1657718261015
1789529570,100,,Aggregated,297.300000,0.000000,31,45,58,67,99,130,200,270,530,610,630,48161,0,31,47.061729887979745,3.826591999768425,629.2799960001503,224.1644068852391
1789529571,100,,Aggregated,298.000000,0.000000,31,45,58,67,99,130,200,270,530,610,630,48464,0,31,47.03385389883207,3.826591999768425,629.2799960001503,224.15151452624627
1789529572,100,,Aggregated,299.700000,0.000000,31,45,57,67,99,130,200,270,530,610,630,48762,0,31,46.872092235490676,3.826591999768425,629.2799960001503,224.1583405110537
1789529573,100,,Aggregated,298.300000,0.000000,31,45,57,67,98,130,200,270,530,610,630,49049,0,31,46.83834656182585,3.826591999768425,629.2799960001503,224.16247018287834
1789529574,100,,Aggregated,299.300000,0.000000,31,45,57,67,98,130,200,270,530,610,630,49354,0,31,46.73095612884467,3.826591999768425,629.2799960001503,224.17267090813309
1789529575,100,,Aggregated,296.700000,0.000000,31,45,57,66,98,130,190,270,530,610,630,49664,0,31,46.58606353360588,3.826591999768425,629.2799960001503,224.18093588917526
1789529576,100,,Aggregated,296.000000,0.000000,31,45,57,66,98,130,190,270,530,610,630,49954,0,31,46.553677080213895,3.826591999768425,629.2799960001503,224.18993473996076
1789529577,100,,Aggregated,300.000000,0.000000,31,45,57,66,98,130,190,270,530,610,630,50261,0,31,46.43846571029232,3.826591999768425,629.2799960001503,224.18885418117426
1789529578,100,,Aggregated,299.000000,0.000000,31,45,57,66,97,130,190,270,530,610,630,50574,0,31,46.29817365982526,3.826591999768425,629.2799960001503,224.18507533515245
1789529579,100,,Aggregated,300.300000,0.000000,31,45,56,66,97,130,190,270,530,610,630,50871,0,31,46.16605036293759,3.826591999768425,629.2799960001503,224.18138035422933
1789529580,100,,Aggregated,300.200000,0.000000,31,45,56,66,97,130,190,270,530,610,630,51164,0,31,46.1835772099523,3.826591999768425,629.2799960001503,224.1858142443906
1789529581,100,,Aggregated,299.700000,0.000000,31,44,56,65,97,130,190,270,530,610,630,51478,0,31,46.05454637990989,3.826591999768425,629.2799960001503,224.18644857997592
1789529582,100,,Aggregated,297.000000,0.000000,31,44,56,65,97,130,190,270,530,610,630,51779,0,31,46.00000281237557,3.826591999768425,629.2799960001503,224.18134765059193
1789529583,100,,Aggregated,303.000000,0.000000,31,44,56,65,96,130,190,270,530,610,630,52078,0,31,45.86903770292638,3.826591999768425,629.2799960001503,224.1816698029878
1789529584,100,,Aggregated,301.300000,0.000000,31,44,56,65,96,130,190,270,530,610,630,52387,0,31,45.802228861549665,3.826591999768425,629.2799960001503,224.1807700383683
1789529585,100,,Aggregated,304.400000,0.000000,30,44,56,65,96,130,190,270,530,610,630,52695,0,30,45.72592705647579,3.826591999768425,629.2799960001503,224.18185786127717
1789529586,100,,Aggregated,303.400000,0.000000,30,44,56,65,96,130,190,270,530,610,630,52984,0,30,45.70059064581733,3.826591999768425,629.2799960001503,224.1827910312547
1789529587,100,,Aggregated,303.200000,0.000000,30,44,56,65,96,130,190,260,530,610,630,53272,0,30,45.64710152813839,3.826591999768425,629.2799960001503,224.17761675927318
1789529588,100,,Aggregated,301.800000,0.000000,30,44,55,65,96,130,190,260,530,610,630,53577,0,30,45.53001180784635,3.826591999768425,629.2799960001503,224.18323161057916
1789529589,100,,Aggregated,300.100000,0.000000,30,44,55,65,95,130,190,260,530,610,630,53861,0,30,45.46066587935587,3.826591999768425,629.2799960001503,224.18518037169753
1789529590,100,,Aggregated,300.500000,0.000000,30,44,55,65,95,130,190,260,530,610,630,54170,0,30,45.45019724448939,3.826591999768425,629.2799960001503,224.18279490492893
1789529591,100,,Aggregated,299.800000,0.000000,30,44,55,64,95,130,190,260,530,610,630,54472,0,30,45.3612511657731,3.826591999768425,629.2799960001503,224.18589367014246
1789529592,100,,Aggregated,301.700000,0.000000,30,44,55,64,95,130,190,260,530,610,630,54775,0,30,45.29131702444523,3.826591999768425,629.2799960001503,224.1717571884984
1789529593,100,,Aggregated,298.900000,0.000000,30,44,55,64,94,130,190,260,530,610,630,55079,0,30,45.20418236042758,3.826591999768425,629.2799960001503,224.1766190381089
1789529594,100,,Aggregated,298.300000,0.000000,30,44,55,64,94,130,190,260,530,610,630,55383,0,30,45.111298659010636,3.826591999768425,629.2799960001503,224.17026885506382
1789529595,100,,Aggregated,297.500000,0.000000,30,44,55,64,94,130,180,260,530,610,630,55679,0,30,45.05589993220042,3.826591999768425,629.2799960001503,224.1746619012554
1789529596,100,,Aggregated,298.800000,0.000000,30,44,55,64,94,130,180,260,530,610,630,55986,0,30,45.01618042626701,3.826591999768425,629.2799960001503,224.17702639945702
1789529597,100,,Aggregated,297.500000,0.000000,30,43,55,64,94,130,180,260,530,610,630,56277,0,30,44.88837664074113,3.826591999768425,629.2799960001503,224.1764486379871
1789529598,100,,Aggregated,299.400000,0.000000,30,43,55,64,94,130,180,260,530,610,630,56586,0,30,44.84896737272445,3.826591999768425,629.2799960001503,224.17596225214717
1789529599,100,,Aggregated,300.800000,0.000000,30,43,55,63,93,130,180,260,530,610,630,56875,0,30,44.76952290429876,3.826591999768425,629.2799960001503,224.17703736263735
1789529600,100,,Aggregated,299.100000,0.000000,30,43,54,63,93,130,180,260,530,610,630,57163,0,30,44.73029056973897,3.826591999768425,629.2799960001503,224.17647779157846
1789529601,100,,Aggregated,300.300000,0.000000,30,43,55,63,93,130,180,260,530,610,630,57455,0,30,44.758155570498495,3.826591999768425,629.2799960001503,224.1896614741972
1789529602,100,,Aggregated,299.600000,0.000000,30,43,55,63,93,120,180,260,530,610,630,57756,0,30,44.69957340106636,3.826591999768425,629.2799960001503,224.18508899508276
1789529603,100,,Aggregated,298.500000,0.000000,30,43,54,63,93,120,180,260,530,610,630,58051,0,30,44.63018980729,3.826591999768425,629.2799960001503,224.1754836264664
1789529604,100,,Aggregated,298.500000,0.000000,30,43,55,63,93,120,180,260,530,610,630,58340,0,30,44.68039658393879,3.826591999768425,629.2799960001503,224.1748200205691
1789529605,100,,Aggregated,297.900000,0.000000,30,43,54,63,93,120,180,260,530,610,630,58650,0,30,44.5625954215514,3.826591999768425,629.2799960001503,224.17913043478262
1789529606,100,,Aggregated,295.000000,0.000000,30,43,54,63,93,120,180,260,530,610,630,58943,0,30,44.579116946812796,3.826591999768425,629.2799960001503,224.17304853841847
1789529607,100,,Aggregated,295.900000,0.000000,30,43,54,63,93,120,180,260,530,610,630,59242,0,30,44.470648140322474,3.826591999768425,629.2799960001503,224.1686978832585
1789529608,100,,Aggregated,295.700000,0.000000,30,43,54,63,92,120,180,250,530,610,630,59547,0,30,44.396712973314905,3.826591999768425,629.2799960001503,224.16209044956085
1789529609,100,,Aggregated,295.000000,0.000000,30,43,54,63,92,120,180,250,530,610,630,59853,0,30,44.41345586772557,3.826591999768425,629.2799960001503,224.14991729737858
1789529610,100,,Aggregated,298.300000,0.000000,30,43,54,63,92,120,180,250,530,600,630,60161,0,30,44.33230663935078,3.826591999768425,629.2799960001503,224.14725486610928
1789529611,100,,Aggregated,295.100000,0.000000,30,43,54,63,92,120,180,250,530,600,630,60458,0,30,44.237792349051816,3.826591999768425,629.2799960001503,224.14348804128485
1789529612,100,,Aggregated,298.800000,0.000000,30,43,54,63,92,120,180,250,530,600,630,60753,0,30,44.16509437260665,3.826591999768425,629.2799960001503,224.14726844764868
1789529613,100,,Aggregated,298.800000,0.000000,30,43,54,62,91,120,180,250,520,600,630,61060,0,30,44.053965781607744,3.826591999768425,629.2799960001503,224.14523419587292
1789529614,100,,Aggregated,297.800000,0.000000,30,43,54,62,91,120,180,250,520,600,630,61349,0,30,44.016999076170144,3.826591999768425,629.2799960001503,224.1482012746744
1789529615,100,,Aggregated,299.700000,0.000000,30,43,54,62,91,120,180,250,520,600,630,61645,0,30,44.02418210039683,3.826591999768425,629.2799960001503,224.15096114851164
1789529616,100,,Aggregated,302.200000,0.000000,30,43,54,63,92,120,180,250,520,600,630,61922,0,30,44.10001863384517,3.826591999768425,629.2799960001503,224.15416168728402
1789529617,100,,Aggregated,300.900000,0.000000,30,43,54,63,91,120,180,250,520,600,630,62228,0,30,44.08371657676547,3.826591999768425,629.2799960001503,224.15616764157613
1789529618,100,,Aggregated,298.400000,0.000000,30,43,54,63,91,120,180,250,520,600,630,62519,0,30,44.04137323637548,3.826591999768425,629.2799960001503,224.15198579631792
1789529619,100,,Aggregated,296.900000,0.000000,30,43,54,62,91,120,180,250,520,600,630,62819,0,30,43.97568880992948,3.826591999768425,629.2799960001503,224.1593944507235
1789529620,100,,Aggregated,295.700000,0.000000,30,43,54,62,91,120,180,250,520,600,630,63121,0,30,43.951437316059014,3.826591999768425,629.2799960001503,224.16669571141142
1789529621,100,,Aggregated,298.300000,0.000000,30,43,54,62,91,120,180,250,520,600,630,63404,0,30,43.973900074884206,3.826591999768425,629.2799960001503,224.16864866569932
1789529622,100,,Aggregated,294.900000,0.000000,30,43,54,62,91,120,170,250,520,600,630,63703,0,30,43.94135224133791,3.826591999768425,629.2799960001503,224.17958337911872
1789529623,100,,Aggregated,294.800000,0.000000,30,43,54,62,91,120,170,250,520,600,630,64009,0,30,43.87518684898917,3.826591999768425,629.2799960001503,224.17917792810385
1789529624,100,,Aggregated,295.000000,0.000000,30,43,54,62,91,120,170,250,520,600,630,64305,0,30,43.85309577018807,3.826591999768425,629.2799960001503,224.18362491252626
1789529625,100,,Aggregated,294.300000,0.000000,30,43,54,62,91,120,170,250,520,600,630,64600,0,30,43.7821209344263,3.826591999768425,629.2799960001503,224.20116099071208
1789529626,100,,Aggregated,294.300000,0.000000,30,43,54,62,90,120,170,250,520,600,630,64894,0,30,43.737965155360264,3.826591999768425,629.2799960001503,224.19217493142662
1789529627,100,,Aggregated,293.600000,0.000000,30,43,54,62,90,120,170,240,520,600,630,65198,0,30,43.7214519886031,3.826591999768425,629.2799960001503,224.20028221724593
1789529628,100,,Aggregated,297.300000,0.000000,30,43,54,62,91,120,170,240,520,600,630,65467,0,30,43.78087828640295,3.826591999768425,629.2799960001503,224.20504987245482
1789529629,100,,Aggregated,299.000000,0.000000,30,43,54,62,90,120,170,240,520,600,630,65782,0,30,43.74590248684953,3.826591999768425,629.2799960001503,224.20835486911312
1789529630,100,,Aggregated,294.900000,0.000000,30,43,54,62,90,120,170,240,520,600,630,66074,0,30,43.74153741258195,3.826591999768425,629.2799960001503,224.20723733995217
1789529631,100,,Aggregated,294.100000,0.000000,30,43,54,62,90,120,170,240,520,600,630,66384,0,30,43.66579501298419,3.826591999768425,629.2799960001503,224.22175524222703
1789529632,100,,Aggregated,294.800000,0.000000,30,43,54,62,90,120,170,240,520,600,630,66691,0,30,43.65919896164308,3.826591999768425,629.2799960001503,224.2241082005068
1789529633,100,,Aggregated,297.600000,0.000000,30,43,54,62,90,120,170,240,520,600,630,66996,0,30,43.609077285493754,3.826591999768425,629.2799960001503,224.21683384082633
1789529634,100,,Aggregated,297.400000,0.000000,30,43,54,62,90,120,170,240,520,600,630,67297,0,30,43.58442659984747,3.826591999768425,629.2799960001503,224.22164435264574
1789529635,100,,Aggregated,297.600000,0.000000,30,43,54,62,90,120,170,240,520,600,630,67593,0,30,43.52310032126009,3.826591999768425,629.2799960001503,224.22244907017
1789529636,100,,Aggregated,298.700000,0.000000,30,43,53,62,89,120,170,240,520,600,630,67897,0,30,43.44973874689507,3.826591999768425,629.2799960001503,224.22336774820684
1789529637,100,,Aggregated,299.300000,0.000000,30,43,53,62,89,120,170,240,520,600,630,68213,0,30,43.36979199431088,3.826591999768425,629.2799960001503,224.22023661178955
1789529638,100,,Aggregated,298.600000,0.000000,30,43,53,62,89,120,170,240,520,600,630,68507,0,30,43.313287991912205,3.826591999768425,629.2799960001503,224.21853241274613
1789529639,100,,Aggregated,299.100000,0.000000,30,43,53,61,89,120,170,240,520,600,630,68809,0,30,43.27054246444397,3.826591999768425,629.2799960001503,224.21879405310352
1789529640,100,,Aggregated,302.800000,0.000000,30,43,53,61,89,120,170,240,520,600,630,69089,0,30,43.27427855827882,3.826591999768425,629.2799960001503,224.2202666126301
1789529641,100,,Aggregated,302.700000,0.000000,30,42,53,61,89,120,170,240,520,600,630,69400,0,30,43.22852352280872,3.826591999768425,629.2799960001503,224.2100432276657
1789529642,100,,Aggregated,302.900000,0.000000,30,42,53,61,89,120,170,240,520,600,630,69691,0,30,43.144662418962625,3.826591999768425,629.2799960001503,224.22007145829448
1789529643,100,,Aggregated,300.100000,0.000000,30,42,53,61,89,120,170,240,520,600,630,69989,0,30,43.128700689221574,3.826591999768425,629.2799960001503,224.21387646630185
1789529644,100,,Aggregated,302.300000,0.000000,30,43,53,61,89,120,170,240,520,600,630,70290,0,30,43.19217004808549,3.826591999768425,629.2799960001503,224.2117086356523
1789529645,100,,Aggregated,300.400000,0.000000,30,43,53,61,89,120,170,240,520,600,630,70594,0,30,43.132317411804536,3.826591999768425,629.2799960001503,224.2143808255659
1789529646,100,,Aggregated,297.800000,0.000000,30,42,53,61,89,120,170,240,520,600,630,70902,0,30,43.10795826931445,3.826591999768425,629.2799960001503,224.2114608896787
1789529647,100,,Aggregated,298.900000,0.000000,30,42,53,61,88,120,170,240,510,600,630,71198,0,30,43.07271446041925,3.826591999768425,629.2799960001503,224.21841905671508
1789529648,100,,Aggregated,298.800000,0.000000,30,42,53,61,88,120,170,240,510,600,630,71494,0,30,43.01077944375652,3.826591999768425,629.2799960001503,224.2067446219263
1789529649,100,,Aggregated,299.300000,0.000000,30,42,53,61,88,120,170,240,510,600,630,71791,0,30,42.97297704511604,3.826591999768425,629.2799960001503,224.20698973408923
1789529650,100,,Aggregated,298.100000,0.000000,30,42,53,61,88,120,170,240,510,600,630,72100,0,30,42.91083642110852,3.826591999768425,629.2799960001503,224.20742024965327
1789529651,100,,Aggregated,298.700000,0.000000,30,42,53,61,88,120,170,230,510,600,630,72412,0,30,42.825538342746036,3.826591999768425,629.2799960001503,224.20554604209246
1789529652,100,,Aggregated,299.200000,0.000000,30,42,52,61,88,120,170,230,510,600,630,72710,0,30,42.73941402767059,3.826591999768425,629.2799960001503,224.19811580250308
1789529653,100,,Aggregated,300.900000,0.000000,30,42,52,60,88,120,170,230,510,600,630,73012,0,30,42.67045724393155,3.826591999768425,629.2799960001503,224.20093957157727
1789529654,100,,Aggregated,300.200000,0.000000,30,42,52,60,88,120,170,230,510,600,630,73271,0,30,42.66188586163592,3.826591999768425,629.2799960001503,224.20920964638125
1789529655,100,,Aggregated,301.400000,0.000000,30,42,52,60,88,120,170,230,510,600,630,73589,0,30,42.69844582661715,3.826591999768425,629.2799960001503,224.2019323540203
1789529656,100,,Aggregated,302.800000,0.000000,30,42,52,61,88,120,170,230,510,600,630,73884,0,30,42.69937205060542,3.826591999768425,629.2799960001503,224.19737696930324
1789529657,100,,Aggregated,298.700000,0.000000,30,42,52,60,88,120,170,230,510,600,630,74191,0,30,42.61110417293113,3.826591999768425,629.2799960001503,224.20156083622004
1789529658,100,,Aggregated,297.900000,0.000000,30,42,52,60,88,120,170,230,510,600,630,74462,0,30,42.61374438671987,3.826591999768425,629.2799960001503,224.19585829013457
1789529659,100,,Aggregated,297.900000,0.000000,30,42,52,60,87,120,160,230,510,600,630,74778,0,30,42.5582235294062,3.826591999768425,629.2799960001503,224.19501725106315
1789529660,100,,Aggregated,298.000000,0.000000,30,42,52,60,87,120,160,230,510,600,630,75098,0,30,42.537939519387194,3.826591999768425,629.2799960001503,224.19607712588885
1789529661,100,,Aggregated,298.700000,0.000000,30,42,52,60,88,120,170,230,510,600,630,75385,0,30,42.587421118603736,3.826591999768425,629.2799960001503,224.1894276049612
1789529662,100,,Aggregated,298.300000,0.000000,30,42,52,60,88,120,170,230,510,600,630,75676,0,30,42.542528076126416,3.826591999768425,629.2799960001503,224.1803742269676
1789529663,100,,Aggregated,294.500000,0.000000,30,42,52,60,87,120,170,230,510,600,630,75974,0,30,42.49103468553649,3.826591999768425,629.2799960001503,224.18039065996263
1789529664,100,,Aggregated,294.700000,0.000000,30,42,52,60,87,120,160,230,510,600,630,76268,0,30,42.478930940288706,3.826591999768425,629.2799960001503,224.18469082708344
1789529665,100,,Aggregated,293.900000,0.000000,30,42,52,60,87,120,160,230,510,600,630,76583,0,30,42.41492082156531,3.826591999768425,629.2799960001503,224.17940012796575
1789529666,100,,Aggregated,295.400000,0.000000,30,42,52,60,87,120,160,230,510,600,630,76875,0,30,42.40247781153736,3.826591999768425,629.2799960001503,224.17792520325204
1789529667,100,,Aggregated,298.500000,0.000000,30,42,52,60,87,120,160,230,510,600,630,77166,0,30,42.458910470957846,3.826591999768425,629.2799960001503,224.1829821423943
1789529668,100,,Aggregated,299.900000,0.000000,30,42,52,60,87,120,160,230,510,600,630,77463,0,30,42.403489621121416,3.826591999768425,629.2799960001503,224.17679408233607
1789529669,100,,Aggregated,296.900000,0.000000,30,42,52,60,87,120,160,230,510,600,630,77766,0,30,42.349237832213596,3.826591999768425,629.2799960001503,224.1805673430548
1789529670,100,,Aggregated,297.600000,0.000000,30,42,52,60,87,120,160,220,510,600,630,78054,0,30,42.31644804888816,3.826591999768425,629.2799960001503,224.18639659722757
1789529671,100,,Aggregated,296.600000,0.000000,30,42,52,60,87,120,160,220,510,600,630,78363,0,30,42.278269703392034,3.826591999768425,629.2799960001503,224.18880083712978
1789529672,100,,Aggregated,297.200000,0.000000,30,42,52,60,87,120,160,220,510,600,630,78661,0,30,42.270142241643484,3.826591999768425,629.2799960001503,224.19342495010233
1789529673,100,,Aggregated,299.800000,0.000000,30,42,52,60,87,120,160,220,510,600,630,78965,0,30,42.20724976233659,3.826591999768425,629.2799960001503,224.1940986513012
1789529674,100,,Aggregated,299.500000,0.000000,30,42,52,60,87,120,160,220,510,600,630,79255,0,30,42.186942136797676,3.826591999768425,629.2799960001503,224.19271970222698
1789529675,100,,Aggregated,299.100000,0.000000,30,42,52,60,87,120,160,220,510,600,630,79534,0,30,42.207726764225356,3.826591999768425,629.2799960001503,224.18467573616314
1789529676,100,,Aggregated,297.800000,0.000000,30,42,52,60,87,120,160,220,510,600,630,79825,0,30,42.14773746639404,3.826591999768425,629.2799960001503,224.18287503914814
1789529677,100,,Aggregated,296.600000,0.000000,29,41,52,60,87,120,160,220,500,600,630,80133,0,29,42.1046647028554,3.826591999768425,629.2799960001503,224.18268378820213
1789529678,100,,Aggregated,294.500000,0.000000,30,41,52,60,87,120,160,220,500,600,630,80437,0,30,42.111125480897,3.826591999768425,629.2799960001503,224.1796312642192
1789529679,100,,Aggregated,296.900000,0.000000,29,41,52,60,87,120,160,220,500,600,630,80744,0,29,42.03379997847423,3.826591999768425,629.2799960001503,224.17335034182108
1789529680,100,,Aggregated,295.100000,0.000000,29,41,52,60,86,120,160,220,500,600,630,81033,0,29,42.006986027160906,3.826591999768425,629.2799960001503,224.17518788641664
1789529681,100,,Aggregated,297.400000,0.000000,29,41,52,60,86,120,160,220,500,600,630,81338,0,29,41.952091736223245,3.826591999768425,629.2799960001503,224.1809609284713
1789529682,100,,Aggregated,296.400000,0.000000,29,41,52,60,86,110,160,220,500,600,630,81641,0,29,41.90375414329723,3.826591999768425,629.2799960001503,224.17553680136206
1789529683,100,,Aggregated,296.000000,0.000000,29,41,51,59,86,110,160,220,500,600,630,81951,0,29,41.84499954144464,3.826591999768425,629.2799960001503,224.17050432575564
1789529684,100,,Aggregated,296.100000,0.000000,29,41,51,59,86,110,160,220,500,600,630,82253,0,29,41.83949697082085,3.826591999768425,629.2799960001503,224.1770756081845
1789529685,100,,Aggregated,297.400000,0.000000,29,41,51,59,86,110,160,220,500,600,630,82555,0,29,41.780033626236076,3.826591999768425,629.2799960001503,224.17792986493853
1789529686,100,,Aggregated,298.300000,0.000000,29,41,51,59,86,110,160,220,500,600,630,82853,0,29,41.74201182044012,3.826591999768425,629.2799960001503,224.17579327242225
1789529687,100,,Aggregated,300.200000,0.000000,29,41,51,59,86,110,160,220,500,600,630,83117,0,29,41.70859098006334,3.826591999768425,629.2799960001503,224.18532911438092
1789529688,100,,Aggregated,301.400000,0.000000,29,41,51,59,86,110,160,220,500,600,630,83441,0,29,41.75123900520031,3.826591999768425,629.2799960001503,224.18486115938208
1789529689,100,,Aggregated,302.100000,0.000000,29,41,51,59,86,110,160,220,500,600,630,83722,0,29,41.75853826390807,3.826591999768425,629.2799960001503,224.17596330713553
1789529690,100,,Aggregated,301.200000,0.000000,29,41,51,59,86,110,160,220,500,600,630,84000,0,29,41.7312126360823,3.826591999768425,629.2799960001503,224.179
1789529691,100,,Aggregated,296.800000,0.000000,29,41,51,59,86,110,160,220,500,600,630,84318,0,29,41.69548542525812,3.826591999768425,629.2799960001503,224.18898693043005
1789529692,100,,Aggregated,298.000000,0.000000,29,41,51,59,86,110,160,220,500,600,630,84616,0,29,41.66684615462689,3.826591999768425,629.2799960001503,224.1821050392361
1789529693,100,,Aggregated,298.400000,0.000000,29,41,51,59,86,110,160,210,500,600,630,84912,0,29,41.59857113207687,3.826591999768425,629.2799960001503,224.18335453175052
1789529694,100,,Aggregated,297.200000,0.000000,29,41,51,59,86,110,160,210,500,600,630,85221,0,29,41.58776369235175,3.826591999768425,629.2799960001503,224.19133781579657
1789529695,100,,Aggregated,297.700000,0.000000,29,41,51,59,86,110,160,210,500,600,630,85525,0,29,41.546282463617665,3.826591999768425,629.2799960001503,224.1889856767027
1789529696,100,,Aggregated,296.500000,0.000000,29,41,51,59,86,110,160,210,500,600,630,85811,0,29,41.52018499473146,3.826591999768425,629.2799960001503,224.18784305042476
1789529697,100,,Aggregated,296.300000,0.000000,29,41,51,59,86,110,160,210,500,600,630,86131,0,29,41.47641302767765,3.826591999768425,629.2799960001503,224.1854965111284
1789529698,100,,Aggregated,297.100000,0.000000,29,41,51,59,86,110,160,210,500,600,630,86424,0,29,41.47558808055517,3.826591999768425,629.2799960001503,224.1855155975192
1789529699,100,,Aggregated,296.000000,0.000000,29,41,51,59,85,110,160,210,500,600,630,86715,0,29,41.432169907062175,3.826591999768425,629.2799960001503,224.1861615637433
1789529700,100,,Aggregated,298.200000,0.000000,29,41,51,59,85,110,160,210,500,600,630,87031,0,29,41.38927387212484,3.826591999768425,629.2799960001503,224.18604864933184
1789529701,100,,Aggregated,300.800000,0.000000,29,41,51,59,85,110,160,210,500,600,630,87328,0,29,41.38141537464393,3.826591999768425,629.2799960001503,224.19149642726273
1789529702,100,,Aggregated,299.700000,0.000000,29,41,51,59,85,110,160,210,500,600,630,87622,0,29,41.34805952663595,3.826591999768425,629.2799960001503,224.18541005683505
1789529703,100,,Aggregated,300.500000,0.000000,29,41,51,59,85,110,160,210,500,600,630,87938,0,29,41.30032140072434,3.826591999768425,629.2799960001503,224.18817803452433
1789529704,100,,Aggregated,301.300000,0.000000,29,41,51,59,85,110,160,210,500,600,630,88242,0,29,41.31977638875933,3.826591999768425,629.2799960001503,224.1839373540944
1789529705,100,,Aggregated,300.300000,0.000000,29,41,51,59,85,110,160,210,500,600,630,88543,0,29,41.27060423329788,3.826591999768425,629.2799960001503,224.18316524174693
1789529706,100,,Aggregated,300.800000,0.000000,29,41,51,58,85,110,160,210,500,600,630,88847,0,29,41.239658253085615,3.826591999768425,629.2799960001503,224.17761995340305
1789529707,100,,Aggregated,301.900000,0.000000,29,41,51,58,85,110,160,210,490,600,630,89148,0,29,41.19616177614647,3.826591999768425,629.2799960001503,224.18049759949747
1789529708,100,,Aggregated,300.800000,0.000000,29,41,51,58,85,110,160,210,490,600,630,89444,0,29,41.16847752415939,3.826591999768425,629.2799960001503,224.17856983140288
1789529709,100,,Aggregated,301.600000,0.000000,29,41,51,58,85,110,160,210,490,600,630,89749,0,29,41.11829160928709,3.826591999768425,629.2799960001503,224.178040980958
1789529710,100,,Aggregated,301.400000,0.000000,29,41,51,58,85,110,160,210,490,600,630,90036,0,29,41.122821720366375,3.826591999768425,629.2799960001503,224.17616286818605
1789529711,100,,Aggregated,301.400000,0.000000,29,41,50,58,85,110,160,210,490,600,630,90330,0,29,41.060594283979945,3.826591999768425,629.2799960001503,224.17594376176243
1789529712,100,,Aggregated,300.100000,0.000000,29,41,51,58,85,110,160,210,490,600,630,90624,0,29,41.1068458357599,3.826591999768425,629.2799960001503,224.16859772245763
1789529713,100,,Aggregated,299.800000,0.000000,29,41,50,58,85,110,160,210,490,600,630,90932,0,29,41.049684874399595,3.826591999768425,629.2799960001503,224.16669599260987
1789529714,100,,Aggregated,297.600000,0.000000,29,40,50,58,84,110,160,200,490,600,630,91234,0,29,41.00475905459482,3.826591999768425,629.2799960001503,224.16668128110135
1789529715,100,,Aggregated,299.600000,0.000000,29,41,51,58,85,110,160,200,490,600,630,91519,0,29,41.052509372140236,3.826591999768425,629.2799960001503,224.1666102120871
1789529716,100,,Aggregated,299.800000,0.000000,29,41,51,58,85,110,160,200,490,600,630,91792,0,29,41.046901190407624,3.826591999768425,629.2799960001503,224.1686966184417
1789529717,100,,Aggregated,297.800000,0.000000,29,41,50,58,85,110,160,200,490,600,630,92114,0,29,40.995318246725724,3.826591999768425,629.2799960001503,224.16646763792693
1789529718,100,,Aggregated,297.300000,0.000000,29,40,50,58,84,110,150,200,490,600,630,92405,0,29,40.94712418863588,3.826591999768425,629.2799960001503,224.16601915480763
1789529719,100,,Aggregated,296.200000,0.000000,29,40,50,58,84,110,150,200,490,600,630,92708,0,29,40.90507688807763,3.826591999768425,629.2799960001503,224.16711610648488
1789529720,100,,Aggregated,296.300000,0.000000,29,40,50,58,84,110,150,200,490,600,630,93024,0,29,40.84591991121542,3.826591999768425,629.2799960001503,224.1704936360509
1789529721,100,,Aggregated,295.800000,0.000000,29,40,50,58,84,110,150,200,490,600,630,93322,0,29,40.87579114846336,3.826591999768425,629.2799960001503,224.1685133194745
1789529722,100,,Aggregated,298.800000,0.000000,29,40,50,58,84,110,150,200,490,600,630,93603,0,29,40.8564158344593,3.826591999768425,629.2799960001503,224.16355245024198
1789529723,100,,Aggregated,299.000000,0.000000,29,40,50,58,84,110,150,200,490,600,630,93913,0,29,40.862664577788934,3.826591999768425,629.2799960001503,224.15727322095984
1789529724,100,,Aggregated,301.100000,0.000000,29,40,50,58,85,110,150,200,490,600,630,94222,0,29,40.9062012774606,3.826591999768425,629.2799960001503,224.15381757975845
1789529725,100,,Aggregated,297.000000,0.000000,29,40,50,58,84,110,150,200,490,600,630,94510,0,29,40.87881531942536,3.826591999768425,629.2799960001503,224.14750820019046
1789529726,100,,Aggregated,298.300000,0.000000,29,40,50,58,84,110,150,200,490,600,630,94808,0,29,40.83563177607262,3.826591999768425,629.2799960001503,224.15332039490337
1789529727,100,,Aggregated,296.900000,0.000000,29,40,50,58,85,110,150,200,490,600,630,95098,0,29,40.856255987474874,3.826591999768425,629.2799960001503,224.157689961934
1789529728,100,,Aggregated,298.700000,0.000000,29,40,50,58,84,110,150,200,490,600,630,95392,0,29,40.82503516648024,3.826591999768425,629.2799960001503,224.1627285306944
1789529729,100,,Aggregated,298.200000,0.000000,29,40,50,58,85,110,150,200,490,600,630,95677,0,29,40.83655380550065,3.826591999768425,629.2799960001503,224.15757183022043
1789529730,100,,Aggregated,295.900000,0.000000,29,40,50,58,85,110,150,200,490,600,630,95974,0,29,40.845680347426295,3.826591999768425,629.2799960001503,224.15592764707108
1789529731,100,,Aggregated,295.700000,0.000000,29,40,50,58,84,110,150,200,490,600,630,96286,0,29,40.78665970674752,3.826591999768425,629.2799960001503,224.15499657271047
1789529732,100,,Aggregated,294.900000,0.000000,29,40,50,58,84,110,150,200,490,600,630,96584,0,29,40.75997480644714,3.826591999768425,629.2799960001503,224.15538805599272
1789529733,100,,Aggregated,295.200000,0.000000,29,40,50,58,84,110,150,200,490,600,630,96872,0,29,40.71148352119174,3.826591999768425,629.2799960001503,224.16057271450987
1789529734,100,,Aggregated,295.200000,0.000000,29,40,50,58,84,110,150,200,490,600,630,97156,0,29,40.755410094475785,3.826591999768425,629.2799960001503,224.15875499197168
1789529735,100,,Aggregated,297.400000,0.000000,29,40,50,58,84,110,150,200,490,600,630,97470,0,29,40.704581409335105,3.826591999768425,629.2799960001503,224.15253924284394
1789529736,100,,Aggregated,293.800000,0.000000,29,40,50,58,84,110,150,200,490,600,630,97768,0,29,40.71580846200081,3.826591999768425,629.2799960001503,224.15983757466657
1789529737,100,,Aggregated,295.500000,0.000000,29,40,50,58,84,110,150,200,480,600,630,98056,0,29,40.66634558935602,3.826591999768425,629.2799960001503,224.16195847270947
1789529738,100,,Aggregated,296.200000,0.000000,29,40,50,58,84,110,150,200,480,600,630,98363,0,29,40.62561631539192,3.826591999768425,629.2799960001503,224.16490956965526
1789529739,100,,Aggregated,295.100000,0.000000,29,40,50,58,84,110,150,200,480,600,630,98660,0,29,40.599364788302225,3.826591999768425,629.2799960001503,224.16615649706063
1789529740,100,,Aggregated,298.400000,0.000000,29,40,50,57,84,110,150,200,480,600,630,98955,0,29,40.55639113029055,3.826591999768425,629.2799960001503,224.1643676418574
1789529741,100,,Aggregated,299.100000,0.000000,29,40,50,57,84,110,150,200,480,600,630,99260,0,29,40.54929730426056,3.826591999768425,629.2799960001503,224.16435623614748
1789529742,100,,Aggregated,297.800000,0.000000,29,40,50,57,84,110,150,200,480,600,630,99561,0,29,40.50944451678776,3.826591999768425,629.2799960001503,224.17099064894887
1789529743,100,,Aggregated,297.300000,0.000000,29,40,50,57,84,110,150,200,480,600,630,99872,0,29,40.455751601058445,3.826591999768425,629.2799960001503,224.1680450977251
1789529744,100,,Aggregated,297.900000,0.000000,29,40,50,57,84,110,150,200,480,590,630,100185,0,29,40.4161434101502,3.826591999768425,629.2799960001503,224.16319808354544
1789529745,100,,Aggregated,297.700000,0.000000,29,40,50,57,84,110,150,200,480,590,630,100485,0,29,40.39718460673628,3.826591999768425,629.2799960001503,224.16315868040007
1789529746,100,,Aggregated,301.700000,0.000000,29,40,50,57,83,110,150,200,480,590,630,100776,0,29,40.361392903716116,3.826591999768425,629.2799960001503,224.16513852504565
1789529747,100,,Aggregated,300.700000,0.000000,29,40,50,57,84,110,150,200,480,590,630,101084,0,29,40.36353817533824,3.826591999768425,629.2799960001503,224.162092912825
1789529748,100,,Aggregated,301.200000,0.000000,29,40,50,57,83,110,150,200,480,590,630,101374,0,29,40.38147479186861,3.826591999768425,629.2799960001503,224.16159962120466
1789529749,100,,Aggregated,300.700000,0.000000,29,40,50,57,83,110,150,200,480,590,630,101680,0,29,40.33961398436158,3.826591999768425,629.2799960001503,224.16048387096774
1789529750,100,,Aggregated,300.700000,0.000000,29,40,50,57,83,110,150,200,480,590,630,101974,0,29,40.31442781397106,3.826591999768425,629.2799960001503,224.1629238825583
1789529751,100,,Aggregated,300.300000,0.000000,29,40,50,57,83,110,150,200,480,590,630,102276,0,29,40.29730266209948,3.826591999768425,629.2799960001503,224.15806249755565
1789529752,100,,Aggregated,301.200000,0.000000,29,40,50,57,83,110,150,190,480,590,630,102583,0,29,40.2781475453817,3.826591999768425,629.2799960001503,224.16522230778978
1789529753,100,,Aggregated,300.600000,0.000000,29,40,49,57,83,110,150,190,480,590,630,102882,0,29,40.25536351365536,3.826591999768425,629.2799960001503,224.17173072063142
1789529754,100,,Aggregated,301.000000,0.000000,29,40,49,57,83,110,150,190,480,590,630,103185,0,29,40.24692106087988,3.826591999768425,629.2799960001503,224.176682657363
1789529755,100,,Aggregated,300.400000,0.000000,29,40,49,57,83,110,150,190,480,590,630,103485,0,29,40.22182544042021,3.826591999768425,629.2799960001503,224.18368845726434
1789529756,100,,Aggregated,299.800000,0.000000,29,40,50,57,83,110,150,190,480,590,630,103779,0,29,40.247037859315355,3.826591999768425,629.2799960001503,224.1847965387988
1789529757,100,,Aggregated,301.500000,0.000000,29,40,49,57,83,110,150,190,480,590,630,104089,0,29,40.20993692379494,3.826591999768425,629.2799960001503,224.18573528422792
1789529758,100,,Aggregated,296.400000,0.000000,29,40,49,57,83,110,150,190,480,590,630,104385,0,29,40.18539994570957,3.826591999768425,629.2799960001503,224.1841356516741
1789529759,100,,Aggregated,301.000000,0.000000,29,40,49,57,83,110,150,190,480,590,630,104694,0,29,40.1694625223785,3.826591999768425,629.2799960001503,224.18302863583395
1789529760,100,,Aggregated,300.600000,0.000000,29,40,49,57,82,110,150,190,480,590,630,105004,0,29,40.12166927531242,3.826591999768425,629.2799960001503,224.1805645499219
1789529761,100,,Aggregated,302.200000,0.000000,29,40,49,57,82,110,150,190,480,590,630,105301,0,29,40.12258884903189,3.826591999768425,629.2799960001503,224.1807675140787
1789529762,100,,Aggregated,302.800000,0.000000,29,40,49,57,83,110,150,190,480,590,630,105591,0,29,40.13783724197053,3.826591999768425,629.2799960001503,224.1762271405707
1789529763,100,,Aggregated,302.700000,0.000000,29,40,49,57,82,110,150,190,480,590,630,105897,0,29,40.0815926210272,3.826591999768425,629.2799960001503,224.17875860505964
1789529764,100,,Aggregated,301.700000,0.000000,29,40,49,57,83,110,150,190,480,590,630,106185,0,29,40.08593328779876,3.826591999768425,629.2799960001503,224.1714178085417
1789529765,100,,Aggregated,301.300000,0.000000,29,40,49,57,83,110,150,190,480,590,630,106483,0,29,40.0791928159792,3.826591999768425,629.2799960001503,224.17108834274015
1789529766,100,,Aggregated,299.800000,0.000000,29,40,49,57,82,110,150,190,480,590,630,106796,0,29,40.031697466327515,3.826591999768425,629.2799960001503,224.1699408217536
1789529767,100,,Aggregated,298.100000,0.000000,29,40,49,57,82,110,150,190,470,590,630,107090,0,29,40.01397306490714,3.826591999768425,629.2799960001503,224.17525445886636
1789529768,100,,Aggregated,302.200000,0.000000,29,40,49,57,83,110,150,190,470,590,630,107382,0,29,40.111021528150836,3.826591999768425,629.2799960001503,224.17102493900282
1789529769,100,,Aggregated,300.800000,0.000000,29,40,49,57,83,110,150,190,470,590,630,107666,0,29,40.099559970518975,3.826591999768425,629.2799960001503,224.169877212862
1789529770,100,,Aggregated,300.100000,0.000000,29,40,49,57,83,110,150,190,470,590,630,107965,0,29,40.12600884045659,3.826591999768425,629.2799960001503,224.16837864122633
1789529771,100,,Aggregated,295.900000,0.000000,29,40,49,57,83,110,150,190,470,590,630,108269,0,29,40.07931588002929,3.826591999768425,629.2799960001503,224.1674163426281
1789529772,100,,Aggregated,294.600000,0.000000,29,40,49,57,82,110,150,190,470,590,630,108583,0,29,40.02782908999462,3.826591999768425,629.2799960001503,224.1665454076605
1789529773,100,,Aggregated,296.300000,0.000000,29,40,49,57,82,110,150,190,470,590,630,108866,0,29,40.02410066236372,3.826591999768425,629.2799960001503,224.1656348171146
1789529774,100,,Aggregated,296.900000,0.000000,29,40,49,57,82,110,150,190,470,590,630,109171,0,29,40.019987645527486,3.826591999768425,629.2799960001503,224.16510794991345
1789529775,100,,Aggregated,298.100000,0.000000,29,40,49,57,82,110,150,190,470,590,630,109477,0,29,40.00053155007798,3.826591999768425,629.2799960001503,224.17374425678452
1789529776,100,,Aggregated,298.600000,0.000000,29,40,49,57,82,110,150,190,470,590,630,109780,0,29,39.98769203530605,3.826591999768425,629.2799960001503,224.17709054472581
1789529777,100,,Aggregated,298.300000,0.000000,29,40,49,57,82,110,150,190,470,590,630,110085,0,29,39.9265990471626,3.826591999768425,629.2799960001503,224.1760912022528
1789529778,100,,Aggregated,299.500000,0.000000,29,40,49,56,82,110,150,190,470,590,630,110381,0,29,39.90389259885206,3.826591999768425,629.2799960001503,224.18193348492946
1789529779,100,,Aggregated,298.300000,0.000000,29,40,49,56,82,110,150,190,470,590,630,110685,0,29,39.85958878277888,3.826591999768425,629.2799960001503,224.17959073045128
1789529780,100,,Aggregated,297.700000,0.000000,29,40,49,56,82,110,150,190,470,590,630,110981,0,29,39.81495437039568,3.826591999768425,629.2799960001503,224.1824997071571
1789529781,100,,Aggregated,300.000000,0.000000,29,40,49,56,82,110,150,190,470,590,630,111283,0,29,39.78210141687298,3.826591999768425,629.2799960001503,224.17989270598383
1789529782,100,,Aggregated,302.100000,0.000000,29,40,49,56,82,110,150,190,470,590,630,111579,0,29,39.83059086160357,3.826591999768425,629.2799960001503,224.17626972817465
1789529783,100,,Aggregated,301.300000,0.000000,29,40,49,56,82,110,150,190,470,590,630,111887,0,29,39.79697377776565,3.826591999768425,629.2799960001503,224.17611518764468
1789529784,100,,Aggregated,300.400000,0.000000,29,40,49,56,82,110,150,190,470,590,630,112189,0,29,39.803479239015026,3.826591999768425,629.2799960001503,224.17434864380644
1789529785,100,,Aggregated,300.200000,0.000000,29,40,49,56,82,110,150,190,470,590,630,112488,0,29,39.7571882052117,3.826591999768425,629.2799960001503,224.18025922765094
1789529786,100,,Aggregated,299.600000,0.000000,29,40,49,56,82,110,150,190,470,590,630,112780,0,29,39.73570738778907,3.826591999768425,629.2799960001503,224.17953537861322
1789529787,100,,Aggregated,301.200000,0.000000,29,40,49,56,82,110,150,190,470,590,630,113088,0,29,39.70271831439983,3.826591999768425,629.2799960001503,224.17901987832485
1789529788,100,,Aggregated,299.700000,0.000000,29,40,49,56,82,110,150,190,470,590,630,113381,0,29,39.696168361540664,3.826591999768425,629.2799960001503,224.17775465025005
1789529789,100,,Aggregated,299.300000,0.000000,29,40,49,56,82,110,150,190,470,590,630,113653,0,29,39.7545933713218,3.826591999768425,629.2799960001503,224.17689810211786
1789529790,100,,Aggregated,300.200000,0.000000,29,40,49,56,82,110,150,190,470,590,630,113949,0,29,39.73621659274617,3.826591999768425,629.2799960001503,224.17377949784552
1789529791,100,,Aggregated,300.200000,0.000000,29,40,49,56,82,110,150,190,470,590,630,114245,0,29,39.70940158335007,3.826591999768425,629.2799960001503,224.1733905203729
1789529792,100,,Aggregated,295.800000,0.000000,29,40,49,56,82,110,150,190,470,590,630,114544,0,29,39.6847135106407,3.826591999768425,629.2799960001503,224.17212599525072
1789529793,100,,Aggregated,295.300000,0.000000,29,40,49,56,81,110,150,190,470,590,630,114845,0,29,39.634249423595485,3.826591999768425,629.2799960001503,224.1742000087074
1789529794,100,,Aggregated,295.900000,0.000000,29,40,49,56,82,110,150,190,470,590,630,115129,0,29,39.68935389278824,3.826591999768425,629.2799960001503,224.17145984070044
1789529795,100,,Aggregated,295.200000,0.000000,29,40,49,56,82,110,150,190,470,590,630,115423,0,29,39.67608027723952,3.826591999768425,629.2799960001503,224.1718028469196
1789529796,100,,Aggregated,294.600000,0.000000,29,40,49,56,82,110,150,190,470,590,630,115721,0,29,39.67804431914536,3.826591999768425,629.2799960001503,224.16324608325195
1789529797,100,,Aggregated,293.400000,0.000000,29,40,49,56,82,110,150,190,470,590,630,116017,0,29,39.6683542211729,3.826591999768425,629.2799960001503,224.16204521751123
1789529798,100,,Aggregated,292.200000,0.000000,28,40,49,56,82,110,150,190,470,590,630,116301,0,28,39.633650655736524,3.826591999768425,629.2799960001503,224.16476212586306
1789529799,100,,Aggregated,293.700000,0.000000,29,40,49,56,82,110,150,190,470,590,630,116592,0,29,39.632862849190495,3.826591999768425,629.2799960001503,224.16550878276382
1789529800,100,,Aggregated,292.500000,0.000000,29,40,49,56,81,110,150,190,470,590,630,116887,0,29,39.64531592827963,3.826591999768425,629.2799960001503,224.16970236211043
1789529801,100,,Aggregated,291.900000,0.000000,29,40,49,56,81,110,150,190,470,590,630,117192,0,29,39.60133992224572,3.826591999768425,629.2799960001503,224.16613762031537
1789529802,100,,Aggregated,293.500000,0.000000,29,40,49,56,82,110,150,190,470,590,630,117466,0,29,39.68300064467852,3.826591999768425,629.2799960001503,224.16886588459639
1789529803,100,,Aggregated,293.600000,0.000000,29,40,49,56,81,110,150,190,470,590,630,117751,0,29,39.65629595992231,3.826591999768425,629.2799960001503,224.17174376438416
1789529804,100,,Aggregated,293.800000,0.000000,29,40,49,56,81,110,150,190,470,590,630,118049,0,29,39.635827028605114,3.826591999768425,629.2799960001503,224.17143728451745
1789529805,100,,Aggregated,291.000000,0.000000,29,40,49,56,81,110,150,190,470,590,630,118343,0,29,39.61400981862722,3.826591999768425,629.2799960001503,224.17416323736933
1789529806,100,,Aggregated,291.000000,0.000000,28,40,49,56,81,110,150,190,470,590,630,118650,0,28,39.56874743893633,3.826591999768425,629.2799960001503,224.16884955752212
1789529807,100,,Aggregated,291.500000,0.000000,28,40,49,56,81,110,150,190,470,590,630,118943,0,28,39.561204939246515,3.826591999768425,629.2799960001503,224.1678535096643
1789529808,100,,Aggregated,293.200000,0.000000,28,39,49,56,81,110,150,190,470,590,630,119228,0,28,39.55921270846439,3.826591999768425,629.2799960001503,224.1685006877579
1789529809,100,,Aggregated,291.000000,0.000000,28,39,49,56,81,110,150,190,470,590,630,119538,0,28,39.549283899059674,3.826591999768425,629.2799960001503,224.17253091067275
1789529810,100,,Aggregated,293.800000,0.000000,28,40,49,56,81,110,150,190,470,590,630,119826,0,28,39.56578917252352,3.826591999768425,629.2799960001503,224.1729424331948
1789529811,100,,Aggregated,292.300000,0.000000,28,39,49,56,81,110,150,190,460,590,630,120125,0,28,39.52325587964875,3.826591999768425,629.2799960001503,224.17306139438085
1789529812,100,,Aggregated,293.300000,0.000000,28,40,49,56,81,110,150,190,460,590,630,120420,0,28,39.55535819730781,3.826591999768425,629.2799960001503,224.17276199966784
1789529813,100,,Aggregated,293.800000,0.000000,28,39,49,56,81,110,150,190,460,590,630,120726,0,28,39.52788561310583,3.826591999768425,629.2799960001503,224.17490847042063
1789529814,100,,Aggregated,292.600000,0.000000,28,40,49,56,81,110,150,180,460,590,630,121023,0,28,39.525386412986116,3.826591999768425,629.2799960001503,224.1735951017575
1789529815,100,,Aggregated,296.100000,0.000000,29,40,49,56,81,110,150,180,460,590,630,121290,0,29,39.5694838886373,3.826591999768425,629.2799960001503,224.17532360458407
1789529816,100,,Aggregated,297.300000,0.000000,28,40,49,56,81,110,150,180,460,590,630,121591,0,28,39.5478424519481,3.826591999768425,629.2799960001503,224.17062118084397
1789529817,100,,Aggregated,296.000000,0.000000,29,40,49,56,81,110,150,180,460,590,630,121912,0,29,39.53158319822351,3.826591999768425,629.2799960001503,224.17053284336242
1789529818,100,,Aggregated,294.500000,0.000000,29,40,49,56,82,110,140,180,460,590,630,122200,0,29,39.56752765979401,3.826591999768425,629.2799960001503,224.17004091653027
1789529819,100,,Aggregated,296.300000,0.000000,29,40,49,56,81,110,140,180,460,590,630,122491,0,29,39.54006471267954,3.826591999768425,629.2799960001503,224.16308953310855
1789529820,100,,Aggregated,296.400000,0.000000,29,40,49,56,82,110,140,180,460,590,630,122773,0,29,39.55715771956238,3.826591999768425,629.2799960001503,224.16166420955747
1789529821,100,,Aggregated,296.100000,0.000000,28,40,49,56,82,110,140,180,460,590,630,123068,0,28,39.535343929444096,3.826591999768425,629.2799960001503,224.15594630610718
1789529822,100,,Aggregated,293.900000,0.000000,29,40,49,56,81,110,140,180,460,590,630,123369,0,29,39.52136640651887,3.826591999768425,629.2799960001503,224.15212897891692
1789529823,100,,Aggregated,292.600000,0.000000,29,40,49,56,81,110,140,180,460,590,630,123665,0,29,39.519479564919976,3.826591999768425,629.2799960001503,224.1484656127441
1789529824,100,,Aggregated,293.600000,0.000000,28,39,49,56,81,110,140,180,460,590,630,123977,0,28,39.47276165037728,3.826591999768425,629.2799960001503,224.15010848786469
1789529825,100,,Aggregated,294.300000,0.000000,28,39,49,56,81,110,140,180,460,590,630,124271,0,28,39.45488808812857,3.826591999768425,629.2799960001503,224.14921421731538
1789529826,100,,Aggregated,295.400000,0.000000,28,39,49,56,81,110,140,180,460,590,630,124562,0,28,39.49338939877189,3.826591999768425,629.2799960001503,224.14695493007497
1789529827,100,,Aggregated,296.200000,0.000000,28,39,49,56,81,110,140,180,460,590,630,124866,0,28,39.4547605979757,3.826591999768425,629.2799960001503,224.14991270642128
1789529828,100,,Aggregated,296.700000,0.000000,28,39,49,56,81,110,140,180,450,590,630,125148,0,28,39.46938563635719,3.826591999768425,629.2799960001503,224.1472097037108
1789529829,100,,Aggregated,295.200000,0.000000,28,39,49,56,81,110,140,180,450,590,630,125463,0,28,39.45312275011622,3.826591999768425,629.2799960001503,224.1466647537521
1789529830,100,,Aggregated,292.300000,0.000000,28,39,49,56,81,110,140,180,450,590,630,125761,0,28,39.420218486882526,3.826591999768425,629.2799960001503,224.14824945730393
1789529831,100,,Aggregated,295.800000,0.000000,28,39,49,56,81,110,140,180,450,590,630,126056,0,28,39.43778367149388,3.826591999768425,629.2799960001503,224.1498143682173
1789529832,100,,Aggregated,298.900000,0.000000,28,39,49,56,81,110,140,180,450,590,630,126361,0,28,39.3995403470204,3.826591999768425,629.2799960001503,224.15051321214617
1789529833,100,,Aggregated,300.100000,0.000000,28,39,49,56,81,110,140,180,450,590,630,126664,0,28,39.37166723804585,3.826591999768425,629.2799960001503,224.15178740605066
1789529834,100,,Aggregated,298.800000,0.000000,28,39,49,56,81,110,140,180,450,590,630,126957,0,28,39.35891495176986,3.826591999768425,629.2799960001503,224.15078333609017
1789529835,100,,Aggregated,298.400000,0.000000,28,39,49,56,81,110,140,180,450,590,630,127258,0,28,39.36778819281188,3.826591999768425,629.2799960001503,224.1455782740574
1789529836,100,,Aggregated,297.700000,0.000000,28,39,49,56,81,110,140,180,450,590,630,127561,0,28,39.348467794230686,3.826591999768425,629.2799960001503,224.14825064086986
1789529837,100,,Aggregated,297.900000,0.000000,28,39,49,56,81,110,140,180,450,590,630,127851,0,28,39.371358555012186,3.826591999768425,629.2799960001503,224.147398143151
1789529838,100,,Aggregated,297.400000,0.000000,28,39,49,56,81,110,140,180,440,590,630,128155,0,28,39.33932451677162,3.826591999768425,629.2799960001503,224.14923335023994
1789529839,100,,Aggregated,299.400000,0.000000,28,39,49,56,81,110,140,180,440,590,630,128462,0,28,39.31141375709444,3.826591999768425,629.2799960001503,224.14894677025111
1789529840,100,,Aggregated,300.600000,0.000000,28,39,48,56,81,110,140,180,440,590,630,128758,0,28,39.28192476627364,3.826591999768425,629.2799960001503,224.15039842184564
1789529841,100,,Aggregated,299.100000,0.000000,28,39,48,56,81,110,140,180,440,590,630,129071,0,28,39.2281677722794,3.826591999768425,629.2799960001503,224.15310952886395
1789529842,100,,Aggregated,299.700000,0.000000,28,39,48,56,81,110,140,180,440,590,630,129354,0,28,39.25168242835067,3.826591999768425,629.2799960001503,224.15411197179833
1789529843,100,,Aggregated,299.500000,0.000000,28,39,48,56,81,110,140,180,440,590,630,129653,0,28,39.2225927811687,3.826591999768425,629.2799960001503,224.1549443514612
1789529844,100,,Aggregated,298.700000,0.000000,28,39,48,56,81,110,140,180,440,590,630,129956,0,28,39.2243689830163,3.826591999768425,629.2799960001503,224.15536797069777
1789529845,100,,Aggregated,299.400000,0.000000,28,39,48,56,81,110,140,180,440,590,630,130252,0,28,39.201548637969985,3.826591999768425,629.2799960001503,224.15450050671006
1789529846,100,,Aggregated,297.900000,0.000000,28,39,48,56,81,110,140,180,440,590,630,130558,0,28,39.168525627474885,3.826591999768425,629.2799960001503,224.15567027681183
1789529847,100,,Aggregated,299.500000,0.000000,28,39,48,56,81,110,140,180,440,590,630,130848,0,28,39.13820836597323,3.826591999768425,629.2799960001503,224.15770206651993
1789529848,100,,Aggregated,300.000000,0.000000,28,39,48,56,81,110,140,180,440,590,630,131146,0,28,39.12511257464857,3.826591999768425,629.2799960001503,224.15822060909215
1789529849,100,,Aggregated,298.100000,0.000000,28,39,48,56,81,110,140,180,440,590,630,131447,0,28,39.08770956598371,3.826591999768425,629.2799960001503,224.15674758647972
1789529850,100,,Aggregated,299.000000,0.000000,28,39,48,55,81,110,140,180,440,590,630,131756,0,28,39.0619606765146,3.826591999768425,629.2799960001503,224.15951455721182
1789529851,100,,Aggregated,298.000000,0.000000,28,39,48,55,81,110,140,180,440,590,630,132051,0,28,39.054870734124414,3.826591999768425,629.2799960001503,224.16047587674458
1789529852,100,,Aggregated,298.100000,0.000000,28,39,48,55,81,110,140,180,440,590,630,132364,0,28,39.04032241208984,3.826591999768425,629.2799960001503,224.1614185125865
1789529853,100,,Aggregated,299.500000,0.000000,28,39,48,55,81,110,140,180,440,590,630,132663,0,28,39.03918866034129,3.826591999768425,629.2799960001503,224.16003708645215
1789529854,100,,Aggregated,301.000000,0.000000,28,39,48,55,80,110,140,180,440,590,630,132963,0,28,39.02569156470483,3.826591999768425,629.2799960001503,224.15647210126124
1789529855,100,,Aggregated,299.200000,0.000000,28,39,48,55,81,110,140,180,440,590,630,133250,0,28,39.04432149501579,3.826591999768425,629.2799960001503,224.15557973733584
1789529856,100,,Aggregated,299.300000,0.000000,28,39,48,56,81,110,140,180,440,590,630,133551,0,28,39.0528363283678,3.826591999768425,629.2799960001503,224.15162746815824
1789529857,100,,Aggregated,299.900000,0.000000,28,39,48,56,81,110,140,180,440,590,630,133846,0,28,39.075070489374795,3.826591999768425,629.2799960001503,224.15769615827145
1789529858,100,,Aggregated,299.200000,0.000000,28,39,48,55,81,110,140,180,440,590,630,134151,0,28,39.037957205252766,3.826591999768425,629.2799960001503,224.15779979277085
1789529859,100,,Aggregated,299.900000,0.000000,28,39,48,56,81,110,140,180,440,590,630,134444,0,28,39.048194173617766,3.826591999768425,629.2799960001503,224.1619782214156
1789529860,100,,Aggregated,298.300000,0.000000,28,39,48,55,81,110,140,180,440,590,630,134744,0,28,39.03180401222215,3.826591999768425,629.2799960001503,224.16011102535177
1789529861,100,,Aggregated,300.100000,0.000000,28,39,48,55,80,110,140,180,440,590,630,135049,0,28,38.990245365592244,3.826591999768425,629.2799960001503,224.16067501425408
1789529862,100,,Aggregated,299.100000,0.000000,28,39,48,55,81,110,140,180,440,590,630,135348,0,28,39.00328946368527,3.826591999768425,629.2799960001503,224.16159086207406
1789529863,100,,Aggregated,297.700000,0.000000,28,39,48,55,80,110,140,180,440,590,630,135633,0,28,38.98173135186036,3.826591999768425,629.2799960001503,224.16383181084248
1789529864,100,,Aggregated,297.000000,0.000000,28,39,48,55,81,110,140,180,440,590,630,135945,0,28,38.99416869247034,3.826591999768425,629.2799960001503,224.16413255360624
1789529865,100,,Aggregated,298.000000,0.000000,28,39,48,55,80,110,140,180,440,590,630,136242,0,28,38.990985469457826,3.826591999768425,629.2799960001503,224.16912552663644
1789529866,100,,Aggregated,298.700000,0.000000,28,39,48,55,80,110,140,180,440,590,630,136556,0,28,38.96892571489991,3.826591999768425,629.2799960001503,224.17412636574005
1789529867,100,,Aggregated,296.600000,0.000000,28,39,48,55,80,110,140,180,440,590,630,136863,0,28,38.949415895916935,3.826591999768425,629.2799960001503,224.1733996770493
1789529868,100,,Aggregated,299.300000,0.000000,28,39,48,55,80,110,140,180,430,590,630,137158,0,28,38.93812988898848,3.826591999768425,629.2799960001503,224.16802519721782
1789529869,100,,Aggregated,299.400000,0.000000,28,39,48,55,80,110,140,180,430,590,630,137458,0,28,38.92065807688809,3.826591999768425,629.2799960001503,224.16766575972298
1789529870,100,,Aggregated,301.800000,0.000000,28,39,48,55,80,110,140,180,430,590,630,137747,0,28,38.953981580926516,3.826591999768425,629.2799960001503,224.1670526399849
1789529871,100,,Aggregated,300.200000,0.000000,28,39,48,56,81,110,140,180,430,590,630,138026,0,28,38.99562694939277,3.826591999768425,629.2799960001503,224.1663961862258
1789529872,100,,Aggregated,300.200000,0.000000,28,39,48,56,80,110,140,180,430,590,630,138308,0,28,38.973741062627425,3.826591999768425,629.2799960001503,224.16685224282037
1789529873,100,,Aggregated,295.600000,0.000000,28,39,48,56,80,110,140,180,430,590,630,138626,0,28,38.951699696924614,3.826591999768425,629.2799960001503,224.16620258825907
1789529874,100,,Aggregated,295.600000,0.000000,28,39,48,56,80,110,140,180,430,590,630,138672,0,28,38.956957838510085,3.826591999768425,629.2799960001503,224.16932041075344
1789529875,100,,Aggregated,297.400000,0.000000,28,39,48,56,81,110,140,180,550,1200,1300,138890,0,28,39.72080267683686,3.826591999768425,1320.1184180002201,224.16124991000072
1789529876,100,,Aggregated,291.000000,0.000000,28,39,48,56,81,110,140,180,550,1200,1300,139208,0,28,39.70960898665927,3.826591999768425,1320.1184180002201,224.16514137118557
1789529877,100,,Aggregated,265.200000,0.000000,28,39,48,56,81,110,140,180,550,1200,1300,139489,0,28,39.71654414598905,3.826591999768425,1320.1184180002201,224.16672999304603
1789529878,100,,Aggregated,264.200000,0.000000,28,39,48,56,81,110,140,180,550,1200,1300,139763,0,28,39.70605605127873,3.826591999768425,1320.1184180002201,224.1670184526663
1789529879,100,,Aggregated,264.200000,0.000000,28,39,48,56,81,110,140,180,550,1200,1300,140079,0,28,39.6925825221187,3.826591999768425,1320.1184180002201,224.16798378058095
1789529880,100,,Aggregated,261.900000,0.000000,28,39,48,56,81,110,140,180,550,1200,1300,140376,0,28,39.69359785105622,3.826591999768425,1320.1184180002201,224.17089103550464
1789529881,100,,Aggregated,261.400000,0.000000,28,39,48,56,81,110,140,180,550,1200,1300,140686,0,28,39.65905262509328,3.826591999768425,1320.1184180002201,224.1637973927754
1789529882,100,,Aggregated,262.000000,0.000000,28,39,48,56,81,110,140,180,550,1200,1300,140970,0,28,39.67511470022605,3.826591999768425,1320.1184180002201,224.16188550755479
1789529883,100,,Aggregated,266.500000,0.000000,28,39,48,56,81,110,140,180,550,1200,1300,141234,0,28,39.67030683879851,3.826591999768425,1320.1184180002201,224.15853123185636
1789529884,100,,Aggregated,263.700000,0.000000,28,39,48,56,81,110,140,180,550,1200,1300,141549,0,28,39.65843681395749,3.826591999768425,1320.1184180002201,224.15965496047306
1789529885,100,,Aggregated,263.500000,0.000000,28,39,48,56,81,110,140,180,550,1200,1300,141854,0,28,39.642064077099555,3.826591999768425,1320.1184180002201,224.1633581005823
1789529886,100,,Aggregated,268.400000,0.000000,28,39,48,56,81,110,140,180,550,1200,1300,142143,0,28,39.642597884509804,3.826591999768425,1320.1184180002201,224.1646229501277
1789529887,100,,Aggregated,295.000000,0.000000,28,39,48,56,81,110,140,180,550,1200,1300,142452,0,28,39.598685971779155,3.826591999768425,1320.1184180002201,224.16609805408137
1789529888,100,,Aggregated,294.800000,0.000000,28,39,48,56,81,110,140,180,550,1200,1300,142735,0,28,39.62322255976378,3.826591999768425,1320.1184180002201,224.17249448278278
1789529889,100,,Aggregated,294.100000,0.000000,28,39,48,56,81,110,140,180,550,1200,1300,143044,0,28,39.616508415025365,3.826591999768425,1320.1184180002201,224.17291183132463
1789529890,100,,Aggregated,292.700000,0.000000,28,39,48,56,81,110,140,180,550,1200,1300,143348,0,28,39.63788713932446,3.826591999768425,1320.1184180002201,224.1734310907721
1789529891,100,,Aggregated,296.000000,0.000000,28,39,48,56,81,110,140,180,550,1200,1300,143644,0,28,39.63303891948772,3.826591999768425,1320.1184180002201,224.17984043886275
1789529892,100,,Aggregated,295.700000,0.000000,28,39,48,56,81,110,140,180,550,1200,1300,143949,0,28,39.59848267437702,3.826591999768425,1320.1184180002201,224.17863965710077
1789529893,100,,Aggregated,296.800000,0.000000,28,39,48,56,81,110,140,180,550,1200,1300,144248,0,28,39.59364150086588,3.826591999768425,1320.1184180002201,224.17882396982975
1789529894,100,,Aggregated,296.400000,0.000000,28,39,48,56,81,110,140,180,550,1200,1300,144546,0,28,39.58190067784584,3.826591999768425,1320.1184180002201,224.176033926916
1789529895,100,,Aggregated,297.600000,0.000000,28,39,48,56,81,110,140,180,550,1200,1300,144849,0,28,39.5471730060125,3.826591999768425,1320.1184180002201,224.17211717029457
1789529896,100,,Aggregated,299.800000,0.000000,28,39,48,55,81,110,140,180,540,1200,1300,145149,0,28,39.52408096752931,3.826591999768425,1320.1184180002201,224.17093469469305
1789529897,100,,Aggregated,298.600000,0.000000,28,39,48,56,81,110,140,180,540,1200,1300,145444,0,28,39.52749433282161,3.826591999768425,1320.1184180002201,224.17084926157148
1789529898,100,,Aggregated,299.000000,0.000000,28,39,48,56,81,110,140,180,540,1200,1300,145735,0,28,39.51548661793602,3.826591999768425,1320.1184180002201,224.16776340618244
1789529899,100,,Aggregated,299.900000,0.000000,28,39,48,56,81,110,140,180,540,1200,1300,145992,0,28,39.630342886897274,3.826591999768425,1320.1184180002201,224.166968053044
1789529900,100,,Aggregated,300.800000,0.000000,28,39,48,56,81,110,140,180,540,1200,1300,146289,0,28,39.60234395841734,3.826591999768425,1320.1184180002201,224.17068268974427
1789529901,100,,Aggregated,297.200000,0.000000,28,39,48,56,81,110,140,180,540,1200,1300,146601,0,28,39.59369158314004,3.826591999768425,1320.1184180002201,224.17031943847587
1789529902,100,,Aggregated,294.400000,0.000000,28,39,48,56,81,110,140,180,540,1200,1300,146886,0,28,39.6121952486344,3.826591999768425,1320.1184180002201,224.1662786106232
1789529903,100,,Aggregated,294.100000,0.000000,28,39,48,56,81,110,140,180,540,1200,1300,147191,0,28,39.57826098527702,3.826591999768425,1320.1184180002201,224.16399779877847
1789529904,100,,Aggregated,295.700000,0.000000,28,39,48,56,81,110,140,180,540,1200,1300,147470,0,28,39.59401546571441,3.826591999768425,1320.1184180002201,224.1671051739337
1789529905,100,,Aggregated,293.300000,0.000000,28,39,48,56,81,110,140,180,540,1200,1300,147768,0,28,39.590052581038535,3.826591999768425,1320.1184180002201,224.16468382870445
1789529906,100,,Aggregated,293.400000,0.000000,28,39,48,56,81,110,140,180,530,1200,1300,148072,0,28,39.554123531173374,3.826591999768425,1320.1184180002201,224.1668310011346
1789529907,100,,Aggregated,293.600000,0.000000,28,39,48,56,81,110,140,180,530,1200,1300,148371,0,28,39.54587574339934,3.826591999768425,1320.1184180002201,224.16706094856812
1789529908,100,,Aggregated,291.200000,0.000000,28,39,48,56,81,110,140,180,530,1200,1300,148655,0,28,39.54864723273958,3.826591999768425,1320.1184180002201,224.16953348356932
1789529909,100,,Aggregated,291.100000,0.000000,28,39,48,55,81,110,140,180,530,1200,1300,148969,0,28,39.52225823966664,3.826591999768425,1320.1184180002201,224.1670817418389
1789529910,100,,Aggregated,292.500000,0.000000,28,39,48,55,81,110,140,180,530,1200,1300,149283,0,28,39.51626817109046,3.826591999768425,1320.1184180002201,224.1716739347414
1789529911,100,,Aggregated,295.000000,0.000000,28,39,48,55,81,110,140,180,530,1200,1300,149554,0,28,39.51550266124544,3.826591999768425,1320.1184180002201,224.17062733193362
1789529912,100,,Aggregated,296.900000,0.000000,28,39,48,56,81,110,140,180,530,1200,1300,149870,0,28,39.524869148414666,3.826591999768425,1320.1184180002201,224.17184893574432
1789529913,100,,Aggregated,297.800000,0.000000,28,39,48,56,81,110,140,180,530,1200,1300,150153,0,28,39.52510174148964,3.826591999768425,1320.1184180002201,224.16962032060633
1789529914,100,,Aggregated,295.000000,0.000000,28,39,48,55,81,110,140,180,530,1200,1300,150443,0,28,39.49845103096123,3.826591999768425,1320.1184180002201,224.1743583948738
1789529915,100,,Aggregated,296.800000,0.000000,28,39,48,55,81,110,140,180,530,1200,1300,150755,0,28,39.473025212562746,3.826591999768425,1320.1184180002201,224.17888627242877
1789529916,100,,Aggregated,296.400000,0.000000,28,39,48,55,81,110,140,180,530,1200,1300,151052,0,28,39.491247787516265,3.826591999768425,1320.1184180002201,224.17965336440432
1789529917,100,,Aggregated,296.600000,0.000000,28,39,48,55,81,110,140,180,530,1200,1300,151348,0,28,39.474094707560745,3.826591999768425,1320.1184180002201,224.18463408832625
1789529918,100,,Aggregated,298.300000,0.000000,28,39,48,55,81,110,140,180,530,1200,1300,151670,0,28,39.463393698271936,3.826591999768425,1320.1184180002201,224.1868068833652
1789529919,100,,Aggregated,297.500000,0.000000,28,39,48,55,81,110,140,180,530,1200,1300,151978,0,28,39.447488865427296,3.826591999768425,1320.1184180002201,224.18817197225914
1789529920,100,,Aggregated,299.200000,0.000000,28,39,48,55,81,110,140,180,530,1200,1300,152279,0,28,39.42133550617558,3.826591999768425,1320.1184180002201,224.18767525397462
1789529921,100,,Aggregated,300.400000,0.000000,28,39,48,55,81,110,140,180,530,1200,1300,152568,0,28,39.40847146286842,3.826591999768425,1320.1184180002201,224.18475040637617
1789529922,100,,Aggregated,300.900000,0.000000,28,39,48,55,81,110,140,180,530,1200,1300,152878,0,28,39.406013064187846,3.826591999768425,1320.1184180002201,224.18183126414527
1789529923,100,,Aggregated,298.600000,0.000000,28,39,48,55,80,110,140,180,530,1200,1300,153186,0,28,39.37804394563414,3.826591999768425,1320.1184180002201,224.17811679918532
1789529924,100,,Aggregated,301.500000,0.000000,28,39,48,55,80,110,140,180,530,1200,1300,153486,0,28,39.37993775441352,3.826591999768425,1320.1184180002201,224.17166386510823
1789529925,100,,Aggregated,301.100000,0.000000,28,39,48,55,80,110,140,180,530,1200,1300,153782,0,28,39.372508009096755,3.826591999768425,1320.1184180002201,224.17152852739594
1789529926,100,,Aggregated,301.800000,0.000000,28,39,48,55,80,100,140,180,530,1200,1300,154082,0,28,39.34348312196702,3.826591999768425,1320.1184180002201,224.166911125245
1789529927,100,,Aggregated,301.700000,0.000000,28,39,48,55,80,100,140,180,530,1200,1300,154381,0,28,39.334813117766615,3.826591999768425,1320.1184180002201,224.16756595695065
1789529928,100,,Aggregated,301.600000,0.000000,28,39,48,55,80,100,140,180,530,1200,1300,154631,0,28,39.31453352982216,3.826591999768425,1320.1184180002201,224.16840736980296
1789529929,100,,Aggregated,302.600000,0.000000,28,39,48,55,80,110,140,180,530,1200,1300,154959,0,28,39.368241458566,3.826591999768425,1320.1184180002201,224.16964487380534
1789529930,100,,Aggregated,301.800000,0.000000,28,39,48,55,80,110,140,180,530,1200,1300,155266,0,28,39.35500269717722,3.826591999768425,1320.1184180002201,224.17080365308567
1789529931,100,,Aggregated,297.600000,0.000000,28,39,48,55,80,110,140,180,530,1200,1300,155560,0,28,39.334148221785284,3.826591999768425,1320.1184180002201,224.1673309334019
1789529932,100,,Aggregated,298.200000,0.000000,28,39,48,55,80,100,140,180,530,1200,1300,155874,0,28,39.31533123191756,3.826591999768425,1320.1184180002201,224.16757765887832
1789529933,100,,Aggregated,298.200000,0.000000,28,39,48,55,80,100,140,180,530,1200,1300,156168,0,28,39.283772503982405,3.826591999768425,1320.1184180002201,224.1703229855028
1789529934,100,,Aggregated,298.000000,0.000000,28,39,48,55,80,100,140,180,530,1200,1300,156471,0,28,39.275777834051866,3.826591999768425,1320.1184180002201,224.1710221063328
1789529935,100,,Aggregated,299.400000,0.000000,28,39,48,55,80,100,140,180,530,1200,1300,156765,0,28,39.267065987267124,3.826591999768425,1320.1184180002201,224.16529837655088
1789529936,100,,Aggregated,298.900000,0.000000,28,39,48,55,80,100,140,180,530,1200,1300,157050,0,28,39.26600833835678,3.826591999768425,1320.1184180002201,224.16920725883477
1789529937,100,,Aggregated,298.400000,0.000000,28,39,48,55,80,100,140,180,530,1200,1300,157191,0,28,39.277203036159435,3.826591999768425,1320.1184180002201,224.17186098440752
1789529938,100,,Aggregated,298.800000,0.000000,28,39,48,55,80,110,140,180,600,1200,1300,157246,0,28,39.51968816418821,3.826591999768425,1320.1184180002201,224.17028096104193
1789529939,100,,Aggregated,298.800000,0.000000,28,39,48,55,80,110,140,180,600,1200,1300,157246,0,28,39.51968816418821,3.826591999768425,1320.1184180002201,224.17028096104193
1789529940,100,,Aggregated,274.600000,0.000000,28,39,48,55,80,110,140,180,1100,2600,2900,157501,0,28,40.886812916781146,3.826591999768425,2942.9390889999922,224.16714814509115
1789529941,100,,Aggregated,249.600000,0.000000,28,39,48,55,80,110,140,180,1100,2600,2900,157800,0,28,40.86747102352942,3.826591999768425,2942.9390889999922,224.16374524714828
1789529942,100,,Aggregated,221.400000,0.000000,28,39,48,55,80,110,140,180,1100,2600,2900,158097,0,28,40.86911609003291,3.826591999768425,2942.9390889999922,224.16055333118277
1789529943,100,,Aggregated,222.400000,0.000000,28,39,48,55,80,110,140,180,1100,2600,2900,158392,0,28,40.84637691669364,3.826591999768425,2942.9390889999922,224.1590863174908
1789529944,100,,Aggregated,221.500000,0.000000,28,39,48,55,80,110,140,180,1100,2600,2900,158697,0,28,40.825095678544265,3.826591999768425,2942.9390889999922,224.16418709868492
1789529945,100,,Aggregated,222.000000,0.000000,28,39,48,55,80,110,140,180,1100,2600,2900,158997,0,28,40.82178432724476,3.826591999768425,2942.9390889999922,224.1614873236602
1789529946,100,,Aggregated,221.400000,0.000000,28,39,48,55,80,110,140,180,1100,2600,2900,159301,0,28,40.7835649644819,3.826591999768425,2942.9390889999922,224.16344530166162
1789529947,100,,Aggregated,223.200000,0.000000,28,39,48,55,80,110,140,180,1100,2600,2900,159612,0,28,40.75864138627378,3.826591999768425,2942.9390889999922,224.16354033531314
1789529948,100,,Aggregated,222.600000,0.000000,28,39,48,55,80,110,140,180,1100,2600,2900,159915,0,28,40.73586149571293,3.826591999768425,2942.9390889999922,224.16388706500328
1789529949,100,,Aggregated,224.000000,0.000000,28,39,48,55,80,110,140,180,1100,2600,2900,160194,0,28,40.732843772119644,3.826591999768425,2942.9390889999922,224.16279011698316
1789529950,100,,Aggregated,247.200000,0.000000,28,39,48,55,80,110,140,180,1100,2600,2900,160510,0,28,40.73840375540422,3.826591999768425,2942.9390889999922,224.16274998442464
1789529951,100,,Aggregated,274.700000,0.000000,28,39,48,55,80,100,140,180,1100,2600,2900,160800,0,28,40.729018801572906,3.826591999768425,2942.9390889999922,224.1624067164179
1789529952,100,,Aggregated,301.700000,0.000000,28,39,48,55,80,100,140,180,1100,2600,2900,161119,0,28,40.68740742335741,3.826591999768425,2942.9390889999922,224.16214102619801
1789529953,100,,Aggregated,301.400000,0.000000,28,39,48,55,80,100,140,180,1100,2600,2900,161419,0,28,40.66673473241642,3.826591999768425,2942.9390889999922,224.1621246569487
1789529954,100,,Aggregated,301.200000,0.000000,28,39,48,55,80,100,140,180,1100,2600,2900,161729,0,28,40.646369839150154,3.826591999768425,2942.9390889999922,224.157621700499
1789529955,100,,Aggregated,299.700000,0.000000,28,39,48,55,80,100,140,180,1100,2600,2900,162032,0,28,40.62021557486739,3.826591999768425,2942.9390889999922,224.16107312135875
1789529956,100,,Aggregated,301.500000,0.000000,28,39,48,55,80,100,140,180,1100,2600,2900,162327,0,28,40.62465116639811,3.826591999768425,2942.9390889999922,224.1633492887813
1789529957,100,,Aggregated,301.800000,0.000000,28,39,48,55,80,100,140,180,1100,2600,2900,162626,0,28,40.601016037699445,3.826591999768425,2942.9390889999922,224.16555778288836
1789529958,100,,Aggregated,301.800000,0.000000,28,39,48,55,80,100,140,180,1100,2600,2900,162922,0,28,40.60043677225863,3.826591999768425,2942.9390889999922,224.16316396803379
1789529959,100,,Aggregated,301.400000,0.000000,28,39,48,55,80,100,140,180,1100,2600,2900,163225,0,28,40.595709711483664,3.826591999768425,2942.9390889999922,224.16631030785726
1789529960,100,,Aggregated,299.600000,0.000000,28,39,48,55,80,100,140,180,1100,2600,2900,163515,0,28,40.59875541428564,3.826591999768425,2942.9390889999922,224.16797235727608
1789529961,100,,Aggregated,300.900000,0.000000,28,39,48,55,80,100,140,180,1100,2600,2900,163800,0,28,40.5868724425758,3.826591999768425,2942.9390889999922,224.16945665445667
1789529962,100,,Aggregated,301.100000,0.000000,28,39,48,55,80,100,140,180,1100,2600,2900,164089,0,28,40.57849652721948,3.826591999768425,2942.9390889999922,224.1692800858071
1789529963,100,,Aggregated,299.500000,0.000000,28,39,48,55,80,100,140,180,1100,2600,2900,164407,0,28,40.55697388671364,3.826591999768425,2942.9390889999922,224.1695000821133
1789529964,100,,Aggregated,299.000000,0.000000,28,39,48,55,80,100,140,180,1100,2600,2900,164706,0,28,40.55497136242106,3.748566000012943,2942.9390889999922,224.16734666618095
1789529965,100,,Aggregated,298.200000,0.000000,28,39,48,55,80,100,140,180,1100,2600,2900,164994,0,28,40.53155846951966,3.748566000012943,2942.9390889999922,224.16395141641513
1789529966,100,,Aggregated,298.300000,0.000000,28,39,48,55,80,100,140,180,1100,2600,2900,165301,0,28,40.53303062926982,3.748566000012943,2942.9390889999922,224.16417323549163
1789529967,100,,Aggregated,295.800000,0.000000,28,39,48,55,80,100,140,180,1100,2600,2900,165606,0,28,40.51125074676602,3.748566000012943,2942.9390889999922,224.16464983152784
1789529968,100,,Aggregated,294.700000,0.000000,28,39,48,55,80,100,140,180,1100,2600,2900,165907,0,28,40.498740375475045,3.748566000012943,2942.9390889999922,224.1606020240255
1789529969,100,,Aggregated,296.300000,0.000000,28,39,48,55,80,100,140,180,1100,2600,2900,166199,0,28,40.4958228919304,3.748566000012943,2942.9390889999922,224.16209483811576
1789529970,100,,Aggregated,297.600000,0.000000,28,39,48,55,80,100,140,180,1100,2600,2900,166501,0,28,40.472448379619024,3.748566000012943,2942.9390889999922,224.16261163596616
1789529971,100,,Aggregated,297.000000,0.000000,28,39,48,55,80,100,140,180,1100,2600,2900,166809,0,28,40.45962516262281,3.748566000012943,2942.9390889999922,224.16216151406698
1789529972,100,,Aggregated,296.800000,0.000000,28,39,48,55,80,100,140,180,1100,2600,2900,167101,0,28,40.445896446454235,3.748566000012943,2942.9390889999922,224.15880216156697
1789529973,100,,Aggregated,298.500000,0.000000,28,39,48,55,79,100,140,180,1100,2600,2900,167409,0,28,40.42956757164158,3.748566000012943,2942.9390889999922,224.16003918546792
1789529974,100,,Aggregated,299.600000,0.000000,28,39,48,55,79,100,140,180,1100,2600,2900,167701,0,28,40.425515823053786,3.748566000012943,2942.9390889999922,224.15954585840277
1789529975,100,,Aggregated,300.500000,0.000000,28,39,48,55,79,100,140,180,1100,2600,2900,167996,0,28,40.41946351677984,3.748566000012943,2942.9390889999922,224.16228957832328
1789529976,100,,Aggregated,298.100000,0.000000,28,39,48,55,79,100,140,180,1100,2600,2900,168296,0,28,40.424791151209455,3.748566000012943,2942.9390889999922,224.16036625944764
1789529977,100,,Aggregated,301.100000,0.000000,28,39,48,55,80,100,140,180,1100,2600,2900,168588,0,28,40.40966593825149,3.748566000012943,2942.9390889999922,224.16374237786795
1789529978,100,,Aggregated,301.200000,0.000000,28,39,48,55,80,100,140,180,1100,2600,2900,168876,0,28,40.41846751080048,3.748566000012943,2942.9390889999922,224.1654349937232
1789529979,100,,Aggregated,298.900000,0.000000,28,39,48,55,80,100,140,180,1100,2600,2900,169183,0,28,40.38928549916327,3.748566000012943,2942.9390889999922,224.16483925689934
1789529980,100,,Aggregated,297.700000,0.000000,28,39,48,55,79,100,140,180,1100,2600,2900,169473,0,28,40.379141200822204,3.748566000012943,2942.9390889999922,224.1653832763921
1789529981,100,,Aggregated,295.600000,0.000000,28,39,48,55,79,100,140,180,1100,2600,2900,169769,0,28,40.3543450613124,3.748566000012943,2942.9390889999922,224.16312754389787
1789529982,100,,Aggregated,296.900000,0.000000,28,39,48,55,80,100,140,180,1100,2600,2900,170045,0,28,40.431595966096864,3.748566000012943,2942.9390889999922,224.16809668029052
1789529983,100,,Aggregated,296.500000,0.000000,28,39,48,55,80,100,140,180,1100,2600,2900,170332,0,28,40.440733655760155,3.748566000012943,2942.9390889999922,224.16824789235142
1789529984,100,,Aggregated,296.300000,0.000000,28,39,48,55,80,100,140,180,1100,2600,2900,170624,0,28,40.42404228651265,3.748566000012943,2942.9390889999922,224.167104276069
1789529985,100,,Aggregated,292.300000,0.000000,28,39,48,55,80,100,140,180,1100,2600,2900,170943,0,28,40.40718672763984,3.748566000012943,2942.9390889999922,224.1669445370679
1789529986,100,,Aggregated,293.900000,0.000000,28,39,48,55,80,100,140,180,1100,2600,2900,171232,0,28,40.40667222449041,3.748566000012943,2942.9390889999922,224.16940758736683
1789529987,100,,Aggregated,292.100000,0.000000,28,39,48,55,80,100,140,180,1100,2600,2900,171528,0,28,40.38076946618595,3.748566000012943,2942.9390889999922,224.16998973928455
1789529988,100,,Aggregated,293.600000,0.000000,28,39,48,55,80,100,140,180,1100,2600,2900,171846,0,28,40.361284872560006,3.748566000012943,2942.9390889999922,224.1694540460645
1789529989,100,,Aggregated,293.700000,0.000000,28,39,48,55,80,100,140,180,1100,2600,2900,172122,0,28,40.375794104268735,3.748566000012943,2942.9390889999922,224.16995503189597
1789529990,100,,Aggregated,294.300000,0.000000,28,39,48,55,80,100,140,180,1100,2600,2900,172426,0,28,40.352108487791504,3.748566000012943,2942.9390889999922,224.16930161344578
1789529991,100,,Aggregated,296.800000,0.000000,28,39,48,55,80,100,140,180,1100,2600,2900,172728,0,28,40.34000516124739,3.748566000012943,2942.9390889999922,224.16975244314762
1789529992,100,,Aggregated,294.300000,0.000000,28,39,48,55,80,100,140,180,1000,2600,2900,173029,0,28,40.33922101996162,3.748566000012943,2942.9390889999922,224.17078639996762
1789529993,100,,Aggregated,293.100000,0.000000,28,39,48,55,80,100,140,180,1000,2600,2900,173333,0,28,40.30559690374557,3.748566000012943,2942.9390889999922,224.1715137913727
1789529994,100,,Aggregated,295.400000,0.000000,28,39,48,55,80,100,140,180,1000,2600,2900,173629,0,28,40.30178844217805,3.748566000012943,2942.9390889999922,224.1674374672434
1789529995,100,,Aggregated,299.100000,0.000000,28,39,48,55,80,100,140,180,1000,2600,2900,173922,0,28,40.29022201726597,3.748566000012943,2942.9390889999922,224.16696565126895
1789529996,100,,Aggregated,297.700000,0.000000,28,39,48,55,80,100,140,180,1000,2600,2900,174203,0,28,40.30550791418025,3.748566000012943,2942.9390889999922,224.1641934983898
1789529997,100,,Aggregated,298.200000,0.000000,28,39,48,55,80,100,140,180,1000,2600,2900,174508,0,28,40.28048803191228,3.748566000012943,2942.9390889999922,224.16488069314875
1789529998,100,,Aggregated,297.400000,0.000000,28,39,48,55,80,100,140,180,1000,2600,2900,174804,0,28,40.27825416505314,3.748566000012943,2942.9390889999922,224.1655168073957
1789529999,100,,Aggregated,295.800000,0.000000,28,39,48,55,80,100,140,180,1000,2600,2900,175117,0,28,40.2473021818667,3.748566000012943,2942.9390889999922,224.16038420027752
1789530000,100,,Aggregated,296.000000,0.000000,28,39,48,55,80,100,140,180,1000,2600,2900,175410,0,28,40.229047431400446,3.748566000012943,2942.9390889999922,224.16177526936892
1789530001,100,,Aggregated,294.600000,0.000000,28,39,48,55,80,100,140,180,1000,2600,2900,175721,0,28,40.22881816277487,3.748566000012943,2942.9390889999922,224.1624677756216
1789530002,100,,Aggregated,297.300000,0.000000,28,39,48,55,80,100,140,180,1000,2600,2900,176011,0,28,40.22151965205564,3.748566000012943,2942.9390889999922,224.15898438165797
1789530003,100,,Aggregated,299.500000,0.000000,28,39,48,55,80,100,140,180,1000,2600,2900,176300,0,28,40.24854592178084,3.748566000012943,2942.9390889999922,224.15758933635848
1789530004,100,,Aggregated,297.700000,0.000000,28,39,48,55,80,100,140,180,1000,2600,2900,176593,0,28,40.226726153658255,3.748566000012943,2942.9390889999922,224.15705605544954
1789530005,100,,Aggregated,295.000000,0.000000,28,39,48,55,79,100,140,180,1000,2600,2900,176903,0,28,40.20393353824966,3.748566000012943,2942.9390889999922,224.15503976755622
1789530006,100,,Aggregated,297.200000,0.000000,28,39,48,55,80,100,140,180,1000,2600,2900,177201,0,28,40.21158652272831,3.748566000012943,2942.9390889999922,224.15508941823128
1789530007,100,,Aggregated,296.300000,0.000000,28,39,48,55,80,100,140,170,1000,2600,2900,177507,0,28,40.21136507881931,3.748566000012943,2942.9390889999922,224.15880500487305
1789530008,100,,Aggregated,296.900000,0.000000,28,39,48,55,79,100,140,170,1000,2600,2900,177800,0,28,40.17881579323394,3.748566000012943,2942.9390889999922,224.15948256467942
1789530009,100,,Aggregated,299.200000,0.000000,28,39,48,55,79,100,140,170,1000,2600,2900,178100,0,28,40.18454265895557,3.748566000012943,2942.9390889999922,224.1582032565974
1789530010,100,,Aggregated,300.400000,0.000000,28,39,48,55,79,100,140,170,1000,2600,2900,178390,0,28,40.1808019662873,3.748566000012943,2942.9390889999922,224.15910645215538
1789530011,100,,Aggregated,298.900000,0.000000,28,39,48,55,79,100,140,170,1000,2600,2900,178700,0,28,40.15544230875768,3.748566000012943,2942.9390889999922,224.1582036933408
1789530012,100,,Aggregated,298.700000,0.000000,28,39,48,55,79,100,140,170,1000,2600,2900,178995,0,28,40.14953058734041,3.748566000012943,2942.9390889999922,224.15508254420516
1789530013,100,,Aggregated,297.200000,0.000000,28,39,48,55,79,100,140,170,1000,2600,2900,179286,0,28,40.13100489213885,3.748566000012943,2942.9390889999922,224.15387146793393
1789530014,100,,Aggregated,298.000000,0.000000,28,39,48,55,79,100,140,170,1000,2600,2900,179588,0,28,40.11332077922245,3.748566000012943,2942.9390889999922,224.15196449651424
1789530015,100,,Aggregated,300.100000,0.000000,28,39,48,55,79,100,140,170,1000,2600,2900,179885,0,28,40.12686465534087,3.748566000012943,2942.9390889999922,224.1536815187481
1789530016,100,,Aggregated,298.600000,0.000000,28,39,48,55,79,100,140,170,1000,2600,2900,180192,0,28,40.1230918117896,3.748566000012943,2942.9390889999922,224.15246514828627
1789530017,100,,Aggregated,299.700000,0.000000,28,39,48,55,79,100,140,170,1000,2600,2900,180493,0,28,40.09022345737505,3.748566000012943,2942.9390889999922,224.1469475270509
1789530018,100,,Aggregated,297.900000,0.000000,28,39,48,55,79,100,140,170,1000,2600,2900,180793,0,28,40.095421678339235,3.748566000012943,2942.9390889999922,224.14494477109182
1789530019,100,,Aggregated,298.200000,0.000000,28,39,48,55,79,100,140,170,1000,2600,2900,181088,0,28,40.067815104750096,3.748566000012943,2942.9390889999922,224.1457357748719
1789530020,100,,Aggregated,297.300000,0.000000,28,39,48,55,79,100,140,170,1000,2600,2900,181388,0,28,40.062592587431304,3.748566000012943,2942.9390889999922,224.14359274042386
1789530021,100,,Aggregated,299.200000,0.000000,28,39,48,55,79,100,140,170,1000,2600,2900,181682,0,28,40.050624632296994,3.748566000012943,2942.9390889999922,224.14378969848417
1789530022,100,,Aggregated,299.000000,0.000000,28,39,48,55,79,100,140,170,1000,2600,2900,181970,0,28,40.079320051601805,3.748566000012943,2942.9390889999922,224.14476562070672
1789530023,100,,Aggregated,299.200000,0.000000,28,39,48,55,79,100,140,170,1000,2600,2900,182281,0,28,40.07281458665459,3.748566000012943,2942.9390889999922,224.14607117582196
1789530024,100,,Aggregated,297.800000,0.000000,28,39,48,55,79,100,140,170,1000,2600,2900,182583,0,28,40.04611444558905,3.748566000012943,2942.9390889999922,224.14245028288505
1789530025,100,,Aggregated,297.600000,0.000000,28,39,48,55,79,100,140,170,1000,2600,2900,182878,0,28,40.042879290674556,3.748566000012943,2942.9390889999922,224.14017541749143
1789530026,100,,Aggregated,298.300000,0.000000,28,39,48,55,79,100,140,170,1000,2600,2900,183182,0,28,40.027715372984176,3.748566000012943,2942.9390889999922,224.14094179559126
1789530027,100,,Aggregated,298.700000,0.000000,28,39,48,55,79,100,140,170,1000,2600,2900,183486,0,28,40.002951362687014,3.748566000012943,2942.9390889999922,224.14214163478414
1789530028,100,,Aggregated,299.600000,0.000000,28,39,48,55,79,100,140,170,1000,2600,2900,183793,0,28,40.00506480606438,3.748566000012943,2942.9390889999922,224.138938914975
1789530029,100,,Aggregated,298.900000,0.000000,28,39,48,55,79,100,140,170,1000,2600,2900,184060,0,28,40.017626786814006,3.748566000012943,2942.9390889999922,224.13991089862
1789530030,100,,Aggregated,299.600000,0.000000,28,39,48,55,79,100,140,170,1000,2600,2900,184370,0,28,40.001050592927136,3.748566000012943,2942.9390889999922,224.14007701903782
1789530031,100,,Aggregated,299.000000,0.000000,28,39,48,55,79,100,140,170,1000,2600,2900,184653,0,28,39.99071932032504,3.748566000012943,2942.9390889999922,224.13862758796228
1789530032,100,,Aggregated,296.800000,0.000000,28,39,48,55,79,100,140,170,1000,2600,2900,184945,0,28,39.98414472386371,3.748566000012943,2942.9390889999922,224.13728405742248
1789530033,100,,Aggregated,297.400000,0.000000,28,39,48,55,79,100,140,170,1000,2600,2900,185251,0,28,39.95641786915578,3.748566000012943,2942.9390889999922,224.13647429703482
1789530034,100,,Aggregated,296.100000,0.000000,28,39,48,55,79,100,140,170,1000,2600,2900,185555,0,28,39.94312429891394,3.748566000012943,2942.9390889999922,224.13701597908977
1789530035,100,,Aggregated,297.100000,0.000000,28,39,48,55,79,100,140,170,1000,2600,2900,185843,0,28,39.92940924012729,3.748566000012943,2942.9390889999922,224.13284869486608
1789530036,100,,Aggregated,295.500000,0.000000,28,39,48,55,79,100,140,170,1000,2600,2900,186148,0,28,39.929547155908054,3.748566000012943,2942.9390889999922,224.13467778326924
1789530037,100,,Aggregated,295.700000,0.000000,28,39,48,55,79,100,140,170,1000,2600,2900,186429,0,28,39.91672531853395,3.748566000012943,2942.9390889999922,224.13244184112986
1789530038,100,,Aggregated,295.800000,0.000000,28,39,48,55,79,100,140,170,1000,2600,2900,186741,0,28,39.89230981531082,3.748566000012943,2942.9390889999922,224.13376280516866
1789530039,100,,Aggregated,295.500000,0.000000,28,39,48,55,79,100,140,170,1000,2600,2900,187046,0,28,39.87917372527056,3.748566000012943,2942.9390889999922,224.13308490959443
1789530040,100,,Aggregated,293.500000,0.000000,28,39,48,55,79,100,140,170,1000,2600,2900,187348,0,28,39.88333479421169,3.748566000012943,2942.9390889999922,224.1314825885518
1789530041,100,,Aggregated,294.000000,0.000000,28,39,48,55,79,100,140,170,1000,2600,2900,187648,0,28,39.858911365007714,3.748566000012943,2942.9390889999922,224.13275920873124
1789530042,100,,Aggregated,297.000000,0.000000,28,39,48,55,79,100,140,170,1000,2600,2900,187939,0,28,39.86468887473043,3.748566000012943,2942.9390889999922,224.13011136592192
1789530043,100,,Aggregated,296.400000,0.000000,28,39,48,55,79,100,140,170,990,2600,2900,188206,0,28,39.87170095984169,3.748566000012943,2942.9390889999922,224.13202554647566
1789530044,100,,Aggregated,298.600000,0.000000,28,39,48,55,79,100,140,170,990,2600,2900,188527,0,28,39.88199674744713,3.748566000012943,2942.9390889999922,224.1334238597124
1789530045,100,,Aggregated,297.100000,0.000000,28,39,48,55,79,100,140,170,990,2600,2900,188808,0,28,39.874898908912606,3.748566000012943,2942.9390889999922,224.1334636244227
1789530046,100,,Aggregated,295.800000,0.000000,28,39,48,55,79,100,140,170,980,2600,2900,189117,0,28,39.85990572322935,3.748566000012943,2942.9390889999922,224.13273793471765
1789530047,100,,Aggregated,297.000000,0.000000,28,39,48,55,79,100,140,170,980,2600,2900,189423,0,28,39.84534368193392,3.748566000012943,2942.9390889999922,224.13145710922117
1789530048,100,,Aggregated,295.700000,0.000000,28,39,48,55,79,100,140,170,980,2600,2900,189719,0,28,39.83393999537727,3.748566000012943,2942.9390889999922,224.13015038029928
1789530049,100,,Aggregated,296.200000,0.000000,28,39,48,55,79,100,140,170,940,2600,2900,190007,0,28,39.834189184977255,3.748566000012943,2942.9390889999922,224.13132147762977
1789530050,100,,Aggregated,297.800000,0.000000,28,39,48,55,79,100,140,170,940,2600,2900,190310,0,28,39.838207109726056,3.748566000012943,2942.9390889999922,224.12792286269772
1789530051,100,,Aggregated,297.700000,0.000000,28,39,48,55,79,100,140,170,940,2600,2900,190607,0,28,39.82374369462801,3.748566000012943,2942.9390889999922,224.12698379387956
1789530052,100,,Aggregated,295.200000,0.000000,28,39,48,55,79,100,140,170,940,2600,2900,190915,0,28,39.81525634747907,3.748566000012943,2942.9390889999922,224.13235733179687
1789530053,100,,Aggregated,296.000000,0.000000,28,39,48,55,79,100,140,170,940,2600,2900,191207,0,28,39.811273593994805,3.748566000012943,2942.9390889999922,224.13304429231147
1789530054,100,,Aggregated,295.100000,0.000000,28,39,48,55,79,100,140,170,940,2600,2900,191510,0,28,39.80753285401789,3.748566000012943,2942.9390889999922,224.13296955772543
1789530055,100,,Aggregated,298.000000,0.000000,28,39,48,55,79,100,140,170,940,2600,2900,191808,0,28,39.79523131007034,3.748566000012943,2942.9390889999922,224.13187145478813
1789530056,100,,Aggregated,299.500000,0.000000,28,39,48,55,79,100,140,170,930,2600,2900,192108,0,28,39.80581224597609,3.748566000012943,2942.9390889999922,224.1276469485914
1789530057,100,,Aggregated,297.300000,0.000000,28,39,48,55,79,100,140,170,930,2600,2900,192404,0,28,39.77825304151149,3.748566000012943,2942.9390889999922,224.1255535227958
1789530058,100,,Aggregated,299.600000,0.000000,28,39,48,55,79,100,140,170,930,2600,2900,192698,0,28,39.777507170717776,3.748566000012943,2942.9390889999922,224.1191605517442
1789530059,100,,Aggregated,299.200000,0.000000,28,39,48,55,79,100,140,170,930,2600,2900,192997,0,28,39.7760120748767,3.748566000012943,2942.9390889999922,224.11754068716095
1789530060,100,,Aggregated,297.400000,0.000000,28,39,48,55,79,100,140,170,910,2600,2900,193286,0,28,39.764605953462656,3.748566000012943,2942.9390889999922,224.1190619082603
1789530061,100,,Aggregated,296.800000,0.000000,28,39,48,55,79,100,140,170,910,2600,2900,193602,0,28,39.74474623530745,3.748566000012943,2942.9390889999922,224.11848018098988
1789530062,100,,Aggregated,298.900000,0.000000,28,39,48,55,79,100,140,170,910,2600,2900,193872,0,28,39.786745445448524,3.748566000012943,2942.9390889999922,224.12189485846332
1789530063,100,,Aggregated,296.800000,0.000000,28,39,48,55,79,100,140,170,900,2600,2900,194158,0,28,39.776618008209795,3.748566000012943,2942.9390889999922,224.12129296758312
1789530064,100,,Aggregated,299.200000,0.000000,28,39,48,55,79,100,140,170,900,2600,2900,194472,0,28,39.75781513274916,3.748566000012943,2942.9390889999922,224.11950306470854
1789530065,100,,Aggregated,295.100000,0.000000,28,39,48,55,79,100,140,170,900,2600,2900,194774,0,28,39.73482745620046,3.748566000012943,2942.9390889999922,224.11528746136548
1789530066,100,,Aggregated,294.300000,0.000000,28,39,48,55,79,100,140,170,900,2600,2900,195078,0,28,39.728122806872086,3.748566000012943,2942.9390889999922,224.11650724325654
1789530067,100,,Aggregated,295.600000,0.000000,28,39,48,55,79,100,140,170,900,2600,2900,195387,0,28,39.71929290272124,3.748566000012943,2942.9390889999922,224.1169780998736
1789530069,100,,Aggregated,295.800000,0.000000,28,39,48,55,79,100,140,170,900,2600,2900,195678,0,28,39.72821904010164,3.748566000012943,2942.9390889999922,224.11503592636882
1789530070,100,,Aggregated,296.200000,0.000000,28,39,48,55,79,100,140,170,900,2600,2900,195971,0,28,39.71889895670282,3.748566000012943,2942.9390889999922,224.11584877354304
1789530071,100,,Aggregated,298.100000,0.000000,28,39,48,55,79,100,140,170,880,2600,2900,196263,0,28,39.703703888746226,3.748566000012943,2942.9390889999922,224.11545732002466
1789530072,100,,Aggregated,296.600000,0.000000,28,39,48,55,79,100,140,170,880,2600,2900,196569,0,28,39.68765095167091,3.748566000012943,2942.9390889999922,224.1129730527194
1789530073,100,,Aggregated,297.500000,0.000000,28,38,48,55,79,100,140,170,880,2600,2900,196868,0,28,39.658457514557945,3.748566000012943,2942.9390889999922,224.11276591421662
1789530074,100,,Aggregated,295.900000,0.000000,28,39,48,55,79,100,140,170,870,2600,2900,197161,0,28,39.66016150890893,3.748566000012943,2942.9390889999922,224.1129229411496
1789530075,100,,Aggregated,299.000000,0.000000,28,39,48,55,79,100,140,170,870,2600,2900,197465,0,28,39.653758920780874,3.748566000012943,2942.9390889999922,224.11778289823513
1789530076,100,,Aggregated,299.500000,0.000000,28,38,48,55,78,100,140,170,870,2600,2900,197774,0,28,39.63696526296173,3.748566000012943,2942.9390889999922,224.11647638213313
1789530077,100,,Aggregated,298.500000,0.000000,28,38,47,54,78,100,140,170,870,2600,2900,198082,0,28,39.62177054338609,3.748566000012943,2942.9390889999922,224.11666380589855
1789530078,100,,Aggregated,299.000000,0.000000,28,38,48,55,78,100,140,170,870,2600,2900,198373,0,28,39.616868811350336,3.748566000012943,2942.9390889999922,224.11513663653824
1789530079,100,,Aggregated,299.700000,0.000000,28,39,47,54,78,100,140,170,870,2600,2900,198655,0,28,39.604560726108076,3.748566000012943,2942.9390889999922,224.11397145805543
1789530080,100,,Aggregated,298.300000,0.000000,28,38,47,54,78,100,140,170,870,2600,2900,198952,0,28,39.591996927439745,3.748566000012943,2942.9390889999922,224.11355502834854
1789530081,100,,Aggregated,297.400000,0.000000,28,38,47,54,78,100,140,170,850,2600,2900,199245,0,28,39.57773018793942,3.748566000012943,2942.9390889999922,224.11247961052976
1789530082,100,,Aggregated,297.600000,0.000000,28,38,47,54,78,100,140,170,850,2600,2900,199557,0,28,39.54738864043848,3.748566000012943,2942.9390889999922,224.11052982355918
1789530083,100,,Aggregated,297.300000,0.000000,28,38,47,54,78,100,140,170,850,2600,2900,199842,0,28,39.56393279105987,3.748566000012943,2942.9390889999922,224.1095915773461
1789530084,100,,Aggregated,298.100000,0.000000,28,38,47,54,78,100,140,170,850,2600,2900,200131,0,28,39.55001931780675,3.748566000012943,2942.9390889999922,224.10888368118881
1789530085,100,,Aggregated,296.200000,0.000000,28,39,48,55,78,100,140,170,850,2600,2900,200433,0,28,39.56632402087971,3.748566000012943,2942.9390889999922,224.10599053050146
1789530086,100,,Aggregated,297.200000,0.000000,28,39,48,55,78,100,140,170,850,2600,2900,200725,0,28,39.58200423124167,3.748566000012943,2942.9390889999922,224.10136754265787
1789530087,100,,Aggregated,295.900000,0.000000,28,39,48,54,78,100,140,170,850,2600,2900,201037,0,28,39.569633596059326,3.748566000012943,2942.9390889999922,224.10210558255446
1789530088,100,,Aggregated,294.800000,0.000000,28,39,48,55,78,100,140,170,850,2600,2900,201341,0,28,39.55782930070864,3.748566000012943,2942.9390889999922,224.10251761936217
1789530089,100,,Aggregated,295.400000,0.000000,28,39,48,54,78,100,140,170,850,2600,2900,201641,0,28,39.547217879622636,3.748566000012943,2942.9390889999922,224.1026229784617
1789530090,100,,Aggregated,296.200000,0.000000,28,39,47,54,78,100,130,170,850,2600,2900,201948,0,28,39.53923845146766,3.748566000012943,2942.9390889999922,224.10725533305603
1789530091,100,,Aggregated,297.800000,0.000000,28,39,47,54,78,100,130,170,850,2600,2900,202232,0,28,39.54089293179115,3.748566000012943,2942.9390889999922,224.1071887732901
1789530092,100,,Aggregated,299.100000,0.000000,28,38,47,54,78,100,130,170,850,2600,2900,202541,0,28,39.52212321123124,3.748566000012943,2942.9390889999922,224.1037271466024
1789530093,100,,Aggregated,298.400000,0.000000,28,39,47,54,78,100,130,170,850,2600,2900,202838,0,28,39.51455761633904,3.748566000012943,2942.9390889999922,224.1039055798223
1789530094,100,,Aggregated,297.900000,0.000000,28,39,47,54,78,100,130,170,840,2600,2900,203124,0,28,39.50979170962062,3.748566000012943,2942.9390889999922,224.1035722022016
1789530095,100,,Aggregated,300.100000,0.000000,28,39,47,54,78,100,130,170,840,2600,2900,203416,0,28,39.501259276482585,3.748566000012943,2942.9390889999922,224.10575372635387
1789530096,100,,Aggregated,298.600000,0.000000,28,39,47,54,78,100,130,170,840,2600,2900,203736,0,28,39.48375890404728,3.748566000012943,2942.9390889999922,224.10302057564692
1789530097,100,,Aggregated,298.700000,0.000000,28,39,47,54,78,100,130,170,840,2600,2900,204020,0,28,39.49504765614144,3.748566000012943,2942.9390889999922,224.10498480541122
1789530098,100,,Aggregated,300.400000,0.000000,28,38,47,54,78,100,130,170,840,2600,2900,204325,0,28,39.48175188175205,3.748566000012943,2942.9390889999922,224.10621803499328
1789530099,100,,Aggregated,297.500000,0.000000,28,38,47,54,78,100,130,170,840,2600,2900,204629,0,28,39.4758580129795,3.748566000012943,2942.9390889999922,224.10509263105425
1789530100,100,,Aggregated,297.400000,0.000000,28,39,47,54,78,100,130,170,840,2600,2900,204923,0,28,39.481391366361876,3.748566000012943,2942.9390889999922,224.1031021408041
1789530101,100,,Aggregated,297.700000,0.000000,28,39,47,54,78,100,130,170,840,2600,2900,205216,0,28,39.466755407560704,3.748566000012943,2942.9390889999922,224.1012299235927
1789530102,100,,Aggregated,297.000000,0.000000,28,39,47,54,78,100,130,170,840,2600,2900,205514,0,28,39.45905067210012,3.748566000012943,2942.9390889999922,224.10119018655664
1789530103,100,,Aggregated,297.800000,0.000000,28,39,47,54,78,100,130,170,840,2600,2900,205787,0,28,39.461915682603774,3.748566000012943,2942.9390889999922,224.10160019826324
1789530104,100,,Aggregated,297.400000,0.000000,28,39,47,54,78,100,130,170,830,2600,2900,206100,0,28,39.44969441362927,3.748566000012943,2942.9390889999922,224.1009412906356
1789530105,100,,Aggregated,294.200000,0.000000,28,39,47,54,78,100,130,170,830,2600,2900,206403,0,28,39.448073132987375,3.748566000012943,2942.9390889999922,224.10194134775173
1789530106,100,,Aggregated,297.100000,0.000000,28,38,47,54,78,100,130,170,830,2600,2900,206697,0,28,39.439439345844356,3.748566000012943,2942.9390889999922,224.10119159929752
1789530107,100,,Aggregated,297.300000,0.000000,28,38,47,54,78,100,130,170,830,2600,2900,207006,0,28,39.42115623461633,3.748566000012943,2942.9390889999922,224.09940774663536
1789530108,100,,Aggregated,294.500000,0.000000,28,39,47,54,78,100,130,170,830,2600,2900,207306,0,28,39.42242686554653,3.748566000012943,2942.9390889999922,224.10151659865127
1789530109,100,,Aggregated,298.200000,0.000000,28,38,47,54,78,100,130,170,830,2600,2900,207612,0,28,39.402514514218744,3.748566000012943,2942.9390889999922,224.10407394562935
1789530110,100,,Aggregated,297.400000,0.000000,28,39,47,54,78,100,130,170,830,2600,2900,207880,0,28,39.44697434988924,3.748566000012943,2942.9390889999922,224.1018135462767
1789530111,100,,Aggregated,298.900000,0.000000,28,38,47,54,78,100,130,170,830,2600,2900,208173,0,28,39.42844935617957,3.748566000012943,2942.9390889999922,224.10057980621886
1789530112,100,,Aggregated,294.000000,0.000000,28,38,47,54,78,100,130,170,830,2600,2900,208484,0,28,39.41194884696657,3.748566000012943,2942.9390889999922,224.1021517238733
1789530113,100,,Aggregated,294.800000,0.000000,28,38,47,54,78,100,130,170,830,2600,2900,208768,0,28,39.40122883364775,3.748566000012943,2942.9390889999922,224.10231932096872
1789530114,100,,Aggregated,295.000000,0.000000,28,38,47,54,78,100,130,170,820,2600,2900,209070,0,28,39.38815107261672,3.748566000012943,2942.9390889999922,224.101100110011
1789530115,100,,Aggregated,297.000000,0.000000,28,38,47,54,78,100,130,170,820,2600,2900,209372,0,28,39.36845520246728,3.748566000012943,2942.9390889999922,224.10207668647192
1789530116,100,,Aggregated,295.300000,0.000000,28,38,47,54,78,100,130,170,820,2600,2900,209663,0,28,39.39201435485985,3.748566000012943,2942.9390889999922,224.1043197893763
1789530117,100,,Aggregated,297.200000,0.000000,28,38,47,54,78,100,130,170,820,2600,2900,209962,0,28,39.36326672463579,3.748566000012943,2942.9390889999922,224.1028567074042
1789530118,100,,Aggregated,297.200000,0.000000,28,38,47,54,78,100,130,170,820,2500,2900,210269,0,28,39.348691799746945,3.748566000012943,2942.9390889999922,224.103096509709
1789530119,100,,Aggregated,294.900000,0.000000,28,38,47,54,78,100,130,170,820,2500,2900,210570,0,28,39.34095975888299,3.748566000012943,2942.9390889999922,224.1064776558864
1789530120,100,,Aggregated,295.800000,0.000000,28,38,47,54,78,100,130,170,820,2500,2900,210875,0,28,39.32540983937877,3.748566000012943,2942.9390889999922,224.10676467101362
1789530121,100,,Aggregated,294.100000,0.000000,28,38,47,54,78,100,130,170,820,2500,2900,211179,0,28,39.34786683853035,3.748566000012943,2942.9390889999922,224.10615638865607
1789530122,100,,Aggregated,299.900000,0.000000,28,38,47,54,78,100,130,170,820,2500,2900,211468,0,28,39.36249176569508,3.748566000012943,2942.9390889999922,224.10243630241928
1789530123,100,,Aggregated,299.400000,0.000000,28,38,47,54,78,100,130,170,820,2500,2900,211771,0,28,39.343097948888236,3.748566000012943,2942.9390889999922,224.1026297273942
1789530124,100,,Aggregated,297.300000,0.000000,28,38,47,54,78,100,130,170,810,2500,2900,212068,0,28,39.330438486891076,3.748566000012943,2942.9390889999922,224.1062960937058
1789530125,100,,Aggregated,299.300000,0.000000,28,38,47,54,78,100,130,170,810,2500,2900,212368,0,28,39.327373108429775,3.748566000012943,2942.9390889999922,224.10281209975136
1789530126,100,,Aggregated,300.000000,0.000000,28,38,47,54,78,100,130,170,810,2500,2900,212673,0,28,39.315642564387645,3.748566000012943,2942.9390889999922,224.10205808917917
1789530127,100,,Aggregated,299.100000,0.000000,28,38,47,54,78,100,130,170,810,2500,2900,212968,0,28,39.31544842135915,3.748566000012943,2942.9390889999922,224.1012828218324
1789530128,100,,Aggregated,299.300000,0.000000,28,38,47,54,78,100,130,170,800,2500,2900,213251,0,28,39.30520847533666,3.748566000012943,2942.9390889999922,224.10027151103628
1789530129,100,,Aggregated,299.900000,0.000000,28,38,47,54,78,100,130,170,800,2500,2900,213559,0,28,39.313298612538,3.748566000012943,2942.9390889999922,224.1000332460819
1789530130,100,,Aggregated,300.100000,0.000000,28,38,47,54,78,100,130,170,800,2500,2900,213834,0,28,39.35241261388748,3.748566000012943,2942.9390889999922,224.09840811096458
1789530131,100,,Aggregated,299.000000,0.000000,28,38,47,54,78,100,130,170,800,2500,2900,214127,0,28,39.341681279068105,3.748566000012943,2942.9390889999922,224.0959944332102
1789530132,100,,Aggregated,295.100000,0.000000,28,38,47,54,78,100,130,170,800,2500,2900,214420,0,28,39.338298644767356,3.748566000012943,2942.9390889999922,224.0956767092622
1789530133,100,,Aggregated,294.100000,0.000000,28,38,47,54,78,100,130,170,800,2500,2900,214719,0,28,39.32543420136088,3.748566000012943,2942.9390889999922,224.09844494432258
1789530134,100,,Aggregated,295.600000,0.000000,28,38,47,54,78,100,130,170,800,2500,2900,215027,0,28,39.31960117061584,3.748566000012943,2942.9390889999922,224.0986527273319
1789530135,100,,Aggregated,294.800000,0.000000,28,38,47,54,78,100,130,170,800,2500,2900,215318,0,28,39.3268925665621,3.748566000012943,2942.9390889999922,224.09816178861033
1789530136,100,,Aggregated,294.800000,0.000000,28,39,47,54,78,100,130,170,800,2500,2900,215590,0,28,39.3367342531195,3.748566000012943,2942.9390889999922,224.09810288046756
1789530137,100,,Aggregated,293.500000,0.000000,28,39,47,54,78,100,130,170,800,2500,2900,215892,0,28,39.34616007733049,3.748566000012943,2942.9390889999922,224.09848905934447
1789530138,100,,Aggregated,293.400000,0.000000,28,39,47,54,78,100,130,170,800,2500,2900,216197,0,28,39.35208359045698,3.748566000012943,2942.9390889999922,224.0976100500932
1789530139,100,,Aggregated,291.800000,0.000000,28,39,47,54,78,100,130,170,800,2500,2900,216503,0,28,39.333578098377416,3.748566000012943,2942.9390889999922,224.09760141891798
1789530140,100,,Aggregated,291.600000,0.000000,28,39,47,54,78,100,130,170,800,2500,2900,216800,0,28,39.34292067710331,3.748566000012943,2942.9390889999922,224.09548892988929
1789530141,100,,Aggregated,293.900000,0.000000,28,39,47,54,78,100,130,170,800,2500,2900,217091,0,28,39.338017948182994,3.748566000012943,2942.9390889999922,224.09442123349194
1789530142,100,,Aggregated,296.200000,0.000000,28,39,47,54,78,100,130,170,800,2500,2900,217385,0,28,39.336553870354514,3.748566000012943,2942.9390889999922,224.0948777514548
1789530143,100,,Aggregated,295.700000,0.000000,28,39,47,54,78,100,130,170,800,2500,2900,217692,0,28,39.32895173270501,3.748566000012943,2942.9390889999922,224.09581426970215
1789530144,100,,Aggregated,296.500000,0.000000,28,39,47,54,78,100,130,170,800,2500,2900,217978,0,28,39.30734271092952,3.748566000012943,2942.9390889999922,224.0990742184991
1789530145,100,,Aggregated,295.900000,0.000000,28,39,47,54,78,100,130,170,800,2500,2900,218296,0,28,39.306571749821344,3.748566000012943,2942.9390889999922,224.09799996335252
1789530146,100,,Aggregated,296.400000,0.000000,28,39,47,54,78,100,130,170,800,2500,2900,218600,0,28,39.29092095172917,3.748566000012943,2942.9390889999922,224.0965782250686
1789530147,100,,Aggregated,296.800000,0.000000,28,39,47,54,78,100,130,170,800,2500,2900,218898,0,28,39.28121409257278,3.748566000012943,2942.9390889999922,224.09845224716534
1789530148,100,,Aggregated,298.100000,0.000000,28,39,47,54,78,100,130,170,790,2500,2900,219203,0,28,39.274975568783155,3.748566000012943,2942.9390889999922,224.09741654995597
1789530149,100,,Aggregated,301.200000,0.000000,28,39,47,54,78,100,130,170,790,2500,2900,219492,0,28,39.28750628426082,3.748566000012943,2942.9390889999922,224.09745685491953
1789530150,100,,Aggregated,299.000000,0.000000,28,39,47,54,78,100,130,170,790,2500,2900,219796,0,28,39.27172927113311,3.748566000012943,2942.9390889999922,224.09483339096252
1789530151,100,,Aggregated,297.100000,0.000000,28,39,47,54,78,100,130,170,790,2500,2900,220087,0,28,39.2741435037325,3.748566000012943,2942.9390889999922,224.09479433133262
1789530152,100,,Aggregated,298.800000,0.000000,28,39,47,54,78,100,130,170,790,2500,2900,220364,0,28,39.270699127874636,3.748566000012943,2942.9390889999922,224.09426222068942
1789530153,100,,Aggregated,300.300000,0.000000,28,39,47,54,78,100,130,170,790,2500,2900,220686,0,28,39.2602114728255,3.748566000012943,2942.9390889999922,224.09780865120578
1789530154,100,,Aggregated,297.600000,0.000000,28,39,47,54,78,100,130,170,790,2500,2900,220973,0,28,39.2606880968352,3.748566000012943,2942.9390889999922,224.09901662194025
1789530155,100,,Aggregated,298.200000,0.000000,28,39,47,54,78,100,130,170,780,2500,2900,221265,0,28,39.24992945975169,3.748566000012943,2942.9390889999922,224.10098750367206
1789530156,100,,Aggregated,298.200000,0.000000,28,39,47,54,78,100,130,170,780,2500,2900,221563,0,28,39.23814405584857,3.748566000012943,2942.9390889999922,224.1015873589002
1789530157,100,,Aggregated,298.700000,0.000000,28,39,47,54,78,100,130,170,780,2500,2900,221855,0,28,39.254115827297,3.748566000012943,2942.9390889999922,224.10011043248969
1789530158,100,,Aggregated,297.100000,0.000000,28,39,47,54,78,100,130,170,780,2500,2900,222159,0,28,39.23985575929838,3.748566000012943,2942.9390889999922,224.09892464406124
1789530159,100,,Aggregated,295.100000,0.000000,28,39,47,54,78,100,130,170,780,2500,2900,222459,0,28,39.22860459930573,3.748566000012943,2942.9390889999922,224.09672344117342
1789530160,100,,Aggregated,297.300000,0.000000,28,39,47,54,78,100,130,170,780,2500,2900,222745,0,28,39.2325959252327,3.748566000012943,2942.9390889999922,224.0964376304743
1789530161,100,,Aggregated,296.900000,0.000000,28,39,47,54,78,100,130,170,770,2500,2900,223045,0,28,39.22851277997244,3.748566000012943,2942.9390889999922,224.09529467147885
1789530162,100,,Aggregated,295.500000,0.000000,28,39,47,54,78,100,130,170,770,2500,2900,223320,0,28,39.23757892842991,3.748566000012943,2942.9390889999922,224.09486387247
1789530163,100,,Aggregated,295.100000,0.000000,28,39,47,54,78,100,130,170,770,2500,2900,223612,0,28,39.24529443368406,3.748566000012943,2942.9390889999922,224.09342521868237
1789530164,100,,Aggregated,297.100000,0.000000,28,39,47,54,78,100,130,170,770,2500,2900,223932,0,28,39.22802774609677,3.748566000012943,2942.9390889999922,224.09209492167264
1789530165,100,,Aggregated,295.400000,0.000000,28,39,47,54,78,100,130,170,760,2500,2900,224216,0,28,39.23378336277491,3.748566000012943,2942.9390889999922,224.08998911763658
1789530166,100,,Aggregated,294.100000,0.000000,28,39,47,54,78,100,130,170,760,2500,2900,224520,0,28,39.22573073542191,3.748566000012943,2942.9390889999922,224.08940851594514
1789530167,100,,Aggregated,293.400000,0.000000,28,38,47,54,78,100,130,160,760,2500,2900,224832,0,28,39.20604110060812,3.748566000012943,2942.9390889999922,224.09135710219186
1789530168,100,,Aggregated,293.900000,0.000000,28,38,47,54,78,100,130,160,750,2500,2900,225123,0,28,39.199809268866034,3.748566000012943,2942.9390889999922,224.09115905527202
1789530169,100,,Aggregated,295.600000,0.000000,28,38,47,54,78,100,130,160,750,2500,2900,225419,0,28,39.20117647238656,3.748566000012943,2942.9390889999922,224.09090626788335
1789530170,100,,Aggregated,295.400000,0.000000,28,38,47,54,78,100,130,160,750,2500,2900,225727,0,28,39.19226750454265,3.748566000012943,2942.9390889999922,224.09243023652465
1789530171,100,,Aggregated,296.000000,0.000000,28,38,47,54,78,100,130,160,750,2500,2900,226029,0,28,39.189203837427485,3.748566000012943,2942.9390889999922,224.0918598940844
1789530172,100,,Aggregated,297.200000,0.000000,28,38,47,54,78,100,130,160,750,2500,2900,226337,0,28,39.164500954045934,3.748566000012943,2942.9390889999922,224.09554337116776
1789530173,100,,Aggregated,297.900000,0.000000,28,38,47,54,78,100,130,160,750,2500,2900,226635,0,28,39.16527382938602,3.748566000012943,2942.9390889999922,224.09630021841286
1789530174,100,,Aggregated,299.000000,0.000000,28,38,47,54,78,100,130,160,750,2500,2900,226910,0,28,39.143690040513434,3.748566000012943,2942.9390889999922,224.09645233793134
1789530175,100,,Aggregated,299.600000,0.000000,28,38,47,54,78,100,130,160,740,2500,2900,227230,0,28,39.14600041555647,3.748566000012943,2942.9390889999922,224.09481142454783
1789530176,100,,Aggregated,300.400000,0.000000,28,38,47,54,78,100,130,160,740,2500,2900,227497,0,28,39.15483696842988,3.748566000012943,2942.9390889999922,224.09542543418155
1789530177,100,,Aggregated,299.600000,0.000000,28,38,47,54,78,100,130,160,740,2500,2900,227807,0,28,39.15005302481435,3.748566000012943,2942.9390889999922,224.09231059625034
1789530178,100,,Aggregated,298.600000,0.000000,28,38,47,54,78,100,130,160,740,2500,2900,228113,0,28,39.13473598841316,3.748566000012943,2942.9390889999922,224.09397097052778
1789530179,100,,Aggregated,297.500000,0.000000,28,38,47,54,78,100,130,160,740,2500,2900,228409,0,28,39.151180008965895,3.748566000012943,2942.9390889999922,224.0939104851385
1789530180,100,,Aggregated,298.000000,0.000000,28,38,47,54,78,100,130,160,740,2500,2900,228706,0,28,39.14346781864007,3.748566000012943,2942.9390889999922,224.09330756517102
1789530181,100,,Aggregated,295.900000,0.000000,28,38,47,54,78,100,130,160,740,2500,2900,228989,0,28,39.13681315088455,3.748566000012943,2942.9390889999922,224.09358091436707
1789530182,100,,Aggregated,296.200000,0.000000,28,38,47,54,78,100,130,160,740,2500,2900,229279,0,28,39.13162616516517,3.748566000012943,2942.9390889999922,224.09602711107428
1789530183,100,,Aggregated,296.600000,0.000000,28,38,47,54,78,100,130,160,740,2500,2900,229588,0,28,39.159140912251104,3.748566000012943,2942.9390889999922,224.09562346464102
1789530184,100,,Aggregated,295.800000,0.000000,28,38,47,54,78,100,130,160,740,2500,2900,229872,0,28,39.15072754273638,3.748566000012943,2942.9390889999922,224.09580549175192
1789530185,100,,Aggregated,293.900000,0.000000,28,38,47,54,78,100,130,160,730,2500,2900,230179,0,28,39.138468950472905,3.748566000012943,2942.9390889999922,224.09631634510532
1789530186,100,,Aggregated,294.000000,0.000000,28,38,47,54,78,100,130,160,730,2500,2900,230472,0,28,39.133972254919954,3.748566000012943,2942.9390889999922,224.09697056475406
1789530187,100,,Aggregated,295.300000,0.000000,28,38,47,54,78,100,130,160,730,2500,2900,230754,0,28,39.13546777643252,3.748566000012943,2942.9390889999922,224.09647070039955
1789530188,100,,Aggregated,296.600000,0.000000,28,38,47,54,78,100,130,160,720,2500,2900,231066,0,28,39.12404157292249,3.748566000012943,2942.9390889999922,224.09594661265612
1789530189,100,,Aggregated,295.100000,0.000000,28,38,47,54,78,100,130,160,720,2500,2900,231367,0,28,39.12390633903671,3.748566000012943,2942.9390889999922,224.0945424369076
1789530190,100,,Aggregated,294.100000,0.000000,28,39,47,54,78,100,130,160,720,2500,2900,231665,0,28,39.124760475962795,3.748566000012943,2942.9390889999922,224.0936697386312
1789530191,100,,Aggregated,297.400000,0.000000,28,39,47,54,78,100,130,160,720,2500,2900,231971,0,28,39.10696328722087,3.748566000012943,2942.9390889999922,224.09725353600234
1789530192,100,,Aggregated,295.300000,0.000000,28,39,47,54,78,100,130,160,700,2500,2900,232252,0,28,39.1046700738203,3.748566000012943,2942.9390889999922,224.09418218142363
1789530193,100,,Aggregated,295.800000,0.000000,28,39,47,54,78,100,130,160,700,2500,2900,232554,0,28,39.11069129904838,3.748566000012943,2942.9390889999922,224.09369436775975
1789530194,100,,Aggregated,295.700000,0.000000,28,39,47,54,78,100,130,160,700,2500,2900,232860,0,28,39.09196471079142,3.748566000012943,2942.9390889999922,224.09462337885424
1789530195,100,,Aggregated,297.300000,0.000000,28,39,47,54,78,100,130,160,680,2500,2900,233153,0,28,39.099364791304005,3.748566000012943,2942.9390889999922,224.095533834006
1789530196,100,,Aggregated,296.800000,0.000000,28,38,47,54,78,100,130,160,680,2500,2900,233456,0,28,39.07770661256037,3.748566000012943,2942.9390889999922,224.09665632924404
1789530197,100,,Aggregated,296.700000,0.000000,28,38,47,54,78,100,130,160,680,2500,2900,233739,0,28,39.105825915888566,3.748566000012943,2942.9390889999922,224.09312951625532
1789530198,100,,Aggregated,297.800000,0.000000,28,38,47,54,78,100,130,160,680,2500,2900,234045,0,28,39.105068203041654,3.748566000012943,2942.9390889999922,224.09312739003184
1789530199,100,,Aggregated,296.600000,0.000000,28,39,47,54,78,100,130,160,680,2500,2900,234350,0,28,39.10267678861487,3.748566000012943,2942.9390889999922,224.08953701728186
1789530200,100,,Aggregated,296.300000,0.000000,28,39,47,54,78,100,130,160,680,2500,2900,234654,0,28,39.09968727148862,3.748566000012943,2942.9390889999922,224.0883939758112
1789530201,100,,Aggregated,296.800000,0.000000,28,39,47,54,78,100,130,160,680,2500,2900,234926,0,28,39.0936788868873,3.748566000012943,2942.9390889999922,224.08871304155352
1789530202,100,,Aggregated,298.700000,0.000000,28,39,47,54,78,100,130,160,680,2500,2900,235254,0,28,39.09255421202996,3.748566000012943,2942.9390889999922,224.08971154581857
1789530203,100,,Aggregated,299.100000,0.000000,28,39,47,54,78,100,130,160,680,2500,2900,235540,0,28,39.09018610917423,3.748566000012943,2942.9390889999922,224.09305850386346
1789530204,100,,Aggregated,297.800000,0.000000,28,38,47,54,78,100,130,160,680,2500,2900,235843,0,28,39.0755941497814,3.748566000012943,2942.9390889999922,224.09188739966842
1789530205,100,,Aggregated,298.600000,0.000000,28,38,47,54,78,100,130,160,670,2500,2900,236143,0,28,39.08258098806184,3.748566000012943,2942.9390889999922,224.0924778629898
1789530206,100,,Aggregated,298.900000,0.000000,28,39,47,54,78,100,130,160,670,2500,2900,236431,0,28,39.089227844859074,3.748566000012943,2942.9390889999922,224.09349873747522
1789530207,100,,Aggregated,298.400000,0.000000,28,38,47,54,78,100,130,160,670,2500,2900,236733,0,28,39.075150674911754,3.748566000012943,2942.9390889999922,224.0945622283332
1789530208,100,,Aggregated,297.600000,0.000000,28,38,47,54,78,100,130,160,670,2500,2900,237024,0,28,39.0669627862026,3.748566000012943,2942.9390889999922,224.0954375928176
1789530209,100,,Aggregated,299.700000,0.000000,28,38,47,54,78,100,130,160,670,2500,2900,237326,0,28,39.0533049681193,3.748566000012943,2942.9390889999922,224.09446921112732
1789530210,100,,Aggregated,299.700000,0.000000,28,38,47,54,78,100,130,160,670,2500,2900,237610,0,28,39.03984742053317,3.748566000012943,2942.9390889999922,224.09167543453557
1789530211,100,,Aggregated,298.200000,0.000000,28,38,47,54,78,100,130,160,670,2500,2900,237909,0,28,39.03972549737455,3.748566000012943,2942.9390889999922,224.0939098562896
1789530212,100,,Aggregated,296.900000,0.000000,28,38,47,54,78,100,130,160,670,2500,2900,238200,0,28,39.03364034335389,3.748566000012943,2942.9390889999922,224.0930604534005
1789530213,100,,Aggregated,294.200000,0.000000,28,38,47,54,78,100,130,160,670,2500,2900,238495,0,28,39.04336578205371,3.748566000012943,2942.9390889999922,224.09557433069875
1789530214,100,,Aggregated,295.500000,0.000000,28,39,47,54,78,100,130,160,670,2500,2900,238787,0,28,39.04764492789351,3.748566000012943,2942.9390889999922,224.09440212406872
1789530215,100,,Aggregated,294.500000,0.000000,28,39,47,54,78,100,130,160,660,2500,2900,239069,0,28,39.0469791227634,3.748566000012943,2942.9390889999922,224.09338308187176
1789530216,100,,Aggregated,292.400000,0.000000,28,39,47,54,78,100,130,160,660,2500,2900,239371,0,28,39.04695227053793,3.748566000012943,2942.9390889999922,224.0930187867369
1789530217,100,,Aggregated,293.400000,0.000000,28,39,47,54,78,100,130,160,660,2500,2900,239671,0,28,39.03195569162286,3.748566000012943,2942.9390889999922,224.0905366106037
1789530218,100,,Aggregated,291.600000,0.000000,28,39,47,54,78,100,130,160,660,2500,2900,239965,0,28,39.01704310647361,3.748566000012943,2942.9390889999922,224.09188423311733
1789530219,100,,Aggregated,292.700000,0.000000,28,38,47,54,78,100,130,160,660,2500,2900,240284,0,28,39.00558123322382,3.748566000012943,2942.9390889999922,224.09350601787884
1789530220,100,,Aggregated,293.700000,0.000000,28,39,47,54,78,100,130,160,660,2500,2900,240578,0,28,39.0289422887627,3.748566000012943,2942.9390889999922,224.09285138291946
1789530221,100,,Aggregated,294.700000,0.000000,28,39,47,54,78,100,130,160,660,2500,2900,240847,0,28,39.03388297962171,3.748566000012943,2942.9390889999922,224.0919754034719
1789530222,100,,Aggregated,295.000000,0.000000,28,39,47,54,78,100,130,160,660,2500,2900,241150,0,28,39.02590552498433,3.748566000012943,2942.9390889999922,224.09057018453245
1789530223,100,,Aggregated,295.100000,0.000000,28,39,47,54,78,100,130,160,660,2500,2900,241452,0,28,39.01283102159006,3.748566000012943,2942.9390889999922,224.0920928383281
1789530224,100,,Aggregated,292.700000,0.000000,28,39,47,54,78,100,130,160,660,2500,2900,241747,0,28,39.00792791546106,3.748566000012943,2942.9390889999922,224.09044166008266
1789530225,100,,Aggregated,294.500000,0.000000,28,39,47,54,78,100,130,160,650,2500,2900,242060,0,28,39.00443394826469,3.748566000012943,2942.9390889999922,224.0926836321573
1789530226,100,,Aggregated,298.100000,0.000000,28,39,47,54,78,100,130,160,650,2500,2900,242364,0,28,38.99455692200557,3.748566000012943,2942.9390889999922,224.09099123632222
1789530227,100,,Aggregated,297.500000,0.000000,28,38,47,54,78,100,130,160,650,2500,2900,242664,0,28,38.97997492088219,3.748566000012943,2942.9390889999922,224.09184304223123
1789530228,100,,Aggregated,298.100000,0.000000,28,39,47,54,78,100,130,160,650,2500,2900,242947,0,28,38.98932144582545,3.748566000012943,2942.9390889999922,224.0910815939279
1789530229,100,,Aggregated,298.100000,0.000000,28,39,47,54,78,100,130,160,640,2500,2900,243241,0,28,38.97945790209689,3.748566000012943,2942.9390889999922,224.09244329697708
1789530230,100,,Aggregated,297.700000,0.000000,28,39,47,54,78,100,130,160,640,2500,2900,243548,0,28,39.000095564110325,3.748566000012943,2942.9390889999922,224.0947739254685
1789530231,100,,Aggregated,296.900000,0.000000,28,39,47,54,78,100,130,160,640,2500,2900,243851,0,28,38.99498596997733,3.748566000012943,2942.9390889999922,224.09233917433187
1789530232,100,,Aggregated,294.800000,0.000000,28,39,47,54,78,100,130,160,630,2500,2900,244134,0,28,38.97815154877626,3.748566000012943,2942.9390889999922,224.09235092203463
1789530233,100,,Aggregated,297.200000,0.000000,28,39,47,54,78,100,130,160,630,2500,2900,244457,0,28,38.97941063535891,3.748566000012943,2942.9390889999922,224.0898972007347
1789530234,100,,Aggregated,300.200000,0.000000,28,39,47,54,78,100,130,160,630,2500,2900,244737,0,28,38.98942777944049,3.748566000012943,2942.9390889999922,224.0895696196325
1789530235,100,,Aggregated,299.500000,0.000000,28,39,47,54,78,100,130,160,620,2500,2900,245036,0,28,38.97600128424369,3.748566000012943,2942.9390889999922,224.09082338921627
1789530236,100,,Aggregated,296.500000,0.000000,28,39,47,54,78,100,130,160,620,2500,2900,245325,0,28,38.9804289780044,3.748566000012943,2942.9390889999922,224.0880342402935
1789530237,100,,Aggregated,297.200000,0.000000,28,39,47,54,78,100,130,160,620,2500,2900,245628,0,28,38.9952062602632,3.748566000012943,2942.9390889999922,224.0890859348283
1789530238,100,,Aggregated,298.000000,0.000000,28,39,47,54,78,100,130,160,620,2500,2900,245929,0,28,38.97412267306795,3.748566000012943,2942.9390889999922,224.0888589796242
1789530239,100,,Aggregated,297.100000,0.000000,28,39,47,54,78,100,130,160,620,2500,2900,246235,0,28,38.978439828578075,3.748566000012943,2942.9390889999922,224.08828558084755
1789530240,100,,Aggregated,296.200000,0.000000,28,39,47,54,78,100,130,160,620,2500,2900,246489,0,28,38.9936853279778,3.748566000012943,2942.9390889999922,224.08977276876453
1789530241,100,,Aggregated,296.500000,0.000000,28,39,47,54,78,100,130,160,620,2500,2900,246800,0,28,38.99754555886112,3.748566000012943,2942.9390889999922,224.0883670988655
1789530242,100,,Aggregated,297.500000,0.000000,28,39,47,54,78,100,130,160,620,2500,2900,247103,0,28,38.98404807983282,3.748566000012943,2942.9390889999922,224.08596415260033
1789530243,100,,Aggregated,295.100000,0.000000,28,39,47,54,78,100,130,160,620,2500,2900,247401,0,28,38.97130227677708,3.748566000012943,2942.9390889999922,224.08722276789504
1789530244,100,,Aggregated,293.400000,0.000000,28,38,47,54,78,100,130,160,620,2500,2900,247704,0,28,38.94933762897221,3.748566000012943,2942.9390889999922,224.0862723250331
1789530245,100,,Aggregated,294.700000,0.000000,28,38,47,54,78,100,130,160,620,2500,2900,248017,0,28,38.93612729152416,3.748566000012943,2942.9390889999922,224.08677630968845
1789530246,100,,Aggregated,296.200000,0.000000,28,38,47,54,78,100,130,160,620,2500,2900,248299,0,28,38.92006300700748,3.748566000012943,2942.9390889999922,224.08713687932695
1789530247,100,,Aggregated,296.400000,0.000000,28,38,47,54,78,100,130,160,620,2500,2900,248616,0,28,38.91423006275524,3.748566000012943,2942.9390889999922,224.08692521800688
1789530248,100,,Aggregated,298.000000,0.000000,28,38,47,54,78,100,130,160,620,2500,2900,248917,0,28,38.90935236098764,3.748566000012943,2942.9390889999922,224.08709730552755
1789530249,100,,Aggregated,296.800000,0.000000,28,38,47,54,78,100,130,160,620,2500,2900,249225,0,28,38.89634503608371,3.748566000012943,2942.9390889999922,224.08328618718025
1789530250,100,,Aggregated,298.400000,0.000000,28,38,47,54,78,100,130,160,620,2500,2900,249508,0,28,38.915609783253295,3.748566000012943,2942.9390889999922,224.0830995398945
1789530251,100,,Aggregated,299.500000,0.000000,28,38,47,54,78,100,130,160,620,2500,2900,249800,0,28,38.91593439652912,3.748566000012943,2942.9390889999922,224.08381104883907
1789530252,100,,Aggregated,297.200000,0.000000,28,38,47,54,78,100,130,160,610,2500,2900,250103,0,28,38.900049929548885,3.748566000012943,2942.9390889999922,224.08471709655623
1789530253,100,,Aggregated,298.200000,0.000000,28,38,47,54,78,100,130,160,610,2500,2900,250392,0,28,38.92442722276654,3.748566000012943,2942.9390889999922,224.08511454040064
1789530254,100,,Aggregated,300.700000,0.000000,28,38,47,54,78,100,130,160,610,2500,2900,250703,0,28,38.91714132550053,3.748566000012943,2942.9390889999922,224.08463400916622
1789530255,100,,Aggregated,297.900000,0.000000,28,38,47,54,78,100,130,160,610,2500,2900,251001,0,28,38.90371269938748,3.748566000012943,2942.9390889999922,224.08275265835593
1789530256,100,,Aggregated,299.400000,0.000000,28,38,47,54,78,100,130,160,610,2500,2900,251309,0,28,38.89975050189193,3.748566000012943,2942.9390889999922,224.08158482187267
1789530257,100,,Aggregated,298.300000,0.000000,28,38,47,54,78,100,130,160,610,2500,2900,251617,0,28,38.89027991185795,3.748566000012943,2942.9390889999922,224.08067817357332
1789530258,100,,Aggregated,298.300000,0.000000,28,38,47,54,78,100,130,160,610,2500,2900,251765,0,28,38.90245611399108,3.748566000012943,2942.9390889999922,224.08507139594462
1789530259,100,,Aggregated,299.700000,0.000000,28,38,47,54,78,100,130,160,870,2500,2900,251960,0,28,39.23440946926877,3.748566000012943,2942.9390889999922,224.07992935386568
1789530260,100,,Aggregated,295.200000,0.000000,28,38,47,54,78,100,130,160,870,2500,2900,252246,0,28,39.22962069812786,3.748566000012943,2942.9390889999922,224.08251468804264
1789530261,100,,Aggregated,270.700000,0.000000,28,38,47,54,78,100,130,160,870,2500,2900,252546,0,28,39.22669023430955,3.748566000012943,2942.9390889999922,224.08151386282103
1789530262,100,,Aggregated,274.100000,0.000000,28,39,47,54,78,100,130,160,870,2500,2900,252832,0,28,39.25899297770829,3.748566000012943,2942.9390889999922,224.08401230856853
1789530263,100,,Aggregated,275.300000,0.000000,28,39,47,54,78,100,130,160,860,2500,2900,253125,0,28,39.258681039703454,3.748566000012943,2942.9390889999922,224.08287209876542
1789530264,100,,Aggregated,270.800000,0.000000,28,38,47,54,78,100,130,160,860,2500,2900,253423,0,28,39.23890436549936,3.748566000012943,2942.9390889999922,224.08265232437466
1789530265,100,,Aggregated,273.200000,0.000000,28,38,47,54,78,100,130,160,860,2500,2900,253730,0,28,39.22654887697928,3.748566000012943,2942.9390889999922,224.08206755212234
1789530266,100,,Aggregated,271.400000,0.000000,28,38,47,54,78,100,130,160,850,2500,2900,254027,0,28,39.24023747014666,3.748566000012943,2942.9390889999922,224.0833690906872
1789530267,100,,Aggregated,271.700000,0.000000,28,38,47,54,78,100,130,160,850,2500,2900,254313,0,28,39.22683758641885,3.748566000012943,2942.9390889999922,224.08261866282888
1789530268,100,,Aggregated,271.600000,0.000000,28,38,47,54,78,100,130,160,850,2500,2900,254617,0,28,39.23777357776559,3.748566000012943,2942.9390889999922,224.08299917130435
1789530269,100,,Aggregated,270.200000,0.000000,28,39,47,54,78,100,130,160,850,2500,2900,254911,0,28,39.23504432342633,3.748566000012943,2942.9390889999922,224.08355465240808
1789530270,100,,Aggregated,273.500000,0.000000,28,39,47,54,78,100,130,160,850,2500,2900,255210,0,28,39.222125491179526,3.748566000012943,2942.9390889999922,224.0836409231613
1789530271,100,,Aggregated,296.600000,0.000000,28,39,47,54,78,100,130,160,850,2500,2900,255503,0,28,39.224687719779936,3.748566000012943,2942.9390889999922,224.08478569723252
1789530272,100,,Aggregated,296.700000,0.000000,28,39,47,54,78,100,130,160,850,2500,2900,255780,0,28,39.214887798654814,3.748566000012943,2942.9390889999922,224.08467823911172
1789530273,100,,Aggregated,295.700000,0.000000,28,39,47,54,78,100,130,160,850,2500,2900,256087,0,28,39.225510181637254,3.748566000012943,2942.9390889999922,224.08352630160843
1789530274,100,,Aggregated,297.900000,0.000000,28,39,47,54,78,100,130,160,850,2500,2900,256377,0,28,39.23310631746578,3.748566000012943,2942.9390889999922,224.0809159948045
1789530275,100,,Aggregated,295.000000,0.000000,28,39,47,54,78,100,130,160,850,2500,2900,256688,0,28,39.212997880165496,3.748566000012943,2942.9390889999922,224.0809971638721
1789530276,100,,Aggregated,294.200000,0.000000,28,38,47,54,78,100,130,160,850,2500,2900,256978,0,28,39.19832588906803,3.748566000012943,2942.9390889999922,224.08225217722918
1789530277,100,,Aggregated,295.200000,0.000000,28,38,47,54,78,100,130,160,850,2500,2900,257288,0,28,39.19175458191956,3.748566000012943,2942.9390889999922,224.0838671061223
1789530278,100,,Aggregated,294.300000,0.000000,28,38,47,54,78,100,130,160,850,2500,2900,257594,0,28,39.175861626862144,3.748566000012943,2942.9390889999922,224.08390335178615
1789530279,100,,Aggregated,296.900000,0.000000,28,38,47,54,78,100,130,160,850,2500,2900,257891,0,28,39.17426669544469,3.748566000012943,2942.9390889999922,224.0839230527626
1789530280,100,,Aggregated,297.000000,0.000000,28,38,47,54,78,100,130,160,850,2500,2900,258173,0,28,39.17143783979318,3.748566000012943,2942.9390889999922,224.08233626289348
1789530281,100,,Aggregated,296.300000,0.000000,28,38,47,54,78,100,130,160,850,2500,2900,258483,0,28,39.16099270905607,3.748566000012943,2942.9390889999922,224.08333623487812
1789530282,100,,Aggregated,296.600000,0.000000,28,38,47,54,78,100,130,160,850,2500,2900,258778,0,28,39.15962693960821,3.748566000012943,2942.9390889999922,224.08335329896667
1789530283,100,,Aggregated,296.100000,0.000000,28,38,47,54,78,100,130,160,850,2500,2900,259053,0,28,39.157579648141244,3.748566000012943,2942.9390889999922,224.08142349248996
1789530284,100,,Aggregated,296.400000,0.000000,28,38,47,54,78,100,130,160,850,2500,2900,259373,0,28,39.147805357912944,3.748566000012943,2942.9390889999922,224.08140014573607
1789530285,100,,Aggregated,298.100000,0.000000,28,38,47,54,78,100,130,160,850,2500,2900,259662,0,28,39.14751922324777,3.748566000012943,2942.9390889999922,224.08278839414317
1789530286,100,,Aggregated,298.300000,0.000000,28,39,47,54,78,100,130,160,850,2500,2900,259977,0,28,39.15487207052916,3.748566000012943,2942.9390889999922,224.08002631001972
1789530287,100,,Aggregated,296.800000,0.000000,28,38,47,54,78,100,130,160,850,2500,2900,260268,0,28,39.14508717431631,3.748566000012943,2942.9390889999922,224.0795103508691
1789530288,100,,Aggregated,296.400000,0.000000,28,39,47,54,78,100,130,160,850,2500,2900,260558,0,28,39.16597356229686,3.748566000012943,2942.9390889999922,224.08115275677585
1789530289,100,,Aggregated,296.600000,0.000000,28,39,47,54,78,100,130,160,850,2500,2900,260864,0,28,39.147811701104466,3.748566000012943,2942.9390889999922,224.07942452772326
1789530290,100,,Aggregated,296.100000,0.000000,28,38,47,54,78,100,130,160,850,2500,2900,261168,0,28,39.14140486734562,3.748566000012943,2942.9390889999922,224.07951586718127
1789530291,100,,Aggregated,296.400000,0.000000,28,38,47,54,78,100,130,160,850,2500,2900,261457,0,28,39.133674115751035,3.748566000012943,2942.9390889999922,224.07599720030444
1789530292,100,,Aggregated,295.100000,0.000000,28,39,47,54,78,100,130,160,850,2500,2900,261747,0,28,39.140172468157886,3.748566000012943,2942.9390889999922,224.0762262795753
1789530293,100,,Aggregated,297.200000,0.000000,28,38,47,54,78,100,130,160,850,2500,2900,262061,0,28,39.12275473158516,3.748566000012943,2942.9390889999922,224.08153826780787
1789530294,100,,Aggregated,296.900000,0.000000,28,38,47,54,78,100,130,160,850,2500,2900,262359,0,28,39.11110688045365,3.748566000012943,2942.9390889999922,224.0829931506066
1789530295,100,,Aggregated,296.800000,0.000000,28,38,47,54,78,100,130,160,850,2500,2900,262662,0,28,39.09442910676437,3.748566000012943,2942.9390889999922,224.08414997220763
1789530296,100,,Aggregated,299.000000,0.000000,28,38,47,54,78,100,130,160,850,2500,2900,262953,0,28,39.087363950412986,3.748566000012943,2942.9390889999922,224.08500758690715
1789530297,100,,Aggregated,299.100000,0.000000,28,38,47,54,78,100,130,160,840,2500,2900,263262,0,28,39.08152590652638,3.748566000012943,2942.9390889999922,224.08385562671407
1789530298,100,,Aggregated,299.100000,0.000000,28,38,47,54,77,100,130,160,840,2500,2900,263569,0,28,39.07008774498125,3.748566000012943,2942.9390889999922,224.0825893788723
1789530299,100,,Aggregated,298.100000,0.000000,28,38,47,54,78,100,130,160,840,2500,2900,263849,0,28,39.08656731354285,3.748566000012943,2942.9390889999922,224.08161486304667
1789530300,100,,Aggregated,299.400000,0.000000,28,38,47,54,77,100,130,160,840,2500,2900,264153,0,28,39.07463931486669,3.748566000012943,2942.9390889999922,224.08144900871844
1789530301,100,,Aggregated,299.200000,0.000000,28,38,47,54,78,100,130,160,840,2500,2900,264432,0,28,39.08383232746408,3.748566000012943,2942.9390889999922,224.08157862891028
1789530302,100,,Aggregated,299.400000,0.000000,28,38,47,54,78,100,130,160,840,2500,2900,264721,0,28,39.08430632765056,3.748566000012943,2942.9390889999922,224.08012586836708
1789530303,100,,Aggregated,297.400000,0.000000,28,38,47,54,78,100,130,160,840,2500,2900,265035,0,28,39.06588231735797,3.748566000012943,2942.9390889999922,224.08224574112853
1789530304,100,,Aggregated,297.800000,0.000000,28,38,47,54,77,100,130,160,840,2500,2900,265211,0,28,39.05621862738335,3.748566000012943,2942.9390889999922,224.08608240231362
1789530305,100,,Aggregated,297.800000,0.000000,28,38,47,54,78,100,130,160,840,2500,2900,265213,0,28,39.06087624606247,3.748566000012943,2942.9390889999922,224.08588568433674
1789530306,100,,Aggregated,295.100000,0.000000,28,38,47,54,78,100,130,160,880,2500,2900,265236,0,28,39.267709153040954,3.748566000012943,2942.9390889999922,224.08396673151458
1789530307,100,,Aggregated,269.200000,0.000000,28,38,47,54,78,100,130,160,1100,2500,2900,265550,0,28,39.90073745050258,3.748566000012943,2942.9390889999922,224.08418000376577
1789530308,100,,Aggregated,240.400000,0.000000,28,38,47,54,78,100,130,160,1100,2500,2900,265863,0,28,39.89716696304092,3.748566000012943,2942.9390889999922,224.08457739512457
1789530309,100,,Aggregated,228.400000,0.000000,28,38,47,54,78,100,130,160,1100,2500,2900,266169,0,28,39.87914085525713,3.748566000012943,2942.9390889999922,224.08488216133358
1789530310,100,,Aggregated,227.500000,0.000000,28,38,47,54,78,100,130,160,1100,2500,2900,266464,0,28,39.87993885021589,3.748566000012943,2942.9390889999922,224.0844354209199
1789530311,100,,Aggregated,230.900000,0.000000,28,38,47,54,78,100,130,160,1100,2500,2900,266763,0,28,39.881129952867994,3.748566000012943,2942.9390889999922,224.08278884253065
1789530312,100,,Aggregated,230.400000,0.000000,28,38,47,54,78,100,130,160,1100,2500,2900,267064,0,28,39.86043323260687,3.748566000012943,2942.9390889999922,224.08206272653746
1789530313,100,,Aggregated,231.600000,0.000000,28,38,47,54,78,100,130,160,1100,2500,2900,267361,0,28,39.86715847518495,3.748566000012943,2942.9390889999922,224.07961146165673
1789530314,100,,Aggregated,232.600000,0.000000,28,38,47,54,78,100,130,160,1100,2500,2900,267652,0,28,39.86278878053936,3.748566000012943,2942.9390889999922,224.0821066160537
1789530315,100,,Aggregated,231.500000,0.000000,28,38,47,54,78,100,130,160,1100,2500,2900,267950,0,28,39.846320703992916,3.748566000012943,2942.9390889999922,224.08374696771787
1789530316,100,,Aggregated,234.200000,0.000000,28,38,47,54,78,100,130,160,1100,2500,2900,268240,0,28,39.843495154995146,3.748566000012943,2942.9390889999922,224.08545705338503
1789530317,100,,Aggregated,259.500000,0.000000,28,38,47,54,77,100,130,160,1100,2500,2900,268553,0,28,39.825666245608495,3.748566000012943,2942.9390889999922,224.08616548688713
1789530318,100,,Aggregated,287.100000,0.000000,28,38,47,54,77,100,130,160,1100,2500,2900,268857,0,28,39.81331813412666,3.748566000012943,2942.9390889999922,224.08614988637083
1789530319,100,,Aggregated,299.400000,0.000000,28,38,47,54,77,100,130,160,1100,2500,2900,269159,0,28,39.80781761966678,3.748566000012943,2942.9390889999922,224.08706378014483
1789530320,100,,Aggregated,300.300000,0.000000,28,38,47,54,77,100,130,160,1100,2500,2900,269447,0,28,39.79950781168427,3.748566000012943,2942.9390889999922,224.08628413008867
1789530321,100,,Aggregated,298.500000,0.000000,28,38,47,54,77,100,130,160,1100,2500,2900,269754,0,28,39.79324134595555,3.748566000012943,2942.9390889999922,224.08638982183768
1789530322,100,,Aggregated,298.500000,0.000000,28,38,47,54,77,100,130,160,1100,2500,2900,270061,0,28,39.79334907357922,3.748566000012943,2942.9390889999922,224.08494747482976
1789530323,100,,Aggregated,297.900000,0.000000,28,38,47,54,77,100,130,160,1100,2500,2900,270366,0,28,39.773257693122936,3.748566000012943,2942.9390889999922,224.08377162808932
1789530324,100,,Aggregated,299.500000,0.000000,28,38,47,54,77,100,130,160,1100,2500,2900,270672,0,28,39.76410074696267,3.748566000012943,2942.9390889999922,224.08394662174143
1789530325,100,,Aggregated,300.300000,0.000000,28,38,47,54,77,100,130,160,1100,2500,2900,270952,0,28,39.75292676787725,3.748566000012943,2942.9390889999922,224.08226180282855
1789530326,100,,Aggregated,298.600000,0.000000,28,38,47,54,77,100,130,160,1100,2500,2900,271265,0,28,39.75018095275057,3.748566000012943,2942.9390889999922,224.08138904761026
1789530327,100,,Aggregated,300.700000,0.000000,28,38,47,54,77,100,130,160,1100,2500,2900,271560,0,28,39.759702423559695,3.748566000012943,2942.9390889999922,224.08173884224482
1789530328,100,,Aggregated,302.000000,0.000000,28,38,47,54,77,100,130,160,1100,2500,2900,271857,0,28,39.74922433637856,3.748566000012943,2942.9390889999922,224.08197692169045
1789530329,100,,Aggregated,301.000000,0.000000,28,38,47,54,77,100,130,160,1100,2500,2900,272140,0,28,39.74941042746332,3.748566000012943,2942.9390889999922,224.08337987800397
1789530330,100,,Aggregated,299.700000,0.000000,28,38,47,54,77,100,130,160,1100,2500,2900,272439,0,28,39.73848000487034,3.748566000012943,2942.9390889999922,224.08391236203335
1789530331,100,,Aggregated,297.800000,0.000000,28,38,47,54,77,100,130,160,1100,2500,2900,272755,0,28,39.72973643237653,3.748566000012943,2942.9390889999922,224.08318820919874
1789530332,100,,Aggregated,299.900000,0.000000,28,38,47,54,77,100,130,160,1100,2500,2900,273044,0,28,39.727863553415794,3.748566000012943,2942.9390889999922,224.08196114911883
1789530333,100,,Aggregated,299.200000,0.000000,28,38,47,54,77,100,130,160,1100,2500,2900,273343,0,28,39.7185183956599,3.748566000012943,2942.9390889999922,224.08347753555057
1789530334,100,,Aggregated,295.900000,0.000000,28,38,47,54,77,100,130,160,1100,2500,2900,273641,0,28,39.7331418552954,3.748566000012943,2942.9390889999922,224.0839274816274
1789530335,100,,Aggregated,297.500000,0.000000,28,38,47,54,77,100,130,160,1100,2500,2900,273936,0,28,39.73214240212267,3.748566000012943,2942.9390889999922,224.08397581916944
1789530336,100,,Aggregated,296.600000,0.000000,28,38,47,54,77,100,130,160,1100,2500,2900,274240,0,28,39.72699743074635,3.748566000012943,2942.9390889999922,224.08301487747957
1789530337,100,,Aggregated,295.300000,0.000000,28,38,47,54,77,100,130,160,1100,2500,2900,274542,0,28,39.70769211424075,3.748566000012943,2942.9390889999922,224.08326230594955
1789530338,100,,Aggregated,297.400000,0.000000,28,38,47,54,77,100,130,160,1100,2500,2900,274682,0,28,39.7387485746204,3.74523299979046,2942.9390889999922,224.08422830764303
1789530339,100,,Aggregated,297.100000,0.000000,28,38,47,54,77,100,130,160,1100,2500,2900,274714,0,28,39.90155628414598,3.74523299979046,2942.9390889999922,224.08420029558013
1789530340,100,,Aggregated,295.400000,0.000000,28,38,47,54,77,100,130,160,1300,2500,2900,275031,0,28,40.18494817422719,3.74523299979046,2942.9390889999922,224.0838669095484
1789530341,100,,Aggregated,269.300000,0.000000,28,38,47,54,77,100,130,160,1300,2500,2900,275318,0,28,40.198349882451886,3.74523299979046,2942.9390889999922,224.0818980233766
1789530342,100,,Aggregated,256.400000,0.000000,28,38,47,54,77,100,130,160,1300,2500,2900,275626,0,28,40.18039472432168,3.74523299979046,2942.9390889999922,224.0822128536495
1789530343,100,,Aggregated,255.900000,0.000000,28,38,47,54,77,100,130,160,1300,2500,2900,275924,0,28,40.171036172619594,3.74523299979046,2942.9390889999922,224.08279091343994
1789530344,100,,Aggregated,258.100000,0.000000,28,38,47,54,77,100,130,160,1300,2500,2900,276211,0,28,40.18492748952755,3.74523299979046,2942.9390889999922,224.08346517698425
1789530345,100,,Aggregated,256.800000,0.000000,28,38,47,54,77,100,130,160,1300,2500,2900,276511,0,28,40.16315157364769,3.74523299979046,2942.9390889999922,224.08470910741346
1789530346,100,,Aggregated,259.200000,0.000000,28,38,47,54,77,100,130,160,1300,2500,2900,276811,0,28,40.148529894118724,3.74523299979046,2942.9390889999922,224.08574081232322
1789530347,100,,Aggregated,257.800000,0.000000,28,38,47,54,77,100,130,160,1300,2500,2900,277100,0,28,40.16503376608402,3.74523299979046,2942.9390889999922,224.08558282208588
1789530348,100,,Aggregated,256.400000,0.000000,28,38,47,54,77,100,130,160,1300,2500,2900,277412,0,28,40.154938565101354,3.74523299979046,2942.9390889999922,224.0876638357389
1789530349,100,,Aggregated,256.300000,0.000000,28,38,47,54,77,100,130,160,1300,2500,2900,277706,0,28,40.14136790971349,3.74523299979046,2942.9390889999922,224.08651955665343
1789530350,100,,Aggregated,257.300000,0.000000,28,38,47,54,77,100,130,160,1300,2500,2900,278002,0,28,40.14027834553316,3.74523299979046,2942.9390889999922,224.08557132682498
1789530351,100,,Aggregated,285.000000,0.000000,28,38,47,54,77,100,130,160,1300,2500,2900,278301,0,28,40.11903312169878,3.74523299979046,2942.9390889999922,224.08546142486014
1789530352,100,,Aggregated,298.100000,0.000000,28,38,47,54,77,100,130,160,1300,2500,2900,278604,0,28,40.117410766646906,3.74523299979046,2942.9390889999922,224.08391480380755
1789530353,100,,Aggregated,298.300000,0.000000,28,38,47,54,77,100,130,160,1300,2500,2900,278901,0,28,40.100598984284325,3.74523299979046,2942.9390889999922,224.08365692485864
1789530354,100,,Aggregated,295.600000,0.000000,28,38,47,54,77,100,130,160,1300,2500,2900,279187,0,28,40.10696007370287,3.74523299979046,2942.9390889999922,224.08260413271393
1789530355,100,,Aggregated,297.300000,0.000000,28,38,47,54,77,100,130,160,1300,2500,2900,279501,0,28,40.099991743152536,3.74523299979046,2942.9390889999922,224.08184228321187
1789530356,100,,Aggregated,294.000000,0.000000,28,38,47,54,77,100,130,160,1300,2500,2900,279801,0,28,40.086301336177804,3.74523299979046,2942.9390889999922,224.08191178730598
1789530357,100,,Aggregated,297.200000,0.000000,28,38,47,54,77,100,130,160,1200,2500,2900,280088,0,28,40.09878897693894,3.74523299979046,2942.9390889999922,224.08128873782525
1789530358,100,,Aggregated,298.200000,0.000000,28,38,47,54,77,100,130,160,1200,2500,2900,280381,0,28,40.08500346790568,3.74523299979046,2942.9390889999922,224.08315470734465
1789530359,100,,Aggregated,297.500000,0.000000,28,38,47,54,77,100,130,160,1200,2500,2900,280705,0,28,40.07606602859887,3.74523299979046,2942.9390889999922,224.08512495324274
1789530360,100,,Aggregated,299.200000,0.000000,28,38,47,54,77,100,130,160,1200,2500,2900,281001,0,28,40.095006498595524,3.74523299979046,2942.9390889999922,224.08605663325042
1789530361,100,,Aggregated,298.700000,0.000000,28,38,47,54,77,100,130,160,1200,2500,2900,281300,0,28,40.07875523718749,3.74523299979046,2942.9390889999922,224.08387486669037
1789530362,100,,Aggregated,298.900000,0.000000,28,38,47,54,77,100,130,160,1200,2500,2900,281599,0,28,40.069076352333816,3.74523299979046,2942.9390889999922,224.0863035735212
1789530363,100,,Aggregated,299.100000,0.000000,28,38,47,54,77,100,130,160,1200,2500,2900,281896,0,28,40.06637969286849,3.74523299979046,2942.9390889999922,224.08504200130545
1789530364,100,,Aggregated,300.700000,0.000000,28,38,47,54,77,100,130,160,1200,2500,2900,282189,0,28,40.052881084074336,3.74523299979046,2942.9390889999922,224.084971419864
1789530365,100,,Aggregated,299.500000,0.000000,28,38,47,54,77,100,130,160,1200,2500,2900,282501,0,28,40.060679886367986,3.74523299979046,2942.9390889999922,224.0815572334257
1789530366,100,,Aggregated,300.600000,0.000000,28,38,47,54,77,100,130,160,1200,2500,2900,282795,0,28,40.06123100950813,3.74523299979046,2942.9390889999922,224.08257218126204
1789530367,100,,Aggregated,299.400000,0.000000,28,38,47,54,77,100,130,160,1200,2500,2900,283080,0,28,40.06851676752455,3.74523299979046,2942.9390889999922,224.08140101738024
1789530368,100,,Aggregated,299.400000,0.000000,28,38,47,54,77,100,130,160,1200,2500,2900,283372,0,28,40.06549877035435,3.74523299979046,2942.9390889999922,224.08127126180426
1789530369,100,,Aggregated,298.000000,0.000000,28,38,47,54,77,100,130,160,1200,2500,2900,283677,0,28,40.05054462588032,3.74523299979046,2942.9390889999922,224.0818430820969
1789530370,100,,Aggregated,296.200000,0.000000,28,38,47,54,77,100,130,160,1200,2500,2900,283971,0,28,40.057112173841155,3.74523299979046,2942.9390889999922,224.0804166622648
1789530371,100,,Aggregated,296.200000,0.000000,28,38,47,54,77,100,130,160,1200,2500,2900,284272,0,28,40.04151497450626,3.74523299979046,2942.9390889999922,224.07949076940395
1789530372,100,,Aggregated,295.200000,0.000000,28,38,47,54,77,100,130,160,1200,2500,2900,284569,0,28,40.0368854951236,3.74523299979046,2942.9390889999922,224.08033201086556
1789530373,100,,Aggregated,295.400000,0.000000,28,38,47,54,77,100,130,160,1200,2500,2900,284876,0,28,40.01948091300368,3.74523299979046,2942.9390889999922,224.0810317471461
1789530374,100,,Aggregated,296.500000,0.000000,28,38,47,54,77,100,130,160,1200,2500,2900,285142,0,28,40.05240643704481,3.74523299979046,2942.9390889999922,224.07907989703375
1789530375,100,,Aggregated,295.900000,0.000000,28,38,47,54,77,100,130,160,1200,2500,2900,285434,0,28,40.05153044628822,3.74523299979046,2942.9390889999922,224.07688292214664
1789530376,100,,Aggregated,292.500000,0.000000,28,38,47,54,77,100,130,160,1200,2500,2900,285748,0,28,40.033904059789876,3.74523299979046,2942.9390889999922,224.0753741058555
1789530377,100,,Aggregated,294.300000,0.000000,28,38,47,54,77,100,130,160,1200,2500,2900,286045,0,28,40.01980981816446,3.74523299979046,2942.9390889999922,224.07653341257495
1789530378,100,,Aggregated,293.100000,0.000000,28,38,47,54,77,100,130,160,1200,2500,2900,286338,0,28,40.00717048343513,3.74523299979046,2942.9390889999922,224.0758090089335
1789530379,100,,Aggregated,295.000000,0.000000,28,38,47,54,77,100,130,160,1200,2500,2900,286656,0,28,39.98858708414219,3.74523299979046,2942.9390889999922,224.0752051239116
1789530380,100,,Aggregated,297.700000,0.000000,28,38,47,54,77,100,130,160,1200,2500,2900,286935,0,28,40.002801654346364,3.74523299979046,2942.9390889999922,224.07522958161255
1789530381,100,,Aggregated,297.100000,0.000000,28,38,47,54,77,100,130,160,1200,2500,2900,287249,0,28,39.98831748756261,3.74523299979046,2942.9390889999922,224.07519608423354
1789530382,100,,Aggregated,297.200000,0.000000,28,38,47,54,77,100,130,160,1200,2500,2900,287544,0,28,39.99130314594591,3.74523299979046,2942.9390889999922,224.07922613582616
1789530383,100,,Aggregated,297.200000,0.000000,28,38,47,54,77,100,130,160,1200,2500,2900,287856,0,28,39.98060389193856,3.74523299979046,2942.9390889999922,224.07978642098828
1789530384,100,,Aggregated,294.600000,0.000000,28,38,47,54,77,100,130,160,1200,2500,2900,288154,0,28,39.97215063790148,3.74523299979046,2942.9390889999922,224.0791174163815
1789530385,100,,Aggregated,297.300000,0.000000,28,38,47,54,77,100,130,160,1200,2500,2900,288448,0,28,39.96767513483836,3.74523299979046,2942.9390889999922,224.07988961615266
1789530386,100,,Aggregated,301.700000,0.000000,28,38,47,54,77,100,130,160,1200,2500,2900,288742,0,28,39.96153223231418,3.74523299979046,2942.9390889999922,224.07986022123558
1789530387,100,,Aggregated,299.800000,0.000000,28,38,47,54,77,100,130,160,1200,2500,2900,289044,0,28,39.95552047027737,3.74523299979046,2942.9390889999922,224.08175917853336
1789530388,100,,Aggregated,301.300000,0.000000,28,38,47,54,77,100,130,160,1200,2500,2900,289347,0,28,39.95422899270717,3.74523299979046,2942.9390889999922,224.08106875136082
1789530389,100,,Aggregated,300.100000,0.000000,28,38,47,54,77,100,130,160,1200,2500,2900,289645,0,28,39.94146540201223,3.74523299979046,2942.9390889999922,224.08107510918538
1789530390,100,,Aggregated,298.600000,0.000000,28,38,47,54,77,100,130,160,1200,2500,2900,289950,0,28,39.944223543800035,3.74523299979046,2942.9390889999922,224.07994826694258
1789530391,100,,Aggregated,300.200000,0.000000,28,38,47,54,77,100,130,160,1200,2500,2900,290253,0,28,39.9412426712069,3.74523299979046,2942.9390889999922,224.08306201830817
1789530392,100,,Aggregated,299.700000,0.000000,28,38,47,54,77,100,130,160,1200,2500,2900,290559,0,28,39.92505041152335,3.74523299979046,2942.9390889999922,224.08414814202968
1789530393,100,,Aggregated,301.200000,0.000000,28,38,47,54,77,100,130,160,1200,2500,2900,290856,0,28,39.91998768225106,3.74523299979046,2942.9390889999922,224.08365995544187
1789530394,100,,Aggregated,301.800000,0.000000,28,38,47,54,77,100,130,160,1200,2500,2900,291109,0,28,39.93286297116138,3.74523299979046,2942.9390889999922,224.08516054124055
1789530395,100,,Aggregated,298.000000,0.000000,28,38,47,54,77,100,130,160,1200,2500,2900,291422,0,28,39.93350987341325,3.74523299979046,2942.9390889999922,224.08452347454894
1789530396,100,,Aggregated,299.300000,0.000000,28,38,47,54,77,100,130,160,1200,2500,2900,291711,0,28,39.93353948357741,3.74523299979046,2942.9390889999922,224.0854475833959
1789530397,100,,Aggregated,297.600000,0.000000,28,38,47,54,77,100,130,160,1200,2500,2900,292016,0,28,39.91354932078676,3.74523299979046,2942.9390889999922,224.08712193852392
1789530398,100,,Aggregated,296.700000,0.000000,28,38,47,54,77,100,130,160,1200,2500,2900,292313,0,28,39.905643231371386,3.74523299979046,2942.9390889999922,224.08746104347054
1789530399,100,,Aggregated,296.400000,0.000000,28,38,47,54,77,100,130,160,1200,2500,2900,292604,0,28,39.90044055421964,3.74523299979046,2942.9390889999922,224.08686484121884
1789530400,100,,Aggregated,296.800000,0.000000,28,38,47,54,77,100,130,160,1200,2500,2900,292899,0,28,39.900930086889645,3.74523299979046,2942.9390889999922,224.08602624112748
1789530401,100,,Aggregated,295.300000,0.000000,28,38,47,54,77,100,130,160,1200,2500,2900,293196,0,28,39.89997579302548,3.74523299979046,2942.9390889999922,224.08670650349936
1789530402,100,,Aggregated,295.000000,0.000000,28,38,47,54,77,100,130,160,1200,2500,2900,293469,0,28,39.90336738878356,3.74523299979046,2942.9390889999922,224.0880161107306
1789530403,100,,Aggregated,292.100000,0.000000,28,38,47,54,77,100,130,160,1200,2500,2900,293792,0,28,39.89427869844619,3.74523299979046,2942.9390889999922,224.09044834440692
1789530404,100,,Aggregated,293.300000,0.000000,28,38,47,54,77,100,130,160,1200,2500,2900,294093,0,28,39.90010357922794,3.74523299979046,2942.9390889999922,224.09132825330764
1789530405,100,,Aggregated,293.400000,0.000000,28,38,47,54,77,100,130,160,1200,2500,2900,294389,0,28,39.87811906679896,3.74523299979046,2942.9390889999922,224.09070991103607
1789530406,100,,Aggregated,293.700000,0.000000,28,38,47,54,77,100,130,160,1200,2500,2900,294690,0,28,39.87036329772934,3.74523299979046,2942.9390889999922,224.09077335505108
1789530407,100,,Aggregated,294.600000,0.000000,28,38,47,54,77,100,130,160,1200,2500,2900,294974,0,28,39.87611249458888,3.74523299979046,2942.9390889999922,224.0890078447592
1789530408,100,,Aggregated,294.100000,0.000000,28,38,47,54,77,100,130,160,1200,2500,2900,295280,0,28,39.87507028186755,3.74523299979046,2942.9390889999922,224.08868531563263
1789530409,100,,Aggregated,295.400000,0.000000,28,38,47,54,77,100,130,160,1200,2500,2900,295578,0,28,39.866934702683714,3.74523299979046,2942.9390889999922,224.08682648911625
1789530410,100,,Aggregated,295.200000,0.000000,28,38,47,54,77,100,130,160,1200,2500,2900,295873,0,28,39.872955587913886,3.74523299979046,2942.9390889999922,224.0855164208968
1789530411,100,,Aggregated,294.300000,0.000000,28,38,47,54,77,100,130,160,1200,2500,2900,296173,0,28,39.85752627447418,3.74523299979046,2942.9390889999922,224.08613546812168
1789530412,100,,Aggregated,296.500000,0.000000,28,38,47,54,77,100,130,160,1200,2500,2900,296470,0,28,39.85499737261051,3.74523299979046,2942.9390889999922,224.08538806624617
1789530413,100,,Aggregated,297.600000,0.000000,28,38,47,54,77,100,130,160,1200,2500,2900,296754,0,28,39.868468909213746,3.74523299979046,2942.9390889999922,224.08675535965816
1789530414,100,,Aggregated,296.600000,0.000000,28,38,47,54,77,100,130,160,1200,2500,2900,297060,0,28,39.85543813332258,3.74523299979046,2942.9390889999922,224.08797885948965
1789530415,100,,Aggregated,299.600000,0.000000,28,38,47,54,77,100,130,160,1200,2500,2900,297361,0,28,39.850024804597176,3.74523299979046,2942.9390889999922,224.08712305917723
1789530416,100,,Aggregated,296.000000,0.000000,28,38,47,54,77,100,130,160,1200,2500,2900,297659,0,28,39.8435423304682,3.74523299979046,2942.9390889999922,224.08586671325241
1789530417,100,,Aggregated,295.300000,0.000000,28,38,47,54,77,100,130,160,1200,2500,2900,297957,0,28,39.846558950848014,3.74523299979046,2942.9390889999922,224.0835221189635
1789530418,100,,Aggregated,297.600000,0.000000,28,38,47,54,77,100,130,160,1200,2500,2900,298242,0,28,39.84861683134444,3.74523299979046,2942.9390889999922,224.08417996123953
1789530419,100,,Aggregated,295.900000,0.000000,28,38,47,54,77,100,130,160,1200,2500,2900,298539,0,28,39.83956216359951,3.74523299979046,2942.9390889999922,224.08690321867493
1789530420,100,,Aggregated,296.000000,0.000000,28,38,47,54,77,100,130,160,1200,2500,2900,298851,0,28,39.84498992768919,3.74523299979046,2942.9390889999922,224.08590233929283
1789530421,100,,Aggregated,297.100000,0.000000,28,38,47,54,77,100,130,160,1200,2500,2900,299130,0,28,39.83551259159178,3.74523299979046,2942.9390889999922,224.08552468826264
1789530422,100,,Aggregated,295.900000,0.000000,28,38,47,54,77,100,130,160,1200,2500,2900,299441,0,28,39.82349857561211,3.74523299979046,2942.9390889999922,224.08721250596946
1789530423,100,,Aggregated,297.500000,0.000000,28,38,47,54,77,100,130,160,1200,2500,2900,299743,0,28,39.81919522607661,3.74523299979046,2942.9390889999922,224.08660419092357
1789530424,100,,Aggregated,297.300000,0.000000,28,38,47,54,77,100,130,160,1200,2500,2900,300039,0,28,39.81410068190428,3.74523299979046,2942.9390889999922,224.0874919593786
1789530425,100,,Aggregated,295.700000,0.000000,28,38,47,54,77,100,130,160,1200,2500,2900,300352,0,28,39.8056921483755,3.74523299979046,2942.9390889999922,224.08979131152782
1789530426,100,,Aggregated,296.800000,0.000000,28,38,47,54,77,100,130,160,1200,2500,2900,300642,0,28,39.81971103371416,3.74523299979046,2942.9390889999922,224.0915806840029
1789530427,100,,Aggregated,298.400000,0.000000,28,38,47,54,77,100,130,160,1200,2500,2900,300930,0,28,39.80779078708634,3.74523299979046,2942.9390889999922,224.0924899478284
1789530428,100,,Aggregated,298.300000,0.000000,28,38,47,54,77,100,130,160,1200,2500,2900,301231,0,28,39.810322677293804,3.74523299979046,2942.9390889999922,224.0941403773184
1789530429,100,,Aggregated,298.000000,0.000000,28,38,47,54,77,100,130,160,1200,2500,2900,301522,0,28,39.80503562170878,3.74523299979046,2942.9390889999922,224.09549551939824
1789530430,100,,Aggregated,297.800000,0.000000,28,38,47,54,77,100,130,160,1200,2500,2900,301833,0,28,39.797704222652534,3.74523299979046,2942.9390889999922,224.09610612491014
1789530431,100,,Aggregated,297.800000,0.000000,28,38,47,54,77,100,130,160,1200,2500,2900,302133,0,28,39.793844972803015,3.74523299979046,2942.9390889999922,224.09812235009085
1789530432,100,,Aggregated,296.500000,0.000000,28,38,47,54,77,100,130,160,1200,2500,2900,302419,0,28,39.795859249884714,3.74523299979046,2942.9390889999922,224.0975930745092
1789530433,100,,Aggregated,297.400000,0.000000,28,38,47,54,77,100,130,160,1200,2500,2900,302729,0,28,39.791776395088995,3.74523299979046,2942.9390889999922,224.09600005285256
1789530434,100,,Aggregated,298.500000,0.000000,28,38,47,54,77,100,130,160,1200,2500,2900,303026,0,28,39.79721809076083,3.74523299979046,2942.9390889999922,224.0947938460726
1789530435,100,,Aggregated,297.900000,0.000000,28,38,47,54,77,100,130,160,1200,2500,2900,303324,0,28,39.80654981462692,3.74523299979046,2942.9390889999922,224.0940413551186
1789530436,100,,Aggregated,299.900000,0.000000,28,38,47,54,77,100,130,160,1200,2500,2900,303611,0,28,39.80342789258594,3.74523299979046,2942.9390889999922,224.09539838806893
1789530437,100,,Aggregated,298.100000,0.000000,28,38,47,54,77,100,130,160,1200,2500,2900,303902,0,28,39.802024694447304,3.74523299979046,2942.9390889999922,224.09553079611192
1789530438,100,,Aggregated,295.700000,0.000000,28,38,47,54,77,100,130,160,1200,2500,2900,304211,0,28,39.79264694029779,3.74523299979046,2942.9390889999922,224.09498341611578
1789530439,100,,Aggregated,297.500000,0.000000,28,38,47,54,77,100,130,160,1200,2500,2900,304498,0,28,39.79967694290912,3.74523299979046,2942.9390889999922,224.09603675557804
1789530440,100,,Aggregated,297.100000,0.000000,28,38,47,54,77,100,130,160,1200,2500,2900,304802,0,28,39.7867977661529,3.74523299979046,2942.9390889999922,224.0966594707384
1789530441,100,,Aggregated,298.200000,0.000000,28,38,47,54,77,100,130,160,1200,2500,2900,305091,0,28,39.7950137861029,3.74523299979046,2942.9390889999922,224.09708250980856
1789530442,100,,Aggregated,298.000000,0.000000,28,38,47,54,77,100,130,160,1200,2500,2900,305367,0,28,39.78218870354006,3.74523299979046,2942.9390889999922,224.09868125894417
1789530443,100,,Aggregated,293.200000,0.000000,28,38,47,54,77,100,130,160,1200,2500,2900,305691,0,28,39.78382371135532,3.74523299979046,2942.9390889999922,224.09855376834778
1789530444,100,,Aggregated,295.200000,0.000000,28,38,47,54,77,100,130,160,1200,2500,2900,305989,0,28,39.77813102942237,3.74523299979046,2942.9390889999922,224.09818326802596
1789530445,100,,Aggregated,295.200000,0.000000,28,38,47,54,77,100,130,160,1200,2500,2900,306273,0,28,39.76560985480575,3.74523299979046,2942.9390889999922,224.09600258592823
1789530446,100,,Aggregated,294.600000,0.000000,28,38,47,54,77,100,130,160,1200,2500,2900,306576,0,28,39.76900970114067,3.74523299979046,2942.9390889999922,224.09578701529148
1789530447,100,,Aggregated,296.100000,0.000000,28,38,47,54,77,100,130,160,1200,2500,2900,306871,0,28,39.774901403609,3.74523299979046,2942.9390889999922,224.09687784117756
1789530448,100,,Aggregated,295.600000,0.000000,28,38,47,54,77,100,130,160,1200,2500,2900,307160,0,28,39.780480935801805,3.74523299979046,2942.9390889999922,224.09532491209794
1789530449,100,,Aggregated,296.000000,0.000000,28,38,47,54,77,100,130,160,1200,2500,2900,307476,0,28,39.766794555649476,3.74523299979046,2942.9390889999922,224.09835564401774
1789530450,100,,Aggregated,295.500000,0.000000,28,38,47,54,77,100,130,160,1200,2500,2900,307761,0,28,39.78168755236002,3.74523299979046,2942.9390889999922,224.0979786262717
1789530451,100,,Aggregated,294.200000,0.000000,28,38,47,54,77,100,130,160,1200,2500,2900,308065,0,28,39.77703756715261,3.74523299979046,2942.9390889999922,224.0971061301998
1789530452,100,,Aggregated,295.700000,0.000000,28,38,47,54,77,100,130,160,1200,2500,2900,308369,0,28,39.782552467825504,3.74523299979046,2942.9390889999922,224.09714984320732
1789530453,100,,Aggregated,298.800000,0.000000,28,38,47,54,78,100,130,160,1200,2500,2900,308647,0,28,39.80288914726171,3.74523299979046,2942.9390889999922,224.09580200034344
1789530454,100,,Aggregated,297.900000,0.000000,28,38,47,54,78,100,130,160,1200,2500,2900,308946,0,28,39.790874870381515,3.74523299979046,2942.9390889999922,224.096020016443
1789530455,100,,Aggregated,297.900000,0.000000,28,38,47,54,78,100,130,160,1200,2500,2900,309243,0,28,39.789533151543864,3.74523299979046,2942.9390889999922,224.09775160634194
1789530456,100,,Aggregated,294.800000,0.000000,28,38,47,54,77,100,130,160,1200,2500,2900,309555,0,28,39.78523227851876,3.74523299979046,2942.9390889999922,224.1007995348161
1789530457,100,,Aggregated,295.800000,0.000000,28,38,47,54,77,100,130,160,1200,2500,2900,309850,0,28,39.77981475610738,3.74523299979046,2942.9390889999922,224.09967726319186
1789530458,100,,Aggregated,296.700000,0.000000,28,38,47,54,78,100,130,160,1100,2500,2900,310126,0,28,39.78924877824138,3.74523299979046,2942.9390889999922,224.09969173819673
1789530459,100,,Aggregated,296.400000,0.000000,28,38,47,54,78,100,130,160,1100,2500,2900,310424,0,28,39.80110867032794,3.74523299979046,2942.9390889999922,224.10072352653145
1789530460,100,,Aggregated,295.600000,0.000000,28,38,47,54,78,100,130,160,1100,2500,2900,310724,0,28,39.78986184203951,3.74523299979046,2942.9390889999922,224.10171727964368
1789530461,100,,Aggregated,297.000000,0.000000,28,38,47,54,78,100,130,160,1100,2500,2900,311026,0,28,39.79587795902877,3.74523299979046,2942.9390889999922,224.10075363474436
1789530462,100,,Aggregated,294.500000,0.000000,28,38,47,54,78,100,130,160,1100,2500,2900,311309,0,28,39.79386516819907,3.74523299979046,2942.9390889999922,224.1006010105715
1789530463,100,,Aggregated,295.100000,0.000000,28,38,47,54,78,100,130,160,1100,2500,2900,311624,0,28,39.78315475424513,3.74523299979046,2942.9390889999922,224.0993280363515
1789530464,100,,Aggregated,293.500000,0.000000,28,38,47,54,78,100,130,160,1100,2500,2900,311907,0,28,39.783576556688,3.74523299979046,2942.9390889999922,224.10027347895365
1789530465,100,,Aggregated,294.100000,0.000000,28,38,47,54,78,100,130,160,1100,2500,2900,311944,0,28,39.80563637340319,3.74523299979046,2942.9390889999922,224.1011527710102
1789530466,100,,Aggregated,296.700000,0.000000,28,39,47,54,78,100,130,160,1400,2500,2900,312052,0,28,40.283963989777014,3.74523299979046,2942.9390889999922,224.0987047030623
1789530467,100,,Aggregated,291.900000,0.000000,28,39,47,54,78,100,130,160,1400,2500,2900,312333,0,28,40.27952198311384,3.74523299979046,2942.9390889999922,224.0990257193444
1789530468,100,,Aggregated,263.500000,0.000000,28,38,47,54,78,100,130,160,1400,2500,2900,312634,0,28,40.2619972431913,3.74523299979046,2942.9390889999922,224.09864889935196
1789530469,100,,Aggregated,248.500000,0.000000,28,38,47,54,78,100,130,160,1400,2500,2900,312930,0,28,40.25217362744021,3.74523299979046,2942.9390889999922,224.09841178538332
1789530470,100,,Aggregated,249.500000,0.000000,28,38,47,54,78,100,130,160,1400,2500,2900,313240,0,28,40.24542095454879,3.74523299979046,2942.9390889999922,224.09735665943046
1789530471,100,,Aggregated,248.800000,0.000000,28,38,47,54,77,100,130,160,1400,2500,2900,313548,0,28,40.22407341683526,3.74523299979046,2942.9390889999922,224.09861329046907
1789530472,100,,Aggregated,250.500000,0.000000,28,38,47,54,77,100,130,160,1400,2500,2900,313835,0,28,40.22717970550409,3.74523299979046,2942.9390889999922,224.09922092819474
1789530473,100,,Aggregated,251.400000,0.000000,28,38,47,54,77,100,130,160,1400,2500,2900,314136,0,28,40.22468619881159,3.74523299979046,2942.9390889999922,224.09820268928107
1789530474,100,,Aggregated,252.300000,0.000000,28,38,47,54,77,100,130,160,1400,2500,2900,314441,0,28,40.21863586787304,3.74523299979046,2942.9390889999922,224.0967526499407
1789530475,100,,Aggregated,250.600000,0.000000,28,38,47,54,78,100,130,160,1400,2500,2900,314721,0,28,40.2367716097301,3.74523299979046,2942.9390889999922,224.09765792559125
1789530476,100,,Aggregated,251.500000,0.000000,28,38,47,54,77,100,130,160,1400,2500,2900,315014,0,28,40.229166302271935,3.74523299979046,2942.9390889999922,224.09784327045782
1789530477,100,,Aggregated,255.500000,0.000000,28,38,47,54,77,100,130,160,1400,2500,2900,315322,0,28,40.211512715994736,3.74523299979046,2942.9390889999922,224.09900672962877
1789530478,100,,Aggregated,281.900000,0.000000,28,38,47,54,77,100,130,160,1400,2500,2900,315604,0,28,40.20886338872412,3.74523299979046,2942.9390889999922,224.09845249109642
1789530479,100,,Aggregated,297.900000,0.000000,28,38,47,54,77,100,130,160,1400,2500,2900,315899,0,28,40.208144301668874,3.74523299979046,2942.9390889999922,224.10083919227347
1789530480,100,,Aggregated,298.300000,0.000000,28,38,47,54,77,100,130,160,1400,2500,2900,316202,0,28,40.1945312462695,3.74523299979046,2942.9390889999922,224.10338011777282
1789530481,100,,Aggregated,296.200000,0.000000,28,38,47,54,77,100,130,160,1400,2500,2900,316496,0,28,40.19279514857034,3.74523299979046,2942.9390889999922,224.10287649764925
1789530482,100,,Aggregated,295.500000,0.000000,28,38,47,54,77,100,130,160,1400,2500,2900,316800,0,28,40.183552581145584,3.74523299979046,2942.9390889999922,224.10357323232324
1789530483,100,,Aggregated,295.800000,0.000000,28,38,47,54,77,100,130,160,1400,2500,2900,317098,0,28,40.17397871415436,3.74523299979046,2942.9390889999922,224.10340336425963
1789530484,100,,Aggregated,294.400000,0.000000,28,38,47,54,77,100,130,160,1400,2500,2900,317404,0,28,40.170820925933256,3.74523299979046,2942.9390889999922,224.10429610212853
1789530485,100,,Aggregated,295.800000,0.000000,28,38,47,54,77,100,130,160,1400,2500,2900,317714,0,28,40.157640226414046,3.74523299979046,2942.9390889999922,224.10457833145534
1789530486,100,,Aggregated,295.300000,0.000000,28,38,47,54,77,100,130,160,1400,2500,2900,317982,0,28,40.17981586002642,3.74523299979046,2942.9390889999922,224.10353416231106
1789530487,100,,Aggregated,295.500000,0.000000,28,38,47,54,77,100,130,160,1400,2500,2900,318263,0,28,40.17334776830457,3.74523299979046,2942.9390889999922,224.1035684323971
1789530488,100,,Aggregated,299.100000,0.000000,28,38,47,54,77,100,130,160,1400,2500,2900,318586,0,28,40.16841791743177,3.74523299979046,2942.9390889999922,224.1024778238843
1789530489,100,,Aggregated,294.800000,0.000000,28,38,47,54,77,100,130,160,1400,2500,2900,318881,0,28,40.16009245422559,3.74523299979046,2942.9390889999922,224.1030980208918
1789530490,100,,Aggregated,295.400000,0.000000,28,38,47,54,77,100,130,160,1400,2500,2900,319182,0,28,40.14813460543802,3.74523299979046,2942.9390889999922,224.102380460051
1789530491,100,,Aggregated,298.100000,0.000000,28,38,47,54,77,100,130,160,1400,2500,2900,319486,0,28,40.138286707220075,3.74523299979046,2942.9390889999922,224.10274941624985
1789530492,100,,Aggregated,298.600000,0.000000,28,38,47,54,77,100,130,160,1400,2500,2900,319782,0,28,40.13482395810868,3.74523299979046,2942.9390889999922,224.10254798581533
1789530493,100,,Aggregated,297.200000,0.000000,28,38,47,54,77,100,130,160,1400,2500,2900,320073,0,28,40.13524576855562,3.74523299979046,2942.9390889999922,224.10364823024747
1789530494,100,,Aggregated,297.800000,0.000000,28,38,47,54,77,100,130,160,1400,2500,2900,320376,0,28,40.12380960998922,3.74523299979046,2942.9390889999922,224.10472694583865
1789530495,100,,Aggregated,298.100000,0.000000,28,38,47,54,77,100,130,160,1400,2500,2900,320669,0,28,40.116368017796866,3.74523299979046,2942.9390889999922,224.1053485057801
1789530496,100,,Aggregated,297.200000,0.000000,28,38,47,54,77,100,130,160,1400,2500,2900,320969,0,28,40.11833261881341,3.74523299979046,2942.9390889999922,224.1053871246133
1789530497,100,,Aggregated,297.200000,0.000000,28,38,47,54,77,100,130,160,1400,2500,2900,321278,0,28,40.10731845567059,3.74523299979046,2942.9390889999922,224.10693542663986
1789530498,100,,Aggregated,295.400000,0.000000,28,38,47,54,77,100,130,160,1400,2500,2900,321567,0,28,40.12032522969689,3.74523299979046,2942.9390889999922,224.10803347358404
1789530499,100,,Aggregated,299.400000,0.000000,28,38,47,54,77,100,130,160,1400,2500,2900,321873,0,28,40.09987260211928,3.74523299979046,2942.9390889999922,224.11015524756658
1789530500,100,,Aggregated,300.000000,0.000000,28,38,47,54,77,100,130,160,1400,2500,2900,322163,0,28,40.108532713244344,3.74523299979046,2942.9390889999922,224.1104751321536
1789530501,100,,Aggregated,298.000000,0.000000,28,38,47,54,77,100,130,160,1400,2500,2900,322466,0,28,40.10712565873904,3.74523299979046,2942.9390889999922,224.11017595653496
1789530502,100,,Aggregated,297.500000,0.000000,28,38,47,54,77,100,130,160,1400,2500,2900,322752,0,28,40.09289100621515,3.74523299979046,2942.9390889999922,224.10909304977196
1789530503,100,,Aggregated,297.500000,0.000000,28,38,47,54,77,100,130,160,1400,2500,2900,323056,0,28,40.09161159828308,3.74523299979046,2942.9390889999922,224.10913897280966
1789530504,100,,Aggregated,297.400000,0.000000,28,38,47,54,77,100,130,160,1400,2500,2900,323355,0,28,40.08791165914223,3.74523299979046,2942.9390889999922,224.10794328215118
1789530505,100,,Aggregated,296.500000,0.000000,28,38,47,54,77,100,130,160,1400,2500,2900,323650,0,28,40.07439912857078,3.74523299979046,2942.9390889999922,224.11115711416653
1789530506,100,,Aggregated,297.700000,0.000000,28,38,47,54,77,100,130,160,1400,2500,2900,323847,0,28,40.07920445157415,3.74523299979046,2942.9390889999922,224.11608568243645
1789530507,100,,Aggregated,296.800000,0.000000,28,38,47,54,77,100,130,160,1400,2500,2900,323877,0,28,40.140737091194914,3.74523299979046,2942.9390889999922,224.11477505349254
1789530508,100,,Aggregated,297.100000,0.000000,28,38,47,54,77,100,130,160,1500,2500,2900,324098,0,28,40.533109987824474,3.74523299979046,2942.9390889999922,224.11315404599844
1789530509,100,,Aggregated,284.200000,0.000000,28,38,47,54,77,100,130,160,1500,2500,2900,324398,0,28,40.53608977145332,3.74523299979046,2942.9390889999922,224.1124236277659
1789530510,100,,Aggregated,256.100000,0.000000,28,38,47,54,77,100,130,160,1500,2500,2900,324692,0,28,40.523793223793355,3.74523299979046,2942.9390889999922,224.11183213630147
1789530511,100,,Aggregated,252.300000,0.000000,28,38,47,54,77,100,130,160,1500,2500,2900,325000,0,28,40.509288319015084,3.74523299979046,2942.9390889999922,224.11109846153846
1789530512,100,,Aggregated,252.800000,0.000000,28,38,47,54,77,100,130,160,1500,2500,2900,325296,0,28,40.50796955992358,3.74523299979046,2942.9390889999922,224.1103272096798
1789530513,100,,Aggregated,251.900000,0.000000,28,38,47,54,77,100,130,160,1500,2500,2900,325579,0,28,40.493321370926616,3.74523299979046,2942.9390889999922,224.1099364516753
1789530514,100,,Aggregated,253.300000,0.000000,28,38,47,54,77,100,130,160,1500,2500,2900,325880,0,28,40.502495855446575,3.74523299979046,2942.9390889999922,224.11059592488033
1789530515,100,,Aggregated,253.500000,0.000000,28,38,47,54,77,100,130,160,1500,2500,2900,326172,0,28,40.51016205509949,3.74523299979046,2942.9390889999922,224.10969059269343
1789530516,100,,Aggregated,252.900000,0.000000,28,38,47,54,77,100,130,160,1500,2500,2900,326481,0,28,40.4961686483162,3.74523299979046,2942.9390889999922,224.11190237716744
1789530517,100,,Aggregated,252.400000,0.000000,28,38,47,54,77,100,130,160,1500,2500,2900,326781,0,28,40.48975305380336,3.74523299979046,2942.9390889999922,224.11158237474027
1789530518,100,,Aggregated,251.700000,0.000000,28,38,47,54,77,100,130,160,1500,2500,2900,327085,0,28,40.47837973004539,3.74523299979046,2942.9390889999922,224.1122491095587
1789530519,100,,Aggregated,265.000000,0.000000,28,38,47,54,77,100,130,160,1500,2500,2900,327382,0,28,40.467798644650294,3.74523299979046,2942.9390889999922,224.11182655124594
1789530520,100,,Aggregated,292.600000,0.000000,28,38,47,54,77,100,130,160,1500,2500,2900,327678,0,28,40.467779610016244,3.74523299979046,2942.9390889999922,224.11214668058275
1789530521,100,,Aggregated,297.500000,0.000000,28,38,47,54,77,100,130,160,1500,2500,2900,327954,0,28,40.47679285418349,3.74523299979046,2942.9390889999922,224.11191203644412
1789530522,100,,Aggregated,298.100000,0.000000,28,38,47,54,77,100,130,160,1500,2500,2900,328263,0,28,40.46521132548257,3.74523299979046,2942.9390889999922,224.1105516003936
1789530523,100,,Aggregated,297.700000,0.000000,28,38,47,54,77,100,130,160,1500,2500,2900,328560,0,28,40.464383730605896,3.74523299979046,2942.9390889999922,224.1098612125639
1789530524,100,,Aggregated,294.900000,0.000000,28,38,47,54,77,100,130,160,1500,2500,2900,328845,0,28,40.457501734643586,3.74523299979046,2942.9390889999922,224.11138986452585
1789530525,100,,Aggregated,296.400000,0.000000,28,38,47,54,77,100,130,160,1500,2500,2900,329166,0,28,40.45392844595998,3.74523299979046,2942.9390889999922,224.11245997460247
1789530526,100,,Aggregated,295.900000,0.000000,28,38,47,54,77,100,130,160,1500,2500,2900,329454,0,28,40.44415876998264,3.74523299979046,2942.9390889999922,224.11347259404954
1789530527,100,,Aggregated,296.200000,0.000000,28,38,47,54,77,100,130,160,1500,2500,2900,329743,0,28,40.44540670208575,3.74523299979046,2942.9390889999922,224.11474997194784
1789530528,100,,Aggregated,298.500000,0.000000,28,38,47,54,77,100,130,160,1500,2500,2900,330050,0,28,40.43905339302789,3.74523299979046,2942.9390889999922,224.1145341614907
1789530529,100,,Aggregated,297.000000,0.000000,28,38,47,54,77,100,130,160,1500,2500,2900,330353,0,28,40.43723507975361,3.74523299979046,2942.9390889999922,224.1156944238436
1789530530,100,,Aggregated,295.800000,0.000000,28,38,47,54,77,100,130,160,1500,2500,2900,330643,0,28,40.427298322646635,3.74523299979046,2942.9390889999922,224.11673617769014
1789530531,100,,Aggregated,296.500000,0.000000,28,38,47,54,77,100,130,160,1500,2500,2900,330945,0,28,40.42737476631721,3.74523299979046,2942.9390889999922,224.11870552508725
1789530532,100,,Aggregated,295.300000,0.000000,28,38,47,54,77,100,130,160,1500,2500,2900,331245,0,28,40.412745912019375,3.74523299979046,2942.9390889999922,224.11818442542528
1789530533,100,,Aggregated,296.500000,0.000000,28,38,47,54,77,100,130,160,1500,2500,2900,331531,0,28,40.42240545078396,3.74523299979046,2942.9390889999922,224.11892100587878
1789530534,100,,Aggregated,298.700000,0.000000,28,38,47,54,77,100,130,160,1500,2500,2900,331826,0,28,40.41118860146538,3.74523299979046,2942.9390889999922,224.11798352148415
1789530535,100,,Aggregated,296.800000,0.000000,28,38,47,54,77,100,130,160,1500,2500,2900,332123,0,28,40.398635711919596,3.74523299979046,2942.9390889999922,224.11953402805588
1789530536,100,,Aggregated,296.300000,0.000000,28,38,47,54,77,100,130,160,1500,2500,2900,332410,0,28,40.40435685567176,3.74523299979046,2942.9390889999922,224.12072741493938
1789530537,100,,Aggregated,297.200000,0.000000,28,38,47,54,77,100,130,160,1500,2500,2900,332708,0,28,40.39888687814196,3.74523299979046,2942.9390889999922,224.12230845065343
1789530538,100,,Aggregated,295.200000,0.000000,28,38,47,54,77,100,130,160,1500,2500,2900,333018,0,28,40.39165459712045,3.74523299979046,2942.9390889999922,224.1237560732453
1789530539,100,,Aggregated,294.200000,0.000000,28,38,47,54,77,100,130,160,1500,2500,2900,333300,0,28,40.4009421087575,3.74523299979046,2942.9390889999922,224.12453645364536
1789530540,100,,Aggregated,296.000000,0.000000,28,38,47,54,77,100,130,160,1500,2500,2900,333604,0,28,40.3932658797583,3.74523299979046,2942.9390889999922,224.1241501900457
1789530541,100,,Aggregated,295.900000,0.000000,28,38,47,54,77,100,130,160,1500,2500,2900,333890,0,28,40.38619641847882,3.74523299979046,2942.9390889999922,224.12236664769836
1789530542,100,,Aggregated,295.900000,0.000000,28,38,47,54,77,100,130,160,1500,2500,2900,334192,0,28,40.377736172508314,3.74523299979046,2942.9390889999922,224.12125664288791
1789530543,100,,Aggregated,295.600000,0.000000,28,38,47,54,77,100,130,160,1500,2500,2900,334506,0,28,40.367929555619014,3.74523299979046,2942.9390889999922,224.12070934452595
1789530544,100,,Aggregated,293.300000,0.000000,28,38,47,54,77,100,130,160,1500,2500,2900,334812,0,28,40.361936450903464,3.74523299979046,2942.9390889999922,224.1221521331374
1789530545,100,,Aggregated,294.700000,0.000000,28,38,47,54,77,100,130,160,1500,2500,2900,335112,0,28,40.34941965717698,3.74523299979046,2942.9390889999922,224.12358554751845
1789530546,100,,Aggregated,297.000000,0.000000,28,38,47,54,77,100,130,160,1500,2500,2900,335382,0,28,40.372276342251226,3.74523299979046,2942.9390889999922,224.12407642628406
1789530547,100,,Aggregated,297.900000,0.000000,28,38,47,54,77,100,130,160,1500,2500,2900,335692,0,28,40.35625823261768,3.74523299979046,2942.9390889999922,224.1267590529414
1789530548,100,,Aggregated,297.900000,0.000000,28,38,47,54,77,100,130,160,1500,2500,2900,335993,0,28,40.345646771381816,3.74523299979046,2942.9390889999922,224.1269788358686
1789530549,100,,Aggregated,296.800000,0.000000,28,38,47,54,77,100,130,160,1500,2500,2900,336287,0,28,40.337563094228706,3.74523299979046,2942.9390889999922,224.12604412302588
1789530550,100,,Aggregated,297.300000,0.000000,28,38,47,54,77,100,130,160,1500,2500,2900,336592,0,28,40.32570548171047,3.74523299979046,2942.9390889999922,224.12334814850027
1789530552,100,,Aggregated,296.800000,0.000000,28,38,47,54,77,100,130,160,1500,2500,2900,336890,0,28,40.3185604249099,3.74523299979046,2942.9390889999922,224.12117605153017
1789530553,100,,Aggregated,297.200000,0.000000,28,38,47,54,77,100,130,160,1500,2500,2900,337185,0,28,40.31457096504857,3.74523299979046,2942.9390889999922,224.12054806708483
1789530554,100,,Aggregated,299.600000,0.000000,28,38,47,54,77,100,130,160,1500,2500,2900,337475,0,28,40.31853355131171,3.74523299979046,2942.9390889999922,224.120705237425
1789530555,100,,Aggregated,298.800000,0.000000,28,38,47,54,77,100,130,160,1500,2500,2900,337770,0,28,40.324975151155904,3.74523299979046,2942.9390889999922,224.12275512922994
1789530556,100,,Aggregated,298.800000,0.000000,28,38,47,54,77,100,130,160,1500,2500,2900,338044,0,28,40.32273335572865,3.74523299979046,2942.9390889999922,224.12186283442392
1789530557,100,,Aggregated,295.100000,0.000000,28,38,47,54,77,100,130,160,1500,2500,2900,338356,0,28,40.31591344849194,3.74523299979046,2942.9390889999922,224.12269916892268
1789530558,100,,Aggregated,293.200000,0.000000,28,38,47,54,77,100,130,160,1500,2500,2900,338666,0,28,40.3140303041668,3.74523299979046,2942.9390889999922,224.1229057537515
1789530559,100,,Aggregated,297.100000,0.000000,28,38,47,54,77,100,130,160,1500,2500,2900,338959,0,28,40.312034326298885,3.74523299979046,2942.9390889999922,224.12257529671732
1789530560,100,,Aggregated,296.600000,0.000000,28,38,47,54,77,100,130,160,1500,2500,2900,339257,0,28,40.306601279604955,3.74523299979046,2942.9390889999922,224.12169535190137
1789530561,100,,Aggregated,295.800000,0.000000,28,38,47,54,77,100,130,160,1500,2500,2900,339553,0,28,40.29979333459854,3.74523299979046,2942.9390889999922,224.12351238245577
1789530562,100,,Aggregated,296.700000,0.000000,28,38,47,54,77,100,130,160,1500,2500,2900,339850,0,28,40.289414006423264,3.74523299979046,2942.9390889999922,224.12350154479918
1789530563,100,,Aggregated,295.000000,0.000000,28,38,47,54,77,100,130,160,1500,2500,2900,340160,0,28,40.290220745866534,3.74523299979046,2942.9390889999922,224.1229039275635
1789530564,100,,Aggregated,295.400000,0.000000,28,38,47,54,77,100,130,160,1500,2500,2900,340453,0,28,40.279796061955516,3.74523299979046,2942.9390889999922,224.1230830687349
1789530565,100,,Aggregated,296.000000,0.000000,28,38,47,54,77,100,130,160,1500,2500,2900,340724,0,28,40.29049071043994,3.74523299979046,2942.9390889999922,224.12174076378534
1789530566,100,,Aggregated,296.700000,0.000000,28,38,47,54,77,100,130,160,1500,2500,2900,341013,0,28,40.28227667948714,3.74523299979046,2942.9390889999922,224.12291027028294
1789530567,100,,Aggregated,293.600000,0.000000,28,38,47,54,77,100,130,160,1500,2500,2900,341315,0,28,40.31037590660813,3.74523299979046,2942.9390889999922,224.12238547968886
1789530568,100,,Aggregated,296.300000,0.000000,28,38,47,54,77,100,130,160,1500,2500,2900,341612,0,28,40.2950891523774,3.74523299979046,2942.9390889999922,224.12197171059566
1789530569,100,,Aggregated,294.000000,0.000000,28,38,47,54,77,100,130,160,1500,2500,2900,341891,0,28,40.298987447739044,3.74523299979046,2942.9390889999922,224.12310648715527
1789530570,100,,Aggregated,293.800000,0.000000,28,38,47,54,77,100,130,160,1500,2500,2900,342182,0,28,40.29460356125967,3.74523299979046,2942.9390889999922,224.12247283609307
1789530571,100,,Aggregated,292.400000,0.000000,28,38,47,54,77,100,130,160,1500,2500,2900,342493,0,28,40.29723795927789,3.74523299979046,2942.9390889999922,224.12126379225268
1789530572,100,,Aggregated,292.200000,0.000000,28,38,47,54,77,100,130,160,1500,2500,2900,342792,0,28,40.29125080288906,3.74523299979046,2942.9390889999922,224.1198598567061
1789530573,100,,Aggregated,293.000000,0.000000,28,38,47,54,77,100,130,160,1500,2500,2900,343090,0,28,40.28698688192006,3.74523299979046,2942.9390889999922,224.12087207438282
1789530574,100,,Aggregated,293.100000,0.000000,28,38,47,54,77,100,130,160,1500,2500,2900,343379,0,28,40.29019066665683,3.74523299979046,2942.9390889999922,224.12102370849703
1789530575,100,,Aggregated,292.500000,0.000000,28,38,47,54,78,100,130,160,1500,2500,2900,343664,0,28,40.30129872340118,3.74523299979046,2942.9390889999922,224.12102518739235
1789530576,100,,Aggregated,291.700000,0.000000,28,38,47,54,77,100,130,160,1500,2500,2900,343974,0,28,40.283819793859244,3.74523299979046,2942.9390889999922,224.11977649473508
1789530577,100,,Aggregated,292.600000,0.000000,28,38,47,54,78,100,130,160,1500,2500,2900,344257,0,28,40.29504658253558,3.74523299979046,2942.9390889999922,224.12048847227507
1789530578,100,,Aggregated,294.800000,0.000000,28,38,47,54,78,100,130,160,1500,2500,2900,344560,0,28,40.27991458255737,3.74523299979046,2942.9390889999922,224.12145344787555
1789530579,100,,Aggregated,294.000000,0.000000,28,38,47,54,78,100,130,160,1500,2500,2900,344861,0,28,40.2904218534307,3.74523299979046,2942.9390889999922,224.12131844424275
1789530580,100,,Aggregated,295.400000,0.000000,28,38,47,54,78,100,130,160,1500,2500,2900,345161,0,28,40.285032098238155,3.74523299979046,2942.9390889999922,224.12038440032333
1789530581,100,,Aggregated,296.500000,0.000000,28,38,47,54,78,100,130,160,1500,2500,2900,345463,0,28,40.27252880133032,3.74523299979046,2942.9390889999922,224.12004469364302
1789530582,100,,Aggregated,296.000000,0.000000,28,38,47,54,78,100,130,160,1500,2500,2900,345772,0,28,40.26256660523688,3.74523299979046,2942.9390889999922,224.12042039262866
1789530583,100,,Aggregated,297.700000,0.000000,28,38,47,54,78,100,130,160,1500,2500,2900,346072,0,28,40.2625817991371,3.74523299979046,2942.9390889999922,224.11935955523705
1789530584,100,,Aggregated,297.500000,0.000000,28,38,47,54,78,100,130,160,1500,2500,2900,346388,0,28,40.25300030450238,3.74523299979046,2942.9390889999922,224.1190918854002
1789530585,100,,Aggregated,297.700000,0.000000,28,38,47,54,78,100,130,160,1500,2500,2900,346671,0,28,40.2510641988369,3.74523299979046,2942.9390889999922,224.11846678839592
1789530586,100,,Aggregated,299.500000,0.000000,28,38,47,54,78,100,130,160,1500,2500,2900,346961,0,28,40.24866143413816,3.74523299979046,2942.9390889999922,224.11802191024353
1789530587,100,,Aggregated,301.300000,0.000000,28,38,47,54,78,100,130,160,1500,2500,2900,347264,0,28,40.236690785845994,3.74523299979046,2942.9390889999922,224.11917158127534
1789530588,100,,Aggregated,297.500000,0.000000,28,38,47,54,78,100,130,160,1500,2500,2900,347553,0,28,40.23518202798715,3.74523299979046,2942.9390889999922,224.11873584748224
1789530589,100,,Aggregated,300.400000,0.000000,28,38,47,54,78,100,130,160,1500,2500,2900,347861,0,28,40.23549606001827,3.74523299979046,2942.9390889999922,224.1189728081044
1789530590,100,,Aggregated,297.100000,0.000000,28,38,47,54,78,100,130,160,1500,2500,2900,348155,0,28,40.22097063679398,3.74523299979046,2942.9390889999922,224.11945254268932
1789530591,100,,Aggregated,299.000000,0.000000,28,38,47,54,78,100,130,160,1500,2500,2900,348467,0,28,40.21688811100621,3.74523299979046,2942.9390889999922,224.11983344190412
1789530592,100,,Aggregated,300.500000,0.000000,28,38,47,54,78,100,130,160,1500,2500,2900,348761,0,28,40.211665872041316,3.74523299979046,2942.9390889999922,224.11882922689176
1789530593,100,,Aggregated,299.200000,0.000000,28,38,47,54,78,100,130,160,1400,2500,2900,349057,0,28,40.20509909743398,3.74523299979046,2942.9390889999922,224.1191897025414
1789530594,100,,Aggregated,297.500000,0.000000,28,38,47,54,78,100,130,160,1400,2500,2900,349353,0,28,40.20487838133634,3.74523299979046,2942.9390889999922,224.1196669271482
1789530595,100,,Aggregated,297.500000,0.000000,28,38,47,54,78,100,130,160,1400,2500,2900,349638,0,28,40.19959555182783,3.74523299979046,2942.9390889999922,224.1185940887432
1789530596,100,,Aggregated,296.700000,0.000000,28,38,47,54,78,100,130,160,1400,2500,2900,349945,0,28,40.18995800869842,3.74523299979046,2942.9390889999922,224.11878152281074
1789530597,100,,Aggregated,295.600000,0.000000,28,38,47,54,78,100,130,160,1400,2500,2900,350232,0,28,40.19146231547649,3.74523299979046,2942.9390889999922,224.11823020169487
1789530598,100,,Aggregated,298.100000,0.000000,28,38,47,54,78,100,130,160,1400,2500,2900,350534,0,28,40.17554832382012,3.74523299979046,2942.9390889999922,224.11828239200761
1789530599,100,,Aggregated,295.500000,0.000000,28,38,47,54,78,100,130,160,1400,2500,2900,350812,0,28,40.20616243431801,3.74523299979046,2942.9390889999922,224.1198619203448
1789530600,100,,Aggregated,298.500000,0.000000,28,38,47,54,78,100,130,160,1400,2500,2900,351108,0,28,40.205701422716025,3.74523299979046,2942.9390889999922,224.11966118687127
1789530601,100,,Aggregated,293.800000,0.000000,28,38,47,54,78,100,130,160,1400,2500,2900,351406,0,28,40.20162923724121,3.74523299979046,2942.9390889999922,224.12010324240336
1789530602,100,,Aggregated,291.800000,0.000000,28,38,47,54,78,100,130,160,1400,2500,2900,351705,0,28,40.196777681909495,3.74523299979046,2942.9390889999922,224.12035939210418
1789530603,100,,Aggregated,293.200000,0.000000,28,38,47,54,78,100,130,160,1400,2500,2900,352010,0,28,40.20208283314668,3.74523299979046,2942.9390889999922,224.1205164626005
1789530604,100,,Aggregated,293.900000,0.000000,28,38,47,54,78,100,130,160,1400,2500,2900,352304,0,28,40.18852308986265,3.74523299979046,2942.9390889999922,224.11958706117443
1789530605,100,,Aggregated,293.100000,0.000000,28,38,47,54,78,100,130,160,1400,2500,2900,352582,0,28,40.19971501658048,3.74523299979046,2942.9390889999922,224.11980475463864
1789530606,100,,Aggregated,295.200000,0.000000,28,38,47,54,78,100,130,160,1400,2500,2900,352890,0,28,40.18743952459397,3.74523299979046,2942.9390889999922,224.12294766074413
1789530607,100,,Aggregated,294.500000,0.000000,28,38,47,54,78,100,130,160,1400,2500,2900,353190,0,28,40.174779220529906,3.74523299979046,2942.9390889999922,224.12012797644329
1789530608,100,,Aggregated,293.600000,0.000000,28,38,47,54,78,100,130,160,1400,2500,2900,353493,0,28,40.17579676899106,3.74523299979046,2942.9390889999922,224.11982132602344
1789530609,100,,Aggregated,296.100000,0.000000,28,38,47,54,78,100,130,160,1400,2500,2900,353787,0,28,40.17965100208589,3.74523299979046,2942.9390889999922,224.11944192409558
1789530610,100,,Aggregated,294.100000,0.000000,28,38,47,54,78,100,130,160,1400,2500,2900,354087,0,28,40.17424884033007,3.74523299979046,2942.9390889999922,224.11882390485954
1789530611,100,,Aggregated,296.500000,0.000000,28,38,47,54,78,100,130,160,1400,2500,2900,354372,0,28,40.186644305213065,3.74523299979046,2942.9390889999922,224.11804544377094
1789530612,100,,Aggregated,297.500000,0.000000,28,38,47,54,78,100,130,160,1400,2500,2900,354679,0,28,40.186363591785735,3.74523299979046,2942.9390889999922,224.11616983244005
1789530613,100,,Aggregated,296.500000,0.000000,28,38,47,54,78,100,130,160,1400,2500,2900,354960,0,28,40.196401778245395,3.74523299979046,2942.9390889999922,224.11466080685148
1789530614,100,,Aggregated,296.600000,0.000000,28,38,47,54,78,100,130,160,1400,2500,2900,355234,0,28,40.20370991548664,3.74523299979046,2942.9390889999922,224.1155463722504
1789530615,100,,Aggregated,295.900000,0.000000,28,38,47,54,78,100,130,160,1400,2500,2900,355546,0,28,40.19231717401398,3.74523299979046,2942.9390889999922,224.11715502354124
1789530616,100,,Aggregated,292.500000,0.000000,28,38,47,54,78,100,130,160,1400,2500,2900,355836,0,28,40.19162667454942,3.74523299979046,2942.9390889999922,224.11833822322643
1789530617,100,,Aggregated,295.100000,0.000000,28,38,47,54,78,100,130,160,1400,2500,2900,356139,0,28,40.18248843016623,3.7275760000738956,2942.9390889999922,224.1191838018302
1789530618,100,,Aggregated,294.300000,0.000000,28,38,47,54,78,100,130,160,1400,2500,2900,356454,0,28,40.174732943622324,3.7275760000738956,2942.9390889999922,224.11628989995904
1789530619,100,,Aggregated,294.400000,0.000000,28,38,47,54,78,100,130,160,1400,2500,2900,356744,0,28,40.18038211669416,3.7275760000738956,2942.9390889999922,224.11589823514902
1789530620,100,,Aggregated,295.300000,0.000000,28,38,47,54,78,100,130,160,1400,2500,2900,357058,0,28,40.164619188563044,3.7275760000738956,2942.9390889999922,224.1170734166438
1789530621,100,,Aggregated,295.300000,0.000000,28,38,47,54,78,100,130,160,1400,2500,2900,357345,0,28,40.16367546932218,3.7275760000738956,2942.9390889999922,224.11612027592383
1789530622,100,,Aggregated,296.900000,0.000000,28,38,47,54,78,100,130,160,1400,2500,2900,357630,0,28,40.15516558276689,3.7275760000738956,2942.9390889999922,224.1163520957414
1789530623,100,,Aggregated,294.600000,0.000000,28,38,47,54,78,100,130,160,1400,2500,2900,357949,0,28,40.1506367874639,3.7275760000738956,2942.9390889999922,224.11631545276003
1789530624,100,,Aggregated,296.700000,0.000000,28,38,47,54,78,100,130,160,1400,2500,2900,358225,0,28,40.15554019172002,3.7275760000738956,2942.9390889999922,224.11579872984856
1789530625,100,,Aggregated,298.000000,0.000000,28,38,47,54,78,100,130,160,1400,2500,2900,358529,0,28,40.13876290501997,3.7275760000738956,2942.9390889999922,224.1162946372539
1789530626,100,,Aggregated,298.800000,0.000000,28,38,47,54,78,100,130,160,1400,2500,2900,358804,0,28,40.16636220192333,3.7275760000738956,2942.9390889999922,224.11651765309193
1789530627,100,,Aggregated,297.600000,0.000000,28,38,47,54,78,100,130,160,1400,2500,2900,359099,0,28,40.16713675722826,3.7275760000738956,2942.9390889999922,224.11807328898158
1789530628,100,,Aggregated,296.100000,0.000000,28,38,47,54,78,100,130,160,1400,2500,2900,359396,0,28,40.16445541263088,3.7275760000738956,2942.9390889999922,224.11820665783705
1789530629,100,,Aggregated,293.200000,0.000000,28,38,47,54,78,100,130,160,1400,2500,2900,359681,0,28,40.1768401009836,3.7275760000738956,2942.9390889999922,224.1180963131219
1789530630,100,,Aggregated,293.700000,0.000000,28,38,47,54,78,100,130,160,1400,2500,2900,359981,0,28,40.174865578605214,3.7275760000738956,2942.9390889999922,224.11674505043322
1789530631,100,,Aggregated,293.200000,0.000000,28,38,47,54,78,100,130,160,1400,2500,2900,360279,0,28,40.163679823353256,3.7275760000738956,2942.9390889999922,224.1172896560721
1789530632,100,,Aggregated,291.700000,0.000000,28,38,47,54,78,100,130,160,1400,2500,2900,360561,0,28,40.16779062585498,3.7275760000738956,2942.9390889999922,224.11787741880013
1789530633,100,,Aggregated,294.300000,0.000000,28,38,47,54,78,100,130,160,1400,2500,2900,360857,0,28,40.15958534249,3.7275760000738956,2942.9390889999922,224.11947391903163
1789530634,100,,Aggregated,292.200000,0.000000,28,38,47,54,78,100,130,160,1400,2500,2900,361149,0,28,40.164072789510406,3.7275760000738956,2942.9390889999922,224.12072856355687
1789530635,100,,Aggregated,291.700000,0.000000,28,38,47,54,78,100,130,160,1400,2500,2900,361438,0,28,40.17490990662546,3.7275760000738956,2942.9390889999922,224.12059329677567
1789530636,100,,Aggregated,291.000000,0.000000,28,38,47,54,78,100,130,160,1400,2500,2900,361751,0,28,40.17340885680447,3.7275760000738956,2942.9390889999922,224.12110263689664
1789530637,100,,Aggregated,291.200000,0.000000,28,38,47,54,78,100,130,160,1400,2500,2900,362045,0,28,40.183914029294364,3.7275760000738956,2942.9390889999922,224.12176939330746
1789530638,100,,Aggregated,292.900000,0.000000,28,38,47,54,78,100,130,160,1400,2500,2900,362332,0,28,40.1817825374791,3.7275760000738956,2942.9390889999922,224.12271342304848
1789530639,100,,Aggregated,294.200000,0.000000,28,38,47,54,78,100,130,160,1400,2500,2900,362646,0,28,40.169882112020744,3.7275760000738956,2942.9390889999922,224.12285534653628
1789530640,100,,Aggregated,292.000000,0.000000,28,38,47,54,78,100,130,160,1400,2500,2900,362934,0,28,40.167045244033034,3.7275760000738956,2942.9390889999922,224.12337229358505
1789530641,100,,Aggregated,296.000000,0.000000,28,38,47,54,78,100,130,160,1400,2500,2900,363227,0,28,40.16129704362807,3.7275760000738956,2942.9390889999922,224.12387294997345
1789530642,100,,Aggregated,295.300000,0.000000,28,38,47,54,78,100,130,160,1400,2500,2900,363543,0,28,40.155325481653875,3.7275760000738956,2942.9390889999922,224.12412561925274
1789530643,100,,Aggregated,293.600000,0.000000,28,38,47,54,78,100,130,160,1400,2500,2900,363827,0,28,40.149494033265476,3.7275760000738956,2942.9390889999922,224.1228605903355
1789530644,100,,Aggregated,294.700000,0.000000,28,38,47,54,78,100,130,160,1400,2500,2900,364130,0,28,40.13801079637733,3.7275760000738956,2942.9390889999922,224.12352456540248
1789530645,100,,Aggregated,295.700000,0.000000,28,38,47,54,78,100,130,160,1400,2500,2900,364435,0,28,40.13386205587246,3.7275760000738956,2942.9390889999922,224.12224950951472
1789530646,100,,Aggregated,297.800000,0.000000,28,38,47,54,78,100,130,160,1400,2500,2900,364746,0,28,40.12501702460033,3.7275760000738956,2942.9390889999922,224.12283890707505
1789530647,100,,Aggregated,298.000000,0.000000,28,38,47,54,78,100,130,160,1400,2500,2900,365045,0,28,40.113343968989824,3.7275760000738956,2942.9390889999922,224.12397649604844
1789530648,100,,Aggregated,299.400000,0.000000,28,38,47,54,78,100,130,160,1400,2500,2900,365251,0,28,40.112221965831424,3.7275760000738956,2942.9390889999922,224.12740827540514
1789530649,100,,Aggregated,300.400000,0.000000,28,38,47,54,78,100,130,160,1400,2500,2900,365394,0,28,40.34518902990987,3.7275760000738956,2942.9390889999922,224.12528120330384
1789530650,100,,Aggregated,297.900000,0.000000,28,38,47,54,78,100,130,160,1400,2500,2900,365674,0,28,40.341629991557774,3.7275760000738956,2942.9390889999922,224.125633761219
1789530651,100,,Aggregated,271.500000,0.000000,28,38,47,54,78,100,130,160,1400,2500,2900,365973,0,28,40.34282118356519,3.7275760000738956,2942.9390889999922,224.12358015482016
1789530652,100,,Aggregated,272.500000,0.000000,28,38,47,54,78,100,130,160,1400,2500,2900,366274,0,28,40.32864512727329,3.7275760000738956,2942.9390889999922,224.12402190709687
1789530653,100,,Aggregated,273.700000,0.000000,28,38,47,54,78,100,130,160,1400,2500,2900,366572,0,28,40.31898381648601,3.7275760000738956,2942.9390889999922,224.1234682408913
1789530654,100,,Aggregated,273.200000,0.000000,28,38,47,54,78,100,130,160,1400,2500,2900,366859,0,28,40.3252603053051,3.7275760000738956,2942.9390889999922,224.12428753281233
1789530655,100,,Aggregated,272.800000,0.000000,28,38,47,54,78,100,130,160,1400,2500,2900,367162,0,28,40.3192069748338,3.7275760000738956,2942.9390889999922,224.12536155702387
1789530656,100,,Aggregated,270.900000,0.000000,28,38,47,54,78,100,130,160,1400,2500,2900,367449,0,28,40.318864994956925,3.7275760000738956,2942.9390889999922,224.124629540426
1789530657,100,,Aggregated,271.200000,0.000000,28,38,47,54,78,100,130,160,1400,2500,2900,367721,0,28,40.309715687907214,3.7275760000738956,2942.9390889999922,224.12528520264004
1789530658,100,,Aggregated,269.200000,0.000000,28,38,47,54,78,100,130,160,1400,2500,2900,368034,0,28,40.30207586985968,3.7275760000738956,2942.9390889999922,224.1239695245548
1789530659,100,,Aggregated,269.600000,0.000000,28,38,47,54,78,100,130,160,1400,2500,2900,368307,0,28,40.31265545307566,3.7275760000738956,2942.9390889999922,224.12419258933443
1789530660,100,,Aggregated,273.200000,0.000000,28,38,47,54,78,100,130,160,1400,2500,2900,368607,0,28,40.3023699926695,3.7275760000738956,2942.9390889999922,224.12456084664697
1789530661,100,,Aggregated,293.300000,0.000000,28,38,47,54,78,100,130,160,1400,2500,2900,368914,0,28,40.29734368836884,3.7275760000738956,2942.9390889999922,224.1242186525857
1789530662,100,,Aggregated,293.400000,0.000000,28,38,47,54,78,100,130,160,1400,2500,2900,369206,0,28,40.28523381934991,3.7275760000738956,2942.9390889999922,224.12396331587243
1789530663,100,,Aggregated,293.300000,0.000000,28,38,47,54,78,100,130,160,1400,2500,2900,369519,0,28,40.27826613605503,3.7275760000738956,2942.9390889999922,224.12504363781022
1789530664,100,,Aggregated,293.400000,0.000000,28,38,47,54,78,100,130,160,1400,2500,2900,369811,0,28,40.26926543115788,3.7275760000738956,2942.9390889999922,224.1257642417343
1789530665,100,,Aggregated,294.100000,0.000000,28,38,47,54,78,100,130,160,1400,2500,2900,370099,0,28,40.26304282652458,3.7275760000738956,2942.9390889999922,224.12560963417897
1789530666,100,,Aggregated,295.900000,0.000000,28,38,47,54,78,100,130,160,1400,2500,2900,370403,0,28,40.264600169671745,3.7275760000738956,2942.9390889999922,224.12560643407315
1789530667,100,,Aggregated,295.600000,0.000000,28,38,47,54,78,100,130,160,1400,2500,2900,370691,0,28,40.27230788861866,3.7275760000738956,2942.9390889999922,224.1245080134128
1789530668,100,,Aggregated,295.500000,0.000000,28,38,47,54,78,100,130,160,1400,2500,2900,370999,0,28,40.26328201263866,3.7275760000738956,2942.9390889999922,224.1243669120402
1789530669,100,,Aggregated,294.100000,0.000000,28,38,47,54,78,100,130,160,1400,2500,2900,371262,0,28,40.28706860247731,3.7275760000738956,2942.9390889999922,224.12469630611267
1789530670,100,,Aggregated,294.600000,0.000000,28,38,47,54,78,100,130,160,1400,2500,2900,371568,0,28,40.27858088698146,3.7275760000738956,2942.9390889999922,224.1256512939758
1789530671,100,,Aggregated,295.300000,0.000000,28,38,47,54,78,100,130,160,1400,2500,2900,371864,0,28,40.27347497094347,3.7275760000738956,2942.9390889999922,224.12498386506894
1789530672,100,,Aggregated,294.800000,0.000000,28,38,47,54,78,100,130,160,1400,2500,2900,372148,0,28,40.28646904733313,3.7275760000738956,2942.9390889999922,224.12502015327235
1789530673,100,,Aggregated,294.300000,0.000000,28,38,47,54,78,100,130,160,1400,2500,2900,372432,0,28,40.27672328089941,3.7275760000738956,2942.9390889999922,224.1255584912145
1789530674,100,,Aggregated,293.600000,0.000000,28,38,47,54,78,100,130,160,1400,2500,2900,372617,0,28,40.28708887551811,3.7275760000738956,2942.9390889999922,224.12678165515797
1789530675,100,,Aggregated,293.600000,0.000000,28,38,47,54,78,100,130,160,1400,2500,2900,372634,0,28,40.31256686337245,3.7275760000738956,2942.9390889999922,224.1257077990736
1789530676,100,,Aggregated,287.400000,0.000000,28,38,47,54,78,100,130,160,1500,2500,2900,372773,0,28,40.79040039133984,3.7275760000738956,2942.9390889999922,224.12465763346594
1789530677,100,,Aggregated,260.200000,0.000000,28,38,47,54,78,100,130,160,1500,2500,2900,373067,0,28,40.79008691394291,3.7275760000738956,2942.9390889999922,224.12461568565433
1789530678,100,,Aggregated,233.600000,0.000000,28,38,47,54,78,100,130,160,1500,2500,2900,373343,0,28,40.793829797641706,3.7275760000738956,2942.9390889999922,224.1234012690743
1789530679,100,,Aggregated,236.200000,0.000000,28,38,47,54,78,100,130,160,1500,2500,2900,373630,0,28,40.78686081514586,3.7275760000738956,2942.9390889999922,224.12230281294327
1789530680,100,,Aggregated,236.100000,0.000000,28,38,47,54,78,100,130,160,1500,2500,2900,373924,0,28,40.783015131692416,3.7275760000738956,2942.9390889999922,224.12266663814037
1789530681,100,,Aggregated,237.900000,0.000000,28,38,47,54,78,100,130,160,1500,2500,2900,374223,0,28,40.780755105923376,3.7275760000738956,2942.9390889999922,224.1221704705483
1789530682,100,,Aggregated,235.900000,0.000000,28,38,47,54,78,100,130,160,1500,2500,2900,374535,0,28,40.774157095283364,3.7275760000738956,2942.9390889999922,224.12214078791035
1789530683,100,,Aggregated,235.800000,0.000000,28,38,47,54,78,100,130,160,1500,2500,2900,374810,0,28,40.77692770987951,3.7275760000738956,2942.9390889999922,224.12245671140045
1789530684,100,,Aggregated,237.000000,0.000000,28,38,47,54,78,100,130,160,1500,2500,2900,375118,0,28,40.77124765789415,3.7275760000738956,2942.9390889999922,224.12303328552616
1789530685,100,,Aggregated,235.300000,0.000000,28,38,47,54,78,100,130,160,1500,2500,2900,375429,0,28,40.765987888636595,3.7275760000738956,2942.9390889999922,224.12389293315115
1789530686,100,,Aggregated,241.400000,0.000000,28,38,47,54,78,100,130,160,1500,2500,2900,375708,0,28,40.77265916963159,3.7275760000738956,2942.9390889999922,224.12515836766852
1789530687,100,,Aggregated,269.800000,0.000000,28,38,47,54,78,100,130,160,1500,2500,2900,376002,0,28,40.76850112405245,3.7275760000738956,2942.9390889999922,224.12431316854696
1789530688,100,,Aggregated,294.000000,0.000000,28,38,47,54,78,100,130,160,1500,2500,2900,376292,0,28,40.76452535878245,3.7275760000738956,2942.9390889999922,224.12588627980398
1789530689,100,,Aggregated,292.200000,0.000000,28,38,47,54,78,100,130,160,1500,2500,2900,376589,0,28,40.76128117652922,3.7275760000738956,2942.9390889999922,224.12671639373428
1789530690,100,,Aggregated,292.400000,0.000000,28,38,47,54,78,100,130,160,1500,2500,2900,376894,0,28,40.75252154360896,3.7275760000738956,2942.9390889999922,224.12729839159022
1789530691,100,,Aggregated,293.400000,0.000000,28,38,47,54,78,100,130,160,1500,2500,2900,377180,0,28,40.7670655221617,3.7275760000738956,2942.9390889999922,224.12695264860278
1789530692,100,,Aggregated,295.900000,0.000000,28,38,47,54,78,100,130,160,1500,2500,2900,377463,0,28,40.776342090154444,3.7275760000738956,2942.9390889999922,224.12637530036056
1789530693,100,,Aggregated,294.500000,0.000000,28,38,47,54,78,100,130,160,1500,2500,2900,377764,0,28,40.76116077471116,3.7275760000738956,2942.9390889999922,224.12635137281478
1789530694,100,,Aggregated,293.300000,0.000000,28,38,47,54,78,100,130,160,1500,2500,2900,378051,0,28,40.76536448103289,3.7275760000738956,2942.9390889999922,224.12726589798731
1789530695,100,,Aggregated,295.100000,0.000000,28,38,47,54,78,100,130,160,1500,2500,2900,378347,0,28,40.76003447865308,3.7275760000738956,2942.9390889999922,224.12591879940902
1789530696,100,,Aggregated,292.000000,0.000000,28,38,47,54,78,100,130,160,1500,2500,2900,378657,0,28,40.75273008051337,3.7275760000738956,2942.9390889999922,224.1248781879115
1789530697,100,,Aggregated,292.700000,0.000000,28,38,47,54,78,100,130,160,1500,2500,2900,378959,0,28,40.74843708865329,3.7275760000738956,2942.9390889999922,224.12454117727776
1789530698,100,,Aggregated,296.000000,0.000000,28,38,47,54,78,100,130,160,1500,2500,2900,379264,0,28,40.744787182922565,3.7275760000738956,2942.9390889999922,224.1236131032737
1789530699,100,,Aggregated,295.700000,0.000000,28,38,47,54,78,100,130,160,1500,2500,2900,379549,0,28,40.74455355521407,3.7275760000738956,2942.9390889999922,224.1242474621195
1789530700,100,,Aggregated,295.800000,0.000000,28,38,47,54,78,100,130,160,1500,2500,2900,379856,0,28,40.75531655318582,3.7275760000738956,2942.9390889999922,224.12418390126786
1789530701,100,,Aggregated,296.900000,0.000000,28,38,47,54,78,100,130,160,1500,2500,2900,380154,0,28,40.744351644491346,3.7275760000738956,2942.9390889999922,224.12312115616302
1789530702,100,,Aggregated,294.900000,0.000000,28,38,47,54,78,100,130,160,1500,2500,2900,380449,0,28,40.743086280068944,3.7275760000738956,2942.9390889999922,224.12375640361782
1789530703,100,,Aggregated,297.900000,0.000000,28,38,47,54,78,100,130,160,1500,2500,2900,380746,0,28,40.747781033289804,3.7275760000738956,2942.9390889999922,224.121629642859
1789530704,100,,Aggregated,297.600000,0.000000,28,38,47,54,78,100,130,160,1500,2500,2900,381040,0,28,40.73341580369765,3.7275760000738956,2942.9390889999922,224.120255091329
1789530705,100,,Aggregated,296.700000,0.000000,28,38,47,54,78,100,130,160,1500,2500,2900,381304,0,28,40.73363461834636,3.7275760000738956,2942.9390889999922,224.12109760191345
1789530706,100,,Aggregated,298.800000,0.000000,28,38,47,54,78,100,130,160,1500,2500,2900,381616,0,28,40.73869761332578,3.7275760000738956,2942.9390889999922,224.11949446564086
1789530707,100,,Aggregated,296.900000,0.000000,28,38,47,54,78,100,130,160,1500,2500,2900,381900,0,28,40.73878256957303,3.7275760000738956,2942.9390889999922,224.11992144540454
1789530708,100,,Aggregated,294.300000,0.000000,28,38,47,54,78,100,130,160,1500,2500,2900,382216,0,28,40.72840346661557,3.7275760000738956,2942.9390889999922,224.12046853088307
1789530709,100,,Aggregated,295.000000,0.000000,28,38,47,54,78,100,130,160,1500,2500,2900,382523,0,28,40.73286976317484,3.7275760000738956,2942.9390889999922,224.12072476687678
1789530710,100,,Aggregated,294.300000,0.000000,28,38,47,54,78,100,130,160,1500,2500,2900,382821,0,28,40.725147365275,3.7275760000738956,2942.9390889999922,224.12101217017874
1789530711,100,,Aggregated,293.800000,0.000000,28,38,47,54,78,100,130,160,1500,2500,2900,383111,0,28,40.726445609661305,3.7275760000738956,2942.9390889999922,224.12073263362316
1789530712,100,,Aggregated,296.100000,0.000000,28,38,47,54,78,100,130,160,1500,2500,2900,383417,0,28,40.71037333577791,3.7275760000738956,2942.9390889999922,224.1218229760287
1789530713,100,,Aggregated,295.100000,0.000000,28,38,47,54,78,100,130,160,1500,2500,2900,383718,0,28,40.70444893667997,3.7275760000738956,2942.9390889999922,224.1201455235355
1789530714,100,,Aggregated,296.000000,0.000000,28,38,47,54,78,100,130,160,1500,2500,2900,384020,0,28,40.69595341114511,3.7275760000738956,2942.9390889999922,224.1196500182282
1789530715,100,,Aggregated,295.600000,0.000000,28,38,47,54,78,100,130,160,1500,2500,2900,384311,0,28,40.69016331426097,3.7275760000738956,2942.9390889999922,224.1200616167635
1789530716,100,,Aggregated,296.800000,0.000000,28,38,47,54,78,100,130,160,1500,2500,2900,384626,0,28,40.68650273377501,3.7275760000738956,2942.9390889999922,224.12167924165294
1789530717,100,,Aggregated,297.600000,0.000000,28,38,47,54,78,100,130,160,1500,2500,2900,384933,0,28,40.678401823192445,3.7275760000738956,2942.9390889999922,224.120052061008
1789530718,100,,Aggregated,300.300000,0.000000,28,38,47,54,78,100,130,160,1500,2500,2900,385229,0,28,40.674870006009286,3.7275760000738956,2942.9390889999922,224.120196039239
1789530719,100,,Aggregated,301.200000,0.000000,28,38,47,54,78,100,130,160,1500,2500,2900,385523,0,28,40.677969167481464,3.7275760000738956,2942.9390889999922,224.12016403690572
1789530720,100,,Aggregated,301.900000,0.000000,28,38,47,54,78,100,130,160,1500,2500,2900,385828,0,28,40.672884556608,3.7275760000738956,2942.9390889999922,224.12083104388483
1789530721,100,,Aggregated,299.000000,0.000000,28,38,47,54,78,100,130,160,1500,2500,2900,386128,0,28,40.66687444268472,3.7275760000738956,2942.9390889999922,224.12040825840137
1789530722,100,,Aggregated,300.600000,0.000000,28,38,47,54,78,100,130,160,1500,2500,2900,386416,0,28,40.66678023768154,3.7275760000738956,2942.9390889999922,224.11890294397747
1789530723,100,,Aggregated,300.400000,0.000000,28,38,47,54,78,100,130,160,1500,2500,2900,386718,0,28,40.655935928904164,3.7275760000738956,2942.9390889999922,224.11737493470693
1789530724,100,,Aggregated,299.200000,0.000000,28,38,47,54,78,100,130,160,1500,2500,2900,387001,0,28,40.66421790912156,3.7275760000738956,2942.9390889999922,224.11564827997861
1789530725,100,,Aggregated,300.800000,0.000000,28,38,47,54,78,100,130,160,1500,2500,2900,387264,0,28,40.66696998776013,3.7275760000738956,2942.9390889999922,224.11388613452323
1789530726,100,,Aggregated,297.600000,0.000000,28,38,47,54,78,100,130,160,1500,2500,2900,387562,0,28,40.67639232742103,3.7275760000738956,2942.9390889999922,224.1131199653217
1789530727,100,,Aggregated,296.800000,0.000000,28,38,47,54,78,100,130,160,1500,2500,2900,387860,0,28,40.686268537941416,3.7275760000738956,2942.9390889999922,224.11377043263033
1789530728,100,,Aggregated,294.000000,0.000000,28,38,47,54,78,100,130,160,1500,2500,2900,388163,0,28,40.67428678284885,3.7275760000738956,2942.9390889999922,224.1145730015483
1789530729,100,,Aggregated,291.700000,0.000000,28,38,47,54,78,100,130,160,1500,2500,2900,388458,0,28,40.671235815588695,3.7275760000738956,2942.9390889999922,224.11351548944802
1789530730,100,,Aggregated,291.800000,0.000000,28,39,47,54,78,100,130,160,1500,2500,2900,388749,0,28,40.6676764597387,3.7275760000738956,2942.9390889999922,224.1140787500418
1789530731,100,,Aggregated,293.800000,0.000000,28,38,47,54,78,100,130,160,1500,2500,2900,389039,0,28,40.666962344039966,3.7275760000738956,2942.9390889999922,224.1121250054622
1789530732,100,,Aggregated,291.100000,0.000000,28,39,47,54,78,100,130,160,1500,2500,2900,389335,0,28,40.67100174524498,3.7275760000738956,2942.9390889999922,224.11124866759988
1789530733,100,,Aggregated,290.500000,0.000000,28,39,47,54,78,100,130,160,1500,2500,2900,389644,0,28,40.65969601279364,3.7275760000738956,2942.9390889999922,224.10997474617855
1789530734,100,,Aggregated,291.600000,0.000000,28,39,47,54,78,100,130,160,1500,2500,2900,389931,0,28,40.653104595954034,3.7275760000738956,2942.9390889999922,224.10993996373716
1789530735,100,,Aggregated,291.100000,0.000000,28,39,47,54,78,100,130,160,1500,2500,2900,390231,0,28,40.648824122573416,3.7275760000738956,2942.9390889999922,224.11221302254305
1789530736,100,,Aggregated,292.900000,0.000000,28,39,47,54,78,100,130,160,1500,2500,2900,390541,0,28,40.63844273943818,3.7275760000738956,2942.9390889999922,224.11137370980256
1789530737,100,,Aggregated,292.400000,0.000000,28,39,47,54,78,100,130,160,1500,2500,2900,390806,0,28,40.66030381073707,3.7275760000738956,2942.9390889999922,224.1114005414451
1789530738,100,,Aggregated,296.700000,0.000000,28,39,47,54,78,100,130,160,1500,2500,2900,391077,0,28,40.66093092496596,3.7275760000738956,2942.9390889999922,224.11248679927482
1789530739,100,,Aggregated,294.600000,0.000000,28,39,47,54,78,100,130,160,1500,2500,2900,391385,0,28,40.66734247336999,3.7275760000738956,2942.9390889999922,224.1131213510993
1789530740,100,,Aggregated,293.800000,0.000000,28,39,47,54,78,100,130,160,1500,2500,2900,391673,0,28,40.67262438561991,3.7275760000738956,2942.9390889999922,224.11440410750805
1789530741,100,,Aggregated,292.400000,0.000000,28,39,47,54,78,100,130,160,1500,2500,2900,391967,0,28,40.66297949710539,3.7275760000738956,2942.9390889999922,224.11463975283633
1789530742,100,,Aggregated,289.800000,0.000000,28,39,47,54,78,100,130,160,1500,2500,2900,392264,0,28,40.660314108587365,3.7275760000738956,2942.9390889999922,224.11467022209533
1789530743,100,,Aggregated,293.200000,0.000000,28,39,47,54,78,100,130,160,1500,2500,2900,392554,0,28,40.67433172177817,3.7275760000738956,2942.9390889999922,224.11539304146692
1789530744,100,,Aggregated,291.900000,0.000000,28,39,47,54,78,100,130,160,1500,2500,2900,392847,0,28,40.65930530242538,3.7275760000738956,2942.9390889999922,224.11632773064323
1789530745,100,,Aggregated,292.200000,0.000000,28,39,47,54,78,100,130,160,1500,2500,2900,393158,0,28,40.658493314143186,3.7275760000738956,2942.9390889999922,224.11518015657828
1789530746,100,,Aggregated,290.200000,0.000000,28,39,47,54,78,100,130,160,1500,2500,2900,393440,0,28,40.64559825704533,3.7275760000738956,2942.9390889999922,224.11545851972346
1789530747,100,,Aggregated,291.900000,0.000000,28,38,47,54,78,100,130,160,1500,2500,2900,393755,0,28,40.63762393967293,3.7275760000738956,2942.9390889999922,224.11344363881093
1789530748,100,,Aggregated,290.800000,0.000000,28,38,47,54,78,100,130,160,1500,2500,2900,394043,0,28,40.63308090187596,3.7275760000738956,2942.9390889999922,224.11281002327158
1789530749,100,,Aggregated,293.300000,0.000000,28,38,47,54,78,100,130,160,1500,2500,2900,394343,0,28,40.63542439534596,3.7275760000738956,2942.9390889999922,224.11494561840834
1789530750,100,,Aggregated,292.500000,0.000000,28,38,47,54,78,100,130,160,1500,2500,2900,394643,0,28,40.63910069653309,3.7275760000738956,2942.9390889999922,224.1163760664702
1789530751,100,,Aggregated,295.600000,0.000000,28,38,47,54,78,100,130,160,1500,2500,2900,394956,0,28,40.630621375249135,3.7275760000738956,2942.9390889999922,224.11577492176343
1789530752,100,,Aggregated,297.700000,0.000000,28,38,47,54,78,100,130,160,1500,2500,2900,395249,0,28,40.62015442936706,3.7275760000738956,2942.9390889999922,224.11527163889093
1789530753,100,,Aggregated,296.600000,0.000000,28,38,47,54,78,100,130,160,1500,2500,2900,395530,0,28,40.62484465520161,3.7275760000738956,2942.9390889999922,224.11714155689833
1789530754,100,,Aggregated,298.400000,0.000000,28,38,47,54,78,100,130,160,1500,2500,2900,395815,0,28,40.614615821744756,3.7275760000738956,2942.9390889999922,224.11495269254576
1789530755,100,,Aggregated,295.700000,0.000000,28,38,47,54,78,100,130,160,1500,2500,2900,396122,0,28,40.604219680287656,3.7275760000738956,2942.9390889999922,224.11513624590404
1789530756,100,,Aggregated,297.400000,0.000000,28,38,47,54,78,100,130,160,1500,2500,2900,396408,0,28,40.62122236947264,3.7275760000738956,2942.9390889999922,224.11645325018668
1789530757,100,,Aggregated,296.600000,0.000000,28,38,47,54,78,100,130,160,1500,2500,2900,396698,0,28,40.621305474927766,3.7275760000738956,2942.9390889999922,224.11680926044497
1789530758,100,,Aggregated,295.300000,0.000000,28,38,47,54,78,100,130,160,1500,2500,2900,397006,0,28,40.60556465376314,3.7275760000738956,2942.9390889999922,224.11690503418083
1789530759,100,,Aggregated,295.300000,0.000000,28,38,47,54,78,100,130,160,1500,2500,2900,397308,0,28,40.59475075929735,3.7275760000738956,2942.9390889999922,224.11590252398642
1789530760,100,,Aggregated,295.800000,0.000000,28,38,47,54,78,100,130,160,1500,2500,2900,397596,0,28,40.58281429534225,3.7275760000738956,2942.9390889999922,224.1160248091027
1789530761,100,,Aggregated,295.000000,0.000000,28,38,47,54,78,100,130,160,1500,2500,2900,397892,0,28,40.59029667394145,3.7275760000738956,2942.9390889999922,224.11631548259328
1789530762,100,,Aggregated,295.900000,0.000000,28,38,47,54,78,100,130,160,1500,2500,2900,398196,0,28,40.582949230436505,3.7275760000738956,2942.9390889999922,224.11553857899125
1789530763,100,,Aggregated,293.100000,0.000000,28,38,47,54,78,100,130,160,1500,2500,2900,398487,0,28,40.593530871440954,3.7275760000738956,2942.9390889999922,224.1161618823199
1789530764,100,,Aggregated,292.900000,0.000000,28,38,47,54,78,100,130,160,1500,2500,2900,398798,0,28,40.59197384135549,3.7275760000738956,2942.9390889999922,224.1161013846609
1789530765,100,,Aggregated,295.200000,0.000000,28,38,47,54,78,100,130,160,1500,2500,2900,399098,0,28,40.59330141484769,3.7275760000738956,2942.9390889999922,224.1155856456309
1789530766,100,,Aggregated,295.700000,0.000000,28,38,47,54,78,100,130,160,1500,2500,2900,399403,0,28,40.57927367954144,3.7275760000738956,2942.9390889999922,224.11630859057144
1789530767,100,,Aggregated,296.200000,0.000000,28,38,47,54,78,100,130,160,1500,2500,2900,399691,0,28,40.579110816025135,3.7275760000738956,2942.9390889999922,224.1168077339745
1789530768,100,,Aggregated,297.700000,0.000000,28,38,47,54,78,100,130,160,1500,2500,2900,399994,0,28,40.571535570295815,3.7275760000738956,2942.9390889999922,224.1191267869018
1789530769,100,,Aggregated,297.200000,0.000000,28,38,47,54,78,100,130,160,1500,2500,2900,400291,0,28,40.570230222263056,3.7275760000738956,2942.9390889999922,224.11981283616169
1789530770,100,,Aggregated,298.400000,0.000000,28,38,47,54,78,100,130,160,1500,2500,2900,400592,0,28,40.55964678778137,3.7275760000738956,2942.9390889999922,224.12108329672085
1789530771,100,,Aggregated,298.000000,0.000000,28,38,47,54,78,100,130,160,1500,2500,2900,400896,0,28,40.55972572180547,3.7275760000738956,2942.9390889999922,224.12085179198596
1789530772,100,,Aggregated,298.100000,0.000000,28,38,47,54,78,100,130,160,1500,2500,2900,401203,0,28,40.54553701054062,3.7275760000738956,2942.9390889999922,224.1207817488902
1789530773,100,,Aggregated,299.200000,0.000000,28,38,47,54,78,100,130,160,1500,2500,2900,401496,0,28,40.54843336670831,3.7275760000738956,2942.9390889999922,224.1203673262
1789530774,100,,Aggregated,299.700000,0.000000,28,38,47,54,78,100,130,160,1500,2500,2900,401785,0,28,40.54458530587732,3.7275760000738956,2942.9390889999922,224.12007914680737
1789530775,100,,Aggregated,299.700000,0.000000,28,38,47,54,78,100,130,160,1500,2500,2900,402074,0,28,40.55032164590579,3.7275760000738956,2942.9390889999922,224.11892835647168
1789530776,100,,Aggregated,300.000000,0.000000,28,38,47,54,78,100,130,160,1500,2500,2900,402347,0,28,40.551293709511775,3.7275760000738956,2942.9390889999922,224.1201400780918
1789530777,100,,Aggregated,297.700000,0.000000,28,38,47,54,78,100,130,160,1500,2500,2900,402656,0,28,40.545150492738046,3.7275760000738956,2942.9390889999922,224.1186695342923
1789530778,100,,Aggregated,294.500000,0.000000,28,38,47,54,78,100,130,160,1500,2500,2900,402962,0,28,40.5395530849508,3.7275760000738956,2942.9390889999922,224.11979045170511
1789530779,100,,Aggregated,297.000000,0.000000,28,38,47,54,78,100,130,160,1500,2500,2900,403246,0,28,40.54678415843416,3.7275760000738956,2942.9390889999922,224.11894476324625
1789530780,100,,Aggregated,295.600000,0.000000,28,38,47,54,78,100,130,160,1500,2500,2900,403546,0,28,40.537043429603884,3.7275760000738956,2942.9390889999922,224.11816992362705
1789530781,100,,Aggregated,297.000000,0.000000,28,38,47,54,78,100,130,160,1500,2500,2900,403850,0,28,40.528210027628866,3.7275760000738956,2942.9390889999922,224.1178952581404
1789530782,100,,Aggregated,294.700000,0.000000,28,38,47,54,78,100,130,160,1500,2500,2900,404127,0,28,40.53619109050105,3.7275760000738956,2942.9390889999922,224.11798766229427
1789530783,100,,Aggregated,295.700000,0.000000,28,38,47,54,78,100,130,160,1500,2500,2900,404436,0,28,40.533934891708256,3.7275760000738956,2942.9390889999922,224.1163941884501
1789530784,100,,Aggregated,294.900000,0.000000,28,38,47,54,78,100,130,160,1500,2500,2900,404735,0,28,40.52890802490003,3.7275760000738956,2942.9390889999922,224.118279862132
1789530785,100,,Aggregated,292.800000,0.000000,28,38,47,54,78,100,130,160,1500,2500,2900,405038,0,28,40.51621740336437,3.7275760000738956,2942.9390889999922,224.11960112384517
1789530786,100,,Aggregated,293.400000,0.000000,28,38,47,54,78,100,130,160,1500,2500,2900,405347,0,28,40.51623313185718,3.7275760000738956,2942.9390889999922,224.12093835651922
1789530787,100,,Aggregated,296.000000,0.000000,28,38,47,54,78,100,130,160,1500,2500,2900,405654,0,28,40.51302228553869,3.7275760000738956,2942.9390889999922,224.12141874602494
1789530788,100,,Aggregated,298.400000,0.000000,28,38,47,54,78,100,130,160,1500,2500,2900,405955,0,28,40.50171854717619,3.7275760000738956,2942.9390889999922,224.1220578635563
1789530789,100,,Aggregated,296.800000,0.000000,28,38,47,54,78,100,130,160,1500,2500,2900,406259,0,28,40.490854321368644,3.7275760000738956,2942.9390889999922,224.1230643505744
1789530790,100,,Aggregated,298.900000,0.000000,28,38,47,54,78,100,130,160,1500,2500,2900,406557,0,28,40.493496501828595,3.7275760000738956,2942.9390889999922,224.1221476939273
1789530791,100,,Aggregated,298.600000,0.000000,28,38,47,54,78,100,130,160,1500,2500,2900,406852,0,28,40.48263203938268,3.7275760000738956,2942.9390889999922,224.12072940528742
1789530792,100,,Aggregated,300.900000,0.000000,28,38,47,54,78,100,130,160,1500,2500,2900,407155,0,28,40.49023413084433,3.7275760000738956,2942.9390889999922,224.12092200758926
1789530793,100,,Aggregated,300.400000,0.000000,28,38,47,54,78,100,130,160,1500,2500,2900,407443,0,28,40.49216390121054,3.7275760000738956,2942.9390889999922,224.1228098163424
1789530794,100,,Aggregated,299.500000,0.000000,28,38,47,54,78,100,130,160,1500,2500,2900,407744,0,28,40.48470897909208,3.7275760000738956,2942.9390889999922,224.12130160100455
1789530795,100,,Aggregated,302.000000,0.000000,28,38,47,54,78,100,130,160,1500,2500,2900,408054,0,28,40.48951578760389,3.7275760000738956,2942.9390889999922,224.12100114200572
1789530796,100,,Aggregated,300.300000,0.000000,28,38,47,54,78,100,130,160,1500,2500,2900,408348,0,28,40.50254553152189,3.7275760000738956,2942.9390889999922,224.12232703478406
1789530797,100,,Aggregated,299.800000,0.000000,28,38,47,54,78,100,130,160,1500,2500,2900,408649,0,28,40.48758725994653,3.7275760000738956,2942.9390889999922,224.1220631887023
1789530798,100,,Aggregated,300.800000,0.000000,28,38,47,54,78,100,130,160,1500,2500,2900,408929,0,28,40.495615856564086,3.7275760000738956,2942.9390889999922,224.12055393479065
1789530799,100,,Aggregated,299.300000,0.000000,28,38,47,54,78,100,130,160,1500,2500,2900,409233,0,28,40.49532031137733,3.7275760000738956,2942.9390889999922,224.12167640439554
1789530800,100,,Aggregated,297.600000,0.000000,28,38,47,54,78,100,130,160,1500,2500,2900,409510,0,28,40.48502415984924,3.7275760000738956,2942.9390889999922,224.12175526849163
1789530801,100,,Aggregated,296.500000,0.000000,28,38,47,54,78,100,130,160,1500,2500,2900,409824,0,28,40.47757769228706,3.7275760000738956,2942.9390889999922,224.1223086007652
1789530802,100,,Aggregated,295.800000,0.000000,28,38,47,54,78,100,130,160,1500,2500,2900,410106,0,28,40.490455707899535,3.7275760000738956,2942.9390889999922,224.12014210960092
1789530803,100,,Aggregated,294.300000,0.000000,28,38,47,54,78,100,130,160,1500,2500,2900,410402,0,28,40.47992005790871,3.7275760000738956,2942.9390889999922,224.11964610308917
1789530804,100,,Aggregated,295.300000,0.000000,28,38,47,54,78,100,130,160,1500,2500,2900,410705,0,28,40.47040658492314,3.7275760000738956,2942.9390889999922,224.12081420971256
1789530805,100,,Aggregated,293.200000,0.000000,28,38,47,54,78,100,130,160,1500,2500,2900,410993,0,28,40.46793534929509,3.7275760000738956,2942.9390889999922,224.12169063706682
1789530806,100,,Aggregated,294.000000,0.000000,28,38,47,54,78,100,130,160,1500,2500,2900,411286,0,28,40.463076738517316,3.7275760000738956,2942.9390889999922,224.11985576946455
1789530807,100,,Aggregated,295.200000,0.000000,28,38,47,54,78,100,130,160,1500,2500,2900,411581,0,28,40.45828745924091,3.7275760000738956,2942.9390889999922,224.1199520871955
1789530808,100,,Aggregated,291.600000,0.000000,28,38,47,54,78,100,130,160,1500,2500,2900,411866,0,28,40.45076990132188,3.7275760000738956,2942.9390889999922,224.11960929040026
1789530809,100,,Aggregated,292.200000,0.000000,28,38,47,54,78,100,130,160,1500,2500,2900,412178,0,28,40.4617791405966,3.7275760000738956,2942.9390889999922,224.11793448461586
1789530810,100,,Aggregated,294.900000,0.000000,28,38,47,54,78,100,130,160,1500,2500,2900,412481,0,28,40.459426593622034,3.7275760000738956,2942.9390889999922,224.1183351475583
1789530811,100,,Aggregated,293.400000,0.000000,28,38,47,54,78,100,130,160,1500,2500,2900,412782,0,28,40.44653063858843,3.7275760000738956,2942.9390889999922,224.11940200880852
1789530812,100,,Aggregated,293.900000,0.000000,28,38,47,54,78,100,130,160,1500,2500,2900,413090,0,28,40.45586293800821,3.7275760000738956,2942.9390889999922,224.11740540802248
1789530813,100,,Aggregated,296.400000,0.000000,28,38,47,54,78,100,130,160,1500,2500,2900,413389,0,28,40.45812412860482,3.7275760000738956,2942.9390889999922,224.11575054004823
1789530814,100,,Aggregated,295.600000,0.000000,28,38,47,54,78,100,130,160,1500,2500,2900,413681,0,28,40.44373239703976,3.7275760000738956,2942.9390889999922,224.1173029459898
1789530815,100,,Aggregated,298.500000,0.000000,28,38,47,54,78,100,130,160,1500,2500,2900,413983,0,28,40.45127626186054,3.7275760000738956,2942.9390889999922,224.117859912122
1789530816,100,,Aggregated,298.000000,0.000000,28,38,47,54,78,100,130,160,1500,2500,2900,414256,0,28,40.44748472827386,3.7275760000738956,2942.9390889999922,224.11826503418177
1789530817,100,,Aggregated,296.900000,0.000000,28,38,47,54,78,100,130,160,1500,2500,2900,414580,0,28,40.44762803829373,3.7275760000738956,2942.9390889999922,224.11704857928507
1789530818,100,,Aggregated,299.000000,0.000000,28,38,47,54,78,100,130,160,1500,2500,2900,414879,0,28,40.445080802272045,3.7275760000738956,2942.9390889999922,224.11692083715974
1789530819,100,,Aggregated,299.700000,0.000000,28,38,47,54,78,100,130,160,1500,2500,2900,415171,0,28,40.44018217409893,3.7275760000738956,2942.9390889999922,224.11569931425845
1789530820,100,,Aggregated,298.400000,0.000000,28,38,47,54,78,100,130,160,1500,2500,2900,415473,0,28,40.43810548454367,3.7275760000738956,2942.9390889999922,224.1164431864405
1789530821,100,,Aggregated,299.900000,0.000000,28,38,47,54,78,100,130,160,1500,2500,2900,415764,0,28,40.43269811857402,3.7275760000738956,2942.9390889999922,224.1165877757574
1789530822,100,,Aggregated,299.700000,0.000000,28,38,47,54,78,100,130,160,1500,2500,2900,416074,0,28,40.42867110342827,3.7275760000738956,2942.9390889999922,224.11728442536665
1789530823,100,,Aggregated,297.300000,0.000000,28,38,47,54,78,100,130,160,1500,2500,2900,416368,0,28,40.41789304746474,3.7275760000738956,2942.9390889999922,224.11946643353957
1789530824,100,,Aggregated,298.000000,0.000000,28,38,47,54,78,100,130,160,1500,2500,2900,416659,0,28,40.43620594294077,3.7275760000738956,2942.9390889999922,224.11850218044012
1789530825,100,,Aggregated,296.900000,0.000000,28,38,47,54,78,100,130,160,1500,2500,2900,416950,0,28,40.440142885076774,3.7275760000738956,2942.9390889999922,224.11836191389855
1789530826,100,,Aggregated,298.700000,0.000000,28,38,47,54,78,100,130,160,1500,2500,2900,417247,0,28,40.432008705202804,3.7275760000738956,2942.9390889999922,224.11753469767308
1789530827,100,,Aggregated,295.800000,0.000000,28,38,47,54,78,100,130,160,1500,2500,2900,417552,0,28,40.43007092667914,3.7275760000738956,2942.9390889999922,224.11736262788827
1789530828,100,,Aggregated,296.100000,0.000000,28,38,47,54,78,100,130,160,1500,2500,2900,417840,0,28,40.42534378585764,3.7275760000738956,2942.9390889999922,224.1161784415087
1789530829,100,,Aggregated,296.700000,0.000000,28,38,47,54,78,100,130,160,1500,2500,2900,418138,0,28,40.42702476772917,3.7275760000738956,2942.9390889999922,224.1165476469491
1789530830,100,,Aggregated,296.000000,0.000000,28,38,47,54,78,100,130,160,1500,2500,2900,418408,0,28,40.4205687212571,3.7275760000738956,2942.9390889999922,224.1155164337202
1789530831,100,,Aggregated,295.200000,0.000000,28,38,47,54,78,100,130,160,1500,2500,2900,418737,0,28,40.413427012761616,3.7275760000738956,2942.9390889999922,224.1142650398699
1789530832,100,,Aggregated,295.200000,0.000000,28,38,47,54,78,100,130,160,1500,2500,2900,419031,0,28,40.41176106614729,3.6600540001927584,2942.9390889999922,224.11451897353658
1789530833,100,,Aggregated,295.200000,0.000000,28,38,47,54,78,100,130,160,1500,2500,2900,419322,0,28,40.4097125498227,3.6600540001927584,2942.9390889999922,224.11542680803774
1789530834,100,,Aggregated,294.400000,0.000000,28,38,47,54,78,100,130,160,1500,2500,2900,419597,0,28,40.39929525441258,3.6600540001927584,2942.9390889999922,224.11501988813075
1789530835,100,,Aggregated,295.500000,0.000000,28,38,47,54,78,100,130,160,1500,2500,2900,419905,0,28,40.4238385652987,3.6600540001927584,2942.9390889999922,224.1141234326812
1789530836,100,,Aggregated,293.400000,0.000000,28,38,47,54,78,100,130,160,1500,2500,2900,420186,0,28,40.41151661482717,3.6600540001927584,2942.9390889999922,224.1139423969385
1789530837,100,,Aggregated,295.100000,0.000000,28,38,47,54,78,100,130,160,1500,2500,2900,420510,0,28,40.40933282633654,3.6600540001927584,2942.9390889999922,224.11424936386769
1789530838,100,,Aggregated,295.400000,0.000000,28,38,47,54,78,100,130,160,1500,2500,2900,420789,0,28,40.4148388697442,3.6600540001927584,2942.9390889999922,224.11398824589045
1789530839,100,,Aggregated,294.300000,0.000000,28,38,47,54,78,100,130,160,1500,2500,2900,421102,0,28,40.408976594784164,3.6600540001927584,2942.9390889999922,224.11226258721166
1789530840,100,,Aggregated,295.400000,0.000000,28,38,47,54,78,100,130,160,1500,2500,2900,421380,0,28,40.412260254892956,3.6600540001927584,2942.9390889999922,224.11260145237077
1789530841,100,,Aggregated,295.100000,0.000000,28,38,47,54,78,100,130,160,1500,2500,2900,421672,0,28,40.41026134651529,3.6600540001927584,2942.9390889999922,224.1129503500351
1789530842,100,,Aggregated,295.600000,0.000000,28,38,47,54,78,100,130,160,1500,2500,2900,421983,0,28,40.41203432012145,3.6600540001927584,2942.9390889999922,224.11461125211204
1789530843,100,,Aggregated,295.100000,0.000000,28,38,47,54,78,100,130,160,1500,2500,2900,422272,0,28,40.418741237644966,3.6600540001927584,2942.9390889999922,224.11427705365261
1789530844,100,,Aggregated,296.200000,0.000000,28,38,47,54,78,100,130,160,1500,2500,2900,422580,0,28,40.40659855780875,3.6600540001927584,2942.9390889999922,224.11311231009512
1789530845,100,,Aggregated,295.500000,0.000000,28,38,47,54,78,100,130,160,1500,2500,2900,422880,0,28,40.40503321227258,3.6600540001927584,2942.9390889999922,224.11357595535375
1789530846,100,,Aggregated,294.600000,0.000000,28,38,47,54,78,100,130,160,1500,2500,2900,423144,0,28,40.4067257156472,3.6600540001927584,2942.9390889999922,224.11460873839638
1789530847,100,,Aggregated,295.100000,0.000000,28,38,47,54,78,100,130,160,1500,2500,2900,423470,0,28,40.40941703295346,3.6600540001927584,2942.9390889999922,224.11634354263583
1789530848,100,,Aggregated,297.400000,0.000000,28,38,47,54,78,100,130,160,1500,2500,2900,423764,0,28,40.41354443748125,3.6600540001927584,2942.9390889999922,224.11590649512465
1789530849,100,,Aggregated,295.600000,0.000000,28,38,47,54,78,100,130,160,1500,2500,2900,424070,0,28,40.402727878055025,3.6600540001927584,2942.9390889999922,224.115799278421
1789530850,100,,Aggregated,296.000000,0.000000,28,38,47,54,78,100,130,160,1500,2500,2900,424369,0,28,40.39811017123021,3.6600540001927584,2942.9390889999922,224.11556923337943
1789530851,100,,Aggregated,296.400000,0.000000,28,38,47,54,78,100,130,160,1500,2500,2900,424665,0,28,40.394351756002514,3.6600540001927584,2942.9390889999922,224.1131126888253
1789530852,100,,Aggregated,296.200000,0.000000,28,38,47,54,78,100,130,160,1500,2500,2900,424964,0,28,40.38274866261568,3.6600540001927584,2942.9390889999922,224.1134354910063
1789530853,100,,Aggregated,297.300000,0.000000,28,38,47,54,78,100,130,160,1500,2500,2900,425258,0,28,40.395279793684836,3.6600540001927584,2942.9390889999922,224.11429767341238
1789530854,100,,Aggregated,297.600000,0.000000,28,38,47,54,78,100,130,160,1500,2500,2900,425549,0,28,40.398005423342106,3.6600540001927584,2942.9390889999922,224.11530752040306
1789530855,100,,Aggregated,294.200000,0.000000,28,38,47,54,78,100,130,160,1500,2500,2900,425858,0,28,40.385985063687436,3.6600540001927584,2942.9390889999922,224.1164848376689
1789530856,100,,Aggregated,298.800000,0.000000,28,38,47,54,78,100,130,160,1500,2500,2900,426159,0,28,40.37986258279143,3.6600540001927584,2942.9390889999922,224.11900253191882
1789530857,100,,Aggregated,298.000000,0.000000,28,38,47,54,78,100,130,160,1500,2500,2900,426458,0,28,40.374601970226436,3.6600540001927584,2942.9390889999922,224.11906916976585
1789530858,100,,Aggregated,296.500000,0.000000,28,38,47,54,78,100,130,160,1500,2500,2900,426755,0,28,40.36445832172518,3.6600540001927584,2942.9390889999922,224.11901207953042
1789530859,100,,Aggregated,299.600000,0.000000,28,38,47,54,78,100,130,160,1500,2500,2900,427049,0,28,40.362100158648886,3.6600540001927584,2942.9390889999922,224.11920177778194
1789530860,100,,Aggregated,296.700000,0.000000,28,38,47,54,78,100,130,160,1500,2500,2900,427329,0,28,40.36020348098039,3.6600540001927584,2942.9390889999922,224.11957531550632
1789530861,100,,Aggregated,298.300000,0.000000,28,38,47,54,78,100,130,160,1500,2500,2900,427653,0,28,40.34977359069122,3.6600540001927584,2942.9390889999922,224.12039901508933
1789530862,100,,Aggregated,296.700000,0.000000,28,38,47,54,78,100,130,160,1500,2500,2900,427945,0,28,40.34749570596895,3.6600540001927584,2942.9390889999922,224.118669455187
1789530863,100,,Aggregated,296.600000,0.000000,28,38,47,54,78,100,130,160,1500,2500,2900,428239,0,28,40.34532468776284,3.6600540001927584,2942.9390889999922,224.11842685976757
1789530864,100,,Aggregated,298.000000,0.000000,28,38,47,54,78,100,130,160,1500,2500,2900,428559,0,28,40.335821432378985,3.6600540001927584,2942.9390889999922,224.11791608623318
1789530865,100,,Aggregated,301.000000,0.000000,28,38,47,54,78,100,130,160,1500,2500,2900,428859,0,28,40.34095403794929,3.6600540001927584,2942.9390889999922,224.1170641166444
1789530866,100,,Aggregated,297.900000,0.000000,28,38,47,54,78,100,130,160,1500,2500,2900,429141,0,28,40.35295671276542,3.6600540001927584,2942.9390889999922,224.11564497449555
1789530867,100,,Aggregated,299.700000,0.000000,28,38,47,54,78,100,130,160,1500,2500,2900,429434,0,28,40.343021667196474,3.6600540001927584,2942.9390889999922,224.1145996823726
1789530868,100,,Aggregated,300.500000,0.000000,28,38,47,54,78,100,130,160,1500,2500,2900,429716,0,28,40.34506557318756,3.6600540001927584,2942.9390889999922,224.11434296139777
1789530869,100,,Aggregated,296.700000,0.000000,28,38,47,54,78,100,130,160,1500,2500,2900,430012,0,28,40.33657059606679,3.6600540001927584,2942.9390889999922,224.11556654232905
1789530870,100,,Aggregated,297.900000,0.000000,28,38,47,54,78,100,130,160,1500,2500,2900,430303,0,28,40.33674078388923,3.6600540001927584,2942.9390889999922,224.1158532475953
1789530871,100,,Aggregated,295.600000,0.000000,28,38,47,54,78,100,130,160,1500,2500,2900,430593,0,28,40.33634560517451,3.6600540001927584,2942.9390889999922,224.11521785073143
1789530872,100,,Aggregated,294.600000,0.000000,28,38,47,54,78,100,130,160,1500,2500,2900,430874,0,28,40.32924444172517,3.6600540001927584,2942.9390889999922,224.11558599497766
1789530873,100,,Aggregated,295.900000,0.000000,28,38,47,54,78,100,130,160,1500,2500,2900,431183,0,28,40.33351749209941,3.6600540001927584,2942.9390889999922,224.1160551320437
1789530874,100,,Aggregated,293.800000,0.000000,28,38,47,54,78,100,130,160,1500,2500,2900,431464,0,28,40.34708058546236,3.6600540001927584,2942.9390889999922,224.11608616246082
1789530875,100,,Aggregated,293.100000,0.000000,28,38,47,54,78,100,130,160,1500,2500,2900,431774,0,28,40.34400575665256,3.6600540001927584,2942.9390889999922,224.11565772834862
1789530876,100,,Aggregated,293.500000,0.000000,28,38,47,54,78,100,130,160,1500,2500,2900,432069,0,28,40.339367188816894,3.6600540001927584,2942.9390889999922,224.11628235305008
1789530877,100,,Aggregated,289.700000,0.000000,28,38,47,54,78,100,130,160,1500,2500,2900,432361,0,28,40.33409295909884,3.6600540001927584,2942.9390889999922,224.11634721910625
1789530878,100,,Aggregated,289.900000,0.000000,28,38,47,54,78,100,130,160,1500,2500,2900,432641,0,28,40.33515470839554,3.6600540001927584,2942.9390889999922,224.1162303156659
1789530879,100,,Aggregated,292.600000,0.000000,28,38,47,54,78,100,130,160,1500,2500,2900,432916,0,28,40.34498511578689,3.6600540001927584,2942.9390889999922,224.11701115227896
1789530880,100,,Aggregated,291.200000,0.000000,28,38,47,54,78,100,130,160,1500,2500,2900,433211,0,28,40.341998760684696,3.6600540001927584,2942.9390889999922,224.11618356874595
1789530881,100,,Aggregated,291.300000,0.000000,28,38,47,54,78,100,130,160,1500,2500,2900,433516,0,28,40.338960630502584,3.6600540001927584,2942.9390889999922,224.11661853311065
1789530882,100,,Aggregated,292.300000,0.000000,28,38,47,54,78,100,130,160,1500,2500,2900,433813,0,28,40.339583385594594,3.6600540001927584,2942.9390889999922,224.11596010262485
1789530883,100,,Aggregated,292.000000,0.000000,28,38,47,54,78,100,130,160,1500,2500,2900,434098,0,28,40.32871371606629,3.6600540001927584,2942.9390889999922,224.11586093462768
1789530884,100,,Aggregated,291.500000,0.000000,28,38,47,54,78,100,130,160,1500,2500,2900,434406,0,28,40.31988117577085,3.6600540001927584,2942.9390889999922,224.11564296994055
1789530885,100,,Aggregated,291.500000,0.000000,28,38,47,54,78,100,130,160,1500,2500,2900,434685,0,28,40.31874764569498,3.6600540001927584,2942.9390889999922,224.114609429817
1789530886,100,,Aggregated,291.500000,0.000000,28,38,47,54,78,100,130,160,1500,2500,2900,434994,0,28,40.3117298807269,3.6600540001927584,2942.9390889999922,224.11543837386262
1789530887,100,,Aggregated,294.800000,0.000000,28,38,47,54,78,100,130,160,1400,2500,2900,435298,0,28,40.30575605506317,3.6600540001927584,2942.9390889999922,224.11525897201457
1789530888,100,,Aggregated,291.400000,0.000000,28,38,47,54,78,100,130,160,1400,2500,2900,435596,0,28,40.309756627252916,3.6600540001927584,2942.9390889999922,224.11498039467764
1789530889,100,,Aggregated,290.900000,0.000000,28,38,47,54,78,100,130,160,1400,2500,2900,435896,0,28,40.29919557696298,3.6600540001927584,2942.9390889999922,224.1154426743994
1789530890,100,,Aggregated,293.300000,0.000000,28,38,47,54,78,100,130,160,1400,2500,2900,436188,0,28,40.303578865193096,3.6600540001927584,2942.9390889999922,224.11596375874623
1789530891,100,,Aggregated,295.600000,0.000000,28,38,47,54,78,100,130,160,1400,2500,2900,436479,0,28,40.30120823396973,3.6600540001927584,2942.9390889999922,224.11529306106365
1789530892,100,,Aggregated,295.200000,0.000000,28,39,47,54,78,100,130,160,1400,2500,2900,436760,0,28,40.3093999109622,3.6600540001927584,2942.9390889999922,224.1137306529902
1789530893,100,,Aggregated,294.900000,0.000000,28,38,47,54,78,100,130,160,1400,2500,2900,437061,0,28,40.30118998144386,3.6600540001927584,2942.9390889999922,224.11525851082573
1789530894,100,,Aggregated,295.100000,0.000000,28,38,47,54,78,100,130,160,1400,2500,2900,437360,0,28,40.290384628179986,3.6600540001927584,2942.9390889999922,224.1153717761112
1789530895,100,,Aggregated,294.700000,0.000000,28,38,47,54,78,100,130,160,1400,2500,2900,437656,0,28,40.29254329612477,3.6600540001927584,2942.9390889999922,224.11535543897492
1789530896,100,,Aggregated,294.400000,0.000000,28,38,47,54,78,100,130,160,1400,2500,2900,437962,0,28,40.29345171026433,3.6600540001927584,2942.9390889999922,224.11551915462985
1789530897,100,,Aggregated,293.000000,0.000000,28,38,47,54,78,100,130,160,1400,2500,2900,438263,0,28,40.279969319682,3.6600540001927584,2942.9390889999922,224.1168408010715
1789530898,100,,Aggregated,296.000000,0.000000,28,38,47,54,78,100,130,160,1400,2500,2900,438543,0,28,40.295468143606854,3.6600540001927584,2942.9390889999922,224.11785617373894
1789530899,100,,Aggregated,296.800000,0.000000,28,38,47,54,78,100,130,160,1400,2500,2900,438835,0,28,40.29543082654024,3.6600540001927584,2942.9390889999922,224.11804892499458
1789530900,100,,Aggregated,293.800000,0.000000,28,38,47,54,78,100,130,160,1400,2500,2900,439145,0,28,40.286915851736396,3.6600540001927584,2942.9390889999922,224.11813182434048
1789530901,100,,Aggregated,294.100000,0.000000,28,38,47,54,78,100,130,160,1400,2500,2900,439442,0,28,40.282034988553164,3.6600540001927584,2942.9390889999922,224.11791772293046
1789530902,100,,Aggregated,295.300000,0.000000,28,38,47,54,78,100,130,160,1400,2500,2900,439745,0,28,40.28271970982673,3.6600540001927584,2942.9390889999922,224.11851641292114
1789530903,100,,Aggregated,294.100000,0.000000,28,38,47,54,78,100,130,160,1400,2500,2900,440048,0,28,40.27361274302744,3.6600540001927584,2942.9390889999922,224.1169531505654
1789530904,100,,Aggregated,297.300000,0.000000,28,38,47,54,78,100,130,160,1400,2500,2900,440332,0,28,40.27689911647057,3.6600540001927584,2942.9390889999922,224.11587393148807
1789530905,100,,Aggregated,297.900000,0.000000,28,38,47,54,78,100,130,160,1400,2500,2900,440640,0,28,40.280007432931036,3.6600540001927584,2942.9390889999922,224.1166802832244
1789530906,100,,Aggregated,298.300000,0.000000,28,38,47,54,78,100,130,160,1400,2500,2900,440939,0,28,40.27450341376629,3.6600540001927584,2942.9390889999922,224.1172996718367
1789530907,100,,Aggregated,298.500000,0.000000,28,38,47,54,78,100,130,160,1400,2500,2900,441233,0,28,40.274216653404665,3.6600540001927584,2942.9390889999922,224.11671157868972
1789530908,100,,Aggregated,296.000000,0.000000,28,38,47,54,78,100,130,160,1400,2500,2900,441537,0,28,40.26211374877006,3.6600540001927584,2942.9390889999922,224.1160536942544
1789530909,100,,Aggregated,298.400000,0.000000,28,38,47,54,78,100,130,160,1400,2500,2900,441832,0,28,40.26166421435446,3.6600540001927584,2942.9390889999922,224.1165126111282
1789530910,100,,Aggregated,298.400000,0.000000,28,38,47,54,78,100,130,160,1400,2500,2900,442124,0,28,40.25551473602132,3.6600540001927584,2942.9390889999922,224.1157322380147
1789530911,100,,Aggregated,297.900000,0.000000,28,38,47,54,78,100,130,160,1400,2500,2900,442392,0,28,40.25329410459428,3.6600540001927584,2942.9390889999922,224.11630183185952
1789530912,100,,Aggregated,297.900000,0.000000,28,38,47,54,78,100,130,160,1400,2500,2900,442707,0,28,40.256530394976046,3.6600540001927584,2942.9390889999922,224.11707291730195
1789530913,100,,Aggregated,298.800000,0.000000,28,38,47,54,78,100,130,160,1400,2500,2900,443009,0,28,40.25029419703361,3.6600540001927584,2942.9390889999922,224.11699310849215
1789530914,100,,Aggregated,295.500000,0.000000,28,38,47,54,78,100,130,160,1400,2500,2900,443299,0,28,40.25149097496188,3.6600540001927584,2942.9390889999922,224.116787991852
1789530915,100,,Aggregated,295.000000,0.000000,28,38,47,54,78,100,130,160,1400,2500,2900,443611,0,28,40.246682205390904,3.6600540001927584,2942.9390889999922,224.11640153197283
1789530916,100,,Aggregated,295.000000,0.000000,28,39,47,54,78,100,130,160,1400,2500,2900,443907,0,28,40.24553293445845,3.6600540001927584,2942.9390889999922,224.11782197622475
1789530917,100,,Aggregated,296.000000,0.000000,28,39,47,54,78,100,130,160,1400,2500,2900,444199,0,28,40.24149246203091,3.6600540001927584,2942.9390889999922,224.11758018365643
1789530918,100,,Aggregated,296.400000,0.000000,28,39,47,54,78,100,130,160,1400,2500,2900,444491,0,28,40.23660393097651,3.6600540001927584,2942.9390889999922,224.1167380216922
1789530919,100,,Aggregated,295.400000,0.000000,28,39,47,54,78,100,130,160,1400,2500,2900,444783,0,28,40.23241240827476,3.6600540001927584,2942.9390889999922,224.11734036597622
1789530920,100,,Aggregated,296.700000,0.000000,28,39,47,54,78,100,130,160,1400,2500,2900,445077,0,28,40.22906983027131,3.6600540001927584,2942.9390889999922,224.11564740483107
1789530921,100,,Aggregated,295.800000,0.000000,28,39,47,54,78,100,130,160,1400,2500,2900,445374,0,28,40.22690972563878,3.6600540001927584,2942.9390889999922,224.11594525050856
1789530922,100,,Aggregated,294.900000,0.000000,28,39,47,54,78,100,130,160,1400,2500,2900,445647,0,28,40.22704704912109,3.6600540001927584,2942.9390889999922,224.11531099726915
1789530923,100,,Aggregated,293.900000,0.000000,28,38,47,54,78,100,130,160,1400,2500,2900,445958,0,28,40.220201301913264,3.6600540001927584,2942.9390889999922,224.11530233788832
1789530924,100,,Aggregated,294.900000,0.000000,28,38,47,54,78,100,130,160,1400,2500,2900,446242,0,28,40.220318155923536,3.6600540001927584,2942.9390889999922,224.11497573065736
1789530925,100,,Aggregated,294.800000,0.000000,28,39,47,54,78,100,130,160,1400,2500,2900,446556,0,28,40.221689239093465,3.6600540001927584,2942.9390889999922,224.1143999856681
1789530926,100,,Aggregated,294.400000,0.000000,28,39,47,54,78,100,130,160,1400,2500,2900,446868,0,28,40.21525742711406,3.6600540001927584,2942.9390889999922,224.1144320022915
1789530927,100,,Aggregated,293.700000,0.000000,28,39,47,54,78,100,130,160,1400,2500,2900,447157,0,28,40.21562352745824,3.6600540001927584,2942.9390889999922,224.11380119286963
1789530928,100,,Aggregated,295.000000,0.000000,28,39,47,54,78,100,130,160,1400,2500,2900,447444,0,28,40.20837720543717,3.6600540001927584,2942.9390889999922,224.1122598582169
1789530929,100,,Aggregated,295.500000,0.000000,28,39,47,54,78,100,130,160,1400,2500,2900,447750,0,28,40.207715273144935,3.6600540001927584,2942.9390889999922,224.11124288107203
1789530930,100,,Aggregated,295.300000,0.000000,28,39,47,54,78,100,130,160,1400,2500,2900,448052,0,28,40.213287001465524,3.6600540001927584,2942.9390889999922,224.11206511744172
1789530931,100,,Aggregated,294.000000,0.000000,28,39,47,54,78,100,130,160,1400,2500,2900,448341,0,28,40.21046054968346,3.6600540001927584,2942.9390889999922,224.11183005792466
1789530932,100,,Aggregated,296.600000,0.000000,28,39,47,54,78,100,130,160,1400,2500,2900,448636,0,28,40.206641728884065,3.6600540001927584,2942.9390889999922,224.1113486211539
1789530933,100,,Aggregated,295.900000,0.000000,28,39,47,54,78,100,130,160,1400,2500,2900,448934,0,28,40.19639831874533,3.6600540001927584,2942.9390889999922,224.10965531681717
1789530934,100,,Aggregated,296.900000,0.000000,28,39,47,54,78,100,130,160,1400,2500,2900,449239,0,28,40.19745710891899,3.6600540001927584,2942.9390889999922,224.10750847544404
1789530935,100,,Aggregated,296.600000,0.000000,28,39,47,54,78,100,130,160,1400,2500,2900,449544,0,28,40.18883588418852,3.6600540001927584,2942.9390889999922,224.1083698147456
1789530936,100,,Aggregated,295.300000,0.000000,28,39,47,54,78,100,130,160,1400,2500,2900,449841,0,28,40.184047191151215,3.6600540001927584,2942.9390889999922,224.10738905524397
1789530937,100,,Aggregated,297.900000,0.000000,28,39,47,54,78,100,130,160,1400,2500,2900,450138,0,28,40.196725254523386,3.6600540001927584,2942.9390889999922,224.10661175017438
1789530938,100,,Aggregated,298.100000,0.000000,28,39,47,54,78,100,130,160,1400,2500,2900,450407,0,28,40.199544533605426,3.6600540001927584,2942.9390889999922,224.1061439986501
1789530939,100,,Aggregated,295.500000,0.000000,28,39,47,54,78,100,130,160,1400,2500,2900,450736,0,28,40.201238018264775,3.6600540001927584,2942.9390889999922,224.10738436690212
1789530940,100,,Aggregated,297.200000,0.000000,28,39,47,54,78,100,130,160,1400,2500,2900,451030,0,28,40.205040782483685,3.6600540001927584,2942.9390889999922,224.10685098552202
1789530941,100,,Aggregated,298.400000,0.000000,28,39,47,54,78,100,130,160,1400,2500,2900,451319,0,28,40.20505058301463,3.6600540001927584,2942.9390889999922,224.1069420963886
1789530942,100,,Aggregated,295.600000,0.000000,28,39,47,54,78,100,130,160,1400,2500,2900,451617,0,28,40.195136979012176,3.6600540001927584,2942.9390889999922,224.10776609383615
1789530943,100,,Aggregated,299.100000,0.000000,28,39,47,54,78,100,130,160,1400,2500,2900,451917,0,28,40.192887691681335,3.6600540001927584,2942.9390889999922,224.10801762270506
1789530944,100,,Aggregated,296.000000,0.000000,28,39,47,54,78,100,130,160,1400,2500,2900,452185,0,28,40.19251319761065,3.6600540001927584,2942.9390889999922,224.1072791003682
1789530945,100,,Aggregated,297.800000,0.000000,28,39,47,54,78,100,130,160,1400,2500,2900,452493,0,28,40.18999475848145,3.6600540001927584,2942.9390889999922,224.10757956476675
1789530946,100,,Aggregated,299.100000,0.000000,28,39,47,54,78,100,130,160,1400,2500,2900,452788,0,28,40.1903017955413,3.6600540001927584,2942.9390889999922,224.10720469623755
1789530947,100,,Aggregated,294.600000,0.000000,28,39,47,54,78,100,130,160,1400,2500,2900,453104,0,28,40.17920086735841,3.6600540001927584,2942.9390889999922,224.10592932306932
1789530948,100,,Aggregated,295.100000,0.000000,28,39,47,54,78,100,130,160,1400,2500,2900,453401,0,28,40.18162199997258,3.6600540001927584,2942.9390889999922,224.10776332650346
1789530949,100,,Aggregated,295.500000,0.000000,28,39,47,54,78,100,130,160,1400,2500,2900,453685,0,28,40.17714992145555,3.6600540001927584,2942.9390889999922,224.10820062378082
1789530950,100,,Aggregated,295.600000,0.000000,28,39,47,54,78,100,130,160,1400,2500,2900,453998,0,28,40.179811062695215,3.6600540001927584,2942.9390889999922,224.10770532028775
1789530951,100,,Aggregated,295.800000,0.000000,28,39,47,54,78,100,130,160,1400,2500,2900,454294,0,28,40.1795804649335,3.6600540001927584,2942.9390889999922,224.10684710782004
1789530952,100,,Aggregated,296.500000,0.000000,28,39,47,54,78,100,130,160,1400,2500,2900,454591,0,28,40.17543187066292,3.6600540001927584,2942.9390889999922,224.10661671700495
1789530953,100,,Aggregated,295.300000,0.000000,28,39,47,54,78,100,130,160,1400,2500,2900,454902,0,28,40.17163853788627,3.6600540001927584,2942.9390889999922,224.10649546495728
1789530954,100,,Aggregated,297.600000,0.000000,28,39,47,54,78,100,130,160,1400,2500,2900,455208,0,28,40.16097165634952,3.6600540001927584,2942.9390889999922,224.10788035359658
1789530955,100,,Aggregated,297.000000,0.000000,28,39,47,54,78,100,130,160,1400,2500,2900,455502,0,28,40.153371623963366,3.6600540001927584,2942.9390889999922,224.10754947288925
1789530956,100,,Aggregated,298.000000,0.000000,28,39,47,54,78,100,130,160,1400,2500,2900,455794,0,28,40.168548250502575,3.6600540001927584,2942.9390889999922,224.10674559121006
1789530957,100,,Aggregated,300.400000,0.000000,28,39,47,54,78,100,130,160,1400,2500,2900,456083,0,28,40.1670153694735,3.6600540001927584,2942.9390889999922,224.1060026354852
1789530958,100,,Aggregated,298.500000,0.000000,28,39,47,54,78,100,130,160,1400,2500,2900,456392,0,28,40.15864437009977,3.6600540001927584,2942.9390889999922,224.104364230749
1789530959,100,,Aggregated,299.100000,0.000000,28,39,47,54,78,100,130,160,1400,2500,2900,456686,0,28,40.1600513783553,3.6600540001927584,2942.9390889999922,224.1047743964124
1789530960,100,,Aggregated,297.500000,0.000000,28,39,47,54,78,100,130,160,1400,2500,2900,456978,0,28,40.16777143749717,3.6600540001927584,2942.9390889999922,224.10612983557195
1789530961,100,,Aggregated,297.400000,0.000000,28,39,47,54,78,100,130,160,1400,2500,2900,457279,0,28,40.16226230082642,3.6600540001927584,2942.9390889999922,224.10589596285857
1789530962,100,,Aggregated,299.500000,0.000000,28,39,47,54,78,100,130,160,1400,2500,2900,457578,0,28,40.162955367894874,3.6600540001927584,2942.9390889999922,224.10558636997408
1789530963,100,,Aggregated,297.200000,0.000000,28,39,47,54,78,100,130,160,1400,2500,2900,457873,0,28,40.16392663923748,3.6600540001927584,2942.9390889999922,224.10507717205425
1789530964,100,,Aggregated,297.100000,0.000000,28,39,47,54,78,100,130,160,1400,2500,2900,458176,0,28,40.16264094742757,3.6600540001927584,2942.9390889999922,224.10554459421706
1789530965,100,,Aggregated,297.800000,0.000000,28,39,47,54,78,100,130,160,1400,2500,2900,458469,0,28,40.17449555547388,3.6600540001927584,2942.9390889999922,224.10461121689798
1789530966,100,,Aggregated,295.800000,0.000000,28,39,47,54,78,100,130,160,1400,2500,2900,458766,0,28,40.1735173316888,3.6600540001927584,2942.9390889999922,224.10441488689222
1789530967,100,,Aggregated,297.400000,0.000000,28,39,47,54,78,100,130,160,1400,2500,2900,459048,0,28,40.17285004004489,3.6600540001927584,2942.9390889999922,224.10453808752027
1789530968,100,,Aggregated,296.100000,0.000000,28,39,47,55,78,100,130,160,1400,2500,2900,459354,0,28,40.17468648167983,3.6600540001927584,2942.9390889999922,224.10443144067537
1789530969,100,,Aggregated,296.400000,0.000000,28,39,47,54,78,100,130,160,1400,2500,2900,459623,0,28,40.17405534255592,3.6600540001927584,2942.9390889999922,224.10326941863224
1789530970,100,,Aggregated,295.700000,0.000000,28,39,47,55,78,100,130,160,1400,2500,2900,459943,0,28,40.176405162730084,3.6600540001927584,2942.9390889999922,224.10329758252652
1789530971,100,,Aggregated,297.000000,0.000000,28,39,47,55,78,100,130,160,1400,2500,2900,460199,0,28,40.18967768069804,3.6600540001927584,2942.9390889999922,224.103246638954
1789530972,100,,Aggregated,293.000000,0.000000,28,39,47,55,78,100,130,160,1400,2500,2900,460516,0,28,40.189762374035965,3.6600540001927584,2942.9390889999922,224.1024307515917
1789530973,100,,Aggregated,295.900000,0.000000,28,39,47,55,78,100,130,160,1400,2500,2900,460811,0,28,40.19418649442724,3.6600540001927584,2942.9390889999922,224.10113690862414
1789530974,100,,Aggregated,292.500000,0.000000,28,39,47,55,78,100,130,160,1400,2500,2900,461115,0,28,40.18928679570281,3.6600540001927584,2942.9390889999922,224.10221745117812
1789530975,100,,Aggregated,292.800000,0.000000,28,39,47,55,78,100,130,160,1400,2500,2900,461421,0,28,40.17988076238946,3.6600540001927584,2942.9390889999922,224.10200662735332
1789530976,100,,Aggregated,293.600000,0.000000,28,39,47,55,78,100,130,160,1400,2500,2900,461704,0,28,40.18975192905303,3.6600540001927584,2942.9390889999922,224.10152608597716
1789530977,100,,Aggregated,292.600000,0.000000,28,39,47,55,78,100,130,160,1400,2500,2900,461972,0,28,40.190065224332876,3.6600540001927584,2942.9390889999922,224.1035668828414
1789530978,100,,Aggregated,295.000000,0.000000,28,39,47,55,78,100,130,160,1400,2500,2900,462288,0,28,40.191811776861,3.6600540001927584,2942.9390889999922,224.1032776104939
1789530979,100,,Aggregated,293.800000,0.000000,28,39,47,55,78,100,130,160,1400,2500,2900,462587,0,28,40.19432576553496,3.6600540001927584,2942.9390889999922,224.1029492830538
1789530980,100,,Aggregated,292.200000,0.000000,28,39,47,55,78,100,130,160,1400,2500,2900,462884,0,28,40.195486757583986,3.6600540001927584,2942.9390889999922,224.1045229474339
1789530981,100,,Aggregated,292.500000,0.000000,28,39,47,55,78,100,130,160,1400,2500,2900,463174,0,28,40.196852074422424,3.6600540001927584,2942.9390889999922,224.106115628252
1789530982,100,,Aggregated,294.700000,0.000000,28,39,48,55,79,100,130,160,1400,2500,2900,463459,0,28,40.21157509810257,3.6600540001927584,2942.9390889999922,224.10601585037728
1789530983,100,,Aggregated,293.900000,0.000000,28,39,48,55,79,100,130,160,1400,2500,2900,463759,0,28,40.20532614044692,3.6600540001927584,2942.9390889999922,224.10545563536232
1789530984,100,,Aggregated,296.000000,0.000000,28,39,48,55,78,100,130,160,1400,2500,2900,464056,0,28,40.20006483037944,3.6600540001927584,2942.9390889999922,224.10512524350509
1789530985,100,,Aggregated,294.100000,0.000000,28,39,48,55,78,100,130,160,1400,2500,2900,464344,0,28,40.192148230647,3.6600540001927584,2942.9390889999922,224.1056242785521
1789530986,100,,Aggregated,294.400000,0.000000,28,39,48,55,78,100,130,160,1400,2500,2900,464657,0,28,40.18758841328668,3.6600540001927584,2942.9390889999922,224.10587594720405
1789530987,100,,Aggregated,293.900000,0.000000,28,39,47,55,78,100,130,160,1400,2500,2900,464952,0,28,40.18468720569976,3.6600540001927584,2942.9390889999922,224.10570338443537
1789530988,100,,Aggregated,292.400000,0.000000,28,39,48,55,78,100,130,160,1400,2500,2900,465246,0,28,40.17982796749574,3.6600540001927584,2942.9390889999922,224.1075517038298
1789530990,100,,Aggregated,294.700000,0.000000,28,39,48,55,79,100,130,160,1400,2500,2900,465519,0,28,40.199961139262925,3.6600540001927584,2942.9390889999922,224.107823740814
1789530991,100,,Aggregated,297.000000,0.000000,28,39,48,55,79,100,130,160,1400,2500,2900,465819,0,28,40.19365102551971,3.6600540001927584,2942.9390889999922,224.10745590025311
1789530992,100,,Aggregated,293.000000,0.000000,28,39,47,55,78,100,130,160,1400,2500,2900,466125,0,28,40.180320708721084,3.6600540001927584,2942.9390889999922,224.1075162241888
1789530993,100,,Aggregated,292.800000,0.000000,28,39,47,55,79,100,130,160,1400,2500,2900,466422,0,28,40.1790206042203,3.6600540001927584,2942.9390889999922,224.1075249452213
1789530994,100,,Aggregated,294.300000,0.000000,28,39,47,55,78,100,130,160,1400,2500,2900,466715,0,28,40.17407856936381,3.6600540001927584,2942.9390889999922,224.10735245278167
1789530995,100,,Aggregated,295.100000,0.000000,28,39,47,55,78,100,130,160,1400,2500,2900,467013,0,28,40.163686153720846,3.6600540001927584,2942.9390889999922,224.1080612317002
1789530996,100,,Aggregated,294.600000,0.000000,28,39,47,55,78,100,130,160,1400,2500,2900,467304,0,28,40.16401037103602,3.6600540001927584,2942.9390889999922,224.10681483573862
1789530997,100,,Aggregated,295.100000,0.000000,28,39,48,55,79,100,130,160,1400,2500,2900,467607,0,28,40.17158862533196,3.6600540001927584,2942.9390889999922,224.10728881304172
1789530998,100,,Aggregated,295.000000,0.000000,28,39,47,55,78,100,130,160,1400,2500,2900,467903,0,28,40.15807288374428,3.6600540001927584,2942.9390889999922,224.1068811270712
1789530999,100,,Aggregated,293.800000,0.000000,28,39,47,55,78,100,130,160,1400,2500,2900,468212,0,28,40.152185600718404,3.6600540001927584,2942.9390889999922,224.10858329132958
1789531000,100,,Aggregated,294.400000,0.000000,28,39,47,55,78,100,130,160,1400,2500,2900,468516,0,28,40.14374184781852,3.6600540001927584,2942.9390889999922,224.10928335425044
1789531001,100,,Aggregated,296.100000,0.000000,28,39,47,55,78,100,130,160,1400,2500,2900,468814,0,28,40.14264140726929,3.6600540001927584,2942.9390889999922,224.1088491384643
1789531002,100,,Aggregated,299.300000,0.000000,28,39,47,55,78,100,130,160,1400,2500,2900,469107,0,28,40.14715419249033,3.6600540001927584,2942.9390889999922,224.1091925722703
1789531003,100,,Aggregated,298.900000,0.000000,28,39,48,55,79,100,130,160,1400,2500,2900,469383,0,28,40.16216082503322,3.6600540001927584,2942.9390889999922,224.10879601519443
1789531004,100,,Aggregated,297.200000,0.000000,28,39,48,55,79,100,130,160,1400,2500,2900,469669,0,28,40.15816536198168,3.6600540001927584,2942.9390889999922,224.10902784727116
1789531005,100,,Aggregated,295.300000,0.000000,28,39,48,55,79,100,130,160,1400,2500,2900,469946,0,28,40.15222574901921,3.6600540001927584,2942.9390889999922,224.10907848986906
1789531006,100,,Aggregated,294.500000,0.000000,28,39,48,55,79,100,130,160,1400,2500,2900,470273,0,28,40.15138009273677,3.6600540001927584,2942.9390889999922,224.10977240879234
1789531007,100,,Aggregated,292.300000,0.000000,28,39,48,55,79,100,130,160,1400,2500,2900,470570,0,28,40.15118731421805,3.6600540001927584,2942.9390889999922,224.10967337484328
1789531008,100,,Aggregated,296.200000,0.000000,28,39,48,55,79,100,130,160,1400,2500,2900,470883,0,28,40.14168489397063,3.6600540001927584,2942.9390889999922,224.10926281050706
1789531009,100,,Aggregated,295.600000,0.000000,28,39,48,55,79,100,130,160,1400,2500,2900,471173,0,28,40.14269696573139,3.6600540001927584,2942.9390889999922,224.110430775957
1789531010,100,,Aggregated,297.300000,0.000000,28,39,48,55,79,100,130,160,1400,2500,2900,471474,0,28,40.14402252683614,3.6600540001927584,2942.9390889999922,224.10973245608454
1789531011,100,,Aggregated,295.500000,0.000000,28,39,48,55,79,100,130,160,1400,2500,2900,471762,0,28,40.14915683209654,3.6600540001927584,2942.9390889999922,224.10840211801712
1789531012,100,,Aggregated,294.200000,0.000000,28,39,48,55,79,100,130,160,1400,2500,2900,472061,0,28,40.1412647914687,3.6600540001927584,2942.9390889999922,224.1084033631247
1789531013,100,,Aggregated,293.500000,0.000000,28,39,48,55,79,100,130,160,1400,2500,2900,472359,0,28,40.14116050985267,3.6600540001927584,2942.9390889999922,224.1078332370083
1789531014,100,,Aggregated,295.000000,0.000000,28,39,48,55,79,100,130,160,1400,2500,2900,472663,0,28,40.12709458487012,3.6600540001927584,2942.9390889999922,224.10994514061815
1789531015,100,,Aggregated,297.000000,0.000000,28,39,48,55,79,100,130,160,1400,2500,2900,472954,0,28,40.13343497283556,3.6600540001927584,2942.9390889999922,224.1094355899305
1789531016,100,,Aggregated,299.300000,0.000000,28,39,48,55,79,100,130,160,1400,2500,2900,473265,0,28,40.12634581829942,3.6600540001927584,2942.9390889999922,224.1094059353639
1789531017,100,,Aggregated,300.900000,0.000000,28,39,48,55,78,100,130,160,1400,2500,2900,473565,0,28,40.11851461095623,3.6600540001927584,2942.9390889999922,224.10973150465088
1789531018,100,,Aggregated,298.800000,0.000000,28,39,48,55,79,100,130,160,1400,2500,2900,473862,0,28,40.121222766281036,3.6600540001927584,2942.9390889999922,224.10908661171396
1789531019,100,,Aggregated,299.600000,0.000000,28,39,48,55,79,100,130,160,1400,2500,2900,474147,0,28,40.11702980382978,3.6600540001927584,2942.9390889999922,224.1093057638243
1789531020,100,,Aggregated,295.400000,0.000000,28,39,48,55,79,100,130,160,1400,2500,2900,474437,0,28,40.127762144677746,3.6600540001927584,2942.9390889999922,224.10865720843864
1789531021,100,,Aggregated,297.100000,0.000000,28,39,48,55,79,100,130,160,1400,2500,2900,474722,0,28,40.11576815505809,3.6600540001927584,2942.9390889999922,224.10972105779803
1789531022,100,,Aggregated,296.800000,0.000000,28,39,48,55,79,100,130,160,1400,2500,2900,475006,0,28,40.131913449149025,3.6600540001927584,2942.9390889999922,224.10963861509117
1789531023,100,,Aggregated,297.700000,0.000000,28,39,48,55,79,100,130,160,1400,2500,2900,475293,0,28,40.135704888899056,3.6600540001927584,2942.9390889999922,224.11020149676094
1789531024,100,,Aggregated,293.600000,0.000000,28,39,48,55,79,100,130,160,1400,2500,2900,475599,0,28,40.128553700431475,3.6600540001927584,2942.9390889999922,224.10887953927573
1789531025,100,,Aggregated,293.200000,0.000000,28,39,48,55,79,100,130,160,1400,2500,2900,475902,0,28,40.12654071939923,3.6600540001927584,2942.9390889999922,224.1095456627625
1789531026,100,,Aggregated,292.400000,0.000000,28,39,48,55,79,100,130,160,1400,2500,2900,476198,0,28,40.119301586460956,3.6600540001927584,2942.9390889999922,224.10949017005532
1789531027,100,,Aggregated,293.500000,0.000000,28,39,48,55,79,100,130,160,1400,2500,2900,476493,0,28,40.112361517139846,3.6600540001927584,2942.9390889999922,224.10937621329168
1789531028,100,,Aggregated,292.200000,0.000000,28,39,48,55,79,100,130,160,1400,2500,2900,476785,0,28,40.12214673424814,3.6600540001927584,2942.9390889999922,224.10969934037354
1789531029,100,,Aggregated,291.900000,0.000000,28,39,48,55,79,100,130,160,1400,2500,2900,477096,0,28,40.109885812049306,3.6600540001927584,2942.9390889999922,224.11057103811393
1789531030,100,,Aggregated,292.800000,0.000000,28,39,48,55,79,100,130,160,1400,2500,2900,477370,0,28,40.122623735673535,3.6600540001927584,2942.9390889999922,224.1107023901795
1789531031,100,,Aggregated,293.800000,0.000000,28,39,48,55,79,100,130,160,1400,2500,2900,477686,0,28,40.120756520053895,3.6600540001927584,2942.9390889999922,224.11022094011548
1789531032,100,,Aggregated,292.300000,0.000000,28,39,48,55,79,100,130,160,1400,2500,2900,477984,0,28,40.11817122811319,3.6600540001927584,2942.9390889999922,224.10950157327443
1789531033,100,,Aggregated,293.700000,0.000000,28,39,48,55,79,100,130,160,1400,2500,2900,478265,0,28,40.11903468315992,3.6600540001927584,2942.9390889999922,224.10943723667842
1789531034,100,,Aggregated,297.600000,0.000000,28,39,48,55,79,100,130,160,1400,2500,2900,478540,0,28,40.11904196153404,3.6600540001927584,2942.9390889999922,224.10825636310443
1789531035,100,,Aggregated,296.700000,0.000000,28,39,48,55,79,100,130,160,1400,2500,2900,478867,0,28,40.117387021846326,3.6600540001927584,2942.9390889999922,224.1079589948775
1789531036,100,,Aggregated,295.500000,0.000000,28,39,48,55,79,100,130,160,1400,2500,2900,479170,0,28,40.11602020909581,3.6600540001927584,2942.9390889999922,224.10714151553728
1789531037,100,,Aggregated,296.300000,0.000000,28,39,48,55,79,100,130,160,1400,2500,2900,479460,0,28,40.11775821928931,3.6600540001927584,2942.9390889999922,224.10656989112752
1789531038,100,,Aggregated,297.400000,0.000000,28,39,48,55,79,100,130,160,1400,2500,2900,479763,0,28,40.113610315219034,3.6600540001927584,2942.9390889999922,224.10699657956116
1789531039,100,,Aggregated,295.600000,0.000000,28,39,48,55,79,100,130,160,1400,2500,2900,480059,0,28,40.112798571207804,3.6600540001927584,2942.9390889999922,224.10780341583015
1789531040,100,,Aggregated,298.600000,0.000000,28,39,48,55,79,100,130,160,1400,2500,2900,480350,0,28,40.116872781327025,3.6600540001927584,2942.9390889999922,224.1074882897887
1789531041,100,,Aggregated,296.100000,0.000000,28,39,48,55,79,100,130,160,1400,2500,2900,480666,0,28,40.117761959066,3.6600540001927584,2942.9390889999922,224.10778170288725
1789531042,100,,Aggregated,297.100000,0.000000,28,39,48,55,79,100,130,160,1400,2500,2900,480959,0,28,40.11786955953711,3.6600540001927584,2942.9390889999922,224.10877018623208
1789531043,100,,Aggregated,296.800000,0.000000,28,39,48,55,79,100,130,160,1400,2500,2900,481246,0,28,40.106270837491536,3.6600540001927584,2942.9390889999922,224.1090170100115
1789531044,100,,Aggregated,296.700000,0.000000,28,39,48,55,79,100,130,160,1400,2500,2900,481553,0,28,40.10601299793061,3.6600540001927584,2942.9390889999922,224.10846365820584
1789531045,100,,Aggregated,298.200000,0.000000,28,39,48,55,79,100,130,160,1400,2500,2900,481852,0,28,40.11244812022256,3.6600540001927584,2942.9390889999922,224.10818674613782
1789531046,100,,Aggregated,299.600000,0.000000,28,39,48,55,79,100,130,160,1400,2500,2900,482152,0,28,40.11217779886529,3.6600540001927584,2942.9390889999922,224.1085072757139
1789531047,100,,Aggregated,297.800000,0.000000,28,39,48,55,79,100,130,160,1400,2500,2900,482440,0,28,40.10748999105481,3.6600540001927584,2942.9390889999922,224.1090539756239
1789531048,100,,Aggregated,295.900000,0.000000,28,39,48,55,79,100,130,160,1400,2500,2900,482752,0,28,40.10023790443639,3.6600540001927584,2942.9390889999922,224.10787733660348
1789531049,100,,Aggregated,297.700000,0.000000,28,39,48,55,79,100,130,160,1400,2500,2900,483048,0,28,40.09960599840904,3.6600540001927584,2942.9390889999922,224.10959780394495
1789531050,100,,Aggregated,297.100000,0.000000,28,39,48,55,79,100,130,160,1400,2500,2900,483332,0,28,40.116525666648336,3.6600540001927584,2942.9390889999922,224.10974030273186
1789531051,100,,Aggregated,298.800000,0.000000,28,39,48,55,79,100,130,160,1400,2500,2900,483604,0,28,40.110191721152994,3.6600540001927584,2942.9390889999922,224.1102348202248
1789531052,100,,Aggregated,297.500000,0.000000,28,39,48,55,79,100,130,160,1400,2500,2900,483913,0,28,40.11115008943856,3.6600540001927584,2942.9390889999922,224.10994331625727
1789531053,100,,Aggregated,295.100000,0.000000,28,39,48,55,79,100,130,160,1400,2500,2900,484210,0,28,40.110771689235015,3.6600540001927584,2942.9390889999922,224.10897131409925
1789531054,100,,Aggregated,294.500000,0.000000,28,39,48,55,79,100,130,160,1400,2500,2900,484531,0,28,40.10312994100165,3.6600540001927584,2942.9390889999922,224.11043875417673
1789531055,100,,Aggregated,294.700000,0.000000,28,39,48,55,79,100,130,160,1400,2500,2900,484829,0,28,40.091545407637454,3.6600540001927584,2942.9390889999922,224.11094220849
1789531056,100,,Aggregated,295.300000,0.000000,28,39,48,55,79,100,130,160,1400,2500,2900,485100,0,28,40.09458834129756,3.6600540001927584,2942.9390889999922,224.1109420737992
1789531057,100,,Aggregated,296.500000,0.000000,28,39,48,55,79,100,130,160,1400,2500,2900,485408,0,28,40.09359992717352,3.6600540001927584,2942.9390889999922,224.1109994066847
1789531058,100,,Aggregated,296.100000,0.000000,28,39,48,55,79,100,130,160,1400,2500,2900,485718,0,28,40.08752792864674,3.6600540001927584,2942.9390889999922,224.11236972893738
1789531059,100,,Aggregated,296.200000,0.000000,28,39,48,55,79,100,130,160,1400,2500,2900,485999,0,28,40.097183191947806,3.6600540001927584,2942.9390889999922,224.1128603145274
1789531060,100,,Aggregated,295.200000,0.000000,28,39,48,55,79,100,130,160,1400,2500,2900,486295,0,28,40.095574288654895,3.6600540001927584,2942.9390889999922,224.11216237057752
1789531061,100,,Aggregated,291.600000,0.000000,28,39,48,55,79,100,130,160,1400,2500,2900,486581,0,28,40.09331341592546,3.6600540001927584,2942.9390889999922,224.11153744186475
1789531062,100,,Aggregated,295.400000,0.000000,28,39,48,55,79,100,130,160,1400,2500,2900,486878,0,28,40.08795882379247,3.6600540001927584,2942.9390889999922,224.11100316711784
1789531063,100,,Aggregated,296.200000,0.000000,28,39,48,55,79,100,130,160,1400,2500,2900,487180,0,28,40.0848952983916,3.6600540001927584,2942.9390889999922,224.11044583110964
1789531064,100,,Aggregated,298.100000,0.000000,28,39,48,55,79,100,130,160,1400,2500,2900,487475,0,28,40.09079557345383,3.6600540001927584,2942.9390889999922,224.11065798246065
1789531065,100,,Aggregated,296.100000,0.000000,28,39,48,55,79,100,130,160,1400,2500,2900,487781,0,28,40.087056939080064,3.6600540001927584,2942.9390889999922,224.11120154331556
1789531066,100,,Aggregated,293.300000,0.000000,28,39,48,55,79,100,130,160,1400,2500,2900,488073,0,28,40.08595958027678,3.6600540001927584,2942.9390889999922,224.11205086124411
1789531067,100,,Aggregated,293.300000,0.000000,28,39,48,55,79,100,130,160,1400,2500,2900,488367,0,28,40.08912102650146,3.6600540001927584,2942.9390889999922,224.1109739192042
1789531068,100,,Aggregated,295.700000,0.000000,28,39,48,55,79,100,130,160,1400,2500,2900,488669,0,28,40.08093691424757,3.6600540001927584,2942.9390889999922,224.1098453145176
1789531069,100,,Aggregated,294.600000,0.000000,28,39,48,55,79,100,130,160,1400,2500,2900,488960,0,28,40.081741057134444,3.6600540001927584,2942.9390889999922,224.10923592931937
1789531070,100,,Aggregated,294.600000,0.000000,28,39,48,55,79,100,130,160,1400,2500,2900,489250,0,28,40.078592540407676,3.6600540001927584,2942.9390889999922,224.10822278998467
1789531071,100,,Aggregated,296.600000,0.000000,28,39,48,55,79,100,130,160,1400,2500,2900,489559,0,28,40.07955408874613,3.6600540001927584,2942.9390889999922,224.1076826286515
1789531072,100,,Aggregated,297.000000,0.000000,28,39,48,55,79,100,130,160,1400,2500,2900,489846,0,28,40.083217841589956,3.6600540001927584,2942.9390889999922,224.10812786059293
1789531073,100,,Aggregated,296.700000,0.000000,28,39,48,55,79,100,130,160,1400,2500,2900,490152,0,28,40.08172291194057,3.6600540001927584,2942.9390889999922,224.109535409424
1789531074,100,,Aggregated,293.800000,0.000000,28,39,48,55,79,100,130,160,1400,2500,2900,490460,0,28,40.07012470560803,3.6600540001927584,2942.9390889999922,224.1089487419973
1789531075,100,,Aggregated,295.900000,0.000000,28,39,48,55,79,100,130,160,1400,2500,2900,490745,0,28,40.07632683651078,3.6600540001927584,2942.9390889999922,224.10883045166022
1789531076,100,,Aggregated,299.100000,0.000000,28,39,48,55,79,100,130,160,1400,2500,2900,491036,0,28,40.07400516742654,3.6600540001927584,2942.9390889999922,224.10988196384787
1789531077,100,,Aggregated,297.200000,0.000000,28,39,48,55,79,100,130,160,1400,2500,2900,491338,0,28,40.065881776063456,3.6600540001927584,2942.9390889999922,224.11018077168873
1789531078,100,,Aggregated,296.400000,0.000000,28,39,48,55,79,100,130,160,1400,2500,2900,491626,0,28,40.06181152308142,3.6600540001927584,2942.9390889999922,224.10908495482337
1789531079,100,,Aggregated,297.000000,0.000000,28,39,48,55,79,100,130,160,1400,2500,2900,491922,0,28,40.05919791244832,3.6600540001927584,2942.9390889999922,224.11053784949647
1789531080,100,,Aggregated,297.300000,0.000000,28,39,48,55,79,100,130,160,1400,2500,2900,492232,0,28,40.047396663513126,3.6600540001927584,2942.9390889999922,224.1098181345382
1789531081,100,,Aggregated,297.300000,0.000000,28,39,48,55,79,100,130,160,1400,2500,2900,492526,0,28,40.04559059939655,3.6600540001927584,2942.9390889999922,224.1088835919322
1789531082,100,,Aggregated,295.500000,0.000000,28,39,48,55,79,100,130,160,1400,2500,2900,492832,0,28,40.03577179645069,3.6600540001927584,2942.9390889999922,224.10934152003117
1789531083,100,,Aggregated,296.300000,0.000000,28,39,48,55,79,100,130,160,1400,2500,2900,493129,0,28,40.03681795691467,3.6600540001927584,2942.9390889999922,224.1090546287077
1789531084,100,,Aggregated,298.400000,0.000000,28,39,48,55,79,100,130,160,1400,2500,2900,493398,0,28,40.0310598104256,3.6600540001927584,2942.9390889999922,224.10785207884913
1789531085,100,,Aggregated,297.300000,0.000000,28,39,48,55,79,100,130,160,1400,2500,2900,493709,0,28,40.034709721089456,3.6600540001927584,2942.9390889999922,224.10731017664253
1789531086,100,,Aggregated,295.300000,0.000000,28,39,48,55,79,100,130,160,1400,2500,2900,494008,0,28,40.028255166220774,3.6600540001927584,2942.9390889999922,224.10841322407734
1789531087,100,,Aggregated,295.700000,0.000000,28,39,48,55,79,100,130,160,1400,2500,2900,494306,0,28,40.03009163907463,3.6600540001927584,2942.9390889999922,224.1087990030467
1789531088,100,,Aggregated,295.500000,0.000000,28,39,48,55,79,100,130,160,1400,2500,2900,494604,0,28,40.020364008997966,3.6600540001927584,2942.9390889999922,224.10831291295662
1789531089,100,,Aggregated,294.300000,0.000000,28,39,48,55,79,100,130,160,1400,2500,2900,494908,0,28,40.018930480950814,3.6600540001927584,2942.9390889999922,224.10852724142669
1789531090,100,,Aggregated,296.300000,0.000000,28,39,48,55,79,100,130,160,1400,2500,2900,495212,0,28,40.01463727775663,3.6600540001927584,2942.9390889999922,224.10844042551471
1789531091,100,,Aggregated,296.600000,0.000000,28,39,48,55,79,100,130,160,1400,2500,2900,495497,0,28,40.01971510415283,3.6600540001927584,2942.9390889999922,224.10843254348663
1789531092,100,,Aggregated,296.100000,0.000000,28,39,48,55,79,100,130,160,1400,2500,2900,495800,0,28,40.014466002128785,3.6600540001927584,2942.9390889999922,224.10931625655508
1789531093,100,,Aggregated,295.300000,0.000000,28,39,48,55,79,100,130,160,1300,2500,2900,496079,0,28,40.01276557337328,3.6600540001927584,2942.9390889999922,224.1099744193969
1789531094,100,,Aggregated,295.800000,0.000000,28,39,48,55,79,100,130,160,1300,2500,2900,496388,0,28,40.00141492175962,3.6600540001927584,2942.9390889999922,224.10989790244727
1789531095,100,,Aggregated,295.900000,0.000000,28,39,48,55,79,100,130,160,1300,2500,2900,496665,0,28,40.020074000459864,3.6600540001927584,2942.9390889999922,224.10904331893732
1789531096,100,,Aggregated,295.800000,0.000000,28,39,48,55,79,100,130,160,1300,2500,2900,496973,0,28,40.011319376749704,3.6600540001927584,2942.9390889999922,224.10764166262553
1789531097,100,,Aggregated,293.500000,0.000000,28,39,48,55,79,100,130,160,1300,2500,2900,497271,0,28,40.010344628927506,3.6600540001927584,2942.9390889999922,224.1073921463347
1789531098,100,,Aggregated,295.700000,0.000000,28,39,48,55,79,100,130,160,1300,2500,2900,497555,0,28,40.010697832162094,3.6600540001927584,2942.9390889999922,224.10814884786606
1789531099,100,,Aggregated,297.200000,0.000000,28,39,48,55,79,100,130,160,1300,2500,2900,497834,0,28,40.003150239641,3.6600540001927584,2942.9390889999922,224.10910865870952
1789531100,100,,Aggregated,294.200000,0.000000,28,39,48,55,79,100,130,160,1300,2500,2900,498147,0,28,39.9974397600858,3.6600540001927584,2942.9390889999922,224.10879318755306
1789531101,100,,Aggregated,294.000000,0.000000,28,39,48,55,79,100,130,160,1300,2500,2900,498456,0,28,39.99094633789033,3.6600540001927584,2942.9390889999922,224.11229677243327
1789531102,100,,Aggregated,294.800000,0.000000,28,39,48,55,79,100,130,160,1300,2500,2900,498759,0,28,39.98466543634387,3.6600540001927584,2942.9390889999922,224.11186164059194
1789531103,100,,Aggregated,296.300000,0.000000,28,39,48,55,79,100,130,160,1300,2500,2900,499055,0,28,39.97667753028907,3.6600540001927584,2942.9390889999922,224.11213192934648
1789531104,100,,Aggregated,295.400000,0.000000,28,39,48,55,79,100,130,160,1300,2500,2900,499323,0,28,39.974514151409814,3.6600540001927584,2942.9390889999922,224.11200966108112
1789531105,100,,Aggregated,296.200000,0.000000,28,39,48,55,79,100,130,160,1300,2500,2900,499641,0,28,39.99024938148467,3.6600540001927584,2942.9390889999922,224.1122005600021
1789531106,100,,Aggregated,297.700000,0.000000,28,39,48,55,79,100,130,160,1300,2500,2900,499936,0,28,39.985362644819325,3.6600540001927584,2942.9390889999922,224.11166429302952
1789531107,100,,Aggregated,298.100000,0.000000,28,39,48,55,79,100,130,160,1300,2500,2900,500239,0,28,39.979302130904216,3.6600540001927584,2942.9390889999922,224.11211440931234
1789531108,100,,Aggregated,296.400000,0.000000,28,39,47,55,79,100,130,160,1300,2500,2900,500550,0,28,39.97057812132534,3.6600540001927584,2942.9390889999922,224.1127899310758
1789531109,100,,Aggregated,297.600000,0.000000,28,39,47,55,79,100,130,160,1300,2500,2900,500840,0,28,39.97415105531389,3.6600540001927584,2942.9390889999922,224.1126247903522
1789531110,100,,Aggregated,298.500000,0.000000,28,39,47,55,79,100,130,160,1300,2500,2900,501150,0,28,39.968744650774056,3.6600540001927584,2942.9390889999922,224.1125870497855
1789531111,100,,Aggregated,298.100000,0.000000,28,39,48,55,79,100,130,160,1300,2500,2900,501434,0,28,39.98424721176348,3.6600540001927584,2942.9390889999922,224.1117275653426
1789531112,100,,Aggregated,299.500000,0.000000,28,39,48,55,79,100,130,160,1300,2500,2900,501712,0,28,39.978945067910274,3.6600540001927584,2942.9390889999922,224.11173143157828
1789531113,100,,Aggregated,297.200000,0.000000,28,39,48,55,79,100,130,160,1300,2500,2900,502038,0,28,39.973335841104486,3.6600540001927584,2942.9390889999922,224.11305319517646
1789531114,100,,Aggregated,296.700000,0.000000,28,39,48,55,79,100,130,160,1300,2500,2900,502336,0,28,39.970078939149126,3.6600540001927584,2942.9390889999922,224.1125203051344
1789531115,100,,Aggregated,296.600000,0.000000,28,39,47,55,79,100,130,160,1300,2500,2900,502657,0,28,39.96091850179228,3.6600540001927584,2942.9390889999922,224.11176607507704
1789531116,100,,Aggregated,296.400000,0.000000,28,39,47,55,79,100,130,160,1300,2500,2900,502946,0,28,39.96701054169318,3.6600540001927584,2942.9390889999922,224.11155471959216
1789531117,100,,Aggregated,300.200000,0.000000,28,39,47,55,79,100,130,160,1300,2500,2900,503194,0,28,39.96762972487835,3.6600540001927584,2942.9390889999922,224.11224497907367
1789531118,100,,Aggregated,299.500000,0.000000,28,39,47,55,79,100,130,160,1300,2500,2900,503509,0,28,39.968278701432325,3.6600540001927584,2942.9390889999922,224.11194834650422
1789531119,100,,Aggregated,297.400000,0.000000,28,39,48,55,79,100,130,160,1300,2500,2900,503803,0,28,39.97057692937417,3.6600540001927584,2942.9390889999922,224.11156940311986
1789531120,100,,Aggregated,296.000000,0.000000,28,39,47,55,79,100,130,160,1300,2500,2900,504104,0,28,39.96050564458625,3.6600540001927584,2942.9390889999922,224.11243711615063
1789531121,100,,Aggregated,294.900000,0.000000,28,39,47,55,79,100,130,160,1300,2500,2900,504400,0,28,39.96093332414254,3.6600540001927584,2942.9390889999922,224.1113362410785
1789531122,100,,Aggregated,294.600000,0.000000,28,39,47,55,79,100,130,160,1300,2500,2900,504705,0,28,39.95942191729525,3.6600540001927584,2942.9390889999922,224.11291150275903
1789531123,100,,Aggregated,295.500000,0.000000,28,39,47,55,79,100,130,160,1300,2500,2900,504997,0,28,39.95819691395494,3.6600540001927584,2942.9390889999922,224.1137293884914
1789531124,100,,Aggregated,296.300000,0.000000,28,39,48,55,79,100,130,160,1300,2500,2900,505288,0,28,39.963410261724995,3.6600540001927584,2942.9390889999922,224.11342046516046
1789531125,100,,Aggregated,297.900000,0.000000,28,39,48,55,79,100,130,160,1300,2500,2900,505581,0,28,39.95775608820845,3.6600540001927584,2942.9390889999922,224.1128879447606
1789531126,100,,Aggregated,294.200000,0.000000,28,39,48,55,79,100,130,160,1300,2500,2900,505886,0,28,39.95450597003184,3.6600540001927584,2942.9390889999922,224.11312627746173
1789531127,100,,Aggregated,292.200000,0.000000,28,39,48,55,79,100,130,160,1300,2500,2900,506173,0,28,39.95661221513701,3.6600540001927584,2942.9390889999922,224.11282308617805
1789531128,100,,Aggregated,293.000000,0.000000,28,39,48,55,79,100,130,160,1300,2500,2900,506473,0,28,39.954702838657795,3.6600540001927584,2942.9390889999922,224.11265358666702
1789531129,100,,Aggregated,293.300000,0.000000,28,39,48,55,79,100,130,160,1300,2500,2900,506767,0,28,39.94821023570111,3.6600540001927584,2942.9390889999922,224.11222909147597
1789531130,100,,Aggregated,295.300000,0.000000,28,39,48,55,79,100,130,160,1300,2500,2900,507034,0,28,39.95558834250868,3.6600540001927584,2942.9390889999922,224.11269461219564
1789531131,100,,Aggregated,296.400000,0.000000,28,39,48,55,79,100,130,160,1300,2500,2900,507357,0,28,39.952601481979215,3.6600540001927584,2942.9390889999922,224.11205127750281
1789531132,100,,Aggregated,295.400000,0.000000,28,39,48,55,79,100,130,160,1300,2500,2900,507645,0,28,39.95615144613165,3.6600540001927584,2942.9390889999922,224.11036255651095
1789531133,100,,Aggregated,294.700000,0.000000,28,39,48,55,79,100,130,160,1300,2500,2900,507933,0,28,39.96470462393373,3.6600540001927584,2942.9390889999922,224.11064254537507
1789531134,100,,Aggregated,292.500000,0.000000,28,39,48,55,79,100,130,160,1300,2500,2900,508240,0,28,39.95528919853126,3.6600540001927584,2942.9390889999922,224.11103415709113
1789531135,100,,Aggregated,291.200000,0.000000,28,39,48,55,79,100,130,160,1300,2500,2900,508524,0,28,39.95689124277034,3.6600540001927584,2942.9390889999922,224.11124352046315
1789531136,100,,Aggregated,294.600000,0.000000,28,39,48,55,79,100,130,160,1300,2500,2900,508827,0,28,39.95554671471749,3.6600540001927584,2942.9390889999922,224.11175704119475
1789531137,100,,Aggregated,294.800000,0.000000,28,39,48,55,79,100,130,160,1300,2500,2900,509125,0,28,39.94675347897576,3.6600540001927584,2942.9390889999922,224.1118860790572
1789531138,100,,Aggregated,294.400000,0.000000,28,39,48,55,79,100,130,160,1300,2500,2900,509430,0,28,39.94969874888116,3.6600540001927584,2942.9390889999922,224.11218224289894
1789531139,100,,Aggregated,294.900000,0.000000,28,39,48,55,79,100,130,160,1300,2500,2900,509724,0,28,39.94663976771653,3.6600540001927584,2942.9390889999922,224.11230979902848
1789531140,100,,Aggregated,293.800000,0.000000,28,39,48,55,79,100,130,160,1300,2500,2900,510033,0,28,39.945329103470804,3.6600540001927584,2942.9390889999922,224.11232802583362
1789531141,100,,Aggregated,296.900000,0.000000,28,39,48,55,79,100,130,160,1300,2500,2900,510322,0,28,39.94895323304998,3.6600540001927584,2942.9390889999922,224.11325986338036
1789531142,100,,Aggregated,294.800000,0.000000,28,39,48,55,79,100,130,160,1300,2500,2900,510624,0,28,39.936293873479315,3.6600540001927584,2942.9390889999922,224.11233902049258
1789531143,100,,Aggregated,295.900000,0.000000,28,39,48,55,79,100,130,160,1300,2500,2900,510909,0,28,39.94251308250688,3.6600540001927584,2942.9390889999922,224.11236443280507
1789531144,100,,Aggregated,298.700000,0.000000,28,39,48,55,79,100,130,160,1300,2500,2900,511175,0,28,39.946749792201366,3.6600540001927584,2942.9390889999922,224.11223944832983
1789531145,100,,Aggregated,296.600000,0.000000,28,39,48,55,79,100,130,160,1300,2500,2900,511497,0,28,39.94781395581899,3.6600540001927584,2942.9390889999922,224.1120632183571
1789531146,100,,Aggregated,296.400000,0.000000,28,39,48,55,79,100,130,160,1300,2500,2900,511794,0,28,39.95164705038462,3.6600540001927584,2942.9390889999922,224.11183796605667
1789531147,100,,Aggregated,296.000000,0.000000,28,39,48,55,79,100,130,160,1300,2500,2900,512083,0,28,39.9495735335533,3.6600540001927584,2942.9390889999922,224.11208729834811
1789531148,100,,Aggregated,295.500000,0.000000,28,39,48,55,79,100,130,160,1300,2500,2900,512393,0,28,39.94461964356376,3.6600540001927584,2942.9390889999922,224.1111178333818
1789531149,100,,Aggregated,295.900000,0.000000,28,39,48,55,79,100,130,160,1300,2500,2900,512676,0,28,39.95386635182952,3.6600540001927584,2942.9390889999922,224.1108946000983
1789531150,100,,Aggregated,295.600000,0.000000,28,39,48,55,79,100,130,160,1300,2500,2900,512992,0,28,39.9504583173394,3.6600540001927584,2942.9390889999922,224.1109218077475
1789531151,100,,Aggregated,291.900000,0.000000,28,39,48,55,79,100,130,160,1300,2500,2900,513297,0,28,39.950134769006205,3.6600540001927584,2942.9390889999922,224.11211248068858
1789531152,100,,Aggregated,296.300000,0.000000,28,39,48,55,79,100,130,160,1300,2500,2900,513590,0,28,39.95222420243694,3.6600540001927584,2942.9390889999922,224.11196674390078
1789531153,100,,Aggregated,296.600000,0.000000,28,39,48,55,79,100,130,160,1300,2500,2900,513882,0,28,39.94630866171724,3.6600540001927584,2942.9390889999922,224.1134890889348
1789531154,100,,Aggregated,297.600000,0.000000,28,39,48,55,79,100,130,160,1300,2500,2900,514176,0,28,39.94580217762125,3.6600540001927584,2942.9390889999922,224.11224172267862
1789531155,100,,Aggregated,298.200000,0.000000,28,39,48,55,79,100,130,160,1300,2500,2900,514473,0,28,39.94340739854494,3.6600540001927584,2942.9390889999922,224.11193784707848
1789531156,100,,Aggregated,296.900000,0.000000,28,39,48,55,79,100,130,160,1300,2500,2900,514785,0,28,39.93831857222452,3.6600540001927584,2942.9390889999922,224.1107336072341
1789531157,100,,Aggregated,298.500000,0.000000,28,39,48,55,79,100,130,160,1300,2500,2900,515073,0,28,39.93882197406113,3.6600540001927584,2942.9390889999922,224.11033193353174
1789531158,100,,Aggregated,299.100000,0.000000,28,39,48,55,79,100,130,160,1300,2500,2900,515394,0,28,39.931668182816594,3.6600540001927584,2942.9390889999922,224.11095394979375
1789531159,100,,Aggregated,298.800000,0.000000,28,39,48,55,79,100,130,160,1300,2500,2900,515683,0,28,39.929980540172096,3.6600540001927584,2942.9390889999922,224.1119001402024
1789531160,100,,Aggregated,299.500000,0.000000,28,39,48,55,79,100,130,160,1300,2500,2900,515984,0,28,39.928712537612746,3.6600540001927584,2942.9390889999922,224.111695323886
1789531161,100,,Aggregated,301.700000,0.000000,28,39,48,55,79,100,130,160,1300,2500,2900,516287,0,28,39.92400161627462,3.6600540001927584,2942.9390889999922,224.11150193593872
1789531162,100,,Aggregated,297.600000,0.000000,28,39,48,55,79,100,130,160,1300,2500,2900,516593,0,28,39.91760153276099,3.6600540001927584,2942.9390889999922,224.1104641371447
1789531163,100,,Aggregated,299.800000,0.000000,28,39,48,55,79,100,130,160,1300,2500,2900,516881,0,28,39.92525452827163,3.6600540001927584,2942.9390889999922,224.1091295675407
1789531164,100,,Aggregated,298.000000,0.000000,28,39,48,55,79,100,130,160,1300,2500,2900,517193,0,28,39.91670192760445,3.6600540001927584,2942.9390889999922,224.11052740466326
1789531165,100,,Aggregated,297.700000,0.000000,28,39,48,55,79,100,130,160,1300,2500,2900,517492,0,28,39.9200886217228,3.6600540001927584,2942.9390889999922,224.10995918777488
1789531166,100,,Aggregated,300.100000,0.000000,28,39,48,55,79,100,130,160,1300,2500,2900,517802,0,28,39.91595437257402,3.6600540001927584,2942.9390889999922,224.111355305696
1789531167,100,,Aggregated,299.800000,0.000000,28,39,48,55,79,100,130,160,1300,2500,2900,518111,0,28,39.91173392305818,3.6600540001927584,2942.9390889999922,224.10996099291464
1789531168,100,,Aggregated,301.700000,0.000000,28,39,48,55,79,100,130,160,1300,2500,2900,518406,0,28,39.91113855838785,3.6600540001927584,2942.9390889999922,224.1097788220044
1789531169,100,,Aggregated,301.500000,0.000000,28,39,48,55,79,100,130,160,1300,2500,2900,518684,0,28,39.919981592411986,3.6600540001927584,2942.9390889999922,224.10944428592362
1789531170,100,,Aggregated,301.500000,0.000000,28,39,48,55,79,100,130,160,1300,2500,2900,519002,0,28,39.91216947543864,3.6600540001927584,2942.9390889999922,224.10867395501367
1789531171,100,,Aggregated,301.500000,0.000000,28,39,48,55,79,100,130,160,1300,2500,2900,519285,0,28,39.92135673592844,3.6600540001927584,2942.9390889999922,224.10853770087718
1789531172,100,,Aggregated,302.300000,0.000000,28,39,48,55,79,100,130,160,1300,2500,2900,519585,0,28,39.9106987096233,3.6600540001927584,2942.9390889999922,224.10798233205347
1789531173,100,,Aggregated,297.800000,0.000000,28,39,48,55,79,100,130,160,1300,2500,2900,519886,0,28,39.91019564695265,3.6600540001927584,2942.9390889999922,224.10763321189646
1789531174,100,,Aggregated,299.500000,0.000000,28,39,48,55,79,100,130,160,1300,2500,2900,520181,0,28,39.91200519474115,3.6600540001927584,2942.9390889999922,224.10712809579744
1789531175,100,,Aggregated,300.100000,0.000000,28,39,48,55,79,100,130,160,1300,2500,2900,520476,0,28,39.9045123581618,3.6600540001927584,2942.9390889999922,224.10618933437854
1789531176,100,,Aggregated,298.200000,0.000000,28,39,48,55,79,100,130,160,1300,2500,2900,520769,0,28,39.905388763508626,3.6600540001927584,2942.9390889999922,224.10547478824586
1789531177,100,,Aggregated,299.300000,0.000000,28,39,48,55,79,100,130,160,1300,2500,2900,521066,0,28,39.911073128973285,3.6600540001927584,2942.9390889999922,224.1049483174876
1789531178,100,,Aggregated,295.300000,0.000000,28,39,48,55,79,100,130,160,1300,2500,2900,521372,0,28,39.9006199660522,3.6600540001927584,2942.9390889999922,224.10470834643976
1789531179,100,,Aggregated,294.100000,0.000000,28,39,48,55,79,100,130,160,1300,2500,2900,521668,0,28,39.89654553385786,3.6600540001927584,2942.9390889999922,224.10535819716756
1789531180,100,,Aggregated,295.700000,0.000000,28,39,48,55,79,100,130,160,1300,2500,2900,521966,0,28,39.89315469499651,3.6600540001927584,2942.9390889999922,224.10524823455933
1789531181,100,,Aggregated,295.500000,0.000000,28,39,47,55,79,100,130,160,1300,2500,2900,522272,0,28,39.88609355915987,3.6600540001927584,2942.9390889999922,224.10560397647203
1789531182,100,,Aggregated,296.000000,0.000000,28,39,48,55,79,100,130,160,1300,2500,2900,522563,0,28,39.892845382664966,3.6600540001927584,2942.9390889999922,224.1055757870343
1789531183,100,,Aggregated,298.600000,0.000000,28,39,48,55,79,100,130,160,1300,2500,2900,522852,0,28,39.895809746510615,3.6600540001927584,2942.9390889999922,224.1049130537896
1789531184,100,,Aggregated,296.200000,0.000000,28,39,48,55,79,100,130,160,1300,2500,2900,523165,0,28,39.88442173208749,3.6600540001927584,2942.9390889999922,224.10491527529555
1789531185,100,,Aggregated,295.800000,0.000000,28,39,48,55,79,100,130,160,1300,2500,2900,523446,0,28,39.883250354551514,3.6600540001927584,2942.9390889999922,224.10484940184853
1789531186,100,,Aggregated,297.800000,0.000000,28,39,48,55,79,100,130,160,1300,2500,2900,523744,0,28,39.88367302699511,3.6600540001927584,2942.9390889999922,224.10336156595588
1789531187,100,,Aggregated,294.900000,0.000000,28,39,48,55,79,100,130,160,1300,2500,2900,524047,0,28,39.87941915822155,3.6600540001927584,2942.9390889999922,224.102845737119
1789531188,100,,Aggregated,297.400000,0.000000,28,39,48,55,79,100,130,160,1300,2500,2900,524350,0,28,39.873577125136876,3.6600540001927584,2942.9390889999922,224.10316010298465
1789531189,100,,Aggregated,297.500000,0.000000,28,39,48,55,79,100,130,160,1300,2500,2900,524631,0,28,39.87421190576521,3.6600540001927584,2942.9390889999922,224.10271600420106
1789531190,100,,Aggregated,296.600000,0.000000,28,39,48,55,79,100,130,160,1300,2500,2900,524946,0,28,39.86564068134155,3.6600540001927584,2942.9390889999922,224.10412880562953
1789531191,100,,Aggregated,297.000000,0.000000,28,39,48,55,79,100,130,160,1300,2500,2900,525222,0,28,39.8731249580283,3.6600540001927584,2942.9390889999922,224.1017988583875
