Timestamp,User Count,Type,Name,Requests/s,Failures/s,50%,66%,75%,80%,90%,95%,98%,99%,99.9%,99.99%,100%,Total Request Count,Total Failure Count,Total Median Response Time,Total Average Response Time,Total Min Response Time,Total Max Response Time,Total Average Content Size
1789569151,0,,Aggregated,0.000000,0.000000,N/A,N/A,N/A,N/A,N/A,N/A,N/A,N/A,N/A,N/A,N/A,0,0,0,0.0,0,0,0
1789569152,5,,Aggregated,0.000000,0.000000,8,9,10,11,12,14,14,14,14,14,14,17,0,8,8.028845647031096,2.609858000141685,14.380707999407605,223.05882352941177
1789569154,10,,Aggregated,0.000000,0.000000,7,9,10,11,13,14,17,17,17,17,17,46,0,7,7.5890814782526475,2.609858000141685,16.55619399934949,228.32608695652175
1789569155,15,,Aggregated,0.000000,0.000000,8,9,10,10,11,14,17,23,23,23,23,93,0,8,7.410555397821368,2.609858000141685,22.73329299987381,226.5483870967742
1789569156,20,,Aggregated,8.500000,0.000000,6,9,9,10,11,13,16,18,23,23,23,165,0,6,6.983316260608042,2.609858000141685,22.73329299987381,224.4848484848485
1789569157,25,,Aggregated,15.333333,0.000000,6,8,9,10,12,15,24,27,28,28,28,241,0,6,7.346547817423661,2.609858000141685,28.496372000518022,224.35684647302904
1789569158,30,,Aggregated,23.250000,0.000000,6,8,9,10,12,15,23,26,28,28,28,337,0,6,7.2628064658750375,2.609858000141685,28.496372000518022,224.89910979228486
1789569159,35,,Aggregated,40.166667,0.000000,6,9,9,10,12,15,20,24,28,28,28,457,0,6,7.2992921225284855,2.609858000141685,28.496372000518022,224.36980306345734
1789569160,40,,Aggregated,48.142857,0.000000,7,9,10,11,13,17,22,25,28,28,28,592,0,7,7.844906358111468,2.609858000141685,28.496372000518022,224.47972972972974
1789569161,45,,Aggregated,57.000000,0.000000,7,9,10,11,13,16,21,24,28,28,28,731,0,7,7.695026949377789,2.562523000051442,28.496372000518022,224.21203830369356
1789569162,50,,Aggregated,57.000000,0.000000,7,9,10,11,14,18,24,27,35,35,35,884,0,7,7.9900659943488455,2.562523000051442,34.6405459995367,224.21153846153845
1789569163,50,,Aggregated,72.800000,0.000000,7,9,10,11,14,18,23,26,30,35,35,1046,0,7,7.962436916824878,2.5320989998363075,34.6405459995367,224.32887189292543
1789569164,50,,Aggregated,88.400000,0.000000,7,9,11,11,15,18,25,28,41,44,44,1217,0,7,8.05749932703757,2.5320989998363075,43.96040499977971,224.7025472473295
1789569165,50,,Aggregated,102.800000,0.000000,7,9,10,11,14,18,24,28,41,44,44,1380,0,7,7.981504542756053,2.5320989998363075,43.96040499977971,224.34202898550726
1789569166,50,,Aggregated,117.000000,0.000000,7,9,11,11,14,18,23,27,41,44,44,1552,0,7,8.019262108245805,2.5320989998363075,43.96040499977971,224.10115979381445
1789569167,50,,Aggregated,128.500000,0.000000,7,9,11,11,14,17,22,26,41,44,44,1723,0,7,7.971974625067754,2.5320989998363075,43.96040499977971,224.22751015670343
1789569168,50,,Aggregated,137.900000,0.000000,7,9,11,11,14,17,23,26,41,44,44,1890,0,7,7.993488400527909,2.5320989998363075,43.96040499977971,224.14074074074074
1789569169,50,,Aggregated,147.900000,0.000000,7,9,11,11,14,17,22,26,35,44,44,2059,0,7,7.917110328794124,2.5320989998363075,43.96040499977971,224.1238465274405
1789569170,50,,Aggregated,154.500000,0.000000,7,9,11,11,14,17,22,26,35,44,44,2212,0,7,7.938526732815307,2.5320989998363075,43.96040499977971,224.23146473779386
1789569171,50,,Aggregated,159.600000,0.000000,7,9,11,12,15,18,23,26,35,44,44,2373,0,7,8.13224231731551,2.5320989998363075,43.96040499977971,224.31436999578594
1789569172,50,,Aggregated,162.300000,0.000000,7,9,11,12,15,18,23,26,35,44,44,2543,0,7,8.123422692879503,2.5320989998363075,43.96040499977971,224.41958316948487
1789569173,50,,Aggregated,163.700000,0.000000,7,9,11,12,15,18,23,26,35,44,44,2702,0,7,8.104270245370017,2.5320989998363075,43.96040499977971,224.28682457438933
1789569174,50,,Aggregated,164.600000,0.000000,7,9,11,12,15,18,22,26,35,44,44,2872,0,7,8.186128047003697,2.5320989998363075,43.96040499977971,224.3516713091922
1789569175,50,,Aggregated,165.200000,0.000000,7,9,11,12,15,18,22,26,35,44,44,3025,0,7,8.194066166281479,2.5320989998363075,43.96040499977971,224.28561983471076
1789569176,50,,Aggregated,164.200000,0.000000,7,9,11,12,15,18,23,26,46,48,48,3188,0,7,8.290141848182735,2.467631000399706,47.53978600001574,224.24341279799248
1789569177,50,,Aggregated,163.700000,0.000000,7,9,11,12,15,18,23,26,46,48,48,3349,0,7,8.293108116753196,2.467631000399706,47.53978600001574,224.18094953717528
1789569178,50,,Aggregated,163.400000,0.000000,7,9,11,12,15,18,22,26,46,48,48,3503,0,7,8.26472764544796,2.467631000399706,47.53978600001574,224.12589209249214
1789569179,50,,Aggregated,161.900000,0.000000,7,9,11,12,15,18,22,26,46,48,48,3654,0,7,8.26058142529112,2.467631000399706,47.53978600001574,224.21948549534756
1789569180,50,,Aggregated,161.300000,0.000000,7,10,11,12,15,18,22,26,46,48,48,3823,0,7,8.286817803038801,2.467631000399706,47.53978600001574,224.26366727700758
1789569181,50,,Aggregated,159.800000,0.000000,7,10,11,12,15,18,22,26,46,48,48,3987,0,7,8.29062243416393,2.467631000399706,47.53978600001574,224.40807624780535
1789569182,50,,Aggregated,160.000000,0.000000,7,9,11,12,15,18,22,25,45,48,48,4143,0,7,8.231068554192701,2.467631000399706,47.53978600001574,224.39681390296886
1789569183,50,,Aggregated,161.000000,0.000000,7,9,11,12,15,18,22,25,45,48,48,4306,0,7,8.240206249888056,2.467631000399706,47.53978600001574,224.4131444496052
1789569184,50,,Aggregated,160.700000,0.000000,7,10,11,12,15,18,22,26,45,48,48,4469,0,7,8.267747355341083,2.467631000399706,47.53978600001574,224.34817632579995
1789569185,50,,Aggregated,159.800000,0.000000,7,10,11,12,15,18,22,26,45,48,48,4633,0,7,8.312970086125064,2.467631000399706,47.53978600001574,224.30628102741204
1789569186,50,,Aggregated,160.100000,0.000000,7,10,11,12,15,18,22,26,45,48,48,4795,0,7,8.329778092391562,2.467631000399706,47.53978600001574,224.45192909280502
1789569187,50,,Aggregated,160.400000,0.000000,7,10,11,12,15,18,22,25,45,48,48,4957,0,7,8.338262709504434,2.467631000399706,47.53978600001574,224.42989711519064
1789569188,50,,Aggregated,160.600000,0.000000,7,10,11,12,15,18,22,25,44,48,48,5125,0,7,8.298599110048999,2.467631000399706,47.53978600001574,224.38263414634147
1789569189,50,,Aggregated,160.400000,0.000000,7,10,11,12,15,18,22,25,44,48,48,5279,0,7,8.291099254026223,2.467631000399706,47.53978600001574,224.36389467702216
1789569190,50,,Aggregated,161.000000,0.000000,7,10,11,12,15,18,22,25,44,48,48,5443,0,7,8.27204276538847,2.467631000399706,47.53978600001574,224.43156347602425
1789569191,50,,Aggregated,161.600000,0.000000,7,10,11,12,15,18,21,25,44,48,48,5604,0,7,8.271883490007783,2.467631000399706,47.53978600001574,224.4452177016417
1789569192,50,,Aggregated,161.800000,0.000000,7,10,11,12,15,18,21,25,44,48,48,5768,0,7,8.286766774099508,2.467631000399706,47.53978600001574,224.40603328710125
1789569193,50,,Aggregated,161.200000,0.000000,7,10,11,12,15,18,21,24,44,48,48,5933,0,7,8.27548503876686,2.467631000399706,47.53978600001574,224.39406708242035
1789569194,50,,Aggregated,161.700000,0.000000,7,10,11,12,15,18,21,24,42,48,48,6096,0,7,8.256757483923616,2.467631000399706,47.53978600001574,224.3474409448819
1789569195,50,,Aggregated,162.000000,0.000000,7,10,11,12,15,18,21,24,42,48,48,6257,0,7,8.244267733576859,2.467631000399706,47.53978600001574,224.29822598689466
1789569196,50,,Aggregated,162.000000,0.000000,7,10,11,12,15,18,21,24,42,48,48,6410,0,7,8.252938533851916,2.467631000399706,47.53978600001574,224.23385335413417
1789569197,50,,Aggregated,161.700000,0.000000,7,10,11,12,15,18,21,24,42,48,48,6573,0,7,8.247298735584325,2.467631000399706,47.53978600001574,224.22729347329985
1789569198,50,,Aggregated,161.800000,0.000000,7,10,11,12,15,17,21,24,42,48,48,6734,0,7,8.22369944356879,2.467631000399706,47.53978600001574,224.2972972972973
1789569199,50,,Aggregated,161.800000,0.000000,7,10,11,12,15,17,21,24,42,48,48,6898,0,7,8.215738212815124,2.467631000399706,47.53978600001574,224.35517541316324
1789569200,50,,Aggregated,161.100000,0.000000,7,10,11,12,15,17,21,24,41,48,48,7061,0,7,8.194544018411436,2.467631000399706,47.53978600001574,224.3221923240334
1789569201,50,,Aggregated,161.000000,0.000000,7,10,11,12,15,17,21,24,41,48,48,7231,0,7,8.180364323746153,2.467631000399706,47.53978600001574,224.30963905407273
1789569202,50,,Aggregated,161.700000,0.000000,7,10,11,12,15,17,21,24,41,48,48,7396,0,7,8.190015579096736,2.4654569997437648,47.53978600001574,224.282585181179
1789569203,50,,Aggregated,162.100000,0.000000,7,10,11,12,15,17,21,24,41,48,48,7557,0,7,8.175963609368516,2.4654569997437648,47.53978600001574,224.27828503374354
1789569204,50,,Aggregated,162.100000,0.000000,7,10,11,12,15,17,21,24,41,48,48,7715,0,7,8.17472016526191,2.4654569997437648,47.53978600001574,224.24199611147117
1789569205,50,,Aggregated,162.400000,0.000000,7,10,11,12,15,17,21,24,41,48,48,7885,0,7,8.161507185287878,2.4654569997437648,47.53978600001574,224.22270133164236
1789569206,50,,Aggregated,162.100000,0.000000,7,9,11,12,15,17,21,24,39,48,48,8048,0,7,8.157677867918038,2.4654569997437648,47.53978600001574,224.2340954274354
1789569207,50,,Aggregated,162.600000,0.000000,7,9,11,12,15,17,21,24,39,48,48,8219,0,7,8.149025545079649,2.4654569997437648,47.53978600001574,224.28081275094294
1789569208,50,,Aggregated,162.400000,0.000000,7,10,11,12,15,17,21,24,41,48,48,8380,0,7,8.189558014559275,2.4654569997437648,47.53978600001574,224.2560859188544
1789569209,50,,Aggregated,164.000000,0.000000,7,10,11,12,15,17,21,24,41,48,48,8534,0,7,8.198918358449433,2.4654569997437648,47.53978600001574,224.26411999062574
1789569210,50,,Aggregated,164.100000,0.000000,7,10,11,12,15,18,21,25,47,56,56,8699,0,7,8.228630514198217,2.4654569997437648,55.57100799978798,224.24922404874124
1789569211,50,,Aggregated,163.700000,0.000000,7,10,11,12,15,18,22,25,47,63,63,8873,0,7,8.27316617389929,2.4654569997437648,62.705311000172514,224.24005409669786
1789569212,50,,Aggregated,164.000000,0.000000,7,10,11,12,15,18,21,25,47,63,63,9044,0,7,8.274891817671021,2.4654569997437648,62.705311000172514,224.2639318885449
1789569213,50,,Aggregated,164.400000,0.000000,7,10,11,12,15,18,22,26,47,63,63,9195,0,7,8.319892309844189,2.4654569997437648,62.705311000172514,224.26916802610114
1789569214,50,,Aggregated,164.100000,0.000000,7,10,11,12,15,18,22,26,47,63,63,9356,0,7,8.314073563277049,2.4654569997437648,62.705311000172514,224.29970072680632
1789569215,50,,Aggregated,163.000000,0.000000,7,10,11,12,15,18,21,25,47,63,63,9517,0,7,8.314576953139152,2.4654569997437648,62.705311000172514,224.32037406745823
1789569216,50,,Aggregated,162.700000,0.000000,7,10,11,12,15,18,21,25,47,63,63,9686,0,7,8.30451035009508,2.4654569997437648,62.705311000172514,224.34142060706174
1789569217,50,,Aggregated,162.800000,0.000000,7,10,11,12,15,18,21,25,47,63,63,9838,0,7,8.31430774161639,2.4654569997437648,62.705311000172514,224.3621671071356
1789569218,50,,Aggregated,163.000000,0.000000,7,10,11,12,15,18,21,25,47,63,63,10000,0,7,8.318891830202425,2.4654569997437648,62.705311000172514,224.3773
1789569219,50,,Aggregated,161.000000,0.000000,7,10,11,12,15,18,21,25,47,56,63,10159,0,7,8.329759382618755,2.4654569997437648,62.705311000172514,224.36401220592577
1789569220,50,,Aggregated,161.600000,0.000000,7,10,11,12,15,18,21,25,47,56,63,10320,0,7,8.328175579460169,2.4654569997437648,62.705311000172514,224.37751937984495
1789569221,50,,Aggregated,162.100000,0.000000,7,10,11,12,15,18,21,25,47,56,63,10483,0,7,8.324633583423658,2.4654569997437648,62.705311000172514,224.36287322331393
1789569222,50,,Aggregated,161.300000,0.000000,7,10,11,12,15,18,21,25,47,56,63,10637,0,7,8.32860515502646,2.4654569997437648,62.705311000172514,224.38751527686378
1789569223,50,,Aggregated,160.000000,0.000000,7,10,11,12,15,18,21,25,47,56,63,10798,0,7,8.319805159382227,2.4654569997437648,62.705311000172514,224.3952583811817
1789569224,50,,Aggregated,159.700000,0.000000,7,10,11,12,15,18,21,25,47,56,63,10961,0,7,8.337357289755642,2.4654569997437648,62.705311000172514,224.41556427333273
1789569225,50,,Aggregated,159.900000,0.000000,7,10,11,12,15,18,21,25,47,56,63,11117,0,7,8.349524440587423,2.4654569997437648,62.705311000172514,224.40928307996762
1789569226,50,,Aggregated,160.500000,0.000000,7,10,11,12,15,18,21,25,47,56,63,11284,0,7,8.353144270826478,2.4654569997437648,62.705311000172514,224.4305210918114
1789569227,50,,Aggregated,159.700000,0.000000,7,10,11,12,15,18,22,25,47,56,63,11444,0,7,8.378135076110496,2.4654569997437648,62.705311000172514,224.41663753932193
1789569228,50,,Aggregated,159.700000,0.000000,7,10,11,12,15,18,22,25,47,56,63,11597,0,7,8.37813102535206,2.4654569997437648,62.705311000172514,224.42605846339572
1789569229,50,,Aggregated,160.400000,0.000000,7,10,11,12,15,18,22,25,47,56,63,11763,0,7,8.382252832101305,2.4654569997437648,62.705311000172514,224.4191957833886
1789569230,50,,Aggregated,159.700000,0.000000,7,10,11,12,15,18,22,25,47,56,63,11917,0,7,8.371615520685431,2.4654569997437648,62.705311000172514,224.45187547201476
1789569231,50,,Aggregated,159.400000,0.000000,7,10,11,12,15,18,22,25,47,56,63,12098,0,7,8.351209985783132,2.4654569997437648,62.705311000172514,224.4296577946768
1789569232,50,,Aggregated,159.200000,0.000000,7,10,11,12,15,18,22,25,47,56,63,12258,0,7,8.348109768477586,2.4654569997437648,62.705311000172514,224.4313917441671
1789569233,50,,Aggregated,160.700000,0.000000,7,10,11,12,15,18,22,25,47,56,63,12420,0,7,8.354933388244154,2.4654569997437648,62.705311000172514,224.39959742351047
1789569234,50,,Aggregated,160.800000,0.000000,7,10,11,12,15,18,22,25,47,56,63,12580,0,7,8.354890960650906,2.4654569997437648,62.705311000172514,224.39364069952305
1789569235,50,,Aggregated,161.800000,0.000000,7,10,11,12,15,18,22,25,47,56,63,12725,0,7,8.374581616423347,2.4654569997437648,62.705311000172514,224.3804322200393
1789569236,50,,Aggregated,160.900000,0.000000,7,10,11,12,15,18,22,25,47,56,63,12892,0,7,8.39203319686524,2.4654569997437648,62.705311000172514,224.403971455166
1789569237,50,,Aggregated,161.100000,0.000000,7,10,11,12,15,18,22,25,46,56,63,13053,0,7,8.409272636250769,2.4654569997437648,62.705311000172514,224.38228759672106
1789569238,50,,Aggregated,160.100000,0.000000,7,10,11,12,15,18,22,25,46,56,63,13216,0,7,8.413094531399818,2.4654569997437648,62.705311000172514,224.39868341404357
1789569239,50,,Aggregated,160.600000,0.000000,7,10,11,12,15,18,22,25,46,56,63,13373,0,7,8.396802017346891,2.4654569997437648,62.705311000172514,224.36842892395126
1789569240,50,,Aggregated,161.100000,0.000000,7,10,11,12,15,18,22,25,46,56,63,13539,0,7,8.388006999555387,2.4654569997437648,62.705311000172514,224.36272989142478
1789569241,50,,Aggregated,161.300000,0.000000,7,10,11,12,15,18,22,25,46,56,63,13704,0,7,8.38314232661872,2.4654569997437648,62.705311000172514,224.36748394629305
1789569242,50,,Aggregated,161.500000,0.000000,7,10,11,12,15,18,22,25,46,56,63,13860,0,7,8.391732997545992,2.4654569997437648,62.705311000172514,224.3495670995671
1789569243,50,,Aggregated,160.600000,0.000000,7,10,11,12,15,18,22,25,45,56,63,14018,0,7,8.378690435010872,2.4654569997437648,62.705311000172514,224.34562705093452
1789569244,50,,Aggregated,160.600000,0.000000,7,10,11,12,15,18,22,25,45,56,63,14177,0,7,8.377279368412568,2.4652639995110803,62.705311000172514,224.35261338788177
1789569245,50,,Aggregated,160.000000,0.000000,7,10,11,12,15,18,22,26,45,56,63,14347,0,7,8.406696362652962,2.4652639995110803,62.705311000172514,224.35129295323065
1789569246,50,,Aggregated,160.700000,0.000000,7,10,11,12,15,18,22,26,45,56,63,14510,0,7,8.397927308682595,2.4652639995110803,62.705311000172514,224.31281874569262
1789569247,50,,Aggregated,161.500000,0.000000,7,10,11,12,15,18,22,26,45,56,63,14669,0,7,8.38730610941363,2.4652639995110803,62.705311000172514,224.3172677074102
1789569248,50,,Aggregated,162.200000,0.000000,7,10,11,12,15,18,22,26,45,56,63,14841,0,7,8.381855191225368,2.4652639995110803,62.705311000172514,224.3047638299306
1789569249,50,,Aggregated,161.300000,0.000000,7,10,11,12,15,18,22,25,45,56,63,15003,0,7,8.374788439376916,2.4652639995110803,62.705311000172514,224.28514297140572
1789569250,50,,Aggregated,162.000000,0.000000,7,10,11,12,15,18,22,26,45,56,63,15159,0,7,8.388459402267749,2.4652639995110803,62.705311000172514,224.31901840490798
1789569251,50,,Aggregated,162.600000,0.000000,7,10,11,12,15,18,22,25,45,56,63,15323,0,7,8.388610610779066,2.4652639995110803,62.705311000172514,224.30542321999607
1789569252,50,,Aggregated,161.600000,0.000000,7,10,11,12,15,18,22,25,45,56,63,15488,0,7,8.381979586774367,2.4652639995110803,62.705311000172514,224.30597882231405
1789569253,50,,Aggregated,161.400000,0.000000,7,10,11,12,15,18,22,25,45,56,63,15637,0,7,8.383677574085484,2.4652639995110803,62.705311000172514,224.31169661699815
1789569254,50,,Aggregated,162.200000,0.000000,7,10,11,12,15,18,22,25,45,56,63,15804,0,7,8.386491600415738,2.4652639995110803,62.705311000172514,224.29657048848392
1789569255,50,,Aggregated,162.000000,0.000000,7,10,11,12,15,18,22,25,45,56,63,15969,0,7,8.374870493203334,2.4652639995110803,62.705311000172514,224.30502849270462
1789569256,50,,Aggregated,161.100000,0.000000,7,10,11,12,15,18,22,25,45,56,63,16132,0,7,8.365902263263404,2.4652639995110803,62.705311000172514,224.29351599305727
1789569257,50,,Aggregated,161.300000,0.000000,7,10,11,12,15,18,22,25,45,56,63,16294,0,7,8.371205470845553,2.4652639995110803,62.705311000172514,224.2701607953848
1789569258,50,,Aggregated,160.600000,0.000000,7,10,11,12,15,18,22,25,45,56,63,16453,0,7,8.37119164492574,2.4652639995110803,62.705311000172514,224.27405336412812
1789569259,50,,Aggregated,162.000000,0.000000,7,10,11,12,15,18,22,25,45,56,63,16609,0,7,8.393018344690088,2.4652639995110803,62.705311000172514,224.25612619664037
1789569260,50,,Aggregated,161.600000,0.000000,7,10,11,12,15,18,22,25,45,56,63,16780,0,7,8.398914119068039,2.4652639995110803,62.705311000172514,224.2339094159714
1789569261,50,,Aggregated,160.700000,0.000000,7,10,11,12,15,18,22,25,45,56,63,16940,0,7,8.394425729454333,2.4652639995110803,62.705311000172514,224.24757969303423
1789569262,50,,Aggregated,161.900000,0.000000,7,10,11,12,15,18,22,25,45,56,63,17106,0,7,8.380948430022052,2.4652639995110803,62.705311000172514,224.24377411434585
1789569263,50,,Aggregated,161.400000,0.000000,7,10,11,12,15,18,22,25,45,56,63,17259,0,7,8.379485705774158,2.4652639995110803,62.705311000172514,224.24613245263342
1789569264,50,,Aggregated,160.800000,0.000000,7,10,11,12,15,18,22,25,45,56,63,17423,0,7,8.378494040747793,2.4652639995110803,62.705311000172514,224.26264133616485
1789569265,50,,Aggregated,161.600000,0.000000,7,10,11,12,15,18,22,25,45,56,63,17587,0,7,8.371881594697498,2.4652639995110803,62.705311000172514,224.235912890203
1789569266,50,,Aggregated,161.800000,0.000000,7,10,11,12,15,18,22,25,45,56,63,17746,0,7,8.378186180319261,2.4652639995110803,62.705311000172514,224.24467485630564
1789569267,50,,Aggregated,161.100000,0.000000,7,10,11,12,15,18,22,25,45,56,63,17905,0,7,8.3750573279504,2.4652639995110803,62.705311000172514,224.24847807874895
1789569268,50,,Aggregated,161.500000,0.000000,7,10,11,12,15,18,22,25,45,56,63,18061,0,7,8.380658137641845,2.4652639995110803,62.705311000172514,224.2606721665467
1789569269,50,,Aggregated,160.400000,0.000000,7,10,11,12,15,18,22,25,45,56,63,18225,0,7,8.383440482960122,2.452173000165203,62.705311000172514,224.26227709190672
1789569270,50,,Aggregated,159.700000,0.000000,7,10,11,12,15,18,22,25,45,56,63,18385,0,7,8.382208665811632,2.452173000165203,62.705311000172514,224.2542289910253
1789569271,50,,Aggregated,160.000000,0.000000,7,10,11,12,15,18,22,25,45,56,63,18544,0,7,8.374639754688694,2.452173000165203,62.705311000172514,224.25819672131146
1789569272,50,,Aggregated,160.000000,0.000000,7,10,11,12,15,18,22,25,45,56,63,18714,0,7,8.368015817139472,2.452173000165203,62.705311000172514,224.26563000961846
1789569273,50,,Aggregated,160.500000,0.000000,7,10,11,12,15,18,22,25,45,56,63,18875,0,7,8.367837191414246,2.452173000165203,62.705311000172514,224.26627814569537
1789569274,50,,Aggregated,161.000000,0.000000,7,10,11,12,15,18,22,25,44,56,63,19036,0,7,8.35796677311112,2.452173000165203,62.705311000172514,224.24763605799538
1789569275,50,,Aggregated,160.600000,0.000000,7,10,11,12,15,18,22,25,44,56,63,19200,0,7,8.354171343382527,2.452173000165203,62.705311000172514,224.265625
1789569276,50,,Aggregated,160.700000,0.000000,7,10,11,12,15,18,22,25,44,56,63,19360,0,7,8.353166771484748,2.452173000165203,62.705311000172514,224.25754132231404
1789569277,50,,Aggregated,161.000000,0.000000,7,10,11,12,15,18,22,25,45,56,63,19519,0,7,8.367484629383746,2.452173000165203,62.705311000172514,224.26492135867616
1789569278,50,,Aggregated,161.100000,0.000000,7,10,11,12,15,18,22,25,45,56,63,19681,0,7,8.370494634466873,2.452173000165203,62.705311000172514,224.2619785580001
1789569279,50,,Aggregated,160.800000,0.000000,7,10,11,12,15,18,22,25,45,56,63,19838,0,7,8.376347800733209,2.452173000165203,62.705311000172514,224.23767516886784
1789569280,50,,Aggregated,161.700000,0.000000,7,10,11,12,15,18,22,25,45,56,63,19995,0,7,8.372049107374387,2.452173000165203,62.705311000172514,224.2465616404101
1789569281,50,,Aggregated,160.900000,0.000000,7,10,11,12,15,18,22,25,44,55,63,20156,0,7,8.37532040225993,2.452173000165203,62.705311000172514,224.2720281801945
1789569282,50,,Aggregated,160.500000,0.000000,7,10,11,12,15,18,22,25,44,55,63,20324,0,7,8.375832192922296,2.452173000165203,62.705311000172514,224.25738043692186
1789569283,50,,Aggregated,161.100000,0.000000,7,10,11,12,15,18,22,25,44,55,63,20487,0,7,8.37888414565102,2.452173000165203,62.705311000172514,224.2535754380827
1789569284,50,,Aggregated,160.300000,0.000000,7,10,11,12,15,18,22,25,44,55,63,20643,0,7,8.36997719890353,2.452173000165203,62.705311000172514,224.2635760306157
1789569285,50,,Aggregated,160.400000,0.000000,7,10,11,12,15,18,22,25,44,55,63,20803,0,7,8.371702629186363,2.452173000165203,62.705311000172514,224.267509493823
1789569286,50,,Aggregated,160.200000,0.000000,7,10,11,12,15,18,22,25,44,55,63,20968,0,7,8.36788427804121,2.452173000165203,62.705311000172514,224.24980923311713
1789569287,50,,Aggregated,160.200000,0.000000,7,10,11,12,15,18,22,25,44,55,63,21130,0,7,8.360858860055307,2.452173000165203,62.705311000172514,224.23241836251773
1789569288,50,,Aggregated,160.500000,0.000000,7,10,11,12,15,18,22,25,44,55,63,21294,0,7,8.354822743963764,2.452173000165203,62.705311000172514,224.25331079177232
1789569289,50,,Aggregated,160.900000,0.000000,7,10,11,12,15,18,22,25,44,55,63,21455,0,7,8.354601701746503,2.452173000165203,62.705311000172514,224.24334653926823
1789569290,50,,Aggregated,160.300000,0.000000,7,10,11,12,15,18,22,25,44,55,63,21621,0,7,8.3496783194564,2.452173000165203,62.705311000172514,224.24665834142732
1789569291,50,,Aggregated,161.800000,0.000000,7,10,11,12,15,18,22,25,44,55,63,21790,0,7,8.350247704450142,2.452173000165203,62.705311000172514,224.2669114272602
1789569292,50,,Aggregated,161.900000,0.000000,7,10,11,12,15,18,22,25,44,55,63,21948,0,7,8.348827988425743,2.452173000165203,62.705311000172514,224.2688627665391
1789569293,50,,Aggregated,162.100000,0.000000,7,10,11,12,15,18,22,25,44,55,63,22115,0,7,8.349660817769369,2.452173000165203,62.705311000172514,224.2747456477504
1789569294,50,,Aggregated,162.300000,0.000000,7,10,11,12,15,18,22,25,44,55,63,22276,0,7,8.344818164525273,2.452173000165203,62.705311000172514,224.27105404920093
1789569295,50,,Aggregated,162.700000,0.000000,7,10,11,12,15,18,22,25,44,55,63,22439,0,7,8.336546027227444,2.448496999932104,62.705311000172514,224.24876331387316
1789569296,50,,Aggregated,163.400000,0.000000,7,10,11,12,15,18,22,25,44,55,63,22599,0,7,8.338627483205487,2.448496999932104,62.705311000172514,224.26324173636002
1789569297,50,,Aggregated,163.100000,0.000000,7,10,11,12,15,18,22,25,44,55,63,22765,0,7,8.334479465801024,2.448496999932104,62.705311000172514,224.23865583132002
1789569298,50,,Aggregated,162.700000,0.000000,7,10,11,12,15,18,21,25,44,55,63,22928,0,7,8.332211836573617,2.448496999932104,62.705311000172514,224.23133286810886
1789569299,50,,Aggregated,162.200000,0.000000,7,10,11,12,15,18,21,25,44,55,63,23090,0,7,8.33220181203822,2.448496999932104,62.705311000172514,224.22923343438717
1789569300,50,,Aggregated,164.000000,0.000000,7,10,11,12,15,18,21,25,44,55,63,23266,0,7,8.323566279719808,2.448496999932104,62.705311000172514,224.22719848706268
1789569301,50,,Aggregated,162.800000,0.000000,7,10,11,12,15,18,21,24,44,55,63,23430,0,7,8.321995179938584,2.448496999932104,62.705311000172514,224.24635083226633
1789569302,50,,Aggregated,164.100000,0.000000,7,10,11,12,15,18,21,24,44,55,63,23590,0,7,8.314531005763886,2.448496999932104,62.705311000172514,224.23815175922002
1789569303,50,,Aggregated,162.900000,0.000000,7,10,11,12,15,18,21,24,44,55,63,23752,0,7,8.315173723685167,2.448496999932104,62.705311000172514,224.23614853486023
1789569304,50,,Aggregated,164.500000,0.000000,7,10,11,12,15,18,21,24,44,55,63,23919,0,7,8.3114840969093,2.448496999932104,62.705311000172514,224.25155733935364
1789569305,50,,Aggregated,163.300000,0.000000,7,10,11,12,15,18,21,24,43,55,63,24074,0,7,8.307248372351015,2.448496999932104,62.705311000172514,224.25434078258704
1789569306,50,,Aggregated,163.300000,0.000000,7,10,11,12,15,18,21,24,43,55,63,24234,0,7,8.313618539323674,2.448496999932104,62.705311000172514,224.24300569447882
1789569307,50,,Aggregated,163.400000,0.000000,7,10,11,12,15,18,21,24,43,55,63,24407,0,7,8.31936487487027,2.448496999932104,62.705311000172514,224.24029991395912
1789569308,50,,Aggregated,164.100000,0.000000,7,10,11,12,15,18,21,24,43,55,63,24570,0,7,8.315378290677918,2.448496999932104,62.705311000172514,224.22600732600733
1789569309,50,,Aggregated,164.100000,0.000000,7,10,11,12,15,18,21,24,43,55,63,24730,0,7,8.30987530060449,2.448496999932104,62.705311000172514,224.2171856045289
1789569310,50,,Aggregated,162.700000,0.000000,7,10,11,12,15,18,21,24,43,55,63,24893,0,7,8.320088268949158,2.448496999932104,62.705311000172514,224.2070863294902
1789569311,50,,Aggregated,163.700000,0.000000,7,10,11,12,15,18,21,24,43,55,63,25058,0,7,8.318049801019733,2.448496999932104,62.705311000172514,224.21613855854417
1789569312,50,,Aggregated,162.200000,0.000000,7,10,11,12,15,18,21,24,43,55,63,25221,0,7,8.314593090002461,2.448496999932104,62.705311000172514,224.21831013837675
1789569313,50,,Aggregated,163.000000,0.000000,7,10,11,12,15,18,21,24,43,55,63,25389,0,7,8.311664098702577,2.448496999932104,62.705311000172514,224.21005159714838
1789569314,50,,Aggregated,161.600000,0.000000,7,10,11,12,15,18,21,24,43,55,63,25548,0,7,8.30749293153907,2.448496999932104,62.705311000172514,224.19512290590262
1789569315,50,,Aggregated,162.200000,0.000000,7,10,11,12,15,18,21,24,43,55,63,25723,0,7,8.300287759163,2.448496999932104,62.705311000172514,224.20265909886095
1789569316,50,,Aggregated,162.900000,0.000000,7,10,11,12,15,18,21,24,43,55,63,25876,0,7,8.296705740065796,2.448496999932104,62.705311000172514,224.20779873241614
1789569317,50,,Aggregated,163.400000,0.000000,7,10,11,12,15,18,21,24,43,55,63,26051,0,7,8.295433710680673,2.448496999932104,62.705311000172514,224.22644044374496
1789569318,50,,Aggregated,163.600000,0.000000,7,10,11,12,15,18,21,24,44,55,63,26210,0,7,8.303603262950986,2.448496999932104,62.705311000172514,224.2224341854254
1789569319,50,,Aggregated,164.400000,0.000000,7,10,11,12,15,18,21,24,44,55,63,26382,0,7,8.300119664086388,2.448496999932104,62.705311000172514,224.2139716473353
1789569320,50,,Aggregated,163.900000,0.000000,7,10,11,12,15,18,21,24,44,55,63,26544,0,7,8.293549549914578,2.448496999932104,62.705311000172514,224.2104053646775
1789569321,50,,Aggregated,164.800000,0.000000,7,10,11,12,15,18,21,24,44,55,63,26707,0,7,8.297712236115451,2.448496999932104,62.705311000172514,224.20286816190512
1789569322,50,,Aggregated,165.000000,0.000000,7,10,11,12,15,18,21,24,44,55,63,26870,0,7,8.2928805390749,2.4282799995489768,62.705311000172514,224.21529586899888
1789569323,50,,Aggregated,165.000000,0.000000,7,10,11,12,15,18,21,24,44,55,63,27024,0,7,8.299082960773482,2.4282799995489768,62.705311000172514,224.2000074008289
1789569324,50,,Aggregated,164.400000,0.000000,7,10,11,12,15,18,21,24,44,55,63,27188,0,7,8.296177572934587,2.4282799995489768,62.705311000172514,224.21281447697513
1789569325,50,,Aggregated,164.300000,0.000000,7,10,11,12,15,18,21,24,44,55,63,27355,0,7,8.292815032313976,2.4282799995489768,62.705311000172514,224.21769329190275
1789569326,50,,Aggregated,163.200000,0.000000,7,10,11,12,15,18,21,24,44,55,63,27524,0,7,8.296496055840421,2.4282799995489768,62.705311000172514,224.22761953204477
1789569327,50,,Aggregated,164.400000,0.000000,7,10,11,12,15,18,21,24,44,55,63,27683,0,7,8.299435693275752,2.4282799995489768,62.705311000172514,224.23671567387927
1789569328,50,,Aggregated,162.900000,0.000000,7,10,11,12,15,18,21,24,44,55,63,27851,0,7,8.296314038237748,2.4282799995489768,62.705311000172514,224.24221751463142
1789569329,50,,Aggregated,163.100000,0.000000,7,10,11,12,15,18,21,24,44,55,63,28007,0,7,8.304595928659214,2.4282799995489768,62.705311000172514,224.23911879173065
1789569330,50,,Aggregated,164.200000,0.000000,7,10,11,12,15,18,21,24,44,55,63,28170,0,7,8.303848849164657,2.4282799995489768,62.705311000172514,224.25626553070643
1789569331,50,,Aggregated,162.600000,0.000000,7,10,11,12,15,18,21,24,44,55,63,28336,0,7,8.30239583077973,2.4282799995489768,62.705311000172514,224.24897656691135
1789569332,50,,Aggregated,161.600000,0.000000,7,10,11,12,15,18,21,24,44,55,63,28494,0,7,8.307353340491709,2.4282799995489768,62.705311000172514,224.23155752088158
1789569333,50,,Aggregated,162.500000,0.000000,7,10,11,12,15,18,21,24,44,55,63,28661,0,7,8.30607490827182,2.4282799995489768,62.705311000172514,224.23020829698893
1789569334,50,,Aggregated,162.500000,0.000000,7,10,11,12,15,18,21,24,44,55,63,28817,0,7,8.30888702883655,2.4282799995489768,62.705311000172514,224.22122358330154
1789569335,50,,Aggregated,162.500000,0.000000,7,10,11,12,15,18,21,24,44,55,63,28979,0,7,8.31470043459023,2.4282799995489768,62.705311000172514,224.20400980020014
1789569336,50,,Aggregated,162.200000,0.000000,7,10,11,12,15,18,21,24,44,55,63,29136,0,7,8.309696082166193,2.4282799995489768,62.705311000172514,224.22501372872048
1789569337,50,,Aggregated,161.200000,0.000000,7,10,11,12,15,18,21,24,44,55,63,29292,0,7,8.310637484842394,2.4282799995489768,62.705311000172514,224.22105011607266
1789569338,50,,Aggregated,161.700000,0.000000,7,10,11,12,15,18,21,24,44,55,63,29454,0,7,8.30534148893197,2.4282799995489768,62.705311000172514,224.22411217491683
1789569339,50,,Aggregated,160.400000,0.000000,7,10,11,12,15,18,21,24,44,55,63,29602,0,7,8.306263864434854,2.4282799995489768,62.705311000172514,224.20873589622323
1789569340,50,,Aggregated,159.500000,0.000000,7,10,11,12,15,18,21,24,44,55,63,29774,0,7,8.29778404812934,2.4282799995489768,62.705311000172514,224.21370994827703
1789569341,50,,Aggregated,159.400000,0.000000,7,10,11,12,15,18,21,24,44,55,63,29940,0,7,8.297433657648465,2.4282799995489768,62.705311000172514,224.224415497662
1789569342,50,,Aggregated,159.900000,0.000000,7,10,11,12,15,18,21,24,44,55,63,30109,0,7,8.304745010992974,2.4282799995489768,62.705311000172514,224.21837324388056
1789569343,50,,Aggregated,160.200000,0.000000,7,10,11,12,15,18,21,24,44,55,63,30273,0,7,8.308482117067479,2.4282799995489768,62.705311000172514,224.21372179830212
1789569344,50,,Aggregated,160.900000,0.000000,7,10,11,12,15,18,21,24,44,55,63,30440,0,7,8.302359366326757,2.4282799995489768,62.705311000172514,224.223061760841
1789569345,50,,Aggregated,161.300000,0.000000,7,10,11,12,15,18,21,24,44,55,63,30607,0,7,8.301166797594952,2.4282799995489768,62.705311000172514,224.22128924755773
1789569346,50,,Aggregated,162.800000,0.000000,7,10,11,12,15,18,21,24,44,55,63,30768,0,7,8.297467357611483,2.4282799995489768,62.705311000172514,224.20446567862714
1789569347,50,,Aggregated,161.800000,0.000000,7,10,11,12,15,18,21,24,44,55,63,30925,0,7,8.297165238027253,2.4282799995489768,62.705311000172514,224.19385610347615
1789569348,50,,Aggregated,162.400000,0.000000,7,10,11,12,15,18,21,24,43,55,63,31083,0,7,8.300724690248602,2.4282799995489768,62.705311000172514,224.21169127819064
1789569349,50,,Aggregated,162.600000,0.000000,7,10,11,12,15,18,21,24,43,55,63,31242,0,7,8.304023455700465,2.4282799995489768,62.705311000172514,224.21432686767812
1789569350,50,,Aggregated,162.000000,0.000000,7,10,11,12,15,18,21,24,43,55,63,31395,0,7,8.298876558782993,2.4282799995489768,62.705311000172514,224.24045230132188
1789569351,50,,Aggregated,162.300000,0.000000,7,10,11,12,15,18,21,24,43,55,63,31562,0,7,8.299976701729497,2.4282799995489768,62.705311000172514,224.24637221975794
1789569352,50,,Aggregated,163.200000,0.000000,7,10,11,12,15,18,21,24,43,55,63,31726,0,7,8.301304126583275,2.4282799995489768,62.705311000172514,224.22599760448844
1789569353,50,,Aggregated,161.800000,0.000000,7,10,11,12,15,18,21,24,43,55,63,31883,0,7,8.296908857760647,2.4282799995489768,62.705311000172514,224.23319637424333
1789569354,50,,Aggregated,160.900000,0.000000,7,10,11,12,15,18,21,24,43,55,63,32055,0,7,8.300330438246428,2.4282799995489768,62.705311000172514,224.2317267197005
1789569355,50,,Aggregated,160.200000,0.000000,7,10,11,12,15,18,21,24,43,55,63,32209,0,7,8.304500779781874,2.4282799995489768,62.705311000172514,224.24074016579218
1789569356,50,,Aggregated,160.300000,0.000000,7,10,11,12,15,18,21,24,43,55,63,32374,0,7,8.305829050904967,2.4282799995489768,62.705311000172514,224.2438994254649
1789569357,50,,Aggregated,161.000000,0.000000,7,10,11,12,15,18,21,24,43,55,63,32530,0,7,8.312645848293991,2.4282799995489768,62.705311000172514,224.2413771902859
1789569358,50,,Aggregated,160.000000,0.000000,7,10,11,12,15,18,21,24,43,55,63,32696,0,7,8.309837659989027,2.4282799995489768,62.705311000172514,224.2507646195253
1789569359,50,,Aggregated,160.300000,0.000000,7,10,11,12,15,18,21,24,43,55,63,32854,0,7,8.308830507061623,2.4282799995489768,62.705311000172514,224.2400316552018
1789569360,50,,Aggregated,161.000000,0.000000,7,10,11,12,15,18,21,24,43,55,63,33010,0,7,8.310195252681382,2.4282799995489768,62.705311000172514,224.22690093910936
1789569361,50,,Aggregated,161.400000,0.000000,7,10,11,12,15,18,21,24,43,55,63,33164,0,7,8.319050948347938,2.4135169996952754,62.705311000172514,224.22611868290917
1789569362,50,,Aggregated,160.300000,0.000000,7,10,11,12,15,18,21,24,43,55,63,33337,0,7,8.315517774545105,2.4135169996952754,62.705311000172514,224.2120166781654
1789569363,50,,Aggregated,160.700000,0.000000,7,10,11,12,15,18,21,24,43,55,63,33499,0,7,8.311412315382833,2.4135169996952754,62.705311000172514,224.20675244037136
1789569364,50,,Aggregated,160.200000,0.000000,7,10,11,12,15,18,21,24,43,55,63,33660,0,7,8.312330306655014,2.4135169996952754,62.705311000172514,224.20912061794414
1789569365,50,,Aggregated,161.100000,0.000000,7,10,11,12,15,18,21,24,43,55,63,33822,0,7,8.318653377919903,2.4135169996952754,62.705311000172514,224.2039500916563
1789569366,50,,Aggregated,160.500000,0.000000,7,10,11,12,15,18,21,24,43,55,63,33975,0,7,8.320676228344727,2.4135169996952754,62.705311000172514,224.19340691685062
1789569367,50,,Aggregated,160.200000,0.000000,7,10,11,12,15,18,21,24,43,55,63,34136,0,7,8.32311029663729,2.4135169996952754,62.705311000172514,224.19044410592923
1789569368,50,,Aggregated,159.800000,0.000000,7,10,11,12,15,18,21,24,43,55,63,34292,0,7,8.317888077073532,2.4135169996952754,62.705311000172514,224.18989851860493
1789569369,50,,Aggregated,160.400000,0.000000,7,10,11,12,15,18,21,24,43,55,63,34456,0,7,8.316684612839758,2.4135169996952754,62.705311000172514,224.19610517761782
1789569370,50,,Aggregated,160.100000,0.000000,7,10,11,12,15,18,21,24,43,55,63,34624,0,7,8.314774685622812,2.4135169996952754,62.705311000172514,224.1785466728281
1789569371,50,,Aggregated,160.000000,0.000000,7,10,11,12,15,18,21,24,43,55,63,34782,0,7,8.316858692944923,2.4135169996952754,62.705311000172514,224.17905813351734
1789569372,50,,Aggregated,161.000000,0.000000,7,10,11,12,15,18,21,24,43,55,63,34955,0,7,8.318623783636657,2.4135169996952754,62.705311000172514,224.1761693606065
1789569373,50,,Aggregated,160.200000,0.000000,7,10,11,12,15,18,21,24,42,55,63,35130,0,7,8.315518789155174,2.4135169996952754,62.705311000172514,224.17839453458583
1789569374,50,,Aggregated,161.800000,0.000000,7,10,11,12,15,18,21,24,42,55,63,35285,0,7,8.316978736829162,2.4135169996952754,62.705311000172514,224.17545699305654
1789569375,50,,Aggregated,162.400000,0.000000,7,10,11,12,15,18,21,24,42,55,63,35443,0,7,8.317101586801826,2.4135169996952754,62.705311000172514,224.1836469824789
1789569376,50,,Aggregated,161.900000,0.000000,7,10,11,12,15,18,21,24,42,55,63,35600,0,7,8.321693121629735,2.4135169996952754,62.705311000172514,224.17955056179775
1789569377,50,,Aggregated,161.700000,0.000000,7,10,11,12,15,18,21,24,42,55,63,35755,0,7,8.319823710530468,2.4135169996952754,62.705311000172514,224.1783247098308
1789569378,50,,Aggregated,161.900000,0.000000,7,10,11,12,15,18,21,24,43,55,63,35921,0,7,8.326179109880297,2.3924799997985247,62.705311000172514,224.1845160212689
1789569379,50,,Aggregated,161.400000,0.000000,7,10,11,12,15,18,21,24,43,55,63,36081,0,7,8.325189400820646,2.3924799997985247,62.705311000172514,224.1784595770627
1789569380,50,,Aggregated,161.100000,0.000000,7,10,11,12,15,18,21,24,45,55,63,36244,0,7,8.345002365550554,2.3924799997985247,62.705311000172514,224.18027811499834
1789569381,50,,Aggregated,161.300000,0.000000,7,10,11,12,15,18,21,24,45,55,63,36409,0,7,8.345700290807535,2.3924799997985247,62.705311000172514,224.17435249526216
1789569382,50,,Aggregated,160.800000,0.000000,7,10,11,12,15,18,21,24,45,55,63,36563,0,7,8.346660908596608,2.3924799997985247,62.705311000172514,224.17629844378197
1789569383,50,,Aggregated,162.100000,0.000000,7,10,11,12,15,18,21,24,45,55,63,36733,0,7,8.347002236463561,2.3924799997985247,62.705311000172514,224.1730051996842
1789569384,50,,Aggregated,160.700000,0.000000,7,10,11,12,15,18,21,24,45,55,63,36898,0,7,8.348812037428132,2.3924799997985247,62.705311000172514,224.16350479700796
1789569385,50,,Aggregated,159.900000,0.000000,7,10,11,12,15,18,21,25,45,55,63,37054,0,7,8.357133088061167,2.3924799997985247,62.705311000172514,224.17272089383061
1789569386,50,,Aggregated,160.100000,0.000000,7,10,11,12,15,18,21,25,45,55,63,37214,0,7,8.357998261488133,2.3924799997985247,62.705311000172514,224.17665394743915
1789569387,50,,Aggregated,160.800000,0.000000,7,10,11,12,15,18,21,25,45,55,63,37371,0,7,8.368320674534056,2.3924799997985247,62.705311000172514,224.17973829975114
1789569388,50,,Aggregated,161.500000,0.000000,7,10,11,12,15,18,21,25,45,55,63,37533,0,7,8.368735593158286,2.3924799997985247,62.705311000172514,224.18690219273705
1789569389,50,,Aggregated,161.300000,0.000000,7,10,11,12,15,18,21,25,45,55,63,37696,0,7,8.363768675429935,2.3924799997985247,62.705311000172514,224.1830167657046
1789569390,50,,Aggregated,161.700000,0.000000,7,10,11,12,15,18,21,25,45,55,63,37848,0,7,8.359936258692917,2.3924799997985247,62.705311000172514,224.17945466074826
1789569391,50,,Aggregated,161.800000,0.000000,7,10,11,12,15,18,21,25,45,55,63,38009,0,7,8.365641920439884,2.3924799997985247,62.705311000172514,224.1721171301534
1789569392,50,,Aggregated,161.200000,0.000000,7,10,11,12,15,18,21,25,45,55,63,38177,0,7,8.363023716321244,2.3924799997985247,62.705311000172514,224.16960473583572
1789569393,50,,Aggregated,159.300000,0.000000,7,10,11,12,15,18,21,25,45,55,63,38330,0,7,8.363541076702253,2.3924799997985247,62.705311000172514,224.1766762327159
1789569394,50,,Aggregated,160.000000,0.000000,7,10,11,12,15,18,21,25,45,55,63,38497,0,7,8.364271276982512,2.3924799997985247,62.705311000172514,224.18253370392497
1789569395,50,,Aggregated,160.400000,0.000000,7,10,11,12,15,18,21,25,45,55,63,38658,0,7,8.366959715349832,2.3924799997985247,62.705311000172514,224.17975580733614
1789569396,50,,Aggregated,160.000000,0.000000,7,10,11,12,15,18,21,25,45,55,63,38819,0,7,8.36698131129049,2.3924799997985247,62.705311000172514,224.17921636312116
1789569397,50,,Aggregated,160.200000,0.000000,7,10,11,12,15,18,21,25,45,55,63,38980,0,7,8.365732353411548,2.3924799997985247,62.705311000172514,224.18545407901487
1789569398,50,,Aggregated,160.000000,0.000000,7,10,11,12,15,18,21,25,45,55,63,39135,0,7,8.365467705940366,2.3924799997985247,62.705311000172514,224.19468506452026
1789569399,50,,Aggregated,159.600000,0.000000,7,10,11,12,15,18,21,25,45,55,63,39305,0,7,8.363974656938774,2.3924799997985247,62.705311000172514,224.19867701310267
1789569400,50,,Aggregated,160.000000,0.000000,7,10,11,12,15,18,21,24,45,55,63,39466,0,7,8.360444451628798,2.3924799997985247,62.705311000172514,224.1844879136472
1789569401,50,,Aggregated,159.200000,0.000000,7,10,11,12,15,18,21,24,45,55,63,39627,0,7,8.358543938753165,2.3924799997985247,62.705311000172514,224.1818204759381
1789569402,50,,Aggregated,160.400000,0.000000,7,10,11,12,15,18,21,24,45,55,63,39774,0,7,8.359857435560231,2.3924799997985247,62.705311000172514,224.19175843515865
1789569403,50,,Aggregated,161.200000,0.000000,7,10,11,12,15,18,21,25,45,55,63,39943,0,7,8.364560602533055,2.3924799997985247,62.705311000172514,224.1986831234509
1789569404,50,,Aggregated,160.800000,0.000000,7,10,11,12,15,18,21,25,45,55,63,40107,0,7,8.365947323184834,2.3924799997985247,62.705311000172514,224.2021592240756
1789569405,50,,Aggregated,160.300000,0.000000,7,10,11,12,15,18,21,25,45,55,63,40269,0,7,8.362640729543235,2.3924799997985247,62.705311000172514,224.19978146961682
1789569406,50,,Aggregated,160.600000,0.000000,7,10,11,12,15,18,21,25,45,55,63,40441,0,7,8.36326632288946,2.3924799997985247,62.705311000172514,224.1839222571153
1789569407,50,,Aggregated,160.600000,0.000000,7,10,11,12,15,18,21,25,45,55,63,40595,0,7,8.359185770635952,2.3924799997985247,62.705311000172514,224.19172311861067
1789569408,50,,Aggregated,161.300000,0.000000,7,10,11,12,15,18,21,24,45,55,63,40769,0,7,8.35176639120327,2.3924799997985247,62.705311000172514,224.197233191886
1789569409,50,,Aggregated,162.500000,0.000000,7,10,11,12,15,18,21,24,45,55,63,40925,0,7,8.354989648673463,2.3924799997985247,62.705311000172514,224.19640806353084
1789569410,50,,Aggregated,161.900000,0.000000,7,10,11,12,15,18,21,25,45,55,63,41089,0,7,8.362180196499446,2.3924799997985247,62.705311000172514,224.181751807053
1789569411,50,,Aggregated,162.700000,0.000000,7,10,11,12,15,18,21,25,45,55,63,41242,0,7,8.362238140244541,2.3924799997985247,62.705311000172514,224.1830658067019
1789569412,50,,Aggregated,161.400000,0.000000,7,10,11,12,15,18,21,25,45,55,63,41402,0,7,8.365138550890487,2.3924799997985247,62.705311000172514,224.1758852229361
1789569413,50,,Aggregated,162.000000,0.000000,7,10,11,12,15,18,21,24,45,55,63,41561,0,7,8.36233036637637,2.3924799997985247,62.705311000172514,224.1790139794519
1789569414,50,,Aggregated,162.100000,0.000000,7,10,11,12,15,18,21,24,45,55,63,41731,0,7,8.356697645227063,2.3924799997985247,62.705311000172514,224.18592892573866
1789569415,50,,Aggregated,161.400000,0.000000,7,10,11,12,15,18,21,24,45,55,63,41895,0,7,8.357346588589797,2.3924799997985247,62.705311000172514,224.19126387397063
1789569416,50,,Aggregated,161.800000,0.000000,7,10,11,12,15,18,21,24,45,55,63,42057,0,7,8.355667267850007,2.3924799997985247,62.705311000172514,224.18719832608127
1789569417,50,,Aggregated,161.500000,0.000000,7,10,11,12,15,18,21,24,45,55,63,42216,0,7,8.35719409046259,2.3924799997985247,62.705311000172514,224.18583001705514
1789569418,50,,Aggregated,160.500000,0.000000,7,10,11,12,15,18,21,24,45,55,63,42380,0,7,8.35114049867776,2.3924799997985247,62.705311000172514,224.18890986314298
1789569419,50,,Aggregated,160.200000,0.000000,7,10,11,12,15,18,21,24,45,55,63,42540,0,7,8.353950520356479,2.3924799997985247,62.705311000172514,224.1955806299953
1789569420,50,,Aggregated,161.100000,0.000000,7,10,11,12,15,18,21,24,45,55,63,42709,0,7,8.348892799198568,2.3924799997985247,62.705311000172514,224.1922077313915
1789569421,50,,Aggregated,161.000000,0.000000,7,10,11,12,15,18,21,24,45,55,63,42866,0,7,8.347543379857628,2.3924799997985247,62.705311000172514,224.19672934260254
1789569422,50,,Aggregated,161.900000,0.000000,7,10,11,12,15,18,21,24,45,55,63,43029,0,7,8.34986681389266,2.3924799997985247,62.705311000172514,224.20474563666366
1789569423,50,,Aggregated,161.900000,0.000000,7,10,11,12,15,18,21,24,45,55,63,43195,0,7,8.351354184233909,2.3924799997985247,62.705311000172514,224.19826368792684
1789569424,50,,Aggregated,162.100000,0.000000,7,10,11,12,15,18,21,24,45,55,63,43353,0,7,8.350707667750529,2.3924799997985247,62.705311000172514,224.19973242912832
1789569425,50,,Aggregated,162.700000,0.000000,7,10,11,12,15,18,21,24,45,55,63,43516,0,7,8.348440012799587,2.3924799997985247,62.705311000172514,224.20433863406564
1789569426,50,,Aggregated,162.400000,0.000000,7,10,11,12,15,18,21,24,45,55,63,43673,0,7,8.352169248871949,2.3924799997985247,62.705311000172514,224.20429098069746
1789569427,50,,Aggregated,161.500000,0.000000,7,10,11,12,15,18,21,24,45,55,63,43837,0,7,8.35205984782228,2.3924799997985247,62.705311000172514,224.19177863448684
1789569428,50,,Aggregated,162.500000,0.000000,7,10,11,12,15,18,21,24,45,55,63,43999,0,7,8.351282200163393,2.3924799997985247,62.705311000172514,224.1896861292302
1789569429,50,,Aggregated,161.800000,0.000000,7,10,11,12,15,18,21,24,44,55,63,44162,0,7,8.35187047065326,2.3924799997985247,62.705311000172514,224.19292604501607
1789569430,50,,Aggregated,161.800000,0.000000,7,10,11,12,15,18,22,25,44,55,63,44323,0,7,8.356683996886229,2.3924799997985247,62.705311000172514,224.19872301062654
1789569431,50,,Aggregated,161.500000,0.000000,7,10,11,12,15,18,21,24,44,55,63,44483,0,7,8.353011128970355,2.3924799997985247,62.705311000172514,224.20940584043342
1789569432,50,,Aggregated,161.300000,0.000000,7,10,11,12,15,18,21,24,44,55,63,44642,0,7,8.351998036601843,2.3924799997985247,62.705311000172514,224.2009094574616
1789569433,50,,Aggregated,160.600000,0.000000,7,10,11,12,15,18,22,25,44,55,63,44812,0,7,8.351989991251918,2.3924799997985247,62.705311000172514,224.18994912077122
1789569434,50,,Aggregated,160.700000,0.000000,7,10,11,12,15,18,22,25,44,55,63,44973,0,7,8.353947274897811,2.3924799997985247,62.705311000172514,224.1938496431192
1789569435,50,,Aggregated,161.100000,0.000000,7,10,11,12,15,18,22,25,44,55,63,45135,0,7,8.357108394216844,2.3924799997985247,62.705311000172514,224.2019275506813
1789569436,50,,Aggregated,161.500000,0.000000,7,10,11,12,15,18,22,25,44,55,63,45291,0,7,8.355699906912626,2.378771000621782,62.705311000172514,224.19531474244332
1789569437,50,,Aggregated,161.400000,0.000000,7,10,11,12,15,18,22,25,44,55,63,45448,0,7,8.358181719547048,2.378771000621782,62.705311000172514,224.19428797746875
1789569438,50,,Aggregated,162.000000,0.000000,7,10,11,12,15,18,22,25,44,55,63,45623,0,7,8.354129473444907,2.378771000621782,62.705311000172514,224.20279245117595
1789569439,50,,Aggregated,162.200000,0.000000,7,10,11,12,15,18,22,24,44,55,63,45780,0,7,8.349978047400176,2.378771000621782,62.705311000172514,224.21024464831805
1789569440,50,,Aggregated,160.500000,0.000000,7,10,11,12,15,18,22,25,44,55,63,45946,0,7,8.349608890719255,2.378771000621782,62.705311000172514,224.2192138597484
1789569441,50,,Aggregated,162.000000,0.000000,7,10,11,12,15,18,22,25,44,55,63,46108,0,7,8.351599368937906,2.378771000621782,62.705311000172514,224.21601457447733
1789569442,50,,Aggregated,162.200000,0.000000,7,10,11,12,15,18,22,25,44,55,63,46266,0,7,8.356230782431837,2.378771000621782,62.705311000172514,224.2122725111313
1789569443,50,,Aggregated,162.500000,0.000000,7,10,11,12,15,18,22,25,44,55,63,46421,0,7,8.356199782102644,2.378771000621782,62.705311000172514,224.2242088709851
1789569444,50,,Aggregated,161.200000,0.000000,7,10,11,12,15,18,22,25,44,55,63,46592,0,7,8.356445079433955,2.378771000621782,62.705311000172514,224.22609031593407
1789569445,50,,Aggregated,161.300000,0.000000,7,10,11,12,15,18,22,25,44,55,63,46744,0,7,8.358218210336975,2.378771000621782,62.705311000172514,224.23331336642136
1789569446,50,,Aggregated,160.900000,0.000000,7,10,11,12,15,18,22,25,44,55,63,46907,0,7,8.356455337753387,2.378771000621782,62.705311000172514,224.23874901400643
1789569447,50,,Aggregated,162.100000,0.000000,7,10,11,12,15,18,22,25,44,55,63,47078,0,7,8.355322478376188,2.378771000621782,62.705311000172514,224.24242746080972
1789569448,50,,Aggregated,160.100000,0.000000,7,10,11,12,15,18,22,25,44,55,63,47239,0,7,8.352373663392399,2.378771000621782,62.705311000172514,224.24005588602637
1789569449,50,,Aggregated,161.000000,0.000000,7,10,11,12,15,18,22,25,44,55,63,47407,0,7,8.350038240808033,2.378771000621782,62.705311000172514,224.23294028308055
1789569450,50,,Aggregated,162.700000,0.000000,7,10,11,12,15,18,22,24,44,55,63,47552,0,7,8.34964467265262,2.378771000621782,62.705311000172514,224.22104222745625
1789569451,50,,Aggregated,161.000000,0.000000,7,10,11,12,15,18,22,24,44,55,63,47714,0,7,8.351475659428663,2.378771000621782,62.705311000172514,224.23424990568805
1789569452,50,,Aggregated,160.400000,0.000000,7,10,11,12,15,18,22,24,44,55,63,47877,0,7,8.347984079160879,2.378771000621782,62.705311000172514,224.2393215949203
1789569453,50,,Aggregated,160.600000,0.000000,7,10,11,12,15,18,22,24,44,55,63,48047,0,7,8.343223083626018,2.378771000621782,62.705311000172514,224.23899515058173
1789569454,50,,Aggregated,161.600000,0.000000,7,10,11,12,15,18,21,24,44,55,63,48213,0,7,8.343488069213322,2.378771000621782,62.705311000172514,224.23568332192562
1789569455,50,,Aggregated,161.100000,0.000000,7,10,11,12,15,18,22,25,44,55,63,48382,0,7,8.352174278119529,2.378771000621782,62.705311000172514,224.2330412136745
1789569456,50,,Aggregated,161.900000,0.000000,7,10,11,12,15,18,22,25,44,55,63,48557,0,7,8.351322912638233,2.378771000621782,62.705311000172514,224.22499330683527
1789569457,50,,Aggregated,162.100000,0.000000,7,10,11,12,15,18,22,25,44,55,63,48726,0,7,8.351414304067044,2.378771000621782,62.705311000172514,224.2307597586504
1789569458,50,,Aggregated,163.300000,0.000000,7,10,11,12,15,18,22,25,44,55,63,48889,0,7,8.350094359119117,2.378771000621782,62.705311000172514,224.23653582605493
1789569459,50,,Aggregated,163.700000,0.000000,7,10,11,12,15,18,22,25,44,55,63,49044,0,7,8.350428475613084,2.378771000621782,62.705311000172514,224.23931571649948
1789569460,50,,Aggregated,164.100000,0.000000,7,10,11,12,15,18,22,24,44,55,63,49204,0,7,8.35034181094964,2.378771000621782,62.705311000172514,224.24408584667913
1789569461,50,,Aggregated,164.200000,0.000000,7,10,11,12,15,18,22,24,44,55,63,49367,0,7,8.348092657604537,2.378771000621782,62.705311000172514,224.250774809083
1789569462,50,,Aggregated,164.500000,0.000000,7,10,11,12,15,18,22,25,44,55,63,49533,0,7,8.352332905012116,2.378771000621782,62.705311000172514,224.24565441221003
1789569463,50,,Aggregated,163.900000,0.000000,7,10,11,12,15,18,22,24,44,55,63,49690,0,7,8.351029999093726,2.378771000621782,62.705311000172514,224.2510163010666
1789569464,50,,Aggregated,164.700000,0.000000,7,10,11,12,15,18,22,24,44,55,63,49852,0,7,8.350686520821009,2.378771000621782,62.705311000172514,224.2409732809115
1789569465,50,,Aggregated,164.800000,0.000000,7,10,11,12,15,18,21,24,44,55,63,50007,0,7,8.3503230412537,2.378771000621782,62.705311000172514,224.2427860099586
1789569466,50,,Aggregated,164.000000,0.000000,7,10,11,12,15,18,21,24,44,55,63,50172,0,7,8.351316781909706,2.378771000621782,62.705311000172514,224.24940205692417
1789569467,50,,Aggregated,162.200000,0.000000,7,10,11,12,15,18,21,24,44,55,63,50337,0,7,8.35013665782586,2.3657000001549022,62.705311000172514,224.26286826787452
1789569468,50,,Aggregated,162.100000,0.000000,7,10,11,12,15,18,21,24,44,55,63,50495,0,7,8.350445272779035,2.3657000001549022,62.705311000172514,224.26109515793644
1789569469,50,,Aggregated,161.100000,0.000000,7,10,11,12,15,18,21,24,44,55,63,50663,0,7,8.347007120008142,2.3657000001549022,62.705311000172514,224.25310384304126
1789569470,50,,Aggregated,160.300000,0.000000,7,10,11,12,15,18,21,24,44,55,63,50823,0,7,8.346326440587395,2.3657000001549022,62.705311000172514,224.24776184011176
1789569471,50,,Aggregated,161.200000,0.000000,7,10,11,12,15,18,21,24,44,55,63,50990,0,7,8.344667994351374,2.3657000001549022,62.705311000172514,224.25124534222397
1789569472,50,,Aggregated,161.000000,0.000000,7,10,11,12,15,18,21,24,44,55,63,51144,0,7,8.343246900281146,2.3657000001549022,62.705311000172514,224.25146644767716
1789569473,50,,Aggregated,161.400000,0.000000,7,10,11,12,15,18,21,24,44,55,63,51315,0,7,8.341297399824136,2.3657000001549022,62.705311000172514,224.24920588521874
1789569474,50,,Aggregated,161.600000,0.000000,7,10,11,12,15,18,21,24,44,55,63,51461,0,7,8.34335930809684,2.3657000001549022,62.705311000172514,224.2436602475661
1789569475,50,,Aggregated,160.900000,0.000000,7,10,11,12,15,18,21,24,44,55,63,51634,0,7,8.341816894410222,2.3657000001549022,62.705311000172514,224.2493512026959
1789569476,50,,Aggregated,161.200000,0.000000,7,10,11,12,15,18,21,24,44,55,63,51799,0,7,8.341312790034172,2.3657000001549022,62.705311000172514,224.25203189250757
1789569477,50,,Aggregated,162.100000,0.000000,7,10,11,12,15,18,21,24,44,55,63,51962,0,7,8.339272660905825,2.3657000001549022,62.705311000172514,224.25308879565836
1789569478,50,,Aggregated,162.300000,0.000000,7,10,11,12,15,18,21,24,44,55,63,52123,0,7,8.337124160159375,2.3657000001549022,62.705311000172514,224.2560673790841
1789569479,50,,Aggregated,162.900000,0.000000,7,10,11,12,15,18,21,24,44,55,63,52294,0,7,8.335075075859356,2.3657000001549022,62.705311000172514,224.25675985772747
1789569480,50,,Aggregated,162.600000,0.000000,7,10,11,12,15,18,21,24,44,55,63,52452,0,7,8.339640866163064,2.3657000001549022,62.705311000172514,224.2525737817433
1789569481,50,,Aggregated,161.800000,0.000000,7,10,11,12,15,18,21,24,44,55,63,52612,0,7,8.336629357484751,2.3657000001549022,62.705311000172514,224.2535163080666
1789569482,50,,Aggregated,163.000000,0.000000,7,10,11,12,15,18,21,24,44,55,63,52780,0,7,8.33701530409226,2.3657000001549022,62.705311000172514,224.24880636604775
1789569483,50,,Aggregated,162.700000,0.000000,7,10,11,12,15,18,21,24,44,55,63,52941,0,7,8.337626114429115,2.3657000001549022,62.705311000172514,224.23966302109895
1789569484,50,,Aggregated,162.600000,0.000000,7,10,11,12,15,18,21,24,44,55,63,53101,0,7,8.337091140486685,2.3657000001549022,62.705311000172514,224.24069226568238
1789569485,50,,Aggregated,162.600000,0.000000,7,10,11,12,15,18,21,24,44,55,63,53252,0,7,8.336515724085169,2.3657000001549022,62.705311000172514,224.2493990836025
1789569486,50,,Aggregated,161.800000,0.000000,7,10,11,12,15,18,21,24,44,55,63,53416,0,7,8.340750974820086,2.3657000001549022,62.705311000172514,224.24455219409916
1789569487,50,,Aggregated,162.300000,0.000000,7,10,11,12,15,18,21,24,44,55,63,53575,0,7,8.339477909024474,2.3657000001549022,62.705311000172514,224.2475781614559
1789569488,50,,Aggregated,161.700000,0.000000,7,10,11,12,15,18,21,24,44,55,63,53739,0,7,8.339016987922756,2.3657000001549022,62.705311000172514,224.2558104914494
1789569489,50,,Aggregated,160.600000,0.000000,7,10,11,12,15,18,21,24,44,55,63,53899,0,7,8.336365960388493,2.3657000001549022,62.705311000172514,224.2521753650346
1789569490,50,,Aggregated,161.000000,0.000000,7,10,11,12,15,18,21,24,44,55,63,54066,0,7,8.336815724465906,2.3657000001549022,62.705311000172514,224.24547774941738
1789569491,50,,Aggregated,160.800000,0.000000,7,10,11,12,15,18,21,24,44,55,63,54222,0,7,8.334920583415808,2.3657000001549022,62.705311000172514,224.24844159197374
1789569492,50,,Aggregated,160.400000,0.000000,7,10,11,12,15,18,21,24,44,55,63,54390,0,7,8.335285017245335,2.3657000001549022,62.705311000172514,224.24122081264937
1789569493,50,,Aggregated,160.600000,0.000000,7,10,11,12,15,18,21,24,44,55,63,54551,0,7,8.333003158951737,2.3657000001549022,62.705311000172514,224.2271452402339
1789569494,50,,Aggregated,159.600000,0.000000,7,10,11,12,15,18,21,24,44,55,63,54712,0,7,8.335656889932276,2.3657000001549022,62.705311000172514,224.22075595847346
1789569495,50,,Aggregated,160.200000,0.000000,7,10,11,12,15,18,21,24,44,55,63,54858,0,7,8.33965081224197,2.3657000001549022,62.705311000172514,224.22268402056218
1789569496,50,,Aggregated,161.200000,0.000000,7,10,11,12,15,18,21,24,43,55,63,55020,0,7,8.341704471355337,2.3657000001549022,62.705311000172514,224.2291530352599
1789569497,50,,Aggregated,160.900000,0.000000,7,10,11,12,15,18,21,24,43,55,63,55187,0,7,8.341113899776715,2.3657000001549022,62.705311000172514,224.23074274738616
1789569498,50,,Aggregated,159.800000,0.000000,7,10,11,12,15,18,21,24,43,55,63,55361,0,7,8.337147867072186,2.3657000001549022,62.705311000172514,224.24031357815068
1789569499,50,,Aggregated,160.400000,0.000000,7,10,11,12,15,18,21,24,43,55,63,55515,0,7,8.3357894409255,2.3657000001549022,62.705311000172514,224.245753399982
1789569500,50,,Aggregated,161.000000,0.000000,7,10,11,12,15,18,21,24,43,55,63,55683,0,7,8.332987792018955,2.3657000001549022,62.705311000172514,224.2389777849613
1789569501,50,,Aggregated,161.500000,0.000000,7,10,11,12,15,18,21,24,43,55,63,55842,0,7,8.337940973442796,2.3657000001549022,62.705311000172514,224.2347337129759
1789569502,50,,Aggregated,160.400000,0.000000,7,10,11,12,15,18,21,24,43,55,63,56000,0,7,8.337478259392679,2.3657000001549022,62.705311000172514,224.23407142857144
1789569503,50,,Aggregated,161.700000,0.000000,7,10,11,12,15,18,21,24,43,55,63,56165,0,7,8.334710169411315,2.3657000001549022,62.705311000172514,224.2319059912757
1789569504,50,,Aggregated,160.800000,0.000000,7,10,11,12,15,18,21,24,43,55,63,56324,0,7,8.334021427863572,2.3657000001549022,62.705311000172514,224.2186812016192
1789569505,50,,Aggregated,161.100000,0.000000,7,10,11,12,15,18,21,24,43,55,63,56481,0,7,8.333851663284818,2.3657000001549022,62.705311000172514,224.21125688284556
1789569506,50,,Aggregated,160.900000,0.000000,7,10,11,12,15,18,21,24,43,55,63,56646,0,7,8.332931543498077,2.3657000001549022,62.705311000172514,224.21477244642165
1789569507,50,,Aggregated,160.400000,0.000000,7,10,11,12,15,18,21,24,43,55,63,56809,0,7,8.332054479202087,2.3657000001549022,62.705311000172514,224.207220686863
1789569508,50,,Aggregated,161.000000,0.000000,7,10,11,12,15,18,21,24,43,55,63,56969,0,7,8.332963077269941,2.3657000001549022,62.705311000172514,224.2152574207025
1789569509,50,,Aggregated,161.800000,0.000000,7,10,11,12,15,18,21,24,43,55,63,57130,0,7,8.331532810379697,2.3657000001549022,62.705311000172514,224.2174164186942
1789569510,50,,Aggregated,161.300000,0.000000,7,10,11,12,15,18,21,24,43,55,63,57300,0,7,8.329874412233629,2.3657000001549022,62.705311000172514,224.20415357766143
1789569511,50,,Aggregated,160.700000,0.000000,7,10,11,12,15,18,21,24,43,55,63,57457,0,7,8.32957506618842,2.3657000001549022,62.705311000172514,224.203299859025
1789569512,50,,Aggregated,161.000000,0.000000,7,10,11,12,15,18,21,24,43,55,63,57622,0,7,8.325605746693903,2.3657000001549022,62.705311000172514,224.20667453403215
1789569513,50,,Aggregated,161.300000,0.000000,7,10,11,12,15,18,21,24,43,55,63,57788,0,7,8.326867930919846,2.3657000001549022,62.705311000172514,224.20320827853533
1789569514,50,,Aggregated,162.400000,0.000000,7,10,11,12,15,18,21,24,43,55,63,57945,0,7,8.32462866761578,2.3657000001549022,62.705311000172514,224.20859435671758
1789569515,50,,Aggregated,161.400000,0.000000,7,10,11,12,15,18,21,24,43,55,63,58108,0,7,8.324405564121898,2.3657000001549022,62.705311000172514,224.21697528739588
1789569516,50,,Aggregated,162.000000,0.000000,7,10,11,12,15,18,21,24,43,55,63,58265,0,7,8.323446332103329,2.3657000001549022,62.705311000172514,224.2113103921737
1789569517,50,,Aggregated,161.600000,0.000000,7,10,11,12,15,18,21,24,43,55,63,58425,0,7,8.323961619683326,2.3657000001549022,62.705311000172514,224.2089858793325
1789569518,50,,Aggregated,162.800000,0.000000,7,10,11,12,15,18,21,24,43,55,63,58592,0,7,8.32489537025516,2.3657000001549022,62.705311000172514,224.20830488803932
1789569519,50,,Aggregated,161.500000,0.000000,7,10,11,12,15,18,21,24,43,55,63,58751,0,7,8.32359161712975,2.3657000001549022,62.705311000172514,224.20130721179214
1789569520,50,,Aggregated,161.300000,0.000000,7,10,11,12,15,18,21,24,43,55,63,58911,0,7,8.323643497105733,2.3657000001549022,62.705311000172514,224.20140551000662
1789569521,50,,Aggregated,161.500000,0.000000,7,10,11,12,15,18,21,24,43,55,63,59069,0,7,8.32611382169987,2.3657000001549022,62.705311000172514,224.19536474292775
1789569522,50,,Aggregated,163.000000,0.000000,7,10,11,12,15,18,21,24,43,55,63,59231,0,7,8.32869340737095,2.3657000001549022,62.705311000172514,224.20306933869088
1789569523,50,,Aggregated,160.500000,0.000000,7,10,11,12,15,18,21,24,43,55,63,59405,0,7,8.327021435165273,2.3657000001549022,62.705311000172514,224.20866930393063
1789569524,50,,Aggregated,160.100000,0.000000,7,10,11,12,15,18,21,24,43,55,63,59578,0,7,8.324248012084903,2.3657000001549022,62.705311000172514,224.21007754540267
1789569525,50,,Aggregated,160.800000,0.000000,7,10,11,12,15,18,21,24,43,55,63,59733,0,7,8.32586117579877,2.3657000001549022,62.705311000172514,224.20871210218806
1789569526,50,,Aggregated,161.600000,0.000000,7,10,11,12,15,18,21,24,43,55,63,59901,0,7,8.324977063287683,2.3657000001549022,62.705311000172514,224.21058079163953
1789569527,50,,Aggregated,163.000000,0.000000,7,10,11,12,15,18,21,24,43,54,63,60060,0,7,8.327435304795129,2.3657000001549022,62.705311000172514,224.2140526140526
1789569529,50,,Aggregated,163.200000,0.000000,7,10,11,12,15,18,21,24,43,54,63,60218,0,7,8.327807630193698,2.3657000001549022,62.705311000172514,224.20463980869508
1789569530,50,,Aggregated,162.800000,0.000000,7,10,11,12,15,18,21,24,43,54,63,60383,0,7,8.32807448907812,2.3657000001549022,62.705311000172514,224.20651507874732
1789569531,50,,Aggregated,162.300000,0.000000,7,10,11,12,15,18,21,24,43,54,63,60552,0,7,8.329098302962766,2.3657000001549022,62.705311000172514,224.20803606817282
1789569532,50,,Aggregated,161.800000,0.000000,7,10,11,12,15,18,21,24,43,54,63,60712,0,7,8.328737563265998,2.3657000001549022,62.705311000172514,224.20004282514165
1789569533,50,,Aggregated,163.500000,0.000000,7,10,11,12,15,18,21,24,43,54,63,60878,0,7,8.327018388054972,2.3657000001549022,62.705311000172514,224.2027333355235
1789569534,50,,Aggregated,164.000000,0.000000,7,10,11,12,15,18,21,24,43,54,63,61034,0,7,8.328215552053155,2.3657000001549022,62.705311000172514,224.2022970803159
1789569535,50,,Aggregated,164.200000,0.000000,7,10,11,12,15,18,21,24,43,54,63,61201,0,7,8.329747481806042,2.3657000001549022,62.705311000172514,224.20159801310436
1789569536,50,,Aggregated,162.300000,0.000000,7,10,11,12,15,18,21,24,43,54,63,61362,0,7,8.331972208435438,2.3657000001549022,62.705311000172514,224.20348098171507
1789569537,50,,Aggregated,162.000000,0.000000,7,10,11,12,15,18,21,24,43,54,63,61531,0,7,8.337529386845961,2.3657000001549022,62.705311000172514,224.20368594692107
1789569538,50,,Aggregated,162.600000,0.000000,7,10,11,12,15,18,21,24,43,54,63,61694,0,7,8.337733919279374,2.3657000001549022,62.705311000172514,224.2113171459137
1789569539,50,,Aggregated,162.700000,0.000000,7,10,11,12,15,18,21,24,43,54,63,61869,0,7,8.33520971535056,2.3657000001549022,62.705311000172514,224.2153744201458
1789569540,50,,Aggregated,163.200000,0.000000,7,10,11,12,15,18,21,24,43,54,63,62040,0,7,8.333841781189891,2.3657000001549022,62.705311000172514,224.2107833655706
1789569541,50,,Aggregated,165.100000,0.000000,7,10,11,12,15,18,21,24,43,54,63,62192,0,7,8.334686304927033,2.3657000001549022,62.705311000172514,224.21930473372782
1789569542,50,,Aggregated,164.600000,0.000000,7,10,11,12,15,18,21,24,43,54,63,62351,0,7,8.337394867973634,2.3657000001549022,62.705311000172514,224.22182483039566
1789569543,50,,Aggregated,163.900000,0.000000,7,10,11,12,15,18,21,24,43,54,63,62513,0,7,8.336654496153038,2.3657000001549022,62.705311000172514,224.22456129125143
1789569544,50,,Aggregated,163.200000,0.000000,7,10,11,12,15,18,21,24,43,54,63,62680,0,7,8.335534967709304,2.3657000001549022,62.705311000172514,224.22835035098916
1789569545,50,,Aggregated,162.300000,0.000000,7,10,11,12,15,18,21,24,43,54,63,62852,0,7,8.33150579539266,2.3657000001549022,62.705311000172514,224.23518742442565
1789569546,50,,Aggregated,163.500000,0.000000,7,10,11,12,15,18,21,24,43,54,63,63005,0,7,8.330641941243167,2.3657000001549022,62.705311000172514,224.2389334179827
1789569547,50,,Aggregated,164.300000,0.000000,7,10,11,12,15,18,21,24,43,54,63,63172,0,7,8.327739285047553,2.3657000001549022,62.705311000172514,224.24232254796428
1789569548,50,,Aggregated,164.000000,0.000000,7,10,11,12,15,18,21,24,43,54,63,63336,0,7,8.329730617121685,2.3657000001549022,62.705311000172514,224.23635846911708
1789569549,50,,Aggregated,163.800000,0.000000,7,10,11,12,15,18,21,24,43,54,63,63493,0,7,8.328387027184343,2.3657000001549022,62.705311000172514,224.2381837367899
1789569550,50,,Aggregated,162.900000,0.000000,7,10,11,12,15,18,21,24,43,54,63,63663,0,7,8.327582744938505,2.3657000001549022,62.705311000172514,224.22909696369948
1789569551,50,,Aggregated,162.100000,0.000000,7,10,11,12,15,18,21,24,43,54,63,63833,0,7,8.326123551595925,2.3657000001549022,62.705311000172514,224.22560431124967
1789569552,50,,Aggregated,162.300000,0.000000,7,10,11,12,15,18,21,24,43,54,63,63997,0,7,8.324741199462894,2.3657000001549022,62.705311000172514,224.22680750660186
1789569553,50,,Aggregated,162.600000,0.000000,7,10,11,12,15,18,21,24,43,54,63,64159,0,7,8.327605455821125,2.3657000001549022,62.705311000172514,224.2310821552705
1789569554,50,,Aggregated,163.900000,0.000000,7,10,11,12,15,18,21,24,43,54,63,64317,0,7,8.330142707682723,2.3657000001549022,62.705311000172514,224.23559867531134
1789569555,50,,Aggregated,165.000000,0.000000,7,10,11,12,15,18,21,24,43,54,63,64475,0,7,8.327775115626602,2.3657000001549022,62.705311000172514,224.24001550988754
1789569556,50,,Aggregated,163.500000,0.000000,7,10,11,12,15,18,21,24,43,54,63,64642,0,7,8.326978352093475,2.3657000001549022,62.705311000172514,224.24015346059838
1789569557,50,,Aggregated,162.000000,0.000000,7,10,11,12,15,18,21,24,43,54,63,64803,0,7,8.329466300927672,2.3657000001549022,62.705311000172514,224.24054441923985
1789569558,50,,Aggregated,162.400000,0.000000,7,10,11,12,15,18,21,24,43,54,63,64964,0,7,8.327967564220351,2.3657000001549022,62.705311000172514,224.244381503602
1789569559,50,,Aggregated,161.500000,0.000000,7,10,11,12,15,18,21,24,43,54,63,65129,0,7,8.327117940318665,2.3657000001549022,62.705311000172514,224.2395706981529
1789569560,50,,Aggregated,163.100000,0.000000,7,10,11,12,15,18,21,24,43,54,63,65286,0,7,8.327634134271044,2.3657000001549022,62.705311000172514,224.23315871702968
1789569561,50,,Aggregated,162.800000,0.000000,7,10,11,12,15,18,21,24,43,54,63,65448,0,7,8.325261820391995,2.3657000001549022,62.705311000172514,224.23432343234325
1789569562,50,,Aggregated,162.400000,0.000000,7,10,11,12,15,18,21,24,43,54,63,65613,0,7,8.324885348803104,2.3657000001549022,62.705311000172514,224.233017847073
1789569563,50,,Aggregated,162.200000,0.000000,7,10,11,12,15,18,21,24,43,54,63,65791,0,7,8.324130158456615,2.3657000001549022,62.705311000172514,224.22449879162804
1789569564,50,,Aggregated,161.500000,0.000000,7,10,11,12,15,18,21,24,43,54,63,65946,0,7,8.323110074712877,2.3657000001549022,62.705311000172514,224.22657932247597
1789569565,50,,Aggregated,162.300000,0.000000,7,10,11,12,15,18,21,24,43,54,63,66108,0,7,8.324544291886147,2.3657000001549022,62.705311000172514,224.22930658921766
1789569566,50,,Aggregated,162.700000,0.000000,7,10,11,12,15,18,21,24,43,54,63,66269,0,7,8.32486756764126,2.3657000001549022,62.705311000172514,224.22615400866167
1789569567,50,,Aggregated,162.000000,0.000000,7,10,11,12,15,18,21,24,43,54,63,66425,0,7,8.323403786225436,2.3657000001549022,62.705311000172514,224.22366578848326
1789569568,50,,Aggregated,162.700000,0.000000,7,10,11,12,15,18,21,24,43,54,63,66590,0,7,8.3235682690048,2.3657000001549022,62.705311000172514,224.2149572007809
1789569569,50,,Aggregated,162.300000,0.000000,7,10,11,12,15,18,21,24,43,54,63,66750,0,7,8.32135340539375,2.3657000001549022,62.705311000172514,224.21901123595507
1789569570,50,,Aggregated,161.800000,0.000000,7,10,11,12,15,18,21,24,43,54,63,66921,0,7,8.319152732341541,2.3657000001549022,62.705311000172514,224.2270886567744
1789569571,50,,Aggregated,161.900000,0.000000,7,10,11,12,15,18,21,24,42,54,63,67080,0,7,8.318613753190638,2.3657000001549022,62.705311000172514,224.2358228980322
1789569572,50,,Aggregated,162.800000,0.000000,7,10,11,12,15,18,21,24,42,54,63,67238,0,7,8.320389379384196,2.3657000001549022,62.705311000172514,224.23177369939617
1789569573,50,,Aggregated,162.100000,0.000000,7,10,11,12,15,18,21,24,42,54,63,67403,0,7,8.320288222720473,2.3657000001549022,62.705311000172514,224.2306128807323
1789569574,50,,Aggregated,162.200000,0.000000,7,10,11,12,15,18,21,24,42,54,63,67573,0,7,8.318677416749544,2.3657000001549022,62.705311000172514,224.24360321430157
1789569575,50,,Aggregated,161.200000,0.000000,7,10,11,12,15,18,21,24,42,54,63,67736,0,7,8.315895371530768,2.3657000001549022,62.705311000172514,224.24244124247076
1789569576,50,,Aggregated,161.400000,0.000000,7,10,11,12,15,18,21,24,42,54,63,67896,0,7,8.316334527748513,2.3657000001549022,62.705311000172514,224.2439024390244
1789569577,50,,Aggregated,163.000000,0.000000,7,10,11,12,15,18,21,24,42,54,63,68044,0,7,8.31905066728894,2.3657000001549022,62.705311000172514,224.24175533478336
1789569578,50,,Aggregated,162.400000,0.000000,7,10,11,12,15,18,21,24,42,54,63,68203,0,7,8.318442438250822,2.3657000001549022,62.705311000172514,224.24300983827692
1789569579,50,,Aggregated,162.000000,0.000000,7,10,11,12,15,18,21,24,42,54,63,68372,0,7,8.3178930461889,2.3657000001549022,62.705311000172514,224.2374948809454
1789569580,50,,Aggregated,161.100000,0.000000,7,10,11,12,15,18,21,24,42,54,63,68531,0,7,8.316161250704445,2.3657000001549022,62.705311000172514,224.23392333396566
1789569581,50,,Aggregated,160.900000,0.000000,7,10,11,12,15,18,21,24,42,54,63,68695,0,7,8.31395600382886,2.3657000001549022,62.705311000172514,224.22972559866074
1789569582,50,,Aggregated,160.300000,0.000000,7,10,11,12,15,18,21,24,42,54,63,68858,0,7,8.31298969440049,2.3657000001549022,62.705311000172514,224.22979174533097
1789569583,50,,Aggregated,161.000000,0.000000,7,10,11,12,15,18,21,24,42,54,63,69019,0,7,8.313665320419503,2.3657000001549022,62.705311000172514,224.2287051391646
1789569584,50,,Aggregated,162.200000,0.000000,7,10,11,12,15,18,21,24,42,54,63,69188,0,7,8.313777674871936,2.3657000001549022,62.705311000172514,224.22673006879805
1789569585,50,,Aggregated,162.000000,0.000000,7,10,11,12,15,18,21,24,42,54,63,69347,0,7,8.315662234199568,2.3657000001549022,62.705311000172514,224.2231819689388
1789569586,50,,Aggregated,161.700000,0.000000,7,10,11,12,15,18,21,24,42,54,63,69511,0,7,8.31519802824066,2.3657000001549022,62.705311000172514,224.22426666283033
1789569587,50,,Aggregated,160.900000,0.000000,7,10,11,12,15,18,21,24,42,54,63,69669,0,7,8.318620025607327,2.3657000001549022,62.705311000172514,224.2251216466434
1789569588,50,,Aggregated,160.800000,0.000000,7,10,11,12,15,18,21,24,42,54,63,69832,0,7,8.319445725155147,2.3657000001549022,62.705311000172514,224.22479665482874
1789569589,50,,Aggregated,161.400000,0.000000,7,10,11,12,15,18,21,24,42,54,63,70001,0,7,8.318758367081156,2.3657000001549022,62.705311000172514,224.22799674290368
1789569590,50,,Aggregated,162.100000,0.000000,7,10,11,12,15,18,21,24,42,54,63,70162,0,7,8.31830218678273,2.3657000001549022,62.705311000172514,224.22771585758673
1789569591,50,,Aggregated,162.600000,0.000000,7,10,11,12,15,18,21,24,42,54,63,70318,0,7,8.317340523437105,2.3657000001549022,62.705311000172514,224.22718222930118
1789569592,50,,Aggregated,162.800000,0.000000,7,10,11,12,15,18,21,24,42,54,63,70482,0,7,8.320478867640556,2.3657000001549022,62.705311000172514,224.22526318776426
1789569593,50,,Aggregated,162.700000,0.000000,7,10,11,12,15,18,21,24,42,54,63,70654,0,7,8.319583068078861,2.3657000001549022,62.705311000172514,224.21981770317322
1789569594,50,,Aggregated,161.800000,0.000000,7,10,11,12,15,18,21,24,42,54,63,70815,0,7,8.318463541820808,2.3657000001549022,62.705311000172514,224.22654804773
1789569595,50,,Aggregated,161.500000,0.000000,7,10,11,12,15,18,21,24,42,54,63,70977,0,7,8.319793600716213,2.3657000001549022,62.705311000172514,224.23038449075054
1789569596,50,,Aggregated,162.700000,0.000000,7,10,11,12,15,18,21,24,42,54,63,71142,0,7,8.318200737131898,2.3657000001549022,62.705311000172514,224.22598465041747
1789569597,50,,Aggregated,162.000000,0.000000,7,10,11,12,15,18,21,24,42,54,63,71303,0,7,8.31583553084761,2.3657000001549022,62.705311000172514,224.22885432590493
1789569598,50,,Aggregated,162.000000,0.000000,7,10,11,12,15,18,21,24,42,54,63,71455,0,7,8.321667727703085,2.3657000001549022,62.705311000172514,224.23059268070813
1789569599,50,,Aggregated,163.100000,0.000000,7,10,11,12,15,18,21,24,42,54,63,71630,0,7,8.322590533519602,2.3657000001549022,62.705311000172514,224.2297221834427
1789569600,50,,Aggregated,162.500000,0.000000,7,10,11,12,15,18,21,24,42,54,63,71793,0,7,8.321696225941327,2.3657000001549022,62.705311000172514,224.2313317454348
1789569601,50,,Aggregated,162.000000,0.000000,7,10,11,12,15,18,21,24,42,54,63,71944,0,7,8.323467707036047,2.3657000001549022,62.705311000172514,224.22745468697877
1789569602,50,,Aggregated,161.200000,0.000000,7,10,11,12,15,18,21,24,42,54,63,72110,0,7,8.324483130786255,2.3657000001549022,62.705311000172514,224.2228817085009
1789569603,50,,Aggregated,161.400000,0.000000,7,10,11,12,15,18,21,24,42,54,63,72280,0,7,8.324524988641324,2.3657000001549022,62.705311000172514,224.22176258992806
1789569604,50,,Aggregated,161.500000,0.000000,7,10,11,12,15,18,21,24,42,54,63,72462,0,7,8.32418361503953,2.3657000001549022,62.705311000172514,224.2282713698214
1789569605,50,,Aggregated,162.500000,0.000000,7,10,11,12,15,18,21,24,42,54,63,72622,0,7,8.324949098193352,2.3657000001549022,62.705311000172514,224.23214728319243
1789569606,50,,Aggregated,162.900000,0.000000,7,10,11,12,15,18,21,24,42,54,63,72789,0,7,8.325761021473006,2.3657000001549022,62.705311000172514,224.23395018478067
1789569607,50,,Aggregated,164.700000,0.000000,7,10,11,12,15,18,21,24,42,54,63,72946,0,7,8.32715398947156,2.3657000001549022,62.705311000172514,224.22966303841199
1789569608,50,,Aggregated,165.200000,0.000000,7,10,11,12,15,18,21,24,42,54,63,73115,0,7,8.326693268946043,2.3657000001549022,62.705311000172514,224.2251795117281
1789569609,50,,Aggregated,164.400000,0.000000,7,10,11,12,15,18,21,24,42,54,63,73280,0,7,8.324240155526585,2.3657000001549022,62.705311000172514,224.21828602620087
1789569610,50,,Aggregated,164.300000,0.000000,7,10,11,12,15,18,21,24,42,54,63,73439,0,7,8.322048341602978,2.3657000001549022,62.705311000172514,224.21461348874575
1789569611,50,,Aggregated,166.100000,0.000000,7,10,11,12,15,18,21,24,42,54,63,73602,0,7,8.320625111504905,2.3657000001549022,62.705311000172514,224.21556479443493
1789569612,50,,Aggregated,165.400000,0.000000,7,10,11,12,15,18,21,24,42,54,63,73758,0,7,8.320041408755362,2.3657000001549022,62.705311000172514,224.21577320426258
1789569613,50,,Aggregated,164.500000,0.000000,7,10,11,12,15,18,21,24,42,54,63,73932,0,7,8.323636696355742,2.3657000001549022,62.705311000172514,224.2131012281556
1789569614,50,,Aggregated,164.800000,0.000000,7,10,11,12,15,18,21,24,42,54,63,74099,0,7,8.322485056221666,2.3657000001549022,62.705311000172514,224.21119043441882
1789569615,50,,Aggregated,164.400000,0.000000,7,10,11,12,15,18,21,24,42,54,63,74260,0,7,8.322685349662894,2.3657000001549022,62.705311000172514,224.21131160786427
1789569616,50,,Aggregated,164.000000,0.000000,7,10,11,12,15,18,21,24,42,54,63,74416,0,7,8.324304916630393,2.3657000001549022,62.705311000172514,224.21401311545904
1789569617,50,,Aggregated,163.600000,0.000000,7,10,11,12,15,18,21,24,42,54,63,74571,0,7,8.328166871129122,2.3657000001549022,62.705311000172514,224.2101487173298
1789569618,50,,Aggregated,161.900000,0.000000,7,10,11,12,15,18,21,24,42,54,63,74738,0,7,8.327054167290703,2.3657000001549022,62.705311000172514,224.2127565629265
1789569619,50,,Aggregated,161.900000,0.000000,7,10,11,12,15,18,21,24,42,54,63,74894,0,7,8.3289675455974,2.3657000001549022,62.705311000172514,224.2196704675942
1789569620,50,,Aggregated,162.900000,0.000000,7,10,11,12,15,18,21,24,42,54,63,75058,0,7,8.329341911881096,2.3657000001549022,62.705311000172514,224.21772495936474
1789569621,50,,Aggregated,159.900000,0.000000,7,10,11,12,15,18,21,24,42,54,63,75219,0,7,8.332236221605854,2.3657000001549022,62.705311000172514,224.21491910288623
1789569622,50,,Aggregated,161.100000,0.000000,7,10,11,12,15,18,21,24,42,54,63,75387,0,7,8.331442117393818,2.3657000001549022,62.705311000172514,224.2133391698834
1789569623,50,,Aggregated,161.700000,0.000000,7,10,11,12,15,18,21,24,42,54,63,75550,0,7,8.331704231581414,2.3657000001549022,62.705311000172514,224.21178027796162
1789569624,50,,Aggregated,162.100000,0.000000,7,10,11,12,15,18,21,24,42,54,63,75706,0,7,8.330003234644261,2.3657000001549022,62.705311000172514,224.21070985126676
1789569625,50,,Aggregated,161.600000,0.000000,7,10,11,12,15,18,21,24,42,54,63,75864,0,7,8.328383570599815,2.3657000001549022,62.705311000172514,224.21137825582622
1789569626,50,,Aggregated,160.600000,0.000000,7,10,11,12,15,18,21,24,42,54,63,76026,0,7,8.330132923525946,2.3657000001549022,62.705311000172514,224.2130718438429
1789569627,50,,Aggregated,160.000000,0.000000,7,10,11,12,15,18,21,24,42,54,63,76192,0,7,8.329933444534701,2.3657000001549022,62.705311000172514,224.2175162746745
1789569628,50,,Aggregated,160.600000,0.000000,7,10,11,12,15,18,21,24,42,54,63,76363,0,7,8.330841774367089,2.3657000001549022,62.705311000172514,224.21617799195946
1789569629,50,,Aggregated,161.600000,0.000000,7,10,11,12,15,18,21,24,42,54,63,76523,0,7,8.331278171752377,2.3657000001549022,62.705311000172514,224.2181435646799
1789569630,50,,Aggregated,161.200000,0.000000,7,10,11,12,15,18,21,24,42,54,63,76683,0,7,8.328987943768526,2.3657000001549022,62.705311000172514,224.21659298671153
1789569631,50,,Aggregated,162.700000,0.000000,7,10,11,12,15,18,21,24,42,54,63,76832,0,7,8.328852713010317,2.3657000001549022,62.705311000172514,224.21694085797586
1789569632,50,,Aggregated,162.600000,0.000000,7,10,11,12,15,18,21,24,42,54,63,76988,0,7,8.329233192744303,2.3657000001549022,62.705311000172514,224.21309814516547
1789569633,50,,Aggregated,161.400000,0.000000,7,10,11,12,15,18,21,24,42,54,63,77163,0,7,8.327655701877944,2.3657000001549022,62.705311000172514,224.20564260072834
1789569634,50,,Aggregated,160.300000,0.000000,7,10,11,12,15,18,21,24,42,54,63,77319,0,7,8.330582020008116,2.3657000001549022,62.705311000172514,224.20410248451222
1789569635,50,,Aggregated,161.100000,0.000000,7,10,11,12,15,18,21,24,42,54,63,77477,0,7,8.33086653615916,2.3657000001549022,62.705311000172514,224.20142752042543
1789569636,50,,Aggregated,160.400000,0.000000,7,10,11,12,15,18,21,24,42,54,63,77640,0,7,8.332790060046456,2.3657000001549022,62.705311000172514,224.19970376094795
1789569637,50,,Aggregated,160.100000,0.000000,7,10,11,12,15,18,21,24,42,54,63,77810,0,7,8.337534721424072,2.3657000001549022,62.705311000172514,224.19739108083795
1789569638,50,,Aggregated,161.800000,0.000000,7,10,11,12,15,18,21,24,42,54,63,77973,0,7,8.341140965860093,2.3657000001549022,62.705311000172514,224.19765816372333
1789569639,50,,Aggregated,160.900000,0.000000,7,10,11,12,15,18,21,24,42,55,68,78124,0,7,8.346235780528524,2.3657000001549022,68.12561799961259,224.1976729302135
1789569640,50,,Aggregated,161.000000,0.000000,7,10,11,12,15,18,21,24,42,55,68,78298,0,7,8.345356050410043,2.3657000001549022,68.12561799961259,224.19603310429386
1789569641,50,,Aggregated,160.300000,0.000000,7,10,11,12,15,18,21,24,42,55,68,78459,0,7,8.345216649001465,2.3657000001549022,68.12561799961259,224.19435628799755
1789569642,50,,Aggregated,160.700000,0.000000,7,10,11,12,15,18,21,24,42,55,68,78617,0,7,8.346343155119174,2.3657000001549022,68.12561799961259,224.20030018952644
1789569643,50,,Aggregated,161.100000,0.000000,7,10,11,12,15,18,21,24,42,55,68,78787,0,7,8.343291922588838,2.3657000001549022,68.12561799961259,224.19870029319557
1789569644,50,,Aggregated,161.500000,0.000000,7,10,11,12,15,18,21,24,42,55,68,78945,0,7,8.342820758680082,2.3657000001549022,68.12561799961259,224.20290075368928
1789569645,50,,Aggregated,161.700000,0.000000,7,10,11,12,15,18,21,24,42,55,68,79102,0,7,8.344591637581798,2.3657000001549022,68.12561799961259,224.20172688427598
1789569646,50,,Aggregated,162.200000,0.000000,7,10,11,12,15,18,21,24,42,55,68,79263,0,7,8.343484591776688,2.3657000001549022,68.12561799961259,224.20079986879125
1789569647,50,,Aggregated,162.800000,0.000000,7,10,11,12,15,18,21,24,42,55,68,79425,0,7,8.34071598093789,2.3657000001549022,68.12561799961259,224.20367642429966
1789569648,50,,Aggregated,161.300000,0.000000,7,10,11,12,15,18,21,24,42,55,68,79590,0,7,8.340647009335344,2.3657000001549022,68.12561799961259,224.2008543786908
1789569649,50,,Aggregated,161.300000,0.000000,7,10,11,12,15,18,21,24,42,55,68,79748,0,7,8.34014829183183,2.3657000001549022,68.12561799961259,224.2004062797813
1789569650,50,,Aggregated,160.700000,0.000000,7,10,11,12,15,18,21,24,42,55,68,79902,0,7,8.340494928061919,2.3657000001549022,68.12561799961259,224.19562714325048
1789569651,50,,Aggregated,160.500000,0.000000,7,10,11,12,15,18,21,24,42,54,68,80067,0,7,8.342856778260753,2.3657000001549022,68.12561799961259,224.19586096644062
1789569652,50,,Aggregated,159.900000,0.000000,7,10,11,12,15,18,21,24,42,54,68,80239,0,7,8.342945869402735,2.3657000001549022,68.12561799961259,224.18972070938074
1789569653,50,,Aggregated,161.200000,0.000000,7,10,11,12,15,18,21,24,42,54,68,80395,0,7,8.342747148815347,2.3657000001549022,68.12561799961259,224.18090677280927
1789569654,50,,Aggregated,161.700000,0.000000,7,10,11,12,15,18,21,24,42,54,68,80556,0,7,8.343141716743784,2.3657000001549022,68.12561799961259,224.18310243805553
1789569655,50,,Aggregated,160.800000,0.000000,7,10,11,12,15,18,21,24,42,54,68,80718,0,7,8.343530855075793,2.3657000001549022,68.12561799961259,224.18489060680395
1789569656,50,,Aggregated,160.600000,0.000000,7,10,11,12,15,18,21,24,42,54,68,80874,0,7,8.344081418812017,2.3657000001549022,68.12561799961259,224.18793431758044
1789569657,50,,Aggregated,160.500000,0.000000,7,10,11,12,15,18,21,24,42,54,68,81040,0,7,8.344046760130764,2.3657000001549022,68.12561799961259,224.1893385982231
1789569658,50,,Aggregated,160.200000,0.000000,7,10,11,12,15,18,21,24,42,54,68,81206,0,7,8.344024246164034,2.3657000001549022,68.12561799961259,224.1817107110312
1789569659,50,,Aggregated,160.600000,0.000000,7,10,11,12,15,18,21,24,42,54,68,81364,0,7,8.34529673375203,2.3657000001549022,68.12561799961259,224.190932107566
1789569660,50,,Aggregated,161.400000,0.000000,7,10,11,12,15,18,21,24,42,54,68,81528,0,7,8.345927598714594,2.3657000001549022,68.12561799961259,224.19300117750956
1789569661,50,,Aggregated,161.900000,0.000000,7,10,11,12,15,18,21,24,42,54,68,81687,0,7,8.346121252475905,2.3657000001549022,68.12561799961259,224.19895454601098
1789569662,50,,Aggregated,161.400000,0.000000,7,10,11,12,15,18,21,24,42,54,68,81846,0,7,8.347134337438513,2.3657000001549022,68.12561799961259,224.20038853456492
1789569663,50,,Aggregated,160.900000,0.000000,7,10,11,12,15,18,21,24,42,54,68,82016,0,7,8.349381255572068,2.3657000001549022,68.12561799961259,224.2028628560281
1789569664,50,,Aggregated,161.000000,0.000000,7,10,11,12,15,18,21,24,42,54,68,82186,0,7,8.347331519285465,2.3657000001549022,68.12561799961259,224.20746842527925
1789569665,50,,Aggregated,161.300000,0.000000,7,10,11,12,15,18,21,24,42,54,68,82348,0,7,8.348628233132546,2.3657000001549022,68.12561799961259,224.20799533686306
1789569666,50,,Aggregated,162.500000,0.000000,7,10,11,12,15,18,21,24,42,54,68,82509,0,7,8.350524030336043,2.3657000001549022,68.12561799961259,224.20407470700167
1789569667,50,,Aggregated,162.700000,0.000000,7,10,11,12,15,18,21,24,42,54,68,82675,0,7,8.350155235234288,2.3657000001549022,68.12561799961259,224.20113698215906
1789569668,50,,Aggregated,162.400000,0.000000,7,10,11,12,15,18,21,24,42,54,68,82831,0,7,8.352710910552648,2.3657000001549022,68.12561799961259,224.19871787132837
1789569669,50,,Aggregated,163.400000,0.000000,7,10,11,12,15,18,21,24,42,54,68,83005,0,7,8.354157171772592,2.3657000001549022,68.12561799961259,224.19566291187277
1789569670,50,,Aggregated,161.800000,0.000000,7,10,11,12,15,18,21,24,42,54,68,83159,0,7,8.355248758330228,2.3657000001549022,68.12561799961259,224.2004593609832
1789569671,50,,Aggregated,162.700000,0.000000,7,10,11,12,15,18,21,24,42,54,68,83319,0,7,8.355351029800925,2.3657000001549022,68.12561799961259,224.19835811759623
1789569672,50,,Aggregated,163.500000,0.000000,7,10,11,12,15,18,21,24,42,54,68,83482,0,7,8.354646413298477,2.3657000001549022,68.12561799961259,224.2003186315613
1789569673,50,,Aggregated,163.300000,0.000000,7,10,11,12,15,18,21,24,42,54,68,83643,0,7,8.355120016474546,2.3657000001549022,68.12561799961259,224.203280609256
1789569674,50,,Aggregated,162.600000,0.000000,7,10,11,12,15,18,21,24,42,54,68,83802,0,7,8.353822450406733,2.3657000001549022,68.12561799961259,224.20411207369753
1789569675,50,,Aggregated,162.700000,0.000000,7,10,11,12,15,18,21,24,42,54,68,83955,0,7,8.354991291406074,2.3657000001549022,68.12561799961259,224.20501459115002
1789569676,50,,Aggregated,160.500000,0.000000,7,10,11,12,15,18,21,24,42,54,68,84123,0,7,8.355456639706166,2.3657000001549022,68.12561799961259,224.2091580186156
1789569677,50,,Aggregated,160.800000,0.000000,7,10,11,12,15,18,21,24,42,54,68,84290,0,7,8.353588053778626,2.3657000001549022,68.12561799961259,224.20657254715863
1789569678,50,,Aggregated,161.500000,0.000000,7,10,11,12,15,18,21,24,43,54,68,84442,0,7,8.356895690225222,2.3657000001549022,68.12561799961259,224.2044124961512
1789569679,50,,Aggregated,160.400000,0.000000,7,10,11,12,15,18,21,24,43,54,68,84607,0,7,8.356245828406609,2.3657000001549022,68.12561799961259,224.200278936731
1789569680,50,,Aggregated,161.600000,0.000000,7,10,11,12,15,18,21,24,43,54,68,84776,0,7,8.353230329951783,2.3657000001549022,68.12561799961259,224.19325044824006
1789569681,50,,Aggregated,160.200000,0.000000,7,10,11,12,15,18,21,24,43,54,68,84937,0,7,8.356167066943696,2.3657000001549022,68.12561799961259,224.19197758338532
1789569682,50,,Aggregated,160.100000,0.000000,7,10,11,12,15,18,21,24,42,54,68,85099,0,7,8.354605741195515,2.3657000001549022,68.12561799961259,224.19192939987545
1789569683,50,,Aggregated,161.500000,0.000000,7,10,11,12,15,18,21,24,42,54,68,85263,0,7,8.35350701222093,2.3657000001549022,68.12561799961259,224.19608740016184
1789569684,50,,Aggregated,161.700000,0.000000,7,10,11,12,15,18,21,24,42,54,68,85425,0,7,8.353938419397114,2.3657000001549022,68.12561799961259,224.20100673105063
1789569685,50,,Aggregated,161.600000,0.000000,7,10,11,12,15,18,21,24,42,54,68,85585,0,7,8.35134586967341,2.3657000001549022,68.12561799961259,224.2004556873284
1789569686,50,,Aggregated,162.700000,0.000000,7,10,11,12,15,18,21,24,42,54,68,85751,0,7,8.351648458058746,2.3657000001549022,68.12561799961259,224.19659245956316
1789569687,50,,Aggregated,162.200000,0.000000,7,10,11,12,15,18,21,24,42,54,68,85919,0,7,8.35049749816685,2.3657000001549022,68.12561799961259,224.1937522550309
1789569688,50,,Aggregated,162.400000,0.000000,7,10,11,12,15,18,21,24,42,54,68,86071,0,7,8.350882764577946,2.3657000001549022,68.12561799961259,224.19353789313473
1789569689,50,,Aggregated,161.900000,0.000000,7,10,11,12,15,18,21,24,42,54,68,86242,0,7,8.347869019677058,2.3657000001549022,68.12561799961259,224.19022054219522
1789569690,50,,Aggregated,162.600000,0.000000,7,10,11,12,15,18,21,24,42,54,68,86408,0,7,8.34653961600764,2.3657000001549022,68.12561799961259,224.1895310619387
1789569691,50,,Aggregated,162.700000,0.000000,7,10,11,12,15,18,21,24,42,54,68,86568,0,7,8.349199554708312,2.3657000001549022,68.12561799961259,224.19324692727105
1789569692,50,,Aggregated,163.700000,0.000000,7,10,11,12,15,18,21,24,42,54,68,86734,0,7,8.351617720040386,2.3657000001549022,68.12561799961259,224.19097470426823
1789569693,50,,Aggregated,161.900000,0.000000,7,10,11,12,15,18,21,24,42,54,68,86893,0,7,8.354249161681405,2.3657000001549022,68.12561799961259,224.18872636460935
1789569694,50,,Aggregated,162.700000,0.000000,7,10,11,12,15,18,21,24,42,54,68,87055,0,7,8.355555697593228,2.3657000001549022,68.12561799961259,224.18682442134283
1789569695,50,,Aggregated,162.200000,0.000000,7,10,11,12,15,18,21,24,42,54,68,87223,0,7,8.35808531360969,2.3657000001549022,68.12561799961259,224.18566203868247
1789569696,50,,Aggregated,162.100000,0.000000,7,10,11,12,15,18,21,24,42,54,68,87383,0,7,8.357626109380265,2.3657000001549022,68.12561799961259,224.1852190929586
1789569697,50,,Aggregated,162.400000,0.000000,7,10,11,12,15,18,21,24,42,54,68,87548,0,7,8.357406014780134,2.3657000001549022,68.12561799961259,224.18602366701694
1789569698,50,,Aggregated,162.700000,0.000000,7,10,11,12,15,18,21,24,42,54,68,87706,0,7,8.356921299545773,2.3657000001549022,68.12561799961259,224.18300914418626
1789569699,50,,Aggregated,162.400000,0.000000,7,10,11,12,15,18,21,24,42,54,68,87871,0,7,8.3560928151149,2.3657000001549022,68.12561799961259,224.1812429584277
1789569700,50,,Aggregated,161.600000,0.000000,7,10,11,12,15,18,21,24,42,54,68,88030,0,7,8.357104099908689,2.3657000001549022,68.12561799961259,224.18115415199364
1789569701,50,,Aggregated,163.900000,0.000000,7,10,11,12,15,18,21,24,42,54,68,88187,0,7,8.358140169899789,2.3657000001549022,68.12561799961259,224.1805935115153
1789569702,50,,Aggregated,161.800000,0.000000,7,10,11,12,15,18,21,24,42,54,68,88349,0,7,8.360140077759269,2.3657000001549022,68.12561799961259,224.1791418125842
1789569703,50,,Aggregated,162.600000,0.000000,7,10,11,12,15,18,21,24,42,54,68,88515,0,7,8.360168624639432,2.3657000001549022,68.12561799961259,224.1846918601367
1789569704,50,,Aggregated,160.700000,0.000000,7,10,11,12,15,18,21,24,42,54,68,88686,0,7,8.359470298806395,2.3657000001549022,68.12561799961259,224.17493178179194
1789569705,50,,Aggregated,160.600000,0.000000,7,10,11,12,15,18,21,24,42,54,68,88846,0,7,8.361841307790513,2.3657000001549022,68.12561799961259,224.17605744771853
1789569706,50,,Aggregated,162.400000,0.000000,7,10,11,12,15,18,21,24,42,54,68,89004,0,7,8.36258218676632,2.3657000001549022,68.12561799961259,224.1742168891286
1789569707,50,,Aggregated,161.900000,0.000000,7,10,11,12,15,18,21,24,42,54,68,89171,0,7,8.362437392256982,2.3657000001549022,68.12561799961259,224.17510177075508
1789569708,50,,Aggregated,161.600000,0.000000,7,10,11,12,15,18,21,24,42,54,68,89342,0,7,8.363034198293658,2.3657000001549022,68.12561799961259,224.17047972957846
1789569709,50,,Aggregated,162.400000,0.000000,7,10,11,12,15,18,21,24,42,54,68,89504,0,7,8.361064669880074,2.3657000001549022,68.12561799961259,224.16896451555237
1789569710,50,,Aggregated,163.500000,0.000000,7,10,11,12,15,18,21,24,42,54,68,89661,0,7,8.36072408684876,2.3657000001549022,68.12561799961259,224.17097734801084
1789569711,50,,Aggregated,161.100000,0.000000,7,10,11,12,15,18,21,24,42,54,68,89816,0,7,8.361524966809272,2.3657000001549022,68.12561799961259,224.1659726552062
1789569712,50,,Aggregated,162.400000,0.000000,7,10,11,12,15,18,21,24,42,54,68,89981,0,7,8.359403498615482,2.3657000001549022,68.12561799961259,224.16457918893988
1789569713,50,,Aggregated,162.100000,0.000000,7,10,11,12,15,18,21,24,42,54,68,90131,0,7,8.358974481209772,2.3657000001549022,68.12561799961259,224.16453828316563
1789569714,50,,Aggregated,161.900000,0.000000,7,10,11,12,15,18,21,24,42,54,68,90300,0,7,8.359365018504151,2.3657000001549022,68.12561799961259,224.16469545957918
1789569715,50,,Aggregated,162.500000,0.000000,7,10,11,12,15,18,21,24,42,54,68,90466,0,7,8.360838667708862,2.3657000001549022,68.12561799961259,224.16412795967545
1789569716,50,,Aggregated,161.100000,0.000000,7,10,11,12,15,18,21,24,42,54,68,90634,0,7,8.360091510591273,2.3657000001549022,68.12561799961259,224.16534633801885
1789569717,50,,Aggregated,162.000000,0.000000,7,10,11,12,15,18,21,24,42,54,68,90788,0,7,8.358965005396445,2.3657000001549022,68.12561799961259,224.16877781204565
1789569718,50,,Aggregated,162.800000,0.000000,7,10,11,12,15,18,21,24,42,54,68,90960,0,7,8.35921907137138,2.3657000001549022,68.12561799961259,224.16437994722955
1789569719,50,,Aggregated,161.800000,0.000000,7,10,11,12,15,18,21,24,42,54,68,91112,0,7,8.35925380561227,2.3657000001549022,68.12561799961259,224.16279963122312
1789569720,50,,Aggregated,162.000000,0.000000,7,10,11,12,15,18,21,24,42,54,68,91275,0,7,8.361197513623202,2.3657000001549022,68.12561799961259,224.1605806628321
1789569721,50,,Aggregated,161.600000,0.000000,7,10,11,12,15,18,21,24,42,54,68,91439,0,7,8.35877781419251,2.3657000001549022,68.12561799961259,224.16028171786655
1789569722,50,,Aggregated,160.700000,0.000000,7,10,11,12,15,18,21,24,42,54,68,91594,0,7,8.357574447616045,2.3657000001549022,68.12561799961259,224.160927571675
1789569723,50,,Aggregated,160.800000,0.000000,7,10,11,12,15,18,21,24,42,54,68,91762,0,7,8.357656099495934,2.3657000001549022,68.12561799961259,224.15972842788955
1789569724,50,,Aggregated,162.600000,0.000000,7,10,11,12,15,18,21,24,42,54,68,91915,0,7,8.357472252101834,2.3657000001549022,68.12561799961259,224.15740629929826
1789569725,50,,Aggregated,161.600000,0.000000,7,10,11,12,15,18,21,24,42,54,68,92077,0,7,8.36009080319655,2.3657000001549022,68.12561799961259,224.15476177547052
1789569726,50,,Aggregated,161.500000,0.000000,7,10,11,12,15,18,21,24,42,54,68,92241,0,7,8.359684358082912,2.3657000001549022,68.12561799961259,224.1587363536822
1789569727,50,,Aggregated,160.100000,0.000000,7,10,11,12,15,18,21,24,42,54,68,92419,0,7,8.358617731342425,2.3657000001549022,68.12561799961259,224.16177409407157
1789569728,50,,Aggregated,159.800000,0.000000,7,10,11,12,15,18,21,24,42,54,68,92570,0,7,8.360664419487316,2.3657000001549022,68.12561799961259,224.16107810305715
1789569729,50,,Aggregated,161.200000,0.000000,7,10,11,12,15,18,21,24,42,54,68,92743,0,7,8.35766408156867,2.3657000001549022,68.12561799961259,224.1651014092708
1789569730,50,,Aggregated,160.700000,0.000000,7,10,11,12,15,18,21,24,42,54,68,92903,0,7,8.357738402386682,2.3657000001549022,68.12561799961259,224.16619484839026
1789569731,50,,Aggregated,161.300000,0.000000,7,10,11,12,15,18,21,24,42,54,68,93070,0,7,8.355562752164394,2.3657000001549022,68.12561799961259,224.16787364349415
1789569732,50,,Aggregated,162.800000,0.000000,7,10,11,12,15,18,21,24,42,54,68,93225,0,7,8.357036890039614,2.3657000001549022,68.12561799961259,224.17082327701797
1789569733,50,,Aggregated,162.400000,0.000000,7,10,11,12,15,18,21,24,42,54,68,93390,0,7,8.355409472769557,2.3657000001549022,68.12561799961259,224.1684762822572
1789569734,50,,Aggregated,162.800000,0.000000,7,10,11,12,15,18,21,24,42,54,68,93550,0,7,8.35621159555261,2.3657000001549022,68.12561799961259,224.17051843933726
1789569735,50,,Aggregated,163.300000,0.000000,7,10,11,12,15,18,21,24,42,54,68,93713,0,7,8.355790535047783,2.3657000001549022,68.12561799961259,224.17362585767182
1789569736,50,,Aggregated,162.700000,0.000000,7,10,11,12,15,18,21,24,42,54,68,93873,0,7,8.35708006254139,2.3657000001549022,68.12561799961259,224.1713911348311
1789569737,50,,Aggregated,164.400000,0.000000,7,10,11,12,15,18,21,24,42,54,68,94037,0,7,8.357440921860094,2.3657000001549022,68.12561799961259,224.16941203994173
1789569738,50,,Aggregated,162.400000,0.000000,7,10,11,12,15,18,21,24,42,54,68,94195,0,7,8.358764285959445,2.3657000001549022,68.12561799961259,224.16815117575243
1789569739,50,,Aggregated,162.400000,0.000000,7,10,11,12,15,18,21,24,42,54,68,94353,0,7,8.357194470456035,2.3657000001549022,68.12561799961259,224.16552732822487
1789569740,50,,Aggregated,162.400000,0.000000,7,10,11,12,15,18,21,24,42,54,68,94508,0,7,8.357384467610546,2.3657000001549022,68.12561799961259,224.16754137215898
1789569741,50,,Aggregated,161.100000,0.000000,7,10,11,12,15,18,21,24,42,54,68,94668,0,7,8.356182312427869,2.3657000001549022,68.12561799961259,224.16296953564034
1789569742,50,,Aggregated,160.300000,0.000000,7,10,11,12,15,18,21,24,42,54,68,94835,0,7,8.355780546780343,2.3657000001549022,68.12561799961259,224.1636210259925
1789569743,50,,Aggregated,160.400000,0.000000,7,10,11,12,15,18,21,24,42,54,68,94997,0,7,8.356580529331637,2.3657000001549022,68.12561799961259,224.16172089644937
1789569744,50,,Aggregated,159.500000,0.000000,7,10,11,12,15,18,21,24,42,54,68,95158,0,7,8.35575706408218,2.3657000001549022,68.12561799961259,224.16317072658106
1789569745,50,,Aggregated,159.500000,0.000000,7,10,11,12,15,18,21,24,42,54,68,95306,0,7,8.354308156914817,2.3657000001549022,68.12561799961259,224.16363083121735
1789569746,50,,Aggregated,160.500000,0.000000,7,10,11,12,15,18,21,24,42,54,68,95469,0,7,8.354894250604106,2.3657000001549022,68.12561799961259,224.17345944756937
1789569747,50,,Aggregated,158.500000,0.000000,7,10,11,12,15,18,21,24,42,54,68,95631,0,7,8.35571452575977,2.3657000001549022,68.12561799961259,224.17256956426263
1789569748,50,,Aggregated,159.100000,0.000000,7,10,11,12,15,18,21,24,42,54,68,95797,0,7,8.355530255602199,2.3657000001549022,68.12561799961259,224.16992181383551
1789569749,50,,Aggregated,159.200000,0.000000,7,10,11,12,15,18,21,24,42,54,68,95957,0,7,8.355633528986159,2.3657000001549022,68.12561799961259,224.1698885959336
1789569750,50,,Aggregated,159.100000,0.000000,7,10,11,12,15,18,21,24,42,54,68,96116,0,7,8.355107804506268,2.3657000001549022,68.12561799961259,224.16980523534062
1789569751,50,,Aggregated,160.400000,0.000000,7,10,11,12,15,18,21,24,42,54,68,96271,0,7,8.355167966520694,2.3657000001549022,68.12561799961259,224.17027973117553
1789569752,50,,Aggregated,160.000000,0.000000,7,10,11,12,15,18,21,24,42,54,68,96439,0,7,8.354096529961074,2.3657000001549022,68.12561799961259,224.1696823899045
1789569753,50,,Aggregated,160.200000,0.000000,7,10,11,12,15,18,21,24,42,54,68,96603,0,7,8.354229595860733,2.3657000001549022,68.12561799961259,224.16970487458983
1789569754,50,,Aggregated,159.700000,0.000000,7,10,11,12,15,18,21,24,42,54,68,96770,0,7,8.353150697632891,2.3657000001549022,68.12561799961259,224.1694223416348
1789569755,50,,Aggregated,160.200000,0.000000,7,10,11,12,15,18,21,24,42,54,68,96927,0,7,8.354315963590462,2.3657000001549022,68.12561799961259,224.1675178226913
1789569756,50,,Aggregated,159.700000,0.000000,7,10,11,12,15,18,21,24,42,54,68,97082,0,7,8.35427266030719,2.3657000001549022,68.12561799961259,224.16759028450176
1789569757,50,,Aggregated,161.300000,0.000000,7,10,11,12,15,18,21,24,42,54,68,97240,0,7,8.353514710704937,2.3657000001549022,68.12561799961259,224.16453105717812
1789569758,50,,Aggregated,161.600000,0.000000,7,10,11,12,15,18,21,24,42,54,68,97402,0,7,8.354575071209565,2.3657000001549022,68.12561799961259,224.16328206813003
1789569759,50,,Aggregated,160.800000,0.000000,7,10,11,12,15,18,21,24,42,54,68,97562,0,7,8.356606266650525,2.3657000001549022,68.12561799961259,224.16486951887006
1789569760,50,,Aggregated,159.500000,0.000000,7,10,11,12,15,18,21,24,42,54,68,97728,0,7,8.35500402245986,2.3657000001549022,68.12561799961259,224.16490667976424
1789569761,50,,Aggregated,160.200000,0.000000,7,10,11,12,15,18,21,24,42,54,68,97886,0,7,8.354341543264288,2.3657000001549022,68.12561799961259,224.16786874527511
1789569762,50,,Aggregated,160.300000,0.000000,7,10,11,12,15,18,21,24,42,54,68,98043,0,7,8.355155105555248,2.3657000001549022,68.12561799961259,224.17175117040483
1789569763,50,,Aggregated,161.100000,0.000000,7,10,11,12,15,18,21,24,42,54,68,98218,0,7,8.35313589213736,2.3657000001549022,68.12561799961259,224.16883870573622
1789569764,50,,Aggregated,160.700000,0.000000,7,10,11,12,15,18,21,24,42,54,68,98373,0,7,8.352168521260387,2.3657000001549022,68.12561799961259,224.17024996696247
1789569765,50,,Aggregated,160.800000,0.000000,7,10,11,12,15,18,21,24,42,54,68,98544,0,7,8.350771682577715,2.3657000001549022,68.12561799961259,224.1660983925962
1789569766,50,,Aggregated,161.100000,0.000000,7,10,11,12,15,18,21,24,42,54,68,98712,0,7,8.349372161377826,2.3657000001549022,68.12561799961259,224.16863197990114
1789569767,50,,Aggregated,160.100000,0.000000,7,10,11,12,15,18,21,24,42,54,68,98879,0,7,8.348457696507047,2.3657000001549022,68.12561799961259,224.17095642148485
1789569768,50,,Aggregated,161.600000,0.000000,7,10,11,12,15,18,21,24,41,54,68,99035,0,7,8.348705732932132,2.3657000001549022,68.12561799961259,224.16658757005098
1789569769,50,,Aggregated,162.200000,0.000000,7,10,11,12,15,18,21,24,41,54,68,99197,0,7,8.348388577637795,2.3657000001549022,68.12561799961259,224.16797887032874
1789569770,50,,Aggregated,164.100000,0.000000,7,10,11,12,15,18,21,24,41,54,68,99359,0,7,8.349192987378395,2.3657000001549022,68.12561799961259,224.17037208506528
1789569771,50,,Aggregated,163.000000,0.000000,7,10,11,12,15,18,21,24,41,54,68,99513,0,7,8.348814714629682,2.3657000001549022,68.12561799961259,224.1686211851718
1789569772,50,,Aggregated,163.600000,0.000000,7,10,11,12,15,18,21,24,41,54,68,99683,0,7,8.347310586679178,2.3657000001549022,68.12561799961259,224.1669391972553
1789569773,50,,Aggregated,162.800000,0.000000,7,10,11,12,15,18,21,24,41,54,68,99845,0,7,8.345973193960107,2.3657000001549022,68.12561799961259,224.16704892583505
1789569774,50,,Aggregated,162.300000,0.000000,7,10,11,12,15,18,21,24,41,53,68,100015,0,7,8.344313621706197,2.3657000001549022,68.12561799961259,224.16682497625357
1789569775,50,,Aggregated,162.500000,0.000000,7,10,11,12,15,18,21,24,41,53,68,100180,0,7,8.345242032191676,2.3657000001549022,68.12561799961259,224.1669894190457
1789569776,50,,Aggregated,162.500000,0.000000,7,10,11,12,15,18,21,24,41,53,68,100338,0,7,8.344335770734522,2.3657000001549022,68.12561799961259,224.1656600689669
1789569777,50,,Aggregated,164.300000,0.000000,7,10,11,12,15,18,21,24,41,53,68,100498,0,7,8.344416156131963,2.3657000001549022,68.12561799961259,224.16433162849012
1789569778,50,,Aggregated,162.900000,0.000000,7,10,11,12,15,18,21,24,41,53,68,100654,0,7,8.343316591659978,2.3657000001549022,68.12561799961259,224.16508037435173
1789569779,50,,Aggregated,163.000000,0.000000,7,10,11,12,15,18,21,24,41,53,68,100820,0,7,8.345335818864626,2.3657000001549022,68.12561799961259,224.16214044832375
1789569780,50,,Aggregated,161.300000,0.000000,7,10,11,12,15,18,21,24,41,53,68,100989,0,7,8.344769519204414,2.3657000001549022,68.12561799961259,224.15864104011328
1789569781,50,,Aggregated,161.200000,0.000000,7,10,11,12,15,18,21,24,41,53,68,101149,0,7,8.345164067652064,2.3657000001549022,68.12561799961259,224.15698622823754
1789569782,50,,Aggregated,161.900000,0.000000,7,10,11,12,15,18,21,24,41,53,68,101312,0,7,8.345658106561425,2.3657000001549022,68.12561799961259,224.15919140871762
1789569783,50,,Aggregated,162.000000,0.000000,7,10,11,12,15,18,21,24,41,53,68,101473,0,7,8.344717949197715,2.3657000001549022,68.12561799961259,224.16028894385698
1789569784,50,,Aggregated,162.900000,0.000000,7,10,11,12,15,18,21,24,41,53,68,101632,0,7,8.343597275237501,2.3657000001549022,68.12561799961259,224.16197654282115
1789569785,50,,Aggregated,162.700000,0.000000,7,10,11,12,15,18,21,24,41,53,68,101792,0,7,8.344147893193366,2.3657000001549022,68.12561799961259,224.16206578120088
1789569786,50,,Aggregated,162.400000,0.000000,7,10,11,12,15,18,21,24,41,53,68,101949,0,7,8.341079024678372,2.3657000001549022,68.12561799961259,224.16330714376795
1789569787,50,,Aggregated,160.900000,0.000000,7,10,11,12,15,18,21,24,41,53,68,102100,0,7,8.341209667668233,2.3657000001549022,68.12561799961259,224.1590891283056
1789569788,50,,Aggregated,160.600000,0.000000,7,10,11,12,15,18,21,24,41,53,68,102272,0,7,8.341063088830982,2.3657000001549022,68.12561799961259,224.16013180538172
1789569789,50,,Aggregated,159.300000,0.000000,7,10,11,12,15,18,21,24,41,53,68,102436,0,7,8.339679495928191,2.3657000001549022,68.12561799961259,224.16044164161036
1789569790,50,,Aggregated,160.300000,0.000000,7,10,11,12,15,18,21,24,41,53,68,102596,0,7,8.338750694967622,2.3657000001549022,68.12561799961259,224.15735506257553
1789569791,50,,Aggregated,161.000000,0.000000,7,10,11,12,15,18,21,24,41,53,68,102758,0,7,8.341130487036493,2.3657000001549022,68.12561799961259,224.1570485996224
1789569792,50,,Aggregated,160.400000,0.000000,7,10,11,12,15,18,21,24,41,53,68,102920,0,7,8.341356135716019,2.3657000001549022,68.12561799961259,224.1517683637777
1789569793,50,,Aggregated,160.600000,0.000000,7,10,11,12,15,18,21,24,41,53,68,103079,0,7,8.341412753906178,2.3657000001549022,68.12561799961259,224.15233946778685
1789569794,50,,Aggregated,160.800000,0.000000,7,10,11,12,15,18,21,24,41,53,68,103242,0,7,8.339758003069408,2.3657000001549022,68.12561799961259,224.15251544913892
1789569795,50,,Aggregated,160.200000,0.000000,7,10,11,12,15,18,21,24,41,53,68,103402,0,7,8.340018502639351,2.3657000001549022,68.12561799961259,224.15168952244636
1789569796,50,,Aggregated,160.500000,0.000000,7,10,11,12,15,18,21,24,41,53,68,103560,0,7,8.339691083911925,2.3657000001549022,68.12561799961259,224.1540942448822
1789569797,50,,Aggregated,159.900000,0.000000,7,10,11,12,15,18,21,24,41,53,68,103725,0,7,8.338612757531141,2.3657000001549022,68.12561799961259,224.15199807182452
1789569798,50,,Aggregated,160.000000,0.000000,7,10,11,12,15,18,21,24,41,53,68,103885,0,7,8.33889946431071,2.3657000001549022,68.12561799961259,224.15488280309958
1789569799,50,,Aggregated,161.200000,0.000000,7,10,11,12,15,18,21,24,41,53,68,104053,0,7,8.337572263566857,2.3657000001549022,68.12561799961259,224.1556802783197
1789569800,50,,Aggregated,161.200000,0.000000,7,10,11,12,15,18,21,24,41,53,68,104209,0,7,8.337418866824546,2.3657000001549022,68.12561799961259,224.1550537861413
1789569801,50,,Aggregated,161.400000,0.000000,7,10,11,12,15,18,21,24,41,53,68,104369,0,7,8.339081420497616,2.3657000001549022,68.12561799961259,224.16039245369794
1789569802,50,,Aggregated,160.900000,0.000000,7,10,11,12,15,18,21,24,41,53,68,104529,0,7,8.33819367603168,2.3657000001549022,68.12561799961259,224.1596973088808
1789569803,50,,Aggregated,161.300000,0.000000,7,10,11,12,15,18,21,24,41,53,68,104692,0,7,8.33713192455889,2.3657000001549022,68.12561799961259,224.1634986436404
1789569804,50,,Aggregated,160.400000,0.000000,7,10,11,12,15,18,21,24,41,53,68,104847,0,7,8.335951422204984,2.3657000001549022,68.12561799961259,224.161540148979
1789569805,50,,Aggregated,160.700000,0.000000,7,10,11,12,15,18,21,24,41,53,68,105008,0,7,8.33745430541409,2.3657000001549022,68.12561799961259,224.16096868809996
1789569806,50,,Aggregated,160.000000,0.000000,7,10,11,12,15,18,21,24,41,53,68,105167,0,7,8.336963216531,2.3657000001549022,68.12561799961259,224.16101058316772
1789569807,50,,Aggregated,160.300000,0.000000,7,10,11,12,15,18,21,24,41,53,68,105334,0,7,8.336183310373855,2.3657000001549022,68.12561799961259,224.15940721894165
1789569808,50,,Aggregated,161.500000,0.000000,7,10,11,12,15,18,21,24,41,53,68,105496,0,7,8.335280783024148,2.3649209997529397,68.12561799961259,224.15587320846288
1789569809,50,,Aggregated,160.600000,0.000000,7,10,11,12,15,18,21,24,41,53,68,105650,0,7,8.337172157358571,2.3649209997529397,68.12561799961259,224.15613819214389
1789569810,50,,Aggregated,160.200000,0.000000,7,10,11,12,15,18,21,24,41,53,68,105812,0,7,8.337979883216741,2.3649209997529397,68.12561799961259,224.15662684761654
1789569811,50,,Aggregated,160.200000,0.000000,7,10,11,12,15,18,21,24,41,53,68,105982,0,7,8.338877280867774,2.3649209997529397,68.12561799961259,224.15603593062974
1789569812,50,,Aggregated,159.700000,0.000000,7,10,11,12,15,18,21,24,41,53,68,106147,0,7,8.33928213225929,2.3649209997529397,68.12561799961259,224.15199675921127
1789569813,50,,Aggregated,159.100000,0.000000,7,10,11,12,15,18,21,24,41,53,68,106308,0,7,8.341168751175044,2.3649209997529397,68.12561799961259,224.14874703691163
1789569814,50,,Aggregated,160.300000,0.000000,7,10,11,12,15,18,21,24,41,53,68,106466,0,7,8.34036483227422,2.3649209997529397,68.12561799961259,224.15200157796855
1789569815,50,,Aggregated,160.400000,0.000000,7,10,11,12,15,18,21,24,41,53,68,106631,0,7,8.339992420308466,2.3649209997529397,68.12561799961259,224.15351070514203
1789569816,50,,Aggregated,161.300000,0.000000,7,10,11,12,15,18,21,24,41,53,68,106782,0,7,8.340211681050288,2.3649209997529397,68.12561799961259,224.1520012736229
1789569817,50,,Aggregated,161.600000,0.000000,7,10,11,12,15,18,21,24,41,53,68,106950,0,7,8.34169495389365,2.3649209997529397,68.12561799961259,224.150201028518
1789569818,50,,Aggregated,160.700000,0.000000,7,10,11,12,15,18,21,24,41,53,68,107117,0,7,8.342647015440358,2.3649209997529397,68.12561799961259,224.1546346518293
1789569819,50,,Aggregated,160.500000,0.000000,7,10,11,12,15,18,21,24,41,53,68,107285,0,7,8.343129081567263,2.3649209997529397,68.12561799961259,224.15118609311648
1789569820,50,,Aggregated,161.000000,0.000000,7,10,11,12,15,18,21,24,41,53,68,107454,0,7,8.341134454035586,2.3649209997529397,68.12561799961259,224.14969196121132
1789569821,50,,Aggregated,161.200000,0.000000,7,10,11,12,15,18,21,24,41,53,68,107616,0,7,8.34064008459643,2.3649209997529397,68.12561799961259,224.1496989295272
1789569822,50,,Aggregated,163.200000,0.000000,7,10,11,12,15,18,21,24,41,53,68,107782,0,7,8.340004363854153,2.3649209997529397,68.12561799961259,224.14705609470968
1789569823,50,,Aggregated,164.000000,0.000000,7,10,11,12,15,18,21,24,41,53,68,107933,0,7,8.340643727728526,2.3649209997529397,68.12561799961259,224.14735993625675
1789569824,50,,Aggregated,162.900000,0.000000,7,10,11,12,15,18,21,24,41,53,68,108090,0,7,8.341498291719077,2.3649209997529397,68.12561799961259,224.15105005088353
1789569825,50,,Aggregated,162.300000,0.000000,7,10,11,12,15,18,21,24,41,53,68,108254,0,7,8.34141985775032,2.3649209997529397,68.12561799961259,224.1522715095978
1789569826,50,,Aggregated,161.400000,0.000000,7,10,11,12,15,18,21,24,41,53,68,108417,0,7,8.341239352683703,2.3649209997529397,68.12561799961259,224.1491186806497
1789569827,50,,Aggregated,162.000000,0.000000,7,10,11,12,15,18,21,24,41,53,68,108577,0,7,8.340119760685036,2.3649209997529397,68.12561799961259,224.14848448566454
1789569828,50,,Aggregated,162.100000,0.000000,7,10,11,12,15,18,21,24,41,53,68,108736,0,7,8.339592775556302,2.3649209997529397,68.12561799961259,224.15007909064155
1789569829,50,,Aggregated,163.700000,0.000000,7,10,11,12,15,18,21,24,41,53,68,108902,0,7,8.338315239269164,2.3649209997529397,68.12561799961259,224.15207250555545
1789569830,50,,Aggregated,162.300000,0.000000,7,10,11,12,15,18,21,24,41,53,68,109073,0,7,8.340176707726835,2.3649209997529397,68.12561799961259,224.15541884792754
1789569831,50,,Aggregated,162.200000,0.000000,7,10,11,12,15,18,21,24,41,53,68,109238,0,7,8.339180627125083,2.3649209997529397,68.12561799961259,224.15603544554094
1789569832,50,,Aggregated,161.400000,0.000000,7,10,11,12,15,18,21,24,41,53,68,109395,0,7,8.341778859069137,2.3649209997529397,68.12561799961259,224.1564422505599
1789569833,50,,Aggregated,161.000000,0.000000,7,10,11,12,15,18,21,24,41,53,68,109561,0,7,8.341259530926763,2.3649209997529397,68.12561799961259,224.15655205775778
1789569834,50,,Aggregated,161.800000,0.000000,7,10,11,12,15,18,21,24,41,53,68,109726,0,7,8.344501214587806,2.3649209997529397,68.12561799961259,224.15924211217032
1789569835,50,,Aggregated,162.300000,0.000000,7,10,11,12,15,18,21,24,41,53,68,109887,0,7,8.343960497336898,2.3649209997529397,68.12561799961259,224.16234859446521
1789569836,50,,Aggregated,163.400000,0.000000,7,10,11,12,15,18,21,24,41,52,68,110050,0,7,8.345110765705204,2.3649209997529397,68.12561799961259,224.16509768287142
1789569837,50,,Aggregated,163.400000,0.000000,7,10,11,12,15,18,21,24,41,52,68,110209,0,7,8.346720550815755,2.3649209997529397,68.12561799961259,224.16295402371858
1789569838,50,,Aggregated,162.500000,0.000000,7,10,11,12,15,18,21,24,41,52,68,110371,0,7,8.345239847920684,2.3649209997529397,68.12561799961259,224.16671951871416
1789569839,50,,Aggregated,162.100000,0.000000,7,10,11,12,15,18,21,24,41,52,68,110529,0,7,8.344735489544362,2.3649209997529397,68.12561799961259,224.16766640429208
1789569840,50,,Aggregated,162.900000,0.000000,7,10,11,12,15,18,21,24,41,52,68,110686,0,7,8.345754770177214,2.3649209997529397,68.12561799961259,224.16912708020888
1789569841,50,,Aggregated,162.100000,0.000000,7,10,11,12,15,18,21,24,41,52,68,110840,0,7,8.346013687313658,2.3649209997529397,68.12561799961259,224.16968603392277
1789569842,50,,Aggregated,161.900000,0.000000,7,10,11,12,15,18,21,24,41,52,68,110999,0,7,8.34615972428442,2.3649209997529397,68.12561799961259,224.16831683168317
1789569843,50,,Aggregated,161.400000,0.000000,7,10,11,12,15,18,21,24,41,52,68,111154,0,7,8.347123364735731,2.3649209997529397,68.12561799961259,224.16877485290678
1789569844,50,,Aggregated,160.300000,0.000000,7,10,11,12,15,18,21,24,41,52,68,111323,0,7,8.346112773845785,2.3649209997529397,68.12561799961259,224.16930912749388
1789569845,50,,Aggregated,160.300000,0.000000,7,10,11,12,15,18,21,24,41,52,68,111485,0,7,8.345764298953444,2.3649209997529397,68.12561799961259,224.16891061577792
1789569846,50,,Aggregated,158.600000,0.000000,7,10,11,12,15,18,21,24,41,52,68,111639,0,7,8.345476324159234,2.3649209997529397,68.12561799961259,224.16833722982113
1789569847,50,,Aggregated,159.200000,0.000000,7,10,11,12,15,18,21,24,41,52,68,111809,0,7,8.345104920165843,2.3649209997529397,68.12561799961259,224.1689488323838
1789569848,50,,Aggregated,160.000000,0.000000,7,10,11,12,15,18,21,24,41,52,68,111963,0,7,8.345498052881934,2.3649209997529397,68.12561799961259,224.16803765529684
1789569849,50,,Aggregated,159.700000,0.000000,7,10,11,12,15,18,21,24,41,52,68,112118,0,7,8.344074207708001,2.3649209997529397,68.12561799961259,224.16808184234466
1789569850,50,,Aggregated,160.100000,0.000000,7,10,11,12,15,18,21,24,41,52,68,112286,0,7,8.34531845200485,2.3649209997529397,68.12561799961259,224.1681598774558
1789569851,50,,Aggregated,159.200000,0.000000,7,10,11,12,15,18,21,24,41,52,68,112454,0,7,8.343159541046187,2.3649209997529397,68.12561799961259,224.1708520817401
1789569852,50,,Aggregated,158.700000,0.000000,7,10,11,12,15,18,21,24,41,52,68,112615,0,7,8.344985570925717,2.3649209997529397,68.12561799961259,224.172410424899
1789569853,50,,Aggregated,159.500000,0.000000,7,10,11,12,15,18,21,24,41,52,68,112779,0,7,8.345039878583721,2.3649209997529397,68.12561799961259,224.17560006738844
1789569854,50,,Aggregated,160.500000,0.000000,7,10,11,12,15,18,21,24,41,52,68,112942,0,7,8.345668423241985,2.3649209997529397,68.12561799961259,224.17532007579112
1789569855,50,,Aggregated,160.700000,0.000000,7,10,11,12,15,18,21,24,41,52,68,113098,0,7,8.346060151185759,2.3649209997529397,68.12561799961259,224.17513130205663
1789569856,50,,Aggregated,161.900000,0.000000,7,10,11,12,15,18,21,24,41,52,68,113262,0,7,8.345122194838472,2.3649209997529397,68.12561799961259,224.17942469672087
1789569857,50,,Aggregated,161.100000,0.000000,7,10,11,12,15,18,21,24,41,52,68,113427,0,7,8.346899998552322,2.3649209997529397,68.12561799961259,224.17868761406015
1789569858,50,,Aggregated,161.200000,0.000000,7,10,11,12,15,18,21,24,41,52,68,113595,0,7,8.347912205570765,2.3649209997529397,68.12561799961259,224.1786522294115
1789569859,50,,Aggregated,160.900000,0.000000,7,10,11,12,15,18,21,24,41,52,68,113750,0,7,8.34862482376995,2.3649209997529397,68.12561799961259,224.17716043956045
1789569860,50,,Aggregated,161.200000,0.000000,7,10,11,12,15,18,21,24,41,52,68,113912,0,7,8.34792630041453,2.3649209997529397,68.12561799961259,224.17317754055762
1789569861,50,,Aggregated,162.500000,0.000000,7,10,11,12,15,18,21,24,41,52,68,114073,0,7,8.346282957271423,2.3649209997529397,68.12561799961259,224.17823674313817
1789569862,50,,Aggregated,162.000000,0.000000,7,10,11,12,15,18,21,24,41,52,68,114231,0,7,8.347441589111876,2.3649209997529397,68.12561799961259,224.17683465959328
1789569863,50,,Aggregated,161.700000,0.000000,7,10,11,12,15,18,21,24,41,52,68,114393,0,7,8.348015511769349,2.3649209997529397,68.12561799961259,224.17571879398216
1789569864,50,,Aggregated,161.600000,0.000000,7,10,11,12,15,18,21,24,41,52,68,114550,0,7,8.34800221019495,2.3649209997529397,68.12561799961259,224.1753644696639
1789569865,50,,Aggregated,161.300000,0.000000,7,10,11,12,15,18,21,24,41,52,68,114722,0,7,8.348528010563099,2.3649209997529397,68.12561799961259,224.17189379543592
1789569866,50,,Aggregated,161.400000,0.000000,7,10,11,12,15,18,21,24,41,52,68,114882,0,7,8.34930031845544,2.3649209997529397,68.12561799961259,224.17483156630283
1789569867,50,,Aggregated,160.900000,0.000000,7,10,11,12,15,18,21,24,41,52,68,115047,0,7,8.347635029985945,2.3649209997529397,68.12561799961259,224.1773275270107
1789569868,50,,Aggregated,161.600000,0.000000,7,10,11,12,15,18,21,24,41,52,68,115205,0,7,8.346809178419216,2.3649209997529397,68.12561799961259,224.17237967102122
1789569869,50,,Aggregated,161.400000,0.000000,7,10,11,12,15,18,21,24,41,52,68,115367,0,7,8.3450972538404,2.3649209997529397,68.12561799961259,224.1707247306422
1789569871,50,,Aggregated,161.100000,0.000000,7,10,11,12,15,18,21,24,41,52,68,115534,0,7,8.34625917898465,2.3649209997529397,68.12561799961259,224.1707895511278
1789569872,50,,Aggregated,160.900000,0.000000,7,10,11,12,15,18,21,24,41,52,68,115700,0,7,8.344465383585204,2.3649209997529397,68.12561799961259,224.17069144338808
1789569873,50,,Aggregated,161.900000,0.000000,7,10,11,12,15,18,21,24,41,52,68,115851,0,7,8.343863221446647,2.3649209997529397,68.12561799961259,224.17034811956736
1789569874,50,,Aggregated,162.500000,0.000000,7,10,11,12,15,18,21,24,41,52,68,116008,0,7,8.343173267885007,2.3649209997529397,68.12561799961259,224.17223812150885
1789569875,50,,Aggregated,161.400000,0.000000,7,10,11,12,15,18,21,24,41,52,68,116171,0,7,8.34275804923623,2.3649209997529397,68.12561799961259,224.16808842137883
1789569876,50,,Aggregated,161.000000,0.000000,7,10,11,12,15,18,21,24,41,52,68,116331,0,7,8.343436489653074,2.3649209997529397,68.12561799961259,224.16737584994542
1789569877,50,,Aggregated,161.200000,0.000000,7,10,11,12,15,18,21,24,41,52,68,116500,0,7,8.342929224573732,2.3649209997529397,68.12561799961259,224.16704721030044
1789569878,50,,Aggregated,160.200000,0.000000,7,10,11,12,15,18,21,24,41,52,68,116655,0,7,8.346647564166561,2.3649209997529397,68.12561799961259,224.16822253653936
1789569879,50,,Aggregated,161.200000,0.000000,7,10,11,12,15,18,21,24,41,52,68,116819,0,7,8.346016913471514,2.3649209997529397,68.12561799961259,224.17022915792808
1789569880,50,,Aggregated,160.500000,0.000000,7,10,11,12,15,18,21,24,41,52,68,116978,0,7,8.34546282965879,2.3649209997529397,68.12561799961259,224.1667834977517
1789569881,50,,Aggregated,160.800000,0.000000,7,10,11,12,15,18,21,24,41,52,68,117132,0,7,8.344576617267876,2.3649209997529397,68.12561799961259,224.16663251716014
1789569882,50,,Aggregated,160.500000,0.000000,7,10,11,12,15,18,21,24,41,52,68,117306,0,7,8.346391106804573,2.3649209997529397,68.12561799961259,224.16367449235332
1789569883,50,,Aggregated,159.400000,0.000000,7,10,11,12,15,18,21,24,41,52,68,117466,0,7,8.34750591976252,2.3649209997529397,68.12561799961259,224.1652307901861
1789569884,50,,Aggregated,159.500000,0.000000,7,10,11,12,15,18,21,24,41,52,68,117631,0,7,8.346003518985802,2.3649209997529397,68.12561799961259,224.16782140762214
1789569885,50,,Aggregated,161.200000,0.000000,7,10,11,12,15,18,21,24,41,52,68,117788,0,7,8.34607358999055,2.3649209997529397,68.12561799961259,224.16663836723606
1789569886,50,,Aggregated,162.000000,0.000000,7,10,11,12,15,18,21,24,41,52,68,117945,0,7,8.3470359198423,2.3649209997529397,68.12561799961259,224.1689092373564
1789569887,50,,Aggregated,161.100000,0.000000,7,10,11,12,15,18,21,24,41,52,68,118105,0,7,8.346602810929253,2.3649209997529397,68.12561799961259,224.1720079590195
1789569888,50,,Aggregated,161.700000,0.000000,7,10,11,12,15,18,21,24,41,52,68,118274,0,7,8.346700756682031,2.3649209997529397,68.12561799961259,224.17129715744795
1789569889,50,,Aggregated,160.500000,0.000000,7,10,11,12,15,18,21,24,41,52,68,118439,0,7,8.3469454170739,2.3649209997529397,68.12561799961259,224.17267960722398
1789569890,50,,Aggregated,161.200000,0.000000,7,10,11,12,15,18,21,24,41,52,68,118608,0,7,8.346205520266809,2.3649209997529397,68.12561799961259,224.17042695265076
1789569891,50,,Aggregated,161.800000,0.000000,7,10,11,12,15,18,21,24,41,52,68,118766,0,7,8.349696560966965,2.3649209997529397,68.12561799961259,224.17059596180727
1789569892,50,,Aggregated,162.900000,0.000000,7,10,11,12,15,18,21,24,41,52,68,118928,0,7,8.349674563927767,2.3649209997529397,68.12561799961259,224.17062424323962
1789569893,50,,Aggregated,162.900000,0.000000,7,10,11,12,15,18,21,24,41,52,68,119087,0,7,8.349571826520258,2.3649209997529397,68.12561799961259,224.16834751064349
1789569894,50,,Aggregated,162.600000,0.000000,7,10,11,12,15,18,21,24,41,52,68,119249,0,7,8.350688268420047,2.3649209997529397,68.12561799961259,224.17075195599125
1789569895,50,,Aggregated,161.700000,0.000000,7,10,11,12,15,18,21,24,41,52,68,119412,0,7,8.350920743391189,2.3649209997529397,68.12561799961259,224.17140655880482
1789569896,50,,Aggregated,160.900000,0.000000,7,10,11,12,15,18,21,24,41,52,68,119566,0,7,8.35160290947125,2.3649209997529397,68.12561799961259,224.1739123162103
1789569897,50,,Aggregated,161.600000,0.000000,7,10,11,12,15,18,21,24,41,52,68,119727,0,7,8.35125974166921,2.3649209997529397,68.12561799961259,224.17458050397988
1789569898,50,,Aggregated,161.100000,0.000000,7,10,11,12,15,18,21,24,41,52,68,119889,0,7,8.352132011208901,2.3649209997529397,68.12561799961259,224.17577092143566
1789569899,50,,Aggregated,161.300000,0.000000,7,10,11,12,15,18,21,24,41,52,68,120043,0,7,8.354570464473777,2.3649209997529397,68.12561799961259,224.17787792707614
1789569900,50,,Aggregated,161.200000,0.000000,7,10,11,12,15,18,21,24,41,52,68,120201,0,7,8.354428571591189,2.3649209997529397,68.12561799961259,224.17585544213443
1789569901,50,,Aggregated,160.400000,0.000000,7,10,11,12,15,18,21,24,41,52,68,120370,0,7,8.356425674012138,2.3649209997529397,68.12561799961259,224.18129932707484
1789569902,50,,Aggregated,158.900000,0.000000,7,10,11,12,15,18,21,24,41,52,68,120532,0,7,8.35822581650386,2.3649209997529397,68.12561799961259,224.1778946669764
1789569903,50,,Aggregated,159.700000,0.000000,7,10,11,12,15,18,21,24,41,52,68,120705,0,7,8.35718036702565,2.3649209997529397,68.12561799961259,224.1762727310385
1789569904,50,,Aggregated,159.800000,0.000000,7,10,11,12,15,18,21,24,41,52,68,120864,0,7,8.357175551262905,2.3649209997529397,68.12561799961259,224.17916004765686
1789569905,50,,Aggregated,160.900000,0.000000,7,10,11,12,15,18,21,24,41,52,68,121030,0,7,8.357080108021444,2.3649209997529397,68.12561799961259,224.18441708667274
1789569906,50,,Aggregated,161.300000,0.000000,7,10,11,12,15,18,21,24,41,52,68,121194,0,7,8.355459773205197,2.3649209997529397,68.12561799961259,224.18289684307803
1789569907,50,,Aggregated,162.000000,0.000000,7,10,11,12,15,18,21,24,41,52,68,121346,0,7,8.354001352321774,2.3649209997529397,68.12561799961259,224.18256061180426
1789569908,50,,Aggregated,162.500000,0.000000,7,10,11,12,15,18,21,24,41,52,68,121506,0,7,8.355517441943928,2.3649209997529397,68.12561799961259,224.18266587658223
1789569909,50,,Aggregated,162.500000,0.000000,7,10,11,12,15,18,21,24,41,52,68,121662,0,7,8.35437678483687,2.3649209997529397,68.12561799961259,224.18277687363351
1789569910,50,,Aggregated,161.800000,0.000000,7,10,11,12,15,18,21,24,41,52,68,121826,0,7,8.355592947054273,2.3649209997529397,68.12561799961259,224.18271961650223
1789569911,50,,Aggregated,160.600000,0.000000,7,10,11,12,15,18,21,24,41,52,68,121989,0,7,8.35571707122634,2.3649209997529397,68.12561799961259,224.18376247038668
1789569912,50,,Aggregated,161.900000,0.000000,7,10,11,12,15,18,21,24,41,52,68,122154,0,7,8.355625178036213,2.3649209997529397,68.12561799961259,224.18207344827022
1789569913,50,,Aggregated,161.900000,0.000000,7,10,11,12,15,18,21,24,41,52,68,122321,0,7,8.35426148382408,2.3649209997529397,68.12561799961259,224.1787673416666
1789569914,50,,Aggregated,162.100000,0.000000,7,10,11,12,15,18,21,24,41,52,68,122482,0,7,8.353992418403097,2.3649209997529397,68.12561799961259,224.17936513120296
1789569915,50,,Aggregated,161.700000,0.000000,7,10,11,12,15,18,21,24,41,52,68,122633,0,7,8.353943890794849,2.3649209997529397,68.12561799961259,224.18170476136115
1789569916,50,,Aggregated,161.100000,0.000000,7,10,11,12,15,18,21,24,41,52,68,122794,0,7,8.354108507490986,2.3649209997529397,68.12561799961259,224.1797319087252
1789569917,50,,Aggregated,160.200000,0.000000,7,10,11,12,15,18,21,24,41,52,68,122950,0,7,8.353777959445779,2.3649209997529397,68.12561799961259,224.18225294835298
1789569918,50,,Aggregated,160.000000,0.000000,7,10,11,12,15,18,21,24,41,52,68,123116,0,7,8.352247656452983,2.3649209997529397,68.12561799961259,224.1818610091296
1789569919,50,,Aggregated,160.100000,0.000000,7,10,11,12,15,18,21,24,41,52,68,123281,0,7,8.351858852579557,2.3649209997529397,68.12561799961259,224.18195017885967
1789569920,50,,Aggregated,160.300000,0.000000,7,10,11,12,15,18,21,24,41,52,68,123443,0,7,8.352625505584381,2.3649209997529397,68.12561799961259,224.18569704235964
1789569921,50,,Aggregated,162.500000,0.000000,7,10,11,12,15,18,21,24,41,52,68,123608,0,7,8.35313683796237,2.3649209997529397,68.12561799961259,224.1865655944599
1789569922,50,,Aggregated,161.000000,0.000000,7,10,11,12,15,18,21,24,41,52,68,123763,0,7,8.35350795350676,2.3649209997529397,68.12561799961259,224.18798025257954
1789569923,50,,Aggregated,161.100000,0.000000,7,10,11,12,15,18,21,24,41,52,68,123928,0,7,8.35230109561077,2.3649209997529397,68.12561799961259,224.19064295397328
1789569924,50,,Aggregated,160.400000,0.000000,7,10,11,12,15,18,21,24,41,52,68,124088,0,7,8.352904404776147,2.3649209997529397,68.12561799961259,224.19189607375412
1789569925,50,,Aggregated,160.800000,0.000000,7,10,11,12,15,18,21,24,41,52,68,124248,0,7,8.351321247286396,2.3649209997529397,68.12561799961259,224.19094069924668
1789569926,50,,Aggregated,161.000000,0.000000,7,10,11,12,15,18,21,24,41,52,68,124428,0,7,8.351031219217834,2.3649209997529397,68.12561799961259,224.19338894782524
1789569927,50,,Aggregated,160.500000,0.000000,7,10,11,12,15,18,21,24,41,52,68,124590,0,7,8.350006679804435,2.3649209997529397,68.12561799961259,224.19162051529014
1789569928,50,,Aggregated,162.500000,0.000000,7,10,11,12,15,18,21,24,41,52,68,124751,0,7,8.349670024038549,2.3649209997529397,68.12561799961259,224.1954773909628
1789569929,50,,Aggregated,162.900000,0.000000,7,10,11,12,15,18,21,24,41,52,68,124910,0,7,8.350853089038846,2.3649209997529397,68.12561799961259,224.19652549835882
1789569930,50,,Aggregated,163.100000,0.000000,7,10,11,12,15,18,21,24,41,55,68,125069,0,7,8.354015144039233,2.3649209997529397,68.12561799961259,224.1974909849763
1789569931,50,,Aggregated,162.200000,0.000000,7,10,11,12,15,18,21,24,41,55,68,125227,0,7,8.352327772915048,2.3649209997529397,68.12561799961259,224.19437501497282
1789569932,50,,Aggregated,162.800000,0.000000,7,10,11,12,15,18,21,24,41,55,68,125385,0,7,8.35276321473719,2.3649209997529397,68.12561799961259,224.1937073812657
1789569933,50,,Aggregated,162.100000,0.000000,7,10,11,12,15,18,21,24,41,55,68,125546,0,7,8.352805266673757,2.3649209997529397,68.12561799961259,224.19563347298998
1789569934,50,,Aggregated,162.500000,0.000000,7,10,11,12,15,18,21,24,41,55,68,125704,0,7,8.351672744063906,2.3649209997529397,68.12561799961259,224.19714567555528
1789569935,50,,Aggregated,161.300000,0.000000,7,10,11,12,15,18,21,24,41,55,68,125865,0,7,8.35126652683275,2.3649209997529397,68.12561799961259,224.19512970245898
1789569936,50,,Aggregated,160.900000,0.000000,7,10,11,12,15,18,21,24,41,55,68,126020,0,7,8.350904187659117,2.3649209997529397,68.12561799961259,224.19950801460087
1789569937,50,,Aggregated,162.000000,0.000000,7,10,11,12,15,18,21,24,41,55,68,126181,0,7,8.351695988467467,2.3649209997529397,68.12561799961259,224.1994119558412
1789569938,50,,Aggregated,159.800000,0.000000,7,10,11,12,15,18,21,24,41,55,68,126357,0,7,8.35080755271815,2.3649209997529397,68.12561799961259,224.1954541497503
1789569939,50,,Aggregated,159.400000,0.000000,7,10,11,12,15,18,21,24,41,55,68,126514,0,7,8.351985355366137,2.3649209997529397,68.12561799961259,224.1958202254296
1789569940,50,,Aggregated,159.400000,0.000000,7,10,11,12,15,18,21,24,41,55,68,126676,0,7,8.352671195371004,2.3649209997529397,68.12561799961259,224.19006757396824
1789569941,50,,Aggregated,160.100000,0.000000,7,10,11,12,15,18,21,24,42,55,68,126839,0,7,8.35582739067485,2.3649209997529397,68.12561799961259,224.19029635995238
1789569942,50,,Aggregated,160.000000,0.000000,7,10,11,12,15,18,21,24,42,55,68,126999,0,7,8.357125935517681,2.3649209997529397,68.12561799961259,224.18858416208002
1789569943,50,,Aggregated,159.700000,0.000000,7,10,11,12,15,18,21,24,42,55,68,127155,0,7,8.357905030488961,2.3649209997529397,68.12561799961259,224.1875663560222
1789569944,50,,Aggregated,160.800000,0.000000,7,10,11,12,15,18,21,24,42,55,68,127325,0,7,8.356806440658406,2.3649209997529397,68.12561799961259,224.1894757510308
1789569945,50,,Aggregated,160.900000,0.000000,7,10,11,12,15,18,21,24,42,55,68,127484,0,7,8.356165827067112,2.3649209997529397,68.12561799961259,224.18989834018387
1789569946,50,,Aggregated,162.000000,0.000000,7,10,11,12,15,18,21,24,42,55,68,127648,0,7,8.355728218936644,2.3649209997529397,68.12561799961259,224.18841658310353
1789569947,50,,Aggregated,161.100000,0.000000,7,10,11,12,15,18,21,24,42,55,68,127811,0,7,8.35329025673716,2.3649209997529397,68.12561799961259,224.189295131092
1789569948,50,,Aggregated,161.900000,0.000000,7,10,11,12,15,18,21,24,42,55,68,127976,0,7,8.353763540068758,2.3649209997529397,68.12561799961259,224.1890354441458
1789569949,50,,Aggregated,161.600000,0.000000,7,10,11,12,15,18,21,24,42,55,68,128139,0,7,8.352976515524908,2.3649209997529397,68.12561799961259,224.18993436814708
1789569950,50,,Aggregated,163.000000,0.000000,7,10,11,12,15,18,21,24,42,55,68,128308,0,7,8.35277078977031,2.3649209997529397,68.12561799961259,224.193503133086
1789569951,50,,Aggregated,161.600000,0.000000,7,10,11,12,15,18,21,24,42,55,68,128466,0,7,8.352028693302998,2.3649209997529397,68.12561799961259,224.1928992885277
1789569952,50,,Aggregated,163.100000,0.000000,7,10,11,12,15,18,21,24,42,55,68,128630,0,7,8.351429262558328,2.3649209997529397,68.12561799961259,224.18963694317034
1789569953,50,,Aggregated,163.900000,0.000000,7,10,11,12,15,18,21,24,42,55,68,128799,0,7,8.353092220171606,2.3649209997529397,68.12561799961259,224.1899315988478
1789569954,50,,Aggregated,162.300000,0.000000,7,10,11,12,15,18,21,24,42,55,68,128966,0,7,8.352136024633483,2.3649209997529397,68.12561799961259,224.19024394026331
1789569955,50,,Aggregated,162.900000,0.000000,7,10,11,12,15,18,21,24,42,55,68,129124,0,7,8.351556227253417,2.3649209997529397,68.12561799961259,224.19395309934637
1789569956,50,,Aggregated,163.400000,0.000000,7,10,11,12,15,18,21,24,42,55,68,129281,0,7,8.350239235772131,2.3649209997529397,68.12561799961259,224.19364021008502
1789569957,50,,Aggregated,163.600000,0.000000,7,10,11,12,15,18,21,24,42,55,68,129440,0,7,8.350097131387999,2.3649209997529397,68.12561799961259,224.19561186650185
1789569958,50,,Aggregated,163.100000,0.000000,7,10,11,12,15,18,21,24,42,55,68,129599,0,7,8.35039585995159,2.3649209997529397,68.12561799961259,224.19727775677282
1789569959,50,,Aggregated,162.700000,0.000000,7,10,11,12,15,18,21,24,42,55,68,129753,0,7,8.35104874397411,2.3649209997529397,68.12561799961259,224.19782201567594
1789569960,50,,Aggregated,160.900000,0.000000,7,10,11,12,15,18,21,24,42,55,68,129925,0,7,8.34965397981047,2.3649209997529397,68.12561799961259,224.19830671541274
1789569961,50,,Aggregated,161.500000,0.000000,7,10,11,12,15,18,21,24,42,55,68,130081,0,7,8.350762799362405,2.3649209997529397,68.12561799961259,224.1977383322699
1789569962,50,,Aggregated,161.400000,0.000000,7,10,11,12,15,18,21,24,42,55,68,130251,0,7,8.34967645251003,2.3649209997529397,68.12561799961259,224.19706566552273
1789569963,50,,Aggregated,160.600000,0.000000,7,10,11,12,15,18,21,24,42,55,68,130406,0,7,8.350183799471537,2.3649209997529397,68.12561799961259,224.19735288253608
1789569964,50,,Aggregated,161.600000,0.000000,7,10,11,12,15,18,21,24,42,55,68,130569,0,7,8.350021257334463,2.3649209997529397,68.12561799961259,224.1985157273166
1789569965,50,,Aggregated,161.100000,0.000000,7,10,11,12,15,18,21,24,42,55,68,130735,0,7,8.351315373250367,2.3649209997529397,68.12561799961259,224.2024094542395
1789569966,50,,Aggregated,159.700000,0.000000,7,10,11,12,15,18,21,24,42,55,68,130902,0,7,8.350764986912955,2.3649209997529397,68.12561799961259,224.20268597882387
1789569967,50,,Aggregated,161.500000,0.000000,7,10,11,12,15,18,21,24,42,55,68,131057,0,7,8.351154196531846,2.3649209997529397,68.12561799961259,224.20417070435002
1789569968,50,,Aggregated,160.800000,0.000000,7,10,11,12,15,18,21,24,42,55,68,131219,0,7,8.350740073822104,2.3649209997529397,68.12561799961259,224.20537422172094
1789569969,50,,Aggregated,162.100000,0.000000,7,10,11,12,15,18,21,24,42,55,68,131384,0,7,8.349778431870394,2.3649209997529397,68.12561799961259,224.2057860926749
1789569970,50,,Aggregated,161.700000,0.000000,7,10,11,12,15,18,21,24,42,55,68,131540,0,7,8.34974886338645,2.3649209997529397,68.12561799961259,224.20913790481984
1789569971,50,,Aggregated,162.300000,0.000000,7,10,11,12,15,18,21,24,42,55,68,131700,0,7,8.34897388401569,2.3649209997529397,68.12561799961259,224.20719817767653
1789569972,50,,Aggregated,160.800000,0.000000,7,10,11,12,15,18,21,24,42,55,68,131862,0,7,8.349476189712469,2.3649209997529397,68.12561799961259,224.20785366519544
1789569973,50,,Aggregated,161.500000,0.000000,7,10,11,12,15,18,21,24,42,55,68,132034,0,7,8.347745563156913,2.3649209997529397,68.12561799961259,224.20924913279913
1789569974,50,,Aggregated,160.300000,0.000000,7,10,11,12,15,18,21,24,42,55,68,132198,0,7,8.349352023872198,2.3649209997529397,68.12561799961259,224.20466270291533
1789569975,50,,Aggregated,161.800000,0.000000,7,10,11,12,15,18,21,24,42,55,68,132362,0,7,8.348196338955589,2.3649209997529397,68.12561799961259,224.20499085840348
1789569976,50,,Aggregated,162.200000,0.000000,7,10,11,12,15,18,21,24,42,55,68,132520,0,7,8.348052675421345,2.3649209997529397,68.12561799961259,224.2049501961968
1789569977,50,,Aggregated,161.200000,0.000000,7,10,11,12,15,18,21,24,42,55,68,132694,0,7,8.346587114668667,2.3649209997529397,68.12561799961259,224.20327219015178
1789569978,50,,Aggregated,162.000000,0.000000,7,10,11,12,15,18,21,24,42,55,68,132863,0,7,8.346143471973628,2.3649209997529397,68.12561799961259,224.20424798476625
1789569979,50,,Aggregated,162.700000,0.000000,7,10,11,12,15,18,21,24,41,55,68,133019,0,7,8.346025707965353,2.3649209997529397,68.12561799961259,224.205722490772
1789569980,50,,Aggregated,163.500000,0.000000,7,10,11,12,15,18,21,24,41,55,68,133184,0,7,8.345762913351754,2.3649209997529397,68.12561799961259,224.20271203748197
1789569981,50,,Aggregated,163.500000,0.000000,7,10,11,12,15,18,21,24,41,55,68,133346,0,7,8.344316608468464,2.3649209997529397,68.12561799961259,224.2037556432139
1789569982,50,,Aggregated,163.300000,0.000000,7,10,11,12,15,18,21,24,41,55,68,133505,0,7,8.34515560914446,2.3649209997529397,68.12561799961259,224.20907831167372
1789569983,50,,Aggregated,163.900000,0.000000,7,10,11,12,15,18,21,24,41,55,68,133672,0,7,8.343581661895067,2.3649209997529397,68.12561799961259,224.2097447483392
1789569984,50,,Aggregated,164.200000,0.000000,7,10,11,12,15,18,21,24,41,55,68,133831,0,7,8.343906970274753,2.3649209997529397,68.12561799961259,224.20928633874064
1789569985,50,,Aggregated,163.300000,0.000000,7,10,11,12,15,18,21,24,41,55,68,134002,0,7,8.345792115728452,2.3649209997529397,68.12561799961259,224.2098476142147
1789569986,50,,Aggregated,163.000000,0.000000,7,10,11,12,15,18,21,24,41,55,68,134171,0,7,8.345776228699494,2.3649209997529397,68.12561799961259,224.2140253855155
1789569987,50,,Aggregated,163.200000,0.000000,7,10,11,12,15,18,21,24,41,55,68,134331,0,7,8.346900209220884,2.3649209997529397,68.12561799961259,224.2109118520669
1789569988,50,,Aggregated,164.100000,0.000000,7,10,11,12,15,18,21,24,41,55,68,134497,0,7,8.347722046988782,2.3649209997529397,68.12561799961259,224.21515721540257
1789569989,50,,Aggregated,162.900000,0.000000,7,10,11,12,15,18,21,24,41,55,68,134663,0,7,8.34744168011889,2.3649209997529397,68.12561799961259,224.21737225518515
1789569990,50,,Aggregated,163.700000,0.000000,7,10,11,12,15,18,21,24,41,55,68,134835,0,7,8.346922561529706,2.3649209997529397,68.12561799961259,224.2208477027478
1789569991,50,,Aggregated,163.500000,0.000000,7,10,11,12,15,18,21,24,41,55,68,135001,0,7,8.345229118605461,2.3649209997529397,68.12561799961259,224.21662802497758
1789569992,50,,Aggregated,164.600000,0.000000,7,10,11,12,15,18,21,24,41,55,68,135165,0,7,8.345571126873573,2.3649209997529397,68.12561799961259,224.21646876040396
1789569993,50,,Aggregated,165.100000,0.000000,7,10,11,12,15,18,21,24,41,55,68,135316,0,7,8.344999592486165,2.3649209997529397,68.12561799961259,224.21786780572882
1789569994,50,,Aggregated,165.300000,0.000000,7,10,11,12,15,18,21,24,41,55,68,135477,0,7,8.344513716297723,2.3649209997529397,68.12561799961259,224.2180517726256
1789569995,50,,Aggregated,164.400000,0.000000,7,10,11,12,15,18,21,24,41,55,68,135635,0,7,8.344523499973182,2.3649209997529397,68.12561799961259,224.21644855678844
1789569996,50,,Aggregated,164.200000,0.000000,7,10,11,12,15,18,21,24,41,55,68,135798,0,7,8.345366418142158,2.3649209997529397,68.12561799961259,224.2105185643382
1789569997,50,,Aggregated,163.200000,0.000000,7,10,11,12,15,18,21,24,41,55,68,135962,0,7,8.345122888607571,2.3649209997529397,68.12561799961259,224.21011753284006
1789569998,50,,Aggregated,162.600000,0.000000,7,10,11,12,15,18,21,24,41,55,68,136123,0,7,8.34548073126395,2.3649209997529397,68.12561799961259,224.20989840071113
1789569999,50,,Aggregated,162.800000,0.000000,7,10,11,12,15,18,21,24,41,55,68,136286,0,7,8.345422858399559,2.3649209997529397,68.12561799961259,224.21032241022556
1789570000,50,,Aggregated,161.600000,0.000000,7,10,11,12,15,18,21,24,41,55,68,136446,0,7,8.344788478224725,2.3649209997529397,68.12561799961259,224.21207657241692
1789570001,50,,Aggregated,161.400000,0.000000,7,10,11,12,15,18,21,24,42,55,68,136617,0,7,8.346126750439904,2.3649209997529397,68.12561799961259,224.21260165279577
1789570002,50,,Aggregated,161.900000,0.000000,7,10,11,12,15,18,21,24,42,55,68,136776,0,7,8.347354549583503,2.3649209997529397,68.12561799961259,224.21019769550213
1789570003,50,,Aggregated,160.400000,0.000000,7,10,11,12,15,18,21,24,42,55,68,136938,0,7,8.34667469667173,2.3649209997529397,68.12561799961259,224.2072908907681
1789570004,50,,Aggregated,161.200000,0.000000,7,10,11,12,15,18,21,24,42,55,68,137099,0,7,8.347230729741485,2.3649209997529397,68.12561799961259,224.2081123859401
1789570005,50,,Aggregated,161.000000,0.000000,7,10,11,12,15,18,21,24,42,55,68,137265,0,7,8.349159660465725,2.3649209997529397,68.12561799961259,224.20773685935964
1789570006,50,,Aggregated,162.000000,0.000000,7,10,11,12,15,18,21,24,42,55,68,137423,0,7,8.350312503175003,2.3649209997529397,68.12561799961259,224.20714873056184
1789570007,50,,Aggregated,162.600000,0.000000,7,10,11,12,15,18,21,24,42,55,68,137583,0,7,8.351111959644902,2.3649209997529397,68.12561799961259,224.2075111023891
1789570008,50,,Aggregated,162.300000,0.000000,7,10,11,12,15,18,21,24,42,55,68,137747,0,7,8.351893963177584,2.3649209997529397,68.12561799961259,224.20786659600572
1789570009,50,,Aggregated,161.700000,0.000000,7,10,11,12,15,18,21,24,42,55,68,137909,0,7,8.35130425999624,2.3649209997529397,68.12561799961259,224.20981226750973
1789570010,50,,Aggregated,161.700000,0.000000,7,10,11,12,15,18,21,24,42,55,68,138079,0,7,8.349965449031531,2.3649209997529397,68.12561799961259,224.21191491827142
1789570011,50,,Aggregated,162.100000,0.000000,7,10,11,12,15,18,21,24,42,55,68,138242,0,7,8.348903715418102,2.3649209997529397,68.12561799961259,224.21100678520276
1789570012,50,,Aggregated,162.000000,0.000000,7,10,11,12,15,18,21,24,42,55,68,138404,0,7,8.348713191647823,2.3649209997529397,68.12561799961259,224.21106326406752
1789570013,50,,Aggregated,162.500000,0.000000,7,10,11,12,15,18,21,24,42,55,68,138573,0,7,8.349950126480822,2.3649209997529397,68.12561799961259,224.2127254227014
1789570014,50,,Aggregated,162.100000,0.000000,7,10,11,12,15,18,21,24,42,55,68,138735,0,7,8.350719258433926,2.3649209997529397,68.12561799961259,224.2113597866436
1789570015,50,,Aggregated,163.100000,0.000000,7,10,11,12,15,18,21,24,42,55,68,138902,0,7,8.350384702789206,2.3649209997529397,68.12561799961259,224.21113446890612
1789570016,50,,Aggregated,163.100000,0.000000,7,10,11,12,15,18,21,24,42,55,68,139063,0,7,8.349531558486662,2.3649209997529397,68.12561799961259,224.20958845990666
1789570017,50,,Aggregated,163.700000,0.000000,7,10,11,12,15,18,21,24,42,55,68,139222,0,7,8.350088884111868,2.3649209997529397,68.12561799961259,224.2092413555329
1789570018,50,,Aggregated,163.400000,0.000000,7,10,11,12,15,18,21,24,42,55,68,139385,0,7,8.349869476685626,2.3649209997529397,68.12561799961259,224.20743265057214
1789570019,50,,Aggregated,164.000000,0.000000,7,10,11,12,15,18,21,24,42,55,68,139544,0,7,8.351004355062328,2.3649209997529397,68.12561799961259,224.21057157599037
1789570020,50,,Aggregated,164.700000,0.000000,7,10,11,12,15,18,21,24,42,55,68,139710,0,7,8.350824511221944,2.3649209997529397,68.12561799961259,224.21212511631236
1789570021,50,,Aggregated,162.800000,0.000000,7,10,11,12,15,18,21,24,42,55,68,139877,0,7,8.350748215280698,2.3649209997529397,68.12561799961259,224.21633292106637
1789570022,50,,Aggregated,162.200000,0.000000,7,10,11,12,15,18,21,24,41,54,68,140040,0,7,8.35078299526441,2.3649209997529397,68.12561799961259,224.21780205655526
1789570023,50,,Aggregated,163.500000,0.000000,7,10,11,12,15,18,21,24,41,54,68,140199,0,7,8.349670152660368,2.3649209997529397,68.12561799961259,224.2196520659919
1789570024,50,,Aggregated,162.200000,0.000000,7,10,11,12,15,18,21,24,41,54,68,140350,0,7,8.351409304708476,2.3649209997529397,68.12561799961259,224.22037762736016
1789570025,50,,Aggregated,161.600000,0.000000,7,10,11,12,15,18,21,24,41,54,68,140518,0,7,8.35234232897455,2.3649209997529397,68.12561799961259,224.21825673579187
1789570026,50,,Aggregated,161.500000,0.000000,7,10,11,12,15,18,21,24,41,54,68,140686,0,7,8.351515370966794,2.3649209997529397,68.12561799961259,224.2173919224372
1789570027,50,,Aggregated,160.400000,0.000000,7,10,11,12,15,18,21,24,42,55,68,140839,0,7,8.356626576742366,2.3649209997529397,68.12561799961259,224.2193852555045
1789570028,50,,Aggregated,160.900000,0.000000,7,10,11,12,15,18,21,24,42,55,68,141004,0,7,8.354495108250934,2.3649209997529397,68.12561799961259,224.21720660406797
1789570029,50,,Aggregated,160.700000,0.000000,7,10,11,12,15,18,21,24,42,55,68,141166,0,7,8.355348019734372,2.3649209997529397,68.12561799961259,224.21687233469817
1789570030,50,,Aggregated,160.600000,0.000000,7,10,11,12,15,18,21,24,42,55,68,141338,0,7,8.354702162304752,2.3649209997529397,68.12561799961259,224.21598579292194
1789570031,50,,Aggregated,161.900000,0.000000,7,10,11,12,15,18,21,24,42,55,68,141495,0,7,8.35369655365804,2.3649209997529397,68.12561799961259,224.21658715855685
1789570032,50,,Aggregated,162.900000,0.000000,7,10,11,12,15,18,21,24,42,55,68,141661,0,7,8.352783992276269,2.3649209997529397,68.12561799961259,224.21416621370736
1789570033,50,,Aggregated,161.300000,0.000000,7,10,11,12,15,18,21,24,42,55,68,141809,0,7,8.352571284247533,2.3649209997529397,68.12561799961259,224.21289904025838
1789570034,50,,Aggregated,161.700000,0.000000,7,10,11,12,15,18,21,24,42,55,68,141974,0,7,8.352037444333973,2.3649209997529397,68.12561799961259,224.2140251031879
1789570035,50,,Aggregated,162.400000,0.000000,7,10,11,12,15,18,21,24,42,55,68,142139,0,7,8.351462594909739,2.3649209997529397,68.12561799961259,224.21701292396878
1789570036,50,,Aggregated,161.000000,0.000000,7,10,11,12,15,18,21,24,42,55,68,142301,0,7,8.350482661920056,2.3649209997529397,68.12561799961259,224.21796754766305
1789570037,50,,Aggregated,161.200000,0.000000,7,10,11,12,15,18,21,24,42,55,68,142454,0,7,8.350782577968216,2.3649209997529397,68.12561799961259,224.2156766394766
1789570038,50,,Aggregated,161.300000,0.000000,7,10,11,12,15,18,21,24,42,55,68,142628,0,7,8.350528304097885,2.3649209997529397,68.12561799961259,224.2153995007993
1789570039,50,,Aggregated,162.000000,0.000000,7,10,11,12,15,18,21,24,42,55,68,142792,0,7,8.349993412977426,2.3649209997529397,68.12561799961259,224.2185836741554
1789570040,50,,Aggregated,162.200000,0.000000,7,10,11,12,15,18,21,24,42,55,68,142954,0,7,8.349090457936425,2.3649209997529397,68.12561799961259,224.2189865271346
1789570041,50,,Aggregated,161.800000,0.000000,7,10,11,12,15,18,21,24,42,55,68,143110,0,7,8.349468450156076,2.3649209997529397,68.12561799961259,224.21941164139474
1789570042,50,,Aggregated,161.300000,0.000000,7,10,11,12,15,18,21,24,42,55,68,143273,0,7,8.349556706475223,2.3649209997529397,68.12561799961259,224.22161188779464
1789570043,50,,Aggregated,160.600000,0.000000,7,10,11,12,15,18,21,24,42,55,68,143438,0,7,8.34865330167629,2.3649209997529397,68.12561799961259,224.21763409975043
1789570044,50,,Aggregated,161.000000,0.000000,7,10,11,12,15,18,21,24,42,55,68,143597,0,7,8.348461364421597,2.3649209997529397,68.12561799961259,224.21625799981894
1789570045,50,,Aggregated,161.300000,0.000000,7,10,11,12,15,18,21,24,42,55,68,143763,0,7,8.348591031835952,2.3649209997529397,68.12561799961259,224.2173855581756
1789570046,50,,Aggregated,162.400000,0.000000,7,10,11,12,15,18,21,24,42,55,68,143916,0,7,8.350792699886249,2.3649209997529397,68.12561799961259,224.2180438589177
1789570047,50,,Aggregated,162.800000,0.000000,7,10,11,12,15,18,21,24,42,55,68,144083,0,7,8.350271840077083,2.3649209997529397,68.12561799961259,224.21958870928563
1789570048,50,,Aggregated,162.000000,0.000000,7,10,11,12,15,18,21,24,42,55,68,144235,0,7,8.350538988884926,2.3649209997529397,68.12561799961259,224.21984261794987
1789570049,50,,Aggregated,161.100000,0.000000,7,10,11,12,15,18,21,24,42,55,68,144397,0,7,8.350843566624114,2.3649209997529397,68.12561799961259,224.21922200599735
1789570050,50,,Aggregated,159.700000,0.000000,7,10,11,12,15,18,21,24,42,55,68,144564,0,7,8.349677126849231,2.3649209997529397,68.12561799961259,224.21969508314658
1789570051,50,,Aggregated,160.400000,0.000000,7,10,11,12,15,18,21,24,42,55,68,144720,0,7,8.350962822850054,2.3649209997529397,68.12561799961259,224.21692924267552
1789570052,50,,Aggregated,159.500000,0.000000,7,10,11,12,15,18,21,24,42,55,68,144887,0,7,8.350905883087343,2.3649209997529397,68.12561799961259,224.21701739976672
1789570053,50,,Aggregated,161.400000,0.000000,7,10,11,12,15,18,21,24,42,55,68,145056,0,7,8.350206655042797,2.3649209997529397,68.12561799961259,224.2128488307964
1789570054,50,,Aggregated,160.500000,0.000000,7,10,11,12,15,18,21,24,42,55,68,145228,0,7,8.348383325749266,2.3649209997529397,68.12561799961259,224.21392568926103
1789570055,50,,Aggregated,160.300000,0.000000,7,10,11,12,15,18,21,24,42,55,68,145385,0,7,8.350813464373394,2.3649209997529397,68.12561799961259,224.21608831722668
1789570056,50,,Aggregated,161.000000,0.000000,7,10,11,12,15,18,21,24,42,55,68,145544,0,7,8.349296931058106,2.3649209997529397,68.12561799961259,224.2160377617765
1789570057,50,,Aggregated,161.900000,0.000000,7,10,11,12,15,18,21,24,42,55,68,145707,0,7,8.350615268593286,2.3649209997529397,68.12561799961259,224.2167431901007
1789570058,50,,Aggregated,162.100000,0.000000,7,10,11,12,15,18,21,24,42,55,68,145880,0,7,8.349366976541827,2.3649209997529397,68.12561799961259,224.21538250616945
1789570059,50,,Aggregated,162.100000,0.000000,7,10,11,12,15,18,21,24,42,55,68,146033,0,7,8.350505521860976,2.3649209997529397,68.12561799961259,224.21419131292242
1789570060,50,,Aggregated,163.100000,0.000000,7,10,11,12,15,18,21,24,42,55,68,146186,0,7,8.349385578344881,2.3649209997529397,68.12561799961259,224.21463751658845
1789570061,50,,Aggregated,163.700000,0.000000,7,10,11,12,15,18,21,24,42,55,68,146343,0,7,8.349833565813915,2.3649209997529397,68.12561799961259,224.21744121686723
1789570062,50,,Aggregated,162.900000,0.000000,7,10,11,12,15,18,21,24,42,55,68,146509,0,7,8.350395061899963,2.3649209997529397,68.12561799961259,224.21922202731574
1789570063,50,,Aggregated,161.700000,0.000000,7,10,11,12,15,18,21,24,42,55,68,146672,0,7,8.350158705232577,2.3649209997529397,68.12561799961259,224.2199260935966
1789570064,50,,Aggregated,161.700000,0.000000,7,10,11,12,15,18,21,24,42,55,68,146826,0,7,8.349397124677287,2.3649209997529397,68.12561799961259,224.2188100200237
1789570065,50,,Aggregated,162.300000,0.000000,7,10,11,12,15,18,21,24,42,55,68,146995,0,7,8.351874620850209,2.3649209997529397,68.12561799961259,224.21902105513794
1789570066,50,,Aggregated,160.700000,0.000000,7,10,11,12,15,18,21,24,42,55,68,147162,0,7,8.35278673553552,2.3649209997529397,68.12561799961259,224.21867058072056
1789570067,50,,Aggregated,160.800000,0.000000,7,10,11,12,15,18,21,24,42,55,68,147315,0,7,8.354241297117758,2.3649209997529397,68.12561799961259,224.21963140209755
1789570068,50,,Aggregated,160.200000,0.000000,7,10,11,12,15,18,21,24,42,55,68,147482,0,7,8.3536103267647,2.3649209997529397,68.12561799961259,224.22025738734217
1789570069,50,,Aggregated,161.000000,0.000000,7,10,11,12,15,18,21,24,42,55,68,147639,0,7,8.35213175379068,2.3649209997529397,68.12561799961259,224.22017895000644
1789570070,50,,Aggregated,161.200000,0.000000,7,10,11,12,15,18,21,24,42,55,68,147804,0,7,8.351816323914756,2.3649209997529397,68.12561799961259,224.217801953939
1789570071,50,,Aggregated,160.600000,0.000000,7,10,11,12,15,18,21,24,42,55,68,147961,0,7,8.352220966727101,2.3649209997529397,68.12561799961259,224.21959840768852
1789570072,50,,Aggregated,161.100000,0.000000,7,10,11,12,15,18,21,24,42,55,68,148123,0,7,8.352544801468433,2.3649209997529397,68.12561799961259,224.21931097803852
1789570073,50,,Aggregated,160.700000,0.000000,7,10,11,12,15,18,21,24,42,55,68,148288,0,7,8.351474050711433,2.3649209997529397,68.12561799961259,224.2168415515753
1789570074,50,,Aggregated,161.300000,0.000000,7,10,11,12,15,18,21,24,42,55,68,148447,0,7,8.35325755033715,2.3649209997529397,68.12561799961259,224.21710105290103
1789570075,50,,Aggregated,161.000000,0.000000,7,10,11,12,15,18,21,24,42,55,68,148609,0,7,8.353970417733217,2.3649209997529397,68.12561799961259,224.21121870142454
1789570076,50,,Aggregated,161.800000,0.000000,7,10,11,12,15,18,21,24,42,55,68,148774,0,7,8.354117133201521,2.3649209997529397,68.12561799961259,224.2115692258056
1789570077,50,,Aggregated,160.200000,0.000000,7,10,11,12,15,18,21,24,42,55,68,148933,0,7,8.354733460703327,2.3649209997529397,68.12561799961259,224.20994004015228
1789570078,50,,Aggregated,161.300000,0.000000,7,10,11,12,15,18,21,24,42,55,68,149094,0,7,8.355484919453072,2.3649209997529397,68.12561799961259,224.20885481642455
1789570079,50,,Aggregated,160.200000,0.000000,7,10,11,12,15,18,21,24,42,55,68,149249,0,7,8.356020969895559,2.3649209997529397,68.12561799961259,224.21073508030204
1789570080,50,,Aggregated,160.600000,0.000000,7,10,11,12,15,18,21,24,42,55,68,149406,0,7,8.356122598944799,2.3649209997529397,68.12561799961259,224.20790999022796
1789570081,50,,Aggregated,160.000000,0.000000,7,10,11,12,15,18,21,24,42,55,68,149570,0,7,8.356261258039408,2.3649209997529397,68.12561799961259,224.20690646520023
1789570082,50,,Aggregated,160.200000,0.000000,7,10,11,12,15,18,21,24,42,55,68,149736,0,7,8.355413289849828,2.3649209997529397,68.12561799961259,224.20766549126463
1789570083,50,,Aggregated,160.700000,0.000000,7,10,11,12,15,18,21,24,42,55,68,149902,0,7,8.355642331923244,2.3649209997529397,68.12561799961259,224.21121799575724
1789570084,50,,Aggregated,160.900000,0.000000,7,10,11,12,15,18,21,24,42,54,68,150074,0,7,8.35557773585674,2.3649209997529397,68.12561799961259,224.2131481802311
1789570085,50,,Aggregated,160.800000,0.000000,7,10,11,12,15,18,21,24,42,54,68,150246,0,7,8.35670314452274,2.3649209997529397,68.12561799961259,224.21711726102527
1789570086,50,,Aggregated,161.400000,0.000000,7,10,11,12,15,18,21,24,42,54,68,150406,0,7,8.356614079484533,2.3649209997529397,68.12561799961259,224.21941943805433
1789570087,50,,Aggregated,162.200000,0.000000,7,10,11,12,15,18,21,24,42,54,68,150569,0,7,8.356299185688506,2.3649209997529397,68.12561799961259,224.22076921544274
1789570088,50,,Aggregated,163.000000,0.000000,7,10,11,12,15,18,21,24,42,54,68,150730,0,7,8.355051060690837,2.3649209997529397,68.12561799961259,224.21979698799177
1789570089,50,,Aggregated,163.300000,0.000000,7,10,11,12,15,18,21,24,42,54,68,150898,0,7,8.353248878394178,2.3649209997529397,68.12561799961259,224.22204402974194
1789570090,50,,Aggregated,163.200000,0.000000,7,10,11,12,15,18,21,24,42,54,68,151064,0,7,8.353040803354265,2.3649209997529397,68.12561799961259,224.2235211565959
1789570091,50,,Aggregated,164.300000,0.000000,7,10,11,12,15,18,21,24,42,54,68,151224,0,7,8.351706184725355,2.3649209997529397,68.12561799961259,224.22418399195894
1789570092,50,,Aggregated,164.400000,0.000000,7,10,11,12,15,18,21,24,42,54,68,151389,0,7,8.350442836334869,2.3649209997529397,68.12561799961259,224.22364240466612
1789570093,50,,Aggregated,165.300000,0.000000,7,10,11,12,15,18,21,24,42,54,68,151557,0,7,8.351064916915087,2.3649209997529397,68.12561799961259,224.22409390526337
1789570094,50,,Aggregated,164.900000,0.000000,7,10,11,12,15,18,21,24,42,54,68,151726,0,7,8.350985654837588,2.3649209997529397,68.12561799961259,224.22539314290233
1789570095,50,,Aggregated,165.000000,0.000000,7,10,11,12,15,18,21,24,42,54,68,151886,0,7,8.349867754821974,2.3649209997529397,68.12561799961259,224.22689385460149
1789570096,50,,Aggregated,164.800000,0.000000,7,10,11,12,15,18,21,24,42,54,68,152045,0,7,8.34911945838334,2.3649209997529397,68.12561799961259,224.22948469203197
1789570097,50,,Aggregated,165.100000,0.000000,7,10,11,12,15,18,21,24,42,54,68,152213,0,7,8.348153718006458,2.3649209997529397,68.12561799961259,224.22875181489098
1789570098,50,,Aggregated,163.500000,0.000000,7,10,11,12,15,18,21,24,42,54,68,152387,0,7,8.347596161174591,2.3649209997529397,68.12561799961259,224.22882529349616
1789570099,50,,Aggregated,163.800000,0.000000,7,10,11,12,15,18,21,24,42,54,68,152547,0,7,8.346230246808616,2.3649209997529397,68.12561799961259,224.2268546742971
1789570100,50,,Aggregated,163.500000,0.000000,7,10,11,12,15,18,21,24,42,54,68,152717,0,7,8.344935266341778,2.3649209997529397,68.12561799961259,224.22692954942804
1789570101,50,,Aggregated,163.900000,0.000000,7,10,11,12,15,18,21,24,42,54,68,152872,0,7,8.344800576494789,2.3649209997529397,68.12561799961259,224.22688262075462
1789570102,50,,Aggregated,165.100000,0.000000,7,10,11,12,15,18,21,24,42,54,68,153030,0,7,8.345772779460908,2.3649209997529397,68.12561799961259,224.23086322943215
1789570103,50,,Aggregated,163.900000,0.000000,7,10,11,12,15,18,21,24,42,54,68,153203,0,7,8.345354875295378,2.3649209997529397,68.12561799961259,224.2286574022702
1789570104,50,,Aggregated,164.100000,0.000000,7,10,11,12,15,18,21,24,42,54,68,153354,0,7,8.345256526004379,2.3649209997529397,68.12561799961259,224.22841921306258
1789570105,50,,Aggregated,163.800000,0.000000,7,10,11,12,15,18,21,24,42,54,68,153516,0,7,8.345010253666572,2.3649209997529397,68.12561799961259,224.22567680241798
1789570106,50,,Aggregated,163.400000,0.000000,7,10,11,12,15,18,21,24,42,54,68,153669,0,7,8.344919598597517,2.3649209997529397,68.12561799961259,224.2232851128074
1789570107,50,,Aggregated,162.200000,0.000000,7,10,11,12,15,18,21,24,42,54,68,153835,0,7,8.343995602898508,2.3649209997529397,68.12561799961259,224.22054148925798
1789570108,50,,Aggregated,162.400000,0.000000,7,10,11,12,15,18,21,24,42,54,68,154002,0,7,8.344254147666154,2.3649209997529397,68.12561799961259,224.22030882715808
1789570109,50,,Aggregated,161.900000,0.000000,7,10,11,12,15,18,21,24,42,54,68,154155,0,7,8.343229660159423,2.3649209997529397,68.12561799961259,224.2206026401998
1789570110,50,,Aggregated,162.400000,0.000000,7,10,11,12,15,18,21,24,42,55,68,154315,0,7,8.346570109813623,2.3649209997529397,68.12561799961259,224.21909730097528
1789570111,50,,Aggregated,161.000000,0.000000,7,10,11,12,15,18,21,24,42,55,68,154481,0,7,8.347037034048977,2.3649209997529397,68.12561799961259,224.21957392818535
1789570112,50,,Aggregated,159.800000,0.000000,7,10,11,12,15,18,21,24,42,55,68,154646,0,7,8.346312243846674,2.3649209997529397,68.12561799961259,224.22105324418348
1789570113,50,,Aggregated,160.700000,0.000000,7,10,11,12,15,18,21,24,42,55,68,154805,0,7,8.345992376033843,2.3649209997529397,68.12561799961259,224.22206647072122
1789570114,50,,Aggregated,160.700000,0.000000,7,10,11,12,15,18,21,24,42,55,68,154968,0,7,8.347478930681925,2.3649209997529397,68.12561799961259,224.22101982344742
1789570115,50,,Aggregated,160.600000,0.000000,7,10,11,12,15,18,21,24,42,55,68,155129,0,7,8.346922106040283,2.3649209997529397,68.12561799961259,224.22109985882716
1789570116,50,,Aggregated,160.300000,0.000000,7,10,11,12,15,18,21,24,42,55,68,155288,0,7,8.347502871052026,2.3649209997529397,68.12561799961259,224.21902529493588
1789570117,50,,Aggregated,160.200000,0.000000,7,10,11,12,15,18,21,24,42,55,68,155445,0,7,8.347073207899507,2.3649209997529397,68.12561799961259,224.2210106468526
1789570118,50,,Aggregated,160.700000,0.000000,7,10,11,12,15,18,21,24,42,55,68,155609,0,7,8.34896926049878,2.3649209997529397,68.12561799961259,224.21971736853266
1789570119,50,,Aggregated,161.300000,0.000000,7,10,11,12,15,18,21,24,42,55,68,155770,0,7,8.347955538832661,2.3649209997529397,68.12561799961259,224.2192527444309
1789570120,50,,Aggregated,160.200000,0.000000,7,10,11,12,15,18,21,24,42,55,68,155937,0,7,8.348110119278662,2.3649209997529397,68.12561799961259,224.21985801958482
1789570121,50,,Aggregated,160.800000,0.000000,7,10,11,12,15,18,21,24,42,55,68,156084,0,7,8.347861957010025,2.3649209997529397,68.12561799961259,224.21798518746317
1789570122,50,,Aggregated,161.500000,0.000000,7,10,11,12,15,18,21,24,42,55,68,156253,0,7,8.34650825818355,2.3649209997529397,68.12561799961259,224.21823580987245
1789570123,50,,Aggregated,160.500000,0.000000,7,10,11,12,15,18,21,24,42,55,68,156416,0,7,8.347033714997014,2.3649209997529397,68.12561799961259,224.2156301145663
1789570124,50,,Aggregated,160.700000,0.000000,7,10,11,12,15,18,21,24,42,55,68,156577,0,7,8.347616531693514,2.3649209997529397,68.12561799961259,224.21609176315806
1789570125,50,,Aggregated,161.200000,0.000000,7,10,11,12,15,18,21,24,42,55,68,156742,0,7,8.347130513837913,2.3649209997529397,68.12561799961259,224.2195837746105
1789570126,50,,Aggregated,160.400000,0.000000,7,10,11,12,15,18,21,24,42,55,68,156915,0,7,8.347454921881276,2.3649209997529397,68.12561799961259,224.2148233119842
1789570127,50,,Aggregated,161.200000,0.000000,7,10,11,12,15,18,21,24,42,55,68,157075,0,7,8.34649172205641,2.3649209997529397,68.12561799961259,224.2142543371001
1789570128,50,,Aggregated,162.100000,0.000000,7,10,11,12,15,18,21,24,42,55,68,157244,0,7,8.34669397009739,2.3649209997529397,68.12561799961259,224.21279667268703
1789570129,50,,Aggregated,162.200000,0.000000,7,10,11,12,15,18,21,24,42,55,68,157417,0,7,8.34609201621797,2.3649209997529397,68.12561799961259,224.2138650844572
1789570130,50,,Aggregated,163.900000,0.000000,7,10,11,12,15,18,21,24,42,55,68,157572,0,7,8.345624250228257,2.3649209997529397,68.12561799961259,224.21097656944127
1789570131,50,,Aggregated,163.000000,0.000000,7,10,11,12,15,18,21,24,42,55,68,157741,0,7,8.344612218750568,2.3649209997529397,68.12561799961259,224.2071750527764
1789570132,50,,Aggregated,163.900000,0.000000,7,10,11,12,15,18,21,24,42,55,68,157895,0,7,8.343796857981188,2.3649209997529397,68.12561799961259,224.20594699008834
1789570133,50,,Aggregated,163.400000,0.000000,7,10,11,12,15,18,21,24,42,55,68,158054,0,7,8.34569811116414,2.3649209997529397,68.12561799961259,224.20642944816328
1789570134,50,,Aggregated,164.300000,0.000000,7,10,11,12,15,18,21,24,42,55,68,158224,0,7,8.347469583766868,2.3649209997529397,68.12561799961259,224.2091338861361
1789570135,50,,Aggregated,162.800000,0.000000,7,10,11,12,15,18,21,24,42,55,68,158392,0,7,8.346981823639696,2.3649209997529397,68.12561799961259,224.20958760543462
1789570136,50,,Aggregated,163.600000,0.000000,7,10,11,12,15,18,21,24,42,55,68,158549,0,7,8.34729551972535,2.3649209997529397,68.12561799961259,224.21030722363435
1789570137,50,,Aggregated,163.900000,0.000000,7,10,11,12,15,18,21,24,42,55,68,158703,0,7,8.348389212314379,2.3649209997529397,68.12561799961259,224.21077106292887
1789570138,50,,Aggregated,163.100000,0.000000,7,10,11,12,15,18,21,24,42,55,68,158866,0,7,8.349697254843298,2.3649209997529397,68.12561799961259,224.21119056311608
1789570139,50,,Aggregated,162.800000,0.000000,7,10,11,12,15,18,21,24,42,55,68,159025,0,7,8.34990809572034,2.3649209997529397,68.12561799961259,224.213136299324
1789570140,50,,Aggregated,161.900000,0.000000,7,10,11,12,15,18,21,24,42,55,68,159194,0,7,8.349063932553532,2.3649209997529397,68.12561799961259,224.21282837292864
1789570141,50,,Aggregated,161.400000,0.000000,7,10,11,12,15,18,21,24,42,55,68,159361,0,7,8.348719704776752,2.3649209997529397,68.12561799961259,224.2133457997879
1789570142,50,,Aggregated,160.700000,0.000000,7,10,11,12,15,18,21,24,42,55,68,159524,0,7,8.348046081799167,2.3649209997529397,68.12561799961259,224.21482034051303
1789570143,50,,Aggregated,161.600000,0.000000,7,10,11,12,15,18,21,24,42,55,68,159678,0,7,8.347822730250446,2.3649209997529397,68.12561799961259,224.21329801224965
1789570144,50,,Aggregated,161.900000,0.000000,7,10,11,12,15,18,21,24,42,55,68,159848,0,7,8.34561003496391,2.3649209997529397,68.12561799961259,224.21229543065914
1789570145,50,,Aggregated,162.100000,0.000000,7,10,11,12,15,18,21,24,42,55,68,160023,0,7,8.345601105371857,2.3649209997529397,68.12561799961259,224.21210076051568
1789570146,50,,Aggregated,162.800000,0.000000,7,10,11,12,15,18,21,24,42,55,68,160194,0,7,8.3460013588831,2.3649209997529397,68.12561799961259,224.21347865712823
1789570147,50,,Aggregated,163.500000,0.000000,7,10,11,12,15,18,21,24,42,55,68,160352,0,7,8.346012100528457,2.3649209997529397,68.12561799961259,224.21215201556575
1789570148,50,,Aggregated,163.700000,0.000000,7,10,11,12,15,18,21,24,42,55,68,160518,0,7,8.347568481733717,2.3649209997529397,68.12561799961259,224.2132284229806
1789570149,50,,Aggregated,164.000000,0.000000,7,10,11,12,15,18,21,24,42,55,68,160671,0,7,8.348066669280174,2.3649209997529397,68.12561799961259,224.2104735764388
1789570150,50,,Aggregated,163.100000,0.000000,7,10,11,12,15,18,21,24,42,55,68,160829,0,7,8.34740249328111,2.3649209997529397,68.12561799961259,224.21225649602994
1789570151,50,,Aggregated,164.400000,0.000000,7,10,11,12,15,18,21,24,42,55,68,161001,0,7,8.347074516070698,2.3649209997529397,68.12561799961259,224.2102595636052
1789570152,50,,Aggregated,163.500000,0.000000,7,10,11,12,15,18,21,24,42,55,68,161175,0,7,8.346821501429533,2.3649209997529397,68.12561799961259,224.21226617031178
1789570153,50,,Aggregated,163.800000,0.000000,7,10,11,12,15,18,21,24,42,55,68,161337,0,7,8.34699592558992,2.3649209997529397,68.12561799961259,224.21142701302244
1789570154,50,,Aggregated,163.900000,0.000000,7,10,11,12,15,18,21,24,42,55,68,161503,0,7,8.346459214565078,2.3649209997529397,68.12561799961259,224.21246664148654
1789570155,50,,Aggregated,165.400000,0.000000,7,10,11,12,15,18,21,24,42,55,68,161659,0,7,8.346613422741065,2.3649209997529397,68.12561799961259,224.21236058617214
1789570156,50,,Aggregated,164.100000,0.000000,7,10,11,12,15,18,21,24,42,55,68,161816,0,7,8.347007093828127,2.3649209997529397,68.12561799961259,224.21035002719137
1789570157,50,,Aggregated,164.200000,0.000000,7,10,11,12,15,18,21,24,42,55,68,161977,0,7,8.347413883056795,2.3649209997529397,68.12561799961259,224.20995573445612
1789570158,50,,Aggregated,162.700000,0.000000,7,10,11,12,15,18,21,24,42,55,68,162147,0,7,8.34746578705675,2.3649209997529397,68.12561799961259,224.20799644766785
1789570159,50,,Aggregated,161.300000,0.000000,7,10,11,12,15,18,21,24,42,55,68,162312,0,7,8.347279646969442,2.3649209997529397,68.12561799961259,224.21056976686876
1789570160,50,,Aggregated,162.700000,0.000000,7,10,11,12,15,18,21,24,42,55,68,162467,0,7,8.347806403355323,2.3649209997529397,68.12561799961259,224.2077221835819
1789570161,50,,Aggregated,163.700000,0.000000,7,10,11,12,15,18,21,24,42,55,68,162625,0,7,8.347179282022688,2.3649209997529397,68.12561799961259,224.21026902382783
1789570162,50,,Aggregated,163.600000,0.000000,7,10,11,12,15,18,21,24,42,55,68,162798,0,7,8.347603058747177,2.3649209997529397,68.12561799961259,224.2079632427917
1789570163,50,,Aggregated,163.300000,0.000000,7,10,11,12,15,18,21,24,42,55,68,162962,0,7,8.348364134129016,2.3649209997529397,68.12561799961259,224.2054221229489
1789570164,50,,Aggregated,161.700000,0.000000,7,10,11,12,15,18,21,24,42,55,68,163110,0,7,8.347711487744052,2.3649209997529397,68.12561799961259,224.20461038562934
1789570165,50,,Aggregated,161.100000,0.000000,7,10,11,12,15,18,21,24,42,55,68,163270,0,7,8.349096426758939,2.3649209997529397,68.12561799961259,224.20186194646905
1789570166,50,,Aggregated,161.900000,0.000000,7,10,11,12,15,18,21,24,42,55,68,163433,0,7,8.348169991115189,2.3649209997529397,68.12561799961259,224.20261513892544
1789570167,50,,Aggregated,159.600000,0.000000,7,10,11,12,15,18,21,24,42,55,68,163599,0,7,8.348228150788971,2.3649209997529397,68.12561799961259,224.2053557784583
1789570168,50,,Aggregated,160.600000,0.000000,7,10,11,12,15,18,21,24,42,55,68,163759,0,7,8.347148960203276,2.3649209997529397,68.12561799961259,224.2059245598715
1789570169,50,,Aggregated,161.500000,0.000000,7,10,11,12,15,18,21,24,42,55,68,163917,0,7,8.346258932264053,2.3649209997529397,68.12561799961259,224.20381656570095
1789570170,50,,Aggregated,161.100000,0.000000,7,10,11,12,15,18,21,24,42,55,68,164082,0,7,8.3456278640431,2.3649209997529397,68.12561799961259,224.20583610633707
1789570171,50,,Aggregated,159.900000,0.000000,7,10,11,12,15,18,21,24,42,55,68,164254,0,7,8.345628985844629,2.3649209997529397,68.12561799961259,224.20559621074676
1789570172,50,,Aggregated,160.700000,0.000000,7,10,11,12,15,18,21,24,42,55,68,164411,0,7,8.344203214334275,2.3649209997529397,68.12561799961259,224.20372116220935
1789570173,50,,Aggregated,161.000000,0.000000,7,10,11,12,15,18,21,24,42,55,68,164569,0,7,8.344538002138357,2.3649209997529397,68.12561799961259,224.2012955052288
1789570174,50,,Aggregated,160.600000,0.000000,7,10,11,12,15,18,21,24,42,55,68,164733,0,7,8.343921947435605,2.3649209997529397,68.12561799961259,224.20043949906818
1789570175,50,,Aggregated,160.500000,0.000000,7,10,11,12,15,18,21,24,42,55,68,164898,0,7,8.344264278965806,2.3649209997529397,68.12561799961259,224.20217346480854
1789570176,50,,Aggregated,160.600000,0.000000,7,10,11,12,15,18,21,24,42,55,68,165059,0,7,8.343554234255024,2.3649209997529397,68.12561799961259,224.20335152884726
1789570177,50,,Aggregated,161.700000,0.000000,7,10,11,12,15,18,21,24,42,55,68,165215,0,7,8.34371686002424,2.3649209997529397,68.12561799961259,224.20210634627605
1789570178,50,,Aggregated,162.500000,0.000000,7,10,11,12,15,18,21,24,42,55,68,165383,0,7,8.343535415235591,2.3649209997529397,68.12561799961259,224.20063126197977
1789570179,50,,Aggregated,161.800000,0.000000,7,10,11,12,15,18,21,24,42,55,68,165544,0,7,8.342986981237136,2.3649209997529397,68.12561799961259,224.20104624752332
1789570180,50,,Aggregated,162.100000,0.000000,7,10,11,12,15,18,21,24,42,55,68,165700,0,7,8.344341110114241,2.3649209997529397,68.12561799961259,224.20115872057937
1789570181,50,,Aggregated,162.200000,0.000000,7,10,11,12,15,18,21,24,42,55,68,165860,0,7,8.344830890600058,2.3649209997529397,68.12561799961259,224.20195345472084
1789570182,50,,Aggregated,161.400000,0.000000,7,10,11,12,15,18,21,24,42,55,68,166023,0,7,8.34497990704855,2.3649209997529397,68.12561799961259,224.2028453888919
1789570183,50,,Aggregated,161.600000,0.000000,7,10,11,12,15,18,21,24,42,55,68,166180,0,7,8.348057264393466,2.3649209997529397,68.12561799961259,224.20308701408112
1789570184,50,,Aggregated,161.800000,0.000000,7,10,11,12,15,18,21,24,42,55,68,166355,0,7,8.347316832243703,2.3649209997529397,68.12561799961259,224.2021159568393
1789570185,50,,Aggregated,161.300000,0.000000,7,10,11,12,15,18,21,24,42,55,68,166513,0,7,8.348041387945116,2.3649209997529397,68.12561799961259,224.19975617519353
1789570186,50,,Aggregated,160.900000,0.000000,7,10,11,12,15,18,21,24,42,55,68,166681,0,7,8.348370979763198,2.3649209997529397,68.12561799961259,224.2004307629544
1789570187,50,,Aggregated,161.800000,0.000000,7,10,11,12,15,18,21,24,42,55,68,166841,0,7,8.348299342768826,2.3649209997529397,68.12561799961259,224.2015451837378
1789570188,50,,Aggregated,161.400000,0.000000,7,10,11,12,15,18,21,24,42,55,68,167000,0,7,8.348083333783835,2.3649209997529397,68.12561799961259,224.2016886227545
1789570189,50,,Aggregated,162.400000,0.000000,7,10,11,12,15,18,21,24,42,55,68,167161,0,7,8.348301557952578,2.3649209997529397,68.12561799961259,224.19967576169083
1789570190,50,,Aggregated,162.400000,0.000000,7,10,11,12,15,18,21,24,42,55,68,167315,0,7,8.347697516474351,2.3649209997529397,68.12561799961259,224.19978483698412
1789570191,50,,Aggregated,161.300000,0.000000,7,10,11,12,15,18,21,24,42,55,68,167486,0,7,8.34676733037919,2.3649209997529397,68.12561799961259,224.20201688499338
1789570192,50,,Aggregated,161.500000,0.000000,7,10,11,12,15,18,21,24,42,55,68,167648,0,7,8.346036901728041,2.3649209997529397,68.12561799961259,224.2025732487116
1789570193,50,,Aggregated,161.000000,0.000000,7,10,11,12,15,18,21,24,42,55,68,167805,0,7,8.346927681010202,2.3649209997529397,68.12561799961259,224.203396799857
1789570194,50,,Aggregated,161.900000,0.000000,7,10,11,12,15,18,21,24,42,55,68,167960,0,7,8.347038793491988,2.3649209997529397,68.12561799961259,224.20389378423434
1789570195,50,,Aggregated,161.700000,0.000000,7,10,11,12,15,18,21,24,42,55,68,168118,0,7,8.346692025219916,2.3649209997529397,68.12561799961259,224.20594463412604
1789570196,50,,Aggregated,161.400000,0.000000,7,10,11,12,15,18,21,24,42,55,68,168275,0,7,8.345661357295574,2.3649209997529397,68.12561799961259,224.2048610904769
1789570197,50,,Aggregated,160.600000,0.000000,7,10,11,12,15,18,21,24,42,55,68,168436,0,7,8.345481814807481,2.3649209997529397,68.12561799961259,224.20498587000404
1789570198,50,,Aggregated,159.600000,0.000000,7,10,11,12,15,18,21,24,42,55,68,168599,0,7,8.344622394865425,2.3649209997529397,68.12561799961259,224.20397511254515
1789570199,50,,Aggregated,159.100000,0.000000,7,10,11,12,15,18,21,24,42,55,68,168767,0,7,8.343586263706289,2.3649209997529397,68.12561799961259,224.20489787695462
1789570200,50,,Aggregated,158.400000,0.000000,7,10,11,12,15,18,21,24,42,55,68,168933,0,7,8.342877201351538,2.3649209997529397,68.12561799961259,224.20483268514738
1789570201,50,,Aggregated,159.900000,0.000000,7,10,11,12,15,18,21,24,42,55,68,169106,0,7,8.341679831342093,2.3649209997529397,68.12561799961259,224.20390760824571
1789570202,50,,Aggregated,160.300000,0.000000,7,10,11,12,15,18,21,24,42,55,68,169263,0,7,8.341482690977593,2.3649209997529397,68.12561799961259,224.20375982937796
1789570203,50,,Aggregated,159.800000,0.000000,7,10,11,12,15,18,21,24,42,55,68,169420,0,7,8.340497935880853,2.3649209997529397,68.12561799961259,224.20234919135876
1789570204,50,,Aggregated,161.100000,0.000000,7,10,11,12,15,18,21,24,42,55,68,169583,0,7,8.341468837418535,2.3649209997529397,68.12561799961259,224.20417140869074
1789570205,50,,Aggregated,161.100000,0.000000,7,10,11,12,15,18,21,24,42,55,68,169736,0,7,8.341153356895195,2.3649209997529397,68.12561799961259,224.20423481170758
1789570206,50,,Aggregated,161.600000,0.000000,7,10,11,12,15,18,21,24,42,55,68,169892,0,7,8.341252981199725,2.3649209997529397,68.12561799961259,224.20618392861348
1789570207,50,,Aggregated,161.200000,0.000000,7,10,11,12,15,18,21,24,42,55,68,170058,0,7,8.341955932011384,2.3649209997529397,68.12561799961259,224.20747627280105
1789570208,50,,Aggregated,161.500000,0.000000,7,10,11,12,15,18,21,24,42,55,68,170212,0,7,8.34169969462184,2.3649209997529397,68.12561799961259,224.2080053110239
1789570209,50,,Aggregated,161.300000,0.000000,7,10,11,12,15,18,21,24,42,55,68,170391,0,7,8.341075632533252,2.3649209997529397,68.12561799961259,224.20913663280336
1789570210,50,,Aggregated,160.900000,0.000000,7,10,11,12,15,18,21,24,42,55,68,170552,0,7,8.341757304968402,2.3649209997529397,68.12561799961259,224.21184154979127
1789570211,50,,Aggregated,160.800000,0.000000,7,10,11,12,15,18,21,24,42,55,68,170716,0,7,8.341084672461708,2.3649209997529397,68.12561799961259,224.21069495536446
1789570212,50,,Aggregated,161.400000,0.000000,7,10,11,12,15,18,21,24,42,55,68,170877,0,7,8.341312875775966,2.3649209997529397,68.12561799961259,224.20970639699902
1789570213,50,,Aggregated,162.200000,0.000000,7,10,11,12,15,18,21,24,42,55,68,171043,0,7,8.340400253333872,2.3649209997529397,68.12561799961259,224.2114555988845
1789570214,50,,Aggregated,161.200000,0.000000,7,10,11,12,15,18,21,24,42,55,68,171202,0,7,8.340591649215527,2.3649209997529397,68.12561799961259,224.21275452389574
1789570215,50,,Aggregated,161.500000,0.000000,7,10,11,12,15,18,21,24,42,55,68,171361,0,7,8.339908649593585,2.3649209997529397,68.12561799961259,224.21004779383873
1789570216,50,,Aggregated,162.000000,0.000000,7,10,11,12,15,18,21,24,42,55,68,171527,0,7,8.338928086009778,2.3649209997529397,68.12561799961259,224.20969293464003
1789570217,50,,Aggregated,162.100000,0.000000,7,10,11,12,15,18,21,24,42,55,68,171691,0,7,8.337874504411975,2.3649209997529397,68.12561799961259,224.2109720369734
1789570218,50,,Aggregated,162.000000,0.000000,7,10,11,12,15,18,21,24,42,55,68,171854,0,7,8.337455686321007,2.3649209997529397,68.12561799961259,224.21263979889906
1789570219,50,,Aggregated,162.600000,0.000000,7,10,11,12,15,18,21,24,42,55,68,172021,0,7,8.336555633713322,2.3649209997529397,68.12561799961259,224.21377041175205
1789570220,50,,Aggregated,163.900000,0.000000,7,10,11,12,15,18,21,24,42,55,68,172177,0,7,8.337602116432452,2.3649209997529397,68.12561799961259,224.21591734087596
1789570221,50,,Aggregated,163.300000,0.000000,7,10,11,12,15,18,21,24,42,55,68,172348,0,7,8.336655269222646,2.3649209997529397,68.12561799961259,224.21561027688165
1789570222,50,,Aggregated,163.300000,0.000000,7,10,11,12,15,18,21,24,42,55,68,172509,0,7,8.335994107014685,2.3649209997529397,68.12561799961259,224.21659159811952
1789570223,50,,Aggregated,162.800000,0.000000,7,10,11,12,15,18,21,24,42,55,68,172681,0,7,8.336317034410213,2.3649209997529397,68.12561799961259,224.21720397727603
1789570224,50,,Aggregated,162.200000,0.000000,7,10,11,12,15,18,21,24,42,55,68,172848,0,7,8.335685155414,2.3649209997529397,68.12561799961259,224.21934300657225
1789570225,50,,Aggregated,162.200000,0.000000,7,10,11,12,15,18,21,24,42,55,68,173007,0,7,8.335529161114831,2.3649209997529397,68.12561799961259,224.2199564179484
1789570226,50,,Aggregated,163.200000,0.000000,7,10,11,12,15,18,21,24,42,55,68,173174,0,7,8.334495516630675,2.3649209997529397,68.12561799961259,224.22180581380576
1789570227,50,,Aggregated,163.600000,0.000000,7,10,11,12,15,18,21,24,42,55,68,173340,0,7,8.334066541952183,2.3649209997529397,68.12561799961259,224.22169147340486
1789570228,50,,Aggregated,164.500000,0.000000,7,10,11,12,15,18,21,24,42,55,68,173503,0,7,8.333750358846823,2.3649209997529397,68.12561799961259,224.22252641164707
1789570229,50,,Aggregated,164.500000,0.000000,7,10,11,12,15,18,21,24,42,55,68,173672,0,7,8.333697185389715,2.3649209997529397,68.12561799961259,224.22380694642774
1789570230,50,,Aggregated,164.000000,0.000000,7,10,11,12,15,18,21,24,42,55,68,173833,0,7,8.334350654611063,2.3649209997529397,68.12561799961259,224.22339831907635
1789570231,50,,Aggregated,164.400000,0.000000,7,10,11,12,15,18,21,24,42,55,68,173989,0,7,8.334968350775139,2.3649209997529397,68.12561799961259,224.22198529792112
1789570232,50,,Aggregated,164.300000,0.000000,7,10,11,12,15,18,21,24,42,55,68,174152,0,7,8.3339174035269,2.3649209997529397,68.12561799961259,224.2229029813037
1789570234,50,,Aggregated,164.600000,0.000000,7,10,11,12,15,18,21,24,42,55,68,174319,0,7,8.332957096948792,2.3649209997529397,68.12561799961259,224.22376791973338
1789570235,50,,Aggregated,163.900000,0.000000,7,10,11,12,15,18,21,24,42,55,68,174477,0,7,8.333129351312824,2.3649209997529397,68.12561799961259,224.22572029551174
1789570236,50,,Aggregated,163.600000,0.000000,7,10,11,12,15,18,21,24,42,55,68,174646,0,7,8.332370676688926,2.3649209997529397,68.12561799961259,224.22827319262967
1789570237,50,,Aggregated,163.600000,0.000000,7,10,11,12,15,18,21,24,42,55,68,174817,0,7,8.332898454521084,2.3649209997529397,68.12561799961259,224.22623085855494
1789570238,50,,Aggregated,163.000000,0.000000,7,10,11,12,15,18,21,24,42,55,68,174982,0,7,8.332225483466912,2.3649209997529397,68.12561799961259,224.22777199940566
1789570239,50,,Aggregated,164.200000,0.000000,7,10,11,12,15,18,21,24,42,55,68,175144,0,7,8.331774488929199,2.3649209997529397,68.12561799961259,224.22746996756953
1789570240,50,,Aggregated,164.000000,0.000000,7,10,11,12,15,18,21,24,42,55,68,175301,0,7,8.332102300791213,2.3649209997529397,68.12561799961259,224.2240261036731
1789570241,50,,Aggregated,163.400000,0.000000,7,10,11,12,15,18,21,24,42,55,68,175468,0,7,8.332329733045341,2.3649209997529397,68.12561799961259,224.22374450042173
1789570242,50,,Aggregated,162.700000,0.000000,7,10,11,12,15,18,21,24,42,55,68,175626,0,7,8.3315616290071,2.3649209997529397,68.12561799961259,224.2237766617699
1789570243,50,,Aggregated,162.700000,0.000000,7,10,11,12,15,18,21,24,42,55,68,175784,0,7,8.33126979966888,2.3649209997529397,68.12561799961259,224.222551540527
1789570244,50,,Aggregated,163.200000,0.000000,7,10,11,12,15,18,21,24,42,55,68,175948,0,7,8.33204822196328,2.3649209997529397,68.12561799961259,224.22219633073408
1789570245,50,,Aggregated,163.000000,0.000000,7,10,11,12,15,18,21,24,42,55,68,176106,0,7,8.33106639239995,2.3649209997529397,68.12561799961259,224.22176984316263
1789570246,50,,Aggregated,162.500000,0.000000,7,10,11,12,15,18,21,24,42,55,68,176266,0,7,8.330718440260616,2.3649209997529397,68.12561799961259,224.21946376499156
1789570247,50,,Aggregated,162.500000,0.000000,7,10,11,12,15,18,21,24,42,55,68,176415,0,7,8.330775028829628,2.3649209997529397,68.12561799961259,224.2205991554006
1789570248,50,,Aggregated,161.100000,0.000000,7,10,11,12,15,18,21,24,42,55,68,176578,0,7,8.331492674268498,2.3649209997529397,68.12561799961259,224.21999909388487
1789570249,50,,Aggregated,159.300000,0.000000,7,10,11,12,15,18,21,24,42,55,68,176750,0,7,8.331428556113023,2.3649209997529397,68.12561799961259,224.21898161244695
1789570250,50,,Aggregated,158.800000,0.000000,7,10,11,12,15,18,21,24,42,55,68,176916,0,7,8.33073638991381,2.3649209997529397,68.12561799961259,224.21784349634854
1789570251,50,,Aggregated,160.900000,0.000000,7,10,11,12,15,18,21,24,42,55,68,177074,0,7,8.330474560714599,2.3649209997529397,68.12561799961259,224.21758699752647
1789570252,50,,Aggregated,160.800000,0.000000,7,10,11,12,15,18,21,24,42,55,68,177230,0,7,8.329797162698009,2.3649209997529397,68.12561799961259,224.2187214354229
1789570253,50,,Aggregated,160.600000,0.000000,7,10,11,12,15,18,21,24,42,55,68,177403,0,7,8.329081052152258,2.3649209997529397,68.12561799961259,224.21579680163245
1789570254,50,,Aggregated,160.600000,0.000000,7,10,11,12,15,18,21,24,42,55,68,177569,0,7,8.328511488440979,2.3649209997529397,68.12561799961259,224.21266099375455
1789570255,50,,Aggregated,161.100000,0.000000,7,10,11,12,15,18,21,24,42,55,68,177730,0,7,8.327842757913642,2.3649209997529397,68.12561799961259,224.21357677375795
1789570256,50,,Aggregated,161.300000,0.000000,7,10,11,12,15,18,21,24,42,55,68,177882,0,7,8.328052144044907,2.3649209997529397,68.12561799961259,224.2158340922634
1789570257,50,,Aggregated,161.700000,0.000000,7,10,11,12,15,18,21,24,42,55,68,178043,0,7,8.327993970428437,2.3649209997529397,68.12561799961259,224.2149649242037
1789570258,50,,Aggregated,162.200000,0.000000,7,10,11,12,15,18,21,24,42,55,68,178215,0,7,8.32764533866396,2.3649209997529397,68.12561799961259,224.21277109109784
1789570259,50,,Aggregated,162.300000,0.000000,7,10,11,12,15,18,21,24,42,55,68,178377,0,7,8.326851938865365,2.3649209997529397,68.12561799961259,224.21249936931332
1789570260,50,,Aggregated,163.300000,0.000000,7,10,11,12,15,18,21,24,42,55,68,178533,0,7,8.326417947387798,2.3649209997529397,68.12561799961259,224.21210644530703
1789570261,50,,Aggregated,162.000000,0.000000,7,10,11,12,15,18,21,24,42,55,68,178694,0,7,8.325532148449227,2.3649209997529397,68.12561799961259,224.21305695770423
1789570262,50,,Aggregated,161.800000,0.000000,7,10,11,12,15,18,21,24,42,55,68,178856,0,7,8.325261493995129,2.3649209997529397,68.12561799961259,224.2130596681129
1789570263,50,,Aggregated,161.700000,0.000000,7,10,11,12,15,18,21,24,42,55,68,179017,0,7,8.32478229720085,2.3649209997529397,68.12561799961259,224.21448242345699
1789570264,50,,Aggregated,161.900000,0.000000,7,10,11,12,15,18,21,24,42,55,68,179176,0,7,8.325309777844172,2.3649209997529397,68.12561799961259,224.2147609054784
1789570265,50,,Aggregated,162.100000,0.000000,7,10,11,12,15,18,21,24,42,55,68,179336,0,7,8.32464200188469,2.3649209997529397,68.12561799961259,224.21153031181692
1789570266,50,,Aggregated,160.700000,0.000000,7,10,11,12,15,18,21,24,42,55,68,179508,0,7,8.324475139236053,2.3649209997529397,68.12561799961259,224.2115783140584
1789570267,50,,Aggregated,160.200000,0.000000,7,10,11,12,15,18,21,24,42,56,68,179661,0,7,8.326732343357701,2.3649209997529397,68.12561799961259,224.21568954864995
1789570268,50,,Aggregated,161.800000,0.000000,7,10,11,12,15,18,21,24,42,56,68,179825,0,7,8.325502770788265,2.3649209997529397,68.12561799961259,224.2153649381343
1789570269,50,,Aggregated,161.300000,0.000000,7,10,11,12,15,18,21,24,42,56,68,179990,0,7,8.325951945891433,2.3649209997529397,68.12561799961259,224.2149119395522
1789570270,50,,Aggregated,160.400000,0.000000,7,10,11,12,15,18,21,24,42,55,68,180147,0,7,8.326474566748297,2.3649209997529397,68.12561799961259,224.21335353905422
1789570271,50,,Aggregated,161.000000,0.000000,7,10,11,12,15,18,21,24,42,55,68,180316,0,7,8.327597222592559,2.3649209997529397,68.12561799961259,224.21208877747952
1789570272,50,,Aggregated,160.800000,0.000000,7,10,11,12,15,18,21,24,42,55,68,180471,0,7,8.3273641744656,2.3649209997529397,68.12561799961259,224.21354677482807
1789570273,50,,Aggregated,161.000000,0.000000,7,10,11,12,15,18,21,24,42,55,68,180637,0,7,8.327253650542119,2.3649209997529397,68.12561799961259,224.2154431262698
1789570274,50,,Aggregated,161.100000,0.000000,7,10,11,12,15,18,21,24,42,55,68,180802,0,7,8.326681466748035,2.3649209997529397,68.12561799961259,224.21550093472416
1789570275,50,,Aggregated,160.900000,0.000000,7,10,11,12,15,18,21,24,42,55,68,180965,0,7,8.325213294670096,2.3649209997529397,68.12561799961259,224.21438952283592
1789570276,50,,Aggregated,161.400000,0.000000,7,10,11,12,15,18,21,24,42,55,68,181129,0,7,8.324280534061264,2.3649209997529397,68.12561799961259,224.2138034218706
1789570277,50,,Aggregated,162.500000,0.000000,7,10,11,12,15,18,21,24,42,55,68,181283,0,7,8.324432051080235,2.3649209997529397,68.12561799961259,224.21346182488153
1789570278,50,,Aggregated,161.700000,0.000000,7,10,11,12,15,18,21,24,42,55,68,181441,0,7,8.325767345561252,2.3649209997529397,68.12561799961259,224.212305928649
1789570279,50,,Aggregated,162.000000,0.000000,7,10,11,12,15,18,21,24,42,55,68,181598,0,7,8.326165931386882,2.3649209997529397,68.12561799961259,224.21252436700846
1789570280,50,,Aggregated,161.800000,0.000000,7,10,11,12,15,18,21,24,43,55,68,181757,0,7,8.327572810670317,2.3649209997529397,68.12561799961259,224.21338380364992
1789570281,50,,Aggregated,160.400000,0.000000,7,10,11,12,15,18,21,24,43,55,68,181926,0,7,8.32750592959232,2.3649209997529397,68.12561799961259,224.21148708815673
1789570282,50,,Aggregated,160.600000,0.000000,7,10,11,12,15,18,21,24,42,55,68,182082,0,7,8.327537468135402,2.3649209997529397,68.12561799961259,224.210333805648
1789570283,50,,Aggregated,161.200000,0.000000,7,10,11,12,15,18,21,24,42,55,68,182246,0,7,8.327479076309173,2.3649209997529397,68.12561799961259,224.20900321543408
1789570284,50,,Aggregated,160.300000,0.000000,7,10,11,12,15,18,21,24,42,55,68,182425,0,7,8.327578661230982,2.3649209997529397,68.12561799961259,224.20777853912566
1789570285,50,,Aggregated,160.500000,0.000000,7,10,11,12,15,18,21,24,42,55,68,182583,0,7,8.327254654979194,2.3649209997529397,68.12561799961259,224.20810261634435
1789570286,50,,Aggregated,161.900000,0.000000,7,10,11,12,15,18,21,24,42,55,68,182742,0,7,8.326608113482793,2.3649209997529397,68.12561799961259,224.20971095861927
1789570287,50,,Aggregated,161.400000,0.000000,7,10,11,12,15,18,21,24,42,55,68,182901,0,7,8.32648066795191,2.3649209997529397,68.12561799961259,224.20965440320174
1789570288,50,,Aggregated,160.500000,0.000000,7,10,11,12,15,18,21,24,42,55,68,183066,0,7,8.326662921149024,2.3649209997529397,68.12561799961259,224.20844941168758
1789570289,50,,Aggregated,161.600000,0.000000,7,10,11,12,15,18,21,24,42,55,68,183217,0,7,8.327672333784868,2.3649209997529397,68.12561799961259,224.20831582222175
1789570290,50,,Aggregated,160.600000,0.000000,7,10,11,12,15,18,21,24,42,55,68,183375,0,7,8.327040457876336,2.3649209997529397,68.12561799961259,224.20659850034085
1789570291,50,,Aggregated,161.600000,0.000000,7,10,11,12,15,18,21,24,42,55,68,183541,0,7,8.327438179088391,2.3649209997529397,68.12561799961259,224.20669496188862
1789570292,50,,Aggregated,160.700000,0.000000,7,10,11,12,15,18,21,24,42,55,68,183707,0,7,8.326931232762197,2.3649209997529397,68.12561799961259,224.20589852319182
1789570293,50,,Aggregated,160.400000,0.000000,7,10,11,12,15,18,21,24,42,55,68,183864,0,7,8.326988905495698,2.3649209997529397,68.12561799961259,224.20407475090283
1789570294,50,,Aggregated,162.100000,0.000000,7,10,11,12,15,18,21,24,42,55,68,184024,0,7,8.327530569230468,2.3649209997529397,68.12561799961259,224.20379407033866
1789570295,50,,Aggregated,161.200000,0.000000,7,10,11,12,15,18,21,24,42,55,68,184198,0,7,8.326840477899156,2.3649209997529397,68.12561799961259,224.20385671939977
1789570296,50,,Aggregated,159.800000,0.000000,7,10,11,12,15,18,21,24,42,55,68,184353,0,7,8.327530247655641,2.3649209997529397,68.12561799961259,224.20386432550595
1789570297,50,,Aggregated,160.800000,0.000000,7,10,11,12,15,18,21,24,42,55,68,184523,0,7,8.326542747722751,2.3649209997529397,68.12561799961259,224.20432683188545
1789570298,50,,Aggregated,160.200000,0.000000,7,10,11,12,15,18,21,24,42,55,68,184688,0,7,8.326156525459435,2.3649209997529397,68.12561799961259,224.20269319067833
1789570299,50,,Aggregated,161.600000,0.000000,7,10,11,12,15,18,21,24,42,55,68,184853,0,7,8.326166089660688,2.3649209997529397,68.12561799961259,224.20395665745212
1789570300,50,,Aggregated,163.000000,0.000000,7,10,11,12,15,18,21,24,42,55,68,185011,0,7,8.327736267935613,2.3649209997529397,68.12561799961259,224.20597153682755
1789570301,50,,Aggregated,162.500000,0.000000,7,10,11,12,15,18,21,24,42,55,68,185173,0,7,8.328064871909083,2.3649209997529397,68.12561799961259,224.2064825865542
1789570302,50,,Aggregated,163.900000,0.000000,7,10,11,12,15,18,21,24,42,55,68,185330,0,7,8.3282732034857,2.3649209997529397,68.12561799961259,224.20421950035072
1789570303,50,,Aggregated,163.400000,0.000000,7,10,11,12,15,18,21,24,42,55,68,185492,0,7,8.329545998312739,2.3649209997529397,68.12561799961259,224.20330795937292
1789570304,50,,Aggregated,162.000000,0.000000,7,10,11,12,15,18,21,24,42,55,68,185651,0,7,8.329437216077617,2.3649209997529397,68.12561799961259,224.2012808980291
1789570305,50,,Aggregated,161.800000,0.000000,7,10,11,12,15,18,21,24,42,55,68,185803,0,7,8.329029961244023,2.3649209997529397,68.12561799961259,224.2024240728083
1789570306,50,,Aggregated,162.000000,0.000000,7,10,11,12,15,18,21,24,42,55,68,185969,0,7,8.331915797907275,2.3649209997529397,68.12561799961259,224.20333496442956
1789570307,50,,Aggregated,161.200000,0.000000,7,10,11,12,15,18,21,24,42,55,68,186128,0,7,8.332268378481604,2.3649209997529397,68.12561799961259,224.20597653227887
1789570308,50,,Aggregated,161.500000,0.000000,7,10,11,12,15,18,21,24,42,55,68,186286,0,7,8.333469946099207,2.3649209997529397,68.12561799961259,224.20604339563897
1789570309,50,,Aggregated,159.500000,0.000000,7,10,11,12,15,18,21,24,42,55,68,186459,0,7,8.333232354887953,2.3649209997529397,68.12561799961259,224.20639389892685
1789570310,50,,Aggregated,160.000000,0.000000,7,10,11,12,15,18,21,24,42,55,68,186618,0,7,8.333527708318911,2.3649209997529397,68.12561799961259,224.20743979680418
1789570311,50,,Aggregated,159.800000,0.000000,7,10,11,12,15,18,21,24,42,55,68,186787,0,7,8.333581244680083,2.3649209997529397,68.12561799961259,224.20602076161617
1789570312,50,,Aggregated,159.900000,0.000000,7,10,11,12,15,18,21,24,42,55,68,186941,0,7,8.33321113427261,2.3649209997529397,68.12561799961259,224.20687275664514
1789570313,50,,Aggregated,160.100000,0.000000,7,10,11,12,15,18,21,24,42,55,68,187104,0,7,8.332951229199015,2.3649209997529397,68.12561799961259,224.20524948691636
1789570314,50,,Aggregated,160.400000,0.000000,7,10,11,12,15,18,21,24,42,55,68,187268,0,7,8.333020612208468,2.3649209997529397,68.12561799961259,224.20475468312793
1789570315,50,,Aggregated,161.900000,0.000000,7,10,11,12,15,18,21,24,42,55,68,187434,0,7,8.332260950382835,2.3649209997529397,68.12561799961259,224.20638731500154
1789570316,50,,Aggregated,161.800000,0.000000,7,10,11,12,15,18,21,24,42,55,68,187589,0,7,8.332808260585942,2.3649209997529397,68.12561799961259,224.20583829542244
1789570317,50,,Aggregated,162.300000,0.000000,7,10,11,12,15,18,21,24,42,55,68,187746,0,7,8.332539526349773,2.3649209997529397,68.12561799961259,224.20631598010078
1789570318,50,,Aggregated,162.200000,0.000000,7,10,11,12,15,18,21,24,42,55,68,187912,0,7,8.33303595394688,2.3649209997529397,68.12561799961259,224.20555898505683
1789570319,50,,Aggregated,161.800000,0.000000,7,10,11,12,15,18,21,24,42,55,68,188066,0,7,8.332835532111462,2.3649209997529397,68.12561799961259,224.2047525868578
1789570320,50,,Aggregated,161.000000,0.000000,7,10,11,12,15,18,21,24,42,55,68,188224,0,7,8.333761244198747,2.3649209997529397,68.12561799961259,224.20385285617138
1789570321,50,,Aggregated,161.200000,0.000000,7,10,11,12,15,18,21,24,42,55,68,188391,0,7,8.33401754818471,2.3649209997529397,68.12561799961259,224.20004671136095
1789570322,50,,Aggregated,160.600000,0.000000,7,10,11,12,15,18,21,24,42,55,68,188556,0,7,8.333300984201404,2.3649209997529397,68.12561799961259,224.2004497337661
1789570323,50,,Aggregated,160.700000,0.000000,7,10,11,12,15,18,21,24,42,55,68,188718,0,7,8.332965414195163,2.3649209997529397,68.12561799961259,224.19998622282984
1789570324,50,,Aggregated,160.400000,0.000000,7,10,11,12,15,18,21,24,42,55,68,188885,0,7,8.333132871382517,2.3649209997529397,68.12561799961259,224.19971411176112
1789570325,50,,Aggregated,159.200000,0.000000,7,10,11,12,15,18,21,24,42,55,68,189041,0,7,8.33458956779263,2.3649209997529397,68.12561799961259,224.20104104400633
1789570326,50,,Aggregated,161.500000,0.000000,7,10,11,12,15,18,21,24,42,55,68,189206,0,7,8.33500289460744,2.3649209997529397,68.12561799961259,224.19894189402027
1789570327,50,,Aggregated,160.100000,0.000000,7,10,11,12,15,18,21,24,42,55,68,189365,0,7,8.335307256161853,2.3649209997529397,68.12561799961259,224.19885934570803
1789570328,50,,Aggregated,160.600000,0.000000,7,10,11,12,15,18,21,24,42,55,68,189527,0,7,8.336125020984253,2.3649209997529397,68.12561799961259,224.1976974256966
1789570329,50,,Aggregated,161.500000,0.000000,7,10,11,12,15,18,21,24,42,55,68,189690,0,7,8.335913569181617,2.3649209997529397,68.12561799961259,224.19818124308082
1789570330,50,,Aggregated,161.700000,0.000000,7,10,11,12,15,18,21,24,42,55,68,189847,0,7,8.336411413349005,2.3649209997529397,68.12561799961259,224.1971060906941
1789570331,50,,Aggregated,161.700000,0.000000,7,10,11,12,15,18,21,24,42,55,68,190008,0,7,8.335653135073619,2.3649209997529397,68.12561799961259,224.1998600058945
1789570332,50,,Aggregated,162.300000,0.000000,7,10,11,12,15,18,21,24,42,55,68,190168,0,7,8.335963448119955,2.3649209997529397,68.12561799961259,224.19747801943544
1789570333,50,,Aggregated,160.600000,0.000000,7,10,11,12,15,18,21,24,42,55,68,190331,0,7,8.335412993238588,2.3649209997529397,68.12561799961259,224.19874324203624
1789570334,50,,Aggregated,161.400000,0.000000,7,10,11,12,15,18,21,24,42,55,68,190490,0,7,8.3358521013496,2.3649209997529397,68.12561799961259,224.19890282954486
1789570335,50,,Aggregated,161.800000,0.000000,7,10,11,12,15,18,21,24,42,55,68,190651,0,7,8.334560970653639,2.3649209997529397,68.12561799961259,224.2009430844842
1789570336,50,,Aggregated,160.400000,0.000000,7,10,11,12,15,18,21,24,42,55,68,190817,0,7,8.334892093650465,2.3649209997529397,68.12561799961259,224.20278591530104
1789570337,50,,Aggregated,160.500000,0.000000,7,10,11,12,15,18,21,24,42,55,68,190978,0,7,8.33424663681739,2.3649209997529397,68.12561799961259,224.20195519902816
1789570338,50,,Aggregated,160.800000,0.000000,7,10,11,12,15,18,21,24,42,55,68,191146,0,7,8.333489950289893,2.3649209997529397,68.12561799961259,224.20308036788632
1789570339,50,,Aggregated,160.400000,0.000000,7,10,11,12,15,18,21,24,42,55,68,191301,0,7,8.33332298530652,2.3649209997529397,68.12561799961259,224.20468267285585
1789570340,50,,Aggregated,161.300000,0.000000,7,10,11,12,15,18,21,24,42,55,68,191474,0,7,8.332212955430581,2.3649209997529397,68.12561799961259,224.2063152177319
1789570341,50,,Aggregated,161.800000,0.000000,7,10,11,12,15,18,21,24,42,55,68,191635,0,7,8.332464141337013,2.3649209997529397,68.12561799961259,224.20281263860986
1789570342,50,,Aggregated,161.000000,0.000000,7,10,11,12,15,18,21,24,42,55,68,191800,0,7,8.3328843365178,2.3649209997529397,68.12561799961259,224.20236704900938
1789570343,50,,Aggregated,163.600000,0.000000,7,10,11,12,15,18,21,24,42,55,68,191959,0,7,8.333330549659674,2.3649209997529397,68.12561799961259,224.20347053277
1789570344,50,,Aggregated,163.200000,0.000000,7,10,11,12,15,18,21,24,42,55,68,192125,0,7,8.334638478407943,2.3649209997529397,68.12561799961259,224.20335718932986
1789570345,50,,Aggregated,163.000000,0.000000,7,10,11,12,15,18,21,24,42,55,68,192283,0,7,8.334384751003087,2.3649209997529397,68.12561799961259,224.20434983851928
1789570346,50,,Aggregated,161.900000,0.000000,7,10,11,12,15,18,21,24,42,55,68,192443,0,7,8.334166610165832,2.3649209997529397,68.12561799961259,224.20457486112772
1789570347,50,,Aggregated,163.000000,0.000000,7,10,11,12,15,18,21,24,42,55,68,192608,0,7,8.335540839638783,2.3649209997529397,68.12561799961259,224.20670480976906
1789570348,50,,Aggregated,162.800000,0.000000,7,10,11,12,15,18,21,24,42,55,68,192760,0,7,8.335380299009882,2.3649209997529397,68.12561799961259,224.20756899771737
1789570349,50,,Aggregated,162.700000,0.000000,7,10,11,12,15,18,21,24,42,55,68,192916,0,7,8.335647067677899,2.3649209997529397,68.12561799961259,224.2102469468577
1789570350,50,,Aggregated,161.500000,0.000000,7,10,11,12,15,18,21,24,42,55,68,193087,0,7,8.335052016283653,2.3649209997529397,68.12561799961259,224.20951695349765
1789570351,50,,Aggregated,160.000000,0.000000,7,10,11,12,15,18,21,24,42,55,68,193249,0,7,8.334169590684322,2.3649209997529397,68.12561799961259,224.21281869505145
1789570352,50,,Aggregated,160.900000,0.000000,7,10,11,12,15,18,21,24,42,55,68,193415,0,7,8.333663628080245,2.3649209997529397,68.12561799961259,224.21037665124214
1789570353,50,,Aggregated,161.000000,0.000000,7,10,11,12,15,18,21,24,42,55,68,193584,0,7,8.333566147332096,2.3649209997529397,68.12561799961259,224.21075605421936
1789570354,50,,Aggregated,161.300000,0.000000,7,10,11,12,15,18,21,24,42,55,68,193741,0,7,8.333215927150878,2.3649209997529397,68.12561799961259,224.21166402568377
1789570355,50,,Aggregated,161.200000,0.000000,7,10,11,12,15,18,21,24,42,55,68,193906,0,7,8.331782596573289,2.3649209997529397,68.12561799961259,224.21288149928316
1789570356,50,,Aggregated,161.500000,0.000000,7,10,11,12,15,18,21,24,42,55,68,194067,0,7,8.331755231132178,2.3649209997529397,68.12561799961259,224.21388489542272
1789570357,50,,Aggregated,161.200000,0.000000,7,10,11,12,15,18,21,24,42,55,68,194230,0,7,8.331614434397913,2.3649209997529397,68.12561799961259,224.21565669567008
1789570358,50,,Aggregated,161.200000,0.000000,7,10,11,12,15,18,21,24,42,55,68,194385,0,7,8.331550179242857,2.3649209997529397,68.12561799961259,224.2180157933997
1789570359,50,,Aggregated,161.600000,0.000000,7,10,11,12,15,18,21,24,42,55,68,194543,0,7,8.331473610323298,2.3649209997529397,68.12561799961259,224.21875369455597
1789570360,50,,Aggregated,162.200000,0.000000,7,10,11,12,15,18,21,24,42,55,68,194709,0,7,8.331172660062583,2.3649209997529397,68.12561799961259,224.2192399940424
1789570361,50,,Aggregated,162.200000,0.000000,7,10,11,12,15,18,21,24,42,55,68,194858,0,7,8.331340415595632,2.3649209997529397,68.12561799961259,224.21951882909605
1789570362,50,,Aggregated,162.500000,0.000000,7,10,11,12,15,18,21,24,42,55,68,195021,0,7,8.331533024090342,2.3649209997529397,68.12561799961259,224.22005835269022
1789570363,50,,Aggregated,160.700000,0.000000,7,10,11,12,15,18,21,24,42,55,68,195182,0,7,8.330990672362791,2.3649209997529397,68.12561799961259,224.21946695904336
1789570364,50,,Aggregated,159.400000,0.000000,7,10,11,12,15,18,21,24,42,55,68,195344,0,7,8.330561787621336,2.3649209997529397,68.12561799961259,224.2204009337374
1789570365,50,,Aggregated,159.800000,0.000000,7,10,11,12,15,18,21,24,42,55,68,195522,0,7,8.330060195318621,2.3649209997529397,68.12561799961259,224.22362700872537
1789570366,50,,Aggregated,160.400000,0.000000,7,10,11,12,15,18,21,24,42,55,68,195673,0,7,8.330415464719685,2.3649209997529397,68.12561799961259,224.22614770561088
1789570367,50,,Aggregated,160.600000,0.000000,7,10,11,12,15,18,21,24,42,55,68,195835,0,7,8.330388769209216,2.3649209997529397,68.12561799961259,224.22498021293435
1789570368,50,,Aggregated,160.000000,0.000000,7,10,11,12,15,18,21,24,42,55,68,195991,0,7,8.331240407422154,2.3649209997529397,68.12561799961259,224.22529095723783
1789570369,50,,Aggregated,160.400000,0.000000,7,10,11,12,15,18,21,24,42,55,68,196152,0,7,8.33123707398897,2.3649209997529397,68.12561799961259,224.22597781312453
1789570370,50,,Aggregated,159.700000,0.000000,7,10,11,12,15,18,21,24,42,55,68,196318,0,7,8.330003700960061,2.3649209997529397,68.12561799961259,224.2271111156389
1789570371,50,,Aggregated,160.400000,0.000000,7,10,11,12,15,18,21,24,42,55,68,196476,0,7,8.32955971765543,2.3649209997529397,68.12561799961259,224.2268623139722
1789570372,50,,Aggregated,159.800000,0.000000,7,10,11,12,15,18,21,24,42,55,68,196635,0,7,8.329734462247607,2.3649209997529397,68.12561799961259,224.22577364151854
1789570373,50,,Aggregated,160.100000,0.000000,7,10,11,12,15,18,21,24,42,55,68,196807,0,7,8.328829332879657,2.3649209997529397,68.12561799961259,224.22534259452155
1789570374,50,,Aggregated,161.400000,0.000000,7,10,11,12,15,18,21,24,42,55,68,196974,0,7,8.32884803470534,2.3649209997529397,68.12561799961259,224.22559322550185
1789570375,50,,Aggregated,161.900000,0.000000,7,10,11,12,15,18,21,24,42,55,68,197134,0,7,8.327889370626275,2.3649209997529397,68.12561799961259,224.22622175778912
1789570376,50,,Aggregated,161.500000,0.000000,7,10,11,12,15,18,21,24,42,55,68,197299,0,7,8.327593318760062,2.3649209997529397,68.12561799961259,224.22604270675473
1789570377,50,,Aggregated,161.700000,0.000000,7,10,11,12,15,18,21,24,42,55,68,197471,0,7,8.327755225030755,2.3649209997529397,68.12561799961259,224.22350623635876
1789570378,50,,Aggregated,162.800000,0.000000,7,10,11,12,15,18,21,24,42,55,68,197624,0,7,8.327381755121037,2.3649209997529397,68.12561799961259,224.22304983200422
1789570379,50,,Aggregated,163.200000,0.000000,7,10,11,12,15,18,21,24,42,55,68,197789,0,7,8.327735885560138,2.3649209997529397,68.12561799961259,224.22308116224866
1789570380,50,,Aggregated,163.200000,0.000000,7,10,11,12,15,18,21,24,42,55,68,197953,0,7,8.32705222987302,2.3649209997529397,68.12561799961259,224.22509383540537
1789570381,50,,Aggregated,163.400000,0.000000,7,10,11,12,15,18,21,24,42,55,68,198115,0,7,8.326750907069426,2.3649209997529397,68.12561799961259,224.22649976024027
1789570382,50,,Aggregated,163.100000,0.000000,7,10,11,12,15,18,21,24,42,55,68,198269,0,7,8.326142153145794,2.3649209997529397,68.12561799961259,224.22499735208228
1789570383,50,,Aggregated,163.200000,0.000000,7,10,11,12,15,18,21,24,42,55,68,198435,0,7,8.326108414629726,2.3649209997529397,68.12561799961259,224.2260437926777
1789570384,50,,Aggregated,163.400000,0.000000,7,10,11,12,15,18,21,24,42,55,68,198591,0,7,8.326855503119669,2.3649209997529397,68.12561799961259,224.22521161583356
1789570385,50,,Aggregated,162.400000,0.000000,7,10,11,12,15,18,21,24,42,55,68,198755,0,7,8.326724096254392,2.3649209997529397,68.12561799961259,224.22588614122915
1789570386,50,,Aggregated,162.200000,0.000000,7,10,11,12,15,18,21,24,42,55,68,198916,0,7,8.326295992600077,2.3649209997529397,68.12561799961259,224.2265277805707
1789570387,50,,Aggregated,162.000000,0.000000,7,10,11,12,15,18,21,24,42,55,68,199078,0,7,8.326828960206784,2.3649209997529397,68.12561799961259,224.22721747254846
1789570388,50,,Aggregated,161.500000,0.000000,7,10,11,12,15,18,21,24,42,55,68,199239,0,7,8.326562351010896,2.3649209997529397,68.12561799961259,224.22565361199364
1789570389,50,,Aggregated,160.500000,0.000000,7,10,11,12,15,18,21,24,42,55,68,199398,0,7,8.327007525331553,2.3649209997529397,68.12561799961259,224.22860811041235
1789570390,50,,Aggregated,160.700000,0.000000,7,10,11,12,15,18,21,24,42,55,68,199579,0,7,8.326565588829821,2.3649209997529397,68.12561799961259,224.23048517128555
1789570391,50,,Aggregated,160.700000,0.000000,7,10,11,12,15,18,21,24,42,55,68,199743,0,7,8.326317926611024,2.3649209997529397,68.12561799961259,224.2295149266808
1789570392,50,,Aggregated,161.800000,0.000000,7,10,11,12,15,18,21,24,42,55,68,199902,0,7,8.326383380826869,2.3649209997529397,68.12561799961259,224.23055297095576
1789570393,50,,Aggregated,162.700000,0.000000,7,10,11,12,15,18,21,24,42,55,68,200068,0,7,8.326034897325183,2.3649209997529397,68.12561799961259,224.23008177219745
1789570394,50,,Aggregated,162.700000,0.000000,7,10,11,12,15,18,21,24,42,55,68,200225,0,7,8.326164443696081,2.3649209997529397,68.12561799961259,224.22960669247098
1789570395,50,,Aggregated,162.400000,0.000000,7,10,11,12,15,18,21,24,42,55,68,200389,0,7,8.326944904216553,2.3649209997529397,68.12561799961259,224.2297830719251
1789570396,50,,Aggregated,163.000000,0.000000,7,10,11,12,15,18,21,24,42,55,68,200541,0,7,8.327417773328381,2.3649209997529397,68.12561799961259,224.22837723956698
1789570397,50,,Aggregated,161.900000,0.000000,7,10,11,12,15,18,21,24,42,55,68,200708,0,7,8.326917809579239,2.3649209997529397,68.12561799961259,224.23087769296689
1789570398,50,,Aggregated,162.200000,0.000000,7,10,11,12,15,18,21,24,42,55,68,200867,0,7,8.326515529589338,2.3649209997529397,68.12561799961259,224.23221833352417
1789570399,50,,Aggregated,161.900000,0.000000,7,10,11,12,15,18,21,24,42,55,68,201034,0,7,8.326508436627764,2.3649209997529397,68.12561799961259,224.23400021886846
1789570400,50,,Aggregated,161.600000,0.000000,7,10,11,12,15,18,21,24,42,55,68,201193,0,7,8.326579858056869,2.3649209997529397,68.12561799961259,224.23344251539567
1789570401,50,,Aggregated,162.500000,0.000000,7,10,11,12,15,18,21,24,42,55,68,201351,0,7,8.326484482883268,2.3649209997529397,68.12561799961259,224.23437181836692
1789570402,50,,Aggregated,160.600000,0.000000,7,10,11,12,15,18,21,24,42,55,68,201519,0,7,8.32685563161306,2.3649209997529397,68.12561799961259,224.23517881688576
1789570403,50,,Aggregated,160.600000,0.000000,7,10,11,12,15,18,21,24,42,55,68,201678,0,7,8.327003211738662,2.3649209997529397,68.12561799961259,224.23462648380092
1789570404,50,,Aggregated,161.100000,0.000000,7,10,11,12,15,18,21,24,42,55,68,201829,0,7,8.32736448401876,2.3649209997529397,68.12561799961259,224.23650714218473
1789570405,50,,Aggregated,161.100000,0.000000,7,10,11,12,15,18,21,24,42,55,68,201996,0,7,8.32846714706744,2.3649209997529397,68.12561799961259,224.24014336917563
1789570406,50,,Aggregated,160.500000,0.000000,7,10,11,12,15,18,21,24,42,55,68,202151,0,7,8.328477789068739,2.3649209997529397,68.12561799961259,224.2442233775742
1789570407,50,,Aggregated,159.900000,0.000000,7,10,11,12,15,18,21,24,42,55,68,202308,0,7,8.328111904032587,2.3649209997529397,68.12561799961259,224.24598137493328
1789570408,50,,Aggregated,160.500000,0.000000,7,10,11,12,15,18,21,24,42,55,68,202473,0,7,8.326939772651283,2.3649209997529397,68.12561799961259,224.2460130486534
1789570409,50,,Aggregated,159.900000,0.000000,7,10,11,12,15,18,21,24,42,55,68,202643,0,7,8.326273561776302,2.3649209997529397,68.12561799961259,224.24680349185513
1789570410,50,,Aggregated,159.900000,0.000000,7,10,11,12,15,18,21,24,42,55,68,202803,0,7,8.326154731330469,2.3649209997529397,68.12561799961259,224.24948841979656
1789570411,50,,Aggregated,159.600000,0.000000,7,10,11,12,15,18,21,24,42,55,68,202960,0,7,8.326808162608476,2.3649209997529397,68.12561799961259,224.24918210484824
1789570412,50,,Aggregated,161.900000,0.000000,7,10,11,12,15,18,21,24,42,55,68,203119,0,7,8.326645868658415,2.3649209997529397,68.12561799961259,224.25023754547826
1789570413,50,,Aggregated,160.200000,0.000000,7,10,11,12,15,18,21,24,42,55,68,203288,0,7,8.326664746438665,2.3649209997529397,68.12561799961259,224.25042304513792
1789570414,50,,Aggregated,158.900000,0.000000,7,10,11,12,15,18,21,24,42,55,68,203449,0,7,8.32594469934982,2.3649209997529397,68.12561799961259,224.2493597904143
1789570415,50,,Aggregated,159.300000,0.000000,7,10,11,12,15,18,21,24,42,55,68,203603,0,7,8.325575726767449,2.3649209997529397,68.12561799961259,224.25036468028466
1789570416,50,,Aggregated,159.700000,0.000000,7,10,11,12,15,18,21,24,42,55,68,203771,0,7,8.325454823242934,2.3649209997529397,68.12561799961259,224.25177773088419
1789570417,50,,Aggregated,161.700000,0.000000,7,10,11,12,15,18,21,24,42,55,68,203930,0,7,8.326448253768685,2.3649209997529397,68.12561799961259,224.25481782964744
1789570418,50,,Aggregated,160.400000,0.000000,7,10,11,12,15,18,21,24,42,55,68,204093,0,7,8.326206383394057,2.3649209997529397,68.12561799961259,224.25241924024832
1789570419,50,,Aggregated,161.300000,0.000000,7,10,11,12,15,18,21,24,42,55,68,204254,0,7,8.325793524200524,2.3649209997529397,68.12561799961259,224.25429122563082
1789570420,50,,Aggregated,161.900000,0.000000,7,10,11,12,15,18,21,24,42,55,68,204414,0,7,8.32570885246633,2.3649209997529397,68.12561799961259,224.25564785190838
1789570421,50,,Aggregated,161.300000,0.000000,7,10,11,12,15,18,21,24,42,55,68,204576,0,7,8.326102373699992,2.3649209997529397,68.12561799961259,224.25564582355702
1789570422,50,,Aggregated,159.900000,0.000000,7,10,11,12,15,18,21,24,42,55,68,204742,0,7,8.32847109484153,2.3649209997529397,68.12561799961259,224.25419796622091
1789570423,50,,Aggregated,161.200000,0.000000,7,10,11,12,15,18,21,24,42,55,68,204900,0,7,8.328744226154473,2.3649209997529397,68.12561799961259,224.25461200585653
1789570424,50,,Aggregated,161.200000,0.000000,7,10,11,12,15,18,21,24,42,55,68,205065,0,7,8.329048445293182,2.3649209997529397,68.12561799961259,224.2567478604345
1789570425,50,,Aggregated,161.400000,0.000000,7,10,11,12,15,18,21,24,42,55,68,205220,0,7,8.329430988276265,2.3649209997529397,68.12561799961259,224.25631517395965
1789570426,50,,Aggregated,161.800000,0.000000,7,10,11,12,15,18,21,24,42,55,68,205378,0,7,8.329030337918622,2.3649209997529397,68.12561799961259,224.25480820730556
1789570427,50,,Aggregated,160.300000,0.000000,7,10,11,12,15,18,21,24,42,55,68,205546,0,7,8.328466893021737,2.3649209997529397,68.12561799961259,224.2544588559252
1789570428,50,,Aggregated,160.700000,0.000000,7,10,11,12,15,18,21,24,42,55,68,205717,0,7,8.328297416625883,2.3649209997529397,68.12561799961259,224.2537806792827
1789570429,50,,Aggregated,161.200000,0.000000,7,10,11,12,15,18,21,24,42,55,68,205877,0,7,8.328820369589716,2.3649209997529397,68.12561799961259,224.25307829432137
1789570430,50,,Aggregated,162.100000,0.000000,7,10,11,12,15,18,21,24,42,55,68,206039,0,7,8.329073244808086,2.3649209997529397,68.12561799961259,224.25213187794543
1789570431,50,,Aggregated,161.800000,0.000000,7,10,11,12,15,18,21,24,42,55,68,206199,0,7,8.329232019490968,2.3649209997529397,68.12561799961259,224.25164525531162
1789570432,50,,Aggregated,162.300000,0.000000,7,10,11,12,15,18,21,24,42,55,68,206360,0,7,8.328863873759472,2.3649209997529397,68.12561799961259,224.25507850358596
1789570433,50,,Aggregated,161.600000,0.000000,7,10,11,12,15,18,21,24,42,55,68,206521,0,7,8.327263172205212,2.3649209997529397,68.12561799961259,224.25367396051735
1789570434,50,,Aggregated,162.400000,0.000000,7,10,11,12,15,18,21,24,42,55,68,206674,0,7,8.327379087766179,2.3649209997529397,68.12561799961259,224.25212169890744
1789570435,50,,Aggregated,162.400000,0.000000,7,10,11,12,15,18,21,24,42,55,68,206840,0,7,8.327859724748388,2.3649209997529397,68.12561799961259,224.25268323341714
1789570436,50,,Aggregated,160.700000,0.000000,7,10,11,12,15,18,21,24,42,55,68,207000,0,7,8.328532368212336,2.3649209997529397,68.12561799961259,224.25246376811594
1789570437,50,,Aggregated,161.700000,0.000000,7,10,11,12,15,18,21,24,42,55,68,207170,0,7,8.3279578884441,2.3649209997529397,68.12561799961259,224.25462180817686
1789570438,50,,Aggregated,161.600000,0.000000,7,10,11,12,15,18,21,24,42,55,68,207337,0,7,8.327350696392664,2.3649209997529397,68.12561799961259,224.25433473041474
1789570439,50,,Aggregated,162.100000,0.000000,7,10,11,12,15,18,21,24,42,55,68,207497,0,7,8.327841197665276,2.3649209997529397,68.12561799961259,224.25604225603263
1789570440,50,,Aggregated,161.800000,0.000000,7,10,11,12,15,18,21,24,42,55,68,207654,0,7,8.328269656592001,2.3649209997529397,68.12561799961259,224.25576680439576
1789570441,50,,Aggregated,161.900000,0.000000,7,10,11,12,15,18,21,24,42,55,68,207819,0,7,8.329042299515233,2.3649209997529397,68.12561799961259,224.255929438598
1789570442,50,,Aggregated,161.300000,0.000000,7,10,11,12,15,18,21,24,42,55,68,207986,0,7,8.32907390986394,2.3649209997529397,68.12561799961259,224.25479599588434
1789570443,50,,Aggregated,161.200000,0.000000,7,10,11,12,15,18,21,24,42,55,68,208145,0,7,8.328818165360524,2.3649209997529397,68.12561799961259,224.25582166278315
1789570444,50,,Aggregated,161.600000,0.000000,7,10,11,12,15,18,21,24,42,55,68,208316,0,7,8.329076523104128,2.3649209997529397,68.12561799961259,224.25486760498472
1789570445,50,,Aggregated,162.400000,0.000000,7,10,11,12,15,18,21,24,42,55,68,208476,0,7,8.32847088145384,2.3649209997529397,68.12561799961259,224.2548350889311
1789570446,50,,Aggregated,163.600000,0.000000,7,10,11,12,15,18,21,24,42,55,68,208638,0,7,8.328118517048535,2.3649209997529397,68.12561799961259,224.25517882648415
1789570447,50,,Aggregated,163.000000,0.000000,7,10,11,12,15,18,21,24,42,55,68,208799,0,7,8.328472887666987,2.3649209997529397,68.12561799961259,224.25572919410533
1789570448,50,,Aggregated,163.700000,0.000000,7,10,11,12,15,18,21,24,42,55,68,208955,0,7,8.328408096044479,2.3649209997529397,68.12561799961259,224.25746213299513
1789570449,50,,Aggregated,162.000000,0.000000,7,10,11,12,15,18,21,24,42,55,68,209122,0,7,8.32809242439328,2.3649209997529397,68.12561799961259,224.25963313281244
1789570450,50,,Aggregated,162.200000,0.000000,7,10,11,12,15,18,21,24,42,55,68,209285,0,7,8.328071587519279,2.3649209997529397,68.12561799961259,224.2570466110806
1789570451,50,,Aggregated,161.700000,0.000000,7,10,11,12,15,18,21,24,42,55,68,209450,0,7,8.327620547438444,2.3649209997529397,68.12561799961259,224.25571735497732
1789570452,50,,Aggregated,163.100000,0.000000,7,10,11,12,15,18,21,24,42,55,68,209612,0,7,8.327503161946664,2.3649209997529397,68.12561799961259,224.25569623876495
1789570453,50,,Aggregated,163.100000,0.000000,7,10,11,12,15,18,21,24,42,55,68,209779,0,7,8.327031218820617,2.3649209997529397,68.12561799961259,224.25584067041981
1789570454,50,,Aggregated,162.500000,0.000000,7,10,11,12,15,18,21,24,42,55,68,209948,0,7,8.327151220268798,2.3649209997529397,68.12561799961259,224.25772095947568
1789570455,50,,Aggregated,162.300000,0.000000,7,10,11,12,15,18,21,24,42,55,68,210108,0,7,8.326598533320883,2.3649209997529397,68.12561799961259,224.25791497705941
1789570456,50,,Aggregated,162.800000,0.000000,7,10,11,12,15,18,21,24,42,55,68,210271,0,7,8.32673903192542,2.3649209997529397,68.12561799961259,224.25478073533677
1789570457,50,,Aggregated,163.200000,0.000000,7,10,11,12,15,18,21,24,42,55,68,210429,0,7,8.326284152089206,2.3649209997529397,68.12561799961259,224.25260776794073
1789570458,50,,Aggregated,162.900000,0.000000,7,10,11,12,15,18,21,24,42,55,68,210588,0,7,8.32758454572418,2.3649209997529397,68.12561799961259,224.2520181586795
1789570459,50,,Aggregated,163.600000,0.000000,7,10,11,12,15,18,21,24,42,55,68,210754,0,7,8.327881737433074,2.3649209997529397,68.12561799961259,224.25240327585715
1789570460,50,,Aggregated,162.100000,0.000000,7,10,11,12,15,18,21,24,42,55,68,210917,0,7,8.3285917985557,2.3649209997529397,68.12561799961259,224.25310430169213
1789570461,50,,Aggregated,162.900000,0.000000,7,10,11,12,15,18,21,24,42,55,68,211082,0,7,8.327562269397639,2.3649209997529397,68.12561799961259,224.25438928947045
1789570462,50,,Aggregated,161.900000,0.000000,7,10,11,12,15,18,21,24,42,55,68,211245,0,7,8.327079768273721,2.3649209997529397,68.12561799961259,224.25298113564818
1789570463,50,,Aggregated,162.800000,0.000000,7,10,11,12,15,18,21,24,42,55,68,211408,0,7,8.326808448388842,2.3649209997529397,68.12561799961259,224.25175017028684
1789570464,50,,Aggregated,163.100000,0.000000,7,10,11,12,15,18,21,24,42,55,68,211577,0,7,8.326608582525429,2.3649209997529397,68.12561799961259,224.25348218379125
1789570465,50,,Aggregated,162.300000,0.000000,7,10,11,12,15,18,21,24,42,55,68,211732,0,7,8.32730231692883,2.3649209997529397,68.12561799961259,224.25451986473468
1789570466,50,,Aggregated,162.000000,0.000000,7,10,11,12,15,18,21,24,42,55,68,211894,0,7,8.32736989404594,2.3649209997529397,68.12561799961259,224.25340500438898
1789570467,50,,Aggregated,161.500000,0.000000,7,10,11,12,15,18,21,24,42,55,68,212047,0,7,8.327358299744803,2.3649209997529397,68.12561799961259,224.25479728550746
1789570468,50,,Aggregated,160.900000,0.000000,7,10,11,12,15,18,21,24,42,55,68,212212,0,7,8.326951299078226,2.3649209997529397,68.12561799961259,224.2552777411268
1789570469,50,,Aggregated,161.400000,0.000000,7,10,11,12,15,18,21,24,42,55,68,212378,0,7,8.326775856355045,2.3649209997529397,68.12561799961259,224.25524771869027
1789570470,50,,Aggregated,162.100000,0.000000,7,10,11,12,15,18,21,24,42,55,68,212546,0,7,8.326779216701164,2.3649209997529397,68.12561799961259,224.25515417838963
1789570471,50,,Aggregated,162.300000,0.000000,7,10,11,12,15,18,21,24,42,55,68,212698,0,7,8.327307491997852,2.3649209997529397,68.12561799961259,224.25446877732747
1789570472,50,,Aggregated,162.200000,0.000000,7,10,11,12,15,18,21,24,42,55,68,212867,0,7,8.327905046446647,2.3649209997529397,68.12561799961259,224.2559344567265
1789570473,50,,Aggregated,162.100000,0.000000,7,10,11,12,15,18,21,24,42,55,68,213018,0,7,8.327989353702272,2.3649209997529397,68.12561799961259,224.25661211728587
1789570474,50,,Aggregated,161.100000,0.000000,7,10,11,12,15,18,21,24,42,55,68,213185,0,7,8.328024843778628,2.3649209997529397,68.12561799961259,224.25551985364825
1789570475,50,,Aggregated,161.700000,0.000000,7,10,11,12,15,18,21,24,42,55,68,213335,0,7,8.328127578990522,2.3649209997529397,68.12561799961259,224.25351676940025
1789570476,50,,Aggregated,160.400000,0.000000,7,10,11,12,15,18,21,24,42,55,68,213502,0,7,8.328205045142195,2.3649209997529397,68.12561799961259,224.25344961639703
1789570477,50,,Aggregated,161.400000,0.000000,7,10,11,12,15,18,21,24,42,55,68,213659,0,7,8.327918191894252,2.3649209997529397,68.12561799961259,224.25637581379675
1789570478,50,,Aggregated,161.400000,0.000000,7,10,11,12,15,18,21,24,42,55,68,213817,0,7,8.3296653175703,2.3649209997529397,68.12561799961259,224.2557654442818
1789570479,50,,Aggregated,160.700000,0.000000,7,10,11,12,15,18,21,24,42,56,68,213977,0,7,8.331798194660768,2.3649209997529397,68.12561799961259,224.2562565135505
1789570480,50,,Aggregated,159.400000,0.000000,7,10,11,12,15,18,21,24,42,56,68,214139,0,7,8.331693933524145,2.3649209997529397,68.12561799961259,224.25768309369147
1789570481,50,,Aggregated,159.100000,0.000000,7,10,11,12,15,18,21,24,42,56,68,214295,0,7,8.331856846076377,2.3649209997529397,68.12561799961259,224.2586014606034
1789570482,50,,Aggregated,158.900000,0.000000,7,10,11,12,15,18,21,24,42,56,68,214463,0,7,8.332004482017581,2.3649209997529397,68.12561799961259,224.2559136074754
1789570483,50,,Aggregated,158.500000,0.000000,7,10,11,12,15,18,21,24,42,56,68,214625,0,7,8.332226051480166,2.3649209997529397,68.12561799961259,224.25500291205591
1789570484,50,,Aggregated,159.900000,0.000000,7,10,11,12,15,18,21,24,42,56,68,214775,0,7,8.332607016780031,2.3649209997529397,68.12561799961259,224.25536957280875
1789570485,50,,Aggregated,159.200000,0.000000,7,10,11,12,15,18,21,24,42,56,68,214947,0,7,8.331891785960927,2.3649209997529397,68.12561799961259,224.25496517746234
1789570486,50,,Aggregated,160.100000,0.000000,7,10,11,12,15,18,21,24,42,56,68,215111,0,7,8.33156457454494,2.3649209997529397,68.12561799961259,224.25302285796636
1789570487,50,,Aggregated,159.000000,0.000000,7,10,11,12,15,18,21,24,42,56,68,215277,0,7,8.332554599399435,2.3649209997529397,68.12561799961259,224.2535291740409
1789570488,50,,Aggregated,159.700000,0.000000,7,10,11,12,15,18,21,24,42,56,68,215447,0,7,8.3326757068092,2.3649209997529397,68.12561799961259,224.25378863479185
1789570489,50,,Aggregated,160.400000,0.000000,7,10,11,12,15,18,21,24,42,56,68,215603,0,7,8.335240981089875,2.3649209997529397,68.12561799961259,224.25282579555943
1789570490,50,,Aggregated,161.900000,0.000000,7,10,11,12,15,18,21,24,42,56,68,215757,0,7,8.335130547777883,2.3649209997529397,68.12561799961259,224.25106949021352
1789570491,50,,Aggregated,162.600000,0.000000,7,10,11,12,15,18,21,24,42,56,68,215928,0,7,8.335507099356773,2.3649209997529397,68.12561799961259,224.25020377162758
1789570492,50,,Aggregated,162.300000,0.000000,7,10,11,12,15,18,21,24,42,56,68,216091,0,7,8.336021707159976,2.3649209997529397,68.12561799961259,224.24853881003835
1789570493,50,,Aggregated,162.400000,0.000000,7,10,11,12,15,18,21,24,42,56,68,216250,0,7,8.336007303204115,2.3649209997529397,68.12561799961259,224.24826358381503
1789570494,50,,Aggregated,161.700000,0.000000,7,10,11,12,15,18,21,24,42,56,68,216411,0,7,8.336364847502663,2.3649209997529397,68.12561799961259,224.24626751874905
1789570495,50,,Aggregated,162.100000,0.000000,7,10,11,12,15,18,21,24,42,56,68,216572,0,7,8.336185011787807,2.3649209997529397,68.12561799961259,224.24698021904956
1789570496,50,,Aggregated,162.200000,0.000000,7,10,11,12,15,18,21,24,42,56,68,216734,0,7,8.336670613618113,2.3649209997529397,68.12561799961259,224.24755229913166
1789570497,50,,Aggregated,162.700000,0.000000,7,10,11,12,15,18,21,24,42,56,68,216899,0,7,8.33608925196016,2.3649209997529397,68.12561799961259,224.247838855873
1789570498,50,,Aggregated,162.600000,0.000000,7,10,11,12,15,18,21,24,42,56,68,217061,0,7,8.336020208599898,2.3649209997529397,68.12561799961259,224.24739589332032
1789570499,50,,Aggregated,161.600000,0.000000,7,10,11,12,15,18,21,24,42,56,68,217229,0,7,8.335673955442793,2.3649209997529397,68.12561799961259,224.24574527342114
1789570500,50,,Aggregated,161.800000,0.000000,7,10,11,12,15,18,21,24,42,56,68,217392,0,7,8.334957173083096,2.3649209997529397,68.12561799961259,224.24577721351292
1789570501,50,,Aggregated,161.200000,0.000000,7,10,11,12,15,18,21,24,42,56,68,217562,0,7,8.334768391322454,2.3649209997529397,68.12561799961259,224.2432777782885
1789570502,50,,Aggregated,162.100000,0.000000,7,10,11,12,15,18,21,24,42,56,68,217720,0,7,8.334796846481233,2.3649209997529397,68.12561799961259,224.24455722946905
1789570503,50,,Aggregated,162.300000,0.000000,7,10,11,12,15,18,21,24,42,56,68,217885,0,7,8.334800386161975,2.3649209997529397,68.12561799961259,224.2456203960805
1789570504,50,,Aggregated,162.400000,0.000000,7,10,11,12,15,18,21,24,42,56,68,218049,0,7,8.334906139252546,2.3649209997529397,68.12561799961259,224.24433040279936
1789570505,50,,Aggregated,162.400000,0.000000,7,10,11,12,15,18,21,24,42,56,68,218205,0,7,8.335186040653909,2.3649209997529397,68.12561799961259,224.24317957883642
1789570506,50,,Aggregated,163.400000,0.000000,7,10,11,12,15,18,21,24,42,56,68,218356,0,7,8.33488327413903,2.3649209997529397,68.12561799961259,224.24485244279984
1789570507,50,,Aggregated,162.300000,0.000000,7,10,11,12,15,18,21,24,42,56,68,218515,0,7,8.33517030628974,2.3649209997529397,68.12561799961259,224.24567192183602
1789570508,50,,Aggregated,162.600000,0.000000,7,10,11,12,15,18,21,24,42,56,68,218677,0,7,8.335200869656676,2.3649209997529397,68.12561799961259,224.2458283221372
1789570509,50,,Aggregated,162.500000,0.000000,7,10,11,12,15,18,21,24,42,56,68,218847,0,7,8.334934445872813,2.3649209997529397,68.12561799961259,224.24673858905993
1789570510,50,,Aggregated,161.600000,0.000000,7,10,11,12,15,18,21,24,42,56,68,219007,0,7,8.334838267009356,2.3649209997529397,68.12561799961259,224.24651266854485
1789570511,50,,Aggregated,160.600000,0.000000,7,10,11,12,15,18,21,24,42,56,68,219175,0,7,8.334399287094405,2.3649209997529397,68.12561799961259,224.24558457853314
1789570512,50,,Aggregated,160.800000,0.000000,7,10,11,12,15,18,21,24,42,56,68,219341,0,7,8.333818682740253,2.3649209997529397,68.12561799961259,224.24418599349872
1789570513,50,,Aggregated,161.000000,0.000000,7,10,11,12,15,18,21,24,42,56,68,219500,0,7,8.333360575990564,2.3649209997529397,68.12561799961259,224.24222323462413
1789570514,50,,Aggregated,161.800000,0.000000,7,10,11,12,15,18,21,24,42,56,68,219665,0,7,8.333298779195289,2.3649209997529397,68.12561799961259,224.24329774884484
1789570515,50,,Aggregated,161.800000,0.000000,7,10,11,12,15,18,21,24,42,56,68,219831,0,7,8.33317205146196,2.3649209997529397,68.12561799961259,224.24238619666926
1789570516,50,,Aggregated,160.600000,0.000000,7,10,11,12,15,18,21,24,42,56,68,219986,0,7,8.332890187611618,2.3649209997529397,68.12561799961259,224.24030620130372
1789570517,50,,Aggregated,162.700000,0.000000,7,10,11,12,15,18,21,24,42,56,68,220149,0,7,8.333068846726212,2.3649209997529397,68.12561799961259,224.23979214077738
1789570518,50,,Aggregated,162.200000,0.000000,7,10,11,12,15,18,21,24,42,56,68,220311,0,7,8.33292703572653,2.3649209997529397,68.12561799961259,224.23980191638185
1789570519,50,,Aggregated,162.100000,0.000000,7,10,11,12,15,18,21,24,42,56,68,220465,0,7,8.332446693837834,2.3649209997529397,68.12561799961259,224.24073208899372
1789570520,50,,Aggregated,163.000000,0.000000,7,10,11,12,15,18,21,24,42,56,68,220629,0,7,8.332659800175676,2.3649209997529397,68.12561799961259,224.24048969083847
1789570521,50,,Aggregated,163.300000,0.000000,7,10,11,12,15,18,21,24,42,56,68,220791,0,7,8.332311166433245,2.3649209997529397,68.12561799961259,224.24029964989515
1789570522,50,,Aggregated,162.100000,0.000000,7,10,11,12,15,18,21,24,42,56,68,220951,0,7,8.331170874569212,2.3649209997529397,68.12561799961259,224.23920235708368
1789570523,50,,Aggregated,162.400000,0.000000,7,10,11,12,15,18,21,24,42,56,68,221113,0,7,8.332396803891859,2.3649209997529397,68.12561799961259,224.24059191454143
1789570524,50,,Aggregated,161.200000,0.000000,7,10,11,12,15,18,21,24,42,56,68,221272,0,7,8.332502774295605,2.3649209997529397,68.12561799961259,224.23970949781264
1789570525,50,,Aggregated,160.800000,0.000000,7,10,11,12,15,18,21,24,42,56,68,221433,0,7,8.331960211260027,2.3649209997529397,68.12561799961259,224.2393726319022
1789570526,50,,Aggregated,160.500000,0.000000,7,10,11,12,15,18,21,24,42,56,68,221596,0,7,8.330995966650862,2.3649209997529397,68.12561799961259,224.24070380331776
1789570527,50,,Aggregated,159.700000,0.000000,7,10,11,12,15,18,21,24,42,56,68,221759,0,7,8.331636994678748,2.3649209997529397,68.12561799961259,224.24121681645389
1789570528,50,,Aggregated,159.600000,0.000000,7,10,11,12,15,18,21,24,42,56,68,221917,0,7,8.329884141336471,2.3649209997529397,68.12561799961259,224.24130192819837
1789570529,50,,Aggregated,160.800000,0.000000,7,10,11,12,15,18,21,24,42,56,68,222079,0,7,8.329947776592917,2.3649209997529397,68.12561799961259,224.2416392364879
1789570530,50,,Aggregated,160.400000,0.000000,7,10,11,12,15,18,21,24,42,56,68,222252,0,7,8.329006897202103,2.3649209997529397,68.12561799961259,224.24071324442525
1789570531,50,,Aggregated,161.100000,0.000000,7,10,11,12,15,18,21,24,42,56,68,222426,0,7,8.32876948941658,2.3649209997529397,68.12561799961259,224.2400798467805
1789570532,50,,Aggregated,160.900000,0.000000,7,10,11,12,15,18,21,24,42,56,68,222585,0,7,8.327487222620503,2.3649209997529397,68.12561799961259,224.24144034863087
1789570533,50,,Aggregated,162.200000,0.000000,7,10,11,12,15,18,21,24,42,56,68,222749,0,7,8.32581999846908,2.3649209997529397,68.12561799961259,224.2413658422709
1789570534,50,,Aggregated,162.200000,0.000000,7,10,11,12,15,18,21,24,42,56,68,222914,0,7,8.324719631741306,2.3649209997529397,68.12561799961259,224.242236916479
1789570535,50,,Aggregated,162.400000,0.000000,7,10,11,12,15,18,21,24,42,56,68,223074,0,7,8.32425366796216,2.3649209997529397,68.12561799961259,224.24490527806915
1789570536,50,,Aggregated,163.700000,0.000000,7,10,11,12,15,18,21,24,42,56,68,223237,0,7,8.323841978453368,2.3649209997529397,68.12561799961259,224.24554173367318
1789570537,50,,Aggregated,163.700000,0.000000,7,10,11,12,15,18,21,24,42,56,68,223417,0,7,8.324400266004782,2.3649209997529397,68.12561799961259,224.24584521321117
1789570538,50,,Aggregated,164.300000,0.000000,7,10,11,12,15,18,21,24,42,56,68,223570,0,7,8.324034699874797,2.3649209997529397,68.12561799961259,224.24731404034532
1789570539,50,,Aggregated,164.300000,0.000000,7,10,11,12,15,18,21,24,42,56,68,223735,0,7,8.323236308597204,2.3649209997529397,68.12561799961259,224.2451024649697
1789570540,50,,Aggregated,165.400000,0.000000,7,10,11,12,15,18,21,24,42,56,68,223894,0,7,8.322791196266978,2.3649209997529397,68.12561799961259,224.2436286814296
1789570541,50,,Aggregated,164.700000,0.000000,7,10,11,12,15,18,21,24,42,56,68,224052,0,7,8.323749525824363,2.3649209997529397,68.12561799961259,224.2440326352811
1789570542,50,,Aggregated,165.400000,0.000000,7,10,11,12,15,18,21,24,42,56,68,224218,0,7,8.323968074329446,2.3649209997529397,68.12561799961259,224.24316513393217
1789570543,50,,Aggregated,162.900000,0.000000,7,10,11,12,15,18,21,24,42,56,68,224390,0,7,8.324166426226727,2.3649209997529397,68.12561799961259,224.24419091759881
1789570544,50,,Aggregated,163.100000,0.000000,7,10,11,12,15,18,21,24,42,56,68,224551,0,7,8.323509747086526,2.3649209997529397,68.12561799961259,224.24422959594926
1789570545,50,,Aggregated,163.100000,0.000000,7,10,11,12,15,18,21,24,42,56,68,224710,0,7,8.323503802652407,2.3649209997529397,68.12561799961259,224.24429264385208
1789570546,50,,Aggregated,162.900000,0.000000,7,10,11,12,15,18,21,24,42,56,68,224872,0,7,8.32425782040014,2.3649209997529397,68.12561799961259,224.24464584296845
1789570547,50,,Aggregated,163.400000,0.000000,7,10,11,12,15,18,21,24,42,56,68,225030,0,7,8.324216223948005,2.3649209997529397,68.12561799961259,224.24449628938365
1789570548,50,,Aggregated,162.800000,0.000000,7,10,11,12,15,18,21,24,42,56,68,225191,0,7,8.324088077902843,2.3649209997529397,68.12561799961259,224.24337562335973
1789570549,50,,Aggregated,162.000000,0.000000,7,10,11,12,15,18,21,24,42,56,68,225361,0,7,8.323176632097093,2.3649209997529397,68.12561799961259,224.24412387236478
1789570550,50,,Aggregated,161.200000,0.000000,7,10,11,12,15,18,21,24,42,56,68,225532,0,7,8.322535112596226,2.3649209997529397,68.12561799961259,224.24307858751752
1789570551,50,,Aggregated,162.000000,0.000000,7,10,11,12,15,18,21,24,42,56,68,225702,0,7,8.322647145430942,2.3649209997529397,68.12561799961259,224.24389681970032
1789570552,50,,Aggregated,162.000000,0.000000,7,10,11,12,15,18,21,24,42,56,68,225871,0,7,8.323062238840102,2.3649209997529397,68.12561799961259,224.24449353834711
1789570553,50,,Aggregated,163.200000,0.000000,7,10,11,12,15,18,21,24,42,56,68,226030,0,7,8.323289298261523,2.3649209997529397,68.12561799961259,224.2444498517896
1789570554,50,,Aggregated,163.900000,0.000000,7,10,11,12,15,18,21,24,42,56,68,226191,0,7,8.323369107586316,2.3649209997529397,68.12561799961259,224.24355080440867
1789570555,50,,Aggregated,164.400000,0.000000,7,10,11,12,15,18,21,24,42,56,68,226354,0,7,8.322769731951027,2.3649209997529397,68.12561799961259,224.24316336358095
1789570556,50,,Aggregated,163.800000,0.000000,7,10,11,12,15,18,21,24,42,56,68,226517,0,7,8.323649715504995,2.3649209997529397,68.12561799961259,224.24342102358764
1789570557,50,,Aggregated,163.600000,0.000000,7,10,11,12,15,18,21,24,42,56,68,226677,0,7,8.323602180058106,2.3649209997529397,68.12561799961259,224.24240659616987
1789570558,50,,Aggregated,164.400000,0.000000,7,10,11,12,15,18,21,24,42,56,68,226848,0,7,8.323744483200258,2.3649209997529397,68.12561799961259,224.2441326350684
1789570559,50,,Aggregated,164.000000,0.000000,7,10,11,12,15,18,21,24,42,56,68,227009,0,7,8.32357063836248,2.3649209997529397,68.12561799961259,224.24446167332573
1789570560,50,,Aggregated,164.400000,0.000000,7,10,11,12,15,18,21,24,42,56,68,227173,0,7,8.32348145145343,2.3649209997529397,68.12561799961259,224.24379217600682
1789570561,50,,Aggregated,164.300000,0.000000,7,10,11,12,15,18,21,24,42,56,68,227337,0,7,8.32285572020404,2.3649209997529397,68.12561799961259,224.24505909728728
1789570562,50,,Aggregated,164.100000,0.000000,7,10,11,12,15,18,21,24,42,56,68,227503,0,7,8.32422941313757,2.3649209997529397,68.12561799961259,224.24339459259878
1789570563,50,,Aggregated,163.700000,0.000000,7,10,11,12,15,18,21,24,42,56,68,227651,0,7,8.324451501610069,2.3649209997529397,68.12561799961259,224.24239296115545
1789570564,50,,Aggregated,163.700000,0.000000,7,10,11,12,15,18,21,24,42,56,68,227825,0,7,8.323750832757785,2.3649209997529397,68.12561799961259,224.24194886425985
1789570565,50,,Aggregated,162.600000,0.000000,7,10,11,12,15,18,21,24,42,56,68,227982,0,7,8.323864197831679,2.3649209997529397,68.12561799961259,224.2409225289716
1789570566,50,,Aggregated,162.800000,0.000000,7,10,11,12,15,18,21,24,42,56,68,228148,0,7,8.32323932993956,2.3649209997529397,68.12561799961259,224.2396646036783
1789570567,50,,Aggregated,162.400000,0.000000,7,10,11,12,15,18,21,24,42,56,68,228311,0,7,8.322026786650934,2.3649209997529397,68.12561799961259,224.24038263596586
1789570568,50,,Aggregated,162.100000,0.000000,7,10,11,12,15,18,21,24,42,56,68,228472,0,7,8.322888143435748,2.3649209997529397,68.12561799961259,224.23908400154068
1789570569,50,,Aggregated,163.000000,0.000000,7,10,11,12,15,18,21,24,42,56,68,228635,0,7,8.3232872527437,2.3649209997529397,68.12561799961259,224.23977081374244
1789570570,50,,Aggregated,162.400000,0.000000,7,10,11,12,15,18,21,24,42,56,68,228795,0,7,8.323278718962548,2.3649209997529397,68.12561799961259,224.23932341178784
1789570571,50,,Aggregated,162.500000,0.000000,7,10,11,12,15,18,21,24,42,56,68,228950,0,7,8.323069052649183,2.3649209997529397,68.12561799961259,224.24049792531122
1789570572,50,,Aggregated,162.400000,0.000000,7,10,11,12,15,18,21,24,42,56,68,229112,0,7,8.322611879801299,2.3649209997529397,68.12561799961259,224.24106986975804
1789570573,50,,Aggregated,162.100000,0.000000,7,10,11,12,15,18,21,24,42,56,68,229271,0,7,8.322206668095992,2.3649209997529397,68.12561799961259,224.24081109254988
1789570574,50,,Aggregated,160.600000,0.000000,7,10,11,12,15,18,21,24,42,56,68,229446,0,7,8.322306513689714,2.3649209997529397,68.12561799961259,224.24047052465505
1789570575,50,,Aggregated,161.200000,0.000000,7,10,11,12,15,18,21,24,42,56,68,229608,0,7,8.322761269285213,2.3200329997052904,68.12561799961259,224.23882443120448
1789570576,50,,Aggregated,161.700000,0.000000,7,10,11,12,15,18,21,24,42,56,68,229774,0,7,8.32319983520783,2.3200329997052904,68.12561799961259,224.23936128543698
1789570577,50,,Aggregated,161.700000,0.000000,7,10,11,12,15,18,21,24,42,56,68,229942,0,7,8.323046091984239,2.3200329997052904,68.12561799961259,224.23864278818138
1789570578,50,,Aggregated,162.100000,0.000000,7,10,11,12,15,18,21,24,42,56,68,230100,0,7,8.322889547479498,2.3200329997052904,68.12561799961259,224.2396479791395
1789570579,50,,Aggregated,162.200000,0.000000,7,10,11,12,15,18,21,24,42,56,68,230276,0,7,8.323126661662636,2.3200329997052904,68.12561799961259,224.23919123139189
1789570580,50,,Aggregated,162.000000,0.000000,7,10,11,12,15,18,21,24,42,56,68,230441,0,7,8.323429527419275,2.3200329997052904,68.12561799961259,224.23961013882078
1789570581,50,,Aggregated,161.900000,0.000000,7,10,11,12,15,18,21,24,42,56,68,230600,0,7,8.322337682515306,2.3200329997052904,68.12561799961259,224.240303555941
1789570582,50,,Aggregated,163.700000,0.000000,7,10,11,12,15,18,21,24,42,56,68,230750,0,7,8.322177188611114,2.3200329997052904,68.12561799961259,224.24084073672807
1789570583,50,,Aggregated,163.800000,0.000000,7,10,11,12,15,18,21,24,42,56,68,230909,0,7,8.32240009205797,2.3200329997052904,68.12561799961259,224.24036308675713
1789570584,50,,Aggregated,164.100000,0.000000,7,10,11,12,15,18,21,24,42,56,68,231065,0,7,8.322739211914483,2.3200329997052904,68.12561799961259,224.24219591889727
1789570585,50,,Aggregated,163.200000,0.000000,7,10,11,12,15,18,21,24,42,56,68,231228,0,7,8.32281580018431,2.3200329997052904,68.12561799961259,224.24245333610116
1789570586,50,,Aggregated,162.500000,0.000000,7,10,11,12,15,18,21,24,42,56,68,231390,0,7,8.322484737045835,2.3200329997052904,68.12561799961259,224.2406932019534
1789570587,50,,Aggregated,161.500000,0.000000,7,10,11,12,15,18,21,24,42,56,68,231552,0,7,8.323804227992094,2.3200329997052904,68.12561799961259,224.23834387092316
1789570588,50,,Aggregated,161.600000,0.000000,7,10,11,12,15,18,21,24,42,56,68,231715,0,7,8.324394628677643,2.3200329997052904,68.12561799961259,224.235655870358
1789570589,50,,Aggregated,161.100000,0.000000,7,10,11,12,15,18,21,24,42,56,68,231872,0,7,8.324816679038642,2.3200329997052904,68.12561799961259,224.23679875103505
1789570590,50,,Aggregated,160.800000,0.000000,7,10,11,12,15,18,21,24,42,56,68,232017,0,7,8.326609178694031,2.3200329997052904,68.12561799961259,224.23693522457407
1789570591,50,,Aggregated,161.300000,0.000000,7,10,11,12,15,18,21,24,42,56,68,232173,0,7,8.326703057177435,2.3200329997052904,68.12561799961259,224.23658651092074
1789570592,50,,Aggregated,159.100000,0.000000,7,10,11,12,15,18,21,24,42,56,68,232330,0,7,8.326225473378594,2.3200329997052904,68.12561799961259,224.23637928808162
1789570593,50,,Aggregated,157.700000,0.000000,7,10,11,12,15,18,21,24,42,56,68,232493,0,7,8.326284461136716,2.3200329997052904,68.12561799961259,224.2354737561991
1789570594,50,,Aggregated,157.100000,0.000000,7,10,11,12,15,18,21,24,42,56,68,232650,0,7,8.3259868698777,2.3200329997052904,68.12561799961259,224.23503116269075
1789570595,50,,Aggregated,157.500000,0.000000,7,10,11,12,15,18,21,24,42,56,68,232814,0,7,8.326446089848744,2.3200329997052904,68.12561799961259,224.23449620727277
1789570596,50,,Aggregated,158.000000,0.000000,7,10,11,12,15,18,21,24,43,57,73,232971,0,7,8.329728597465147,2.3200329997052904,73.25595799920848,224.23350545776083
1789570598,50,,Aggregated,158.300000,0.000000,7,10,11,12,15,18,21,24,43,57,73,233126,0,7,8.330598295424124,2.3200329997052904,73.25595799920848,224.23329873115827
1789570599,50,,Aggregated,157.800000,0.000000,7,10,11,12,15,18,21,24,43,57,73,233291,0,7,8.3306060677311,2.3200329997052904,73.25595799920848,224.23452683558304
1789570600,50,,Aggregated,157.300000,0.000000,7,10,11,12,15,18,21,24,43,57,73,233456,0,7,8.330019531620751,2.3200329997052904,73.25595799920848,224.2353548420259
1789570601,50,,Aggregated,157.300000,0.000000,7,10,11,12,15,18,21,24,43,57,73,233617,0,7,8.330043590779121,2.3200329997052904,73.25595799920848,224.2358261599113
1789570602,50,,Aggregated,158.000000,0.000000,7,10,11,12,15,18,21,24,43,57,73,233782,0,7,8.33026398045218,2.3200329997052904,73.25595799920848,224.23462456476545
1789570603,50,,Aggregated,159.500000,0.000000,7,10,11,12,15,18,21,24,43,57,73,233937,0,7,8.330693298828585,2.3200329997052904,73.25595799920848,224.2354309066116
1789570604,50,,Aggregated,159.500000,0.000000,7,10,11,12,15,18,21,24,43,57,73,234096,0,7,8.330092153949904,2.3200329997052904,73.25595799920848,224.23420306199165
1789570605,50,,Aggregated,160.200000,0.000000,7,10,11,12,15,18,21,24,43,57,73,234261,0,7,8.329678688411875,2.3200329997052904,73.25595799920848,224.23380759067877
1789570606,50,,Aggregated,160.200000,0.000000,7,10,11,12,15,18,21,24,43,57,73,234414,0,7,8.329487340086505,2.3200329997052904,73.25595799920848,224.23223868881553
1789570607,50,,Aggregated,160.700000,0.000000,7,10,11,12,15,18,21,24,43,57,73,234570,0,7,8.328681370682693,2.3200329997052904,73.25595799920848,224.23251481434113
1789570608,50,,Aggregated,159.700000,0.000000,7,10,11,12,15,18,21,24,43,57,73,234728,0,7,8.329259244551336,2.3200329997052904,73.25595799920848,224.2329419583518
1789570609,50,,Aggregated,159.800000,0.000000,7,10,11,12,15,18,21,24,43,57,73,234884,0,7,8.32862990246275,2.3200329997052904,73.25595799920848,224.23432417704058
1789570610,50,,Aggregated,159.600000,0.000000,7,10,11,12,15,18,21,24,43,57,73,235046,0,7,8.328401142614897,2.3200329997052904,73.25595799920848,224.2344689975579
1789570611,50,,Aggregated,159.000000,0.000000,7,10,11,12,15,18,21,24,43,57,73,235211,0,7,8.32777335084269,2.3200329997052904,73.25595799920848,224.23201295857763
1789570612,50,,Aggregated,158.200000,0.000000,7,10,11,12,15,18,21,24,43,57,73,235381,0,7,8.327227674842364,2.3200329997052904,73.25595799920848,224.23014601858264
1789570613,50,,Aggregated,159.000000,0.000000,7,10,11,12,15,18,21,24,43,57,73,235539,0,7,8.327114178471792,2.3200329997052904,73.25595799920848,224.22860333108318
1789570614,50,,Aggregated,160.000000,0.000000,7,10,11,12,15,18,21,24,43,57,73,235712,0,7,8.326767640349464,2.3200329997052904,73.25595799920848,224.23041677979907
1789570615,50,,Aggregated,159.800000,0.000000,7,10,11,12,15,18,21,24,43,57,73,235867,0,7,8.325642631894473,2.3200329997052904,73.25595799920848,224.22982867463443
1789570616,50,,Aggregated,160.500000,0.000000,7,10,11,12,15,18,21,24,43,57,73,236035,0,7,8.325273872722525,2.3200329997052904,73.25595799920848,224.2255385853793
1789570617,50,,Aggregated,160.900000,0.000000,7,10,11,12,15,18,21,24,43,57,73,236199,0,7,8.32488127945108,2.3200329997052904,73.25595799920848,224.22426851934173
1789570618,50,,Aggregated,161.300000,0.000000,7,10,11,12,15,18,21,24,43,57,73,236367,0,7,8.324815835903825,2.3200329997052904,73.25595799920848,224.22476487834595
1789570619,50,,Aggregated,161.900000,0.000000,7,10,11,12,15,18,21,24,43,58,73,236522,0,7,8.326475074365566,2.3200329997052904,73.25595799920848,224.22343798885515
1789570620,50,,Aggregated,163.000000,0.000000,7,10,11,12,15,18,21,24,43,58,73,236689,0,7,8.326361336048945,2.3200329997052904,73.25595799920848,224.22167063108128
1789570621,50,,Aggregated,163.400000,0.000000,7,10,11,12,15,18,21,24,43,58,73,236852,0,7,8.328819213336114,2.3200329997052904,73.25595799920848,224.22363332376335
1789570622,50,,Aggregated,164.300000,0.000000,7,10,11,12,15,18,21,24,43,58,73,237011,0,7,8.32929875003732,2.3200329997052904,73.25595799920848,224.22490095396415
1789570623,50,,Aggregated,163.100000,0.000000,7,10,11,12,15,18,21,24,43,58,73,237163,0,7,8.329492547927314,2.3200329997052904,73.25595799920848,224.22580250713645
1789570624,50,,Aggregated,162.200000,0.000000,7,10,11,12,15,18,21,24,43,58,73,237318,0,7,8.329630649061974,2.3200329997052904,73.25595799920848,224.22833076294256
1789570625,50,,Aggregated,162.100000,0.000000,7,10,11,12,15,18,21,24,43,58,73,237488,0,7,8.329074080547667,2.3200329997052904,73.25595799920848,224.23094219497406
1789570626,50,,Aggregated,160.500000,0.000000,7,10,11,12,15,18,21,24,43,58,73,237658,0,7,8.329436689768894,2.3200329997052904,73.25595799920848,224.23117252522533
1789570627,50,,Aggregated,161.300000,0.000000,7,10,11,12,15,18,21,24,43,58,73,237818,0,7,8.329904033387356,2.3200329997052904,73.25595799920848,224.22965881472388
1789570628,50,,Aggregated,161.800000,0.000000,7,10,11,12,15,18,21,24,43,58,73,237986,0,7,8.329967780932996,2.3200329997052904,73.25595799920848,224.23166488785054
1789570629,50,,Aggregated,161.400000,0.000000,7,10,11,12,15,18,21,24,43,58,73,238150,0,7,8.329579299887065,2.3200329997052904,73.25595799920848,224.23183287843796
1789570630,50,,Aggregated,161.800000,0.000000,7,10,11,12,15,18,21,24,43,58,73,238310,0,7,8.329249202551798,2.3200329997052904,73.25595799920848,224.23200872812723
1789570631,50,,Aggregated,162.500000,0.000000,7,10,11,12,15,18,21,24,43,58,73,238477,0,7,8.328516387790533,2.3200329997052904,73.25595799920848,224.23164498043838
1789570632,50,,Aggregated,161.900000,0.000000,7,10,11,12,15,18,21,24,43,58,73,238641,0,7,8.327840431363986,2.3200329997052904,73.25595799920848,224.22986410549737
1789570633,50,,Aggregated,162.400000,0.000000,7,10,11,12,15,18,21,24,43,58,73,238804,0,7,8.326797368428194,2.3200329997052904,73.25595799920848,224.2304484011993
1789570634,50,,Aggregated,163.000000,0.000000,7,10,11,12,15,18,21,24,43,58,73,238972,0,7,8.326494911044435,2.3200329997052904,73.25595799920848,224.2311777111963
1789570635,50,,Aggregated,163.800000,0.000000,7,10,11,12,15,18,21,24,43,58,73,239125,0,7,8.326149419676298,2.3200329997052904,73.25595799920848,224.23119707266073
1789570636,50,,Aggregated,164.000000,0.000000,7,10,11,12,15,18,21,24,43,58,73,239283,0,7,8.32673367398056,2.3200329997052904,73.25595799920848,224.23143307297218
1789570637,50,,Aggregated,163.600000,0.000000,7,10,11,12,15,18,21,24,43,58,73,239457,0,7,8.326127019248194,2.3200329997052904,73.25595799920848,224.23100598437298
1789570638,50,,Aggregated,162.600000,0.000000,7,10,11,12,15,18,21,24,43,58,73,239618,0,7,8.326070862552557,2.3200329997052904,73.25595799920848,224.2305419459306
1789570639,50,,Aggregated,163.100000,0.000000,7,10,11,12,15,18,21,24,43,58,73,239783,0,7,8.326499801249955,2.3200329997052904,73.25595799920848,224.2294241042943
1789570640,50,,Aggregated,164.100000,0.000000,7,10,11,12,15,18,21,24,43,58,73,239953,0,7,8.32620210795496,2.3200329997052904,73.25595799920848,224.22776960488096
1789570641,50,,Aggregated,162.300000,0.000000,7,10,11,12,15,18,21,24,43,57,73,240118,0,7,8.326095500096264,2.3200329997052904,73.25595799920848,224.22674684946568
1789570642,50,,Aggregated,163.600000,0.000000,7,10,11,12,15,18,21,24,43,57,73,240279,0,7,8.326824284103512,2.3200329997052904,73.25595799920848,224.22624116131664
1789570643,50,,Aggregated,163.200000,0.000000,7,10,11,12,15,18,21,24,43,57,73,240442,0,7,8.327875256191128,2.3200329997052904,73.25595799920848,224.22857487460593
1789570644,50,,Aggregated,163.400000,0.000000,7,10,11,12,15,18,21,24,43,57,73,240611,0,7,8.32726207542922,2.3200329997052904,73.25595799920848,224.22744596049225
1789570645,50,,Aggregated,163.100000,0.000000,7,10,11,12,15,18,21,24,43,57,73,240770,0,7,8.327075000399047,2.3200329997052904,73.25595799920848,224.22685965859534
1789570646,50,,Aggregated,164.000000,0.000000,7,10,11,12,15,18,21,24,43,57,73,240939,0,7,8.327165869577271,2.3200329997052904,73.25595799920848,224.2262481374954
1789570647,50,,Aggregated,163.600000,0.000000,7,10,11,12,15,18,21,24,43,57,73,241105,0,7,8.328167651197946,2.3200329997052904,73.25595799920848,224.2248895709338
1789570648,50,,Aggregated,165.200000,0.000000,7,10,11,12,15,18,21,24,43,57,73,241277,0,7,8.327726934403481,2.3200329997052904,73.25595799920848,224.22699221227055
1789570649,50,,Aggregated,164.700000,0.000000,7,10,11,12,15,18,21,24,43,58,73,241438,0,7,8.329147043564266,2.3200329997052904,73.25595799920848,224.228224223196
1789570650,50,,Aggregated,164.300000,0.000000,7,10,11,12,15,18,21,24,43,58,73,241592,0,7,8.32957142222038,2.3200329997052904,73.25595799920848,224.2302559687407
1789570651,50,,Aggregated,164.900000,0.000000,7,10,11,12,15,18,21,24,43,58,73,241760,0,7,8.329895257416679,2.3200329997052904,73.25595799920848,224.22859861019194
1789570652,50,,Aggregated,163.700000,0.000000,7,10,11,12,15,18,21,24,43,58,73,241916,0,7,8.32931700895783,2.3200329997052904,73.25595799920848,224.22923246085418
1789570653,50,,Aggregated,163.800000,0.000000,7,10,11,12,15,18,21,24,43,58,73,242083,0,7,8.329217811329345,2.3200329997052904,73.25595799920848,224.22902475597212
1789570654,50,,Aggregated,163.200000,0.000000,7,10,11,12,15,18,21,24,43,58,73,242240,0,7,8.328863805981861,2.3200329997052904,73.25595799920848,224.23013127476884
1789570655,50,,Aggregated,163.000000,0.000000,7,10,11,12,15,18,21,24,43,58,73,242410,0,7,8.32814702252817,2.3200329997052904,73.25595799920848,224.2282702858793
1789570656,50,,Aggregated,163.100000,0.000000,7,10,11,12,15,18,21,24,43,58,73,242577,0,7,8.327988657576968,2.3200329997052904,73.25595799920848,224.22788640308025
1789570657,50,,Aggregated,163.500000,0.000000,7,10,11,12,15,18,21,24,43,58,73,242727,0,7,8.328301694302803,2.3200329997052904,73.25595799920848,224.22879613722412
1789570658,50,,Aggregated,162.400000,0.000000,7,10,11,12,15,18,21,24,43,58,73,242893,0,7,8.327925347363008,2.3200329997052904,73.25595799920848,224.23038539603857
1789570659,50,,Aggregated,162.400000,0.000000,7,10,11,12,15,18,21,24,43,58,73,243051,0,7,8.327897788328618,2.3200329997052904,73.25595799920848,224.23043723333785
1789570660,50,,Aggregated,161.400000,0.000000,7,10,11,12,15,18,21,24,43,58,73,243220,0,7,8.327255582106934,2.3200329997052904,73.25595799920848,224.2315722391251
1789570661,50,,Aggregated,160.700000,0.000000,7,10,11,12,15,18,21,24,43,58,73,243385,0,7,8.3283631649446,2.3200329997052904,73.25595799920848,224.23030178523737
1789570662,50,,Aggregated,161.600000,0.000000,7,10,11,12,15,18,21,24,43,58,73,243549,0,7,8.327370955335676,2.3200329997052904,73.25595799920848,224.23042180423653
1789570663,50,,Aggregated,161.900000,0.000000,7,10,11,12,15,18,21,24,43,58,73,243713,0,7,8.327465552001966,2.3200329997052904,73.25595799920848,224.23240040539488
1789570664,50,,Aggregated,162.900000,0.000000,7,10,11,12,15,18,21,24,43,58,73,243866,0,7,8.327439444957697,2.3200329997052904,73.25595799920848,224.23220539148548
1789570665,50,,Aggregated,163.500000,0.000000,7,10,11,12,15,18,21,24,43,58,73,244023,0,7,8.327419822332521,2.3200329997052904,73.25595799920848,224.23119951807823
1789570666,50,,Aggregated,162.300000,0.000000,7,10,11,12,15,18,21,24,43,58,73,244192,0,7,8.327484818847646,2.3200329997052904,73.25595799920848,224.2326775651946
1789570667,50,,Aggregated,161.000000,0.000000,7,10,11,12,15,18,21,24,43,58,73,244351,0,7,8.327345099033941,2.3200329997052904,73.25595799920848,224.2316749266424
1789570668,50,,Aggregated,161.300000,0.000000,7,10,11,12,15,18,21,24,43,58,73,244520,0,7,8.326840228856744,2.3200329997052904,73.25595799920848,224.22994847047275
1789570669,50,,Aggregated,160.900000,0.000000,7,10,11,12,15,18,21,24,43,58,73,244691,0,7,8.325887700884198,2.3200329997052904,73.25595799920848,224.22879059712045
1789570670,50,,Aggregated,161.500000,0.000000,7,10,11,12,15,18,21,24,43,58,73,244856,0,7,8.325175306621166,2.3200329997052904,73.25595799920848,224.22850573398242
1789570671,50,,Aggregated,162.800000,0.000000,7,10,11,12,15,18,21,24,43,58,73,245021,0,7,8.324977868072622,2.3200329997052904,73.25595799920848,224.2280049465148
1789570672,50,,Aggregated,163.400000,0.000000,7,10,11,12,15,18,21,24,43,58,73,245187,0,7,8.325254950246222,2.3200329997052904,73.25595799920848,224.22835223727196
1789570673,50,,Aggregated,164.100000,0.000000,7,10,11,12,15,18,21,24,43,58,73,245353,0,7,8.324284431928781,2.3200329997052904,73.25595799920848,224.22916369475817
1789570674,50,,Aggregated,162.500000,0.000000,7,10,11,12,15,18,21,24,43,58,73,245520,0,7,8.324410101209764,2.3200329997052904,73.25595799920848,224.2299649723037
1789570675,50,,Aggregated,162.900000,0.000000,7,10,11,12,15,18,21,24,43,58,73,245680,0,7,8.324412828268553,2.3200329997052904,73.25595799920848,224.23020188863563
1789570676,50,,Aggregated,164.200000,0.000000,7,10,11,12,15,18,21,24,43,58,73,245842,0,7,8.324284169490992,2.3200329997052904,73.25595799920848,224.23112812294076
1789570677,50,,Aggregated,164.800000,0.000000,7,10,11,12,15,18,21,24,43,58,73,245999,0,7,8.324327640144881,2.3200329997052904,73.25595799920848,224.23092370294188
1789570678,50,,Aggregated,164.400000,0.000000,7,10,11,12,15,18,21,24,43,58,73,246169,0,7,8.323162705052175,2.3200329997052904,73.25595799920848,224.23136544406486
1789570679,50,,Aggregated,165.700000,0.000000,7,10,11,12,15,18,21,24,43,58,73,246332,0,7,8.323362854622925,2.3200329997052904,73.25595799920848,224.23126918142995
1789570680,50,,Aggregated,165.300000,0.000000,7,10,11,12,15,18,21,24,43,58,73,246502,0,7,8.32373342374489,2.3200329997052904,73.25595799920848,224.23167357668498
1789570681,50,,Aggregated,165.200000,0.000000,7,10,11,12,15,18,21,24,43,58,73,246664,0,7,8.323031668046195,2.3200329997052904,73.25595799920848,224.23019573184575
1789570682,50,,Aggregated,163.800000,0.000000,7,10,11,12,15,18,21,24,43,58,73,246834,0,7,8.323007667286317,2.3200329997052904,73.25595799920848,224.23136196796227
1789570683,50,,Aggregated,163.000000,0.000000,7,10,11,12,15,18,21,24,43,58,73,246986,0,7,8.323087774152993,2.3200329997052904,73.25595799920848,224.23200910173045
1789570684,50,,Aggregated,164.400000,0.000000,7,10,11,12,15,18,21,24,43,58,73,247152,0,7,8.322552295809631,2.3200329997052904,73.25595799920848,224.23381158153686
1789570685,50,,Aggregated,162.700000,0.000000,7,10,11,12,15,18,21,24,43,58,73,247311,0,7,8.322173371495563,2.3200329997052904,73.25595799920848,224.23466404648397
1789570686,50,,Aggregated,162.100000,0.000000,7,10,11,12,15,18,21,24,43,58,73,247482,0,7,8.322460434613163,2.3200329997052904,73.25595799920848,224.23220678675622
1789570687,50,,Aggregated,162.600000,0.000000,7,10,11,12,15,18,21,24,43,58,73,247638,0,7,8.323697683404554,2.3200329997052904,73.25595799920848,224.233542509631
1789570688,50,,Aggregated,163.500000,0.000000,7,10,11,12,15,18,21,24,43,58,73,247798,0,7,8.323128885898779,2.3200329997052904,73.25595799920848,224.2333796075836
1789570689,50,,Aggregated,162.500000,0.000000,7,10,11,12,15,18,21,24,43,58,73,247965,0,7,8.32278939833022,2.3200329997052904,73.25595799920848,224.23366200875122
1789570690,50,,Aggregated,162.400000,0.000000,7,10,11,12,15,18,21,24,43,58,73,248126,0,7,8.323594837263927,2.3200329997052904,73.25595799920848,224.23339754801995
1789570691,50,,Aggregated,162.100000,0.000000,7,10,11,12,15,18,21,24,43,58,73,248292,0,7,8.323609504836863,2.3200329997052904,73.25595799920848,224.2334952394761
1789570692,50,,Aggregated,162.100000,0.000000,7,10,11,12,15,18,21,24,43,58,73,248457,0,7,8.32386340308769,2.3200329997052904,73.25595799920848,224.2348293668522
1789570693,50,,Aggregated,161.900000,0.000000,7,10,11,12,15,18,21,24,43,58,73,248610,0,7,8.323501119757703,2.3200329997052904,73.25595799920848,224.23429870077632
1789570694,50,,Aggregated,162.400000,0.000000,7,10,11,12,15,18,21,24,43,58,73,248775,0,7,8.32309054785637,2.3200329997052904,73.25595799920848,224.23207717817306
1789570695,50,,Aggregated,162.400000,0.000000,7,10,11,12,15,18,21,24,43,58,73,248938,0,7,8.323321927033914,2.3200329997052904,73.25595799920848,224.2325518803879
1789570696,50,,Aggregated,162.100000,0.000000,7,10,11,12,15,18,21,24,43,58,73,249098,0,7,8.323288533095313,2.3200329997052904,73.25595799920848,224.23057591791184
1789570697,50,,Aggregated,162.600000,0.000000,7,10,11,12,15,18,21,24,43,58,73,249259,0,7,8.32346809662234,2.3200329997052904,73.25595799920848,224.23191940912866
1789570698,50,,Aggregated,161.500000,0.000000,7,10,11,12,15,18,21,24,43,58,73,249432,0,7,8.322818558432724,2.3200329997052904,73.25595799920848,224.2321995573944
1789570699,50,,Aggregated,161.600000,0.000000,7,10,11,12,15,18,21,24,43,58,73,249602,0,7,8.321943986662696,2.3200329997052904,73.25595799920848,224.2320934928406
1789570700,50,,Aggregated,162.000000,0.000000,7,10,11,12,15,18,21,24,43,58,73,249762,0,7,8.322214265556822,2.3200329997052904,73.25595799920848,224.2326134480025
1789570701,50,,Aggregated,163.500000,0.000000,7,10,11,12,15,18,21,24,43,58,73,249928,0,7,8.321846546913605,2.3200329997052904,73.25595799920848,224.23294308760924
1789570702,50,,Aggregated,163.600000,0.000000,7,10,11,12,15,18,21,24,43,57,73,250095,0,7,8.321981343977468,2.3200329997052904,73.25595799920848,224.2317119494592
1789570703,50,,Aggregated,163.900000,0.000000,7,10,11,12,15,18,21,24,43,57,73,250255,0,7,8.32181152755009,2.3200329997052904,73.25595799920848,224.2311402369583
1789570704,50,,Aggregated,162.500000,0.000000,7,10,11,12,15,18,21,24,43,57,73,250420,0,7,8.321324611141499,2.3200329997052904,73.25595799920848,224.2317187125629
1789570705,50,,Aggregated,163.800000,0.000000,7,10,11,12,15,18,21,24,43,57,73,250581,0,7,8.320407671743121,2.3200329997052904,73.25595799920848,224.23175739581214
1789570706,50,,Aggregated,163.900000,0.000000,7,10,11,12,15,18,21,24,43,57,73,250744,0,7,8.320383285602222,2.3200329997052904,73.25595799920848,224.2323844239543
1789570707,50,,Aggregated,163.000000,0.000000,7,10,11,12,15,18,21,24,43,57,73,250894,0,7,8.32150787506295,2.3200329997052904,73.25595799920848,224.23071894903825
1789570708,50,,Aggregated,164.400000,0.000000,7,10,11,12,15,18,21,24,43,57,73,251057,0,7,8.32192559413617,2.3200329997052904,73.25595799920848,224.23136578545908
1789570709,50,,Aggregated,163.600000,0.000000,7,10,11,12,15,18,21,24,43,57,73,251221,0,7,8.321365127437803,2.3200329997052904,73.25595799920848,224.2327870679601
1789570710,50,,Aggregated,162.600000,0.000000,7,10,11,12,15,18,21,24,43,57,73,251377,0,7,8.32272025437517,2.3200329997052904,73.25595799920848,224.23249939334147
1789570711,50,,Aggregated,161.500000,0.000000,7,10,11,12,15,18,21,24,43,57,73,251538,0,7,8.322574448918562,2.3200329997052904,73.25595799920848,224.23200470704228
1789570712,50,,Aggregated,161.000000,0.000000,7,10,11,12,15,18,21,24,43,57,73,251706,0,7,8.32209305402764,2.3200329997052904,73.25595799920848,224.23014151430638
1789570713,50,,Aggregated,160.600000,0.000000,7,10,11,12,15,18,21,24,43,57,73,251867,0,7,8.3223080363329,2.3200329997052904,73.25595799920848,224.22997455006015
1789570714,50,,Aggregated,160.600000,0.000000,7,10,11,12,15,18,21,24,43,57,73,252040,0,7,8.321775117267332,2.3200329997052904,73.25595799920848,224.2311736232344
1789570715,50,,Aggregated,160.900000,0.000000,7,10,11,12,15,18,21,24,43,57,73,252199,0,7,8.32126214994917,2.3200329997052904,73.25595799920848,224.23073445969254
1789570716,50,,Aggregated,161.800000,0.000000,7,10,11,12,15,18,21,24,43,57,73,252359,0,7,8.320981690167692,2.3200329997052904,73.25595799920848,224.23147975701283
1789570717,50,,Aggregated,162.200000,0.000000,7,10,11,12,15,18,21,24,43,57,73,252514,0,7,8.320851768282237,2.3200329997052904,73.25595799920848,224.23202277893503
1789570718,50,,Aggregated,161.100000,0.000000,7,10,11,12,15,18,21,24,43,57,73,252677,0,7,8.321494387676827,2.3200329997052904,73.25595799920848,224.232225331154
1789570719,50,,Aggregated,161.100000,0.000000,7,10,11,12,15,18,21,24,43,57,73,252846,0,7,8.321913197337501,2.3200329997052904,73.25595799920848,224.2321689882379
1789570720,50,,Aggregated,161.600000,0.000000,7,10,11,12,15,18,21,24,43,57,73,253010,0,7,8.322330192644595,2.3200329997052904,73.25595799920848,224.2310817754239
1789570721,50,,Aggregated,161.900000,0.000000,7,10,11,12,15,18,21,24,43,57,73,253172,0,7,8.321901416262488,2.3200329997052904,73.25595799920848,224.2287654242965
1789570722,50,,Aggregated,162.100000,0.000000,7,10,11,12,15,18,21,24,43,57,73,253321,0,7,8.322338967243182,2.3200329997052904,73.25595799920848,224.227205798177
1789570723,50,,Aggregated,162.700000,0.000000,7,10,11,12,15,18,21,24,43,57,73,253489,0,7,8.321535581567673,2.3200329997052904,73.25595799920848,224.22638457684553
1789570724,50,,Aggregated,161.900000,0.000000,7,10,11,12,15,18,21,24,43,57,73,253655,0,7,8.321877464087148,2.3200329997052904,73.25595799920848,224.22592497683863
1789570725,50,,Aggregated,161.300000,0.000000,7,10,11,12,15,18,21,24,43,57,73,253813,0,7,8.321421371115843,2.3200329997052904,73.25595799920848,224.22758093557067
1789570726,50,,Aggregated,161.100000,0.000000,7,10,11,12,15,18,21,24,43,57,73,253977,0,7,8.321120915283773,2.3200329997052904,73.25595799920848,224.22598503014052
1789570727,50,,Aggregated,161.100000,0.000000,7,10,11,12,15,18,21,24,43,57,73,254154,0,7,8.320437982679827,2.3200329997052904,73.25595799920848,224.22911305743762
1789570728,50,,Aggregated,161.100000,0.000000,7,10,11,12,15,18,21,24,43,57,73,254309,0,7,8.320762699287163,2.3200329997052904,73.25595799920848,224.23000758919267
1789570729,50,,Aggregated,163.100000,0.000000,7,10,11,12,15,18,21,24,43,57,73,254472,0,7,8.320436137995584,2.3200329997052904,73.25595799920848,224.22947121883743
1789570730,50,,Aggregated,162.800000,0.000000,7,10,11,12,15,18,21,24,43,57,73,254630,0,7,8.320382973428174,2.3200329997052904,73.25595799920848,224.2272041786121
1789570731,50,,Aggregated,162.000000,0.000000,7,10,11,12,15,18,21,24,43,57,73,254801,0,7,8.321346036499142,2.3200329997052904,73.25595799920848,224.22667100992538
1789570732,50,,Aggregated,162.600000,0.000000,7,10,11,12,15,18,21,24,43,57,73,254957,0,7,8.321874379432693,2.3200329997052904,73.25595799920848,224.224786924854
1789570733,50,,Aggregated,162.100000,0.000000,7,10,11,12,15,18,21,24,43,57,73,255121,0,7,8.321226915851748,2.3200329997052904,73.25595799920848,224.2236546579858
1789570734,50,,Aggregated,162.900000,0.000000,7,10,11,12,15,18,21,24,43,57,73,255278,0,7,8.32127371945885,2.3200329997052904,73.25595799920848,224.2211118858656
1789570735,50,,Aggregated,162.900000,0.000000,7,10,11,12,15,18,21,24,43,57,73,255439,0,7,8.320865921335518,2.3200329997052904,73.25595799920848,224.22156366099148
1789570736,50,,Aggregated,162.600000,0.000000,7,10,11,12,15,18,21,24,43,57,73,255604,0,7,8.320737605718339,2.3200329997052904,73.25595799920848,224.22213267398007
1789570737,50,,Aggregated,161.700000,0.000000,7,10,11,12,15,18,21,24,43,57,73,255764,0,7,8.320672414331277,2.3200329997052904,73.25595799920848,224.22054706682724
1789570738,50,,Aggregated,162.100000,0.000000,7,10,11,12,15,18,21,24,43,57,73,255931,0,7,8.320593244878644,2.3200329997052904,73.25595799920848,224.21841043093647
1789570739,50,,Aggregated,160.700000,0.000000,7,10,11,12,15,18,21,24,43,57,73,256094,0,7,8.320468870961564,2.3200329997052904,73.25595799920848,224.21767397908582
1789570740,50,,Aggregated,161.500000,0.000000,7,10,11,12,15,18,21,24,43,57,73,256253,0,7,8.321076523459341,2.3200329997052904,73.25595799920848,224.2186784154722
1789570741,50,,Aggregated,162.500000,0.000000,7,10,11,12,15,18,21,24,43,57,73,256423,0,7,8.32180891815094,2.3200329997052904,73.25595799920848,224.21871282997236
1789570742,50,,Aggregated,160.600000,0.000000,7,10,11,12,15,18,21,24,43,57,73,256588,0,7,8.32193991478951,2.3200329997052904,73.25595799920848,224.2188060236644
1789570743,50,,Aggregated,161.400000,0.000000,7,10,11,12,15,18,21,24,43,57,73,256746,0,7,8.32347174526575,2.3200329997052904,73.25595799920848,224.21725362809937
1789570744,50,,Aggregated,162.200000,0.000000,7,10,11,12,15,18,21,24,43,57,73,256915,0,7,8.325031504816744,2.3200329997052904,73.25595799920848,224.21792032384252
1789570745,50,,Aggregated,162.600000,0.000000,7,10,11,12,15,18,21,24,43,57,73,257070,0,7,8.324861859190042,2.3200329997052904,73.25595799920848,224.21705761076748
1789570746,50,,Aggregated,162.500000,0.000000,7,10,11,12,15,18,21,24,43,57,73,257230,0,7,8.324777458694545,2.3200329997052904,73.25595799920848,224.21779730202542
1789570747,50,,Aggregated,163.100000,0.000000,7,10,11,12,15,18,21,24,43,57,73,257396,0,7,8.32428613016129,2.3200329997052904,73.25595799920848,224.2191564748481
1789570748,50,,Aggregated,162.200000,0.000000,7,10,11,12,15,18,21,24,43,57,73,257563,0,7,8.323989622962115,2.3200329997052904,73.25595799920848,224.21989959738005
1789570749,50,,Aggregated,163.600000,0.000000,7,10,11,12,15,18,21,24,43,57,73,257717,0,7,8.323588346057841,2.3200329997052904,73.25595799920848,224.22066452736917
1789570750,50,,Aggregated,162.400000,0.000000,7,10,11,12,15,18,21,24,43,57,73,257882,0,7,8.323230015565242,2.3200329997052904,73.25595799920848,224.22044578528164
1789570751,50,,Aggregated,161.600000,0.000000,7,10,11,12,15,18,21,24,43,57,73,258056,0,7,8.322868305174033,2.3200329997052904,73.25595799920848,224.220611030164
1789570752,50,,Aggregated,162.700000,0.000000,7,10,11,12,15,18,21,24,43,57,73,258208,0,7,8.324087497873824,2.3200329997052904,73.25595799920848,224.22086070145
1789570753,50,,Aggregated,163.000000,0.000000,7,10,11,12,15,18,21,24,43,57,73,258368,0,7,8.323920689771903,2.3200329997052904,73.25595799920848,224.22125418008423
1789570754,50,,Aggregated,162.600000,0.000000,7,10,11,12,15,18,21,24,43,57,73,258538,0,7,8.324989222733198,2.3200329997052904,73.25595799920848,224.22130982679528
1789570755,50,,Aggregated,162.200000,0.000000,7,10,11,12,15,18,21,24,43,57,73,258699,0,7,8.324965316216979,2.3200329997052904,73.25595799920848,224.22179444064338
1789570756,50,,Aggregated,161.800000,0.000000,7,10,11,12,15,18,21,24,43,57,73,258853,0,7,8.324965742969983,2.3200329997052904,73.25595799920848,224.2241542497093
1789570757,50,,Aggregated,161.300000,0.000000,7,10,11,12,15,18,21,24,43,57,73,259027,0,7,8.324868155215487,2.3200329997052904,73.25595799920848,224.22489547421696
1789570758,50,,Aggregated,162.400000,0.000000,7,10,11,12,15,18,21,24,43,57,73,259188,0,7,8.324311771362831,2.3200329997052904,73.25595799920848,224.22397256045804
1789570759,50,,Aggregated,161.200000,0.000000,7,10,11,12,15,18,21,24,43,57,73,259351,0,7,8.324713678096476,2.3200329997052904,73.25595799920848,224.22370069905264
1789570760,50,,Aggregated,162.600000,0.000000,7,10,11,12,15,18,21,24,43,57,73,259508,0,7,8.325188721981602,2.3200329997052904,73.25595799920848,224.2228023798881
1789570761,50,,Aggregated,162.300000,0.000000,7,10,11,12,15,18,21,24,43,58,73,259671,0,7,8.32810598992957,2.3200329997052904,73.25595799920848,224.22396417004595
1789570762,50,,Aggregated,162.600000,0.000000,7,10,11,12,15,18,21,24,43,58,73,259828,0,7,8.327756956821466,2.3200329997052904,73.25595799920848,224.22431377680618
1789570763,50,,Aggregated,160.600000,0.000000,7,10,11,12,15,18,21,24,43,58,73,260001,0,7,8.327179726901019,2.3200329997052904,73.25595799920848,224.22494528867196
1789570764,50,,Aggregated,161.700000,0.000000,7,10,11,12,15,18,21,24,43,58,73,260168,0,7,8.32670591522399,2.3200329997052904,73.25595799920848,224.22549275852526
1789570765,50,,Aggregated,161.600000,0.000000,7,10,11,12,15,18,21,24,43,58,73,260325,0,7,8.326625487114159,2.3200329997052904,73.25595799920848,224.22387016229712
1789570766,50,,Aggregated,162.000000,0.000000,7,10,11,12,15,18,21,24,43,58,73,260482,0,7,8.326897414654374,2.3200329997052904,73.25595799920848,224.22684484916425
1789570767,50,,Aggregated,162.500000,0.000000,7,10,11,12,15,18,21,24,43,58,73,260638,0,7,8.327095397566755,2.3200329997052904,73.25595799920848,224.2249633591418
1789570768,50,,Aggregated,161.400000,0.000000,7,10,11,12,15,18,21,24,43,58,73,260797,0,7,8.326816396545969,2.3200329997052904,73.25595799920848,224.22665904899213
1789570769,50,,Aggregated,161.400000,0.000000,7,10,11,12,15,18,21,24,43,58,73,260965,0,7,8.326109867832875,2.3200329997052904,73.25595799920848,224.22690782288814
1789570770,50,,Aggregated,160.200000,0.000000,7,10,11,12,15,18,21,24,43,58,73,261127,0,7,8.325523764796412,2.3200329997052904,73.25595799920848,224.22664067675882
1789570771,50,,Aggregated,161.700000,0.000000,7,10,11,12,15,18,21,24,43,58,73,261288,0,7,8.325326416647524,2.3200329997052904,73.25595799920848,224.22745399712196
1789570772,50,,Aggregated,160.900000,0.000000,7,10,11,12,15,18,21,24,43,58,73,261447,0,7,8.325228793885588,2.3200329997052904,73.25595799920848,224.22603816452283
1789570773,50,,Aggregated,162.400000,0.000000,7,10,11,12,15,18,21,24,43,58,73,261605,0,7,8.325221461569944,2.3200329997052904,73.25595799920848,224.22674643068748
1789570774,50,,Aggregated,160.700000,0.000000,7,10,11,12,15,18,21,24,43,58,73,261780,0,7,8.325456375731543,2.3200329997052904,73.25595799920848,224.22714493085797
1789570775,50,,Aggregated,160.500000,0.000000,7,10,11,12,15,18,21,24,43,58,73,261941,0,7,8.326220303434788,2.3200329997052904,73.25595799920848,224.22931499841567
1789570776,50,,Aggregated,160.800000,0.000000,7,10,11,12,15,18,21,24,43,58,73,262095,0,7,8.326489110814867,2.3200329997052904,73.25595799920848,224.2278181575383
1789570777,50,,Aggregated,161.600000,0.000000,7,10,11,12,15,18,21,24,43,58,73,262269,0,7,8.3256857492079,2.3200329997052904,73.25595799920848,224.22773564546324
1789570778,50,,Aggregated,162.400000,0.000000,7,10,11,12,15,18,21,24,43,58,73,262429,0,7,8.325603362265625,2.3200329997052904,73.25595799920848,224.22761966093685
1789570779,50,,Aggregated,161.700000,0.000000,7,10,11,12,15,18,21,24,43,58,73,262589,0,7,8.326107332592006,2.3200329997052904,73.25595799920848,224.22757998240596
1789570780,50,,Aggregated,162.600000,0.000000,7,10,11,12,15,18,21,24,43,58,73,262746,0,7,8.32569555963934,2.3200329997052904,73.25595799920848,224.22581504570954
1789570781,50,,Aggregated,160.600000,0.000000,7,10,11,12,15,18,21,24,43,58,73,262897,0,7,8.325742526654992,2.3200329997052904,73.25595799920848,224.2273666112584
1789570782,50,,Aggregated,161.800000,0.000000,7,10,11,12,15,18,21,24,43,58,73,263060,0,7,8.326109396536957,2.3200329997052904,73.25595799920848,224.22657948756938
1789570783,50,,Aggregated,161.100000,0.000000,7,10,11,12,15,18,21,24,43,58,73,263230,0,7,8.325356193929276,2.3200329997052904,73.25595799920848,224.22834783269383
1789570784,50,,Aggregated,161.700000,0.000000,7,10,11,12,15,18,21,24,43,58,73,263402,0,7,8.324936159865906,2.3200329997052904,73.25595799920848,224.22994510292253
1789570785,50,,Aggregated,161.800000,0.000000,7,10,11,12,15,18,21,24,43,58,73,263557,0,7,8.324739225378238,2.3200329997052904,73.25595799920848,224.22835667426781
1789570786,50,,Aggregated,162.100000,0.000000,7,10,11,12,15,18,21,24,43,58,73,263713,0,7,8.324771753611005,2.3200329997052904,73.25595799920848,224.22655310887214
1789570787,50,,Aggregated,161.000000,0.000000,7,10,11,12,15,18,21,24,43,58,73,263881,0,7,8.325926385215348,2.3200329997052904,73.25595799920848,224.2271592119175
1789570788,50,,Aggregated,161.000000,0.000000,7,10,11,12,15,18,21,24,43,58,73,264034,0,7,8.325595125866403,2.3200329997052904,73.25595799920848,224.22592923638624
1789570789,50,,Aggregated,160.600000,0.000000,7,10,11,12,15,18,21,24,43,58,73,264190,0,7,8.325487334993745,2.3200329997052904,73.25595799920848,224.22681782050796
1789570790,50,,Aggregated,160.500000,0.000000,7,10,11,12,15,18,21,24,43,58,73,264344,0,7,8.325792116083532,2.3200329997052904,73.25595799920848,224.22640952698
1789570791,50,,Aggregated,160.500000,0.000000,7,10,11,12,15,18,21,24,43,58,73,264512,0,7,8.325603358142468,2.3200329997052904,73.25595799920848,224.22561547302203
1789570792,50,,Aggregated,160.800000,0.000000,7,10,11,12,15,18,21,24,43,58,73,264674,0,7,8.325370216677866,2.3200329997052904,73.25595799920848,224.22473684608235
1789570793,50,,Aggregated,160.500000,0.000000,7,10,11,12,15,18,21,24,43,58,73,264831,0,7,8.325529561954651,2.3200329997052904,73.25595799920848,224.22439593552113
1789570794,50,,Aggregated,160.100000,0.000000,7,10,11,12,15,18,21,24,43,58,73,265000,0,7,8.326812369815084,2.3200329997052904,73.25595799920848,224.22595849056603
1789570795,50,,Aggregated,159.900000,0.000000,7,10,11,12,15,18,21,24,43,58,73,265163,0,7,8.326706704008433,2.3200329997052904,73.25595799920848,224.22480134860444
1789570796,50,,Aggregated,159.400000,0.000000,7,10,11,12,15,18,21,24,43,58,73,265313,0,7,8.327530862724338,2.3200329997052904,73.25595799920848,224.22405611485303
1789570797,50,,Aggregated,160.000000,0.000000,7,10,11,12,15,18,21,24,43,58,73,265476,0,7,8.327369412014574,2.3200329997052904,73.25595799920848,224.2249657219485
1789570798,50,,Aggregated,159.300000,0.000000,7,10,11,12,15,18,21,24,43,58,73,265628,0,7,8.327251485174694,2.3200329997052904,73.25595799920848,224.2244040537895
1789570799,50,,Aggregated,160.500000,0.000000,7,10,11,12,15,18,21,24,43,58,73,265786,0,7,8.327560813135364,2.3200329997052904,73.25595799920848,224.22449263693346
1789570800,50,,Aggregated,159.000000,0.000000,7,10,11,12,15,18,21,24,43,58,73,265952,0,7,8.327617416360807,2.3200329997052904,73.25595799920848,224.22443523643364
1789570801,50,,Aggregated,159.200000,0.000000,7,10,11,12,15,18,21,24,43,58,73,266105,0,7,8.327694362526078,2.3200329997052904,73.25595799920848,224.22306608293718
1789570802,50,,Aggregated,158.000000,0.000000,7,10,11,12,15,18,21,24,43,58,73,266264,0,7,8.327992662109773,2.3200329997052904,73.25595799920848,224.22215545473665
1789570803,50,,Aggregated,158.800000,0.000000,7,10,11,12,15,18,21,24,43,58,73,266431,0,7,8.327608957452433,2.3200329997052904,73.25595799920848,224.2209577714305
1789570804,50,,Aggregated,158.700000,0.000000,7,10,11,12,15,18,21,24,43,58,73,266580,0,7,8.327352075467067,2.3200329997052904,73.25595799920848,224.2201590516918
1789570805,50,,Aggregated,158.700000,0.000000,7,10,11,12,15,18,21,24,43,58,73,266742,0,7,8.327367025477814,2.3200329997052904,73.25595799920848,224.2199841044905
1789570806,50,,Aggregated,158.900000,0.000000,7,10,11,12,15,18,21,24,43,58,73,266908,0,7,8.327348905997546,2.3200329997052904,73.25595799920848,224.2192665637598
1789570807,50,,Aggregated,157.600000,0.000000,7,10,11,12,15,18,21,24,43,58,73,267066,0,7,8.32806470035125,2.3200329997052904,73.25595799920848,224.21962735803135
1789570808,50,,Aggregated,158.600000,0.000000,7,10,11,12,15,18,21,24,43,58,73,267222,0,7,8.328084370512245,2.3200329997052904,73.25595799920848,224.2203523661974
1789570809,50,,Aggregated,158.400000,0.000000,7,10,11,12,15,18,21,24,43,58,73,267389,0,7,8.327416533709421,2.3200329997052904,73.25595799920848,224.21984823609048
1789570810,50,,Aggregated,158.400000,0.000000,7,10,11,12,15,18,21,24,43,58,73,267556,0,7,8.32736799476754,2.3200329997052904,73.25595799920848,224.21970727623375
1789570811,50,,Aggregated,159.400000,0.000000,7,10,11,12,15,18,21,24,43,58,73,267709,0,7,8.328014096138043,2.3200329997052904,73.25595799920848,224.2197049781666
1789570812,50,,Aggregated,160.400000,0.000000,7,10,11,12,15,18,21,24,43,58,73,267866,0,7,8.328429123154962,2.3200329997052904,73.25595799920848,224.2216108054027
1789570813,50,,Aggregated,160.500000,0.000000,7,10,11,12,15,18,21,24,43,58,73,268026,0,7,8.32813799733987,2.3200329997052904,73.25595799920848,224.22248214725437
1789570814,50,,Aggregated,160.300000,0.000000,7,10,11,12,15,18,21,24,43,58,73,268185,0,7,8.327734416798153,2.3200329997052904,73.25595799920848,224.2238119208755
1789570815,50,,Aggregated,159.800000,0.000000,7,10,11,12,15,18,21,24,43,58,73,268340,0,7,8.327413591726945,2.3200329997052904,73.25595799920848,224.22427517328762
1789570816,50,,Aggregated,159.300000,0.000000,7,10,11,12,15,18,21,24,43,58,73,268508,0,7,8.327737876800748,2.3200329997052904,73.25595799920848,224.2227978309771
1789570817,50,,Aggregated,160.400000,0.000000,7,10,11,12,15,18,21,24,43,58,73,268674,0,7,8.327892338477154,2.3200329997052904,73.25595799920848,224.22378049234388
1789570818,50,,Aggregated,159.600000,0.000000,7,10,11,12,15,18,21,24,43,58,73,268842,0,7,8.328128839697667,2.3200329997052904,73.25595799920848,224.22268097990641
1789570819,50,,Aggregated,159.600000,0.000000,7,10,11,12,15,18,21,24,43,58,73,268993,0,7,8.327872928035323,2.3200329997052904,73.25595799920848,224.221689783749
1789570820,50,,Aggregated,161.300000,0.000000,7,10,11,12,15,18,21,24,43,58,73,269145,0,7,8.330591758104376,2.3200329997052904,73.25595799920848,224.2207769046425
1789570821,50,,Aggregated,160.300000,0.000000,7,10,11,12,15,18,21,24,43,58,73,269314,0,7,8.330119130271733,2.3200329997052904,73.25595799920848,224.22132529315223
1789570822,50,,Aggregated,159.600000,0.000000,7,10,11,12,15,18,21,24,43,58,73,269482,0,7,8.32977934888791,2.3200329997052904,73.25595799920848,224.22093868978263
1789570823,50,,Aggregated,158.600000,0.000000,7,10,11,12,15,18,21,24,43,58,73,269638,0,7,8.329554745722096,2.3200329997052904,73.25595799920848,224.22014330324362
1789570824,50,,Aggregated,161.000000,0.000000,7,10,11,12,15,18,21,24,43,58,73,269796,0,7,8.329508636121423,2.3200329997052904,73.25595799920848,224.22084093166688
1789570825,50,,Aggregated,160.700000,0.000000,7,10,11,12,15,18,21,24,43,58,73,269953,0,7,8.33036963191001,2.3200329997052904,73.25595799920848,224.22188306853414
1789570826,50,,Aggregated,161.200000,0.000000,7,10,11,12,15,18,21,24,43,58,73,270114,0,7,8.330055983592116,2.3200329997052904,73.25595799920848,224.22263933006064
1789570827,50,,Aggregated,159.700000,0.000000,7,10,11,12,15,18,21,24,43,58,73,270282,0,7,8.331055507407049,2.3200329997052904,73.25595799920848,224.2217276770188
1789570828,50,,Aggregated,160.100000,0.000000,7,10,11,12,15,18,21,24,43,58,73,270450,0,7,8.33048455709371,2.3200329997052904,73.25595799920848,224.2221556664818
1789570829,50,,Aggregated,161.000000,0.000000,7,10,11,12,15,18,21,24,43,58,73,270608,0,7,8.33082337946034,2.3200329997052904,73.25595799920848,224.22150490746762
1789570830,50,,Aggregated,160.500000,0.000000,7,10,11,12,15,18,21,24,43,58,73,270767,0,7,8.330761019718034,2.3200329997052904,73.25595799920848,224.22140807410062
1789570831,50,,Aggregated,160.600000,0.000000,7,10,11,12,15,18,21,24,43,58,73,270933,0,7,8.33139905295403,2.3200329997052904,73.25595799920848,224.22236124798383
1789570832,50,,Aggregated,161.000000,0.000000,7,10,11,12,15,18,21,24,43,58,73,271096,0,7,8.33136399496121,2.3200329997052904,73.25595799920848,224.22379526071944
1789570833,50,,Aggregated,162.500000,0.000000,7,10,11,12,15,18,21,24,43,58,73,271263,0,7,8.332109791313194,2.3200329997052904,73.25595799920848,224.2248371506619
1789570834,50,,Aggregated,160.100000,0.000000,7,10,11,12,15,18,21,24,43,58,73,271417,0,7,8.33251137720554,2.3200329997052904,73.25595799920848,224.22442588341923
1789570835,50,,Aggregated,161.700000,0.000000,7,10,11,12,15,18,21,24,43,58,73,271584,0,7,8.332523362547134,2.3200329997052904,73.25595799920848,224.2244351655473
1789570836,50,,Aggregated,161.500000,0.000000,7,10,11,12,15,18,21,24,43,58,73,271749,0,7,8.33229248607353,2.3200329997052904,73.25595799920848,224.22382787057174
1789570837,50,,Aggregated,162.600000,0.000000,7,10,11,12,15,18,21,24,43,58,73,271920,0,7,8.33280671234922,2.3200329997052904,73.25595799920848,224.22314283612826
1789570838,50,,Aggregated,162.900000,0.000000,7,10,11,12,15,18,21,24,43,58,73,272082,0,7,8.332687951301429,2.3200329997052904,73.25595799920848,224.2226240618637
1789570839,50,,Aggregated,162.200000,0.000000,7,10,11,12,15,18,21,24,43,58,73,272250,0,7,8.332419999302124,2.3200329997052904,73.25595799920848,224.2223728191001
1789570840,50,,Aggregated,162.800000,0.000000,7,10,11,12,15,18,21,24,43,58,73,272392,0,7,8.332668056058973,2.3200329997052904,73.25595799920848,224.2235197803166
1789570841,50,,Aggregated,163.400000,0.000000,7,10,11,12,15,18,21,24,43,58,73,272559,0,7,8.333014404015335,2.3200329997052904,73.25595799920848,224.22427437729078
1789570842,50,,Aggregated,163.300000,0.000000,7,10,11,12,15,18,21,24,43,58,73,272719,0,7,8.33229196949623,2.3200329997052904,73.25595799920848,224.22489448846616
1789570843,50,,Aggregated,161.500000,0.000000,7,10,11,12,15,18,21,24,43,58,73,272883,0,7,8.332592844955697,2.3200329997052904,73.25595799920848,224.22454678378645
1789570844,50,,Aggregated,162.600000,0.000000,7,10,11,12,15,18,21,24,43,58,73,273047,0,7,8.332440303504763,2.3200329997052904,73.25595799920848,224.22302387501054
1789570845,50,,Aggregated,162.000000,0.000000,7,10,11,12,15,18,21,24,43,58,73,273214,0,7,8.332135217024295,2.3200329997052904,73.25595799920848,224.22456023483423
1789570846,50,,Aggregated,161.300000,0.000000,7,10,11,12,15,18,21,24,43,58,73,273372,0,7,8.332341225308538,2.3200329997052904,73.25595799920848,224.22442313038644
1789570847,50,,Aggregated,162.500000,0.000000,7,10,11,12,15,18,21,24,43,58,73,273537,0,7,8.332020004028859,2.3200329997052904,73.25595799920848,224.22480688170157
1789570848,50,,Aggregated,162.300000,0.000000,7,10,11,12,15,18,21,24,43,58,73,273707,0,7,8.331774115813845,2.3200329997052904,73.25595799920848,224.2254673793509
1789570849,50,,Aggregated,162.500000,0.000000,7,10,11,12,15,18,21,24,43,58,73,273869,0,7,8.331605221752195,2.3200329997052904,73.25595799920848,224.22359960419033
1789570850,50,,Aggregated,161.800000,0.000000,7,10,11,12,15,18,21,24,43,58,73,274024,0,7,8.332055789664615,2.3200329997052904,73.25595799920848,224.22325416751818
1789570851,50,,Aggregated,162.200000,0.000000,7,10,11,12,15,18,21,24,43,58,73,274194,0,7,8.332245632180333,2.3200329997052904,73.25595799920848,224.22359716113408
1789570852,50,,Aggregated,162.200000,0.000000,7,10,11,12,15,18,21,24,43,58,73,274355,0,7,8.332875178181766,2.3200329997052904,73.25595799920848,224.22482185489602
1789570853,50,,Aggregated,162.700000,0.000000,7,10,11,12,15,18,21,24,43,58,73,274518,0,7,8.33274529218507,2.3200329997052904,73.25595799920848,224.22642595385366
1789570854,50,,Aggregated,162.400000,0.000000,7,10,11,12,15,18,21,24,43,58,73,274676,0,7,8.333217429258639,2.3200329997052904,73.25595799920848,224.22694010397706
1789570855,50,,Aggregated,163.500000,0.000000,7,10,11,12,15,18,21,24,43,58,73,274842,0,7,8.333031125483176,2.3200329997052904,73.25595799920848,224.22585703786174
1789570856,50,,Aggregated,163.700000,0.000000,7,10,11,12,15,18,21,24,43,58,73,275004,0,7,8.332825749901954,2.3200329997052904,73.25595799920848,224.2266657939521
1789570857,50,,Aggregated,162.000000,0.000000,7,10,11,12,15,18,21,24,43,58,73,275164,0,7,8.332074924521509,2.3200329997052904,73.25595799920848,224.2260288409821
1789570858,50,,Aggregated,162.400000,0.000000,7,10,11,12,15,18,21,24,43,58,73,275326,0,7,8.331999321989347,2.3200329997052904,73.25595799920848,224.2252093881435
1789570859,50,,Aggregated,162.200000,0.000000,7,10,11,12,15,18,21,24,43,58,73,275488,0,7,8.331766536168713,2.3200329997052904,73.25595799920848,224.22473211174352
1789570860,50,,Aggregated,161.600000,0.000000,7,10,11,12,15,18,21,24,43,58,73,275644,0,7,8.331434784940159,2.3200329997052904,73.25595799920848,224.22464483173948
1789570861,50,,Aggregated,161.900000,0.000000,7,10,11,12,15,18,21,24,43,58,73,275825,0,7,8.330709937641792,2.3200329997052904,73.25595799920848,224.22515000453186
1789570862,50,,Aggregated,161.600000,0.000000,7,10,11,12,15,18,21,24,43,58,73,275980,0,7,8.330199568026874,2.3200329997052904,73.25595799920848,224.2264330748605
1789570863,50,,Aggregated,162.400000,0.000000,7,10,11,12,15,18,21,24,43,58,73,276135,0,7,8.330513833958287,2.3200329997052904,73.25595799920848,224.22739239864558
1789570864,50,,Aggregated,162.300000,0.000000,7,10,11,12,15,18,21,24,43,58,73,276297,0,7,8.330710183769895,2.3200329997052904,73.25595799920848,224.2280553172854
1789570865,50,,Aggregated,161.300000,0.000000,7,10,11,12,15,18,21,24,43,58,73,276452,0,7,8.33124411025445,2.3200329997052904,73.25595799920848,224.22775744071305
1789570866,50,,Aggregated,160.900000,0.000000,7,10,11,12,15,18,21,24,43,58,73,276615,0,7,8.330551892974174,2.3200329997052904,73.25595799920848,224.22792690201183
1789570867,50,,Aggregated,160.900000,0.000000,7,10,11,12,15,18,21,24,43,58,73,276775,0,7,8.330354754280684,2.3200329997052904,73.25595799920848,224.22711950140007
1789570868,50,,Aggregated,159.800000,0.000000,7,10,11,12,15,18,21,24,43,58,73,276936,0,7,8.32941645646301,2.3200329997052904,73.25595799920848,224.22672025305485
1789570869,50,,Aggregated,161.500000,0.000000,7,10,11,12,15,18,21,24,43,58,73,277102,0,7,8.329463095535345,2.3200329997052904,73.25595799920848,224.22515896673428
1789570870,50,,Aggregated,160.400000,0.000000,7,10,11,12,15,18,21,24,43,58,73,277262,0,7,8.329027679025723,2.3200329997052904,73.25595799920848,224.22436540167783
1789570871,50,,Aggregated,159.300000,0.000000,7,10,11,12,15,18,21,24,43,58,73,277424,0,7,8.32894246221327,2.3200329997052904,73.25595799920848,224.22266999250246
1789570872,50,,Aggregated,160.900000,0.000000,7,10,11,12,15,18,21,24,43,58,73,277581,0,7,8.328759223819528,2.3200329997052904,73.25595799920848,224.22398146847226
1789570873,50,,Aggregated,159.700000,0.000000,7,10,11,12,15,18,21,24,43,58,73,277745,0,7,8.329664946947897,2.3200329997052904,73.25595799920848,224.22228662982232
1789570874,50,,Aggregated,160.100000,0.000000,7,10,11,12,15,18,21,24,43,58,73,277906,0,7,8.328892732060654,2.3200329997052904,73.25595799920848,224.2232013702475
1789570875,50,,Aggregated,160.400000,0.000000,7,10,11,12,15,18,21,24,43,58,73,278066,0,7,8.32925579779635,2.3200329997052904,73.25595799920848,224.2227169089353
1789570876,50,,Aggregated,159.800000,0.000000,7,10,11,12,15,18,21,24,43,58,73,278238,0,7,8.329370963060553,2.3200329997052904,73.25595799920848,224.22255766645821
1789570877,50,,Aggregated,161.300000,0.000000,7,10,11,12,15,18,21,24,43,58,73,278386,0,7,8.329085429888888,2.3200329997052904,73.25595799920848,224.22061454239795
1789570878,50,,Aggregated,161.600000,0.000000,7,10,11,12,15,18,21,24,43,58,73,278562,0,7,8.32962337642628,2.3200329997052904,73.25595799920848,224.22126492486413
1789570879,50,,Aggregated,160.300000,0.000000,7,10,11,12,15,18,21,24,43,58,73,278721,0,7,8.329828657173564,2.3200329997052904,73.25595799920848,224.22008388316632
1789570880,50,,Aggregated,162.100000,0.000000,7,10,11,12,15,18,21,24,43,58,73,278880,0,7,8.331160248024517,2.3200329997052904,73.25595799920848,224.21859222604704
1789570881,50,,Aggregated,162.900000,0.000000,7,10,11,12,15,18,21,24,43,58,73,279033,0,7,8.331318381177399,2.3200329997052904,73.25595799920848,224.21780936305024
1789570882,50,,Aggregated,162.000000,0.000000,7,10,11,12,15,18,21,24,43,58,73,279199,0,7,8.33157781088788,2.3200329997052904,73.25595799920848,224.21827083907894
1789570883,50,,Aggregated,162.000000,0.000000,7,10,11,12,15,18,21,24,43,58,73,279365,0,7,8.331498744778663,2.3200329997052904,73.25595799920848,224.2170708571224
1789570884,50,,Aggregated,161.100000,0.000000,7,10,11,12,15,18,21,24,43,58,73,279523,0,7,8.332474173073741,2.3200329997052904,73.25595799920848,224.21697677829732
1789570885,50,,Aggregated,160.600000,0.000000,7,10,11,12,15,18,21,24,43,58,73,279681,0,7,8.33303979399058,2.3200329997052904,73.25595799920848,224.21652168005693
1789570886,50,,Aggregated,162.400000,0.000000,7,10,11,12,15,18,21,24,44,58,73,279838,0,7,8.335731341315624,2.3200329997052904,73.25595799920848,224.21635017402926
1789570887,50,,Aggregated,160.600000,0.000000,7,10,11,12,15,18,21,24,44,58,73,280003,0,7,8.334829872708797,2.3200329997052904,73.25595799920848,224.21674053492285
1789570888,50,,Aggregated,161.100000,0.000000,7,10,11,12,15,18,21,24,44,58,73,280174,0,7,8.334316061322882,2.3200329997052904,73.25595799920848,224.21722929322493
1789570889,50,,Aggregated,160.100000,0.000000,7,10,11,12,15,18,21,24,44,58,73,280330,0,7,8.335198235636884,2.3200329997052904,73.25595799920848,224.21810723076374
1789570890,50,,Aggregated,160.800000,0.000000,7,10,11,12,15,18,21,24,44,58,73,280498,0,7,8.33474926370987,2.3200329997052904,73.25595799920848,224.219195858794
1789570891,50,,Aggregated,160.400000,0.000000,7,10,11,12,15,18,21,24,44,58,73,280659,0,7,8.334992824242565,2.3200329997052904,73.25595799920848,224.2184572737735
1789570892,50,,Aggregated,160.000000,0.000000,7,10,11,12,15,18,21,24,44,58,73,280821,0,7,8.33494610944369,2.3200329997052904,73.25595799920848,224.2183170062068
1789570893,50,,Aggregated,160.800000,0.000000,7,10,11,12,15,18,21,24,44,58,73,280981,0,7,8.335515909143576,2.3200329997052904,73.25595799920848,224.2193066435097
1789570894,50,,Aggregated,161.400000,0.000000,7,10,11,12,15,18,21,24,43,58,73,281146,0,7,8.335635694735425,2.3200329997052904,73.25595799920848,224.21822825151344
1789570895,50,,Aggregated,161.800000,0.000000,7,10,11,12,15,18,21,24,43,58,73,281303,0,7,8.335088181196411,2.3200329997052904,73.25595799920848,224.21738836770317
1789570896,50,,Aggregated,161.400000,0.000000,7,10,11,12,15,18,21,24,43,58,73,281474,0,7,8.334712533108222,2.3200329997052904,73.25595799920848,224.21736643526577
1789570897,50,,Aggregated,162.000000,0.000000,7,10,11,12,15,18,21,24,43,58,73,281645,0,7,8.335339684901584,2.3200329997052904,73.25595799920848,224.21751140620285
1789570898,50,,Aggregated,162.000000,0.000000,7,10,11,12,15,18,21,24,43,58,73,281803,0,7,8.335092080464303,2.3200329997052904,73.25595799920848,224.2185675808987
1789570899,50,,Aggregated,163.300000,0.000000,7,10,11,12,15,18,21,24,43,58,73,281968,0,7,8.33458304570403,2.3200329997052904,73.25595799920848,224.2181204959428
1789570900,50,,Aggregated,162.900000,0.000000,7,10,11,12,15,18,21,24,43,58,73,282127,0,7,8.33481888873122,2.3200329997052904,73.25595799920848,224.2185930449762
1789570901,50,,Aggregated,163.000000,0.000000,7,10,11,12,15,18,21,24,44,58,73,282290,0,7,8.336003885316723,2.3200329997052904,73.25595799920848,224.2188033582486
1789570902,50,,Aggregated,162.800000,0.000000,7,10,11,12,15,18,21,24,44,58,73,282464,0,7,8.335873415631918,2.3200329997052904,73.25595799920848,224.21769499830066
1789570903,50,,Aggregated,163.000000,0.000000,7,10,11,12,15,18,21,24,44,58,73,282625,0,7,8.335392342616728,2.3200329997052904,73.25595799920848,224.21794957983192
1789570904,50,,Aggregated,163.200000,0.000000,7,10,11,12,15,18,21,24,44,58,73,282787,0,7,8.335661838118643,2.3200329997052904,73.25595799920848,224.21682043375404
1789570905,50,,Aggregated,163.800000,0.000000,7,10,11,12,15,18,21,24,44,58,73,282950,0,7,8.335538088630722,2.3200329997052904,73.25595799920848,224.21586852800849
1789570906,50,,Aggregated,163.600000,0.000000,7,10,11,12,15,18,21,24,44,58,73,283101,0,7,8.336566059523184,2.3200329997052904,73.25595799920848,224.2143157389059
1789570907,50,,Aggregated,163.500000,0.000000,7,10,11,12,15,18,21,24,44,58,73,283260,0,7,8.336611806316032,2.3200329997052904,73.25595799920848,224.2131080985667
1789570908,50,,Aggregated,163.400000,0.000000,7,10,11,12,15,18,21,24,44,58,73,283426,0,7,8.33704752868502,2.3200329997052904,73.25595799920848,224.212722192036
1789570909,50,,Aggregated,162.700000,0.000000,7,10,11,12,15,18,21,24,44,58,73,283582,0,7,8.336815948473712,2.3200329997052904,73.25595799920848,224.21468217305753
1789570910,50,,Aggregated,161.500000,0.000000,7,10,11,12,15,18,21,24,44,58,73,283742,0,7,8.337051170933675,2.3200329997052904,73.25595799920848,224.21535761360673
1789570911,50,,Aggregated,161.600000,0.000000,7,10,11,12,15,18,21,24,44,58,73,283914,0,7,8.337318866495071,2.3200329997052904,73.25595799920848,224.2145438407405
1789570912,50,,Aggregated,161.500000,0.000000,7,10,11,12,15,18,21,24,43,58,73,284076,0,7,8.337077299673563,2.3200329997052904,73.25595799920848,224.21502344443036
1789570913,50,,Aggregated,161.600000,0.000000,7,10,11,12,15,18,21,24,43,58,73,284236,0,7,8.337640884487042,2.3200329997052904,73.25595799920848,224.21617951279921
1789570914,50,,Aggregated,160.700000,0.000000,7,10,11,12,15,18,21,24,43,58,73,284408,0,7,8.337544630773637,2.3200329997052904,73.25595799920848,224.21673440972125
1789570915,50,,Aggregated,160.800000,0.000000,7,10,11,12,15,18,21,24,43,58,73,284560,0,7,8.338048928538992,2.3200329997052904,73.25595799920848,224.21751124543155
1789570916,50,,Aggregated,160.900000,0.000000,7,10,11,12,15,18,21,24,43,58,73,284727,0,7,8.338081117161469,2.3200329997052904,73.25595799920848,224.21653022017583
1789570917,50,,Aggregated,161.800000,0.000000,7,10,11,12,15,18,21,24,43,58,73,284885,0,7,8.338400930680915,2.3200329997052904,73.25595799920848,224.21526580901065
1789570918,50,,Aggregated,161.600000,0.000000,7,10,11,12,15,18,21,24,43,58,73,285049,0,7,8.338730066862329,2.3200329997052904,73.25595799920848,224.2160119839045
1789570919,50,,Aggregated,161.600000,0.000000,7,10,11,12,15,18,21,24,43,58,73,285226,0,7,8.339960059279433,2.3200329997052904,73.25595799920848,224.21572367175503
1789570920,50,,Aggregated,162.300000,0.000000,7,10,11,12,15,18,21,24,43,58,73,285373,0,7,8.3400725145302,2.3200329997052904,73.25595799920848,224.21529366828676
1789570921,50,,Aggregated,162.200000,0.000000,7,10,11,12,15,18,21,24,43,58,73,285539,0,7,8.339411920518783,2.3200329997052904,73.25595799920848,224.21458714921604
1789570922,50,,Aggregated,163.100000,0.000000,7,10,11,12,15,18,21,24,43,58,73,285702,0,7,8.339818276620449,2.3200329997052904,73.25595799920848,224.21356518330288
1789570923,50,,Aggregated,162.100000,0.000000,7,10,11,12,15,18,21,24,43,58,73,285861,0,7,8.339582512399394,2.3200329997052904,73.25595799920848,224.21496811387354
1789570924,50,,Aggregated,162.800000,0.000000,7,10,11,12,15,18,21,24,43,58,73,286018,0,7,8.339862992839572,2.3200329997052904,73.25595799920848,224.2163570124957
1789570925,50,,Aggregated,162.700000,0.000000,7,10,11,12,15,18,21,24,43,58,73,286185,0,7,8.339975247923483,2.3200329997052904,73.25595799920848,224.218271397872
1789570926,50,,Aggregated,161.500000,0.000000,7,10,11,12,15,18,21,24,43,58,73,286353,0,7,8.339856170740225,2.3200329997052904,73.25595799920848,224.2188767011346
1789570927,50,,Aggregated,160.400000,0.000000,7,10,11,12,15,18,21,24,43,58,73,286513,0,7,8.33912088582362,2.3200329997052904,73.25595799920848,224.21872654992967
1789570928,50,,Aggregated,161.400000,0.000000,7,10,11,12,15,18,21,24,43,58,73,286669,0,7,8.339224454182327,2.3200329997052904,73.25595799920848,224.2209691316466
1789570929,50,,Aggregated,161.700000,0.000000,7,10,11,12,15,18,21,24,43,58,73,286838,0,7,8.339068573145793,2.3200329997052904,73.25595799920848,224.22032296975993
1789570930,50,,Aggregated,162.500000,0.000000,7,10,11,12,15,18,21,24,43,58,73,287002,0,7,8.339221406150422,2.3200329997052904,73.25595799920848,224.21994620246548
1789570931,50,,Aggregated,160.800000,0.000000,7,10,11,12,15,18,21,24,43,58,73,287163,0,7,8.339118042822374,2.3200329997052904,73.25595799920848,224.21723202501715
1789570932,50,,Aggregated,161.000000,0.000000,7,10,11,12,15,18,21,24,43,58,73,287320,0,7,8.339223193957935,2.3200329997052904,73.25595799920848,224.21845329249618
1789570933,50,,Aggregated,161.900000,0.000000,7,10,11,12,15,18,21,24,43,58,73,287498,0,7,8.338820223733732,2.3200329997052904,73.25595799920848,224.21874239125142
1789570934,50,,Aggregated,161.900000,0.000000,7,10,11,12,15,18,21,24,43,58,73,287665,0,7,8.338537873151123,2.3200329997052904,73.25595799920848,224.21844854257557
1789570935,50,,Aggregated,160.700000,0.000000,7,10,11,12,15,18,21,24,43,58,73,287826,0,7,8.338529703602186,2.3200329997052904,73.25595799920848,224.21916018705747
1789570936,50,,Aggregated,163.300000,0.000000,7,10,11,12,15,18,21,24,43,58,73,287977,0,7,8.34026774364968,2.3200329997052904,73.25595799920848,224.21732291120472
1789570937,50,,Aggregated,164.300000,0.000000,7,10,11,12,15,18,21,24,43,58,73,288148,0,7,8.339989492451869,2.3200329997052904,73.25595799920848,224.21629162791342
1789570938,50,,Aggregated,163.600000,0.000000,7,10,11,12,15,18,21,24,43,58,73,288307,0,7,8.339663880252717,2.3200329997052904,73.25595799920848,224.21671343394368
1789570939,50,,Aggregated,162.200000,0.000000,7,10,11,12,15,18,21,24,43,58,73,288471,0,7,8.339666920269442,2.3200329997052904,73.25595799920848,224.21508921174052
1789570940,50,,Aggregated,162.700000,0.000000,7,10,11,12,15,18,21,24,43,58,73,288625,0,7,8.339864511102824,2.3200329997052904,73.25595799920848,224.21502988306625
1789570941,50,,Aggregated,163.500000,0.000000,7,10,11,12,15,18,21,24,43,58,73,288800,0,7,8.339171760768927,2.3200329997052904,73.25595799920848,224.2149238227147
1789570942,50,,Aggregated,163.100000,0.000000,7,10,11,12,15,18,21,24,43,58,73,288958,0,7,8.338994328913074,2.3200329997052904,73.25595799920848,224.21384076578602
1789570944,50,,Aggregated,162.000000,0.000000,7,10,11,12,15,18,21,24,43,58,73,289120,0,7,8.338991981053123,2.3200329997052904,73.25595799920848,224.21283895960156
1789570945,50,,Aggregated,163.300000,0.000000,7,10,11,12,15,18,21,24,43,58,73,289281,0,7,8.339452340668975,2.3200329997052904,73.25595799920848,224.2138854608495
1789570946,50,,Aggregated,161.900000,0.000000,7,10,11,12,15,18,21,24,43,58,73,289446,0,7,8.339341746329419,2.3200329997052904,73.25595799920848,224.21264760957138
1789570947,50,,Aggregated,161.900000,0.000000,7,10,11,12,15,18,21,24,43,58,73,289612,0,7,8.338585104281135,2.3200329997052904,73.25595799920848,224.21088214576744
