Timestamp,User Count,Type,Name,Requests/s,Failures/s,50%,66%,75%,80%,90%,95%,98%,99%,99.9%,99.99%,100%,Total Request Count,Total Failure Count,Total Median Response Time,Total Average Response Time,Total Min Response Time,Total Max Response Time,Total Average Content Size
1789522742,0,,Aggregated,0.000000,0.000000,N/A,N/A,N/A,N/A,N/A,N/A,N/A,N/A,N/A,N/A,N/A,0,0,0,0.0,0,0,0
1789522743,2,,Aggregated,0.000000,0.000000,19,19,19,19,19,19,19,19,19,19,19,4,0,15,16.47824199972092,13.762681002845056,19.03244899585843,220.75
1789522744,4,,Aggregated,0.000000,0.000000,15,17,19,19,23,24,24,24,24,24,24,17,0,15,15.679625294390409,6.55982500029495,24.236525998276193,222.0
1789522745,6,,Aggregated,0.000000,0.000000,15,15,16,17,19,23,24,24,24,24,24,35,0,15,14.218555142412827,5.151382996700704,24.236525998276193,225.34285714285716
1789522746,8,,Aggregated,3.000000,0.000000,14,15,16,16,19,24,25,28,28,28,28,59,0,14,13.79383049147614,4.759206000017002,28.450924997741822,225.8135593220339
1789522747,10,,Aggregated,6.000000,0.000000,14,16,16,18,21,24,28,30,30,30,30,92,0,14,13.972557000274916,4.606727001373656,29.845764001947828,222.7391304347826
1789522748,10,,Aggregated,10.000000,0.000000,15,16,17,18,23,24,27,28,30,30,30,123,0,15,14.805177154553755,4.606727001373656,29.845764001947828,222.79674796747966
1789522749,10,,Aggregated,13.200000,0.000000,15,16,17,18,23,25,27,28,30,30,30,154,0,15,14.879310435189128,4.606727001373656,29.845764001947828,223.74025974025975
1789522750,10,,Aggregated,16.000000,0.000000,15,16,18,19,24,26,30,32,33,33,33,184,0,15,15.295604054462393,4.462821998458821,33.261008000408765,223.4673913043478
1789522751,10,,Aggregated,18.428571,0.000000,15,16,17,18,23,26,28,30,33,33,33,212,0,15,15.145825075551501,4.462821998458821,33.261008000408765,224.42924528301887
1789522752,10,,Aggregated,20.000000,0.000000,15,16,18,19,23,26,29,30,33,33,33,249,0,15,15.392324803381864,4.462821998458821,33.261008000408765,223.7871485943775
1789522753,10,,Aggregated,21.333333,0.000000,15,16,18,19,23,26,28,30,33,33,33,285,0,15,15.2978203895608,4.462821998458821,33.261008000408765,223.58947368421053
1789522754,10,,Aggregated,21.900000,0.000000,15,16,18,19,23,26,28,30,33,33,33,314,0,15,15.381707815403544,4.462821998458821,33.261008000408765,223.69108280254778
1789522755,10,,Aggregated,25.800000,0.000000,15,16,18,19,23,25,28,30,33,33,33,341,0,15,15.3360429943742,4.462821998458821,33.261008000408765,223.66862170087975
1789522756,10,,Aggregated,28.400000,0.000000,15,16,17,18,22,25,28,30,33,33,33,372,0,15,15.223701712540045,4.462821998458821,33.261008000408765,223.98387096774192
1789522757,10,,Aggregated,30.000000,0.000000,15,16,17,18,21,24,28,29,33,33,33,402,0,15,15.153204982777257,4.462821998458821,33.261008000408765,224.2089552238806
1789522758,10,,Aggregated,30.900000,0.000000,15,16,17,18,22,25,28,29,33,33,33,435,0,15,15.302628643885013,4.462821998458821,33.261008000408765,224.54252873563217
1789522759,10,,Aggregated,31.200000,0.000000,15,16,17,18,22,25,28,29,33,33,33,473,0,15,15.290428774003589,4.462821998458821,33.261008000408765,224.14799154334037
1789522760,10,,Aggregated,31.400000,0.000000,15,16,17,18,22,24,28,28,33,33,33,505,0,15,15.304543903183381,4.462821998458821,33.261008000408765,224.2930693069307
1789522761,10,,Aggregated,31.400000,0.000000,15,16,18,19,22,25,28,29,35,35,35,539,0,15,15.453356115218423,4.462821998458821,34.60963600082323,224.16141001855289
1789522762,10,,Aggregated,32.100000,0.000000,15,16,18,19,22,25,28,29,35,35,35,574,0,15,15.527699272013844,4.462821998458821,34.60963600082323,224.32578397212544
1789522763,10,,Aggregated,31.700000,0.000000,15,16,18,19,22,25,28,28,35,35,35,608,0,15,15.513870575899235,4.392434006149415,34.60963600082323,224.20723684210526
1789522764,10,,Aggregated,32.800000,0.000000,15,16,18,19,22,25,28,28,35,35,35,637,0,15,15.517746196445053,4.392434006149415,34.60963600082323,224.45211930926217
1789522765,10,,Aggregated,32.300000,0.000000,15,16,18,19,22,25,28,29,35,35,35,666,0,15,15.625288536238212,4.392434006149415,34.60963600082323,224.25675675675674
1789522766,10,,Aggregated,32.700000,0.000000,15,16,18,19,23,25,28,30,39,39,39,700,0,15,15.71402638876212,4.392434006149415,38.55557399947429,224.34428571428572
1789522767,10,,Aggregated,32.800000,0.000000,15,16,18,19,23,26,28,30,39,39,39,735,0,15,15.779749898110884,4.392434006149415,38.55557399947429,224.51700680272108
1789522768,10,,Aggregated,32.600000,0.000000,15,16,18,19,23,25,28,30,39,39,39,768,0,15,15.834097720187401,4.392434006149415,38.55557399947429,224.44401041666666
1789522769,10,,Aggregated,33.200000,0.000000,15,16,18,19,23,25,28,30,39,39,39,803,0,15,15.78865536132279,4.392434006149415,38.55557399947429,224.2640099626401
1789522770,10,,Aggregated,33.000000,0.000000,15,16,18,19,23,25,28,30,39,39,39,830,0,15,15.804368670078146,4.392434006149415,38.55557399947429,224.34096385542168
1789522771,10,,Aggregated,32.900000,0.000000,15,16,18,19,23,25,28,30,39,39,39,862,0,15,15.814510747292532,4.392434006149415,38.55557399947429,224.3120649651972
1789522772,10,,Aggregated,32.600000,0.000000,15,16,18,19,23,25,28,30,39,39,39,893,0,15,15.833758398852233,4.392434006149415,38.55557399947429,224.32026875699887
1789522773,10,,Aggregated,32.700000,0.000000,15,16,18,19,23,25,28,29,39,39,39,924,0,15,15.850215662511175,4.392434006149415,38.55557399947429,223.982683982684
1789522774,10,,Aggregated,32.300000,0.000000,15,16,18,19,23,25,28,30,39,39,39,956,0,15,15.853673719826764,4.392434006149415,38.55557399947429,224.2133891213389
1789522775,10,,Aggregated,31.700000,0.000000,15,16,18,19,23,25,28,30,39,39,39,989,0,15,15.806784791843008,4.392434006149415,38.55557399947429,224.08392315470172
1789522776,10,,Aggregated,31.200000,0.000000,15,16,18,19,23,26,28,30,35,39,39,1019,0,15,15.835648933416692,4.392434006149415,38.55557399947429,224.07948969578018
1789522777,10,,Aggregated,31.700000,0.000000,15,16,18,19,23,25,28,30,35,39,39,1051,0,15,15.811871283688593,4.392434006149415,38.55557399947429,224.24357754519505
1789522778,10,,Aggregated,32.000000,0.000000,15,16,18,19,23,25,28,30,35,39,39,1080,0,15,15.793587406618894,4.392434006149415,38.55557399947429,224.30185185185186
1789522779,10,,Aggregated,31.400000,0.000000,15,16,18,19,23,26,28,30,35,39,39,1115,0,15,15.848597656646243,4.392434006149415,38.55557399947429,224.30044843049328
1789522780,10,,Aggregated,31.700000,0.000000,15,16,18,19,23,25,28,30,35,39,39,1147,0,15,15.886824677563123,4.392434006149415,38.55557399947429,224.24498692240627
1789522781,10,,Aggregated,31.300000,0.000000,15,16,18,19,23,25,28,30,35,39,39,1179,0,15,15.880344539608327,4.392434006149415,38.55557399947429,224.15351993214588
1789522782,10,,Aggregated,31.600000,0.000000,15,16,18,19,23,25,28,30,35,39,39,1208,0,15,15.89571507466096,4.392434006149415,38.55557399947429,224.39486754966887
1789522783,10,,Aggregated,31.500000,0.000000,15,16,18,19,23,25,28,30,35,39,39,1239,0,15,15.90224995173269,4.392434006149415,38.55557399947429,224.28490718321225
1789522784,10,,Aggregated,31.300000,0.000000,15,16,18,19,23,25,28,30,35,39,39,1277,0,15,15.90309398216406,4.392434006149415,38.55557399947429,224.25606891151136
1789522785,10,,Aggregated,31.600000,0.000000,15,16,18,19,23,25,28,29,35,39,39,1309,0,15,15.890087959684507,4.392434006149415,38.55557399947429,224.3170359052712
1789522786,10,,Aggregated,31.800000,0.000000,15,16,18,19,23,25,28,29,35,39,39,1344,0,15,15.864219573851793,4.392434006149415,38.55557399947429,224.21056547619048
1789522787,10,,Aggregated,31.800000,0.000000,15,17,18,19,23,25,28,30,38,39,39,1373,0,15,15.909837630915016,4.392434006149415,38.55557399947429,224.25928623452293
1789522788,10,,Aggregated,32.200000,0.000000,15,17,18,19,23,25,28,30,38,39,39,1404,0,15,15.932713629782947,4.392434006149415,38.55557399947429,224.26353276353277
1789522789,10,,Aggregated,32.200000,0.000000,15,17,18,19,23,25,28,30,38,39,39,1438,0,15,15.911645034921271,4.392434006149415,38.55557399947429,224.2489568845619
1789522790,10,,Aggregated,32.100000,0.000000,15,16,18,19,23,25,28,30,38,39,39,1471,0,15,15.874572299261525,4.392434006149415,38.55557399947429,224.31135282121005
1789522791,10,,Aggregated,32.400000,0.000000,15,16,18,19,23,25,28,30,38,39,39,1503,0,15,15.879392337471653,4.392434006149415,38.55557399947429,224.32667997338655
1789522792,10,,Aggregated,32.000000,0.000000,15,16,18,19,23,25,28,30,38,39,39,1532,0,15,15.882949748173537,4.392434006149415,38.55557399947429,224.36422976501305
1789522793,10,,Aggregated,32.600000,0.000000,15,16,18,19,22,25,28,30,38,39,39,1562,0,15,15.871037554536038,4.392434006149415,38.55557399947429,224.35915492957747
1789522794,10,,Aggregated,32.400000,0.000000,15,16,18,19,23,25,28,30,38,39,39,1598,0,15,15.896214157819646,4.392434006149415,38.55557399947429,224.42115143929914
1789522795,10,,Aggregated,32.500000,0.000000,15,17,18,19,23,25,28,30,38,39,39,1629,0,15,15.917034635473847,4.392434006149415,38.55557399947429,224.42295887047268
1789522796,10,,Aggregated,32.400000,0.000000,15,17,18,19,23,25,28,30,38,39,39,1661,0,15,15.907254372786479,4.392434006149415,38.55557399947429,224.4310656231186
1789522797,10,,Aggregated,32.400000,0.000000,15,16,18,19,23,25,28,30,38,39,39,1693,0,15,15.905206046189644,4.392434006149415,38.55557399947429,224.33077377436504
1789522798,10,,Aggregated,31.800000,0.000000,15,17,18,19,23,25,28,30,38,39,39,1723,0,15,15.928912390713753,4.392434006149415,38.55557399947429,224.3244341265235
1789522799,10,,Aggregated,32.000000,0.000000,15,17,18,19,23,25,28,31,38,39,39,1754,0,15,15.94818414492172,4.392434006149415,38.55557399947429,224.32725199543898
1789522800,10,,Aggregated,32.100000,0.000000,15,17,18,19,23,25,28,31,38,39,39,1787,0,15,15.946539774585359,4.349032002210151,38.55557399947429,224.276440962507
1789522801,10,,Aggregated,32.000000,0.000000,15,17,18,19,23,25,28,31,38,39,39,1820,0,15,15.944351135252733,4.349032002210151,38.55557399947429,224.35384615384615
1789522802,10,,Aggregated,31.300000,0.000000,15,17,18,19,23,25,28,31,38,39,39,1854,0,15,15.992255694259223,4.349032002210151,38.55557399947429,224.36245954692558
1789522803,10,,Aggregated,31.500000,0.000000,15,17,18,19,23,25,28,31,38,39,39,1885,0,15,15.987595549155587,4.349032002210151,38.55557399947429,224.33740053050397
1789522804,10,,Aggregated,31.500000,0.000000,15,17,18,19,23,25,29,32,38,39,39,1915,0,15,16.023031475801172,4.349032002210151,38.55557399947429,224.1859007832898
1789522805,10,,Aggregated,32.000000,0.000000,15,17,18,19,23,25,29,32,38,39,39,1949,0,15,16.02355515298209,4.349032002210151,38.55557399947429,224.22319138019498
1789522806,10,,Aggregated,31.800000,0.000000,15,17,18,19,23,25,29,32,38,39,39,1977,0,15,16.012924576207077,4.349032002210151,38.55557399947429,224.24532119372788
1789522807,10,,Aggregated,31.500000,0.000000,15,17,18,19,23,25,29,32,36,39,39,2006,0,15,16.02743981264897,4.349032002210151,38.55557399947429,224.21036889332004
1789522808,10,,Aggregated,31.500000,0.000000,15,17,18,19,23,25,29,32,36,39,39,2037,0,15,16.002503458615987,4.349032002210151,38.55557399947429,224.21453117329406
1789522809,10,,Aggregated,31.400000,0.000000,15,17,18,19,23,25,29,32,38,40,40,2071,0,15,16.035644148342442,4.349032002210151,39.76223999779904,224.13278609367455
1789522810,10,,Aggregated,31.400000,0.000000,15,17,18,19,23,26,29,32,38,40,40,2103,0,15,16.074901004845685,4.349032002210151,39.76223999779904,224.10413694721825
1789522811,10,,Aggregated,31.100000,0.000000,15,17,18,19,23,26,29,32,38,40,40,2133,0,15,16.072868119636787,4.349032002210151,39.76223999779904,224.10314111579933
1789522812,10,,Aggregated,32.000000,0.000000,15,17,18,19,23,25,29,32,38,40,40,2164,0,15,16.05964185637781,4.349032002210151,39.76223999779904,224.1321626617375
1789522813,10,,Aggregated,31.400000,0.000000,15,17,18,19,23,25,29,32,38,40,40,2194,0,15,16.07623949734487,4.349032002210151,39.76223999779904,224.16955332725615
1789522814,10,,Aggregated,31.400000,0.000000,15,17,18,19,23,26,30,32,38,40,40,2230,0,15,16.116434286623637,4.349032002210151,39.76223999779904,224.1578475336323
1789522815,10,,Aggregated,30.900000,0.000000,15,17,18,19,23,26,29,32,38,40,40,2260,0,15,16.129558906284295,4.349032002210151,39.76223999779904,224.1557522123894
1789522816,10,,Aggregated,31.200000,0.000000,15,17,18,19,23,26,30,32,38,40,40,2295,0,15,16.13130439007855,4.349032002210151,39.76223999779904,224.1128540305011
1789522817,10,,Aggregated,31.200000,0.000000,15,17,18,19,23,26,29,32,38,40,40,2327,0,15,16.132127282851656,4.349032002210151,39.76223999779904,224.0472711645896
1789522818,10,,Aggregated,31.700000,0.000000,15,17,18,19,23,26,29,32,38,40,40,2357,0,15,16.142579368346382,4.349032002210151,39.76223999779904,224.1213406873144
1789522819,10,,Aggregated,31.600000,0.000000,15,17,18,19,23,26,30,32,39,41,41,2390,0,15,16.139788606358014,4.349032002210151,41.24597000190988,224.10167364016738
1789522820,10,,Aggregated,32.000000,0.000000,15,17,18,19,23,26,30,32,39,41,41,2421,0,15,16.14019365930659,4.349032002210151,41.24597000190988,224.0140437835605
1789522821,10,,Aggregated,32.100000,0.000000,15,17,18,19,23,26,30,32,39,41,41,2449,0,15,16.13906224017487,4.349032002210151,41.24597000190988,223.99591670069415
1789522822,10,,Aggregated,31.900000,0.000000,15,17,18,19,23,26,30,32,39,41,41,2481,0,15,16.136576618786872,4.349032002210151,41.24597000190988,223.9371221281741
1789522823,10,,Aggregated,31.900000,0.000000,15,17,18,19,23,26,29,32,39,41,41,2517,0,15,16.120722516162854,4.349032002210151,41.24597000190988,223.96583234008742
1789522824,10,,Aggregated,31.600000,0.000000,15,17,18,19,23,25,30,32,39,41,41,2547,0,15,16.12291044725771,4.349032002210151,41.24597000190988,224.05692972124066
1789522825,10,,Aggregated,31.800000,0.000000,15,17,18,19,23,25,29,32,39,41,41,2572,0,15,16.12244877651392,4.349032002210151,41.24597000190988,224.01477449455678
1789522826,10,,Aggregated,32.000000,0.000000,15,17,18,19,23,25,29,32,39,41,41,2603,0,15,16.127726114950075,4.349032002210151,41.24597000190988,223.9850172877449
1789522827,10,,Aggregated,31.700000,0.000000,15,17,18,19,23,25,29,32,39,41,41,2640,0,15,16.11146668984392,4.349032002210151,41.24597000190988,223.98295454545453
1789522828,10,,Aggregated,31.100000,0.000000,15,17,18,19,23,25,29,32,39,41,41,2667,0,15,16.11501105668429,4.349032002210151,41.24597000190988,223.95875515560556
1789522829,10,,Aggregated,31.200000,0.000000,15,17,18,19,23,25,29,32,39,41,41,2702,0,15,16.121037382756622,4.349032002210151,41.24597000190988,223.92672094744634
1789522830,10,,Aggregated,31.000000,0.000000,15,17,18,19,23,25,29,32,39,41,41,2736,0,15,16.135199107530322,4.349032002210151,41.24597000190988,223.90350877192984
1789522831,10,,Aggregated,31.300000,0.000000,15,17,18,19,23,25,29,32,39,41,41,2764,0,15,16.15307740529243,4.349032002210151,41.24597000190988,223.8068017366136
1789522832,10,,Aggregated,31.000000,0.000000,15,17,18,19,23,26,29,32,40,44,44,2795,0,15,16.180795834084563,4.349032002210151,44.10565500438679,223.69982110912343
1789522833,10,,Aggregated,31.200000,0.000000,15,17,18,19,23,25,29,32,40,44,44,2822,0,15,16.168393082302895,4.349032002210151,44.10565500438679,223.68107725017717
1789522834,10,,Aggregated,31.500000,0.000000,15,17,18,19,23,25,29,32,40,44,44,2856,0,15,16.168066750088613,4.349032002210151,44.10565500438679,223.64460784313727
1789522835,10,,Aggregated,31.200000,0.000000,15,17,18,19,23,25,29,32,40,44,44,2890,0,15,16.14984244437607,4.349032002210151,44.10565500438679,223.6439446366782
1789522836,10,,Aggregated,30.600000,0.000000,15,17,18,19,23,25,29,32,40,44,44,2920,0,15,16.16376472097789,4.349032002210151,44.10565500438679,223.66130136986303
1789522837,10,,Aggregated,30.900000,0.000000,15,17,18,19,23,25,29,32,40,44,44,2949,0,15,16.164720302214114,4.349032002210151,44.10565500438679,223.62495761275008
1789522838,10,,Aggregated,31.300000,0.000000,15,17,18,19,23,25,29,32,40,44,44,2979,0,15,16.17394434583188,4.349032002210151,44.10565500438679,223.61027190332325
1789522839,10,,Aggregated,31.700000,0.000000,15,17,18,19,23,25,29,32,39,44,44,3009,0,15,16.16588192928172,4.349032002210151,44.10565500438679,223.61216350947157
1789522840,10,,Aggregated,31.200000,0.000000,15,17,18,19,23,25,29,32,39,44,44,3042,0,15,16.177035257793484,4.349032002210151,44.10565500438679,223.63379355687047
1789522841,10,,Aggregated,30.800000,0.000000,15,17,18,19,23,25,29,32,39,44,44,3075,0,15,16.163888312585186,4.349032002210151,44.10565500438679,223.71414634146342
1789522842,10,,Aggregated,30.700000,0.000000,15,17,18,19,23,25,29,32,39,44,44,3109,0,15,16.159600042837248,4.349032002210151,44.10565500438679,223.6841428111933
1789522843,10,,Aggregated,30.900000,0.000000,15,17,18,19,23,25,29,32,39,44,44,3144,0,15,16.154466831807575,4.349032002210151,44.10565500438679,223.78944020356235
1789522844,10,,Aggregated,31.100000,0.000000,15,17,18,19,23,25,29,32,39,44,44,3177,0,15,16.16230750337078,4.349032002210151,44.10565500438679,223.76581680830972
1789522845,10,,Aggregated,31.400000,0.000000,15,17,18,19,23,26,29,32,40,44,44,3210,0,15,16.190088699446033,4.349032002210151,44.10565500438679,223.78629283489096
1789522846,10,,Aggregated,31.900000,0.000000,15,17,18,19,23,25,29,32,40,44,44,3244,0,15,16.184893893408393,4.349032002210151,44.10565500438679,223.78267570900124
1789522847,10,,Aggregated,32.200000,0.000000,15,17,18,19,23,25,29,32,40,44,44,3276,0,15,16.18681400098259,4.349032002210151,44.10565500438679,223.72496947496947
1789522848,10,,Aggregated,32.200000,0.000000,15,17,18,19,23,25,29,32,40,44,44,3307,0,15,16.184114546182364,4.349032002210151,44.10565500438679,223.69005140610827
1789522849,10,,Aggregated,32.200000,0.000000,15,17,18,19,23,26,29,32,40,44,44,3338,0,15,16.183294385631402,4.349032002210151,44.10565500438679,223.65578190533253
1789522850,10,,Aggregated,32.500000,0.000000,15,17,18,19,23,26,29,32,40,44,44,3370,0,15,16.203582494145532,4.349032002210151,44.10565500438679,223.6406528189911
1789522851,10,,Aggregated,32.600000,0.000000,15,17,18,19,23,26,29,32,40,44,44,3401,0,15,16.211979838068782,4.349032002210151,44.10565500438679,223.6215818876801
1789522852,10,,Aggregated,32.800000,0.000000,15,17,18,19,23,26,29,32,40,44,44,3434,0,15,16.225132718486936,4.349032002210151,44.10565500438679,223.6156086196855
1789522855,10,,Aggregated,32.300000,0.000000,15,17,18,19,23,26,29,32,40,44,44,3464,0,15,16.22578159563941,4.349032002210151,44.10565500438679,223.63019630484987
1789522856,10,,Aggregated,28.900000,0.000000,15,17,18,19,23,26,29,32,40,44,44,3498,0,15,16.216331869722715,4.349032002210151,44.10565500438679,223.64150943396226
1789522857,10,,Aggregated,27.600000,0.000000,15,17,18,19,23,26,29,32,40,44,44,3525,0,15,16.222213981922877,4.349032002210151,44.10565500438679,223.59971631205673
1789522858,10,,Aggregated,27.200000,0.000000,15,17,18,19,23,26,29,32,40,44,44,3556,0,15,16.229467583312445,4.349032002210151,44.10565500438679,223.6605736782902
1789522859,10,,Aggregated,26.800000,0.000000,15,17,18,19,23,26,29,32,40,44,44,3585,0,15,16.222653447768817,4.349032002210151,44.10565500438679,223.6426778242678
1789522860,10,,Aggregated,26.500000,0.000000,15,17,18,19,23,26,29,32,40,44,44,3618,0,15,16.220222762639448,4.349032002210151,44.10565500438679,223.62465450525153
1789522861,10,,Aggregated,26.600000,0.000000,15,17,18,19,23,26,29,32,40,44,44,3649,0,15,16.222398130777922,4.349032002210151,44.10565500438679,223.63359824609483
1789522862,10,,Aggregated,26.800000,0.000000,15,17,18,19,23,26,29,32,40,44,44,3681,0,15,16.226755138866373,4.349032002210151,44.10565500438679,223.66041836457484
1789522863,10,,Aggregated,26.600000,0.000000,15,17,18,19,23,25,29,32,40,44,44,3709,0,15,16.216938478068464,4.349032002210151,44.10565500438679,223.62685359935293
1789522864,10,,Aggregated,26.600000,0.000000,15,17,18,19,23,25,29,32,40,44,44,3743,0,15,16.230825063096542,4.349032002210151,44.10565500438679,223.57734437616884
1789522865,10,,Aggregated,26.500000,0.000000,15,17,18,19,23,25,29,32,40,44,44,3776,0,15,16.228465102005693,4.349032002210151,44.10565500438679,223.6197033898305
1789522866,10,,Aggregated,29.900000,0.000000,15,17,18,19,23,26,29,32,40,44,44,3803,0,15,16.242445833858316,4.349032002210151,44.10565500438679,223.60557454641074
1789522867,10,,Aggregated,30.900000,0.000000,15,17,18,19,23,26,29,32,40,44,44,3833,0,15,16.245939873506522,4.349032002210151,44.10565500438679,223.5823115053483
1789522868,10,,Aggregated,30.800000,0.000000,15,17,18,19,23,25,29,32,40,44,44,3866,0,15,16.24617494416521,4.349032002210151,44.10565500438679,223.58872219348163
1789522869,10,,Aggregated,30.900000,0.000000,15,17,18,19,23,26,29,32,40,44,44,3901,0,15,16.250960499899666,4.349032002210151,44.10565500438679,223.59395026916175
1789522870,10,,Aggregated,31.000000,0.000000,15,17,18,19,23,26,29,32,40,44,44,3932,0,15,16.256789110406594,4.349032002210151,44.10565500438679,223.6236012207528
1789522871,10,,Aggregated,31.500000,0.000000,15,17,18,19,23,26,29,32,40,44,44,3960,0,15,16.26035801719726,4.349032002210151,44.10565500438679,223.60328282828283
1789522872,10,,Aggregated,31.200000,0.000000,15,17,18,19,23,26,29,32,40,44,44,3996,0,15,16.25878338416112,4.349032002210151,44.10565500438679,223.6468968968969
1789522873,10,,Aggregated,31.200000,0.000000,15,17,18,19,23,26,29,32,40,44,44,4029,0,15,16.263417277271344,4.349032002210151,44.10565500438679,223.72077438570363
1789522874,10,,Aggregated,31.500000,0.000000,15,17,18,19,23,26,29,32,40,44,44,4063,0,15,16.27109389715338,4.349032002210151,44.10565500438679,223.7204036426286
1789522875,10,,Aggregated,31.800000,0.000000,15,17,18,19,23,26,29,33,40,44,44,4098,0,15,16.277497423651077,4.349032002210151,44.10565500438679,223.76988775012202
1789522876,10,,Aggregated,31.700000,0.000000,15,17,18,19,23,26,29,32,40,44,44,4133,0,15,16.26741943893436,4.349032002210151,44.10565500438679,223.7723203484152
1789522877,10,,Aggregated,32.300000,0.000000,15,17,18,19,23,26,29,32,40,44,44,4169,0,15,16.26331335094781,4.349032002210151,44.10565500438679,223.7893979371552
1789522878,10,,Aggregated,33.000000,0.000000,15,17,18,19,23,26,29,32,40,44,44,4198,0,15,16.260917650088484,4.349032002210151,44.10565500438679,223.75226298237257
1789522879,10,,Aggregated,33.300000,0.000000,15,17,18,19,23,26,29,32,40,44,44,4231,0,15,16.26026245003543,4.349032002210151,44.10565500438679,223.755613330182
1789522880,10,,Aggregated,33.300000,0.000000,15,17,18,19,23,26,29,32,40,44,44,4264,0,15,16.253860861425203,4.349032002210151,44.10565500438679,223.75867729831145
1789522881,10,,Aggregated,33.000000,0.000000,15,17,18,19,23,26,29,32,40,44,44,4291,0,15,16.23494539433574,4.349032002210151,44.10565500438679,223.78792822185972
1789522882,10,,Aggregated,33.300000,0.000000,15,17,18,19,23,26,29,32,40,44,44,4328,0,15,16.247286327421456,4.349032002210151,44.10565500438679,223.77795748613678
1789522883,10,,Aggregated,33.400000,0.000000,15,17,18,19,23,26,29,32,40,44,44,4356,0,15,16.24559489073989,4.349032002210151,44.10565500438679,223.73806244260788
1789522884,10,,Aggregated,33.000000,0.000000,15,17,18,19,23,26,29,32,40,44,44,4390,0,15,16.236666272677308,4.349032002210151,44.10565500438679,223.75785876993166
1789522885,10,,Aggregated,32.600000,0.000000,15,17,18,19,23,25,29,32,40,44,44,4420,0,15,16.23703293893191,4.349032002210151,44.10565500438679,223.76923076923077
1789522886,10,,Aggregated,32.800000,0.000000,15,17,18,19,23,26,30,33,40,44,44,4449,0,15,16.24409862599453,4.349032002210151,44.10565500438679,223.75432681501462
1789522887,10,,Aggregated,32.100000,0.000000,15,17,18,19,23,26,29,33,40,44,44,4480,0,15,16.243209085277094,4.349032002210151,44.10565500438679,223.759375
1789522888,10,,Aggregated,31.500000,0.000000,15,17,18,19,23,26,29,33,40,44,44,4514,0,15,16.25210332765386,4.349032002210151,44.10565500438679,223.75742135578201
1789522889,10,,Aggregated,31.000000,0.000000,15,17,18,19,23,26,29,33,40,44,44,4545,0,15,16.249148896375065,4.349032002210151,44.10565500438679,223.74279427942795
1789522890,10,,Aggregated,31.600000,0.000000,15,17,18,19,23,26,30,33,40,44,44,4574,0,15,16.263892092482752,4.349032002210151,44.10565500438679,223.73895933537386
1789522891,10,,Aggregated,31.800000,0.000000,15,17,18,19,23,26,30,33,40,44,44,4604,0,15,16.264231868169627,4.349032002210151,44.10565500438679,223.7699826238054
1789522892,10,,Aggregated,31.100000,0.000000,15,17,18,19,23,26,30,33,40,44,44,4636,0,15,16.260457293584366,4.349032002210151,44.10565500438679,223.74870578084557
1789522893,10,,Aggregated,31.100000,0.000000,15,17,18,19,23,26,29,33,40,44,44,4670,0,15,16.26644331244059,4.349032002210151,44.10565500438679,223.7186295503212
1789522894,10,,Aggregated,31.100000,0.000000,15,17,18,19,23,26,29,33,40,44,44,4702,0,15,16.271281863907603,4.349032002210151,44.10565500438679,223.76775840068055
1789522895,10,,Aggregated,31.300000,0.000000,15,17,18,19,23,26,30,33,40,44,44,4732,0,15,16.280652016077727,4.349032002210151,44.10565500438679,223.7288672865596
1789522896,10,,Aggregated,31.200000,0.000000,15,17,18,19,23,26,30,33,40,44,44,4760,0,15,16.277297594768687,4.349032002210151,44.10565500438679,223.75021008403363
1789522897,10,,Aggregated,31.000000,0.000000,15,17,18,19,23,26,30,33,40,44,44,4793,0,15,16.297772517440006,4.349032002210151,44.10565500438679,223.8118088879616
1789522898,10,,Aggregated,31.100000,0.000000,15,17,18,19,23,26,30,33,40,44,44,4823,0,15,16.294580084818588,4.349032002210151,44.10565500438679,223.85921625544267
1789522899,10,,Aggregated,31.600000,0.000000,15,17,18,19,23,26,30,33,40,44,44,4852,0,15,16.316987392222547,4.349032002210151,44.10565500438679,223.86294311624073
1789522900,10,,Aggregated,31.000000,0.000000,15,17,18,19,23,26,30,33,40,44,44,4884,0,15,16.321746500214314,4.349032002210151,44.10565500438679,223.86179361179362
1789522901,10,,Aggregated,30.200000,0.000000,15,17,18,19,23,26,30,33,40,44,44,4917,0,15,16.322084371176405,4.349032002210151,44.10565500438679,223.87350010168802
1789522902,10,,Aggregated,30.700000,0.000000,15,17,18,19,23,26,30,33,40,44,44,4954,0,15,16.325421800386934,4.349032002210151,44.10565500438679,223.87404117884537
1789522903,10,,Aggregated,31.000000,0.000000,15,17,18,19,23,26,30,33,40,44,44,4985,0,15,16.31757233182338,4.349032002210151,44.10565500438679,223.8603811434303
1789522904,10,,Aggregated,31.100000,0.000000,15,17,18,19,23,26,30,33,40,44,44,5022,0,15,16.326715493255154,4.349032002210151,44.10565500438679,223.87893269613699
1789522905,10,,Aggregated,31.600000,0.000000,15,17,18,19,23,26,30,33,40,44,44,5052,0,15,16.327815717169326,4.349032002210151,44.10565500438679,223.88855898653998
1789522906,10,,Aggregated,31.700000,0.000000,15,17,18,19,23,26,30,33,40,44,44,5080,0,15,16.317689016956482,4.349032002210151,44.10565500438679,223.9265748031496
1789522907,10,,Aggregated,32.000000,0.000000,15,17,18,20,23,26,30,33,40,44,44,5113,0,15,16.33233390341514,4.349032002210151,44.10565500438679,223.946411108938
1789522908,10,,Aggregated,31.900000,0.000000,15,17,18,19,23,26,30,33,40,44,44,5144,0,15,16.32790845240628,4.349032002210151,44.10565500438679,223.95898133748057
1789522909,10,,Aggregated,31.500000,0.000000,15,17,18,19,23,26,30,33,40,44,44,5178,0,15,16.321483152413577,4.349032002210151,44.10565500438679,224.0003862495172
1789522910,10,,Aggregated,31.700000,0.000000,15,17,18,19,23,26,30,33,40,44,44,5209,0,15,16.32057603286857,4.349032002210151,44.10565500438679,223.98540986753696
1789522911,10,,Aggregated,32.500000,0.000000,15,17,18,19,23,26,30,33,40,44,44,5238,0,15,16.316007063420116,4.349032002210151,44.10565500438679,224.00725467735776
1789522912,10,,Aggregated,32.400000,0.000000,15,17,18,19,23,26,30,33,40,44,44,5272,0,15,16.330019768435136,4.349032002210151,44.10565500438679,224.02996965098635
1789522913,10,,Aggregated,32.100000,0.000000,15,17,18,19,23,26,30,33,40,44,44,5302,0,15,16.3383054691016,4.349032002210151,44.10565500438679,224.0126367408525
1789522914,10,,Aggregated,32.000000,0.000000,15,17,18,19,23,26,30,33,40,44,44,5337,0,15,16.340618114709066,4.349032002210151,44.10565500438679,224.00430953719317
1789522915,10,,Aggregated,31.800000,0.000000,15,17,18,20,23,26,30,33,40,44,44,5370,0,15,16.355365029646695,4.349032002210151,44.10565500438679,223.98137802607076
1789522916,10,,Aggregated,31.500000,0.000000,15,17,18,20,23,26,30,33,40,44,44,5401,0,15,16.353105236842506,4.349032002210151,44.10565500438679,224.00870209220514
1789522917,10,,Aggregated,31.600000,0.000000,15,17,18,20,23,26,30,33,40,44,44,5431,0,15,16.346450686651217,4.349032002210151,44.10565500438679,224.01675566194072
1789522918,10,,Aggregated,32.100000,0.000000,15,17,18,19,23,26,30,33,40,44,44,5462,0,15,16.342590651628193,4.349032002210151,44.10565500438679,224.02764555108018
1789522919,10,,Aggregated,32.400000,0.000000,15,17,18,19,23,26,30,33,40,44,44,5494,0,15,16.342875250672137,4.349032002210151,44.10565500438679,224.01692755733526
1789522920,10,,Aggregated,31.900000,0.000000,15,17,18,19,23,26,30,33,40,44,44,5531,0,15,16.3484721735988,4.349032002210151,44.10565500438679,224.04935816308083
1789522921,10,,Aggregated,31.500000,0.000000,15,17,18,20,23,26,30,33,40,44,44,5561,0,15,16.352314494900174,4.349032002210151,44.10565500438679,224.06401726308218
1789522922,10,,Aggregated,31.900000,0.000000,15,17,18,20,23,26,30,33,40,44,44,5594,0,15,16.35090676995877,4.349032002210151,44.10565500438679,224.09706828745084
1789522923,10,,Aggregated,32.400000,0.000000,15,17,18,20,23,26,30,33,40,44,44,5627,0,15,16.34683702099721,4.349032002210151,44.10565500438679,224.10698418340147
1789522924,10,,Aggregated,32.000000,0.000000,15,17,18,20,23,26,30,33,40,44,44,5660,0,15,16.349317540126986,4.349032002210151,44.10565500438679,224.09982332155477
1789522925,10,,Aggregated,32.200000,0.000000,15,17,19,20,23,26,30,33,40,44,44,5689,0,15,16.360061506088055,4.349032002210151,44.10565500438679,224.11109158024257
1789522926,10,,Aggregated,32.300000,0.000000,15,17,18,20,23,26,30,33,40,44,44,5720,0,15,16.35092636751216,4.349032002210151,44.10565500438679,224.0818181818182
1789522927,10,,Aggregated,32.400000,0.000000,15,17,18,20,23,26,30,33,40,44,44,5751,0,15,16.346247289365646,4.349032002210151,44.10565500438679,224.10050426012867
1789522928,10,,Aggregated,31.600000,0.000000,15,17,18,20,23,26,30,33,40,44,44,5786,0,15,16.342841869537654,4.349032002210151,44.10565500438679,224.1239198064293
1789522929,10,,Aggregated,31.700000,0.000000,15,17,18,20,23,26,30,33,40,44,44,5819,0,15,16.340305306432064,4.349032002210151,44.10565500438679,224.11823337343185
1789522930,10,,Aggregated,32.100000,0.000000,15,17,18,20,23,26,30,33,40,44,44,5851,0,15,16.343193257418967,4.349032002210151,44.10565500438679,224.10032473081523
1789522931,10,,Aggregated,32.400000,0.000000,15,17,18,20,23,26,30,33,40,44,44,5886,0,15,16.336490386197966,4.349032002210151,44.10565500438679,224.09191301393136
1789522932,10,,Aggregated,32.100000,0.000000,15,17,18,20,23,26,30,33,40,44,44,5920,0,15,16.34021142046574,4.349032002210151,44.10565500438679,224.08091216216215
1789522933,10,,Aggregated,32.200000,0.000000,15,17,18,20,23,26,30,33,40,44,44,5948,0,15,16.34476500069767,4.349032002210151,44.10565500438679,224.07985877605918
1789522934,10,,Aggregated,32.600000,0.000000,15,17,18,20,23,26,30,33,40,44,44,5977,0,15,16.343126374294304,4.349032002210151,44.10565500438679,224.11259829345826
1789522935,10,,Aggregated,32.100000,0.000000,15,17,18,20,23,26,30,33,39,44,44,6007,0,15,16.341059336466916,4.349032002210151,44.10565500438679,224.08872981521557
1789522936,10,,Aggregated,31.700000,0.000000,15,17,19,20,23,26,30,33,39,44,44,6044,0,15,16.360537490930334,4.349032002210151,44.10565500438679,224.0498014559894
1789522937,10,,Aggregated,31.300000,0.000000,15,17,19,20,23,26,30,33,39,44,44,6076,0,15,16.362608544467612,4.349032002210151,44.10565500438679,224.04805793285055
1789522938,10,,Aggregated,32.100000,0.000000,15,17,19,20,23,26,30,33,39,44,44,6110,0,15,16.360613221958108,4.349032002210151,44.10565500438679,224.03044189852702
1789522939,10,,Aggregated,32.100000,0.000000,15,17,19,20,23,26,30,33,39,44,44,6142,0,15,16.366337135161583,4.349032002210151,44.10565500438679,224.03663301856074
1789522940,10,,Aggregated,32.300000,0.000000,15,17,19,20,24,26,30,33,39,44,44,6170,0,15,16.3801739766875,4.349032002210151,44.10565500438679,223.9996758508914
1789522941,10,,Aggregated,32.100000,0.000000,15,17,19,20,24,26,30,33,39,44,44,6200,0,15,16.38075269099523,4.349032002210151,44.10565500438679,223.99903225806452
1789522942,10,,Aggregated,32.100000,0.000000,15,17,19,20,24,26,30,33,39,44,44,6230,0,15,16.389265738871764,4.349032002210151,44.10565500438679,223.97560192616373
1789522943,10,,Aggregated,31.300000,0.000000,15,17,19,20,24,26,30,33,39,44,44,6263,0,15,16.38627967558004,4.349032002210151,44.10565500438679,223.97652882005428
1789522944,10,,Aggregated,31.200000,0.000000,15,17,19,20,24,26,30,33,39,44,44,6291,0,15,16.39306768274517,4.349032002210151,44.10565500438679,223.96948020982356
1789522945,10,,Aggregated,31.400000,0.000000,15,17,19,20,24,26,30,33,39,44,44,6326,0,15,16.40224685048484,4.349032002210151,44.10565500438679,223.97091368953525
1789522946,10,,Aggregated,31.500000,0.000000,15,17,19,20,24,26,30,33,39,44,44,6359,0,15,16.40267800867568,4.349032002210151,44.10565500438679,223.98097185091996
1789522947,10,,Aggregated,32.000000,0.000000,15,17,19,20,24,26,30,33,39,44,44,6394,0,15,16.41056746889699,4.349032002210151,44.10565500438679,223.94557397560212
1789522948,10,,Aggregated,31.600000,0.000000,15,17,19,20,24,26,30,33,39,44,44,6422,0,15,16.415591743398863,4.349032002210151,44.10565500438679,223.91762690750545
1789522949,10,,Aggregated,31.400000,0.000000,15,17,19,20,24,26,30,33,40,45,45,6449,0,15,16.4240052459431,4.349032002210151,45.11318400182063,223.92867111180027
1789522950,10,,Aggregated,31.400000,0.000000,15,17,19,20,24,26,30,33,40,45,45,6483,0,15,16.42971351598029,4.349032002210151,45.11318400182063,223.91979022057689
1789522951,10,,Aggregated,31.200000,0.000000,15,17,19,20,24,26,30,33,40,45,45,6519,0,15,16.429518691838286,4.349032002210151,45.11318400182063,223.91624482282558
1789522952,10,,Aggregated,31.000000,0.000000,15,17,19,20,24,26,30,33,40,45,45,6548,0,15,16.42991902185927,4.349032002210151,45.11318400182063,223.91356139279168
1789522953,10,,Aggregated,31.800000,0.000000,15,17,19,20,24,26,30,33,40,45,45,6582,0,15,16.43620694578059,4.349032002210151,45.11318400182063,223.90519598906107
1789522954,10,,Aggregated,32.000000,0.000000,15,17,19,20,24,26,30,33,40,45,45,6614,0,15,16.43317707138521,4.349032002210151,45.11318400182063,223.8976413667977
1789522955,10,,Aggregated,31.700000,0.000000,15,17,19,20,24,26,30,33,40,45,45,6643,0,15,16.438182392313934,4.349032002210151,45.11318400182063,223.8798735511064
1789522956,10,,Aggregated,32.000000,0.000000,15,17,19,20,24,26,30,33,40,45,45,6676,0,15,16.434004108916504,4.349032002210151,45.11318400182063,223.90203714799281
1789522957,10,,Aggregated,31.600000,0.000000,15,17,19,20,24,26,30,33,40,45,45,6710,0,15,16.4310437232641,4.349032002210151,45.11318400182063,223.92071535022356
1789522958,10,,Aggregated,31.900000,0.000000,15,17,19,20,24,26,30,33,40,45,45,6743,0,15,16.437478388419237,4.349032002210151,45.11318400182063,223.9301497849622
1789522959,10,,Aggregated,31.900000,0.000000,15,17,19,20,24,26,30,33,40,45,45,6771,0,15,16.44516805850191,4.349032002210151,45.11318400182063,223.91109141928814
1789522960,10,,Aggregated,32.100000,0.000000,15,17,19,20,24,26,30,33,40,45,45,6806,0,15,16.448236942567878,4.349032002210151,45.11318400182063,223.89876579488686
1789522961,10,,Aggregated,32.100000,0.000000,15,17,19,20,24,26,30,33,40,45,45,6836,0,15,16.4450623562155,4.349032002210151,45.11318400182063,223.89204212990052
1789522962,10,,Aggregated,32.300000,0.000000,15,17,19,20,24,26,30,33,40,45,45,6870,0,15,16.44370796042219,4.349032002210151,45.11318400182063,223.87583697234354
1789522963,10,,Aggregated,31.900000,0.000000,15,17,19,20,24,26,30,33,40,45,45,6905,0,15,16.44833027155569,4.349032002210151,45.11318400182063,223.90485155684286
1789522964,10,,Aggregated,31.800000,0.000000,15,17,19,20,24,26,30,33,40,45,45,6940,0,15,16.446192549290476,4.349032002210151,45.11318400182063,223.8978386167147
1789522965,10,,Aggregated,32.300000,0.000000,15,17,19,20,24,26,30,33,40,45,45,6973,0,15,16.456354487890096,4.349032002210151,45.11318400182063,223.90577943496342
1789522966,10,,Aggregated,32.300000,0.000000,15,17,19,20,24,26,30,33,40,45,45,7006,0,15,16.452317952192733,4.349032002210151,45.11318400182063,223.92121039109335
1789522967,10,,Aggregated,32.900000,0.000000,15,17,19,20,24,26,30,33,40,45,45,7034,0,15,16.45640309525949,4.349032002210151,45.11318400182063,223.8821438726187
1789522968,10,,Aggregated,33.000000,0.000000,15,17,19,20,24,26,30,33,40,45,45,7064,0,15,16.456585353772876,4.349032002210151,45.11318400182063,223.9204416761042
1789522969,10,,Aggregated,32.700000,0.000000,15,17,19,20,24,26,30,33,40,45,45,7095,0,15,16.462433459207684,4.349032002210151,45.11318400182063,223.92995066948555
1789522970,10,,Aggregated,32.200000,0.000000,15,17,19,20,24,26,30,33,40,45,45,7124,0,15,16.47066683310808,4.349032002210151,45.11318400182063,223.9204098820887
1789522971,10,,Aggregated,32.200000,0.000000,15,17,19,20,24,26,30,33,40,45,45,7154,0,15,16.467433139509374,4.349032002210151,45.11318400182063,223.90816326530611
1789522972,10,,Aggregated,31.900000,0.000000,15,17,19,20,24,26,30,33,40,45,45,7185,0,15,16.464264050113762,4.349032002210151,45.11318400182063,223.93723034098818
1789522973,10,,Aggregated,31.800000,0.000000,15,17,19,20,24,26,30,33,40,45,45,7218,0,15,16.46247616570498,4.349032002210151,45.11318400182063,223.9325297866445
1789522974,10,,Aggregated,31.500000,0.000000,15,17,19,20,24,26,30,33,40,45,45,7249,0,15,16.459248430686973,4.349032002210151,45.11318400182063,223.94744102634846
1789522975,10,,Aggregated,31.200000,0.000000,15,17,19,20,24,26,30,33,40,45,45,7278,0,15,16.46851658162455,4.349032002210151,45.11318400182063,223.9815883484474
1789522976,10,,Aggregated,31.100000,0.000000,15,17,19,20,24,26,30,33,40,45,45,7317,0,15,16.454481334572304,4.349032002210151,45.11318400182063,224.00683340166734
1789522977,10,,Aggregated,30.800000,0.000000,15,17,19,20,24,26,30,33,40,45,45,7348,0,15,16.458445016066015,4.349032002210151,45.11318400182063,223.98475775721283
1789522978,10,,Aggregated,30.600000,0.000000,15,17,19,20,24,27,30,33,40,45,45,7377,0,15,16.472934411421097,4.349032002210151,45.11318400182063,223.99322217703673
1789522979,10,,Aggregated,31.300000,0.000000,15,17,19,20,24,27,30,33,40,45,45,7410,0,15,16.48459775412636,4.349032002210151,45.11318400182063,224.00674763832657
1789522980,10,,Aggregated,31.100000,0.000000,15,17,19,20,24,27,30,33,40,45,45,7445,0,15,16.47786465615474,4.349032002210151,45.11318400182063,224.02055070517125
1789522981,10,,Aggregated,31.700000,0.000000,15,17,19,20,24,27,30,33,40,45,45,7478,0,15,16.48078886722476,4.349032002210151,45.11318400182063,224.05883926183472
1789522982,10,,Aggregated,31.700000,0.000000,15,17,19,20,24,27,30,33,40,45,45,7510,0,15,16.4893824989514,4.349032002210151,45.11318400182063,224.05073235685754
1789522983,10,,Aggregated,32.100000,0.000000,15,17,19,20,24,27,30,33,40,45,45,7540,0,15,16.494911698821465,4.349032002210151,45.11318400182063,224.04986737400532
1789522984,10,,Aggregated,32.500000,0.000000,15,17,19,20,24,27,30,33,40,45,45,7575,0,15,16.49852542100315,4.349032002210151,45.11318400182063,224.05042904290428
1789522985,10,,Aggregated,32.500000,0.000000,15,17,19,20,24,27,30,33,40,45,45,7606,0,15,16.496491150682893,4.349032002210151,45.11318400182063,224.04601630291876
1789522986,10,,Aggregated,32.600000,0.000000,15,17,19,20,24,27,30,33,40,45,45,7633,0,15,16.49300053099683,4.349032002210151,45.11318400182063,224.02502292676536
1789522987,10,,Aggregated,32.500000,0.000000,15,17,19,20,24,27,30,33,40,45,45,7667,0,15,16.484752323086973,4.349032002210151,45.11318400182063,224.04747619668711
1789522988,10,,Aggregated,32.400000,0.000000,15,17,19,20,24,27,30,33,40,45,45,7695,0,15,16.494906389878704,4.349032002210151,45.11318400182063,224.03586744639375
1789522989,10,,Aggregated,31.600000,0.000000,15,17,19,20,24,27,30,33,40,45,45,7727,0,15,16.487533145220578,4.349032002210151,45.11318400182063,224.03986023036109
1789522990,10,,Aggregated,31.500000,0.000000,15,17,19,20,24,27,30,33,40,45,45,7762,0,15,16.48792222044968,4.349032002210151,45.11318400182063,224.04496263849524
1789522991,10,,Aggregated,31.400000,0.000000,15,17,19,20,24,27,30,33,40,45,45,7797,0,15,16.49100053535208,4.349032002210151,45.11318400182063,224.04514556880852
1789522992,10,,Aggregated,31.900000,0.000000,15,17,19,20,24,27,30,33,40,45,45,7826,0,15,16.491830132268436,4.349032002210151,45.11318400182063,224.0476616406849
1789522993,10,,Aggregated,31.800000,0.000000,15,17,19,20,24,27,30,33,40,45,45,7860,0,15,16.493875048873743,4.349032002210151,45.11318400182063,224.02849872773538
1789522994,10,,Aggregated,31.800000,0.000000,15,17,19,20,24,27,30,33,40,45,45,7887,0,15,16.4891887629202,4.349032002210151,45.11318400182063,224.02079371117028
1789522995,10,,Aggregated,31.700000,0.000000,15,17,19,20,24,27,30,33,40,45,45,7921,0,15,16.488481118562934,4.349032002210151,45.11318400182063,224.03105668476204
1789522996,10,,Aggregated,31.400000,0.000000,15,17,19,20,24,27,30,33,40,45,45,7952,0,15,16.4850425268047,4.349032002210151,45.11318400182063,224.0098088531187
1789522997,10,,Aggregated,31.300000,0.000000,15,17,19,20,24,27,30,33,40,45,45,7979,0,15,16.48616761199764,4.349032002210151,45.11318400182063,224.01378618874546
1789522998,10,,Aggregated,31.300000,0.000000,15,17,19,20,24,27,30,33,40,45,45,8015,0,15,16.485351641935917,4.349032002210151,45.11318400182063,224.01759201497194
1789522999,10,,Aggregated,31.500000,0.000000,15,17,19,20,24,27,30,33,40,45,45,8045,0,15,16.48536956930891,4.349032002210151,45.11318400182063,224.01640770665009
1789523000,10,,Aggregated,31.700000,0.000000,15,17,19,20,24,27,30,33,40,45,45,8072,0,15,16.492026106059008,4.349032002210151,45.11318400182063,223.9860009910803
1789523001,10,,Aggregated,31.700000,0.000000,15,17,19,20,24,27,30,33,40,45,45,8107,0,15,16.493762705944487,4.349032002210151,45.11318400182063,223.97520661157026
1789523002,10,,Aggregated,31.400000,0.000000,15,17,19,20,24,27,30,33,40,45,45,8139,0,15,16.495473133811554,4.349032002210151,45.11318400182063,223.94544784371544
1789523003,10,,Aggregated,31.100000,0.000000,15,17,19,20,24,27,30,33,40,45,45,8174,0,15,16.485980581857213,4.349032002210151,45.11318400182063,223.95216540249572
1789523004,10,,Aggregated,30.800000,0.000000,15,17,19,20,24,27,30,33,40,45,45,8205,0,15,16.481130245961737,4.349032002210151,45.11318400182063,223.94308348567947
1789523005,10,,Aggregated,30.900000,0.000000,15,17,19,20,24,27,30,33,40,45,45,8236,0,15,16.47714620132484,4.349032002210151,45.11318400182063,223.9616318601263
1789523006,10,,Aggregated,31.600000,0.000000,15,17,19,20,24,26,30,33,40,45,45,8268,0,15,16.47873325230943,4.349032002210151,45.11318400182063,223.96613449443637
1789523007,10,,Aggregated,31.600000,0.000000,15,17,19,20,24,26,30,33,40,45,45,8298,0,15,16.472606882507996,4.349032002210151,45.11318400182063,223.96011087008918
1789523008,10,,Aggregated,31.600000,0.000000,15,17,19,20,24,26,30,33,40,45,45,8333,0,15,16.477587202936096,4.349032002210151,45.11318400182063,223.94431777271092
1789523009,10,,Aggregated,31.900000,0.000000,15,17,19,20,24,26,30,33,40,45,45,8367,0,15,16.47610847389637,4.349032002210151,45.11318400182063,223.94836859089278
1789523010,10,,Aggregated,31.800000,0.000000,15,17,19,20,24,26,30,33,40,45,45,8398,0,15,16.472562147188196,4.349032002210151,45.11318400182063,223.9505834722553
1789523011,10,,Aggregated,31.700000,0.000000,15,17,19,20,24,26,30,33,40,45,45,8432,0,15,16.472129638173215,4.349032002210151,45.11318400182063,223.9589658444023
1789523012,10,,Aggregated,32.300000,0.000000,15,17,19,20,24,26,30,33,40,45,45,8467,0,15,16.477177000955596,4.349032002210151,45.11318400182063,223.98665406873747
1789523013,10,,Aggregated,32.100000,0.000000,15,17,19,20,24,26,30,33,40,45,45,8498,0,15,16.477302498600928,4.349032002210151,45.11318400182063,223.97246410920218
1789523014,10,,Aggregated,32.700000,0.000000,15,17,19,20,24,26,30,33,40,45,45,8530,0,15,16.48061560997493,4.349032002210151,45.11318400182063,223.96060961313012
1789523015,10,,Aggregated,32.700000,0.000000,15,17,19,20,24,26,30,33,40,45,45,8557,0,15,16.488656729705333,4.349032002210151,45.11318400182063,223.95909781465465
1789523016,10,,Aggregated,32.500000,0.000000,15,17,19,20,24,27,30,33,40,45,45,8590,0,15,16.499458478357262,4.349032002210151,45.11318400182063,223.95541327124565
1789523017,10,,Aggregated,31.800000,0.000000,15,17,19,20,24,27,30,33,40,45,45,8621,0,15,16.500201280605317,4.349032002210151,45.11318400182063,223.95267370374665
1789523018,10,,Aggregated,32.500000,0.000000,15,17,19,20,24,27,30,33,40,45,45,8656,0,15,16.498658019188586,4.349032002210151,45.11318400182063,223.95817929759704
1789523019,10,,Aggregated,32.100000,0.000000,15,17,19,20,24,27,30,33,40,45,45,8683,0,15,16.49658294830144,4.349032002210151,45.11318400182063,223.97247495105378
1789523020,10,,Aggregated,32.100000,0.000000,15,17,19,20,24,27,30,33,40,45,45,8713,0,15,16.501196836687644,4.349032002210151,45.11318400182063,223.98266957419946
1789523021,10,,Aggregated,31.900000,0.000000,15,17,19,20,24,27,30,33,40,45,45,8743,0,15,16.50215694373194,4.349032002210151,45.11318400182063,223.98741850623355
1789523022,10,,Aggregated,31.300000,0.000000,15,17,19,20,24,27,30,33,40,45,45,8774,0,15,16.511425191935633,4.349032002210151,45.11318400182063,223.9897424207887
1789523023,10,,Aggregated,31.600000,0.000000,15,17,19,20,24,27,30,33,40,45,45,8802,0,15,16.512042043862753,4.349032002210151,45.11318400182063,223.99091115655534
1789523024,10,,Aggregated,31.000000,0.000000,15,17,19,20,24,27,30,33,40,45,45,8837,0,15,16.505152903144147,4.349032002210151,45.11318400182063,223.96559918524386
1789523025,10,,Aggregated,30.800000,0.000000,15,17,19,20,24,27,30,33,40,45,45,8867,0,15,16.50453828308105,4.349032002210151,45.11318400182063,223.97518890267284
1789523026,10,,Aggregated,30.100000,0.000000,15,17,19,20,24,27,30,33,41,50,50,8897,0,15,16.506887038898675,4.349032002210151,49.715546003426425,223.98999662807688
1789523027,10,,Aggregated,31.300000,0.000000,15,17,19,20,24,27,30,33,41,50,50,8928,0,15,16.512110901552216,4.349032002210151,49.715546003426425,223.98185483870967
1789523028,10,,Aggregated,30.400000,0.000000,15,17,19,20,24,27,30,33,41,50,50,8960,0,15,16.51121863236946,4.349032002210151,49.715546003426425,223.97020089285715
1789523029,10,,Aggregated,30.300000,0.000000,15,17,19,20,24,27,30,33,41,50,50,8993,0,15,16.5115397184489,4.349032002210151,49.715546003426425,223.97197820527077
1789523030,10,,Aggregated,30.600000,0.000000,15,17,19,20,24,27,30,33,41,50,50,9027,0,15,16.513293972969283,4.349032002210151,49.715546003426425,223.96510468594218
1789523031,10,,Aggregated,31.200000,0.000000,15,17,19,20,24,27,30,33,41,50,50,9058,0,15,16.52277888087818,4.349032002210151,49.715546003426425,223.9565025391919
1789523032,10,,Aggregated,31.100000,0.000000,15,17,19,20,24,27,30,33,41,50,50,9085,0,15,16.52013453934835,4.349032002210151,49.715546003426425,223.9602641717116
1789523033,10,,Aggregated,31.200000,0.000000,15,17,19,20,24,27,30,33,41,50,50,9117,0,15,16.518593283971533,4.349032002210151,49.715546003426425,223.9495448064056
1789523034,10,,Aggregated,31.300000,0.000000,15,17,19,20,24,27,30,33,41,50,50,9148,0,15,16.518533888276593,4.349032002210151,49.715546003426425,223.9462177525142
1789523035,10,,Aggregated,31.300000,0.000000,15,17,19,20,24,27,30,33,41,50,50,9180,0,15,16.519692371559938,4.349032002210151,49.715546003426425,223.9653594771242
1789523036,10,,Aggregated,31.600000,0.000000,15,17,19,20,24,27,30,33,41,50,50,9215,0,15,16.5156443545216,4.349032002210151,49.715546003426425,223.96614215952252
1789523037,10,,Aggregated,31.000000,0.000000,15,17,19,20,24,27,30,33,41,50,50,9245,0,15,16.50657934190316,4.349032002210151,49.715546003426425,223.9758788534343
1789523038,10,,Aggregated,31.300000,0.000000,15,17,19,20,24,27,30,33,41,50,50,9278,0,15,16.500928654547252,4.349032002210151,49.715546003426425,223.96658762664367
1789523039,10,,Aggregated,31.700000,0.000000,15,17,19,20,24,27,30,33,41,50,50,9311,0,15,16.499103582523862,4.349032002210151,49.715546003426425,223.97218343894318
1789523040,10,,Aggregated,32.000000,0.000000,15,17,19,20,24,27,30,33,41,50,50,9343,0,15,16.497626129065512,4.349032002210151,49.715546003426425,223.98522958364552
1789523041,10,,Aggregated,31.500000,0.000000,15,17,19,20,24,27,30,33,41,50,50,9371,0,15,16.496438856354395,4.349032002210151,49.715546003426425,223.97044072137444
1789523042,10,,Aggregated,31.700000,0.000000,15,17,19,20,24,27,30,33,41,50,50,9399,0,15,16.499298152452262,4.349032002210151,49.715546003426425,223.96116608149802
1789523043,10,,Aggregated,31.300000,0.000000,15,17,19,20,24,27,30,33,41,50,50,9432,0,15,16.498870853038856,4.349032002210151,49.715546003426425,223.96607294317218
1789523044,10,,Aggregated,31.200000,0.000000,15,17,19,20,24,27,30,33,41,50,50,9460,0,15,16.49518897535271,4.349032002210151,49.715546003426425,223.9717758985201
1789523045,10,,Aggregated,31.400000,0.000000,15,17,19,20,24,27,30,33,41,50,50,9493,0,15,16.493032881682083,4.349032002210151,49.715546003426425,223.9773517328558
1789523046,10,,Aggregated,31.000000,0.000000,15,17,19,20,24,27,30,33,41,50,50,9519,0,15,16.492048698686247,4.349032002210151,49.715546003426425,223.98319151171341
1789523047,10,,Aggregated,31.200000,0.000000,15,17,19,20,24,27,30,33,41,50,50,9557,0,15,16.49405292338541,4.349032002210151,49.715546003426425,224.00387150779534
1789523048,10,,Aggregated,31.200000,0.000000,15,17,19,20,24,27,30,33,41,50,50,9588,0,15,16.491311006968886,4.349032002210151,49.715546003426425,223.9863370880267
1789523049,10,,Aggregated,30.700000,0.000000,15,17,19,20,24,26,30,33,41,50,50,9620,0,15,16.492481621497898,4.349032002210151,49.715546003426425,223.9898128898129
1789523050,10,,Aggregated,30.900000,0.000000,15,17,19,20,24,26,30,33,41,50,50,9651,0,15,16.491854995006474,4.349032002210151,49.715546003426425,223.9866335094809
1789523051,10,,Aggregated,31.200000,0.000000,15,17,19,20,24,26,30,33,41,50,50,9684,0,15,16.48782178044175,4.349032002210151,49.715546003426425,224.00660883932258
1789523052,10,,Aggregated,30.900000,0.000000,15,17,19,20,24,26,30,33,41,50,50,9719,0,15,16.48572289245623,4.349032002210151,49.715546003426425,224.0492849058545
1789523053,10,,Aggregated,31.100000,0.000000,15,17,19,20,24,26,30,33,41,50,50,9750,0,15,16.483219158849142,4.349032002210151,49.715546003426425,224.0553846153846
1789523054,10,,Aggregated,31.400000,0.000000,15,17,19,20,24,26,30,33,41,50,50,9786,0,15,16.481149403921442,4.349032002210151,49.715546003426425,224.04761904761904
1789523055,10,,Aggregated,31.800000,0.000000,15,17,19,20,24,26,30,33,41,50,50,9817,0,15,16.48358982293639,4.349032002210151,49.715546003426425,224.03952327594988
1789523056,10,,Aggregated,32.400000,0.000000,15,17,19,20,24,27,30,33,41,50,50,9846,0,15,16.484732672332512,4.349032002210151,49.715546003426425,224.0274223034735
1789523057,10,,Aggregated,32.200000,0.000000,15,17,19,20,24,27,30,33,41,50,50,9874,0,15,16.48252853208158,4.349032002210151,49.715546003426425,224.03615556005673
1789523058,10,,Aggregated,32.100000,0.000000,15,17,19,20,24,27,30,33,41,50,50,9908,0,15,16.493339201432192,4.349032002210151,49.715546003426425,224.03371013322567
1789523059,10,,Aggregated,32.500000,0.000000,15,17,19,20,24,27,30,33,41,50,50,9942,0,15,16.498310769946023,4.349032002210151,49.715546003426425,224.00543150271574
1789523060,10,,Aggregated,31.700000,0.000000,15,17,19,20,24,27,30,33,41,50,50,9977,0,15,16.48790687519287,4.349032002210151,49.715546003426425,224.02385486619224
1789523061,10,,Aggregated,31.700000,0.000000,15,17,19,20,24,27,30,33,41,49,50,10011,0,15,16.48799035159349,4.349032002210151,49.715546003426425,224.03136549795227
1789523062,10,,Aggregated,32.200000,0.000000,15,17,19,20,24,27,30,33,41,49,50,10042,0,15,16.487405732007346,4.349032002210151,49.715546003426425,224.03286197968532
1789523063,10,,Aggregated,32.600000,0.000000,15,17,19,20,24,27,30,33,41,49,50,10071,0,15,16.492994211381106,4.349032002210151,49.715546003426425,224.03445536689503
1789523064,10,,Aggregated,32.500000,0.000000,15,17,19,20,24,27,30,33,41,49,50,10103,0,15,16.49503913014036,4.349032002210151,49.715546003426425,224.04186875185587
1789523065,10,,Aggregated,32.100000,0.000000,15,17,19,20,24,27,30,33,41,49,50,10131,0,15,16.493290943814536,4.349032002210151,49.715546003426425,224.03237587602408
1789523066,10,,Aggregated,31.700000,0.000000,15,17,19,20,24,27,30,33,41,49,50,10159,0,15,16.49298234843835,4.349032002210151,49.715546003426425,224.0370115168816
1789523067,10,,Aggregated,31.700000,0.000000,15,17,19,20,24,27,30,33,41,49,50,10190,0,15,16.490863352972777,4.349032002210151,49.715546003426425,224.02492639842984
1789523068,10,,Aggregated,31.400000,0.000000,15,17,19,20,24,27,30,33,41,49,50,10220,0,15,16.489685213581673,4.349032002210151,49.715546003426425,224.05538160469666
1789523069,10,,Aggregated,31.300000,0.000000,15,17,19,20,24,27,30,33,41,49,50,10250,0,15,16.48905165481066,4.323066998040304,49.715546003426425,224.03756097560975
1789523070,10,,Aggregated,31.500000,0.000000,15,17,19,20,24,27,30,33,41,49,50,10281,0,15,16.484427423190507,4.323066998040304,49.715546003426425,224.04785526699737
1789523071,10,,Aggregated,30.900000,0.000000,15,17,19,20,24,27,30,33,41,49,50,10314,0,15,16.488434174211708,4.323066998040304,49.715546003426425,224.0266627884429
1789523072,10,,Aggregated,30.500000,0.000000,15,17,19,20,24,27,30,33,41,49,50,10348,0,15,16.489748533130026,4.323066998040304,49.715546003426425,224.03401623502126
1789523073,10,,Aggregated,30.100000,0.000000,15,17,19,20,24,26,30,33,41,49,50,10382,0,15,16.48548019031374,4.323066998040304,49.715546003426425,224.03640916971682
1789523074,10,,Aggregated,30.400000,0.000000,15,17,19,20,24,27,30,33,41,49,50,10414,0,15,16.486462864301448,4.323066998040304,49.715546003426425,224.03524102170155
1789523075,10,,Aggregated,31.000000,0.000000,15,17,19,20,24,26,30,33,41,49,50,10441,0,15,16.480148826915098,4.323066998040304,49.715546003426425,224.03275548319127
1789523076,10,,Aggregated,31.000000,0.000000,15,17,19,20,24,27,30,33,41,49,50,10470,0,15,16.485664745352548,4.323066998040304,49.715546003426425,224.01232091690545
1789523077,10,,Aggregated,31.300000,0.000000,15,17,19,20,24,27,30,33,41,49,50,10503,0,15,16.483734181361733,4.323066998040304,49.715546003426425,224.03465676473388
1789523078,10,,Aggregated,31.300000,0.000000,15,17,19,20,24,27,30,33,41,49,50,10535,0,15,16.485093006819767,4.323066998040304,49.715546003426425,224.03379212149977
1789523079,10,,Aggregated,31.200000,0.000000,15,17,19,20,24,27,30,33,41,49,50,10568,0,15,16.488937426744297,4.323066998040304,49.715546003426425,224.02611657834973
1789523080,10,,Aggregated,31.400000,0.000000,15,17,19,20,24,27,30,33,41,49,50,10601,0,15,16.485205595022048,4.323066998040304,49.715546003426425,224.02650693330818
1789523081,10,,Aggregated,31.900000,0.000000,15,17,19,20,24,27,30,33,41,49,50,10636,0,15,16.484962043137003,4.323066998040304,49.715546003426425,224.0006581421587
1789523082,10,,Aggregated,32.100000,0.000000,15,17,19,20,24,27,30,33,41,49,50,10664,0,15,16.490055575376527,4.323066998040304,49.715546003426425,224.01415978994748
1789523083,10,,Aggregated,32.400000,0.000000,15,17,19,20,24,27,30,33,41,49,50,10696,0,15,16.489925766995448,4.323066998040304,49.715546003426425,224.01757666417353
1789523084,10,,Aggregated,32.000000,0.000000,15,17,19,20,24,27,30,33,41,49,50,10728,0,15,16.48786396642407,4.323066998040304,49.715546003426425,224.01249067859806
1789523085,10,,Aggregated,31.200000,0.000000,15,17,19,20,24,27,30,33,41,49,50,10757,0,15,16.477929417384658,4.153025001869537,49.715546003426425,223.98057079111277
1789523086,10,,Aggregated,31.600000,0.000000,15,17,19,20,24,26,30,33,41,49,50,10784,0,15,16.473609337519104,4.153025001869537,49.715546003426425,223.9617025222552
1789523087,10,,Aggregated,31.100000,0.000000,15,17,19,20,24,27,30,33,41,49,50,10817,0,15,16.479271269001416,4.153025001869537,49.715546003426425,223.95396135712303
1789523088,10,,Aggregated,31.300000,0.000000,15,17,19,20,24,27,30,33,41,49,50,10850,0,15,16.48092944311471,4.153025001869537,49.715546003426425,223.96377880184332
1789523089,10,,Aggregated,31.000000,0.000000,15,17,19,20,24,27,30,33,41,49,50,10880,0,15,16.48795644510983,4.153025001869537,49.715546003426425,223.96773897058824
1789523090,10,,Aggregated,31.000000,0.000000,15,17,19,20,24,27,30,33,41,49,50,10914,0,15,16.491189209986103,4.153025001869537,49.715546003426425,223.9783763972879
1789523091,10,,Aggregated,31.400000,0.000000,15,17,19,20,24,27,30,33,41,49,50,10948,0,15,16.4879792870622,4.153025001869537,49.715546003426425,223.97616002922908
1789523092,10,,Aggregated,31.300000,0.000000,15,17,19,20,24,27,30,33,41,49,50,10978,0,15,16.490237470921407,4.153025001869537,49.715546003426425,223.98396793587173
1789523093,10,,Aggregated,31.100000,0.000000,15,17,19,20,24,27,30,33,41,49,50,11014,0,15,16.488605498163402,4.153025001869537,49.715546003426425,223.9696749591429
1789523094,10,,Aggregated,31.100000,0.000000,15,17,19,20,24,27,30,33,41,49,50,11047,0,15,16.490512558048618,4.153025001869537,49.715546003426425,223.9582692133611
1789523095,10,,Aggregated,31.400000,0.000000,15,17,19,20,24,27,30,33,41,49,50,11080,0,15,16.488046954312626,4.153025001869537,49.715546003426425,223.9509927797834
1789523096,10,,Aggregated,31.800000,0.000000,15,17,19,20,24,27,30,33,41,49,50,11110,0,15,16.493147825003344,4.153025001869537,49.715546003426425,223.94644464446444
1789523097,10,,Aggregated,31.700000,0.000000,15,17,19,20,24,27,30,33,41,49,50,11147,0,15,16.49105336779197,4.153025001869537,49.715546003426425,223.95039023952634
1789523098,10,,Aggregated,32.400000,0.000000,15,17,19,20,24,27,30,33,41,49,50,11181,0,15,16.488321960807593,4.153025001869537,49.715546003426425,223.95680171719883
1789523099,10,,Aggregated,32.800000,0.000000,15,17,19,20,24,27,30,33,41,49,50,11213,0,15,16.488352518751974,4.153025001869537,49.715546003426425,223.9648622135022
1789523100,10,,Aggregated,33.100000,0.000000,15,17,19,20,24,27,30,33,41,49,50,11245,0,15,16.487980611895797,4.153025001869537,49.715546003426425,223.96860827034237
1789523101,10,,Aggregated,32.700000,0.000000,15,17,19,20,24,27,30,33,41,49,50,11274,0,15,16.48441466043736,4.153025001869537,49.715546003426425,223.97108390988114
1789523102,10,,Aggregated,32.900000,0.000000,15,17,19,20,24,27,30,33,41,49,50,11307,0,15,16.485932865547507,4.153025001869537,49.715546003426425,223.9839037764217
1789523103,10,,Aggregated,32.800000,0.000000,15,17,19,20,24,27,30,33,41,49,50,11336,0,15,16.486922377271924,4.153025001869537,49.715546003426425,223.96947776993647
1789523104,10,,Aggregated,32.700000,0.000000,15,17,19,20,24,27,30,33,41,49,50,11366,0,15,16.48563396152948,4.153025001869537,49.715546003426425,223.96885447826853
1789523105,10,,Aggregated,32.700000,0.000000,15,17,19,20,24,27,30,33,41,49,50,11400,0,15,16.487555639451195,4.153025001869537,49.715546003426425,223.95956140350876
1789523106,10,,Aggregated,31.800000,0.000000,15,17,19,20,24,27,30,33,41,49,50,11428,0,15,16.49125020114901,4.153025001869537,49.715546003426425,223.95581029051453
1789523107,10,,Aggregated,32.200000,0.000000,15,17,19,20,24,27,30,33,41,49,50,11460,0,15,16.488397782873037,4.153025001869537,49.715546003426425,223.94284467713788
1789523108,10,,Aggregated,31.800000,0.000000,15,17,19,20,24,27,30,33,41,49,50,11493,0,15,16.48666490582799,4.153025001869537,49.715546003426425,223.96789350039154
1789523109,10,,Aggregated,31.800000,0.000000,15,17,19,20,24,27,30,33,41,49,50,11522,0,15,16.49252382561131,4.153025001869537,49.715546003426425,223.9856795695192
1789523110,10,,Aggregated,31.200000,0.000000,15,17,19,20,24,27,30,33,41,49,50,11554,0,15,16.49342181674857,4.153025001869537,49.715546003426425,223.95724424441752
1789523111,10,,Aggregated,31.000000,0.000000,15,17,19,20,24,27,30,33,41,49,50,11586,0,15,16.492034373097454,4.153025001869537,49.715546003426425,223.95261522527187
1789523112,10,,Aggregated,30.900000,0.000000,15,17,19,20,24,27,30,33,41,49,50,11618,0,15,16.48608979830643,4.153025001869537,49.715546003426425,223.95945945945945
1789523113,10,,Aggregated,30.900000,0.000000,15,17,19,20,24,27,30,33,41,49,50,11647,0,15,16.483850459750776,4.153025001869537,49.715546003426425,223.965656392204
1789523114,10,,Aggregated,31.200000,0.000000,15,17,19,20,24,27,30,33,41,49,50,11682,0,15,16.48424113950507,4.153025001869537,49.715546003426425,223.9627632254751
1789523115,10,,Aggregated,31.000000,0.000000,15,17,19,20,24,27,30,33,41,49,50,11715,0,15,16.489998174195684,4.153025001869537,49.715546003426425,223.9559539052497
1789523116,10,,Aggregated,31.500000,0.000000,15,17,19,20,24,27,30,33,41,49,50,11749,0,15,16.492669344093642,4.153025001869537,49.715546003426425,223.94688909694443
1789523117,10,,Aggregated,31.500000,0.000000,15,17,19,20,24,27,30,33,41,49,50,11777,0,15,16.495031492040088,4.153025001869537,49.715546003426425,223.96280886473636
1789523118,10,,Aggregated,31.400000,0.000000,15,17,19,20,24,27,30,33,41,49,50,11812,0,15,16.487566888482185,4.153025001869537,49.715546003426425,223.9632577040298
1789523119,10,,Aggregated,31.800000,0.000000,15,17,19,20,24,27,30,33,41,49,50,11844,0,15,16.489428173062674,4.153025001869537,49.715546003426425,223.97382640999663
1789523120,10,,Aggregated,31.900000,0.000000,15,17,19,20,24,27,30,33,41,49,50,11877,0,15,16.483203017576106,4.153025001869537,49.715546003426425,223.9861917992759
1789523121,10,,Aggregated,32.600000,0.000000,15,17,19,20,24,27,30,33,41,49,50,11909,0,15,16.481391911223717,4.153025001869537,49.715546003426425,223.99009152741624
1789523122,10,,Aggregated,32.300000,0.000000,15,17,19,20,24,27,30,33,41,49,50,11941,0,15,16.48232253820905,4.153025001869537,49.715546003426425,223.98509337576417
1789523123,10,,Aggregated,32.300000,0.000000,15,17,19,20,24,27,30,33,41,49,50,11966,0,15,16.48311936108683,4.153025001869537,49.715546003426425,223.98027745278287
1789523124,10,,Aggregated,32.300000,0.000000,15,17,19,20,24,27,30,33,41,49,50,11998,0,15,16.480742990644497,4.153025001869537,49.715546003426425,223.975495915986
1789523125,10,,Aggregated,32.300000,0.000000,15,17,19,20,24,27,30,33,41,49,50,12027,0,15,16.479848877255304,4.153025001869537,49.715546003426425,223.98486738172446
1789523126,10,,Aggregated,31.500000,0.000000,15,17,19,20,24,27,30,33,41,49,50,12058,0,15,16.48048383071272,4.153025001869537,49.715546003426425,223.9821695140156
1789523127,10,,Aggregated,31.500000,0.000000,15,17,19,20,24,27,30,33,41,49,50,12089,0,15,16.487529041586026,4.153025001869537,49.715546003426425,223.97551493092894
1789523128,10,,Aggregated,31.300000,0.000000,15,17,19,20,24,27,30,33,41,49,50,12118,0,15,16.487127257365252,4.153025001869537,49.715546003426425,223.9628651592672
1789523129,10,,Aggregated,31.100000,0.000000,15,17,19,20,24,27,30,33,41,49,50,12150,0,15,16.485521674384707,4.153025001869537,49.715546003426425,223.96971193415638
1789523130,10,,Aggregated,31.200000,0.000000,15,17,19,20,24,27,30,33,41,49,50,12183,0,15,16.48721052645164,4.153025001869537,49.715546003426425,223.97447262579004
1789523131,10,,Aggregated,30.400000,0.000000,15,17,19,20,24,26,30,33,41,49,50,12214,0,15,16.487048620333724,4.153025001869537,49.715546003426425,223.97601113476338
1789523132,10,,Aggregated,30.200000,0.000000,15,17,19,20,24,26,30,33,41,49,50,12240,0,15,16.482838768851387,4.153025001869537,49.715546003426425,223.9843954248366
1789523133,10,,Aggregated,30.500000,0.000000,15,17,19,20,24,26,30,33,41,49,50,12274,0,15,16.48066488273934,4.153025001869537,49.715546003426425,223.98321655532018
1789523134,10,,Aggregated,30.300000,0.000000,15,17,19,20,24,26,30,33,41,49,50,12301,0,15,16.481781117204534,4.153025001869537,49.715546003426425,223.98520445492235
1789523135,10,,Aggregated,30.000000,0.000000,15,17,19,20,24,26,30,33,41,49,50,12339,0,15,16.478867722240313,4.153025001869537,49.715546003426425,224.00518680606208
1789523136,10,,Aggregated,30.700000,0.000000,15,17,19,20,24,26,30,33,41,49,50,12367,0,15,16.476640950489028,4.153025001869537,49.715546003426425,223.9977359100833
1789523137,10,,Aggregated,30.600000,0.000000,15,17,19,20,24,26,30,33,41,49,50,12396,0,15,16.478511052489875,4.153025001869537,49.715546003426425,224.00290416263311
1789523138,10,,Aggregated,31.200000,0.000000,15,17,19,20,24,26,30,33,41,49,50,12429,0,15,16.475083032156444,4.153025001869537,49.715546003426425,224.006999758629
1789523139,10,,Aggregated,30.600000,0.000000,15,17,19,20,24,26,30,33,41,49,50,12460,0,15,16.477393444757183,4.153025001869537,49.715546003426425,223.9970304975923
1789523140,10,,Aggregated,30.600000,0.000000,15,17,19,20,24,26,30,33,41,49,50,12492,0,15,16.47782862589326,4.153025001869537,49.715546003426425,223.99599743836055
1789523141,10,,Aggregated,30.800000,0.000000,15,17,19,20,24,26,30,33,41,49,50,12524,0,15,16.47394240064403,4.153025001869537,49.715546003426425,224.0243532417758
1789523142,10,,Aggregated,31.500000,0.000000,15,17,19,20,24,26,30,33,41,49,50,12556,0,15,16.471381037804434,4.153025001869537,49.715546003426425,224.0303440586174
1789523143,10,,Aggregated,31.100000,0.000000,15,17,19,20,24,26,30,33,41,49,50,12585,0,15,16.472354399892506,4.153025001869537,49.715546003426425,224.02455303933255
1789523144,10,,Aggregated,31.100000,0.000000,15,17,19,20,24,26,30,33,41,49,50,12620,0,15,16.4711253380086,4.153025001869537,49.715546003426425,224.02773375594296
1789523145,10,,Aggregated,31.300000,0.000000,15,17,19,20,24,26,30,33,41,49,50,12652,0,15,16.466681420616705,4.153025001869537,49.715546003426425,224.04078406576036
1789523146,10,,Aggregated,30.900000,0.000000,15,17,19,20,24,26,30,33,41,49,50,12682,0,15,16.467972394625193,4.153025001869537,49.715546003426425,224.0399779214635
1789523147,10,,Aggregated,31.400000,0.000000,15,17,19,20,24,26,30,33,41,49,50,12711,0,15,16.4695814956821,4.153025001869537,49.715546003426425,224.04185351270553
1789523148,10,,Aggregated,31.000000,0.000000,15,17,19,20,24,26,30,33,41,49,50,12745,0,15,16.470340871919692,4.153025001869537,49.715546003426425,224.0437818752452
1789523149,10,,Aggregated,31.300000,0.000000,15,17,19,20,24,26,30,33,41,49,50,12778,0,15,16.468963427108857,4.153025001869537,49.715546003426425,224.05845985287212
1789523150,10,,Aggregated,31.600000,0.000000,15,17,19,20,24,26,30,33,41,49,50,12810,0,15,16.465886094581897,4.153025001869537,49.715546003426425,224.05003903200625
1789523151,10,,Aggregated,31.300000,0.000000,15,17,19,20,24,26,30,33,41,49,50,12839,0,15,16.47060945568808,4.153025001869537,49.715546003426425,224.04821247760728
1789523152,10,,Aggregated,31.500000,0.000000,15,17,19,20,24,26,30,33,41,49,50,12870,0,15,16.470095951947126,4.153025001869537,49.715546003426425,224.03807303807304
1789523153,10,,Aggregated,31.500000,0.000000,15,17,19,20,24,26,30,33,41,49,50,12901,0,15,16.46930492973899,4.153025001869537,49.715546003426425,224.03550112394387
1789523154,10,,Aggregated,31.500000,0.000000,15,17,19,20,24,26,30,33,41,49,50,12934,0,15,16.47067424420491,4.153025001869537,49.715546003426425,224.0432967372816
1789523155,10,,Aggregated,31.500000,0.000000,15,17,19,20,24,26,30,33,41,49,50,12967,0,15,16.468385341446357,4.153025001869537,49.715546003426425,224.02992210997147
1789523156,10,,Aggregated,31.700000,0.000000,15,17,19,20,24,26,30,33,41,49,50,13000,0,15,16.469800654349875,4.153025001869537,49.715546003426425,224.0233076923077
1789523157,10,,Aggregated,31.500000,0.000000,15,17,19,20,24,26,30,33,41,49,50,13033,0,15,16.471038361048084,4.055598001286853,49.715546003426425,224.03099823524897
1789523158,10,,Aggregated,31.700000,0.000000,15,17,19,20,24,26,30,33,41,49,50,13066,0,15,16.47574110129617,4.055598001286853,49.715546003426425,224.03842032756774
1789523159,10,,Aggregated,32.100000,0.000000,15,17,19,20,24,26,30,33,41,49,50,13098,0,15,16.475839400789848,4.055598001286853,49.715546003426425,224.04115132081233
1789523160,10,,Aggregated,31.500000,0.000000,15,17,19,20,24,26,30,33,41,49,50,13130,0,15,16.476738000267016,4.055598001286853,49.715546003426425,224.03000761614624
1789523161,10,,Aggregated,32.100000,0.000000,15,17,19,20,24,26,30,33,41,49,50,13159,0,15,16.476395103162435,4.055598001286853,49.715546003426425,224.03495706360667
1789523162,10,,Aggregated,31.700000,0.000000,15,17,19,20,24,26,30,33,41,49,50,13192,0,15,16.47939869348702,4.055598001286853,49.715546003426425,224.03214069132807
1789523163,10,,Aggregated,31.700000,0.000000,15,17,19,20,24,26,30,33,41,49,50,13224,0,15,16.477820793367094,4.055598001286853,49.715546003426425,224.03501209921356
1789523164,10,,Aggregated,31.400000,0.000000,15,17,19,20,24,26,30,33,41,49,50,13257,0,15,16.48115512555756,4.055598001286853,49.715546003426425,224.02873953383119
1789523165,10,,Aggregated,32.200000,0.000000,15,17,19,20,24,26,30,33,41,49,50,13288,0,15,16.48064326501424,4.055598001286853,49.715546003426425,224.03702588801926
1789523166,10,,Aggregated,32.300000,0.000000,15,17,19,20,24,26,30,33,41,49,50,13319,0,15,16.48191434796364,4.055598001286853,49.715546003426425,224.0349125309708
1789523167,10,,Aggregated,32.300000,0.000000,15,17,19,20,24,26,30,33,41,49,50,13355,0,15,16.478850740958514,4.055598001286853,49.715546003426425,224.0230625233995
1789523168,10,,Aggregated,31.900000,0.000000,15,17,19,20,24,26,30,33,41,49,50,13380,0,15,16.477841138750538,4.055598001286853,49.715546003426425,224.03266068759342
1789523169,10,,Aggregated,31.900000,0.000000,15,17,19,20,24,26,30,33,41,49,50,13410,0,15,16.477539846344698,4.055598001286853,49.715546003426425,224.01871737509322
1789523170,10,,Aggregated,32.300000,0.000000,15,17,19,20,24,26,30,33,41,49,50,13441,0,15,16.47578708098674,4.055598001286853,49.715546003426425,224.01011829476974
1789523171,10,,Aggregated,31.400000,0.000000,15,17,19,20,24,26,30,33,41,49,50,13473,0,15,16.478605591147886,4.055598001286853,49.715546003426425,224.0024493431307
1789523172,10,,Aggregated,31.300000,0.000000,15,17,19,20,24,26,30,33,41,49,50,13501,0,15,16.477296660137913,4.055598001286853,49.715546003426425,224.00955484778905
1789523173,10,,Aggregated,31.200000,0.000000,15,17,19,20,24,26,30,33,41,49,50,13535,0,15,16.48182201230176,4.055598001286853,49.715546003426425,224.0046545991873
1789523174,10,,Aggregated,31.800000,0.000000,15,17,19,20,24,26,30,33,41,49,50,13566,0,15,16.482455633311847,4.055598001286853,49.715546003426425,224.0222615361934
1789523175,10,,Aggregated,30.900000,0.000000,15,17,19,20,24,26,30,33,41,49,50,13598,0,15,16.492055636159566,4.055598001286853,49.715546003426425,224.01441388439477
1789523176,10,,Aggregated,31.000000,0.000000,15,17,19,20,24,26,30,33,42,50,51,13625,0,15,16.491578348439695,4.055598001286853,50.607256998773664,224.0166605504587
1789523177,10,,Aggregated,30.900000,0.000000,15,17,19,20,24,26,30,33,42,50,51,13660,0,15,16.49451528488128,4.055598001286853,50.607256998773664,224.003513909224
1789523178,10,,Aggregated,30.900000,0.000000,15,17,19,20,24,26,30,33,42,50,51,13690,0,15,16.491605808801815,4.055598001286853,50.607256998773664,224.01957633308984
1789523179,10,,Aggregated,30.300000,0.000000,15,17,19,20,24,26,30,33,42,50,51,13721,0,15,16.48843330074407,4.055598001286853,50.607256998773664,224.01399314918737
1789523180,10,,Aggregated,30.500000,0.000000,15,17,19,20,24,26,30,33,42,50,51,13756,0,15,16.487702057828685,4.055598001286853,50.607256998773664,224.0103954637976
1789523181,10,,Aggregated,31.100000,0.000000,15,17,19,20,24,26,30,33,42,50,51,13786,0,15,16.486437627555436,4.055598001286853,50.607256998773664,223.99332656318003
1789523182,10,,Aggregated,31.000000,0.000000,15,17,19,20,24,26,30,33,42,50,51,13819,0,15,16.4834524034651,4.055598001286853,50.607256998773664,224.00752587017874
1789523183,10,,Aggregated,31.500000,0.000000,15,17,19,20,24,26,30,33,42,50,51,13850,0,15,16.48405064711123,4.055598001286853,50.607256998773664,224.02180505415163
1789523184,10,,Aggregated,31.200000,0.000000,15,17,19,20,24,26,30,33,42,50,51,13880,0,15,16.48846837727011,4.055598001286853,50.607256998773664,224.01808357348702
1789523185,10,,Aggregated,31.300000,0.000000,15,17,19,20,24,26,30,33,42,50,51,13913,0,15,16.495054229821378,4.055598001286853,50.607256998773664,224.02824696327176
1789523186,10,,Aggregated,31.200000,0.000000,15,17,19,20,24,26,30,33,42,50,51,13945,0,15,16.49383760519868,4.055598001286853,50.607256998773664,224.04367156686985
1789523187,10,,Aggregated,31.300000,0.000000,15,17,19,20,24,26,30,33,42,50,51,13978,0,15,16.49465990510109,4.055598001286853,50.607256998773664,224.04177993990555
1789523188,10,,Aggregated,31.800000,0.000000,15,17,19,20,24,26,30,33,41,50,51,14008,0,15,16.49715726966666,4.055598001286853,50.607256998773664,224.05803826384923
1789523189,10,,Aggregated,32.200000,0.000000,15,17,19,20,24,26,30,33,41,50,51,14044,0,15,16.498816438657663,4.055598001286853,50.607256998773664,224.0659356308744
1789523190,10,,Aggregated,32.000000,0.000000,15,17,19,20,24,26,30,33,41,50,51,14072,0,15,16.49546491618083,4.055598001286853,50.607256998773664,224.07546901648664
1789523191,10,,Aggregated,32.000000,0.000000,15,17,19,20,24,26,30,33,41,50,51,14107,0,15,16.493216693946042,4.055598001286853,50.607256998773664,224.07896788828242
1789523192,10,,Aggregated,32.100000,0.000000,15,17,19,20,24,26,30,33,41,50,51,14136,0,15,16.490510117816896,4.055598001286853,50.607256998773664,224.08672891907187
1789523193,10,,Aggregated,31.600000,0.000000,15,17,19,20,24,26,30,33,41,50,51,14171,0,15,16.49624540741563,4.055598001286853,50.607256998773664,224.09667631077554
1789523194,10,,Aggregated,32.000000,0.000000,15,17,19,20,24,26,30,33,41,50,51,14201,0,15,16.49500207080455,4.055598001286853,50.607256998773664,224.08978240968946
1789523195,10,,Aggregated,32.200000,0.000000,15,17,19,20,24,26,30,33,41,50,51,14233,0,15,16.491492020411027,4.055598001286853,50.607256998773664,224.0818520340055
1789523196,10,,Aggregated,32.200000,0.000000,15,17,19,20,24,26,30,33,41,50,51,14260,0,15,16.492198285450133,4.055598001286853,50.607256998773664,224.08366058906032
1789523197,10,,Aggregated,32.000000,0.000000,15,17,19,20,24,26,30,33,41,50,51,14297,0,15,16.494867289888603,4.055598001286853,50.607256998773664,224.08924949290062
1789523198,10,,Aggregated,31.900000,0.000000,15,17,19,20,24,26,30,33,41,50,51,14328,0,15,16.4910955514746,4.055598001286853,50.607256998773664,224.09994416527078
1789523199,10,,Aggregated,31.600000,0.000000,15,17,19,20,24,26,30,33,41,50,51,14361,0,15,16.49080080179396,4.055598001286853,50.607256998773664,224.0906622101525
1789523200,10,,Aggregated,31.500000,0.000000,15,17,19,20,24,26,30,33,41,50,51,14397,0,15,16.485157577173638,4.055598001286853,50.607256998773664,224.08890741126623
1789523201,10,,Aggregated,32.000000,0.000000,15,17,19,20,24,26,30,33,41,50,51,14429,0,15,16.48334558005245,4.055598001286853,50.607256998773664,224.09349227250675
1789523202,10,,Aggregated,32.000000,0.000000,15,17,19,20,24,26,30,33,41,50,51,14456,0,15,16.484626413983566,4.055598001286853,50.607256998773664,224.08937465412285
1789523203,10,,Aggregated,32.300000,0.000000,15,17,19,20,24,26,30,33,41,50,51,14488,0,15,16.48430442556231,4.055598001286853,50.607256998773664,224.0946990612921
1789523204,10,,Aggregated,32.100000,0.000000,15,17,19,20,24,26,30,33,41,50,51,14523,0,15,16.48413162435916,4.055598001286853,50.607256998773664,224.09123459340356
1789523205,10,,Aggregated,31.600000,0.000000,15,17,19,20,24,26,30,33,41,50,51,14555,0,15,16.483029435422416,4.055598001286853,50.607256998773664,224.08739264857437
1789523206,10,,Aggregated,31.900000,0.000000,15,17,19,20,24,26,30,33,41,50,51,14587,0,15,16.4813422426538,4.055598001286853,50.607256998773664,224.0835675601563
1789523207,10,,Aggregated,32.200000,0.000000,15,17,19,20,24,26,30,33,41,50,51,14620,0,15,16.481574188411486,4.055598001286853,50.607256998773664,224.09322845417236
1789523208,10,,Aggregated,32.000000,0.000000,15,17,19,20,24,26,30,33,41,50,51,14652,0,15,16.479842281501877,4.055598001286853,50.607256998773664,224.09548184548186
1789523209,10,,Aggregated,32.600000,0.000000,15,17,19,20,24,26,30,33,41,50,51,14683,0,15,16.481000358616086,4.055598001286853,50.607256998773664,224.0961656337261
1789523210,10,,Aggregated,32.400000,0.000000,15,17,19,20,24,26,30,33,41,50,51,14715,0,15,16.476477053928463,4.055598001286853,50.607256998773664,224.1078491335372
1789523211,10,,Aggregated,32.100000,0.000000,15,17,19,20,24,26,30,33,41,50,51,14746,0,15,16.479621970131124,4.055598001286853,50.607256998773664,224.11209819612097
1789523212,10,,Aggregated,32.000000,0.000000,15,17,19,20,24,26,30,33,41,50,51,14773,0,15,16.47682038993768,4.055598001286853,50.607256998773664,224.11358559534287
1789523213,10,,Aggregated,31.800000,0.000000,15,17,19,20,24,26,30,33,41,50,51,14805,0,15,16.476250154917345,4.055598001286853,50.607256998773664,224.11901384667343
1789523214,10,,Aggregated,31.700000,0.000000,15,17,19,20,24,26,30,33,41,50,51,14837,0,15,16.47396026303017,4.055598001286853,50.607256998773664,224.11835276673182
1789523215,10,,Aggregated,31.600000,0.000000,15,17,19,20,24,26,30,33,41,50,51,14866,0,15,16.47308916269159,4.055598001286853,50.607256998773664,224.13170994214988
1789523216,10,,Aggregated,31.600000,0.000000,15,17,19,20,24,26,30,33,41,50,51,14899,0,15,16.474802048969597,4.055598001286853,50.607256998773664,224.1320222833747
1789523217,10,,Aggregated,31.200000,0.000000,15,17,19,20,24,26,30,33,41,50,51,14932,0,15,16.47658567275432,4.055598001286853,50.607256998773664,224.1166622019823
1789523218,10,,Aggregated,31.000000,0.000000,15,17,19,20,24,26,30,33,41,50,51,14963,0,15,16.479483191245468,4.055598001286853,50.607256998773664,224.1299204704939
1789523219,10,,Aggregated,30.900000,0.000000,15,17,19,20,24,26,30,33,41,50,51,14995,0,15,16.4814029382192,4.055598001286853,50.607256998773664,224.12244081360453
1789523220,10,,Aggregated,31.200000,0.000000,15,17,19,20,24,26,30,33,41,50,51,15027,0,15,16.48178143971378,4.055598001286853,50.607256998773664,224.13016570173687
1789523221,10,,Aggregated,31.100000,0.000000,15,17,19,20,24,26,30,33,41,50,51,15063,0,15,16.484076163284975,4.055598001286853,50.607256998773664,224.1343689836022
1789523222,10,,Aggregated,31.300000,0.000000,15,17,19,20,24,26,30,33,41,50,51,15095,0,15,16.482223398115107,4.055598001286853,50.607256998773664,224.14210003312354
1789523223,10,,Aggregated,31.300000,0.000000,15,17,19,20,24,26,30,33,41,50,51,15126,0,15,16.48216841296717,4.055598001286853,50.607256998773664,224.14921327515538
1789523224,10,,Aggregated,31.600000,0.000000,15,17,19,20,24,26,30,33,41,50,51,15159,0,15,16.4787373239338,4.055598001286853,50.607256998773664,224.14981199287553
1789523225,10,,Aggregated,32.200000,0.000000,15,17,19,20,24,26,30,33,41,50,51,15190,0,15,16.471012818399995,4.055598001286853,50.607256998773664,224.14733377221856
1789523226,10,,Aggregated,32.200000,0.000000,15,17,19,20,24,26,30,33,41,50,51,15220,0,15,16.46410757388362,4.055598001286853,50.607256998773664,224.14145860709593
1789523227,10,,Aggregated,32.200000,0.000000,15,17,19,20,24,26,30,33,41,50,51,15252,0,15,16.46566894135177,4.055598001286853,50.607256998773664,224.13742460005244
1789523228,10,,Aggregated,32.500000,0.000000,15,17,19,20,24,26,30,33,41,50,51,15283,0,15,16.462548112052495,4.055598001286853,50.607256998773664,224.1508211738533
1789523229,10,,Aggregated,32.100000,0.000000,15,17,19,20,24,26,30,33,41,50,51,15320,0,15,16.460941366088267,4.055598001286853,50.607256998773664,224.158681462141
1789523230,10,,Aggregated,31.900000,0.000000,15,17,19,20,24,26,30,33,41,50,51,15353,0,15,16.460052138701666,4.055598001286853,50.607256998773664,224.16185761740377
1789523231,10,,Aggregated,31.800000,0.000000,15,17,19,20,24,26,30,33,41,50,51,15382,0,15,16.458999101447873,4.055598001286853,50.607256998773664,224.15999219867376
1789523232,10,,Aggregated,32.200000,0.000000,15,17,19,20,24,26,30,33,41,50,51,15411,0,15,16.462188883036273,4.055598001286853,50.607256998773664,224.1494387126079
1789523233,10,,Aggregated,32.600000,0.000000,15,17,19,20,24,26,30,33,41,50,51,15444,0,15,16.462731618652775,4.055598001286853,50.607256998773664,224.16485366485367
1789523234,10,,Aggregated,31.900000,0.000000,15,17,19,20,24,26,30,33,41,50,51,15478,0,15,16.462779418625793,4.055598001286853,50.607256998773664,224.1667528104406
1789523235,10,,Aggregated,31.700000,0.000000,15,17,19,20,24,26,30,33,41,50,51,15509,0,15,16.46316845686416,4.055598001286853,50.607256998773664,224.1646140950416
1789523236,10,,Aggregated,31.500000,0.000000,15,17,19,20,24,26,30,33,41,50,51,15538,0,15,16.462066194331275,4.055598001286853,50.607256998773664,224.16816836143647
1789523237,10,,Aggregated,31.900000,0.000000,15,17,19,20,24,26,30,33,41,50,51,15565,0,15,16.46215462650436,4.055598001286853,50.607256998773664,224.16395759717315
1789523238,10,,Aggregated,31.700000,0.000000,15,17,19,20,24,26,30,33,41,50,51,15595,0,15,16.45908842126077,4.055598001286853,50.607256998773664,224.145815966656
1789523239,10,,Aggregated,31.600000,0.000000,15,17,19,20,24,26,30,33,41,50,51,15625,0,15,16.457419372641482,4.055598001286853,50.607256998773664,224.142464
1789523240,10,,Aggregated,31.200000,0.000000,15,17,19,20,24,26,30,33,41,50,51,15655,0,15,16.4582237645173,4.055598001286853,50.607256998773664,224.11906739061004
1789523241,10,,Aggregated,31.100000,0.000000,15,17,19,20,24,26,30,33,41,50,51,15685,0,15,16.45728205894377,4.055598001286853,50.607256998773664,224.12751036021677
1789523242,10,,Aggregated,30.500000,0.000000,15,17,19,20,24,26,30,33,41,50,51,15720,0,15,16.456724251688325,4.055598001286853,50.607256998773664,224.12430025445292
1789523243,10,,Aggregated,30.100000,0.000000,15,17,19,20,24,26,30,33,41,50,51,15750,0,15,16.455566912225635,4.055598001286853,50.607256998773664,224.13244444444445
1789523244,10,,Aggregated,30.300000,0.000000,15,17,19,20,24,26,30,33,41,50,51,15779,0,15,16.45611964202775,4.055598001286853,50.607256998773664,224.1396159452437
1789523245,10,,Aggregated,30.800000,0.000000,15,17,19,20,24,26,30,33,41,50,51,15808,0,15,16.45503904096503,4.055598001286853,50.607256998773664,224.13758856275302
1789523246,10,,Aggregated,30.600000,0.000000,15,17,19,20,24,26,30,33,41,50,51,15836,0,15,16.45612143834196,4.055598001286853,50.607256998773664,224.1518691588785
1789523247,10,,Aggregated,30.200000,0.000000,15,17,19,20,24,26,30,33,41,50,51,15865,0,15,16.45782407592785,4.055598001286853,50.607256998773664,224.15310431768043
1789523248,10,,Aggregated,29.800000,0.000000,15,17,19,20,24,26,30,33,41,50,51,15896,0,15,16.457801588361434,4.055598001286853,50.607256998773664,224.15330900855562
1789523249,10,,Aggregated,30.000000,0.000000,15,17,19,20,24,26,30,33,41,50,51,15926,0,15,16.458103041415526,4.055598001286853,50.607256998773664,224.1498806982293
1789523250,10,,Aggregated,30.200000,0.000000,15,17,19,20,24,26,30,33,41,50,51,15953,0,15,16.456267896796888,4.055598001286853,50.607256998773664,224.15689838901773
1789523251,10,,Aggregated,30.000000,0.000000,15,17,19,20,24,26,30,33,41,50,51,15983,0,15,16.455089386635784,4.055598001286853,50.607256998773664,224.16492523306013
1789523252,10,,Aggregated,30.000000,0.000000,15,17,19,20,24,26,30,33,41,50,51,16009,0,15,16.45780325176959,4.055598001286853,50.607256998773664,224.16521956399527
1789523253,10,,Aggregated,29.900000,0.000000,15,17,19,20,24,26,30,33,41,50,51,16040,0,15,16.45678894966293,4.055598001286853,50.607256998773664,224.15423940149626
1789523254,10,,Aggregated,29.700000,0.000000,15,17,19,20,24,26,30,33,41,50,51,16073,0,15,16.461020464107254,4.055598001286853,50.607256998773664,224.139737447894
1789523255,10,,Aggregated,28.800000,0.000000,15,17,19,20,24,26,30,33,41,50,51,16109,0,15,16.458851061802697,4.055598001286853,50.607256998773664,224.13514184617296
1789523256,10,,Aggregated,28.900000,0.000000,15,17,19,20,24,26,30,33,41,50,51,16140,0,15,16.455767974385317,4.055598001286853,50.607256998773664,224.13847583643124
1789523258,10,,Aggregated,29.200000,0.000000,15,17,19,20,24,26,30,33,41,50,51,16174,0,15,16.45918807014884,4.055598001286853,50.607256998773664,224.12860145913194
1789523259,10,,Aggregated,30.100000,0.000000,15,17,19,20,24,26,30,33,41,50,51,16207,0,15,16.45996139011418,4.055598001286853,50.607256998773664,224.12365027457273
1789523260,10,,Aggregated,30.200000,0.000000,15,17,19,20,24,26,30,33,41,50,51,16241,0,15,16.455868414050066,4.055598001286853,50.607256998773664,224.1112616218213
1789523261,10,,Aggregated,30.700000,0.000000,15,17,19,20,24,26,30,33,41,50,51,16273,0,15,16.45370565867379,4.055598001286853,50.607256998773664,224.1019480120445
1789523262,10,,Aggregated,31.100000,0.000000,15,17,19,20,24,26,30,33,41,50,51,16304,0,15,16.450281627920788,4.055598001286853,50.607256998773664,224.11383709519137
1789523263,10,,Aggregated,31.800000,0.000000,15,17,19,20,24,26,30,33,41,50,51,16334,0,15,16.44861682072078,4.055598001286853,50.607256998773664,224.10499571446064
1789523264,10,,Aggregated,31.800000,0.000000,15,17,19,20,24,26,30,33,41,50,51,16367,0,15,16.450539751123447,4.055598001286853,50.607256998773664,224.10808333842488
1789523265,10,,Aggregated,32.400000,0.000000,15,17,19,20,24,26,30,33,41,50,51,16400,0,15,16.45186306589117,4.055598001286853,50.607256998773664,224.0969512195122
1789523266,10,,Aggregated,32.700000,0.000000,15,17,19,20,24,26,30,33,41,50,51,16432,0,15,16.44980162199607,4.055598001286853,50.607256998773664,224.11009006815968
1789523267,10,,Aggregated,32.700000,0.000000,15,17,19,20,24,26,30,33,41,50,51,16462,0,15,16.449458410620874,4.055598001286853,50.607256998773664,224.10150649981776
1789523268,10,,Aggregated,32.200000,0.000000,15,17,19,20,24,26,30,33,41,50,51,16494,0,15,16.449742861563777,4.055598001286853,50.607256998773664,224.09215472292956
1789523269,10,,Aggregated,32.200000,0.000000,15,17,19,20,24,26,30,33,41,50,51,16524,0,15,16.449523952229328,4.055598001286853,50.607256998773664,224.0998547567175
1789523270,10,,Aggregated,31.900000,0.000000,15,17,19,20,24,26,30,33,41,50,51,16557,0,15,16.451010408385354,4.055598001286853,50.607256998773664,224.09736063296492
1789523271,10,,Aggregated,31.700000,0.000000,15,17,19,20,24,26,30,33,41,50,51,16594,0,15,16.448799618513547,4.055598001286853,50.607256998773664,224.10003615764734
1789523272,10,,Aggregated,31.500000,0.000000,15,17,19,20,24,26,30,33,41,50,51,16627,0,15,16.446731284872737,4.055598001286853,50.607256998773664,224.1086185120587
1789523273,10,,Aggregated,31.900000,0.000000,15,17,19,20,24,26,30,33,41,50,51,16660,0,15,16.4443798371891,4.055598001286853,50.607256998773664,224.10906362545018
1789523274,10,,Aggregated,31.900000,0.000000,15,17,19,20,24,26,30,33,41,50,51,16690,0,15,16.44121269218526,4.055598001286853,50.607256998773664,224.11426003594968
1789523275,10,,Aggregated,32.600000,0.000000,15,17,19,20,24,26,30,33,41,50,51,16724,0,15,16.441282945324247,4.055598001286853,50.607256998773664,224.0995575221239
1789523276,10,,Aggregated,32.300000,0.000000,15,17,19,20,24,26,30,33,41,50,51,16752,0,15,16.441303663359992,4.055598001286853,50.607256998773664,224.09945081184335
1789523277,10,,Aggregated,32.400000,0.000000,15,17,19,20,24,26,30,33,41,50,51,16786,0,15,16.437205017014573,4.055598001286853,50.607256998773664,224.10359823662577
1789523278,10,,Aggregated,32.400000,0.000000,15,17,19,20,24,26,30,33,41,50,51,16818,0,15,16.438047857568776,4.055598001286853,50.607256998773664,224.1163634201451
1789523279,10,,Aggregated,32.300000,0.000000,15,17,19,20,24,26,30,33,41,50,51,16849,0,15,16.441102331449628,4.055598001286853,50.607256998773664,224.10908659267614
1789523280,10,,Aggregated,32.300000,0.000000,15,17,19,20,24,26,30,33,41,50,51,16880,0,15,16.44027126934842,4.055598001286853,50.607256998773664,224.10177725118484
1789523281,10,,Aggregated,32.400000,0.000000,15,17,19,20,24,26,30,33,41,50,51,16915,0,15,16.4432820357462,4.055598001286853,50.607256998773664,224.10978421519363
1789523282,10,,Aggregated,32.400000,0.000000,15,17,19,20,24,26,30,33,41,50,51,16944,0,15,16.441807934646558,4.055598001286853,50.607256998773664,224.11614730878188
1789523283,10,,Aggregated,32.200000,0.000000,15,17,19,20,24,26,30,33,41,50,51,16975,0,15,16.4444644688458,4.055598001286853,50.607256998773664,224.10633284241533
1789523284,10,,Aggregated,31.800000,0.000000,15,17,19,20,24,26,30,33,41,50,51,17007,0,15,16.44605204355095,4.055598001286853,50.607256998773664,224.108484741577
1789523285,10,,Aggregated,31.500000,0.000000,15,17,19,20,24,26,30,33,41,50,51,17038,0,15,16.444452666432298,4.055598001286853,50.607256998773664,224.10394412489728
1789523286,10,,Aggregated,31.500000,0.000000,15,17,19,20,24,26,30,33,41,50,51,17068,0,15,16.445325780915944,4.055598001286853,50.607256998773664,224.10926880712444
1789523287,10,,Aggregated,31.400000,0.000000,15,17,19,20,24,26,30,33,41,50,51,17100,0,15,16.444165179688397,4.055598001286853,50.607256998773664,224.10865497076023
1789523288,10,,Aggregated,31.700000,0.000000,15,17,19,20,24,26,30,33,41,50,51,17131,0,15,16.44319098252608,4.055598001286853,50.607256998773664,224.1145875897496
1789523289,10,,Aggregated,31.400000,0.000000,15,17,19,20,24,26,30,33,41,50,51,17162,0,15,16.439342269295118,4.055598001286853,50.607256998773664,224.11799324088102
1789523290,10,,Aggregated,31.200000,0.000000,15,17,19,20,24,26,30,33,41,50,51,17195,0,15,16.434745854064946,4.055598001286853,50.607256998773664,224.11299796452457
1789523291,10,,Aggregated,31.200000,0.000000,15,17,19,20,24,26,30,33,41,50,51,17228,0,15,16.43501628028093,4.055598001286853,50.607256998773664,224.10552588808915
1789523292,10,,Aggregated,31.400000,0.000000,15,17,19,20,24,26,30,33,41,50,51,17259,0,15,16.435991425380998,4.055598001286853,50.607256998773664,224.10070108349268
1789523293,10,,Aggregated,31.100000,0.000000,15,17,19,20,24,26,30,33,41,50,51,17288,0,15,16.43317491280931,4.055598001286853,50.607256998773664,224.09902822767236
1789523294,10,,Aggregated,31.400000,0.000000,15,17,19,20,24,26,30,33,41,50,51,17318,0,15,16.432408306250704,4.055598001286853,50.607256998773664,224.10393809908766
1789523295,10,,Aggregated,31.300000,0.000000,15,17,19,20,24,26,30,33,41,50,51,17347,0,15,16.431287674102467,4.055598001286853,50.607256998773664,224.1101631406007
1789523296,10,,Aggregated,31.100000,0.000000,15,17,19,20,24,26,30,33,41,50,51,17380,0,15,16.43259491447826,4.055598001286853,50.607256998773664,224.10794016110472
1789523297,10,,Aggregated,30.700000,0.000000,15,17,19,20,24,26,30,33,41,50,51,17418,0,15,16.42825883118714,4.055598001286853,50.607256998773664,224.11396256745894
1789523298,10,,Aggregated,31.000000,0.000000,15,17,19,20,24,26,30,33,41,50,51,17443,0,15,16.42955836447879,4.055598001286853,50.607256998773664,224.1131686063177
1789523299,10,,Aggregated,31.600000,0.000000,15,17,19,20,24,26,30,33,41,50,51,17478,0,15,16.432300771118705,4.055598001286853,50.607256998773664,224.10275775260328
1789523300,10,,Aggregated,31.100000,0.000000,15,17,19,20,24,26,30,33,41,50,51,17512,0,15,16.430911335119628,4.055598001286853,50.607256998773664,224.10695523069896
1789523301,10,,Aggregated,31.100000,0.000000,15,17,19,20,24,26,30,33,41,50,51,17544,0,15,16.43075262554798,4.055598001286853,50.607256998773664,224.09587323301415
1789523302,10,,Aggregated,31.600000,0.000000,15,17,19,20,24,26,30,33,41,50,51,17571,0,15,16.43046646455266,4.055598001286853,50.607256998773664,224.09726253485857
1789523303,10,,Aggregated,31.900000,0.000000,15,17,19,20,24,26,30,33,41,50,51,17609,0,15,16.433418610975284,4.055598001286853,50.607256998773664,224.10835368277586
1789523304,10,,Aggregated,31.200000,0.000000,15,17,19,20,24,26,30,33,41,50,51,17640,0,15,16.432415549641522,4.055598001286853,50.607256998773664,224.1140589569161
1789523305,10,,Aggregated,31.700000,0.000000,15,17,19,20,24,26,30,33,41,50,51,17677,0,15,16.431611578416906,4.055598001286853,50.607256998773664,224.1160830457657
1789523306,10,,Aggregated,32.200000,0.000000,15,17,19,20,24,26,30,33,41,50,51,17710,0,15,16.43084788603673,4.055598001286853,50.607256998773664,224.12173913043478
1789523307,10,,Aggregated,33.000000,0.000000,15,17,19,20,24,26,30,33,41,50,51,17743,0,15,16.432742501307487,4.055598001286853,50.607256998773664,224.1142422363749
1789523308,10,,Aggregated,32.800000,0.000000,15,17,19,20,24,26,30,33,41,50,51,17773,0,15,16.435291679217297,4.055598001286853,50.607256998773664,224.12153266190288
1789523309,10,,Aggregated,32.200000,0.000000,15,17,19,20,24,26,30,33,41,50,51,17804,0,15,16.43353740736501,4.055598001286853,50.607256998773664,224.11441249157494
1789523310,10,,Aggregated,32.800000,0.000000,15,17,19,20,24,26,30,33,41,50,51,17836,0,15,16.433696540913978,4.055598001286853,50.607256998773664,224.10338640950886
1789523311,10,,Aggregated,32.500000,0.000000,15,17,19,20,24,26,30,33,41,50,51,17866,0,15,16.43202075264476,4.055598001286853,50.607256998773664,224.09806336057315
1789523312,10,,Aggregated,32.000000,0.000000,15,17,19,20,24,26,30,33,41,50,51,17895,0,15,16.43085896774377,4.055598001286853,50.607256998773664,224.09376920927633
1789523313,10,,Aggregated,32.000000,0.000000,15,17,19,20,24,26,30,33,41,50,51,17925,0,15,16.434844112065683,4.055598001286853,50.607256998773664,224.083179916318
1789523314,10,,Aggregated,32.400000,0.000000,15,17,19,20,24,26,30,33,41,50,51,17956,0,15,16.433098123177437,4.055598001286853,50.607256998773664,224.07345734016485
1789523315,10,,Aggregated,32.100000,0.000000,15,17,19,20,24,26,30,33,41,50,51,17992,0,15,16.430744717084945,4.055598001286853,50.607256998773664,224.07692307692307
1789523316,10,,Aggregated,31.600000,0.000000,15,17,19,20,24,26,30,33,41,50,51,18021,0,15,16.4290303739398,4.055598001286853,50.607256998773664,224.07291493257867
1789523317,10,,Aggregated,31.700000,0.000000,15,17,19,20,24,26,30,33,41,50,51,18051,0,15,16.428597896226325,4.055598001286853,50.607256998773664,224.08802836407955
1789523318,10,,Aggregated,31.300000,0.000000,15,17,19,20,24,26,30,33,41,50,51,18082,0,15,16.42888637892745,4.055598001286853,50.607256998773664,224.08367437230396
1789523319,10,,Aggregated,31.100000,0.000000,15,17,19,20,24,26,30,33,41,50,51,18116,0,15,16.433507951962056,4.055598001286853,50.607256998773664,224.083130933981
1789523320,10,,Aggregated,31.100000,0.000000,15,17,19,20,24,26,30,33,41,50,51,18149,0,15,16.42959657632665,4.055598001286853,50.607256998773664,224.09091409995042
1789523321,10,,Aggregated,31.400000,0.000000,15,17,19,20,24,26,30,33,41,50,51,18181,0,15,16.430177327800507,4.055598001286853,50.607256998773664,224.07777349980748
1789523322,10,,Aggregated,31.700000,0.000000,15,17,19,20,24,26,30,33,41,50,51,18212,0,15,16.430289718030757,4.055598001286853,50.607256998773664,224.07330331649462
1789523323,10,,Aggregated,31.300000,0.000000,15,17,19,20,24,26,30,33,41,50,51,18247,0,15,16.433859974779125,4.055598001286853,50.607256998773664,224.07612210226338
1789523324,10,,Aggregated,31.500000,0.000000,15,17,19,20,24,26,30,33,41,50,51,18275,0,15,16.434502975255405,4.055598001286853,50.607256998773664,224.07879616963064
1789523325,10,,Aggregated,31.700000,0.000000,15,17,19,20,24,26,30,33,41,50,51,18305,0,15,16.431702769012396,4.055598001286853,50.607256998773664,224.0759355367386
1789523326,10,,Aggregated,31.900000,0.000000,15,17,19,20,24,26,30,33,41,50,51,18339,0,15,16.4300990979202,4.055598001286853,50.607256998773664,224.06957849392006
1789523327,10,,Aggregated,31.000000,0.000000,15,17,19,20,24,26,30,33,41,50,51,18371,0,15,16.43339462945617,4.055598001286853,50.607256998773664,224.07147134070001
1789523328,10,,Aggregated,31.300000,0.000000,15,17,19,20,24,26,30,33,41,50,51,18401,0,15,16.43300406949188,4.055598001286853,50.607256998773664,224.07363730232052
1789523329,10,,Aggregated,32.000000,0.000000,15,17,19,20,24,26,30,33,41,50,51,18437,0,15,16.43177411393971,4.055598001286853,50.607256998773664,224.082009003634
1789523330,10,,Aggregated,31.700000,0.000000,15,17,19,20,24,26,30,33,41,50,51,18464,0,15,16.430167422751538,4.055598001286853,50.607256998773664,224.0834597053726
1789523331,10,,Aggregated,31.800000,0.000000,15,17,19,20,24,26,30,33,41,50,51,18495,0,15,16.42798208784333,4.055598001286853,50.607256998773664,224.08418491484184
1789523332,10,,Aggregated,31.400000,0.000000,15,17,19,20,24,26,30,33,41,50,51,18524,0,15,16.427563691191416,4.055598001286853,50.607256998773664,224.07552364500108
1789523333,10,,Aggregated,31.500000,0.000000,15,17,19,20,24,26,30,33,41,50,51,18555,0,15,16.43320642239972,4.055598001286853,50.607256998773664,224.0834815413635
1789523334,10,,Aggregated,31.300000,0.000000,15,17,19,20,24,26,30,33,41,50,51,18585,0,15,16.43298426174941,4.055598001286853,50.607256998773664,224.0930858218994
1789523335,10,,Aggregated,31.100000,0.000000,15,17,19,20,24,26,30,33,41,50,51,18620,0,15,16.435639849926876,4.055598001286853,50.607256998773664,224.09312567132116
1789523336,10,,Aggregated,30.600000,0.000000,15,17,19,20,24,26,30,33,41,50,51,18650,0,15,16.4406607512938,4.055598001286853,50.607256998773664,224.0902949061662
1789523337,10,,Aggregated,31.500000,0.000000,15,17,19,20,24,26,30,33,41,50,51,18683,0,15,16.44164633397221,4.055598001286853,50.607256998773664,224.0909382861425
1789523338,10,,Aggregated,31.600000,0.000000,15,17,19,20,24,26,30,33,41,50,51,18715,0,15,16.44036593633997,4.055598001286853,50.607256998773664,224.09543147208123
1789523339,10,,Aggregated,30.800000,0.000000,15,17,19,20,24,26,30,33,41,50,51,18748,0,15,16.43863729515606,4.055598001286853,50.607256998773664,224.09563686793257
1789523340,10,,Aggregated,31.500000,0.000000,15,17,19,20,24,26,30,33,41,50,51,18782,0,15,16.437005348023618,4.055598001286853,50.607256998773664,224.0802896390161
1789523341,10,,Aggregated,31.300000,0.000000,15,17,19,20,24,26,30,33,41,50,51,18812,0,15,16.439296668274324,4.055598001286853,50.607256998773664,224.0947267701467
1789523342,10,,Aggregated,31.500000,0.000000,15,17,19,20,24,26,30,33,41,50,51,18842,0,15,16.439508374247364,4.055598001286853,50.607256998773664,224.08470438382338
1789523343,10,,Aggregated,31.600000,0.000000,15,17,19,20,24,26,30,33,41,50,51,18873,0,15,16.441522430644618,4.055598001286853,50.607256998773664,224.07852487680813
1789523344,10,,Aggregated,31.800000,0.000000,15,17,19,20,24,26,30,33,41,50,51,18906,0,15,16.444835988391787,4.055598001286853,50.607256998773664,224.08367713953243
1789523345,10,,Aggregated,31.700000,0.000000,15,17,19,20,24,26,30,33,41,50,51,18941,0,15,16.443880374771954,4.055598001286853,50.607256998773664,224.08141069637296
1789523346,10,,Aggregated,32.000000,0.000000,15,17,19,20,24,26,30,33,41,50,51,18969,0,15,16.443973657311997,4.055598001286853,50.607256998773664,224.0720122304813
1789523347,10,,Aggregated,32.200000,0.000000,15,17,19,20,24,26,30,33,41,50,51,19003,0,15,16.446961614614885,4.055598001286853,50.607256998773664,224.07346208493396
1789523348,10,,Aggregated,31.600000,0.000000,15,17,19,20,24,26,30,33,41,50,51,19032,0,15,16.44717954579243,4.055598001286853,50.607256998773664,224.08180958385876
1789523349,10,,Aggregated,32.300000,0.000000,15,17,19,20,24,26,30,33,41,50,51,19062,0,15,16.448734202472725,4.055598001286853,50.607256998773664,224.07664463330187
1789523350,10,,Aggregated,31.500000,0.000000,15,17,19,20,24,26,30,33,41,50,51,19096,0,15,16.44861225872097,4.055598001286853,50.607256998773664,224.0732090490155
1789523351,10,,Aggregated,31.600000,0.000000,15,17,19,20,24,26,30,33,41,50,51,19129,0,15,16.447997259424195,4.055598001286853,50.607256998773664,224.08050603795286
1789523352,10,,Aggregated,31.700000,0.000000,15,17,19,20,24,26,30,33,41,50,51,19160,0,15,16.447858177325124,4.055598001286853,50.607256998773664,224.0858037578288
1789523353,10,,Aggregated,31.500000,0.000000,15,17,19,20,24,26,30,33,41,50,51,19192,0,15,16.449075273373424,4.055598001286853,50.607256998773664,224.07555231346393
1789523354,10,,Aggregated,31.400000,0.000000,15,17,19,20,24,26,30,33,41,50,51,19225,0,15,16.447776768091863,4.055598001286853,50.607256998773664,224.07812743823146
1789523355,10,,Aggregated,31.600000,0.000000,15,17,19,20,24,26,30,33,41,50,51,19254,0,15,16.44725223296783,4.055598001286853,50.607256998773664,224.06736262594785
1789523356,10,,Aggregated,31.600000,0.000000,15,17,19,20,24,26,30,33,41,50,51,19285,0,15,16.44522973292982,4.055598001286853,50.607256998773664,224.0653876069484
1789523357,10,,Aggregated,31.000000,0.000000,15,17,19,20,24,26,30,33,41,50,51,19319,0,15,16.44658461424347,4.055598001286853,50.607256998773664,224.0549200269165
1789523358,10,,Aggregated,31.500000,0.000000,15,17,19,20,24,26,30,33,41,50,51,19351,0,15,16.446718659168766,4.055598001286853,50.607256998773664,224.05901503798253
1789523359,10,,Aggregated,31.500000,0.000000,15,17,19,20,24,26,30,33,41,50,51,19384,0,15,16.442984337317796,4.055598001286853,50.607256998773664,224.06412505158895
1789523360,10,,Aggregated,31.700000,0.000000,15,17,19,20,24,26,30,33,41,50,51,19415,0,15,16.442324389727663,4.055598001286853,50.607256998773664,224.06474375482875
1789523361,10,,Aggregated,32.000000,0.000000,15,17,19,20,24,26,30,33,41,50,51,19443,0,15,16.440838821609585,4.055598001286853,50.607256998773664,224.05997016921256
1789523362,10,,Aggregated,31.900000,0.000000,15,17,19,20,24,26,30,33,41,50,51,19475,0,15,16.44245623694863,4.055598001286853,50.607256998773664,224.06618741976894
1789523363,10,,Aggregated,31.800000,0.000000,15,17,19,20,24,26,30,33,41,50,51,19510,0,15,16.44037182012052,4.055598001286853,50.607256998773664,224.06386468477703
1789523364,10,,Aggregated,31.500000,0.000000,15,17,19,20,24,26,30,33,41,50,51,19542,0,15,16.439398554065253,4.055598001286853,50.607256998773664,224.05373042677311
1789523365,10,,Aggregated,31.900000,0.000000,15,17,19,20,24,26,30,33,41,50,51,19574,0,15,16.436905150634804,4.0495639987057075,50.607256998773664,224.0601818739144
1789523366,10,,Aggregated,32.200000,0.000000,15,17,19,20,24,26,30,33,41,50,51,19609,0,15,16.438797399843065,4.0495639987057075,50.607256998773664,224.05798357896884
1789523367,10,,Aggregated,31.900000,0.000000,15,17,19,20,24,26,30,33,41,50,51,19637,0,15,16.436274167823075,4.0495639987057075,50.607256998773664,224.06228038906147
1789523368,10,,Aggregated,32.600000,0.000000,15,17,19,20,24,26,30,33,41,50,51,19672,0,15,16.437821039627757,4.0495639987057075,50.607256998773664,224.07386132574217
1789523369,10,,Aggregated,31.900000,0.000000,15,17,19,20,24,26,30,33,41,50,51,19701,0,15,16.43767705449288,4.0495639987057075,50.607256998773664,224.0771534439876
1789523370,10,,Aggregated,32.200000,0.000000,15,17,19,20,24,26,30,33,41,50,51,19738,0,15,16.438335929553983,4.0495639987057075,50.607256998773664,224.07923801803628
1789523371,10,,Aggregated,31.500000,0.000000,15,17,19,20,24,26,30,33,41,50,51,19776,0,15,16.438543857834173,4.0495639987057075,50.607256998773664,224.08232200647248
1789523372,10,,Aggregated,31.800000,0.000000,15,17,19,20,24,26,30,33,41,50,51,19808,0,15,16.440675000985603,4.0495639987057075,50.607256998773664,224.06992124394185
1789523373,10,,Aggregated,32.600000,0.000000,15,17,19,20,24,26,30,33,41,50,51,19838,0,15,16.439960712396378,4.0495639987057075,50.607256998773664,224.06548039116848
1789523374,10,,Aggregated,33.100000,0.000000,15,17,19,20,24,26,30,33,41,50,51,19870,0,15,16.440005317087014,4.0495639987057075,50.607256998773664,224.07418218419727
1789523375,10,,Aggregated,32.600000,0.000000,15,17,19,20,24,26,30,33,41,50,51,19901,0,15,16.440203989222702,4.0495639987057075,50.607256998773664,224.07497110697955
1789523376,10,,Aggregated,32.600000,0.000000,15,17,19,20,24,26,30,33,41,50,51,19930,0,15,16.438904541772104,4.0495639987057075,50.607256998773664,224.07822378324136
1789523377,10,,Aggregated,32.800000,0.000000,15,17,19,20,24,26,30,33,41,50,51,19967,0,15,16.43972120786856,4.0495639987057075,50.607256998773664,224.0824861020684
1789523378,10,,Aggregated,31.900000,0.000000,15,17,19,20,24,26,30,33,41,50,51,20000,0,15,16.439074239825278,4.0495639987057075,50.607256998773664,224.08755
1789523379,10,,Aggregated,33.000000,0.000000,15,17,19,20,24,26,30,33,41,49,51,20029,0,15,16.438575188951773,4.0495639987057075,50.607256998773664,224.09071845823556
1789523380,10,,Aggregated,32.700000,0.000000,15,17,19,20,24,26,30,33,41,49,51,20060,0,15,16.44011717041375,4.0495639987057075,50.607256998773664,224.08469591226321
1789523381,10,,Aggregated,32.600000,0.000000,15,17,19,20,24,26,30,33,41,49,51,20090,0,15,16.439323506197198,4.0495639987057075,50.607256998773664,224.08222996515678
1789523382,10,,Aggregated,32.300000,0.000000,15,17,19,20,24,26,30,33,41,49,51,20120,0,15,16.438077651664084,4.0495639987057075,50.607256998773664,224.08205765407556
1789523383,10,,Aggregated,31.800000,0.000000,15,17,19,20,24,26,30,33,41,49,51,20150,0,15,16.437857518335555,4.0495639987057075,50.607256998773664,224.08218362282878
1789523384,10,,Aggregated,31.500000,0.000000,15,17,19,20,24,26,30,33,41,49,51,20184,0,15,16.440540973763795,4.0495639987057075,50.607256998773664,224.08120293301624
1789523385,10,,Aggregated,31.200000,0.000000,15,17,19,20,24,26,30,33,41,49,51,20218,0,15,16.44108858375857,4.0495639987057075,50.607256998773664,224.07597190622218
1789523386,10,,Aggregated,31.200000,0.000000,15,17,19,20,24,26,30,33,41,49,51,20253,0,15,16.440164729048508,4.0495639987057075,50.607256998773664,224.06700241939467
1789523387,10,,Aggregated,31.600000,0.000000,15,17,19,20,24,26,30,33,41,49,51,20284,0,15,16.438833395159136,4.0495639987057075,50.607256998773664,224.06315322421614
1789523388,10,,Aggregated,32.000000,0.000000,15,17,19,20,24,26,30,33,41,49,51,20313,0,15,16.437235471443422,4.0495639987057075,50.607256998773664,224.0616354058977
1789523389,10,,Aggregated,31.100000,0.000000,15,17,19,20,24,26,30,33,41,49,51,20343,0,15,16.436761810913648,4.0495639987057075,50.607256998773664,224.06375657474317
1789523390,10,,Aggregated,31.300000,0.000000,15,17,19,20,24,26,30,33,41,49,51,20378,0,15,16.436738588350767,4.0495639987057075,50.607256998773664,224.05677691628227
1789523391,10,,Aggregated,31.900000,0.000000,15,17,19,20,24,26,30,33,41,50,53,20412,0,15,16.43962865443951,4.0495639987057075,52.52548799762735,224.06442288849695
1789523392,10,,Aggregated,31.900000,0.000000,15,17,19,20,24,26,30,33,41,50,53,20446,0,15,16.440218483196094,4.0495639987057075,52.52548799762735,224.07223906876652
1789523393,10,,Aggregated,32.100000,0.000000,15,17,19,20,24,26,30,33,41,50,53,20475,0,15,16.44112900094965,4.0495639987057075,52.52548799762735,224.06661782661783
1789523394,10,,Aggregated,32.100000,0.000000,15,17,19,20,24,26,30,33,41,50,53,20506,0,15,16.441450519673626,4.0495639987057075,52.52548799762735,224.06729737637764
1789523395,10,,Aggregated,32.500000,0.000000,15,17,19,20,24,26,30,33,41,50,53,20537,0,15,16.440297600059687,4.0495639987057075,52.52548799762735,224.07230851633636
1789523396,10,,Aggregated,32.500000,0.000000,15,17,19,20,24,26,30,33,41,50,53,20569,0,15,16.439419664904023,4.0495639987057075,52.52548799762735,224.07613398804025
1789523397,10,,Aggregated,32.300000,0.000000,15,17,19,20,24,26,30,33,41,50,53,20602,0,15,16.439457848045276,4.0495639987057075,52.52548799762735,224.0680031064945
1789523398,10,,Aggregated,31.800000,0.000000,15,17,19,20,24,26,30,33,41,50,53,20630,0,15,16.43979307951655,4.0495639987057075,52.52548799762735,224.06354823073195
1789523399,10,,Aggregated,32.000000,0.000000,15,17,19,20,24,26,30,33,41,50,53,20665,0,15,16.43980541628028,4.0495639987057075,52.52548799762735,224.05468182917977
1789523400,10,,Aggregated,32.100000,0.000000,15,17,19,20,24,26,30,33,41,50,53,20694,0,15,16.440586039501643,4.0495639987057075,52.52548799762735,224.05146419251957
1789523401,10,,Aggregated,31.800000,0.000000,15,17,19,20,24,26,30,33,41,50,53,20726,0,15,16.442773916356323,4.0495639987057075,52.52548799762735,224.05297693718035
1789523402,10,,Aggregated,31.400000,0.000000,15,17,19,20,24,26,30,33,41,50,53,20755,0,15,16.442316355451705,4.0495639987057075,52.52548799762735,224.05401108166706
1789523403,10,,Aggregated,31.100000,0.000000,15,17,19,20,24,26,30,33,41,50,53,20788,0,15,16.440717222934484,4.0495639987057075,52.52548799762735,224.0543101789494
1789523404,10,,Aggregated,31.400000,0.000000,15,17,19,20,24,26,30,33,41,50,53,20822,0,15,16.44029873928332,4.0495639987057075,52.52548799762735,224.05556622802806
1789523405,10,,Aggregated,31.400000,0.000000,15,17,19,20,24,26,30,33,41,50,53,20853,0,15,16.44102440767929,4.0495639987057075,52.52548799762735,224.04747518342685
1789523406,10,,Aggregated,31.300000,0.000000,15,17,19,20,24,26,30,33,41,50,53,20884,0,15,16.442085529225395,4.0495639987057075,52.52548799762735,224.04414863053054
1789523407,10,,Aggregated,31.400000,0.000000,15,17,19,20,24,26,30,33,41,50,53,20915,0,15,16.443340299419784,4.0495639987057075,52.52548799762735,224.03834568491513
1789523408,10,,Aggregated,31.200000,0.000000,15,17,19,20,24,26,30,33,41,50,53,20948,0,15,16.44254049667568,4.0495639987057075,52.52548799762735,224.04348863853352
1789523409,10,,Aggregated,31.500000,0.000000,15,17,19,20,24,26,30,33,41,50,53,20981,0,15,16.44181477853289,4.0495639987057075,52.52548799762735,224.05052190076736
1789523410,10,,Aggregated,31.100000,0.000000,15,17,19,20,24,26,30,33,41,50,53,21014,0,15,16.440167864203822,4.0495639987057075,52.52548799762735,224.02912344151517
1789523411,10,,Aggregated,31.300000,0.000000,15,17,19,20,24,26,30,33,41,50,53,21044,0,15,16.439761612875554,4.0495639987057075,52.52548799762735,224.03777798897548
1789523412,10,,Aggregated,32.000000,0.000000,15,17,19,20,24,26,30,33,41,50,53,21075,0,15,16.43851774174869,4.0495639987057075,52.52548799762735,224.03838671411626
1789523413,10,,Aggregated,31.800000,0.000000,15,17,19,20,24,26,30,33,41,50,53,21109,0,15,16.437998846480564,4.0495639987057075,52.52548799762735,224.0504524136624
1789523414,10,,Aggregated,31.600000,0.000000,15,17,19,20,24,26,30,33,41,50,53,21137,0,15,16.435288317753376,4.0495639987057075,52.52548799762735,224.04839854283958
1789523415,10,,Aggregated,31.700000,0.000000,15,17,19,20,24,26,30,33,41,50,53,21165,0,15,16.436693373985424,4.0495639987057075,52.52548799762735,224.0463028584928
1789523416,10,,Aggregated,31.500000,0.000000,15,17,19,20,24,26,30,33,41,50,53,21196,0,15,16.440435498272983,4.0495639987057075,52.52548799762735,224.04269673523305
1789523417,10,,Aggregated,31.100000,0.000000,15,17,19,20,24,26,30,33,41,50,53,21231,0,15,16.436969785520986,4.0495639987057075,52.52548799762735,224.04069520983467
1789523418,10,,Aggregated,31.500000,0.000000,15,17,19,20,24,26,30,33,41,50,53,21261,0,15,16.439204940707768,4.0495639987057075,52.52548799762735,224.05136164808806
1789523419,10,,Aggregated,31.100000,0.000000,15,17,19,20,24,26,30,33,41,50,53,21287,0,15,16.441149109004662,4.0495639987057075,52.52548799762735,224.05383567435524
1789523420,10,,Aggregated,31.500000,0.000000,15,17,19,20,24,26,30,33,41,50,53,21319,0,15,16.442627449851173,4.0495639987057075,52.52548799762735,224.05558422064826
1789523421,10,,Aggregated,31.100000,0.000000,15,17,19,20,24,26,30,33,41,50,53,21351,0,15,16.44352500966646,4.0495639987057075,52.52548799762735,224.05924781040702
1789523422,10,,Aggregated,30.500000,0.000000,15,17,19,20,24,26,30,33,41,50,53,21382,0,15,16.443763556326406,4.0495639987057075,52.52548799762735,224.0619680104761
1789523423,10,,Aggregated,30.600000,0.000000,15,17,19,20,24,26,30,33,41,50,53,21412,0,15,16.4470278729855,4.0495639987057075,52.52548799762735,224.06809265832243
1789523424,10,,Aggregated,30.800000,0.000000,15,17,19,20,24,26,30,33,41,50,53,21442,0,15,16.44597242544282,4.0495639987057075,52.52548799762735,224.0675776513385
1789523425,10,,Aggregated,30.300000,0.000000,15,17,19,20,24,26,30,33,41,50,53,21470,0,15,16.443681495964007,4.0495639987057075,52.52548799762735,224.073917093619
1789523426,10,,Aggregated,30.500000,0.000000,15,17,19,20,24,26,30,33,41,50,53,21501,0,15,16.44271976486546,4.0495639987057075,52.52548799762735,224.07413608669364
1789523427,10,,Aggregated,30.400000,0.000000,15,17,19,20,24,26,30,33,41,50,53,21533,0,15,16.439807017942172,4.0495639987057075,52.52548799762735,224.06301955138625
1789523428,10,,Aggregated,30.200000,0.000000,15,17,19,20,24,26,30,33,41,50,53,21564,0,15,16.43987413588956,4.0495639987057075,52.52548799762735,224.06135225375627
1789523429,10,,Aggregated,30.300000,0.000000,15,17,19,20,24,26,30,33,41,50,53,21595,0,15,16.442365221316056,4.0495639987057075,52.52548799762735,224.0554758045844
1789523430,10,,Aggregated,30.200000,0.000000,15,17,19,20,24,26,30,33,41,50,53,21623,0,15,16.44134492250558,4.0495639987057075,52.52548799762735,224.05138047449475
1789523431,10,,Aggregated,30.400000,0.000000,15,17,19,20,24,26,30,33,41,50,53,21655,0,15,16.440740786992112,4.0495639987057075,52.52548799762735,224.04262295081966
1789523432,10,,Aggregated,30.200000,0.000000,15,17,19,20,24,26,30,33,41,50,53,21685,0,15,16.443310445666796,4.0495639987057075,52.52548799762735,224.0317731150565
1789523433,10,,Aggregated,30.800000,0.000000,15,17,19,20,24,26,30,33,41,50,53,21716,0,15,16.442260000289462,4.0495639987057075,52.52548799762735,224.03665500092097
1789523434,10,,Aggregated,30.400000,0.000000,15,17,19,20,24,26,30,33,41,50,53,21747,0,15,16.441898598485686,4.0495639987057075,52.52548799762735,224.0457534372557
1789523435,10,,Aggregated,30.400000,0.000000,15,17,19,20,24,26,30,33,41,50,53,21781,0,15,16.44375127286553,4.0495639987057075,52.52548799762735,224.04696754051696
1789523436,10,,Aggregated,30.300000,0.000000,15,17,19,20,24,26,30,33,41,50,53,21808,0,15,16.44524117893781,4.0495639987057075,52.52548799762735,224.04415810711666
1789523437,10,,Aggregated,30.800000,0.000000,15,17,19,20,24,26,30,33,41,50,53,21843,0,15,16.44546269776446,4.0495639987057075,52.52548799762735,224.04642219475346
1789523438,10,,Aggregated,31.000000,0.000000,15,17,19,20,24,26,30,33,41,50,53,21872,0,15,16.444955763865472,4.0495639987057075,52.52548799762735,224.04329736649598
1789523439,10,,Aggregated,31.100000,0.000000,15,17,19,20,24,26,30,33,41,50,53,21903,0,15,16.44520764859929,4.0495639987057075,52.52548799762735,224.0481669177738
1789523440,10,,Aggregated,30.900000,0.000000,15,17,19,20,24,26,30,33,41,52,54,21935,0,15,16.4492578434599,4.0495639987057075,54.1869289954775,224.04955550490084
1789523441,10,,Aggregated,30.800000,0.000000,15,17,19,20,24,26,30,33,41,52,54,21966,0,15,16.44919362807388,4.0495639987057075,54.1869289954775,224.048347446053
1789523442,10,,Aggregated,31.300000,0.000000,15,17,19,20,24,26,30,33,41,52,54,21995,0,15,16.451926348682242,4.0495639987057075,54.1869289954775,224.05351216185497
1789523443,10,,Aggregated,31.000000,0.000000,15,17,19,20,24,26,30,33,41,52,54,22026,0,15,16.45294804813804,4.0495639987057075,54.1869289954775,224.05189321710705
1789523444,10,,Aggregated,30.600000,0.000000,15,17,19,20,24,26,30,33,41,52,54,22059,0,15,16.45657837736277,4.0495639987057075,54.1869289954775,224.05235958112334
1789523445,10,,Aggregated,31.100000,0.000000,15,17,19,20,24,26,30,33,41,52,54,22091,0,15,16.455282169175245,4.0495639987057075,54.1869289954775,224.0501109048934
1789523446,10,,Aggregated,31.300000,0.000000,15,17,19,20,24,26,30,33,41,52,54,22124,0,15,16.45630370648454,4.0495639987057075,54.1869289954775,224.05008135960946
1789523447,10,,Aggregated,31.200000,0.000000,15,17,19,20,24,26,30,33,41,52,54,22155,0,15,16.456314319668397,4.0495639987057075,54.1869289954775,224.0609794628752
1789523448,10,,Aggregated,31.200000,0.000000,15,17,19,20,24,26,30,33,41,52,54,22185,0,15,16.457066608754804,4.0495639987057075,54.1869289954775,224.0545413567726
1789523449,10,,Aggregated,31.000000,0.000000,15,17,19,20,24,26,30,33,41,52,54,22218,0,15,16.458156849184974,4.0495639987057075,54.1869289954775,224.05072463768116
1789523450,10,,Aggregated,31.500000,0.000000,15,17,19,20,24,26,30,33,41,52,54,22249,0,15,16.458852925442958,4.0495639987057075,54.1869289954775,224.04903591172638
1789523451,10,,Aggregated,31.600000,0.000000,15,17,19,20,24,26,30,33,41,52,54,22284,0,15,16.45811455228759,4.0495639987057075,54.1869289954775,224.05299766648716
1789523452,10,,Aggregated,31.200000,0.000000,15,17,19,20,24,26,30,33,41,52,54,22317,0,15,16.456703758666844,4.0495639987057075,54.1869289954775,224.04521217009454
1789523453,10,,Aggregated,31.400000,0.000000,15,17,19,20,24,26,30,33,41,52,54,22349,0,15,16.456024984391842,4.0495639987057075,54.1869289954775,224.03834623473085
1789523454,10,,Aggregated,32.200000,0.000000,15,17,19,20,24,26,30,33,41,52,54,22380,0,15,16.4575228880782,4.0495639987057075,54.1869289954775,224.0328418230563
1789523455,10,,Aggregated,32.300000,0.000000,15,17,19,20,24,26,30,33,41,52,54,22411,0,15,16.45872733060456,4.0495639987057075,54.1869289954775,224.02739726027397
1789523456,10,,Aggregated,31.900000,0.000000,15,17,19,20,24,26,30,33,41,52,54,22444,0,15,16.458723974880854,4.0495639987057075,54.1869289954775,224.03604526822312
1789523457,10,,Aggregated,31.500000,0.000000,15,17,19,20,24,26,30,33,41,52,54,22477,0,15,16.456887021010242,4.0495639987057075,54.1869289954775,224.03029763758508
1789523458,10,,Aggregated,32.200000,0.000000,15,17,19,20,24,26,30,33,41,52,54,22507,0,15,16.455905135257385,4.0495639987057075,54.1869289954775,224.03203447816236
1789523459,10,,Aggregated,32.200000,0.000000,15,17,19,20,24,26,30,33,41,52,54,22538,0,15,16.453834067719022,4.0495639987057075,54.1869289954775,224.03478569527022
1789523460,10,,Aggregated,31.900000,0.000000,15,17,19,20,24,26,30,33,41,52,54,22569,0,15,16.457187726051426,4.0495639987057075,54.1869289954775,224.03145908104037
1789523461,10,,Aggregated,31.700000,0.000000,15,17,19,20,24,26,30,33,41,52,54,22595,0,15,16.457737427317667,4.0495639987057075,54.1869289954775,224.02597919893782
1789523462,10,,Aggregated,32.000000,0.000000,15,17,19,20,24,26,30,33,41,52,54,22627,0,15,16.45805637756875,4.0495639987057075,54.1869289954775,224.02930127723516
1789523463,10,,Aggregated,31.500000,0.000000,15,17,19,20,24,26,30,33,41,52,54,22655,0,15,16.459072209104132,4.0495639987057075,54.1869289954775,224.02520414919445
1789523464,10,,Aggregated,31.100000,0.000000,15,17,19,20,24,26,30,33,41,52,54,22688,0,15,16.462664483305904,4.0495639987057075,54.1869289954775,224.01547073342735
1789523465,10,,Aggregated,30.700000,0.000000,15,17,19,20,24,26,30,33,41,52,54,22718,0,15,16.460638503488642,4.0495639987057075,54.1869289954775,224.02117263843647
1789523466,10,,Aggregated,31.000000,0.000000,15,17,19,20,24,26,30,33,41,52,54,22748,0,15,16.458723862942794,4.0495639987057075,54.1869289954775,224.02321083172146
1789523467,10,,Aggregated,31.000000,0.000000,15,17,19,20,24,26,30,33,41,52,54,22780,0,15,16.4611785327144,4.0495639987057075,54.1869289954775,224.01672519754172
1789523468,10,,Aggregated,30.100000,0.000000,15,17,19,20,24,26,30,33,41,52,54,22812,0,15,16.463010898309783,4.0495639987057075,54.1869289954775,224.01998947922146
1789523469,10,,Aggregated,30.100000,0.000000,15,17,19,20,24,26,30,33,42,52,54,22840,0,15,16.467449719931448,4.0495639987057075,54.1869289954775,224.01015761821367
1789523470,10,,Aggregated,30.000000,0.000000,15,17,19,20,24,26,30,33,42,52,54,22873,0,15,16.468764183195344,4.0495639987057075,54.1869289954775,224.01066759935296
1789523471,10,,Aggregated,30.600000,0.000000,15,17,19,20,24,26,30,33,42,52,54,22906,0,15,16.467765649447497,4.0495639987057075,54.1869289954775,224.02296341569894
1789523472,10,,Aggregated,30.700000,0.000000,15,17,19,20,24,26,30,33,42,52,54,22938,0,15,16.468260125042786,4.0495639987057075,54.1869289954775,224.02049001656638
1789523473,10,,Aggregated,30.900000,0.000000,15,17,19,20,24,26,30,33,42,52,54,22969,0,15,16.471884008760885,4.0495639987057075,54.1869289954775,224.01719709173233
1789523474,10,,Aggregated,31.200000,0.000000,15,17,19,20,24,26,30,33,42,52,54,23002,0,15,16.473198210079463,4.0495639987057075,54.1869289954775,224.01543344057038
1789523475,10,,Aggregated,31.300000,0.000000,15,17,19,20,24,26,30,33,42,52,54,23034,0,15,16.47644804464068,4.0495639987057075,54.1869289954775,224.00898671529043
1789523476,10,,Aggregated,31.000000,0.000000,15,17,19,20,24,26,30,33,42,52,54,23066,0,15,16.47331979386383,4.0495639987057075,54.1869289954775,224.02410474291165
1789523477,10,,Aggregated,31.700000,0.000000,15,17,19,20,24,26,30,33,42,52,54,23102,0,15,16.474925712070373,4.0495639987057075,54.1869289954775,224.01688165526795
1789523478,10,,Aggregated,32.100000,0.000000,15,17,19,20,24,26,30,33,42,52,54,23136,0,15,16.47714524663911,4.0495639987057075,54.1869289954775,224.01071922544952
1789523479,10,,Aggregated,32.400000,0.000000,15,17,19,20,24,26,30,33,42,52,54,23170,0,15,16.479794426855864,4.0495639987057075,54.1869289954775,224.00772550712128
1789523480,10,,Aggregated,32.500000,0.000000,15,17,19,20,24,26,30,33,42,52,54,23202,0,15,16.478574231326775,4.0495639987057075,54.1869289954775,224.00344797862255
1789523481,10,,Aggregated,32.300000,0.000000,15,17,19,20,24,26,30,33,42,52,54,23238,0,15,16.478113701835397,4.0495639987057075,54.1869289954775,224.0061106807815
1789523482,10,,Aggregated,32.500000,0.000000,15,17,19,20,24,26,30,33,42,52,54,23270,0,15,16.475904447110636,4.0495639987057075,54.1869289954775,224.00373871938118
1789523483,10,,Aggregated,33.000000,0.000000,15,17,19,20,24,26,30,33,42,52,54,23301,0,15,16.47678825824154,4.0495639987057075,54.1869289954775,224.0008154156474
1789523484,10,,Aggregated,32.800000,0.000000,15,17,19,20,24,26,30,33,42,52,54,23333,0,15,16.47798041213268,4.0495639987057075,54.1869289954775,224.000771439592
1789523485,10,,Aggregated,32.700000,0.000000,15,17,19,20,24,26,30,33,42,52,54,23366,0,15,16.477439828866277,4.0495639987057075,54.1869289954775,223.99940083882564
1789523486,10,,Aggregated,33.400000,0.000000,15,17,19,20,24,26,30,33,42,52,54,23396,0,15,16.476116057287022,4.0495639987057075,54.1869289954775,224.0065395794153
1789523487,10,,Aggregated,32.900000,0.000000,15,17,19,20,24,26,30,33,42,52,54,23429,0,15,16.477563723688508,4.0495639987057075,54.1869289954775,224.0010243715054
1789523488,10,,Aggregated,32.900000,0.000000,15,17,19,20,24,26,30,33,42,52,54,23456,0,15,16.476167310850073,3.9844809944042936,54.1869289954775,224.0080576398363
1789523489,10,,Aggregated,32.400000,0.000000,15,17,19,20,24,26,30,33,42,52,54,23488,0,15,16.47824927164033,3.9844809944042936,54.1869289954775,224.0079189373297
1789523490,10,,Aggregated,32.300000,0.000000,15,17,19,20,24,26,30,33,42,52,54,23519,0,15,16.480062413167722,3.9844809944042936,54.1869289954775,224.0026361665037
1789523491,10,,Aggregated,32.100000,0.000000,15,17,19,20,24,26,30,33,42,52,54,23552,0,15,16.478510596182865,3.9844809944042936,54.1869289954775,223.9971976902174
1789523492,10,,Aggregated,32.000000,0.000000,15,17,19,20,24,26,30,33,42,52,54,23586,0,15,16.477917934677432,3.9844809944042936,54.1869289954775,223.9924107521411
1789523493,10,,Aggregated,31.300000,0.000000,15,17,19,20,24,26,30,33,42,52,54,23619,0,15,16.478763701184967,3.9844809944042936,54.1869289954775,223.98886489690503
1789523494,10,,Aggregated,31.700000,0.000000,15,17,19,20,24,26,30,33,42,52,54,23652,0,15,16.4768697862033,3.9844809944042936,54.1869289954775,223.98756976154237
1789523495,10,,Aggregated,32.000000,0.000000,15,17,19,20,24,26,30,33,42,52,54,23682,0,15,16.478724738759148,3.9844809944042936,54.1869289954775,223.99159699349718
1789523496,10,,Aggregated,31.700000,0.000000,15,17,19,20,24,26,30,33,42,52,54,23715,0,15,16.47959853642417,3.9844809944042936,54.1869289954775,223.9900063251107
1789523497,10,,Aggregated,31.800000,0.000000,15,17,19,20,24,26,30,33,42,52,54,23742,0,15,16.481053864177657,3.9844809944042936,54.1869289954775,223.9967568022913
1789523498,10,,Aggregated,31.600000,0.000000,15,17,19,20,24,26,30,33,42,52,54,23775,0,15,16.48129746802468,3.9844809944042936,54.1869289954775,223.99503680336488
1789523499,10,,Aggregated,31.700000,0.000000,15,17,19,20,24,26,30,33,42,52,54,23807,0,15,16.482934949564495,3.9844809944042936,54.1869289954775,224.0023942537909
1789523500,10,,Aggregated,31.900000,0.000000,15,17,19,20,24,26,30,33,42,52,54,23841,0,15,16.481183356372433,3.9844809944042936,54.1869289954775,224.01308669938342
1789523501,10,,Aggregated,31.700000,0.000000,15,17,19,20,24,26,30,33,42,52,54,23872,0,15,16.481082995318534,3.9844809944042936,54.1869289954775,224.01390750670242
1789523502,10,,Aggregated,31.500000,0.000000,15,17,19,20,24,26,30,33,42,52,54,23904,0,15,16.47877787074262,3.9844809944042936,54.1869289954775,224.0153530789826
1789523503,10,,Aggregated,31.900000,0.000000,15,17,19,20,24,26,30,33,42,52,54,23935,0,15,16.4800111949549,3.9844809944042936,54.1869289954775,224.00459578023813
1789523504,10,,Aggregated,31.600000,0.000000,15,17,19,20,24,26,30,33,42,52,54,23967,0,15,16.479548798483027,3.9844809944042936,54.1869289954775,224.00033379229774
1789523505,10,,Aggregated,31.600000,0.000000,15,17,19,20,24,26,30,33,41,52,54,24001,0,15,16.47896747032294,3.9844809944042936,54.1869289954775,224.00562476563476
1789523506,10,,Aggregated,31.400000,0.000000,15,17,19,20,24,26,30,33,41,52,54,24028,0,15,16.480524485567592,3.9844809944042936,54.1869289954775,223.99529715332113
1789523507,10,,Aggregated,31.700000,0.000000,15,17,19,20,24,26,30,33,41,52,54,24057,0,15,16.481496526674505,3.9844809944042936,54.1869289954775,223.9847861329343
1789523508,10,,Aggregated,31.500000,0.000000,15,17,19,20,24,26,30,33,41,52,54,24088,0,15,16.48127588953853,3.9844809944042936,54.1869289954775,223.9873380936566
1789523509,10,,Aggregated,31.200000,0.000000,15,17,19,20,24,26,30,33,41,52,54,24120,0,15,16.480252052828153,3.9844809944042936,54.1869289954775,223.99257877280266
1789523510,10,,Aggregated,30.900000,0.000000,15,17,19,20,24,26,30,33,41,52,54,24152,0,15,16.48069676731642,3.9844809944042936,54.1869289954775,223.99979297780723
1789523511,10,,Aggregated,31.300000,0.000000,15,17,19,20,24,26,30,33,41,52,54,24186,0,15,16.480146369273267,3.9844809944042936,54.1869289954775,224.0047548168362
1789523512,10,,Aggregated,31.400000,0.000000,15,17,19,20,24,26,30,33,41,52,54,24219,0,15,16.47768223982224,3.9844809944042936,54.1869289954775,224.006606383418
1789523513,10,,Aggregated,31.200000,0.000000,15,17,19,20,24,26,30,33,41,52,54,24247,0,15,16.475529337414393,3.9844809944042936,54.1869289954775,224.0011547820349
1789523514,10,,Aggregated,31.400000,0.000000,15,17,19,20,24,26,30,33,41,52,54,24279,0,15,16.47685313243036,3.9844809944042936,54.1869289954775,223.99147411343137
1789523515,10,,Aggregated,31.200000,0.000000,15,17,19,20,24,26,30,33,41,52,54,24313,0,15,16.478089675945572,3.9844809944042936,54.1869289954775,223.99457080574177
1789523516,10,,Aggregated,31.100000,0.000000,15,17,19,20,24,26,30,33,41,52,54,24346,0,15,16.47799190857878,3.9844809944042936,54.1869289954775,224.00065719214655
1789523517,10,,Aggregated,30.900000,0.000000,15,17,19,20,24,26,30,33,41,52,54,24376,0,15,16.480963295260114,3.9844809944042936,54.1869289954775,223.99483098129306
1789523518,10,,Aggregated,31.300000,0.000000,15,17,19,20,24,26,30,33,41,52,54,24406,0,15,16.481520864223793,3.9844809944042936,54.1869289954775,223.9929115791199
1789523519,10,,Aggregated,31.900000,0.000000,15,17,19,20,24,26,30,33,41,52,54,24438,0,15,16.481046232884896,3.9844809944042936,54.1869289954775,223.990670267616
1789523520,10,,Aggregated,31.700000,0.000000,15,17,19,20,24,26,30,33,41,52,54,24465,0,15,16.481343412436424,3.9844809944042936,54.1869289954775,223.99771101573677
1789523521,10,,Aggregated,31.600000,0.000000,15,17,19,20,24,26,30,33,41,52,54,24502,0,15,16.482134313821778,3.9844809944042936,54.1869289954775,223.99204146600277
1789523522,10,,Aggregated,31.500000,0.000000,15,17,19,20,24,26,30,33,41,52,54,24535,0,15,16.483885365162944,3.9844809944042936,54.1869289954775,223.98137354799266
1789523523,10,,Aggregated,31.600000,0.000000,15,17,19,20,24,26,30,33,41,52,54,24566,0,15,16.482515238145716,3.9844809944042936,54.1869289954775,223.98200765285353
1789523524,10,,Aggregated,31.300000,0.000000,15,17,19,20,24,26,30,33,41,52,54,24602,0,15,16.485214094516724,3.9844809944042936,54.1869289954775,223.9848386310056
1789523525,10,,Aggregated,31.500000,0.000000,15,17,19,20,24,26,30,33,41,52,54,24633,0,15,16.48349976248476,3.9844809944042936,54.1869289954775,223.98713108431778
1789523526,10,,Aggregated,32.000000,0.000000,15,17,19,20,24,26,30,33,41,52,54,24660,0,15,16.481810398144965,3.9844809944042936,54.1869289954775,223.99736415247364
1789523527,10,,Aggregated,32.200000,0.000000,15,17,19,20,24,26,30,33,41,52,54,24692,0,15,16.48193638527597,3.9844809944042936,54.1869289954775,223.99874453264215
1789523528,10,,Aggregated,32.000000,0.000000,15,17,19,20,24,26,30,33,41,52,54,24726,0,15,16.481484104152063,3.9844809944042936,54.1869289954775,224.00194127638923
1789523529,10,,Aggregated,31.500000,0.000000,15,17,19,20,24,26,30,33,41,52,54,24756,0,15,16.483136130564084,3.9844809944042936,54.1869289954775,224.0018581354015
1789523530,10,,Aggregated,31.700000,0.000000,15,17,19,20,24,26,30,33,41,52,54,24784,0,15,16.485763652244955,3.9844809944042936,54.1869289954775,224.00028244028405
1789523531,10,,Aggregated,32.000000,0.000000,15,17,19,20,24,26,30,33,41,52,54,24815,0,15,16.486247817659972,3.9844809944042936,54.1869289954775,223.99697763449527
1789523532,10,,Aggregated,31.800000,0.000000,15,17,19,20,24,26,30,33,41,52,54,24843,0,15,16.488249398230653,3.9844809944042936,54.1869289954775,223.99512941271183
1789523533,10,,Aggregated,31.300000,0.000000,15,17,19,20,24,26,30,33,41,52,54,24879,0,15,16.48974127912155,3.9844809944042936,54.1869289954775,223.99943727641786
1789523534,10,,Aggregated,31.400000,0.000000,15,17,19,20,24,26,30,33,41,52,54,24908,0,15,16.491292786103983,3.9844809944042936,54.1869289954775,223.99666773727316
1789523535,10,,Aggregated,31.500000,0.000000,15,17,19,20,24,26,30,33,41,52,54,24942,0,15,16.491589960078926,3.9844809944042936,54.1869289954775,223.99603079143614
1789523536,10,,Aggregated,31.000000,0.000000,15,17,19,20,24,26,30,33,41,52,54,24976,0,15,16.490844234476665,3.9844809944042936,54.1869289954775,224.0007607303011
1789523537,10,,Aggregated,30.900000,0.000000,15,17,19,20,24,26,30,33,41,52,54,25010,0,15,16.490897369025003,3.9844809944042936,54.1869289954775,224.00547780887646
1789523538,10,,Aggregated,30.900000,0.000000,15,17,19,20,24,26,30,33,41,52,54,25040,0,15,16.49378114294427,3.9844809944042936,54.1869289954775,224.0107428115016
1789523539,10,,Aggregated,31.900000,0.000000,15,17,19,20,24,26,30,33,41,52,54,25072,0,15,16.492389531721578,3.9844809944042936,54.1869289954775,223.9976068921506
1789523540,10,,Aggregated,31.800000,0.000000,15,17,19,20,24,26,30,33,41,52,54,25104,0,15,16.491616246428464,3.9844809944042936,54.1869289954775,223.9955385595921
1789523541,10,,Aggregated,31.300000,0.000000,15,17,19,20,24,26,30,33,41,52,54,25135,0,15,16.49425096496316,3.9844809944042936,54.1869289954775,223.99423115178038
1789523542,10,,Aggregated,31.500000,0.000000,15,17,19,20,24,26,30,33,41,52,54,25170,0,15,16.494475010660828,3.9844809944042936,54.1869289954775,223.9907032181168
1789523543,10,,Aggregated,31.800000,0.000000,15,17,19,20,24,26,30,33,41,52,54,25200,0,15,16.493278758306776,3.9844809944042936,54.1869289954775,223.99781746031746
1789523544,10,,Aggregated,32.400000,0.000000,15,17,19,20,24,26,30,33,41,52,54,25228,0,15,16.49201958436323,3.9844809944042936,54.1869289954775,223.99778024417313
1789523545,10,,Aggregated,32.100000,0.000000,15,17,19,20,24,26,30,33,41,52,54,25259,0,15,16.49130888963632,3.9844809944042936,54.1869289954775,224.0020190823073
1789523546,10,,Aggregated,31.900000,0.000000,15,17,19,20,24,26,30,33,41,52,54,25288,0,15,16.49095286469149,3.9844809944042936,54.1869289954775,224.00268902246125
1789523547,10,,Aggregated,31.400000,0.000000,15,17,19,20,24,26,30,33,41,52,54,25326,0,15,16.492525801875964,3.9844809944042936,54.1869289954775,223.9996841190871
1789523548,10,,Aggregated,31.400000,0.000000,15,17,19,20,24,26,30,33,41,52,54,25356,0,15,16.491616781287195,3.9844809944042936,54.1869289954775,224.00658621233634
1789523549,10,,Aggregated,30.900000,0.000000,15,17,19,20,24,26,30,33,41,52,54,25386,0,15,16.49093332251319,3.9844809944042936,54.1869289954775,224.01189632080676
1789523550,10,,Aggregated,31.400000,0.000000,15,17,19,20,24,26,30,33,41,52,54,25416,0,15,16.49137268544667,3.9844809944042936,54.1869289954775,224.01333805476864
1789523551,10,,Aggregated,31.600000,0.000000,15,17,19,20,24,26,30,33,41,52,54,25447,0,15,16.49136972052916,3.9844809944042936,54.1869289954775,224.01045309859708
1789523552,10,,Aggregated,31.600000,0.000000,15,17,19,20,24,26,30,33,41,52,54,25479,0,15,16.49335261754002,3.9844809944042936,54.1869289954775,224.00643667333884
1789523553,10,,Aggregated,31.200000,0.000000,15,17,19,20,24,26,30,33,41,52,54,25515,0,15,16.492955949649474,3.9844809944042936,54.1869289954775,224.00725063688026
1789523554,10,,Aggregated,30.800000,0.000000,15,17,19,20,24,26,30,33,41,52,54,25548,0,15,16.49053597026471,3.9844809944042936,54.1869289954775,224.0164005010177
1789523555,10,,Aggregated,31.000000,0.000000,15,17,19,20,24,26,30,33,41,52,54,25578,0,15,16.489505983045024,3.9844809944042936,54.1869289954775,224.02349675502384
1789523556,10,,Aggregated,31.900000,0.000000,15,17,19,20,24,26,30,33,41,52,54,25609,0,15,16.490199644083916,3.9844809944042936,54.1869289954775,224.02065680034363
1789523557,10,,Aggregated,31.900000,0.000000,15,17,19,20,24,26,30,33,41,52,54,25637,0,15,16.492646258350852,3.9844809944042936,54.1869289954775,224.01544642508873
1789523558,10,,Aggregated,32.000000,0.000000,15,17,19,20,24,26,30,33,41,52,54,25673,0,15,16.48988297305761,3.9844809944042936,54.1869289954775,224.0021812799439
1789523559,10,,Aggregated,31.500000,0.000000,15,17,19,20,24,26,30,33,41,52,54,25703,0,15,16.49153469549484,3.9844809944042936,54.1869289954775,223.99867719721433
1789523560,10,,Aggregated,31.600000,0.000000,15,17,19,20,24,26,30,33,41,52,54,25736,0,15,16.491030238937526,3.9844809944042936,54.1869289954775,224.0044295927883
1789523561,10,,Aggregated,31.700000,0.000000,15,17,19,20,24,26,30,33,41,52,54,25762,0,15,16.491751627370398,3.9844809944042936,54.1869289954775,223.9921201770049
1789523562,10,,Aggregated,31.500000,0.000000,15,17,19,20,24,26,30,33,41,52,54,25794,0,15,16.490231255924034,3.9844809944042936,54.1869289954775,223.98992013646586
1789523563,10,,Aggregated,31.900000,0.000000,15,17,19,20,24,26,30,33,41,52,54,25828,0,15,16.490851311030077,3.9844809944042936,54.1869289954775,223.98555830881213
1789523564,10,,Aggregated,31.600000,0.000000,15,17,19,20,24,26,30,33,41,52,54,25861,0,15,16.490136545078958,3.9844809944042936,54.1869289954775,223.9912609721202
1789523565,10,,Aggregated,31.500000,0.000000,15,17,19,20,24,26,30,33,41,52,54,25894,0,15,16.49045781912019,3.9844809944042936,54.1869289954775,223.9860971653665
1789523566,10,,Aggregated,31.300000,0.000000,15,17,19,20,24,26,30,33,41,52,54,25926,0,15,16.490851176668478,3.9844809944042936,54.1869289954775,223.9821029082774
1789523567,10,,Aggregated,31.700000,0.000000,15,17,19,20,24,26,30,33,41,52,54,25956,0,15,16.490307570438226,3.9844809944042936,54.1869289954775,223.98004314994606
1789523568,10,,Aggregated,31.500000,0.000000,15,17,19,20,24,26,30,33,41,52,54,25993,0,15,16.49165722191627,3.9844809944042936,54.1869289954775,223.98172584926712
1789523569,10,,Aggregated,31.900000,0.000000,15,17,19,20,24,26,30,33,41,52,54,26024,0,15,16.492914365519333,3.9844809944042936,54.1869289954775,223.9804795573317
1789523570,10,,Aggregated,31.900000,0.000000,15,17,19,20,24,26,30,33,41,52,54,26052,0,15,16.49553632685622,3.9844809944042936,54.1869289954775,223.96990634116383
1789523571,10,,Aggregated,31.900000,0.000000,15,17,19,20,24,26,30,33,41,52,54,26083,0,15,16.4956786701794,3.9844809944042936,54.1869289954775,223.97067055170035
1789523572,10,,Aggregated,31.900000,0.000000,15,17,19,20,24,26,30,33,41,52,54,26114,0,15,16.494842012531706,3.9844809944042936,54.1869289954775,223.96959485333537
1789523573,10,,Aggregated,31.800000,0.000000,15,17,19,20,24,26,30,33,41,52,54,26152,0,15,16.4952369292706,3.9844809944042936,54.1869289954775,223.96841541755887
1789523574,10,,Aggregated,31.700000,0.000000,15,17,19,20,24,26,30,33,41,52,54,26181,0,15,16.49401298759795,3.8974679991952144,54.1869289954775,223.96932890263932
1789523575,10,,Aggregated,32.100000,0.000000,15,17,19,20,24,26,30,33,41,52,54,26213,0,15,16.492878124796356,3.8974679991952144,54.1869289954775,223.96723000038148
1789523576,10,,Aggregated,31.900000,0.000000,15,17,19,20,24,26,30,33,41,52,54,26243,0,15,16.49112007725052,3.8974679991952144,54.1869289954775,223.97747970887474
1789523577,10,,Aggregated,31.700000,0.000000,15,17,19,20,24,26,30,33,41,52,54,26277,0,15,16.491052367632843,3.8974679991952144,54.1869289954775,223.97183848993416
1789523578,10,,Aggregated,31.700000,0.000000,15,17,19,20,24,26,30,33,41,52,54,26305,0,15,16.49040828786603,3.8974679991952144,54.1869289954775,223.97194449724387
1789523579,10,,Aggregated,31.900000,0.000000,15,17,19,20,24,26,30,33,41,52,54,26339,0,15,16.490104407011756,3.8974679991952144,54.1869289954775,223.96624776946732
1789523580,10,,Aggregated,31.400000,0.000000,15,17,19,20,24,26,30,33,41,52,54,26370,0,15,16.489420037629912,3.8974679991952144,54.1869289954775,223.9650739476678
1789523581,10,,Aggregated,31.100000,0.000000,15,17,19,20,24,26,30,33,41,52,54,26399,0,15,16.491909516053507,3.8974679991952144,54.1869289954775,223.96776393045192
1789523582,10,,Aggregated,31.700000,0.000000,15,17,19,20,24,26,30,33,41,52,54,26433,0,15,16.489317116040407,3.8974679991952144,54.1869289954775,223.98108425074716
1789523583,10,,Aggregated,31.700000,0.000000,15,17,19,20,24,26,30,33,41,52,54,26465,0,15,16.48833796789184,3.8974679991952144,54.1869289954775,223.97203854146986
1789523584,10,,Aggregated,32.000000,0.000000,15,17,19,20,24,26,30,33,41,52,54,26495,0,15,16.488699040206793,3.8974679991952144,54.1869289954775,223.97014531043592
1789523585,10,,Aggregated,31.600000,0.000000,15,17,19,20,24,26,30,33,41,52,54,26529,0,15,16.48733140895915,3.8974679991952144,54.1869289954775,223.9675826454069
1789523586,10,,Aggregated,31.300000,0.000000,15,17,19,20,24,26,30,33,41,52,54,26557,0,15,16.488309399679874,3.8974679991952144,54.1869289954775,223.9662612493881
1789523587,10,,Aggregated,31.600000,0.000000,15,17,19,20,24,26,30,33,41,52,54,26588,0,15,16.489193389246214,3.8974679991952144,54.1869289954775,223.96532270197082
1789523588,10,,Aggregated,31.700000,0.000000,15,17,19,20,24,26,30,33,41,52,54,26625,0,15,16.489175182546678,3.8974679991952144,54.1869289954775,223.9667605633803
1789523589,10,,Aggregated,31.400000,0.000000,15,17,19,20,24,26,30,33,41,52,54,26654,0,15,16.489176068293528,3.8974679991952144,54.1869289954775,223.96908531552486
1789523590,10,,Aggregated,31.300000,0.000000,15,17,19,20,24,26,30,33,41,52,54,26687,0,15,16.49360954139901,3.8974679991952144,54.1869289954775,223.96095477198637
1789523591,10,,Aggregated,32.100000,0.000000,15,17,19,20,24,26,30,33,41,52,54,26722,0,15,16.492751303170376,3.8974679991952144,54.1869289954775,223.95943417408876
1789523592,10,,Aggregated,31.500000,0.000000,15,17,19,20,24,26,30,33,41,52,54,26749,0,15,16.492215317668187,3.8974679991952144,54.1869289954775,223.96044711951848
1789523593,10,,Aggregated,32.100000,0.000000,15,17,19,20,24,26,30,33,41,52,54,26782,0,15,16.491314928881174,3.8974679991952144,54.1869289954775,223.96090657904563
1789523594,10,,Aggregated,31.900000,0.000000,15,17,19,20,24,26,30,33,41,52,54,26812,0,15,16.490356271194024,3.8974679991952144,54.1869289954775,223.96919289870206
1789523595,10,,Aggregated,31.500000,0.000000,15,17,19,20,24,26,30,33,41,52,54,26840,0,15,16.489066069868283,3.8974679991952144,54.1869289954775,223.97090163934425
1789523596,10,,Aggregated,31.600000,0.000000,15,17,19,20,24,26,30,33,41,52,54,26872,0,15,16.48893581219334,3.8974679991952144,54.1869289954775,223.96881512354867
1789523597,10,,Aggregated,31.400000,0.000000,15,17,19,20,24,26,30,33,41,52,54,26906,0,15,16.48688120263971,3.8974679991952144,54.1869289954775,223.97164201293393
1789523598,10,,Aggregated,31.300000,0.000000,15,17,19,20,24,26,30,33,41,52,54,26940,0,15,16.48715626081035,3.8974679991952144,54.1869289954775,223.97449888641427
1789523599,10,,Aggregated,31.400000,0.000000,15,17,19,20,24,26,30,33,41,52,54,26971,0,15,16.487384860265287,3.8974679991952144,54.1869289954775,223.9822031070409
1789523600,10,,Aggregated,31.700000,0.000000,15,17,19,20,24,26,30,33,41,52,54,27003,0,15,16.486160631494247,3.8974679991952144,54.1869289954775,223.97674332481577
1789523601,10,,Aggregated,31.300000,0.000000,15,17,19,20,24,26,30,33,41,52,54,27039,0,15,16.483572054078717,3.8974679991952144,54.1869289954775,223.97422241946816
1789523602,10,,Aggregated,31.600000,0.000000,15,17,19,20,24,26,30,33,41,52,54,27068,0,15,16.48434362606122,3.8974679991952144,54.1869289954775,223.96811733412147
1789523603,10,,Aggregated,31.500000,0.000000,15,17,19,20,24,26,30,33,41,52,54,27098,0,15,16.484275442625783,3.8974679991952144,54.1869289954775,223.97807956306738
1789523604,10,,Aggregated,31.500000,0.000000,15,17,19,20,24,26,30,33,41,52,54,27131,0,15,16.482456509759388,3.8974679991952144,54.1869289954775,223.98352438170357
1789523605,10,,Aggregated,31.700000,0.000000,15,17,19,20,24,26,30,33,41,52,54,27167,0,15,16.483769544788043,3.8974679991952144,54.1869289954775,223.98597563220082
1789523606,10,,Aggregated,31.800000,0.000000,15,17,19,20,24,26,30,33,41,52,54,27201,0,15,16.4815958536916,3.8974679991952144,54.1869289954775,223.98691224587333
1789523607,10,,Aggregated,32.200000,0.000000,15,17,19,20,24,26,30,33,41,52,54,27233,0,15,16.480741312276848,3.8974679991952144,54.1869289954775,223.98839643080086
1789523608,10,,Aggregated,32.500000,0.000000,15,17,19,20,24,26,30,33,41,52,54,27268,0,15,16.48136724637804,3.8974679991952144,54.1869289954775,223.98844799765294
1789523609,10,,Aggregated,32.900000,0.000000,15,17,19,20,24,26,30,33,41,52,54,27299,0,15,16.48148099766444,3.8974679991952144,54.1869289954775,223.98219715007875
1789523610,10,,Aggregated,32.900000,0.000000,15,17,19,20,24,26,30,33,41,52,54,27328,0,15,16.483644335233397,3.8974679991952144,54.1869289954775,223.98294789227165
1789523611,10,,Aggregated,32.700000,0.000000,15,17,19,20,24,26,30,33,41,52,54,27360,0,15,16.485116760937853,3.8974679991952144,54.1869289954775,223.9794956140351
1789523612,10,,Aggregated,32.500000,0.000000,15,17,19,20,24,26,30,33,41,52,54,27389,0,15,16.484268590392112,3.8974679991952144,54.1869289954775,223.98535908576434
1789523613,10,,Aggregated,32.400000,0.000000,15,17,19,20,24,26,30,33,41,52,54,27423,0,15,16.48372870594876,3.8974679991952144,54.1869289954775,223.98475732049738
1789523614,10,,Aggregated,32.100000,0.000000,15,17,19,20,24,26,30,33,41,52,54,27456,0,15,16.48429561116843,3.8974679991952144,54.1869289954775,223.98510343822844
1789523615,10,,Aggregated,32.400000,0.000000,15,17,19,20,24,26,30,33,41,52,54,27489,0,15,16.48265663771731,3.8974679991952144,54.1869289954775,223.9935974389756
1789523616,10,,Aggregated,32.200000,0.000000,15,17,19,20,24,26,30,33,41,52,54,27521,0,15,16.48154237176065,3.8974679991952144,54.1869289954775,223.99840122088588
1789523617,10,,Aggregated,32.000000,0.000000,15,17,19,20,24,26,30,33,41,52,54,27554,0,15,16.48433637679539,3.8974679991952144,54.1869289954775,224.00210495753794
1789523618,10,,Aggregated,32.200000,0.000000,15,17,19,20,24,26,30,33,41,52,54,27582,0,15,16.4845509079908,3.8974679991952144,54.1869289954775,224.00384308607062
1789523619,10,,Aggregated,31.700000,0.000000,15,17,19,20,24,26,30,33,41,52,54,27614,0,15,16.483067657208803,3.8974679991952144,54.1869289954775,224.00166582168464
1789523620,10,,Aggregated,31.500000,0.000000,15,17,19,20,24,26,30,33,41,52,54,27642,0,15,16.482339311416023,3.8974679991952144,54.1869289954775,224.00177266478548
1789523621,10,,Aggregated,31.500000,0.000000,15,17,19,20,24,26,30,33,41,52,54,27678,0,15,16.482402823838008,3.8974679991952144,54.1869289954775,224.00599754317508
1789523622,10,,Aggregated,31.600000,0.000000,15,17,19,20,24,26,30,33,41,52,54,27708,0,15,16.48216683409809,3.8974679991952144,54.1869289954775,224.00588277753718
1789523623,10,,Aggregated,31.300000,0.000000,15,17,19,20,24,26,30,33,41,52,54,27739,0,15,16.482759670074202,3.8974679991952144,54.1869289954775,224.00522729730704
1789523624,10,,Aggregated,31.600000,0.000000,15,17,19,20,24,26,30,33,41,52,54,27770,0,15,16.483129058847652,3.8974679991952144,54.1869289954775,224.00579762333453
1789523625,10,,Aggregated,31.400000,0.000000,15,17,19,20,24,26,30,33,41,52,54,27800,0,15,16.48197721371263,3.8974679991952144,54.1869289954775,224.0006834532374
1789523626,10,,Aggregated,31.800000,0.000000,15,17,19,20,24,26,30,33,41,52,54,27832,0,15,16.481577645630683,3.8974679991952144,54.1869289954775,224.00348519689567
1789523627,10,,Aggregated,31.200000,0.000000,15,17,19,20,24,26,30,33,41,52,54,27862,0,15,16.48074078813999,3.8974679991952144,54.1869289954775,224.0082190797502
1789523628,10,,Aggregated,31.200000,0.000000,15,17,19,20,24,26,30,33,41,52,54,27896,0,15,16.479919021979356,3.8974679991952144,54.1869289954775,224.007527960998
1789523629,10,,Aggregated,31.000000,0.000000,15,17,19,20,24,26,30,33,41,52,54,27926,0,15,16.47980632618862,3.8974679991952144,54.1869289954775,224.01199598940056
1789523630,10,,Aggregated,31.400000,0.000000,15,17,19,20,24,26,30,33,41,52,54,27957,0,15,16.47883915102363,3.8974679991952144,54.1869289954775,224.01105268805665
1789523631,10,,Aggregated,31.400000,0.000000,15,17,19,20,24,26,30,33,41,52,54,27985,0,15,16.47850917399118,3.8974679991952144,54.1869289954775,224.00943362515633
1789523632,10,,Aggregated,30.900000,0.000000,15,17,19,20,24,26,30,33,41,52,54,28018,0,15,16.47578208973188,3.8974679991952144,54.1869289954775,224.00767363837534
1789523633,10,,Aggregated,31.000000,0.000000,15,17,19,20,24,26,30,33,41,52,54,28049,0,15,16.476150083715268,3.8974679991952144,54.1869289954775,224.00320867054083
1789523634,10,,Aggregated,31.300000,0.000000,15,17,19,20,24,26,30,33,41,52,54,28077,0,15,16.475672407133825,3.8974679991952144,54.1869289954775,224.0001424653631
1789523635,10,,Aggregated,31.000000,0.000000,15,17,19,20,24,26,30,33,41,52,54,28111,0,15,16.47543321781879,3.8974679991952144,54.1869289954775,224.00106719789406
1789523636,10,,Aggregated,30.600000,0.000000,15,17,19,20,24,26,30,33,41,52,54,28144,0,15,16.47755088196809,3.8974679991952144,54.1869289954775,223.99985787379194
1789523637,10,,Aggregated,30.800000,0.000000,15,17,19,20,24,26,30,33,41,52,54,28174,0,15,16.476458744165484,3.8974679991952144,54.1869289954775,224.00603393199404
1789523638,10,,Aggregated,31.000000,0.000000,15,17,19,20,24,26,30,33,41,52,54,28208,0,15,16.475827261064683,3.8974679991952144,54.1869289954775,224.00205615428249
1789523639,10,,Aggregated,31.200000,0.000000,15,17,19,20,24,26,30,33,41,52,54,28236,0,15,16.476429324341392,3.8974679991952144,54.1869289954775,223.99709590593568
1789523640,10,,Aggregated,30.900000,0.000000,15,17,19,20,24,26,30,33,41,52,54,28268,0,15,16.47497881024817,3.8974679991952144,54.1869289954775,223.99830196688836
1789523641,10,,Aggregated,30.900000,0.000000,15,17,19,20,24,26,30,33,41,52,54,28297,0,15,16.478871182248472,3.8974679991952144,54.1869289954775,223.9942750114853
1789523642,10,,Aggregated,31.500000,0.000000,15,17,19,20,24,26,30,33,41,52,54,28328,0,15,16.478384404691173,3.8974679991952144,54.1869289954775,224.0060717311494
1789523643,10,,Aggregated,31.200000,0.000000,15,17,19,20,24,26,30,33,41,52,54,28359,0,15,16.47901687810124,3.8974679991952144,54.1869289954775,224.01618533798793
1789523644,10,,Aggregated,30.700000,0.000000,15,17,19,20,24,26,30,33,41,52,54,28392,0,15,16.47766675356025,3.8974679991952144,54.1869289954775,224.01803324880248
1789523645,10,,Aggregated,31.200000,0.000000,15,17,19,20,24,26,30,33,41,52,54,28424,0,15,16.47696493639414,3.8974679991952144,54.1869289954775,224.02248100197016
1789523646,10,,Aggregated,31.500000,0.000000,15,17,19,20,24,26,30,33,41,52,54,28455,0,15,16.47610895174987,3.8974679991952144,54.1869289954775,224.0214725004393
1789523647,10,,Aggregated,31.500000,0.000000,15,17,19,20,24,26,30,33,41,52,54,28489,0,15,16.475779205344143,3.8974679991952144,54.1869289954775,224.02246481097967
1789523648,10,,Aggregated,31.200000,0.000000,15,17,19,20,24,26,30,33,41,52,54,28520,0,15,16.4750815787888,3.8974679991952144,54.1869289954775,224.0232819074334
1789523649,10,,Aggregated,31.500000,0.000000,15,17,19,20,24,26,30,33,41,52,54,28552,0,15,16.475572468936285,3.8974679991952144,54.1869289954775,224.01810731297283
1789523650,10,,Aggregated,31.400000,0.000000,15,17,19,20,24,26,30,33,41,52,54,28583,0,15,16.476322117379265,3.8974679991952144,54.1869289954775,224.02018682433615
1789523651,10,,Aggregated,31.100000,0.000000,15,17,19,20,24,26,30,33,41,52,54,28613,0,15,16.476548600182472,3.8974679991952144,54.1869289954775,224.02631670918814
1789523652,10,,Aggregated,31.200000,0.000000,15,17,19,20,24,26,30,33,41,52,54,28645,0,15,16.476497655158653,3.8974679991952144,54.1869289954775,224.02914993890732
1789523653,10,,Aggregated,31.600000,0.000000,15,17,19,20,24,26,30,33,41,52,54,28680,0,15,16.47522545163955,3.8974679991952144,54.1869289954775,224.0399581589958
1789523654,10,,Aggregated,31.700000,0.000000,15,17,19,20,24,26,30,33,41,52,54,28711,0,15,16.473425000975613,3.8974679991952144,54.1869289954775,224.0405767824179
1789523655,10,,Aggregated,31.600000,0.000000,15,17,19,20,24,26,30,33,41,52,54,28746,0,15,16.474523736867877,3.8974679991952144,54.1869289954775,224.03739650734016
1789523656,10,,Aggregated,31.500000,0.000000,15,17,19,20,24,26,30,33,41,52,54,28777,0,15,16.476559133092262,3.8974679991952144,54.1869289954775,224.037807971644
1789523657,10,,Aggregated,31.800000,0.000000,15,17,19,20,24,26,30,33,41,52,54,28807,0,15,16.4766206409206,3.8974679991952144,54.1869289954775,224.03613705002257
1789523658,10,,Aggregated,32.200000,0.000000,15,17,19,20,24,26,30,33,41,52,54,28842,0,15,16.476211335240464,3.8974679991952144,54.1869289954775,224.0344636294293
1789523659,10,,Aggregated,31.700000,0.000000,15,17,19,20,24,26,30,33,41,52,54,28876,0,15,16.475578546889842,3.8974679991952144,54.1869289954775,224.04027566144896
1789523660,10,,Aggregated,32.000000,0.000000,15,17,19,20,24,26,30,33,41,52,54,28905,0,15,16.475871072962594,3.8974679991952144,54.1869289954775,224.03625670299257
1789523661,10,,Aggregated,32.500000,0.000000,15,17,19,20,24,26,30,33,41,52,54,28939,0,15,16.476194878882968,3.8974679991952144,54.1869289954775,224.0404989806144
1789523662,10,,Aggregated,32.400000,0.000000,15,17,19,20,24,26,30,33,41,52,54,28971,0,15,16.47776447119518,3.8974679991952144,54.1869289954775,224.03065134099617
1789523663,10,,Aggregated,32.300000,0.000000,15,17,19,20,24,26,30,33,41,52,54,29004,0,15,16.47724936846694,3.8974679991952144,54.1869289954775,224.03402978899462
1789523664,10,,Aggregated,32.300000,0.000000,15,17,19,20,24,26,30,33,41,52,54,29035,0,15,16.478778365696442,3.8974679991952144,54.1869289954775,224.0345789564319
1789523665,10,,Aggregated,32.700000,0.000000,15,17,19,20,24,26,30,33,41,52,54,29065,0,15,16.479592901771667,3.8974679991952144,54.1869289954775,224.03598830208153
1789523666,10,,Aggregated,32.600000,0.000000,15,17,19,20,24,26,30,33,41,52,54,29097,0,15,16.479720432793755,3.8974679991952144,54.1869289954775,224.02629137024437
1789523667,10,,Aggregated,32.200000,0.000000,15,17,19,20,24,26,30,33,41,52,54,29130,0,15,16.480383679059315,3.8974679991952144,54.1869289954775,224.02341228973566
1789523668,10,,Aggregated,31.800000,0.000000,15,17,19,20,24,26,30,33,41,52,54,29163,0,15,16.482515826320018,3.8974679991952144,54.1869289954775,224.0143675204883
1789523669,10,,Aggregated,31.700000,0.000000,15,17,19,20,24,26,30,33,41,52,54,29196,0,15,16.482647502225547,3.8974679991952144,54.1869289954775,224.0100013700507
1789523670,10,,Aggregated,31.900000,0.000000,15,17,19,20,24,26,30,33,41,52,54,29226,0,15,16.480416607060988,3.8974679991952144,54.1869289954775,224.00999110381167
1789523671,10,,Aggregated,31.900000,0.000000,15,17,19,20,24,26,30,33,41,52,54,29255,0,15,16.478743851886897,3.8974679991952144,54.1869289954775,224.00755426422833
1789523672,10,,Aggregated,31.800000,0.000000,15,17,19,20,24,26,30,33,41,52,54,29288,0,15,16.479288171980244,3.8974679991952144,54.1869289954775,224.00320950559956
1789523673,10,,Aggregated,31.800000,0.000000,15,17,19,20,24,26,30,33,41,52,54,29322,0,15,16.477160006786256,3.8974679991952144,54.1869289954775,224.00572948639248
1789523674,10,,Aggregated,31.600000,0.000000,15,17,19,20,24,26,30,33,41,52,54,29354,0,15,16.477585020984503,3.8974679991952144,54.1869289954775,224.00844859303672
1789523675,10,,Aggregated,31.700000,0.000000,15,17,19,20,24,26,30,33,41,52,54,29387,0,15,16.47850014404269,3.8974679991952144,54.1869289954775,224.00857522033553
1789523676,10,,Aggregated,31.600000,0.000000,15,17,19,20,24,26,30,33,41,52,54,29415,0,15,16.47744470824335,3.8974679991952144,54.1869289954775,224.00560938296786
1789523677,10,,Aggregated,31.900000,0.000000,15,17,19,20,24,26,30,33,41,52,54,29448,0,15,16.477203571209394,3.8974679991952144,54.1869289954775,224.00723308883457
1789523678,10,,Aggregated,31.700000,0.000000,15,17,19,20,24,26,30,33,41,52,54,29480,0,15,16.478498308377958,3.8974679991952144,54.1869289954775,224.00376526458615
1789523679,10,,Aggregated,32.200000,0.000000,15,17,19,20,24,26,30,33,41,52,54,29514,0,15,16.477096970488237,3.8974679991952144,54.1869289954775,224.00172799349463
1789523680,10,,Aggregated,31.800000,0.000000,15,17,19,20,24,26,30,33,41,52,54,29548,0,15,16.478025198118516,3.8974679991952144,54.1869289954775,223.99495735751998
1789523681,10,,Aggregated,31.800000,0.000000,15,17,19,20,24,26,30,33,41,52,54,29580,0,15,16.47957602153524,3.8974679991952144,54.1869289954775,223.9899256254226
1789523682,10,,Aggregated,32.000000,0.000000,15,17,19,20,24,26,30,33,41,52,54,29611,0,15,16.48071948353658,3.8974679991952144,54.1869289954775,223.98264158589714
1789523683,10,,Aggregated,32.200000,0.000000,15,17,19,20,24,26,30,33,41,52,54,29643,0,15,16.48008916381602,3.8974679991952144,54.1869289954775,223.9870458455622
1789523684,10,,Aggregated,32.600000,0.000000,15,17,19,20,24,26,30,33,41,52,54,29675,0,15,16.47967180434673,3.8974679991952144,54.1869289954775,223.98679022746418
1789523685,10,,Aggregated,32.200000,0.000000,15,17,19,20,24,26,30,33,41,52,54,29705,0,15,16.479568032283755,3.8974679991952144,54.1869289954775,223.9867362396903
1789523686,10,,Aggregated,32.300000,0.000000,15,17,19,20,24,26,30,33,41,52,54,29737,0,15,16.479641047212592,3.8974679991952144,54.1869289954775,223.98473282442748
1789523687,10,,Aggregated,32.100000,0.000000,15,17,19,20,24,26,30,33,41,52,54,29768,0,15,16.478950281912855,3.8974679991952144,54.1869289954775,223.9898212846009
1789523688,10,,Aggregated,32.200000,0.000000,15,17,19,20,24,26,30,33,41,52,54,29796,0,15,16.479630809067665,3.8974679991952144,54.1869289954775,223.98842126459928
1789523689,10,,Aggregated,32.100000,0.000000,15,17,19,20,24,26,30,33,41,52,54,29824,0,15,16.478940577117793,3.8974679991952144,54.1869289954775,223.9916510193133
1789523690,10,,Aggregated,31.700000,0.000000,15,17,19,20,24,26,30,33,41,52,54,29855,0,15,16.4791075119385,3.8974679991952144,54.1869289954775,223.99350192597555
1789523691,10,,Aggregated,31.200000,0.000000,15,17,19,20,24,26,30,33,41,52,54,29891,0,15,16.47851711233846,3.8974679991952144,54.1869289954775,223.98805660566725
1789523692,10,,Aggregated,31.300000,0.000000,15,17,19,20,24,26,30,33,41,52,54,29923,0,15,16.481263051530508,3.8974679991952144,54.1869289954775,223.97710791030312
1789523693,10,,Aggregated,30.900000,0.000000,15,17,19,20,24,26,30,33,41,52,54,29953,0,15,16.482233936866077,3.8974679991952144,54.1869289954775,223.97385904583848
1789523694,10,,Aggregated,31.000000,0.000000,15,17,19,20,24,26,30,33,41,52,54,29981,0,15,16.483170821452564,3.8974679991952144,54.1869289954775,223.97368333277743
1789523695,10,,Aggregated,31.100000,0.000000,15,17,19,20,24,26,30,33,41,51,54,30013,0,15,16.4825752632515,3.8974679991952144,54.1869289954775,223.97487755306034
1789523696,10,,Aggregated,31.000000,0.000000,15,17,19,20,24,26,30,33,41,51,54,30043,0,15,16.484153296674393,3.8974679991952144,54.1869289954775,223.9778983457045
1789523697,10,,Aggregated,30.700000,0.000000,15,17,19,20,24,26,30,33,41,51,54,30072,0,15,16.4848843434751,3.8974679991952144,54.1869289954775,223.97722133546156
1789523698,10,,Aggregated,30.600000,0.000000,15,17,19,20,24,26,30,33,41,51,54,30103,0,15,16.48469027701425,3.8974679991952144,54.1869289954775,223.9778095206458
1789523699,10,,Aggregated,30.400000,0.000000,15,17,19,20,24,26,30,33,41,51,54,30131,0,15,16.484791908763416,3.8974679991952144,54.1869289954775,223.976270286416
1789523700,10,,Aggregated,30.700000,0.000000,15,17,19,20,24,26,30,33,41,51,54,30165,0,15,16.48725067458653,3.8974679991952144,54.1869289954775,223.97424167081053
1789523701,10,,Aggregated,30.700000,0.000000,15,17,19,20,24,26,30,33,41,51,54,30194,0,15,16.48622786149257,3.8974679991952144,54.1869289954775,223.97191494999007
1789523702,10,,Aggregated,30.400000,0.000000,15,17,19,20,24,26,30,33,41,51,54,30228,0,15,16.487684849805177,3.8974679991952144,54.1869289954775,223.9729720788673
1789523703,10,,Aggregated,30.700000,0.000000,15,17,19,20,24,26,30,33,41,51,54,30259,0,15,16.48582026847841,3.7955410007270984,54.1869289954775,223.97359463300174
1789523704,10,,Aggregated,30.600000,0.000000,15,17,19,20,24,26,30,33,41,51,54,30293,0,15,16.487692876668934,3.7955410007270984,54.1869289954775,223.97454857557852
1789523705,10,,Aggregated,30.100000,0.000000,15,17,19,20,24,26,30,33,41,51,54,30319,0,15,16.486718685211912,3.7955410007270984,54.1869289954775,223.97028266103763
1789523706,10,,Aggregated,30.600000,0.000000,15,17,19,20,24,26,30,33,41,51,54,30354,0,15,16.486829621498934,3.7955410007270984,54.1869289954775,223.96899914344073
1789523707,10,,Aggregated,30.800000,0.000000,15,17,19,20,24,26,30,33,41,51,54,30386,0,15,16.485599242512066,3.7955410007270984,54.1869289954775,223.95994866056736
1789523708,10,,Aggregated,30.700000,0.000000,15,17,19,20,24,26,30,33,41,51,54,30415,0,15,16.485326117902154,3.7955410007270984,54.1869289954775,223.95308236067729
1789523709,10,,Aggregated,30.900000,0.000000,15,17,19,20,24,26,30,33,42,51,54,30446,0,15,16.487285758719516,3.7955410007270984,54.1869289954775,223.94767785587598
1789523710,10,,Aggregated,31.100000,0.000000,15,17,19,20,24,26,30,33,42,51,54,30479,0,15,16.487511062304215,3.7955410007270984,54.1869289954775,223.95557597034022
1789523711,10,,Aggregated,31.300000,0.000000,15,17,19,20,24,26,30,33,42,51,54,30513,0,15,16.487202150721274,3.7955410007270984,54.1869289954775,223.95805066692884
1789523712,10,,Aggregated,31.600000,0.000000,15,17,19,20,24,26,30,33,42,51,54,30545,0,15,16.488697810507734,3.7955410007270984,54.1869289954775,223.95331478146997
1789523713,10,,Aggregated,31.600000,0.000000,15,17,19,20,24,26,30,33,42,51,54,30574,0,15,16.492054803884056,3.7955410007270984,54.1869289954775,223.95401321384182
1789523714,10,,Aggregated,31.500000,0.000000,15,17,19,20,24,26,30,33,42,51,54,30603,0,15,16.49134253569741,3.7955410007270984,54.1869289954775,223.9533705845832
1789523715,10,,Aggregated,31.500000,0.000000,15,17,19,20,24,26,30,33,42,51,54,30645,0,15,16.49239868862546,3.7955410007270984,54.1869289954775,223.95500081579377
1789523716,10,,Aggregated,31.400000,0.000000,15,17,19,20,24,26,30,33,42,51,54,30677,0,15,16.49312410603764,3.7955410007270984,54.1869289954775,223.95472177853114
1789523717,10,,Aggregated,31.700000,0.000000,15,17,19,20,24,26,30,33,42,51,54,30709,0,15,16.493108111755625,3.7955410007270984,54.1869289954775,223.9515451496304
1789523718,10,,Aggregated,32.300000,0.000000,15,17,19,20,24,26,30,33,42,51,54,30745,0,15,16.493826351533965,3.7955410007270984,54.1869289954775,223.94766628720117
1789523719,10,,Aggregated,32.600000,0.000000,15,17,19,20,24,26,30,33,42,51,54,30779,0,15,16.493390515932973,3.7955410007270984,54.1869289954775,223.94411774261673
1789523720,10,,Aggregated,32.500000,0.000000,15,17,19,20,24,26,30,33,42,51,54,30810,0,15,16.494841619114553,3.7955410007270984,54.1869289954775,223.94618630314832
1789523721,10,,Aggregated,33.000000,0.000000,15,17,19,20,24,26,30,33,42,51,54,30839,0,15,16.49333451269236,3.7955410007270984,54.1869289954775,223.95281948182497
1789523722,10,,Aggregated,33.100000,0.000000,15,17,19,20,24,26,30,33,42,51,54,30868,0,15,16.49338804593591,3.7955410007270984,54.1869289954775,223.95360891538164
1789523723,10,,Aggregated,32.600000,0.000000,15,17,19,20,24,26,30,33,42,51,54,30897,0,15,16.49366769964542,3.7955410007270984,54.1869289954775,223.9543645014079
1789523724,10,,Aggregated,32.500000,0.000000,15,17,19,20,24,26,30,33,42,51,54,30930,0,15,16.494100333169794,3.7955410007270984,54.1869289954775,223.95463950856774
1789523725,10,,Aggregated,32.400000,0.000000,15,17,19,20,24,26,30,33,42,51,54,30966,0,15,16.49615472886179,3.7955410007270984,54.1869289954775,223.95414325389137
1789523726,10,,Aggregated,31.900000,0.000000,15,17,19,20,24,26,30,33,42,51,54,30998,0,15,16.493988532032414,3.7955410007270984,54.1869289954775,223.9567068843151
1789523727,10,,Aggregated,32.400000,0.000000,15,17,19,20,24,26,30,33,42,51,54,31030,0,15,16.49431855571805,3.7955410007270984,54.1869289954775,223.95939413470833
1789523728,10,,Aggregated,32.100000,0.000000,15,17,19,20,24,26,30,33,42,51,54,31059,0,15,16.49496593161245,3.7955410007270984,54.1869289954775,223.95688850252745
1789523729,10,,Aggregated,31.900000,0.000000,15,17,19,20,24,26,30,33,42,51,54,31091,0,15,16.49565545569238,3.7955410007270984,54.1869289954775,223.95371650960084
1789523730,10,,Aggregated,32.000000,0.000000,15,17,19,20,24,26,30,33,42,51,54,31120,0,15,16.49520646786439,3.7955410007270984,54.1869289954775,223.94987146529564
1789523731,10,,Aggregated,31.300000,0.000000,15,17,19,20,24,26,30,33,42,51,54,31155,0,15,16.495056995086895,3.7955410007270984,54.1869289954775,223.9545177339111
1789523732,10,,Aggregated,30.900000,0.000000,15,17,19,20,24,26,30,33,42,51,54,31185,0,15,16.497401202530465,3.7955410007270984,54.1869289954775,223.9544332210999
1789523733,10,,Aggregated,31.300000,0.000000,15,17,19,20,24,26,30,33,42,51,54,31213,0,15,16.50110813705552,3.7955410007270984,54.1869289954775,223.9515266075033
1789523734,10,,Aggregated,31.500000,0.000000,15,17,19,20,24,26,30,33,42,51,54,31247,0,15,16.503472679039458,3.7955410007270984,54.1869289954775,223.95234742535283
1789523735,10,,Aggregated,31.900000,0.000000,15,17,19,20,24,26,30,33,42,51,54,31278,0,15,16.503833873391997,3.7955410007270984,54.1869289954775,223.95290619604833
1789523736,10,,Aggregated,31.700000,0.000000,15,17,19,20,24,26,30,33,42,51,54,31315,0,15,16.502989349447517,3.7955410007270984,54.1869289954775,223.94414817180265
1789523737,10,,Aggregated,31.100000,0.000000,15,17,19,20,24,26,30,33,42,51,54,31346,0,15,16.50248953652639,3.7955410007270984,54.1869289954775,223.9477445288075
1789523738,10,,Aggregated,31.200000,0.000000,15,17,19,20,24,26,30,33,42,51,54,31377,0,15,16.500176059373327,3.7955410007270984,54.1869289954775,223.94537400006374
1789523739,10,,Aggregated,31.500000,0.000000,15,17,19,20,24,26,30,33,42,51,54,31407,0,15,16.500789006239657,3.7955410007270984,54.1869289954775,223.952590186901
1789523740,10,,Aggregated,31.400000,0.000000,15,17,19,20,24,26,30,33,42,51,54,31442,0,15,16.50005789796983,3.7955410007270984,54.1869289954775,223.9557598117168
1789523741,10,,Aggregated,31.900000,0.000000,15,17,19,20,24,26,30,33,42,51,54,31476,0,15,16.50211291062946,3.7955410007270984,54.1869289954775,223.94668954123776
1789523742,10,,Aggregated,31.500000,0.000000,15,17,19,20,24,26,30,33,42,51,54,31505,0,15,16.502504335438115,3.7955410007270984,54.1869289954775,223.94445326138708
1789523743,10,,Aggregated,32.000000,0.000000,15,17,19,20,24,26,30,33,42,51,54,31536,0,15,16.501666859366985,3.7955410007270984,54.1869289954775,223.9449518011162
1789523744,10,,Aggregated,31.900000,0.000000,15,17,19,20,24,26,30,33,42,51,54,31563,0,15,16.501499212147287,3.7955410007270984,54.1869289954775,223.95025821373127
1789523745,10,,Aggregated,32.000000,0.000000,15,17,19,20,24,26,30,33,42,51,54,31592,0,15,16.502510015447385,3.7955410007270984,54.1869289954775,223.9480564699924
1789523746,10,,Aggregated,32.400000,0.000000,15,17,19,20,24,26,30,33,42,51,54,31621,0,15,16.501482559565158,3.7955410007270984,54.1869289954775,223.94750324151673
1789523747,10,,Aggregated,32.000000,0.000000,15,17,19,20,24,26,30,33,42,51,54,31653,0,15,16.499863133004897,3.7955410007270984,54.1869289954775,223.94859886898556
1789523748,10,,Aggregated,31.500000,0.000000,15,17,19,20,24,26,30,33,42,51,54,31690,0,15,16.500917480782583,3.7955410007270984,54.1869289954775,223.94865888292836
1789523749,10,,Aggregated,30.700000,0.000000,15,17,19,20,24,26,30,33,42,51,54,31724,0,15,16.500761965956208,3.7955410007270984,54.1869289954775,223.94675955112848
1789523750,10,,Aggregated,31.000000,0.000000,15,17,19,20,24,26,30,33,42,51,54,31756,0,15,16.50114722776755,3.7955410007270984,54.1869289954775,223.9448923038166
1789523751,10,,Aggregated,31.000000,0.000000,15,17,19,20,24,26,30,33,42,51,54,31788,0,15,16.50078056810693,3.7955410007270984,54.1869289954775,223.94460173650435
1789523752,10,,Aggregated,31.600000,0.000000,15,17,19,20,24,26,30,33,42,51,54,31822,0,15,16.500139077556515,3.7955410007270984,54.1869289954775,223.9456036704167
1789523753,10,,Aggregated,31.500000,0.000000,15,17,19,20,24,26,30,33,42,51,54,31855,0,15,16.498929511222162,3.7955410007270984,54.1869289954775,223.94314864228537
1789523754,10,,Aggregated,31.600000,0.000000,15,17,19,20,24,26,30,33,42,51,54,31889,0,15,16.499734093512416,3.7955410007270984,54.1869289954775,223.93975979177773
1789523755,10,,Aggregated,31.600000,0.000000,15,17,19,20,24,26,30,33,42,51,54,31921,0,15,16.499094488707513,3.7955410007270984,54.1869289954775,223.93790921337052
1789523756,10,,Aggregated,31.800000,0.000000,15,17,19,20,24,26,30,33,42,51,54,31954,0,15,16.500707601772415,3.7955410007270984,54.1869289954775,223.93265318895914
1789523757,10,,Aggregated,32.400000,0.000000,15,17,19,20,24,26,30,33,42,51,54,31982,0,15,16.5014515991511,3.7955410007270984,54.1869289954775,223.931492714652
1789523758,10,,Aggregated,32.900000,0.000000,15,17,19,20,24,26,30,33,41,51,54,32014,0,15,16.501646208471957,3.7955410007270984,54.1869289954775,223.92846879490224
1789523759,10,,Aggregated,33.100000,0.000000,15,17,19,20,24,26,30,33,41,51,54,32047,0,15,16.501418771585776,3.7955410007270984,54.1869289954775,223.92017973601273
1789523760,10,,Aggregated,32.500000,0.000000,15,17,19,20,24,26,30,33,42,51,54,32078,0,15,16.502689175290808,3.7955410007270984,54.1869289954775,223.91788764885592
1789523761,10,,Aggregated,32.600000,0.000000,15,17,19,20,24,26,30,33,42,51,54,32110,0,15,16.50210694397269,3.7955410007270984,54.1869289954775,223.91765805045156
1789523762,10,,Aggregated,32.500000,0.000000,15,17,19,20,24,26,30,33,42,51,54,32143,0,15,16.50001533584254,3.7955410007270984,54.1869289954775,223.92085368509473
1789523763,10,,Aggregated,32.100000,0.000000,15,17,19,20,24,26,30,33,42,51,54,32174,0,15,16.49945731572028,3.7955410007270984,54.1869289954775,223.91996643252315
1789523764,10,,Aggregated,32.100000,0.000000,15,17,19,20,24,26,30,33,42,51,54,32208,0,15,16.5000617522354,3.7955410007270984,54.1869289954775,223.91691505216096
1789523765,10,,Aggregated,31.700000,0.000000,15,17,19,20,24,26,30,33,42,51,54,32238,0,15,16.499629308672535,3.7955410007270984,54.1869289954775,223.9182331410137
1789523766,10,,Aggregated,31.900000,0.000000,15,17,19,20,24,26,30,33,42,51,54,32269,0,15,16.50002297635436,3.7955410007270984,54.1869289954775,223.91580154327684
1789523767,10,,Aggregated,31.800000,0.000000,15,17,19,20,24,26,30,33,42,51,54,32300,0,15,16.497443744550523,3.7955410007270984,54.1869289954775,223.91640866873064
1789523768,10,,Aggregated,31.500000,0.000000,15,17,19,20,24,26,30,33,42,51,54,32332,0,15,16.497350920511323,3.7955410007270984,54.1869289954775,223.91902758876654
1789523769,10,,Aggregated,31.500000,0.000000,15,17,19,20,24,26,30,33,42,51,54,32367,0,15,16.4982019029861,3.7955410007270984,54.1869289954775,223.92044366175426
1789523770,10,,Aggregated,31.500000,0.000000,15,17,19,20,24,26,30,33,42,51,54,32397,0,15,16.4992426624984,3.7955410007270984,54.1869289954775,223.9216902799642
1789523771,10,,Aggregated,31.400000,0.000000,15,17,19,20,24,26,30,33,42,51,54,32432,0,15,16.498279480604026,3.7955410007270984,54.1869289954775,223.92051060680808
1789523772,10,,Aggregated,31.700000,0.000000,15,17,19,20,24,26,30,33,42,51,54,32460,0,15,16.49886823625976,3.7955410007270984,54.1869289954775,223.92350585335797
1789523773,10,,Aggregated,31.600000,0.000000,15,17,19,20,24,26,30,33,42,51,54,32495,0,15,16.498127700231745,3.7955410007270984,54.1869289954775,223.92777350361595
1789523774,10,,Aggregated,31.700000,0.000000,15,17,19,20,24,26,30,33,42,51,54,32523,0,15,16.498107029365855,3.7955410007270984,54.1869289954775,223.92949604894997
1789523775,10,,Aggregated,31.900000,0.000000,15,17,19,20,24,26,30,33,42,51,54,32557,0,15,16.496467642198805,3.7955410007270984,54.1869289954775,223.93592775747152
1789523776,10,,Aggregated,31.900000,0.000000,15,17,19,20,24,26,30,33,42,51,54,32587,0,15,16.49837261058295,3.7955410007270984,54.1869289954775,223.9274864209654
1789523777,10,,Aggregated,31.800000,0.000000,15,17,19,20,24,26,30,33,42,51,54,32619,0,15,16.498474358167815,3.7955410007270984,54.1869289954775,223.92856923878722
1789523778,10,,Aggregated,31.800000,0.000000,15,17,19,20,24,26,30,33,42,51,54,32649,0,15,16.499190390212927,3.7955410007270984,54.1869289954775,223.92443872706667
1789523779,10,,Aggregated,31.800000,0.000000,15,17,19,20,24,26,30,33,42,51,54,32676,0,15,16.49896622689705,3.7955410007270984,54.1869289954775,223.92682702901212
1789523780,10,,Aggregated,32.400000,0.000000,15,17,19,20,24,26,30,33,42,51,54,32707,0,15,16.49922536860951,3.7955410007270984,54.1869289954775,223.92325801816125
1789523781,10,,Aggregated,31.800000,0.000000,15,17,19,20,24,26,30,33,42,51,54,32744,0,15,16.499635571649694,3.7955410007270984,54.1869289954775,223.92175665770827
1789523782,10,,Aggregated,31.000000,0.000000,15,17,19,20,24,26,30,33,42,51,54,32775,0,15,16.49996243731795,3.7955410007270984,54.1869289954775,223.9224103737605
1789523783,10,,Aggregated,31.400000,0.000000,15,17,19,20,24,26,30,33,42,51,54,32807,0,15,16.498821816566622,3.7955410007270984,54.1869289954775,223.92065717682203
1789523784,10,,Aggregated,31.400000,0.000000,15,17,19,20,24,26,30,33,42,51,54,32840,0,15,16.498204336848495,3.7955410007270984,54.1869289954775,223.91970158343483
1789523785,10,,Aggregated,31.700000,0.000000,15,17,19,20,24,26,30,33,42,51,54,32876,0,15,16.498105006391167,3.7955410007270984,54.1869289954775,223.9134931256844
1789523786,10,,Aggregated,31.200000,0.000000,15,17,19,20,24,26,30,33,42,51,54,32906,0,15,16.49754125521538,3.7955410007270984,54.1869289954775,223.91472679754452
1789523787,10,,Aggregated,31.400000,0.000000,15,17,19,20,24,26,30,33,42,51,54,32939,0,15,16.497324742770388,3.7955410007270984,54.1869289954775,223.9150247427062
1789523788,10,,Aggregated,31.800000,0.000000,15,17,19,20,24,26,30,33,42,51,54,32972,0,15,16.496928806960344,3.7955410007270984,54.1869289954775,223.90837680456144
1789523789,10,,Aggregated,32.100000,0.000000,15,17,19,20,24,26,30,33,42,51,54,33008,0,15,16.497017565653696,3.7955410007270984,54.1869289954775,223.90511391177895
1789523790,10,,Aggregated,31.900000,0.000000,15,17,19,20,24,26,30,33,42,51,54,33040,0,15,16.49496261686143,3.7955410007270984,54.1869289954775,223.90632566585955
1789523791,10,,Aggregated,32.200000,0.000000,15,17,19,20,24,26,30,33,42,51,54,33071,0,15,16.495354775879456,3.7955410007270984,54.1869289954775,223.90704847147046
1789523792,10,,Aggregated,33.100000,0.000000,15,17,19,20,24,26,30,33,42,51,54,33106,0,15,16.496105177130875,3.7955410007270984,54.1869289954775,223.9100767232526
1789523793,10,,Aggregated,32.600000,0.000000,15,17,19,20,24,26,30,33,42,51,54,33138,0,15,16.49502573001129,3.7955410007270984,54.1869289954775,223.9030116482588
1789523794,10,,Aggregated,32.800000,0.000000,15,17,19,20,24,26,30,33,42,51,54,33173,0,15,16.494555423992864,3.7955410007270984,54.1869289954775,223.89621077382208
1789523795,10,,Aggregated,33.000000,0.000000,15,17,19,20,24,26,30,33,42,51,54,33201,0,15,16.49294716807171,3.7955410007270984,54.1869289954775,223.89223216168187
1789523796,10,,Aggregated,33.100000,0.000000,15,17,19,20,24,26,30,33,42,51,54,33232,0,15,16.493222030457556,3.7955410007270984,54.1869289954775,223.89534183919113
1789523797,10,,Aggregated,33.000000,0.000000,15,17,19,20,24,26,30,33,42,51,54,33264,0,15,16.493753269365314,3.7955410007270984,54.1869289954775,223.89496151996153
1789523798,10,,Aggregated,32.700000,0.000000,15,17,19,20,24,26,30,33,42,51,54,33296,0,15,16.494845540130225,3.7955410007270984,54.1869289954775,223.89341061989427
1789523799,10,,Aggregated,32.100000,0.000000,15,17,19,20,24,26,30,33,42,51,54,33328,0,15,16.495499218440784,3.7955410007270984,54.1869289954775,223.8959133461354
1789523800,10,,Aggregated,32.200000,0.000000,15,17,19,20,24,26,30,33,42,56,60,33358,0,15,16.500419914838954,3.7955410007270984,60.46015799802262,223.89720606751004
1789523801,10,,Aggregated,32.300000,0.000000,15,17,19,20,24,26,30,33,42,56,60,33389,0,15,16.50051279976021,3.7955410007270984,60.46015799802262,223.89921830542994
1789523802,10,,Aggregated,31.900000,0.000000,15,17,19,20,24,26,30,33,42,56,60,33419,0,15,16.499868588113888,3.7955410007270984,60.46015799802262,223.9019420090368
1789523803,10,,Aggregated,32.000000,0.000000,15,17,19,20,24,26,30,33,42,56,60,33454,0,15,16.499239492951013,3.7955410007270984,60.46015799802262,223.90894960243918
1789523804,10,,Aggregated,31.400000,0.000000,15,17,19,20,24,26,30,33,42,56,60,33485,0,15,16.498968190658363,3.7955410007270984,60.46015799802262,223.90948185754814
1789523805,10,,Aggregated,31.200000,0.000000,15,17,19,20,24,26,30,33,42,56,60,33518,0,15,16.498932649240608,3.7955410007270984,60.46015799802262,223.91082403484694
1789523806,10,,Aggregated,31.400000,0.000000,15,17,19,20,24,26,30,33,42,56,60,33552,0,15,16.497563906392433,3.7955410007270984,60.46015799802262,223.9144909394373
1789523807,10,,Aggregated,31.300000,0.000000,15,17,19,20,24,26,30,33,42,56,60,33582,0,15,16.498054568259676,3.7955410007270984,60.46015799802262,223.91456732773509
1789523808,10,,Aggregated,31.800000,0.000000,15,17,19,20,24,26,30,33,42,56,60,33617,0,15,16.49648120014531,3.7955410007270984,60.46015799802262,223.91355564149092
1789523809,10,,Aggregated,31.900000,0.000000,15,17,19,20,24,26,30,33,42,56,60,33647,0,15,16.495873380845328,3.7955410007270984,60.46015799802262,223.9135138348144
1789523810,10,,Aggregated,31.700000,0.000000,15,17,19,20,24,26,30,33,42,56,60,33678,0,15,16.495886780102843,3.7955410007270984,60.46015799802262,223.91650335530613
1789523811,10,,Aggregated,32.000000,0.000000,15,17,19,20,24,26,30,33,42,56,60,33708,0,15,16.497449768194407,3.7955410007270984,60.46015799802262,223.9189213243147
1789523812,10,,Aggregated,31.900000,0.000000,15,17,19,20,24,26,30,33,42,56,60,33743,0,15,16.496080730649705,3.7955410007270984,60.46015799802262,223.91921287378122
1789523813,10,,Aggregated,31.900000,0.000000,15,17,19,20,24,26,30,33,42,56,60,33771,0,15,16.49833369892324,3.7955410007270984,60.46015799802262,223.91537117645316
1789523814,10,,Aggregated,32.200000,0.000000,15,17,19,20,24,26,30,33,42,56,60,33802,0,15,16.4979159157833,3.7955410007270984,60.46015799802262,223.91601088692977
1789523815,10,,Aggregated,32.000000,0.000000,15,17,19,20,24,26,30,33,42,56,60,33835,0,15,16.497202835859717,3.7955410007270984,60.46015799802262,223.9148219299542
1789523816,10,,Aggregated,31.900000,0.000000,15,17,19,20,24,26,30,33,42,56,60,33868,0,15,16.495887304662382,3.7955410007270984,60.46015799802262,223.9179756702492
1789523817,10,,Aggregated,31.600000,0.000000,15,17,19,20,24,26,30,33,42,56,60,33900,0,15,16.495128208356586,3.7955410007270984,60.46015799802262,223.92014749262538
1789523818,10,,Aggregated,31.300000,0.000000,15,17,19,20,24,26,30,33,42,56,60,33930,0,15,16.495875356241072,3.7955410007270984,60.46015799802262,223.92552313586796
1789523819,10,,Aggregated,31.800000,0.000000,15,17,19,20,24,26,30,33,42,56,60,33964,0,15,16.496150626435522,3.7955410007270984,60.46015799802262,223.92509716170062
1789523820,10,,Aggregated,31.800000,0.000000,15,17,19,20,24,26,30,33,42,56,60,33995,0,15,16.496521412097806,3.7955410007270984,60.46015799802262,223.92557729077805
1789523821,10,,Aggregated,31.400000,0.000000,15,17,19,20,24,26,30,33,42,56,60,34027,0,15,16.495435024370778,3.7955410007270984,60.46015799802262,223.92129779292915
1789523822,10,,Aggregated,31.600000,0.000000,15,17,19,20,24,26,30,33,42,56,60,34058,0,15,16.496750219574228,3.7955410007270984,60.46015799802262,223.92040049327616
1789523823,10,,Aggregated,31.700000,0.000000,15,17,19,20,24,26,30,33,42,56,60,34091,0,15,16.502682903882857,3.7955410007270984,60.46015799802262,223.92065354492388
1789523824,10,,Aggregated,31.700000,0.000000,15,17,19,20,24,26,30,33,42,56,60,34123,0,15,16.503563393087113,3.7955410007270984,60.46015799802262,223.92037628578964
1789523825,10,,Aggregated,31.700000,0.000000,15,17,19,20,24,26,30,33,42,56,60,34158,0,15,16.504946921373797,3.7955410007270984,60.46015799802262,223.92183383102056
1789523826,10,,Aggregated,31.700000,0.000000,15,17,19,20,24,26,30,33,42,56,60,34193,0,15,16.504508956549426,3.7955410007270984,60.46015799802262,223.91936946158572
1789523827,10,,Aggregated,32.200000,0.000000,15,17,19,20,24,26,30,33,42,56,60,34225,0,15,16.505527529942572,3.7955410007270984,60.46015799802262,223.91380569758948
1789523828,10,,Aggregated,32.300000,0.000000,15,17,19,20,24,26,30,33,42,56,60,34254,0,15,16.507059482813062,3.7955410007270984,60.46015799802262,223.9118935014889
1789523829,10,,Aggregated,32.300000,0.000000,15,17,19,20,24,26,30,33,42,56,60,34283,0,15,16.506637913580946,3.7955410007270984,60.46015799802262,223.91126797538138
1789523830,10,,Aggregated,32.500000,0.000000,15,17,19,20,24,26,30,33,42,56,60,34314,0,15,16.506684804810654,3.7955410007270984,60.46015799802262,223.9091624409862
1789523831,10,,Aggregated,32.300000,0.000000,15,17,19,20,24,26,30,33,42,56,60,34347,0,15,16.506463530913308,3.7955410007270984,60.46015799802262,223.91472326549626
1789523832,10,,Aggregated,32.100000,0.000000,15,17,19,20,24,26,30,33,42,56,60,34380,0,15,16.507428908443533,3.7955410007270984,60.46015799802262,223.90852239674228
1789523833,10,,Aggregated,31.900000,0.000000,15,17,19,20,24,26,30,33,42,56,60,34411,0,15,16.506258640617474,3.7955410007270984,60.46015799802262,223.9090697742001
1789523834,10,,Aggregated,31.900000,0.000000,15,17,19,20,24,26,30,33,42,56,60,34444,0,15,16.5054525714284,3.7955410007270984,60.46015799802262,223.9187376611311
1789523835,10,,Aggregated,32.000000,0.000000,15,17,19,20,24,26,30,33,42,56,60,34479,0,15,16.50761029160583,3.7955410007270984,60.46015799802262,223.9163548826822
1789523836,10,,Aggregated,31.900000,0.000000,15,17,19,20,24,26,30,33,42,56,60,34511,0,15,16.507205652959822,3.7955410007270984,60.46015799802262,223.91869259076816
1789523837,10,,Aggregated,32.100000,0.000000,15,17,19,20,24,26,30,33,42,56,60,34543,0,15,16.50564548728582,3.7955410007270984,60.46015799802262,223.91978114234433
1789523838,10,,Aggregated,32.100000,0.000000,15,17,19,20,24,26,30,33,42,56,60,34576,0,15,16.505778266609838,3.7955410007270984,60.46015799802262,223.91861406756132
1789523839,10,,Aggregated,32.000000,0.000000,15,17,19,20,24,26,30,33,43,56,60,34609,0,15,16.505808403112944,3.7955410007270984,60.46015799802262,223.92551070530786
1789523840,10,,Aggregated,31.700000,0.000000,15,17,19,20,24,26,30,33,43,56,60,34646,0,15,16.50824053574237,3.7955410007270984,60.46015799802262,223.9227616463661
1789523841,10,,Aggregated,32.200000,0.000000,15,17,19,20,24,26,30,33,43,56,60,34679,0,15,16.50850826218536,3.7955410007270984,60.46015799802262,223.9246229706739
1789523842,10,,Aggregated,32.300000,0.000000,15,17,19,20,24,26,30,33,43,56,60,34711,0,15,16.507984016718954,3.7955410007270984,60.46015799802262,223.92181152948632
1789523843,10,,Aggregated,33.100000,0.000000,15,17,19,20,24,26,30,33,43,56,60,34740,0,15,16.50845087214515,3.7955410007270984,60.46015799802262,223.92242371905584
1789523844,10,,Aggregated,33.200000,0.000000,15,17,19,20,24,26,30,33,43,56,60,34774,0,15,16.509990636807576,3.7955410007270984,60.46015799802262,223.92203945476504
1789523845,10,,Aggregated,33.100000,0.000000,15,17,19,20,24,26,30,33,43,56,60,34806,0,15,16.51018480538896,3.7955410007270984,60.46015799802262,223.9258173878067
1789523847,10,,Aggregated,32.900000,0.000000,15,17,19,20,24,26,30,33,43,56,60,34835,0,15,16.510248500168725,3.7955410007270984,60.46015799802262,223.9264819865078
1789523848,10,,Aggregated,32.800000,0.000000,15,17,19,20,24,26,30,33,43,56,60,34865,0,15,16.510589853502868,3.7955410007270984,60.46015799802262,223.92909794923276
1789523849,10,,Aggregated,32.500000,0.000000,15,17,19,20,24,26,30,33,43,56,60,34895,0,15,16.5116927399161,3.7955410007270984,60.46015799802262,223.9291589052873
1789523850,10,,Aggregated,32.200000,0.000000,15,17,19,20,24,26,30,33,43,56,60,34926,0,15,16.51203176666037,3.7955410007270984,60.46015799802262,223.93088243715283
1789523851,10,,Aggregated,31.800000,0.000000,15,17,19,20,24,26,30,33,43,56,60,34959,0,15,16.51175044470376,3.7955410007270984,60.46015799802262,223.9336937555422
1789523852,10,,Aggregated,31.800000,0.000000,15,17,19,20,24,26,30,33,43,56,60,34989,0,15,16.5110172213668,3.7955410007270984,60.46015799802262,223.93106404870102
1789523853,10,,Aggregated,31.700000,0.000000,15,17,19,20,24,26,30,33,43,56,60,35021,0,15,16.5100895581056,3.7955410007270984,60.46015799802262,223.92944233459923
1789523854,10,,Aggregated,31.200000,0.000000,15,17,19,20,24,26,30,33,43,56,60,35046,0,15,16.509340339280254,3.7955410007270984,60.46015799802262,223.928037436512
1789523855,10,,Aggregated,31.000000,0.000000,15,17,19,20,24,26,30,33,43,56,60,35078,0,15,16.5115102633676,3.7955410007270984,60.46015799802262,223.92644962654654
1789523856,10,,Aggregated,30.600000,0.000000,15,17,19,20,24,26,30,33,43,56,60,35110,0,15,16.51054065395697,3.7955410007270984,60.46015799802262,223.92754201082312
1789523857,10,,Aggregated,30.600000,0.000000,15,17,19,20,24,26,30,33,43,56,60,35143,0,15,16.510546894614887,3.7955410007270984,60.46015799802262,223.93048402242266
1789523858,10,,Aggregated,30.300000,0.000000,15,17,19,20,24,26,30,33,43,56,60,35179,0,15,16.511269346839317,3.7955410007270984,60.46015799802262,223.92219790215754
1789523859,10,,Aggregated,30.300000,0.000000,15,17,19,20,24,26,30,33,43,56,60,35208,0,15,16.511763335306217,3.7955410007270984,60.46015799802262,223.9240229493297
1789523860,10,,Aggregated,30.800000,0.000000,15,17,19,20,24,26,30,33,43,56,60,35238,0,15,16.512368627971355,3.7955410007270984,60.46015799802262,223.92136330098188
1789523861,10,,Aggregated,31.300000,0.000000,15,17,19,20,24,26,30,33,43,56,60,35271,0,15,16.51476258287101,3.7955410007270984,60.46015799802262,223.92155028210144
1789523862,10,,Aggregated,31.200000,0.000000,15,17,19,20,24,26,30,33,43,56,60,35303,0,15,16.514897584524586,3.7955410007270984,60.46015799802262,223.92006345069825
1789523863,10,,Aggregated,31.200000,0.000000,15,17,19,20,24,26,30,33,43,56,60,35334,0,15,16.514907753678763,3.7955410007270984,60.46015799802262,223.91549216052528
1789523864,10,,Aggregated,31.300000,0.000000,15,17,19,20,24,26,30,33,43,56,60,35365,0,15,16.51584842628295,3.7955410007270984,60.46015799802262,223.92119327018239
1789523865,10,,Aggregated,31.200000,0.000000,15,17,19,20,24,26,30,33,43,56,60,35398,0,15,16.514785307092986,3.7955410007270984,60.46015799802262,223.91765071472963
1789523866,10,,Aggregated,31.700000,0.000000,15,17,19,20,24,26,30,33,43,56,60,35429,0,15,16.515740983558267,3.7955410007270984,60.46015799802262,223.91566231053656
1789523867,10,,Aggregated,31.800000,0.000000,15,17,19,20,24,26,30,33,43,56,60,35458,0,15,16.515975896483962,3.7955410007270984,60.46015799802262,223.91637994246713
1789523868,10,,Aggregated,31.900000,0.000000,15,17,19,20,24,26,30,33,43,56,60,35493,0,15,16.51519171454989,3.7955410007270984,60.46015799802262,223.91894176316455
1789523869,10,,Aggregated,31.900000,0.000000,15,17,19,20,24,26,30,33,43,56,60,35527,0,15,16.515072875855623,3.7955410007270984,60.46015799802262,223.91834379486025
1789523870,10,,Aggregated,31.300000,0.000000,15,17,19,20,24,26,30,33,43,56,60,35560,0,15,16.51434975594846,3.7955410007270984,60.46015799802262,223.91625421822272
1789523871,10,,Aggregated,31.300000,0.000000,15,17,19,20,24,26,30,33,43,56,60,35594,0,15,16.513035744832074,3.7955410007270984,60.46015799802262,223.91588469966848
1789523872,10,,Aggregated,31.700000,0.000000,15,17,19,20,24,26,30,33,43,56,60,35628,0,15,16.51331648261318,3.7955410007270984,60.46015799802262,223.91296171550465
1789523873,10,,Aggregated,32.400000,0.000000,15,17,19,20,24,26,30,33,43,56,60,35664,0,15,16.512994712414308,3.7955410007270984,60.46015799802262,223.91234858681023
1789523874,10,,Aggregated,32.100000,0.000000,15,17,19,20,24,26,30,33,43,56,60,35693,0,15,16.512109522218374,3.7955410007270984,60.46015799802262,223.90916986523968
1789523875,10,,Aggregated,32.700000,0.000000,15,17,19,20,24,26,30,33,43,56,60,35725,0,15,16.511378190274176,3.7955410007270984,60.46015799802262,223.91275017494752
1789523876,10,,Aggregated,32.900000,0.000000,15,17,19,20,24,26,30,33,43,56,60,35757,0,15,16.510262640896514,3.7955410007270984,60.46015799802262,223.91509354811646
1789523877,10,,Aggregated,32.700000,0.000000,15,17,19,20,24,26,30,33,43,56,60,35787,0,15,16.509880495698173,3.7955410007270984,60.46015799802262,223.92047391510883
1789523878,10,,Aggregated,32.600000,0.000000,15,17,19,20,24,26,30,33,43,56,60,35816,0,15,16.51029807975659,3.7955410007270984,60.46015799802262,223.9173832923833
1789523879,10,,Aggregated,32.900000,0.000000,15,17,19,20,24,26,30,33,43,56,60,35848,0,15,16.51091858378563,3.7955410007270984,60.46015799802262,223.91452800714126
1789523880,10,,Aggregated,32.400000,0.000000,15,17,19,20,24,26,30,33,43,56,60,35882,0,15,16.51037128926782,3.7955410007270984,60.46015799802262,223.91550080820468
1789523881,10,,Aggregated,31.900000,0.000000,15,17,19,20,24,26,30,33,43,56,60,35913,0,15,16.50932784007169,3.7955410007270984,60.46015799802262,223.9185253250912
1789523882,10,,Aggregated,32.600000,0.000000,15,17,19,20,24,26,30,33,43,56,60,35940,0,15,16.50869090043113,3.7955410007270984,60.46015799802262,223.92053422370617
1789523883,10,,Aggregated,31.800000,0.000000,15,17,19,20,24,26,30,33,43,56,60,35975,0,15,16.509204763348507,3.7955410007270984,60.46015799802262,223.92436414176512
1789523884,10,,Aggregated,31.500000,0.000000,15,17,19,20,24,26,30,33,42,56,60,36002,0,15,16.509847658419588,3.7955410007270984,60.46015799802262,223.9227265151936
1789523885,10,,Aggregated,31.300000,0.000000,15,17,19,20,24,26,30,33,42,56,60,36033,0,15,16.509889324714596,3.7955410007270984,60.46015799802262,223.92060056059722
1789523886,10,,Aggregated,30.900000,0.000000,15,17,19,20,24,26,30,33,42,56,60,36067,0,15,16.509104262522506,3.7955410007270984,60.46015799802262,223.9151856267502
1789523887,10,,Aggregated,30.800000,0.000000,15,17,19,20,24,26,30,33,42,56,60,36095,0,15,16.50952910745002,3.7955410007270984,60.46015799802262,223.91284111372767
1789523888,10,,Aggregated,31.200000,0.000000,15,17,19,20,24,26,30,33,42,56,60,36127,0,15,16.51028966267368,3.7955410007270984,60.46015799802262,223.90771445179504
1789523889,10,,Aggregated,31.200000,0.000000,15,17,19,20,24,26,30,33,42,56,60,36155,0,15,16.510120714048334,3.7955410007270984,60.46015799802262,223.903996680957
1789523890,10,,Aggregated,30.700000,0.000000,15,17,19,20,24,26,30,33,42,56,60,36187,0,15,16.509850543963832,3.7955410007270984,60.46015799802262,223.90631994915302
1789523891,10,,Aggregated,30.900000,0.000000,15,17,19,20,24,26,30,33,42,56,60,36214,0,15,16.50903452281987,3.7955410007270984,60.46015799802262,223.90835036173854
1789523892,10,,Aggregated,30.300000,0.000000,15,17,19,20,24,26,30,33,42,56,60,36248,0,15,16.509401098692415,3.7955410007270984,60.46015799802262,223.9042981681748
1789523893,10,,Aggregated,30.000000,0.000000,15,17,19,20,24,26,30,33,42,56,60,36280,0,15,16.508047593671836,3.7955410007270984,60.46015799802262,223.90272877618523
1789523894,10,,Aggregated,30.900000,0.000000,15,17,19,20,24,26,30,33,42,56,60,36311,0,15,16.509665082547638,3.7955410007270984,60.46015799802262,223.90443667208285
1789523895,10,,Aggregated,30.600000,0.000000,15,17,19,20,24,26,30,33,42,56,60,36339,0,15,16.510612549366286,3.7955410007270984,60.46015799802262,223.90462038030765
1789523896,10,,Aggregated,30.700000,0.000000,15,17,19,20,24,26,30,33,42,56,60,36374,0,15,16.511835241035126,3.7955410007270984,60.46015799802262,223.90449221971738
1789523897,10,,Aggregated,30.600000,0.000000,15,17,19,20,24,26,30,33,42,56,60,36404,0,15,16.510743745067323,3.7955410007270984,60.46015799802262,223.90316998132073
1789523898,10,,Aggregated,30.700000,0.000000,15,17,19,20,24,26,30,33,42,56,60,36436,0,15,16.511822945176043,3.7955410007270984,60.46015799802262,223.90674058623338
1789523899,10,,Aggregated,31.000000,0.000000,15,17,19,20,24,26,30,33,42,56,60,36465,0,15,16.51109560423566,3.7955410007270984,60.46015799802262,223.90739064856712
1789523900,10,,Aggregated,31.300000,0.000000,15,17,19,20,24,26,30,33,42,56,60,36498,0,15,16.51170070799608,3.7955410007270984,60.46015799802262,223.9077209710121
1789523901,10,,Aggregated,30.700000,0.000000,15,17,19,20,24,26,30,33,42,56,60,36532,0,15,16.5110730956539,3.7955410007270984,60.46015799802262,223.90840906602432
1789523902,10,,Aggregated,31.000000,0.000000,15,17,19,20,24,26,30,33,42,56,60,36561,0,15,16.511266787134446,3.7955410007270984,60.46015799802262,223.91274855720576
1789523903,10,,Aggregated,31.900000,0.000000,15,17,19,20,24,26,30,33,42,56,60,36596,0,15,16.511317355377805,3.7955410007270984,60.46015799802262,223.9214941523664
1789523904,10,,Aggregated,31.300000,0.000000,15,17,19,20,24,26,30,33,42,56,60,36624,0,15,16.51179934533178,3.7955410007270984,60.46015799802262,223.92545871559633
1789523905,10,,Aggregated,31.600000,0.000000,15,17,19,20,24,26,30,33,42,56,60,36655,0,15,16.511973297460745,3.7955410007270984,60.46015799802262,223.93081435002046
1789523906,10,,Aggregated,31.600000,0.000000,15,17,19,20,24,26,30,33,42,56,60,36688,0,15,16.511174239763065,3.7955410007270984,60.46015799802262,223.93474705625817
1789523907,10,,Aggregated,31.300000,0.000000,15,17,19,20,24,26,30,33,42,56,60,36721,0,15,16.509079672487943,3.7955410007270984,60.46015799802262,223.93499632362952
1789523908,10,,Aggregated,31.500000,0.000000,15,17,19,20,24,26,30,33,42,56,60,36748,0,15,16.50977562176034,3.7955410007270984,60.46015799802262,223.9284586916295
1789523909,10,,Aggregated,31.700000,0.000000,15,17,19,20,24,26,30,33,42,56,60,36782,0,15,16.50860570231276,3.7955410007270984,60.46015799802262,223.9330107117612
1789523910,10,,Aggregated,31.000000,0.000000,15,17,19,20,24,26,30,33,42,56,60,36815,0,15,16.509107083783345,3.7955410007270984,60.46015799802262,223.9335596903436
1789523911,10,,Aggregated,31.800000,0.000000,15,17,19,20,24,26,30,33,42,56,60,36845,0,15,16.507532503121503,3.7955410007270984,60.46015799802262,223.92973266386213
1789523912,10,,Aggregated,31.900000,0.000000,15,17,19,20,24,26,30,33,42,56,60,36880,0,15,16.507533137161197,3.7955410007270984,60.46015799802262,223.92982646420825
1789523913,10,,Aggregated,31.100000,0.000000,15,17,19,20,24,26,30,33,42,56,60,36911,0,15,16.5078761539791,3.7955410007270984,60.46015799802262,223.93148383950583
1789523914,10,,Aggregated,31.400000,0.000000,15,17,19,20,24,26,30,33,42,56,60,36946,0,15,16.507323780884448,3.7955410007270984,60.46015799802262,223.93525686136525
1789523915,10,,Aggregated,31.200000,0.000000,15,17,19,20,24,26,30,33,42,56,60,36977,0,15,16.506403101158803,3.7955410007270984,60.46015799802262,223.93322876382615
1789523916,10,,Aggregated,32.200000,0.000000,15,17,19,20,24,26,30,33,42,56,60,37008,0,15,16.507498911682294,3.7955410007270984,60.46015799802262,223.93247405966278
1789523917,10,,Aggregated,32.300000,0.000000,15,17,19,20,24,26,30,33,42,56,60,37040,0,15,16.50732325174249,3.7955410007270984,60.46015799802262,223.93118250539956
1789523918,10,,Aggregated,31.500000,0.000000,15,17,19,20,24,26,30,33,42,56,60,37074,0,15,16.50865190137413,3.7955410007270984,60.46015799802262,223.92951933969897
1789523919,10,,Aggregated,31.500000,0.000000,15,17,19,20,24,26,30,33,42,56,60,37105,0,15,16.508680730347457,3.7955410007270984,60.46015799802262,223.92620940574048
1789523920,10,,Aggregated,32.400000,0.000000,15,17,19,20,24,26,30,33,42,56,60,37138,0,15,16.50876032671555,3.7955410007270984,60.46015799802262,223.92649038720447
1789523921,10,,Aggregated,31.900000,0.000000,15,17,19,20,24,26,30,33,42,56,60,37169,0,15,16.510406921292994,3.7955410007270984,60.46015799802262,223.93058731738816
1789523922,10,,Aggregated,32.100000,0.000000,15,17,19,20,24,26,30,33,42,56,60,37202,0,15,16.509936710433262,3.7955410007270984,60.46015799802262,223.93349819902156
1789523923,10,,Aggregated,32.100000,0.000000,15,17,19,20,24,26,30,33,42,56,60,37230,0,15,16.510352144521217,3.7955410007270984,60.46015799802262,223.93620735965618
1789523924,10,,Aggregated,32.200000,0.000000,15,17,19,20,24,26,30,33,42,56,60,37261,0,15,16.509861178833674,3.7955410007270984,60.46015799802262,223.93545530179009
1789523925,10,,Aggregated,31.900000,0.000000,15,17,19,20,24,26,30,33,42,56,60,37295,0,15,16.509614493082665,3.7955410007270984,60.46015799802262,223.93875854672208
1789523926,10,,Aggregated,31.600000,0.000000,15,17,19,20,24,26,30,33,42,56,60,37327,0,15,16.50982973838022,3.7955410007270984,60.46015799802262,223.93487288022075
1789523927,10,,Aggregated,32.000000,0.000000,15,17,19,20,24,26,30,33,42,56,60,37358,0,15,16.50939589596696,3.7955410007270984,60.46015799802262,223.94009315273837
1789523928,10,,Aggregated,32.100000,0.000000,15,17,19,20,24,26,30,33,42,56,60,37391,0,15,16.507700517571458,3.7955410007270984,60.46015799802262,223.94394372977453
1789523929,10,,Aggregated,31.800000,0.000000,15,17,19,20,24,26,30,33,42,56,60,37426,0,15,16.50816154971091,3.7955410007270984,60.46015799802262,223.94530540266126
1789523930,10,,Aggregated,31.600000,0.000000,15,17,19,20,24,26,30,33,42,56,60,37457,0,15,16.507428046866213,3.7955410007270984,60.46015799802262,223.94225378433939
1789523931,10,,Aggregated,32.200000,0.000000,15,17,19,20,24,26,30,33,42,56,60,37487,0,15,16.50829814160879,3.7955410007270984,60.46015799802262,223.9410462293595
1789523932,10,,Aggregated,31.800000,0.000000,15,17,19,20,24,26,30,33,42,56,60,37519,0,15,16.51011312914721,3.7955410007270984,60.46015799802262,223.94077667315227
1789523933,10,,Aggregated,32.100000,0.000000,15,17,19,20,24,26,30,33,42,56,60,37549,0,15,16.510981599842435,3.7955410007270984,60.46015799802262,223.93720205598018
1789523934,10,,Aggregated,31.800000,0.000000,15,17,19,20,24,26,30,33,42,56,60,37583,0,15,16.51116504043052,3.7955410007270984,60.46015799802262,223.93787084586117
1789523935,10,,Aggregated,31.800000,0.000000,15,17,19,20,24,26,30,33,42,56,60,37617,0,15,16.51224669491201,3.7955410007270984,60.46015799802262,223.93154690698356
1789523936,10,,Aggregated,32.100000,0.000000,15,17,19,20,24,26,30,33,42,56,60,37647,0,15,16.511499096249064,3.7955410007270984,60.46015799802262,223.93274364491194
1789523937,10,,Aggregated,31.900000,0.000000,15,17,19,20,24,26,30,33,42,56,60,37678,0,15,16.51403094371946,3.7955410007270984,60.46015799802262,223.93712511279793
1789523938,10,,Aggregated,31.700000,0.000000,15,17,19,20,24,26,30,33,42,56,60,37709,0,15,16.51522298221774,3.7955410007270984,60.46015799802262,223.93874141451641
1789523939,10,,Aggregated,32.200000,0.000000,15,17,19,20,24,26,30,33,43,56,60,37736,0,15,16.51744976556667,3.7955410007270984,60.46015799802262,223.937195251219
1789523940,10,,Aggregated,31.900000,0.000000,15,17,19,20,24,26,30,33,43,56,60,37770,0,15,16.517414712164015,3.7955410007270984,60.46015799802262,223.9416468096373
1789523941,10,,Aggregated,31.000000,0.000000,15,17,19,20,24,26,30,33,43,56,60,37801,0,15,16.517604088262267,3.7955410007270984,60.46015799802262,223.93968413534034
1789523942,10,,Aggregated,31.100000,0.000000,15,17,19,20,24,26,30,33,43,56,60,37835,0,15,16.516181943925318,3.7955410007270984,60.46015799802262,223.93815250429498
1789523943,10,,Aggregated,31.200000,0.000000,15,17,19,20,24,26,30,33,43,56,60,37866,0,15,16.51547441766791,3.7955410007270984,60.46015799802262,223.93730523424708
1789523944,10,,Aggregated,31.700000,0.000000,15,17,19,20,24,26,30,33,43,56,60,37901,0,15,16.51804314673579,3.7955410007270984,60.46015799802262,223.9435107253107
1789523945,10,,Aggregated,31.900000,0.000000,15,17,19,20,24,26,30,33,43,56,60,37932,0,15,16.518481708779717,3.7955410007270984,60.46015799802262,223.9437941579669
1789523946,10,,Aggregated,31.700000,0.000000,15,17,19,20,24,26,30,33,43,56,60,37964,0,15,16.51856658575088,3.7955410007270984,60.46015799802262,223.94831946054157
1789523947,10,,Aggregated,31.300000,0.000000,15,17,19,20,24,26,30,33,43,56,60,37997,0,15,16.519002379883762,3.7955410007270984,60.46015799802262,223.94496933968472
1789523948,10,,Aggregated,31.600000,0.000000,15,17,19,20,24,26,30,33,42,56,60,38034,0,15,16.518942852486077,3.7955410007270984,60.46015799802262,223.9462060261871
1789523949,10,,Aggregated,31.400000,0.000000,15,17,19,20,24,26,30,33,42,56,60,38064,0,15,16.517655323651216,3.7955410007270984,60.46015799802262,223.9461958806221
1789523950,10,,Aggregated,32.400000,0.000000,15,17,19,20,24,26,30,33,42,56,60,38095,0,15,16.51649405642395,3.7955410007270984,60.46015799802262,223.9466596666229
1789523951,10,,Aggregated,33.000000,0.000000,15,17,19,20,24,26,30,33,42,56,60,38127,0,15,16.517684586919145,3.7955410007270984,60.46015799802262,223.94539302856245
1789523952,10,,Aggregated,32.600000,0.000000,15,17,19,20,24,26,30,33,42,56,60,38161,0,15,16.5173282331294,3.7955410007270984,60.46015799802262,223.9484028196326
1789523953,10,,Aggregated,32.500000,0.000000,15,17,19,20,24,27,30,33,42,56,60,38193,0,15,16.5206328520788,3.7955410007270984,60.46015799802262,223.94695363024638
1789523954,10,,Aggregated,32.300000,0.000000,15,17,19,20,24,27,30,33,42,56,60,38228,0,15,16.52077920475744,3.7955410007270984,60.46015799802262,223.94838861567436
1789523955,10,,Aggregated,32.600000,0.000000,15,17,19,20,24,27,30,33,42,56,60,38260,0,15,16.52066752361327,3.7955410007270984,60.46015799802262,223.9552535284893
1789523956,10,,Aggregated,32.800000,0.000000,15,17,19,20,24,27,30,33,42,56,60,38293,0,15,16.5206196443338,3.7955410007270984,60.46015799802262,223.95427362703367
1789523957,10,,Aggregated,32.700000,0.000000,15,17,19,20,24,27,30,33,42,56,60,38322,0,15,16.522524341852893,3.7955410007270984,60.46015799802262,223.95733521214967
1789523958,10,,Aggregated,32.700000,0.000000,15,17,19,20,24,27,30,33,42,56,60,38356,0,15,16.521885087952075,3.7955410007270984,60.46015799802262,223.9605276879758
1789523959,10,,Aggregated,32.500000,0.000000,15,17,19,20,24,27,30,33,42,56,60,38383,0,15,16.521557117617697,3.7955410007270984,60.46015799802262,223.96250944428522
1789523960,10,,Aggregated,32.100000,0.000000,15,17,19,20,24,27,30,33,43,56,60,38416,0,15,16.523432391022247,3.7955410007270984,60.46015799802262,223.95923573511038
1789523961,10,,Aggregated,31.800000,0.000000,15,17,19,20,24,27,30,33,43,56,60,38446,0,15,16.5239230417861,3.7955410007270984,60.46015799802262,223.9615044477969
1789523962,10,,Aggregated,32.000000,0.000000,15,17,19,20,24,27,30,33,43,56,60,38478,0,15,16.525414834620072,3.7955410007270984,60.46015799802262,223.95997712978846
1789523963,10,,Aggregated,32.000000,0.000000,15,17,19,20,24,27,30,33,43,56,60,38507,0,15,16.52503161683601,3.7955410007270984,60.46015799802262,223.96408445217753
1789523964,10,,Aggregated,31.700000,0.000000,15,17,19,20,24,27,30,33,43,56,60,38540,0,15,16.52536437679121,3.7955410007270984,60.46015799802262,223.96549039958484
1789523965,10,,Aggregated,31.000000,0.000000,15,17,19,20,24,27,30,33,43,56,60,38574,0,15,16.525248429291633,3.7955410007270984,60.46015799802262,223.96513195416603
1789523966,10,,Aggregated,31.000000,0.000000,15,17,19,20,24,27,30,33,43,56,60,38603,0,15,16.525413262142973,3.7955410007270984,60.46015799802262,223.96585757583608
1789523967,10,,Aggregated,31.500000,0.000000,15,17,19,20,24,27,30,33,43,56,60,38637,0,15,16.524970942063288,3.7955410007270984,60.46015799802262,223.9642570592955
1789523968,10,,Aggregated,31.200000,0.000000,15,17,19,20,24,27,30,33,43,56,60,38667,0,15,16.525751336708797,3.7955410007270984,60.46015799802262,223.96650890940595
1789523969,10,,Aggregated,31.200000,0.000000,15,17,19,20,24,27,30,33,43,56,60,38697,0,15,16.524776519976218,3.7955410007270984,60.46015799802262,223.96061710210094
1789523970,10,,Aggregated,31.100000,0.000000,15,17,19,20,24,27,30,33,43,56,60,38729,0,15,16.524316883459786,3.7955410007270984,60.46015799802262,223.95925533837692
1789523971,10,,Aggregated,31.200000,0.000000,15,17,19,20,24,27,30,33,43,56,60,38760,0,15,16.523379194620603,3.7955410007270984,60.46015799802262,223.95719814241485
1789523972,10,,Aggregated,31.300000,0.000000,15,17,19,20,24,27,30,33,43,56,60,38790,0,15,16.523046445823624,3.7955410007270984,60.46015799802262,223.95019334880124
1789523973,10,,Aggregated,31.500000,0.000000,15,17,19,20,24,27,30,33,43,56,60,38820,0,15,16.522045194191968,3.7955410007270984,60.46015799802262,223.9490984028851
1789523974,10,,Aggregated,31.200000,0.000000,15,17,19,20,24,27,30,33,43,56,60,38855,0,15,16.52333982834989,3.7955410007270984,60.46015799802262,223.95369965255438
1789523975,10,,Aggregated,31.500000,0.000000,15,17,19,20,24,27,30,33,43,56,60,38885,0,15,16.525153151151365,3.7955410007270984,60.46015799802262,223.95347820496335
1789523976,10,,Aggregated,31.000000,0.000000,15,17,19,20,24,27,30,33,43,56,60,38911,0,15,16.525603603724697,3.7955410007270984,60.46015799802262,223.95361208912647
1789523977,10,,Aggregated,31.200000,0.000000,15,17,19,20,24,27,30,33,43,56,60,38943,0,15,16.525839060692313,3.7955410007270984,60.46015799802262,223.95460031327838
1789523978,10,,Aggregated,31.000000,0.000000,15,17,19,20,24,27,30,33,43,56,60,38976,0,15,16.525626541962282,3.7955410007270984,60.46015799802262,223.95594724958949
1789523979,10,,Aggregated,30.800000,0.000000,15,17,19,20,24,27,30,33,43,56,60,39003,0,15,16.525973970502438,3.7955410007270984,60.46015799802262,223.95431120683025
1789523980,10,,Aggregated,31.000000,0.000000,15,17,19,20,24,27,30,33,43,56,60,39034,0,15,16.528313747488962,3.7955410007270984,60.46015799802262,223.95245170876672
1789523981,10,,Aggregated,30.700000,0.000000,15,17,19,20,24,27,30,33,43,56,60,39068,0,15,16.527530458776216,3.7955410007270984,60.46015799802262,223.95326098085388
1789523982,10,,Aggregated,30.300000,0.000000,15,17,19,20,24,27,30,33,43,56,60,39095,0,15,16.527361863063927,3.7955410007270984,60.46015799802262,223.95513492774012
1789523983,10,,Aggregated,30.300000,0.000000,15,17,19,20,24,27,30,33,43,56,60,39130,0,15,16.52768362758708,3.7955410007270984,60.46015799802262,223.9481983133146
1789523984,10,,Aggregated,30.700000,0.000000,15,17,19,20,24,27,30,33,43,56,60,39161,0,15,16.527728019035575,3.7955410007270984,60.46015799802262,223.9486478894819
1789523985,10,,Aggregated,30.600000,0.000000,15,17,19,20,24,27,30,33,43,56,60,39191,0,15,16.527183989039244,3.7955410007270984,60.46015799802262,223.94878926284096
1789523986,10,,Aggregated,30.900000,0.000000,15,17,19,20,24,27,30,33,43,56,60,39223,0,15,16.527074649859653,3.7955410007270984,60.46015799802262,223.95199245340743
1789523987,10,,Aggregated,30.700000,0.000000,15,17,19,20,24,27,30,33,43,56,60,39254,0,15,16.527358970408873,3.7955410007270984,60.46015799802262,223.95243796810516
1789523988,10,,Aggregated,30.900000,0.000000,15,17,19,20,24,27,30,33,43,56,60,39284,0,15,16.527780488835933,3.7955410007270984,60.46015799802262,223.9547143875369
1789523989,10,,Aggregated,31.200000,0.000000,15,17,19,20,24,27,30,33,43,56,60,39318,0,15,16.52740034583264,3.7955410007270984,60.46015799802262,223.95554199094562
1789523990,10,,Aggregated,30.600000,0.000000,15,17,19,20,24,27,30,33,43,56,60,39349,0,15,16.52928932446637,3.7955410007270984,60.46015799802262,223.95598363363746
1789523991,10,,Aggregated,31.200000,0.000000,15,17,19,20,24,27,30,33,43,56,60,39384,0,15,16.52851341281729,3.7955410007270984,60.46015799802262,223.95132541133455
1789523992,10,,Aggregated,31.600000,0.000000,15,17,19,20,24,27,30,33,43,56,60,39419,0,15,16.528784130352417,3.7955410007270984,60.46015799802262,223.94799462188286
1789523993,10,,Aggregated,31.800000,0.000000,15,17,19,20,24,27,30,33,43,56,60,39444,0,15,16.52838382282041,3.7955410007270984,60.46015799802262,223.94539093398237
1789523994,10,,Aggregated,31.900000,0.000000,15,17,19,20,24,27,30,33,43,56,60,39477,0,15,16.529679899442886,3.7955410007270984,60.46015799802262,223.94918560174278
1789523995,10,,Aggregated,32.100000,0.000000,15,17,19,20,24,27,30,33,43,56,60,39507,0,15,16.530080318078106,3.7955410007270984,60.46015799802262,223.95023666691978
1789523996,10,,Aggregated,31.700000,0.000000,15,17,19,20,24,27,30,33,43,56,60,39537,0,15,16.52969488378791,3.7955410007270984,60.46015799802262,223.95019854819537
1789523997,10,,Aggregated,31.300000,0.000000,15,17,19,20,24,27,30,33,43,56,60,39567,0,15,16.528762241673377,3.7955410007270984,60.46015799802262,223.94669800591402
1789523998,10,,Aggregated,31.200000,0.000000,15,17,19,20,24,27,30,33,43,56,60,39599,0,15,16.527489465473725,3.7955410007270984,60.46015799802262,223.9487360791939
1789523999,10,,Aggregated,31.300000,0.000000,15,17,19,20,24,27,30,33,43,56,60,39632,0,15,16.527597697979083,3.7955410007270984,60.46015799802262,223.94913201453372
1789524000,10,,Aggregated,31.400000,0.000000,15,17,19,20,24,27,30,33,43,56,60,39665,0,15,16.52791057837629,3.7955410007270984,60.46015799802262,223.95172066053195
1789524001,10,,Aggregated,31.500000,0.000000,15,17,19,20,24,27,30,33,43,56,60,39693,0,15,16.528480179862502,3.7955410007270984,60.46015799802262,223.95054543622302
1789524002,10,,Aggregated,31.600000,0.000000,15,17,19,20,24,27,30,33,43,56,60,39727,0,15,16.528848978157818,3.7955410007270984,60.46015799802262,223.953306315604
1789524003,10,,Aggregated,31.100000,0.000000,15,17,19,20,24,27,30,33,43,56,60,39758,0,15,16.528415505993344,3.7955410007270984,60.46015799802262,223.9560340057347
1789524004,10,,Aggregated,30.900000,0.000000,15,17,19,20,24,27,30,33,43,56,60,39791,0,15,16.527702334227936,3.7955410007270984,60.46015799802262,223.95745269030687
1789524005,10,,Aggregated,31.200000,0.000000,15,17,19,20,24,27,30,33,43,56,60,39822,0,15,16.526832445563855,3.7955410007270984,60.46015799802262,223.96120235045956
1789524006,10,,Aggregated,31.300000,0.000000,15,17,19,20,24,27,30,33,43,56,60,39856,0,15,16.526218228002385,3.7955410007270984,60.46015799802262,223.96309213167402
1789524007,10,,Aggregated,31.500000,0.000000,15,17,19,20,24,27,30,33,43,56,60,39888,0,15,16.525502662862973,3.7955410007270984,60.46015799802262,223.9603138788608
1789524008,10,,Aggregated,32.000000,0.000000,15,17,19,20,24,27,30,33,43,56,60,39919,0,15,16.525898645313262,3.7955410007270984,60.46015799802262,223.9584408427065
1789524009,10,,Aggregated,31.900000,0.000000,15,17,19,20,24,27,30,33,43,56,60,39947,0,15,16.5268087587117,3.7955410007270984,60.46015799802262,223.9573685132801
1789524010,10,,Aggregated,32.200000,0.000000,15,17,19,20,24,27,30,33,43,56,60,39979,0,15,16.528597290583594,3.7955410007270984,60.46015799802262,223.9582280697366
1789524011,10,,Aggregated,31.600000,0.000000,15,17,19,20,24,27,30,33,43,54,60,40010,0,15,16.527051628574036,3.7955410007270984,60.46015799802262,223.95518620344913
1789524012,10,,Aggregated,31.500000,0.000000,15,17,19,20,24,27,30,33,43,54,60,40039,0,15,16.527240240870626,3.7955410007270984,60.46015799802262,223.96133769574664
1789524013,10,,Aggregated,31.400000,0.000000,15,17,19,20,24,27,30,33,43,54,60,40071,0,15,16.52923837256941,3.7955410007270984,60.46015799802262,223.9610191909361
1789524014,10,,Aggregated,31.300000,0.000000,15,17,19,20,24,27,30,33,43,54,60,40104,0,15,16.530143542869105,3.7955410007270984,60.46015799802262,223.96476660682225
1789524015,10,,Aggregated,30.800000,0.000000,15,17,19,20,24,27,30,33,43,54,60,40132,0,15,16.53080812813202,3.7955410007270984,60.46015799802262,223.96379447822187
1789524016,10,,Aggregated,31.000000,0.000000,15,17,19,20,24,27,30,33,43,54,60,40162,0,15,16.530340822274248,3.7955410007270984,60.46015799802262,223.9637468253573
1789524017,10,,Aggregated,31.000000,0.000000,15,17,19,20,24,27,30,33,43,54,60,40194,0,15,16.531033846224812,3.7955410007270984,60.46015799802262,223.964372791959
1789524018,10,,Aggregated,30.600000,0.000000,15,17,19,20,24,27,30,33,43,54,60,40224,0,15,16.530185087464524,3.7955410007270984,60.46015799802262,223.96420047732695
1789524019,10,,Aggregated,30.800000,0.000000,15,17,19,20,24,27,30,33,43,54,60,40254,0,15,16.532464420335092,3.7955410007270984,60.46015799802262,223.96524568986933
1789524020,10,,Aggregated,30.400000,0.000000,15,17,19,20,24,27,30,33,43,54,60,40284,0,15,16.530999688565345,3.7955410007270984,60.46015799802262,223.96857313077152
1789524021,10,,Aggregated,30.500000,0.000000,15,17,19,20,24,27,30,33,43,54,60,40310,0,15,16.530503210969076,3.7955410007270984,60.46015799802262,223.96645993549987
1789524022,10,,Aggregated,30.300000,0.000000,15,17,19,20,24,27,30,33,43,54,60,40337,0,15,16.530194775941776,3.7955410007270984,60.46015799802262,223.96715174653545
1789524023,10,,Aggregated,30.200000,0.000000,15,17,19,20,24,27,30,33,43,54,60,40368,0,15,16.5296811764305,3.7955410007270984,60.46015799802262,223.96534383670235
1789524024,10,,Aggregated,29.800000,0.000000,15,17,19,20,24,27,30,33,43,54,60,40401,0,15,16.529175985795884,3.7955410007270984,60.46015799802262,223.96762456374842
1789524025,10,,Aggregated,29.800000,0.000000,15,17,19,20,24,27,30,33,43,54,60,40435,0,15,16.531367225624923,3.7955410007270984,60.46015799802262,223.96718189687152
1789524026,10,,Aggregated,29.800000,0.000000,15,17,19,20,24,27,30,33,43,54,60,40462,0,15,16.53145806418689,3.7955410007270984,60.46015799802262,223.96574563788246
1789524027,10,,Aggregated,29.600000,0.000000,15,17,19,20,24,27,30,33,43,54,60,40494,0,15,16.530069130195024,3.7955410007270984,60.46015799802262,223.96779769842445
1789524028,10,,Aggregated,30.000000,0.000000,15,17,19,20,24,27,30,33,43,54,60,40524,0,15,16.53050022135275,3.7955410007270984,60.46015799802262,223.96557595498965
1789524029,10,,Aggregated,29.900000,0.000000,15,17,19,20,24,27,30,33,43,54,60,40558,0,15,16.53154373184267,3.7955410007270984,60.46015799802262,223.96624587011195
1789524030,10,,Aggregated,30.100000,0.000000,15,17,19,20,24,27,30,33,43,54,60,40589,0,15,16.532208583878948,3.7955410007270984,60.46015799802262,223.96449777033186
1789524031,10,,Aggregated,30.200000,0.000000,15,17,19,20,24,27,30,33,43,54,60,40622,0,15,16.53273539018411,3.7955410007270984,60.46015799802262,223.96592979173846
1789524032,10,,Aggregated,30.700000,0.000000,15,17,19,20,24,27,30,33,43,54,60,40652,0,15,16.532825979338376,3.7955410007270984,60.46015799802262,223.95695168749384
1789524033,10,,Aggregated,31.000000,0.000000,15,17,19,20,24,27,30,33,43,54,60,40684,0,15,16.533311857955162,3.7955410007270984,60.46015799802262,223.9555353455904
1789524034,10,,Aggregated,31.500000,0.000000,15,17,19,20,24,27,30,33,43,54,60,40711,0,15,16.533834332810013,3.7955410007270984,60.46015799802262,223.95517182088378
1789524035,10,,Aggregated,31.200000,0.000000,15,17,19,20,24,27,30,33,43,54,60,40742,0,15,16.53455147653599,3.7955410007270984,60.46015799802262,223.95122968926415
1789524036,10,,Aggregated,31.300000,0.000000,15,17,19,20,24,27,30,33,43,54,60,40771,0,15,16.53449898602051,3.7955410007270984,60.46015799802262,223.95298128571778
1789524037,10,,Aggregated,31.400000,0.000000,15,17,19,20,24,27,30,33,43,54,60,40801,0,15,16.535532902625548,3.7955410007270984,60.46015799802262,223.95406975319233
1789524038,10,,Aggregated,30.800000,0.000000,15,17,19,20,24,27,30,33,43,54,60,40835,0,15,16.53517765289636,3.7955410007270984,60.46015799802262,223.95491612587242
1789524039,10,,Aggregated,30.800000,0.000000,15,17,19,20,24,27,30,33,43,54,60,40866,0,15,16.536545248397804,3.7955410007270984,60.46015799802262,223.95517055743161
1789524040,10,,Aggregated,30.800000,0.000000,15,17,19,20,24,27,30,33,43,54,60,40896,0,15,16.536720671802332,3.7955410007270984,60.46015799802262,223.95402973395932
1789524041,10,,Aggregated,31.000000,0.000000,15,17,19,20,24,27,30,33,43,54,60,40931,0,15,16.535762930737622,3.7955410007270984,60.46015799802262,223.9597859812856
1789524042,10,,Aggregated,30.700000,0.000000,15,17,19,20,24,27,30,33,43,54,60,40960,0,15,16.53554758964835,3.7955410007270984,60.46015799802262,223.9592529296875
1789524043,10,,Aggregated,30.500000,0.000000,15,17,19,20,24,27,30,33,43,54,60,40991,0,15,16.535399892464742,3.7955410007270984,60.46015799802262,223.95847869044425
1789524044,10,,Aggregated,30.600000,0.000000,15,17,19,20,24,27,30,33,43,54,60,41021,0,15,16.535059751250337,3.7955410007270984,60.46015799802262,223.9628482972136
1789524045,10,,Aggregated,31.200000,0.000000,15,17,19,20,24,27,30,33,43,54,60,41051,0,15,16.535205300432143,3.7955410007270984,60.46015799802262,223.95729702077904
1789524046,10,,Aggregated,30.700000,0.000000,15,17,19,20,24,27,30,33,43,54,60,41081,0,15,16.53588863569625,3.7955410007270984,60.46015799802262,223.9561597818943
1789524047,10,,Aggregated,30.300000,0.000000,15,17,19,20,24,27,30,33,43,54,60,41118,0,15,16.536639044287515,3.7955410007270984,60.46015799802262,223.9516027044117
1789524048,10,,Aggregated,31.100000,0.000000,15,17,19,20,24,27,30,33,43,54,60,41148,0,15,16.537606292676497,3.7955410007270984,60.46015799802262,223.95146787207156
1789524049,10,,Aggregated,31.300000,0.000000,15,17,19,20,24,27,30,33,43,54,60,41178,0,15,16.538450105810533,3.7955410007270984,60.46015799802262,223.95473310991306
1789524050,10,,Aggregated,31.100000,0.000000,15,17,19,20,24,27,30,33,43,54,60,41210,0,15,16.538294103957657,3.7955410007270984,60.46015799802262,223.95680660033972
1789524051,10,,Aggregated,31.100000,0.000000,15,17,19,20,24,27,30,33,43,54,60,41236,0,15,16.53712958116899,3.7955410007270984,60.46015799802262,223.959186148026
1789524052,10,,Aggregated,30.500000,0.000000,15,17,19,20,24,27,30,33,43,54,60,41267,0,15,16.53836960251741,3.7955410007270984,60.46015799802262,223.961785445998
1789524053,10,,Aggregated,30.700000,0.000000,15,17,19,20,24,27,30,33,43,54,60,41298,0,15,16.538515123324846,3.7955410007270984,60.46015799802262,223.9621531309022
1789524054,10,,Aggregated,30.400000,0.000000,15,17,19,20,24,27,30,33,43,54,60,41328,0,15,16.537901235531685,3.7955410007270984,60.46015799802262,223.9675764614789
1789524055,10,,Aggregated,30.500000,0.000000,15,17,19,20,24,27,30,33,43,54,60,41360,0,15,16.537324868570042,3.7955410007270984,60.46015799802262,223.9649903288201
1789524056,10,,Aggregated,30.500000,0.000000,15,17,19,20,24,27,30,33,43,54,60,41386,0,15,16.5375078170893,3.7955410007270984,60.46015799802262,223.96742859904316
1789524057,10,,Aggregated,31.400000,0.000000,15,17,19,20,24,27,30,33,43,54,60,41417,0,15,16.538758927085084,3.7955410007270984,60.46015799802262,223.96559383827898
1789524058,10,,Aggregated,30.600000,0.000000,15,17,19,20,24,27,30,33,43,54,60,41448,0,15,16.53872494716536,3.7955410007270984,60.46015799802262,223.9615904265586
1789524059,10,,Aggregated,30.000000,0.000000,15,17,19,20,24,27,30,33,43,54,60,41481,0,15,16.539102568745573,3.7955410007270984,60.46015799802262,223.9662255008317
1789524060,10,,Aggregated,30.100000,0.000000,15,17,19,20,24,27,30,33,43,54,60,41515,0,15,16.539840220381652,3.7955410007270984,60.46015799802262,223.97027580392628
1789524061,10,,Aggregated,30.500000,0.000000,15,17,19,20,24,27,30,33,43,54,60,41552,0,15,16.53780145098056,3.7955410007270984,60.46015799802262,223.9734790142472
1789524062,10,,Aggregated,30.900000,0.000000,15,17,19,20,24,27,30,33,43,54,60,41582,0,15,16.537336761582946,3.7955410007270984,60.46015799802262,223.97342600163532
1789524063,10,,Aggregated,31.300000,0.000000,15,17,19,20,24,27,30,33,43,54,60,41615,0,15,16.535505476514412,3.7955410007270984,60.46015799802262,223.9757779646762
1789524064,10,,Aggregated,31.700000,0.000000,15,17,19,20,24,27,30,33,43,54,60,41645,0,15,16.534966603917375,3.7955410007270984,60.46015799802262,223.97248169047904
1789524065,10,,Aggregated,31.600000,0.000000,15,17,19,20,24,27,30,33,43,54,60,41675,0,15,16.533911471700623,3.7955410007270984,60.46015799802262,223.97329334133173
1789524066,10,,Aggregated,31.900000,0.000000,15,17,19,20,24,27,30,33,43,54,60,41705,0,15,16.535968687163034,3.7955410007270984,60.46015799802262,223.96997961875076
1789524067,10,,Aggregated,31.400000,0.000000,15,17,19,20,24,27,30,33,43,54,60,41738,0,15,16.536297239305785,3.7955410007270984,60.46015799802262,223.9733815707509
1789524068,10,,Aggregated,31.900000,0.000000,15,17,19,20,24,27,30,33,43,54,60,41766,0,15,16.536204791436504,3.7955410007270984,60.46015799802262,223.9713163817459
1789524069,10,,Aggregated,32.000000,0.000000,15,17,19,20,24,27,30,33,43,54,60,41797,0,15,16.537010495181914,3.7955410007270984,60.46015799802262,223.97076345192238
1789524070,10,,Aggregated,31.600000,0.000000,15,17,19,20,24,27,30,33,43,54,60,41829,0,15,16.536730840568264,3.7955410007270984,60.46015799802262,223.97061847043918
1789524071,10,,Aggregated,31.200000,0.000000,15,17,19,20,24,27,30,33,43,54,60,41861,0,15,16.535254559354307,3.7955410007270984,60.46015799802262,223.9725042402236
1789524072,10,,Aggregated,31.400000,0.000000,15,17,19,20,24,27,30,33,43,54,60,41889,0,15,16.534816661704962,3.7955410007270984,60.46015799802262,223.9727613454606
1789524073,10,,Aggregated,30.900000,0.000000,15,17,19,20,24,27,30,33,43,54,60,41917,0,15,16.535000822319827,3.7955410007270984,60.46015799802262,223.96748335997327
1789524074,10,,Aggregated,30.600000,0.000000,15,17,19,20,24,27,30,33,44,54,60,41953,0,15,16.5391526875592,3.7955410007270984,60.46015799802262,223.96367363478177
1789524075,10,,Aggregated,30.200000,0.000000,15,17,19,20,24,27,30,33,44,54,60,41981,0,15,16.538931848602317,3.7955410007270984,60.46015799802262,223.9660560729854
1789524076,10,,Aggregated,30.300000,0.000000,15,17,19,20,24,27,30,33,43,54,60,42014,0,15,16.538374410653113,3.7955410007270984,60.46015799802262,223.9674870281335
1789524077,10,,Aggregated,30.300000,0.000000,15,17,19,20,24,27,30,33,43,54,60,42050,0,15,16.537310771158122,3.7955410007270984,60.46015799802262,223.97241379310344
1789524078,10,,Aggregated,30.500000,0.000000,15,17,19,20,24,27,30,33,43,54,60,42079,0,15,16.53807285596597,3.7955410007270984,60.46015799802262,223.97181491955607
1789524079,10,,Aggregated,31.000000,0.000000,15,17,19,20,24,27,30,33,43,54,60,42108,0,15,16.537628575832933,3.7955410007270984,60.46015799802262,223.97451790633608
1789524080,10,,Aggregated,31.400000,0.000000,15,17,19,20,24,27,30,33,43,54,60,42141,0,15,16.5377370495997,3.7955410007270984,60.46015799802262,223.9746327804276
1789524081,10,,Aggregated,31.100000,0.000000,15,17,19,20,24,27,30,33,43,54,60,42173,0,15,16.535994268920465,3.7955410007270984,60.46015799802262,223.9788016029213
1789524082,10,,Aggregated,31.200000,0.000000,15,17,19,20,24,27,30,33,43,54,60,42209,0,15,16.534002912629585,3.7955410007270984,60.46015799802262,223.98573763889218
1789524083,10,,Aggregated,31.400000,0.000000,15,17,19,20,24,27,30,33,43,54,60,42233,0,15,16.533901290037775,3.7955410007270984,60.46015799802262,223.98721379016408
1789524084,10,,Aggregated,31.600000,0.000000,15,17,19,20,24,27,30,33,43,54,60,42265,0,15,16.53419803080967,3.7955410007270984,60.46015799802262,223.98717615047912
1789524085,10,,Aggregated,31.500000,0.000000,15,17,19,20,24,27,30,33,43,54,60,42294,0,15,16.535221540222334,3.7955410007270984,60.46015799802262,223.98990400529627
1789524086,10,,Aggregated,31.400000,0.000000,15,17,19,20,24,27,30,33,43,54,60,42323,0,15,16.535177472205362,3.7955410007270984,60.46015799802262,223.98929659995747
1789524087,10,,Aggregated,31.500000,0.000000,15,17,19,20,24,27,30,33,43,54,60,42358,0,15,16.53600899077276,3.7955410007270984,60.46015799802262,223.99039142546863
1789524088,10,,Aggregated,31.000000,0.000000,15,17,19,20,24,27,30,33,43,54,60,42384,0,15,16.534991274186982,3.7955410007270984,60.46015799802262,223.99169497923745
1789524089,10,,Aggregated,30.800000,0.000000,15,17,19,20,24,27,30,33,43,54,60,42414,0,15,16.53421560018239,3.7955410007270984,60.46015799802262,223.99585042674587
1789524090,10,,Aggregated,30.800000,0.000000,15,17,19,20,24,27,30,33,43,54,60,42450,0,15,16.53252751378411,3.7955410007270984,60.46015799802262,223.99861012956418
1789524091,10,,Aggregated,30.500000,0.000000,15,17,19,20,24,27,30,33,43,54,60,42484,0,15,16.533949574997244,3.7955410007270984,60.46015799802262,223.99717540721213
1789524092,10,,Aggregated,30.600000,0.000000,15,17,19,20,24,27,30,33,43,54,60,42515,0,15,16.53414937048558,3.7955410007270984,60.46015799802262,224.0018581677055
1789524093,10,,Aggregated,30.700000,0.000000,15,17,19,20,24,27,30,33,43,54,60,42545,0,15,16.53277093884535,3.7955410007270984,60.46015799802262,224.00820307909274
1789524094,10,,Aggregated,31.000000,0.000000,15,17,19,20,24,27,30,33,43,54,60,42581,0,15,16.531724712457923,3.7955410007270984,60.46015799802262,224.00885371409782
1789524095,10,,Aggregated,31.100000,0.000000,15,17,19,20,24,27,30,33,43,54,60,42613,0,15,16.531063718282894,3.7955410007270984,60.46015799802262,224.01278952432355
1789524096,10,,Aggregated,31.500000,0.000000,15,17,19,20,24,27,30,33,43,54,60,42644,0,15,16.529409306190207,3.7955410007270984,60.46015799802262,224.01310852640466
1789524097,10,,Aggregated,31.700000,0.000000,15,17,19,20,24,27,30,33,43,54,60,42675,0,15,16.529144616102833,3.7955410007270984,60.46015799802262,224.01459871118922
1789524098,10,,Aggregated,31.700000,0.000000,15,17,19,20,24,27,30,33,43,54,60,42705,0,15,16.529192283250204,3.7955410007270984,60.46015799802262,224.01671935370567
1789524099,10,,Aggregated,31.800000,0.000000,15,17,19,20,24,27,30,33,43,54,60,42739,0,15,16.528547092449656,3.7955410007270984,60.46015799802262,224.02388918786122
1789524100,10,,Aggregated,31.800000,0.000000,15,17,19,20,24,27,30,33,43,54,60,42769,0,15,16.53011786941989,3.7955410007270984,60.46015799802262,224.0258598517618
1789524101,10,,Aggregated,32.300000,0.000000,15,17,19,20,24,27,30,33,43,54,60,42807,0,15,16.528471847693627,3.7955410007270984,60.46015799802262,224.02628074847573
1789524102,10,,Aggregated,31.900000,0.000000,15,17,19,20,24,27,30,33,43,54,60,42838,0,15,16.528362880484945,3.7955410007270984,60.46015799802262,224.0296699192306
1789524103,10,,Aggregated,32.200000,0.000000,15,17,19,20,24,27,30,33,43,54,60,42874,0,15,16.527544294612365,3.7955410007270984,60.46015799802262,224.03347016840044
1789524104,10,,Aggregated,32.200000,0.000000,15,17,19,20,24,27,30,33,43,54,60,42904,0,15,16.528969738164683,3.7955410007270984,60.46015799802262,224.0311392877121
1789524105,10,,Aggregated,32.400000,0.000000,15,17,19,20,24,27,30,33,43,54,60,42937,0,15,16.529088938147872,3.7955410007270984,60.46015799802262,224.02827398281204
1789524106,10,,Aggregated,32.300000,0.000000,15,17,19,20,24,27,30,33,43,54,60,42968,0,15,16.52860934544905,3.7955410007270984,60.46015799802262,224.026345187116
1789524107,10,,Aggregated,31.900000,0.000000,15,17,19,20,24,27,30,33,43,54,60,42999,0,15,16.527981863397855,3.7955410007270984,60.46015799802262,224.02574478476242
1789524108,10,,Aggregated,32.300000,0.000000,15,17,19,20,24,27,30,33,43,54,60,43032,0,15,16.529467141296216,3.7955410007270984,60.46015799802262,224.02388919873582
1789524109,10,,Aggregated,32.200000,0.000000,15,17,19,20,24,27,30,33,43,54,60,43065,0,15,16.52975508949888,3.7955410007270984,60.46015799802262,224.02612330198536
1789524110,10,,Aggregated,32.300000,0.000000,15,17,19,20,24,27,30,33,43,54,60,43096,0,15,16.52904147130263,3.7955410007270984,60.46015799802262,224.02443382216447
1789524111,10,,Aggregated,32.100000,0.000000,15,17,19,20,24,27,30,33,43,54,60,43125,0,15,16.527362595345103,3.7955410007270984,60.46015799802262,224.0207536231884
1789524112,10,,Aggregated,32.800000,0.000000,15,17,19,20,24,27,30,33,43,54,60,43160,0,15,16.52820504242915,3.7955410007270984,60.46015799802262,224.0186515291937
1789524113,10,,Aggregated,32.200000,0.000000,15,17,19,20,24,27,30,33,43,54,60,43191,0,15,16.52889705425341,3.7955410007270984,60.46015799802262,224.01474844296266
1789524114,10,,Aggregated,31.900000,0.000000,15,17,19,20,24,27,30,33,43,54,60,43219,0,15,16.528837682229327,3.7955410007270984,60.46015799802262,224.0116615377496
1789524115,10,,Aggregated,31.900000,0.000000,15,17,19,20,24,27,30,33,43,54,60,43251,0,15,16.528312949625732,3.7955410007270984,60.46015799802262,224.0101962960394
1789524116,10,,Aggregated,31.500000,0.000000,15,17,19,20,24,27,30,33,43,54,60,43283,0,15,16.527567964080248,3.7955410007270984,60.46015799802262,224.00794769308968
1789524117,10,,Aggregated,31.600000,0.000000,15,17,19,20,24,27,30,33,43,54,60,43316,0,15,16.52711525619394,3.7955410007270984,60.46015799802262,224.00824175824175
1789524118,10,,Aggregated,31.600000,0.000000,15,17,19,20,24,27,30,33,43,54,60,43345,0,15,16.52705775965705,3.7955410007270984,60.46015799802262,224.00560618295074
1789524119,10,,Aggregated,31.900000,0.000000,15,17,19,20,24,27,30,33,43,54,60,43374,0,15,16.527016310885188,3.7955410007270984,60.46015799802262,224.00408078572417
1789524120,10,,Aggregated,31.200000,0.000000,15,17,19,20,24,27,30,33,43,54,60,43405,0,15,16.52727559602175,3.7955410007270984,60.46015799802262,224.0089160234996
1789524121,10,,Aggregated,31.700000,0.000000,15,17,19,20,24,27,30,33,43,54,60,43437,0,15,16.528052640866647,3.7955410007270984,60.46015799802262,224.00750512236112
1789524122,10,,Aggregated,30.900000,0.000000,15,17,19,20,24,27,30,33,43,54,60,43468,0,15,16.527239877273267,3.7955410007270984,60.46015799802262,224.008995122849
1789524123,10,,Aggregated,31.100000,0.000000,15,17,19,20,24,27,30,33,43,54,60,43501,0,15,16.527685077085856,3.7955410007270984,60.46015799802262,224.0124824716673
1789524124,10,,Aggregated,31.200000,0.000000,15,17,19,20,24,27,30,33,43,54,60,43532,0,15,16.527164880623992,3.7955410007270984,60.46015799802262,224.01601121014426
1789524125,10,,Aggregated,31.000000,0.000000,15,17,19,20,24,27,30,33,43,54,60,43565,0,15,16.527906303324702,3.7955410007270984,60.46015799802262,224.01207391254448
1789524126,10,,Aggregated,31.300000,0.000000,15,17,19,20,24,27,30,33,43,54,60,43594,0,15,16.52781537508272,3.7955410007270984,60.46015799802262,224.0105060329403
1789524127,10,,Aggregated,31.300000,0.000000,15,17,19,20,24,27,30,33,43,54,60,43628,0,15,16.529682377128303,3.7955410007270984,60.46015799802262,224.0101540295223
1789524128,10,,Aggregated,31.100000,0.000000,15,17,19,20,24,27,30,33,43,54,60,43658,0,15,16.531359974491423,3.7955410007270984,60.46015799802262,224.00783361583214
1789524129,10,,Aggregated,31.000000,0.000000,15,17,19,20,24,27,30,33,43,54,60,43687,0,15,16.531470822426662,3.7955410007270984,60.46015799802262,224.00613454803488
1789524130,10,,Aggregated,31.600000,0.000000,15,17,19,20,24,27,30,33,43,54,60,43718,0,15,16.531631449296444,3.7955410007270984,60.46015799802262,224.00951553136008
1789524131,10,,Aggregated,30.900000,0.000000,15,17,19,20,24,27,30,33,43,54,60,43744,0,15,16.53071667420316,3.7955410007270984,60.46015799802262,224.00649231894658
1789524132,10,,Aggregated,31.200000,0.000000,15,17,19,20,24,27,30,33,43,54,60,43778,0,15,16.531089555994836,3.7955410007270984,60.46015799802262,224.0081547809402
1789524133,10,,Aggregated,30.700000,0.000000,15,17,19,20,24,27,30,33,43,54,60,43805,0,15,16.53133649045474,3.7955410007270984,60.46015799802262,224.00783015637484
1789524134,10,,Aggregated,30.300000,0.000000,15,17,19,20,24,27,30,33,43,54,60,43837,0,15,16.53133728542946,3.7955410007270984,60.46015799802262,224.00663822798094
1789524135,10,,Aggregated,30.600000,0.000000,15,17,19,20,24,27,30,33,43,54,60,43870,0,15,16.531620564927792,3.7955410007270984,60.46015799802262,224.00879872350126
1789524136,10,,Aggregated,30.300000,0.000000,15,17,19,20,24,27,30,33,43,54,60,43901,0,15,16.530904059848393,3.7955410007270984,60.46015799802262,224.01025033598324
1789524137,10,,Aggregated,30.400000,0.000000,15,17,19,20,24,27,30,33,43,54,60,43933,0,15,16.53066229168097,3.7955410007270984,60.46015799802262,224.0141806842237
1789524138,10,,Aggregated,30.800000,0.000000,15,17,19,20,24,27,30,33,43,54,60,43967,0,15,16.530169372197754,3.7955410007270984,60.46015799802262,224.0147610708031
1789524139,10,,Aggregated,30.500000,0.000000,15,17,19,20,24,27,30,33,43,54,60,43997,0,15,16.528799711330826,3.7955410007270984,60.46015799802262,224.01675114212333
1789524140,10,,Aggregated,30.600000,0.000000,15,17,19,20,24,27,30,33,43,54,60,44025,0,15,16.530163535568445,3.7955410007270984,60.46015799802262,224.0138103350369
1789524141,10,,Aggregated,30.900000,0.000000,15,17,19,20,24,27,30,33,43,54,60,44060,0,15,16.5293919055699,3.7955410007270984,60.46015799802262,224.00758057194736
1789524142,10,,Aggregated,30.800000,0.000000,15,17,19,20,24,27,30,33,43,54,60,44094,0,15,16.530085962135406,3.7955410007270984,60.46015799802262,224.00716650791492
1789524143,10,,Aggregated,31.200000,0.000000,15,17,19,20,24,27,30,33,43,54,60,44125,0,15,16.528970884972143,3.7955410007270984,60.46015799802262,224.0023342776204
1789524144,10,,Aggregated,31.400000,0.000000,15,17,19,20,24,27,30,33,43,54,60,44158,0,15,16.529551530195846,3.7955410007270984,60.46015799802262,224.0046197744463
1789524145,10,,Aggregated,31.700000,0.000000,15,17,19,20,24,27,30,33,43,54,60,44188,0,15,16.52889417292877,3.7955410007270984,60.46015799802262,224.00660812890376
1789524146,10,,Aggregated,32.000000,0.000000,15,17,19,20,24,27,30,33,43,54,60,44222,0,15,16.529106197376187,3.7955410007270984,60.46015799802262,224.00531409705576
1789524147,10,,Aggregated,32.100000,0.000000,15,17,19,20,24,27,30,33,43,54,60,44253,0,15,16.529003439910966,3.7955410007270984,60.46015799802262,224.00144622963415
1789524148,10,,Aggregated,31.700000,0.000000,15,17,19,20,24,27,30,33,43,54,60,44283,0,15,16.529627930161993,3.7955410007270984,60.46015799802262,224.0024388591559
1789524149,10,,Aggregated,32.200000,0.000000,15,17,19,20,24,27,30,33,43,54,60,44315,0,15,16.52945623717362,3.7955410007270984,60.46015799802262,224.00719846553085
1789524150,10,,Aggregated,31.600000,0.000000,15,17,19,20,24,27,30,33,43,54,60,44346,0,15,16.529695287700033,3.7955410007270984,60.46015799802262,224.00967392774996
1789524151,10,,Aggregated,31.900000,0.000000,15,17,19,20,24,27,30,33,43,54,60,44377,0,15,16.528105341423057,3.7955410007270984,60.46015799802262,224.0100727854519
1789524152,10,,Aggregated,32.100000,0.000000,15,17,19,20,24,27,30,33,43,54,60,44408,0,15,16.52770231585193,3.7955410007270984,60.46015799802262,224.0143667807602
1789524153,10,,Aggregated,31.900000,0.000000,15,17,19,20,24,27,30,33,43,54,60,44443,0,15,16.528607776260635,3.7955410007270984,60.46015799802262,224.0165380374862
1789524154,10,,Aggregated,31.800000,0.000000,15,17,19,20,24,27,30,33,43,54,60,44470,0,15,16.52889474804031,3.7955410007270984,60.46015799802262,224.01614571621317
1789524155,10,,Aggregated,31.600000,0.000000,15,17,19,20,24,27,30,33,43,54,60,44500,0,15,16.528685644479925,3.7955410007270984,60.46015799802262,224.01296629213482
1789524156,10,,Aggregated,31.300000,0.000000,15,17,19,20,24,27,30,33,43,54,60,44530,0,15,16.52835509282231,3.7955410007270984,60.46015799802262,224.0159218504379
1789524157,10,,Aggregated,31.000000,0.000000,15,17,19,20,24,27,30,33,43,54,60,44561,0,15,16.52824507152802,3.7955410007270984,60.46015799802262,224.0182222122484
1789524158,10,,Aggregated,31.000000,0.000000,15,17,19,20,24,27,30,33,43,54,60,44592,0,15,16.527444217041996,3.7955410007270984,60.46015799802262,224.01854592752062
1789524159,10,,Aggregated,30.400000,0.000000,15,17,19,20,24,27,30,33,43,54,60,44626,0,15,16.527404042942354,3.7955410007270984,60.46015799802262,224.0130417245552
1789524160,10,,Aggregated,31.200000,0.000000,15,17,19,20,24,27,30,33,43,54,60,44653,0,15,16.5277796147029,3.7955410007270984,60.46015799802262,224.00962981210668
1789524161,10,,Aggregated,30.700000,0.000000,15,17,19,20,24,27,30,33,43,54,60,44687,0,15,16.52893101086102,3.7955410007270984,60.46015799802262,224.01011479848725
1789524162,10,,Aggregated,30.700000,0.000000,15,17,19,20,24,27,30,33,43,54,60,44718,0,15,16.528497549808606,3.7955410007270984,60.46015799802262,224.01153897759292
1789524163,10,,Aggregated,30.600000,0.000000,15,17,19,20,24,27,30,33,43,54,60,44748,0,15,16.527940031159424,3.7955410007270984,60.46015799802262,224.01347546259052
1789524164,10,,Aggregated,31.300000,0.000000,15,17,19,20,24,27,30,33,43,54,60,44783,0,15,16.5291455943845,3.7955410007270984,60.46015799802262,224.01359891030077
1789524165,10,,Aggregated,30.700000,0.000000,15,17,19,20,24,27,30,33,43,54,60,44813,0,15,16.530298359679374,3.7955410007270984,60.46015799802262,224.01238479905385
1789524166,10,,Aggregated,31.000000,0.000000,15,17,19,20,24,27,30,33,43,54,60,44846,0,15,16.529015533365886,3.7955410007270984,60.46015799802262,224.01781652767247
1789524167,10,,Aggregated,31.500000,0.000000,15,17,19,20,24,27,30,33,43,54,60,44876,0,15,16.53017271188017,3.7955410007270984,60.46015799802262,224.01365986273285
1789524168,10,,Aggregated,31.800000,0.000000,15,17,19,20,24,27,30,33,43,54,60,44909,0,15,16.53026264085899,3.7955410007270984,60.46015799802262,224.01583201585427
1789524169,10,,Aggregated,31.900000,0.000000,15,17,19,20,24,27,30,33,43,54,60,44945,0,15,16.53176842692908,3.7955410007270984,60.46015799802262,224.01423962620981
1789524170,10,,Aggregated,31.400000,0.000000,15,17,19,20,24,27,30,33,43,54,60,44976,0,15,16.5327862930742,3.7955410007270984,60.46015799802262,224.01236214870153
1789524171,10,,Aggregated,31.900000,0.000000,15,17,19,20,24,27,30,33,43,54,60,45008,0,15,16.533179739764087,3.7955410007270984,60.46015799802262,224.01008709562745
1789524172,10,,Aggregated,32.000000,0.000000,15,17,19,20,24,27,30,33,43,54,60,45039,0,15,16.532843179918025,3.7955410007270984,60.46015799802262,224.0134772086414
1789524173,10,,Aggregated,32.100000,0.000000,15,17,19,20,24,27,30,33,43,54,60,45071,0,15,16.533639478474715,3.7955410007270984,60.46015799802262,224.01928069046616
1789524174,10,,Aggregated,31.700000,0.000000,15,17,19,20,24,27,30,33,43,54,60,45106,0,15,16.534601704347832,3.7955410007270984,60.46015799802262,224.01840109963197
1789524175,10,,Aggregated,32.200000,0.000000,15,17,19,20,24,27,30,33,43,54,60,45141,0,15,16.53366454565247,3.7955410007270984,60.46015799802262,224.01637092665206
1789524176,10,,Aggregated,32.300000,0.000000,15,17,19,20,24,27,30,33,43,54,60,45169,0,15,16.53320139428125,3.7955410007270984,60.46015799802262,224.01751201044965
1789524177,10,,Aggregated,32.600000,0.000000,15,17,19,20,24,27,30,33,43,54,60,45201,0,15,16.532849185444846,3.7955410007270984,60.46015799802262,224.01918099157098
1789524178,10,,Aggregated,32.100000,0.000000,15,17,19,20,24,27,30,33,43,54,60,45230,0,15,16.531610173674075,3.7955410007270984,60.46015799802262,224.01958876851648
1789524179,10,,Aggregated,32.000000,0.000000,15,17,19,20,24,27,30,33,43,54,60,45257,0,15,16.53081048572063,3.7955410007270984,60.46015799802262,224.01820712817906
1789524180,10,,Aggregated,31.900000,0.000000,15,17,19,20,24,27,30,33,43,54,60,45285,0,15,16.5307962572211,3.7955410007270984,60.46015799802262,224.0223252732693
1789524181,10,,Aggregated,31.500000,0.000000,15,17,19,20,24,27,30,33,43,54,60,45314,0,15,16.530455744124612,3.7955410007270984,60.46015799802262,224.02284062320695
1789524182,10,,Aggregated,31.200000,0.000000,15,17,19,20,24,27,30,33,43,54,60,45345,0,15,16.529314369109343,3.7955410007270984,60.46015799802262,224.02822802955123
1789524183,10,,Aggregated,31.000000,0.000000,15,17,19,20,24,27,30,33,43,54,60,45372,0,15,16.530101871049467,3.7955410007270984,60.46015799802262,224.02391342678303
1789524184,10,,Aggregated,30.700000,0.000000,15,17,19,20,24,27,30,33,43,54,60,45404,0,15,16.52954793344824,3.7955410007270984,60.46015799802262,224.02768478548145
1789524185,10,,Aggregated,30.300000,0.000000,15,17,19,20,24,27,30,33,44,66,110,45435,0,15,16.537961475278014,3.7955410007270984,109.87715800001752,224.0260151865302
1789524186,10,,Aggregated,29.900000,0.000000,15,17,19,20,24,27,30,33,44,83,170,45464,0,15,16.542196133605827,3.7955410007270984,173.15892300393898,224.02749428118952
1789524187,10,,Aggregated,29.400000,0.000000,15,17,19,20,24,27,30,33,45,87,170,45498,0,15,16.545789616450065,3.7955410007270984,173.15892300393898,224.02714405028792
1789524188,10,,Aggregated,29.100000,0.000000,15,17,19,20,24,27,30,33,47,95,180,45530,0,15,16.557740063875688,3.7955410007270984,179.00398700294318,224.02591697781682
1789524189,10,,Aggregated,29.500000,0.000000,15,17,19,20,24,27,30,33,47,95,180,45558,0,15,16.556854932925976,3.7955410007270984,179.00398700294318,224.03419816497652
1789524190,10,,Aggregated,30.000000,0.000000,15,17,19,20,24,27,30,33,47,95,180,45586,0,15,16.556345998118328,3.7955410007270984,179.00398700294318,224.03516430483043
1789524191,10,,Aggregated,29.900000,0.000000,15,17,19,20,24,27,30,33,47,95,180,45623,0,15,16.554189552599322,3.7955410007270984,179.00398700294318,224.04111961072266
1789524192,10,,Aggregated,30.000000,0.000000,15,17,19,20,24,27,30,33,47,95,180,45654,0,15,16.553316745438632,3.7955410007270984,179.00398700294318,224.0394269943488
1789524193,10,,Aggregated,30.400000,0.000000,15,17,19,20,24,27,30,33,47,95,180,45684,0,15,16.552870085965314,3.7955410007270984,179.00398700294318,224.0411741528763
1789524194,10,,Aggregated,30.700000,0.000000,15,17,19,20,24,27,30,33,47,95,180,45714,0,15,16.551774072302717,3.7955410007270984,179.00398700294318,224.03607210045064
1789524195,10,,Aggregated,31.200000,0.000000,15,17,19,20,24,27,30,33,47,95,180,45745,0,15,16.552700154514806,3.7955410007270984,179.00398700294318,224.03738113455023
1789524196,10,,Aggregated,31.200000,0.000000,15,17,19,20,24,27,30,33,47,95,180,45783,0,15,16.551198044455003,3.7955410007270984,179.00398700294318,224.03579931415592
1789524197,10,,Aggregated,31.100000,0.000000,15,17,19,20,24,27,30,33,47,95,180,45813,0,15,16.551663704216843,3.7955410007270984,179.00398700294318,224.03966123152816
1789524198,10,,Aggregated,31.800000,0.000000,15,17,19,20,24,27,30,33,47,95,180,45843,0,15,16.55138175290231,3.7955410007270984,179.00398700294318,224.03758480029666
1789524199,10,,Aggregated,31.700000,0.000000,15,17,19,20,24,27,30,33,47,95,180,45875,0,15,16.55087108955415,3.7955410007270984,179.00398700294318,224.03335149863761
1789524200,10,,Aggregated,31.400000,0.000000,15,17,19,20,24,27,30,33,47,95,180,45905,0,15,16.551930160403398,3.7955410007270984,179.00398700294318,224.03034527829212
1789524201,10,,Aggregated,31.500000,0.000000,15,17,19,20,24,27,30,33,47,95,180,45941,0,15,16.55131542459545,3.7955410007270984,179.00398700294318,224.02886310702857
1789524202,10,,Aggregated,31.500000,0.000000,15,17,19,20,24,27,30,33,47,95,180,45971,0,15,16.551710270243323,3.7955410007270984,179.00398700294318,224.0288442713885
1789524203,10,,Aggregated,32.000000,0.000000,15,17,19,20,24,27,30,33,47,95,180,46005,0,15,16.551490831439686,3.7955410007270984,179.00398700294318,224.0286055863493
1789524204,10,,Aggregated,32.200000,0.000000,15,17,19,20,24,27,30,33,47,95,180,46038,0,15,16.552291706425187,3.7955410007270984,179.00398700294318,224.02680394456752
1789524205,10,,Aggregated,31.900000,0.000000,15,17,19,20,24,27,30,33,47,95,180,46068,0,15,16.551681631031233,3.7955410007270984,179.00398700294318,224.03162715985064
1789524206,10,,Aggregated,32.300000,0.000000,15,17,19,20,24,27,30,33,47,95,180,46098,0,15,16.5516200878204,3.7955410007270984,179.00398700294318,224.03347216798994
1789524207,10,,Aggregated,32.000000,0.000000,15,17,19,20,24,27,30,33,47,95,180,46131,0,15,16.55203087098334,3.7955410007270984,179.00398700294318,224.03173570917605
1789524208,10,,Aggregated,31.700000,0.000000,15,17,19,20,24,27,30,33,47,95,180,46158,0,15,16.552354588117673,3.7955410007270984,179.00398700294318,224.03436024091164
1789524209,10,,Aggregated,31.700000,0.000000,15,17,19,20,24,27,30,33,47,95,180,46192,0,15,16.553681366369165,3.7955410007270984,179.00398700294318,224.03403186698995
1789524210,10,,Aggregated,31.700000,0.000000,15,17,19,20,24,27,30,33,47,95,180,46223,0,15,16.5536595074823,3.7955410007270984,179.00398700294318,224.03721091231637
1789524211,10,,Aggregated,31.600000,0.000000,15,17,19,20,24,27,30,33,47,95,180,46251,0,15,16.55390087499494,3.7955410007270984,179.00398700294318,224.03721000627013
1789524212,10,,Aggregated,31.700000,0.000000,15,17,19,20,24,27,30,33,47,95,180,46282,0,15,16.553558453748586,3.7955410007270984,179.00398700294318,224.03461388876886
1789524213,10,,Aggregated,31.100000,0.000000,15,17,19,20,24,27,30,33,47,95,180,46314,0,15,16.554464493207078,3.7955410007270984,179.00398700294318,224.03439564710456
1789524214,10,,Aggregated,30.300000,0.000000,15,17,19,20,24,27,30,33,47,95,180,46343,0,15,16.555012673724175,3.7955410007270984,179.00398700294318,224.02982111645773
1789524215,10,,Aggregated,30.500000,0.000000,15,17,19,20,24,27,30,33,47,95,180,46377,0,15,16.555088660401108,3.7955410007270984,179.00398700294318,224.02945425534207
1789524216,10,,Aggregated,30.600000,0.000000,15,17,19,20,24,27,30,33,47,95,180,46410,0,15,16.55534354993388,3.7955410007270984,179.00398700294318,224.0315233785822
1789524217,10,,Aggregated,30.600000,0.000000,15,17,19,20,24,27,30,33,47,95,180,46442,0,15,16.554995065789615,3.7955410007270984,179.00398700294318,224.0322122216959
1789524218,10,,Aggregated,31.000000,0.000000,15,17,19,20,24,27,30,33,47,95,180,46471,0,15,16.554644331548825,3.7955410007270984,179.00398700294318,224.03260097695338
1789524219,10,,Aggregated,31.100000,0.000000,15,17,19,20,24,27,30,33,47,95,180,46504,0,15,16.55459559262427,3.7955410007270984,179.00398700294318,224.02885773266814
1789524220,10,,Aggregated,31.300000,0.000000,15,17,19,20,24,27,30,33,47,95,180,46537,0,15,16.55422610384007,3.7955410007270984,179.00398700294318,224.03300599522962
1789524221,10,,Aggregated,31.300000,0.000000,15,17,19,20,24,27,30,33,47,95,180,46571,0,15,16.55436406854926,3.7955410007270984,179.00398700294318,224.03551566425458
1789524222,10,,Aggregated,31.300000,0.000000,15,17,19,20,24,27,30,33,47,95,180,46598,0,15,16.554604464213714,3.7955410007270984,179.00398700294318,224.03304862869652
1789524223,10,,Aggregated,31.500000,0.000000,15,17,19,20,24,27,30,33,47,95,180,46627,0,15,16.554291613344663,3.7955410007270984,179.00398700294318,224.03249190383255
1789524224,10,,Aggregated,32.100000,0.000000,15,17,19,20,24,27,30,33,47,95,180,46661,0,15,16.555035022575083,3.7955410007270984,179.00398700294318,224.03409699749255
1789524225,10,,Aggregated,31.600000,0.000000,15,17,19,20,24,27,30,33,47,95,180,46689,0,15,16.555032556498514,3.7955410007270984,179.00398700294318,224.0321489001692
1789524226,10,,Aggregated,31.300000,0.000000,15,17,19,20,24,27,30,33,47,95,180,46723,0,15,16.554284771383834,3.7955410007270984,179.00398700294318,224.030884146994
1789524227,10,,Aggregated,31.500000,0.000000,15,17,19,20,24,27,30,33,47,95,180,46755,0,15,16.55674118969939,3.7955410007270984,179.00398700294318,224.03150465190888
1789524228,10,,Aggregated,31.100000,0.000000,15,17,19,20,24,27,30,33,47,95,180,46788,0,15,16.556186928686568,3.7955410007270984,179.00398700294318,224.0287039411815
1789524229,10,,Aggregated,30.800000,0.000000,15,17,19,20,24,27,30,33,47,95,180,46822,0,15,16.558681844333808,3.7955410007270984,179.00398700294318,224.03126735295373
1789524230,10,,Aggregated,31.000000,0.000000,15,17,19,20,24,27,30,33,47,95,180,46854,0,15,16.55784645019385,3.7955410007270984,179.00398700294318,224.03101122636275
1789524231,10,,Aggregated,31.400000,0.000000,15,17,19,20,24,27,30,33,47,95,180,46886,0,15,16.55942440614167,3.7955410007270984,179.00398700294318,224.03182186580216
1789524232,10,,Aggregated,31.900000,0.000000,15,17,19,20,24,27,30,33,47,95,180,46914,0,15,16.559086167973547,3.7955410007270984,179.00398700294318,224.02803001236305
1789524233,10,,Aggregated,31.700000,0.000000,15,17,19,20,24,27,30,33,47,95,180,46946,0,15,16.560300753831136,3.7955410007270984,179.00398700294318,224.03357048523836
1789524234,10,,Aggregated,31.500000,0.000000,15,17,19,20,24,27,30,33,47,95,180,46977,0,15,16.559741084155345,3.7955410007270984,179.00398700294318,224.0389339463993
1789524235,10,,Aggregated,31.900000,0.000000,15,17,19,20,24,27,30,33,47,95,180,47013,0,15,16.56010799341347,3.7955410007270984,179.00398700294318,224.0442430817008
1789524236,10,,Aggregated,31.700000,0.000000,15,17,19,20,24,27,30,33,47,95,180,47049,0,15,16.559674598532208,3.7955410007270984,179.00398700294318,224.0398733235563
1789524237,10,,Aggregated,32.300000,0.000000,15,17,19,20,24,27,30,33,47,95,180,47081,0,15,16.55919738377156,3.7955410007270984,179.00398700294318,224.0356831842994
1789524238,10,,Aggregated,32.400000,0.000000,15,17,19,20,24,27,30,33,47,95,180,47115,0,15,16.561588226941804,3.7955410007270984,179.00398700294318,224.0353178393293
1789524239,10,,Aggregated,32.800000,0.000000,15,17,19,20,24,27,30,33,47,95,180,47147,0,15,16.562402196774823,3.7955410007270984,179.00398700294318,224.03221838080896
1789524240,10,,Aggregated,33.100000,0.000000,15,17,19,20,24,27,30,33,47,95,180,47177,0,15,16.563259733118326,3.7955410007270984,179.00398700294318,224.0283824745109
1789524241,10,,Aggregated,32.600000,0.000000,15,17,19,20,24,27,30,33,47,95,180,47209,0,15,16.56293476545463,3.7955410007270984,179.00398700294318,224.0320066089093
1789524242,10,,Aggregated,32.200000,0.000000,15,17,19,20,24,27,30,33,47,95,180,47238,0,15,16.56340266542523,3.7955410007270984,179.00398700294318,224.03444260976332
1789524243,10,,Aggregated,32.000000,0.000000,15,17,19,20,24,27,30,33,47,95,180,47269,0,15,16.56425253970607,3.7955410007270984,179.00398700294318,224.03382766718144
1789524244,10,,Aggregated,32.300000,0.000000,15,17,19,20,24,27,30,33,47,95,180,47300,0,15,16.56388750358086,3.7955410007270984,179.00398700294318,224.02928118393234
1789524245,10,,Aggregated,32.000000,0.000000,15,17,19,20,24,27,30,33,47,95,180,47335,0,15,16.564370272279984,3.7955410007270984,179.00398700294318,224.02552022816099
1789524246,10,,Aggregated,32.300000,0.000000,15,17,19,20,24,27,30,33,47,95,180,47364,0,15,16.564882317991533,3.7955410007270984,179.00398700294318,224.01919179123385
1789524247,10,,Aggregated,31.800000,0.000000,15,17,19,20,24,27,30,33,47,95,180,47396,0,15,16.565238352948572,3.7955410007270984,179.00398700294318,224.01998058907924
1789524248,10,,Aggregated,31.600000,0.000000,15,17,19,20,24,27,30,33,47,95,180,47429,0,15,16.563925165728868,3.7955410007270984,179.00398700294318,224.01621370891226
1789524249,10,,Aggregated,31.500000,0.000000,15,17,19,20,24,27,30,33,47,95,180,47460,0,15,16.564587686564852,3.7955410007270984,179.00398700294318,224.01276864728192
1789524250,10,,Aggregated,31.000000,0.000000,15,17,19,20,24,27,30,33,47,95,180,47496,0,15,16.564360455750986,3.7955410007270984,179.00398700294318,224.0160224018865
1789524251,10,,Aggregated,31.700000,0.000000,15,17,19,20,24,27,30,33,47,95,180,47529,0,15,16.563759681380482,3.7955410007270984,179.00398700294318,224.01420185570913
1789524252,10,,Aggregated,31.400000,0.000000,15,17,19,20,24,27,30,33,47,95,180,47555,0,15,16.56289272022595,3.7955410007270984,179.00398700294318,224.01341604457997
1789524253,10,,Aggregated,32.000000,0.000000,15,17,19,20,24,27,30,33,47,95,180,47591,0,15,16.56338010813703,3.7955410007270984,179.00398700294318,224.01292261141813
1789524254,10,,Aggregated,31.700000,0.000000,15,17,19,20,24,27,30,33,47,95,180,47622,0,15,16.562900228221142,3.7955410007270984,179.00398700294318,224.01717693503002
1789524255,10,,Aggregated,31.800000,0.000000,15,17,19,20,24,27,30,33,47,95,180,47654,0,15,16.56410060497204,3.7955410007270984,179.00398700294318,224.01309438871868
1789524256,10,,Aggregated,31.900000,0.000000,15,17,19,20,24,27,30,33,47,95,180,47681,0,15,16.56308854076777,3.7955410007270984,179.00398700294318,224.01273043770055
1789524257,10,,Aggregated,31.900000,0.000000,15,17,19,20,24,27,30,33,47,95,180,47715,0,15,16.56384111982276,3.7955410007270984,179.00398700294318,224.0065597820392
1789524258,10,,Aggregated,32.200000,0.000000,15,17,19,20,24,27,30,33,47,95,180,47746,0,15,16.563618031192988,3.7955410007270984,179.00398700294318,224.00297407112637
1789524259,10,,Aggregated,31.700000,0.000000,15,17,19,20,24,27,30,33,47,95,180,47774,0,15,16.563427397943627,3.7955410007270984,179.00398700294318,224.00389333110058
1789524260,10,,Aggregated,32.000000,0.000000,15,17,19,20,24,27,30,33,47,95,180,47809,0,15,16.563250172443436,3.7955410007270984,179.00398700294318,224.00483172624402
1789524261,10,,Aggregated,31.500000,0.000000,15,17,19,20,24,27,30,33,47,95,180,47846,0,15,16.563831251418296,3.7955410007270984,179.00398700294318,224.00286335325836
1789524262,10,,Aggregated,31.500000,0.000000,15,17,19,20,24,27,30,33,47,95,180,47872,0,15,16.564985449852475,3.7955410007270984,179.00398700294318,224.00210979278074
1789524263,10,,Aggregated,31.200000,0.000000,15,17,19,20,24,27,30,33,47,95,180,47902,0,15,16.56497121991467,3.7955410007270984,179.00398700294318,223.999164961797
1789524264,10,,Aggregated,31.500000,0.000000,15,17,19,20,24,27,30,33,47,95,180,47931,0,15,16.56424114342165,3.7955410007270984,179.00398700294318,223.99858129394337
1789524265,10,,Aggregated,31.600000,0.000000,15,17,19,20,24,27,30,33,47,95,180,47966,0,15,16.564837238134192,3.7955410007270984,179.00398700294318,223.9939123545845
1789524266,10,,Aggregated,31.000000,0.000000,15,17,19,20,24,27,30,33,47,95,180,48000,0,15,16.563591709090584,3.7955410007270984,179.00398700294318,223.99079166666667
1789524267,10,,Aggregated,31.200000,0.000000,15,17,19,20,24,27,30,33,47,95,180,48029,0,15,16.563245785949345,3.7955410007270984,179.00398700294318,223.9893397738866
1789524268,10,,Aggregated,31.200000,0.000000,15,17,19,20,24,27,30,33,47,95,180,48064,0,15,16.56355726656892,3.7955410007270984,179.00398700294318,223.990387816245
1789524269,10,,Aggregated,31.500000,0.000000,15,17,19,20,24,27,30,33,47,95,180,48094,0,15,16.56465772240571,3.7955410007270984,179.00398700294318,223.98839772112945
1789524270,10,,Aggregated,31.200000,0.000000,15,17,19,20,24,27,30,33,47,95,180,48127,0,15,16.563475517929277,3.7955410007270984,179.00398700294318,223.98859268186257
1789524271,10,,Aggregated,31.600000,0.000000,15,17,19,20,24,27,30,33,47,95,180,48158,0,15,16.563047331624777,3.7955410007270984,179.00398700294318,223.987956310478
1789524272,10,,Aggregated,31.700000,0.000000,15,17,19,20,24,27,30,33,47,95,180,48187,0,15,16.563054325219845,3.7955410007270984,179.00398700294318,223.98920870774276
1789524273,10,,Aggregated,31.700000,0.000000,15,17,19,20,24,27,30,33,47,95,180,48215,0,15,16.56286717053482,3.7955410007270984,179.00398700294318,223.98929793632686
1789524274,10,,Aggregated,31.200000,0.000000,15,17,19,20,24,27,30,33,47,95,180,48250,0,15,16.562816867364855,3.7955410007270984,179.00398700294318,223.99115025906735
1789524275,10,,Aggregated,31.300000,0.000000,15,17,19,20,24,27,30,33,47,95,180,48280,0,15,16.56280456083999,3.7955410007270984,179.00398700294318,223.99399337199668
1789524276,10,,Aggregated,31.600000,0.000000,15,17,19,20,24,27,30,33,47,95,180,48315,0,15,16.56420011698959,3.7955410007270984,179.00398700294318,223.99027217220325
1789524277,10,,Aggregated,31.700000,0.000000,15,17,19,20,24,27,30,33,47,95,180,48350,0,15,16.56423159491848,3.7955410007270984,179.00398700294318,223.99201654601862
1789524278,10,,Aggregated,31.700000,0.000000,15,17,19,20,24,27,30,33,47,95,180,48382,0,15,16.564807487625753,3.7955410007270984,179.00398700294318,223.9890661816378
1789524279,10,,Aggregated,31.800000,0.000000,15,17,19,20,24,27,30,33,47,95,180,48412,0,15,16.566201197519415,3.7955410007270984,179.00398700294318,223.9899405106172
1789524280,10,,Aggregated,32.100000,0.000000,15,17,19,20,24,27,30,33,47,95,180,48445,0,15,16.565746774533924,3.7955410007270984,179.00398700294318,223.9901124987099
1789524281,10,,Aggregated,31.700000,0.000000,15,17,19,20,24,27,30,33,47,95,180,48478,0,15,16.564962772500834,3.7955410007270984,179.00398700294318,223.9893766244482
1789524282,10,,Aggregated,31.700000,0.000000,15,17,19,20,24,27,30,33,47,95,180,48509,0,15,16.566459499789925,3.7955410007270984,179.00398700294318,223.98874435671732
1789524283,10,,Aggregated,31.900000,0.000000,15,17,19,20,24,27,30,33,47,95,180,48540,0,15,16.56621865861837,3.7955410007270984,179.00398700294318,223.98627935723115
1789524284,10,,Aggregated,32.000000,0.000000,15,17,19,20,24,27,30,33,47,95,180,48572,0,15,16.56713956914204,3.7955410007270984,179.00398700294318,223.98233550193527
1789524285,10,,Aggregated,32.100000,0.000000,15,17,19,20,24,27,30,33,47,95,180,48609,0,15,16.565067120128532,3.7955410007270984,179.00398700294318,223.98422102902754
1789524286,10,,Aggregated,32.300000,0.000000,15,17,19,20,24,27,30,33,47,95,180,48639,0,15,16.564924904795877,3.7955410007270984,179.00398700294318,223.98404572462428
1789524287,10,,Aggregated,32.200000,0.000000,15,17,19,20,24,27,30,33,47,95,180,48675,0,15,16.5656361039417,3.7955410007270984,179.00398700294318,223.9863585002568
1789524288,10,,Aggregated,32.300000,0.000000,15,17,19,20,24,27,30,33,47,95,180,48703,0,15,16.565557143181266,3.7955410007270984,179.00398700294318,223.9883169414615
1789524289,10,,Aggregated,32.100000,0.000000,15,17,19,20,24,27,30,33,47,95,180,48733,0,15,16.564770970582106,3.7955410007270984,179.00398700294318,223.98631317587672
1789524290,10,,Aggregated,32.300000,0.000000,15,17,19,20,24,27,30,33,47,95,180,48764,0,15,16.564006522749988,3.7955410007270984,179.00398700294318,223.99124354031662
1789524291,10,,Aggregated,32.300000,0.000000,15,17,19,20,24,27,30,33,47,95,180,48793,0,15,16.563977080121894,3.7955410007270984,179.00398700294318,223.99274486094316
1789524292,10,,Aggregated,31.900000,0.000000,15,17,19,20,24,27,30,33,47,95,180,48827,0,15,16.56555404205397,3.7955410007270984,179.00398700294318,223.99242222540806
1789524293,10,,Aggregated,31.600000,0.000000,15,17,19,20,24,27,30,33,47,95,180,48854,0,15,16.564561706623575,3.7955410007270984,179.00398700294318,223.9921603144062
1789524294,10,,Aggregated,31.700000,0.000000,15,17,19,20,24,27,30,33,47,95,180,48890,0,15,16.564193507207214,3.7955410007270984,179.00398700294318,223.9898752301084
1789524295,10,,Aggregated,31.600000,0.000000,15,17,19,20,24,27,30,33,47,95,180,48918,0,15,16.56357553829595,3.7955410007270984,179.00398700294318,223.99178216607385
1789524296,10,,Aggregated,31.500000,0.000000,15,17,19,20,24,27,30,33,47,95,180,48952,0,15,16.563428172523988,3.7955410007270984,179.00398700294318,223.99521980715804
1789524297,10,,Aggregated,31.300000,0.000000,15,17,19,20,24,27,30,33,47,95,180,48982,0,15,16.562885449458907,3.7955410007270984,179.00398700294318,223.99326283124412
1789524298,10,,Aggregated,31.000000,0.000000,15,17,19,20,24,27,30,33,46,95,180,49014,0,15,16.565380196462375,3.7955410007270984,179.00398700294318,223.99498102582936
1789524299,10,,Aggregated,31.200000,0.000000,15,17,19,20,24,27,30,33,46,95,180,49043,0,15,16.566186749146944,3.7955410007270984,179.00398700294318,224.00010195134882
1789524300,10,,Aggregated,30.800000,0.000000,15,17,19,20,24,27,30,33,46,95,180,49078,0,15,16.56706265639227,3.7955410007270984,179.00398700294318,224.00026488446963
1789524301,10,,Aggregated,31.000000,0.000000,15,17,19,20,24,27,30,33,46,95,180,49108,0,15,16.567693024913257,3.7955410007270984,179.00398700294318,224.00205669137412
1789524302,10,,Aggregated,31.300000,0.000000,15,17,19,20,24,27,30,33,46,95,180,49142,0,15,16.567484715772103,3.7955410007270984,179.00398700294318,224.00549428187702
1789524303,10,,Aggregated,31.200000,0.000000,15,17,19,20,24,27,30,33,46,95,180,49170,0,15,16.567526636759766,3.7955410007270984,179.00398700294318,224.00284726459222
1789524304,10,,Aggregated,31.500000,0.000000,15,17,19,20,24,27,30,33,46,95,180,49203,0,15,16.568521705027827,3.7955410007270984,179.00398700294318,224.00195110054264
1789524305,10,,Aggregated,31.600000,0.000000,15,17,19,20,24,27,30,33,46,95,180,49233,0,15,16.56790772931711,3.7955410007270984,179.00398700294318,224.00745434972478
1789524306,10,,Aggregated,31.400000,0.000000,15,17,19,20,24,27,30,33,46,95,180,49262,0,15,16.568123207187412,3.7955410007270984,179.00398700294318,224.00702366935974
1789524307,10,,Aggregated,31.700000,0.000000,15,17,19,20,24,27,30,33,46,95,180,49294,0,15,16.569151473130205,3.7955410007270984,179.00398700294318,224.00864202539861
1789524308,10,,Aggregated,31.300000,0.000000,15,17,19,20,24,27,30,33,46,95,180,49328,0,15,16.568046220472397,3.7955410007270984,179.00398700294318,224.01291355822252
1789524309,10,,Aggregated,31.200000,0.000000,15,17,19,20,24,27,30,33,46,95,180,49359,0,15,16.569362037105293,3.7955410007270984,179.00398700294318,224.01412103162545
1789524310,10,,Aggregated,31.200000,0.000000,15,17,19,20,24,27,30,33,46,95,180,49391,0,15,16.568802924064432,3.7955410007270984,179.00398700294318,224.01214796217934
1789524311,10,,Aggregated,30.900000,0.000000,15,17,19,20,24,27,30,33,46,95,180,49421,0,15,16.568248520941967,3.7955410007270984,179.00398700294318,224.00829606847293
1789524312,10,,Aggregated,31.200000,0.000000,15,17,19,20,24,27,30,33,46,95,180,49449,0,15,16.567789379147627,3.7955410007270984,179.00398700294318,224.00746223381665
1789524313,10,,Aggregated,31.300000,0.000000,15,17,19,20,24,27,30,33,46,95,180,49483,0,15,16.567282762715642,3.7955410007270984,179.00398700294318,224.0071135541499
1789524314,10,,Aggregated,31.200000,0.000000,15,17,19,20,24,27,30,33,46,95,180,49518,0,15,16.56804823188452,3.7955410007270984,179.00398700294318,224.01088493073226
1789524315,10,,Aggregated,30.600000,0.000000,15,17,19,20,24,27,30,33,46,95,180,49545,0,15,16.567024135925713,3.7955410007270984,179.00398700294318,224.01162579473205
1789524316,10,,Aggregated,30.900000,0.000000,15,17,19,20,24,27,30,33,46,95,180,49574,0,15,16.568210809848402,3.7955410007270984,179.00398700294318,224.01117521281316
1789524317,10,,Aggregated,30.700000,0.000000,15,17,19,20,24,27,30,33,46,95,180,49606,0,15,16.56841720260504,3.7955410007270984,179.00398700294318,224.0101600612829
1789524318,10,,Aggregated,31.200000,0.000000,15,17,19,20,24,27,30,33,46,95,180,49634,0,15,16.568414351038253,3.7955410007270984,179.00398700294318,224.00755530483136
1789524319,10,,Aggregated,31.100000,0.000000,15,17,19,20,24,27,30,33,46,95,180,49662,0,15,16.568837895321007,3.7955410007270984,179.00398700294318,224.00477226048085
1789524320,10,,Aggregated,30.900000,0.000000,15,17,19,20,24,27,30,33,46,95,180,49692,0,15,16.5689230798598,3.7955410007270984,179.00398700294318,224.00561458584883
1789524321,10,,Aggregated,30.600000,0.000000,15,17,19,20,24,27,30,33,46,95,180,49721,0,15,16.56928777784815,3.7955410007270984,179.00398700294318,224.00339896623157
1789524322,10,,Aggregated,30.200000,0.000000,15,17,19,20,24,27,30,33,46,95,180,49753,0,15,16.56981233096265,3.7955410007270984,179.00398700294318,224.00313548931723
1789524323,10,,Aggregated,29.900000,0.000000,15,17,19,20,24,27,30,33,46,95,180,49786,0,15,16.56946031871218,3.7955410007270984,179.00398700294318,224.0069497449082
1789524324,10,,Aggregated,29.700000,0.000000,15,17,19,20,24,27,30,33,46,95,180,49818,0,15,16.568408839343366,3.7955410007270984,179.00398700294318,224.01124091693765
1789524325,10,,Aggregated,30.800000,0.000000,15,17,19,20,24,27,30,33,46,95,180,49855,0,15,16.56776654171854,3.7955410007270984,179.00398700294318,224.0139604854077
1789524326,10,,Aggregated,30.600000,0.000000,15,17,19,20,24,27,30,33,46,95,180,49887,0,15,16.56753128487102,3.7955410007270984,179.00398700294318,224.0145929801351
1789524327,10,,Aggregated,30.600000,0.000000,15,17,19,20,24,27,30,33,46,95,180,49916,0,15,16.56734845324872,3.7955410007270984,179.00398700294318,224.02053449795656
1789524328,10,,Aggregated,31.100000,0.000000,15,17,19,20,24,27,30,33,46,95,180,49942,0,15,16.566885810487356,3.7955410007270984,179.00398700294318,224.01886187978056
1789524329,10,,Aggregated,31.100000,0.000000,15,17,19,20,24,27,30,33,46,95,180,49978,0,15,16.567138870710007,3.7955410007270984,179.00398700294318,224.0184881347793
1789524330,10,,Aggregated,30.800000,0.000000,15,17,19,20,24,27,30,33,46,91,180,50013,0,15,16.566392500776146,3.7955410007270984,179.00398700294318,224.02035470777597
1789524331,10,,Aggregated,31.100000,0.000000,15,17,19,20,24,27,30,33,46,91,180,50042,0,15,16.565872586573594,3.7955410007270984,179.00398700294318,224.025338715479
1789524332,10,,Aggregated,31.800000,0.000000,15,17,19,20,24,27,30,33,46,91,180,50074,0,15,16.56584188707367,3.7955410007270984,179.00398700294318,224.02244677876743
1789524333,10,,Aggregated,32.200000,0.000000,15,17,19,20,24,27,30,33,46,91,180,50101,0,15,16.566178744861908,3.7955410007270984,179.00398700294318,224.02207540767648
1789524334,10,,Aggregated,32.500000,0.000000,15,17,19,20,24,27,30,33,46,91,180,50131,0,15,16.565469530656564,3.7955410007270984,179.00398700294318,224.02473519379225
1789524335,10,,Aggregated,31.500000,0.000000,15,17,19,20,24,27,30,33,46,91,180,50162,0,15,16.565200121512515,3.7955410007270984,179.00398700294318,224.02322475180415
1789524336,10,,Aggregated,31.200000,0.000000,15,17,19,20,24,27,30,33,46,91,180,50193,0,15,16.56519988915394,3.7955410007270984,179.00398700294318,224.0216564062718
1789524337,10,,Aggregated,31.000000,0.000000,15,17,19,20,24,27,30,33,46,91,180,50226,0,15,16.56647459971547,3.7955410007270984,179.00398700294318,224.0199100067694
1789524338,10,,Aggregated,30.700000,0.000000,15,17,19,20,24,27,30,33,46,91,180,50264,0,15,16.566005465110614,3.7955410007270984,179.00398700294318,224.01840283304153
1789524339,10,,Aggregated,31.100000,0.000000,15,17,19,20,24,27,30,33,46,91,180,50295,0,15,16.565919655777275,3.7955410007270984,179.00398700294318,224.01596580176957
1789524340,10,,Aggregated,31.100000,0.000000,15,17,19,20,24,27,30,33,46,91,180,50325,0,15,16.5653563560123,3.7955410007270984,179.00398700294318,224.02038748137107
1789524341,10,,Aggregated,31.800000,0.000000,15,17,19,20,24,27,30,33,46,91,180,50355,0,15,16.566720502617652,3.7955410007270984,179.00398700294318,224.0202561811141
1789524342,10,,Aggregated,31.600000,0.000000,15,17,19,20,24,27,30,33,46,91,180,50383,0,15,16.5673217611161,3.7955410007270984,179.00398700294318,224.02032431574142
1789524343,10,,Aggregated,31.000000,0.000000,15,17,19,20,24,27,30,33,46,91,180,50415,0,15,16.567214487281912,3.7955410007270984,179.00398700294318,224.02285034216007
1789524344,10,,Aggregated,30.900000,0.000000,15,17,19,20,24,27,30,33,46,91,180,50450,0,15,16.56656272878695,3.7955410007270984,179.00398700294318,224.0218632309217
1789524345,10,,Aggregated,31.100000,0.000000,15,17,19,20,24,27,30,33,46,91,180,50480,0,15,16.56744447882933,3.7955410007270984,179.00398700294318,224.0226624405705
1789524346,10,,Aggregated,31.600000,0.000000,15,17,19,20,24,27,30,33,46,91,180,50511,0,15,16.568267904819102,3.7955410007270984,179.00398700294318,224.02385618974085
1789524347,10,,Aggregated,32.000000,0.000000,15,17,19,20,24,27,30,33,46,91,180,50548,0,15,16.569039425284704,3.7955410007270984,179.00398700294318,224.0246102714252
1789524348,10,,Aggregated,31.700000,0.000000,15,17,19,20,24,27,30,33,46,91,180,50580,0,15,16.570620710919236,3.7955410007270984,179.00398700294318,224.02251878212732
1789524349,10,,Aggregated,31.400000,0.000000,15,17,19,20,24,27,30,33,46,91,180,50607,0,15,16.572389633554533,3.7955410007270984,179.00398700294318,224.0230600509811
1789524350,10,,Aggregated,32.100000,0.000000,15,17,19,20,24,27,30,33,46,91,180,50636,0,15,16.573339298133856,3.7955410007270984,179.00398700294318,224.02162493087923
1789524351,10,,Aggregated,31.600000,0.000000,15,17,19,20,24,27,30,33,46,91,180,50665,0,15,16.576446100272285,3.7955410007270984,179.00398700294318,224.02291522747458
1789524352,10,,Aggregated,31.200000,0.000000,15,17,19,20,24,27,30,33,46,91,180,50695,0,15,16.57722894132206,3.7955410007270984,179.00398700294318,224.0201400532597
1789524353,10,,Aggregated,31.700000,0.000000,15,17,19,20,24,27,30,33,46,91,180,50732,0,15,16.580008516524526,3.7955410007270984,179.00398700294318,224.01738547662225
1789524354,10,,Aggregated,31.000000,0.000000,15,17,19,20,24,27,30,33,46,91,180,50761,0,15,16.580058880190133,3.7955410007270984,179.00398700294318,224.0187348554993
1789524355,10,,Aggregated,31.200000,0.000000,15,17,19,20,24,27,30,33,46,91,180,50792,0,15,16.57942732332511,3.7955410007270984,179.00398700294318,224.0181524649551
1789524356,10,,Aggregated,31.300000,0.000000,15,17,19,20,24,27,30,33,46,91,180,50825,0,15,16.579544210218323,3.7955410007270984,179.00398700294318,224.01568125922282
1789524357,10,,Aggregated,30.900000,0.000000,15,17,19,20,24,27,30,33,46,91,180,50853,0,15,16.579102470539354,3.7955410007270984,179.00398700294318,224.0184256582699
1789524358,10,,Aggregated,31.100000,0.000000,15,17,19,20,24,27,30,33,47,110,180,50888,0,15,16.590467275336774,3.7955410007270984,179.00398700294318,224.01387360477912
1789524359,10,,Aggregated,30.900000,0.000000,15,17,19,20,24,27,30,33,47,110,180,50918,0,15,16.590818595591493,3.7955410007270984,179.00398700294318,224.01736124749598
1789524360,10,,Aggregated,30.900000,0.000000,15,17,19,20,24,27,30,33,47,110,180,50948,0,15,16.590180509231935,3.7955410007270984,179.00398700294318,224.01727251315066
1789524361,10,,Aggregated,30.700000,0.000000,15,17,19,20,24,27,30,33,47,110,180,50977,0,15,16.589531824692777,3.7955410007270984,179.00398700294318,224.01502638444788
1789524362,10,,Aggregated,30.600000,0.000000,15,17,19,20,24,27,30,33,47,110,180,51009,0,15,16.58992204619522,3.7955410007270984,179.00398700294318,224.01389950792998
1789524363,10,,Aggregated,30.900000,0.000000,15,17,19,20,24,27,30,33,47,110,180,51041,0,15,16.59023673819826,3.7955410007270984,179.00398700294318,224.01998393448403
1789524364,10,,Aggregated,31.000000,0.000000,15,17,19,20,24,27,30,33,48,130,180,51068,0,15,16.601755393051466,3.7955410007270984,179.00398700294318,224.0178193780841
1789524365,10,,Aggregated,31.200000,0.000000,15,17,19,20,24,27,30,33,48,130,180,51099,0,15,16.601867224394894,3.7955410007270984,179.00398700294318,224.01806297579208
1789524366,10,,Aggregated,31.000000,0.000000,15,17,19,20,24,27,30,33,48,130,180,51132,0,15,16.601671775959694,3.7955410007270984,179.00398700294318,224.01558710787765
1789524367,10,,Aggregated,30.900000,0.000000,15,17,19,20,24,27,30,33,48,130,180,51162,0,15,16.602047401340094,3.7955410007270984,179.00398700294318,224.01200109456238
1789524368,10,,Aggregated,30.700000,0.000000,15,17,19,20,24,27,30,33,48,130,180,51191,0,15,16.60220661425613,3.7955410007270984,179.00398700294318,224.0114863940927
1789524369,10,,Aggregated,30.800000,0.000000,15,17,19,20,24,27,30,33,50,130,190,51221,0,15,16.616261315874585,3.7955410007270984,192.644057002326,224.01226059623983
1789524370,10,,Aggregated,30.200000,0.000000,15,17,19,20,24,27,30,33,50,130,190,51251,0,15,16.6153363440214,3.7955410007270984,192.644057002326,224.01395094729858
1789524371,10,,Aggregated,30.500000,0.000000,15,17,19,20,24,27,30,33,50,130,190,51283,0,15,16.615696195394833,3.7955410007270984,192.644057002326,224.01370824639744
1789524372,10,,Aggregated,30.600000,0.000000,15,17,19,20,24,27,30,33,50,130,190,51314,0,15,16.61672395598603,3.7955410007270984,192.644057002326,224.01225786335112
1789524373,10,,Aggregated,30.100000,0.000000,15,17,19,20,24,27,30,33,50,130,190,51348,0,15,16.61633979293222,3.7955410007270984,192.644057002326,224.01182129781103
1789524374,10,,Aggregated,30.700000,0.000000,15,17,19,20,24,27,30,33,50,130,190,51375,0,15,16.61918884946904,3.7955410007270984,192.644057002326,224.00967396593674
1789524375,10,,Aggregated,30.600000,0.000000,15,17,19,20,24,27,30,34,53,130,190,51410,0,15,16.62554841450093,3.7955410007270984,192.644057002326,224.00698307722234
1789524376,10,,Aggregated,30.600000,0.000000,15,17,19,20,24,27,30,34,53,130,190,51441,0,15,16.625961474339636,3.7955410007270984,192.644057002326,224.0081646935324
1789524377,10,,Aggregated,30.500000,0.000000,15,17,19,20,24,27,30,34,53,130,190,51480,0,15,16.624837496474427,3.7955410007270984,192.644057002326,224.01151903651905
1789524378,10,,Aggregated,31.100000,0.000000,15,17,19,20,24,27,30,33,53,130,190,51513,0,15,16.62430657139872,3.7955410007270984,192.644057002326,224.0062508493002
1789524379,10,,Aggregated,31.200000,0.000000,15,17,19,20,24,27,30,34,53,130,190,51544,0,15,16.62492103182665,3.7955410007270984,192.644057002326,224.0056456619587
1789524380,10,,Aggregated,31.900000,0.000000,15,17,19,20,24,27,30,34,53,170,210,51575,0,15,16.633137677392174,3.7955410007270984,207.43083800334716,224.00595249636453
1789524381,10,,Aggregated,32.200000,0.000000,15,17,19,20,24,27,30,34,53,170,210,51605,0,15,16.63518307672704,3.7955410007270984,207.43083800334716,224.00585214610987
1789524382,10,,Aggregated,32.100000,0.000000,15,17,19,20,24,27,30,34,53,170,210,51638,0,15,16.635442013643143,3.7955410007270984,207.43083800334716,224.0033696115264
1789524383,10,,Aggregated,32.200000,0.000000,15,17,19,20,24,27,30,34,53,170,210,51677,0,15,16.634097179238797,3.7955410007270984,207.43083800334716,224.0041217562939
1789524384,10,,Aggregated,32.200000,0.000000,15,17,19,20,24,27,30,34,53,170,210,51707,0,15,16.63338966148685,3.7955410007270984,207.43083800334716,224.00224340998318
1789524385,10,,Aggregated,32.200000,0.000000,15,17,19,20,24,27,30,34,55,170,210,51737,0,15,16.637322037024262,3.7955410007270984,207.43083800334716,224.00038657053946
1789524386,10,,Aggregated,32.800000,0.000000,15,17,19,20,24,27,30,34,55,170,210,51767,0,15,16.638302621390793,3.7955410007270984,207.43083800334716,223.99685127590936
1789524387,10,,Aggregated,33.000000,0.000000,15,17,19,20,24,27,31,34,55,170,210,51799,0,15,16.63897923148165,3.7955410007270984,207.43083800334716,223.9976061313925
1789524389,10,,Aggregated,32.400000,0.000000,15,17,19,20,24,27,30,34,55,170,210,51831,0,15,16.637858392497208,3.7955410007270984,207.43083800334716,223.99753043545368
1789524390,10,,Aggregated,32.200000,0.000000,15,17,19,20,24,27,30,34,55,170,210,51861,0,15,16.63695319690144,3.7955410007270984,207.43083800334716,224.0010412448661
1789524391,10,,Aggregated,31.800000,0.000000,15,17,19,20,24,27,31,34,60,170,210,51893,0,15,16.64812390049705,3.7955410007270984,207.43083800334716,223.99905574933035
1789524392,10,,Aggregated,31.600000,0.000000,15,17,19,20,24,27,31,34,60,170,210,51927,0,15,16.64798319093149,3.7955410007270984,207.43083800334716,224.00315827989292
1789524393,10,,Aggregated,31.600000,0.000000,15,17,19,20,24,27,31,34,60,170,210,51955,0,15,16.64827841563832,3.7955410007270984,207.43083800334716,224.00317582523337
1789524394,10,,Aggregated,31.800000,0.000000,15,17,19,20,24,27,31,34,60,170,210,51987,0,15,16.648517089762738,3.7955410007270984,207.43083800334716,224.00384711562506
1789524395,10,,Aggregated,31.600000,0.000000,15,17,19,20,24,27,31,34,59,170,210,52021,0,15,16.648607592289018,3.7955410007270984,207.43083800334716,224.00707406624247
1789524396,10,,Aggregated,31.600000,0.000000,15,17,19,20,24,27,31,34,59,170,210,52054,0,15,16.648083902399147,3.7955410007270984,207.43083800334716,224.0081261766627
1789524397,10,,Aggregated,31.000000,0.000000,15,17,19,20,24,27,31,34,67,170,210,52085,0,15,16.663613402236116,3.7955410007270984,207.43083800334716,224.00570221752903
1789524398,10,,Aggregated,31.200000,0.000000,15,17,19,20,24,27,31,34,67,170,210,52117,0,15,16.66482873284079,3.7955410007270984,207.43083800334716,224.00629353186102
1789524399,10,,Aggregated,31.700000,0.000000,15,17,19,20,24,27,31,34,67,170,210,52148,0,15,16.666417354403958,3.7955410007270984,207.43083800334716,224.00745953823733
1789524400,10,,Aggregated,31.800000,0.000000,15,17,19,20,24,27,31,34,67,170,210,52179,0,15,16.667566003247643,3.7955410007270984,207.43083800334716,224.00594108741063
1789524401,10,,Aggregated,31.700000,0.000000,15,17,19,20,24,27,31,34,67,170,210,52217,0,15,16.666628952992895,3.7955410007270984,207.43083800334716,224.00631978091425
1789524402,10,,Aggregated,31.800000,0.000000,15,17,19,20,24,27,31,34,75,170,210,52250,0,15,16.68174563834292,3.7955410007270984,207.43083800334716,224.0046889952153
1789524403,10,,Aggregated,32.300000,0.000000,15,17,19,20,24,27,31,34,75,170,210,52280,0,15,16.68178581680192,3.7955410007270984,207.43083800334716,224.00462892119359
1789524404,10,,Aggregated,32.300000,0.000000,15,17,19,20,24,27,31,34,75,170,210,52314,0,15,16.682791051465948,3.7955410007270984,207.43083800334716,224.0061360247735
1789524405,10,,Aggregated,32.300000,0.000000,15,17,19,20,24,27,31,34,75,170,210,52341,0,15,16.682841678442998,3.7955410007270984,207.43083800334716,224.0057698553715
1789524406,10,,Aggregated,32.500000,0.000000,15,17,19,20,24,27,31,34,75,170,210,52378,0,15,16.68470658120621,3.7955410007270984,207.43083800334716,224.00740769025163
1789524407,10,,Aggregated,32.100000,0.000000,15,17,19,20,24,27,31,34,75,170,210,52407,0,15,16.683921433175712,3.7955410007270984,207.43083800334716,224.0095788730513
1789524408,10,,Aggregated,32.100000,0.000000,15,17,19,20,24,27,31,34,81,180,210,52437,0,15,16.699152015894143,3.7955410007270984,207.43083800334716,224.00779983599367
1789524409,10,,Aggregated,32.000000,0.000000,15,17,19,20,24,27,31,34,81,180,210,52469,0,15,16.697987006050134,3.7955410007270984,207.43083800334716,224.00848119842192
1789524410,10,,Aggregated,31.800000,0.000000,15,17,19,20,24,27,31,34,81,180,210,52496,0,15,16.698334531534456,3.7955410007270984,207.43083800334716,224.0082101493447
1789524411,10,,Aggregated,32.000000,0.000000,15,17,19,20,24,27,31,34,81,180,210,52528,0,15,16.69801120349993,3.7955410007270984,207.43083800334716,224.0054447151995
1789524412,10,,Aggregated,31.500000,0.000000,15,17,19,20,24,27,31,34,81,180,210,52561,0,15,16.698029843028962,3.7955410007270984,207.43083800334716,224.0082190217081
1789524413,10,,Aggregated,30.900000,0.000000,15,17,19,20,24,27,31,34,81,180,210,52591,0,15,16.696770073309747,3.7955410007270984,207.43083800334716,224.01074328307124
1789524414,10,,Aggregated,30.800000,0.000000,15,17,19,20,24,27,31,34,83,180,210,52622,0,15,16.705063112509002,3.7955410007270984,207.43083800334716,224.01364448329596
1789524415,10,,Aggregated,31.200000,0.000000,15,17,19,20,24,27,31,34,83,180,210,52653,0,15,16.705254403992637,3.7955410007270984,207.43083800334716,224.0105217176609
1789524416,10,,Aggregated,30.800000,0.000000,15,17,19,20,24,27,31,34,83,180,210,52684,0,15,16.70474020659853,3.7955410007270984,207.43083800334716,224.00804798420774
1789524417,10,,Aggregated,30.800000,0.000000,15,17,19,20,24,27,31,34,83,180,210,52715,0,15,16.704408110034574,3.7955410007270984,207.43083800334716,224.0118372379778
1789524418,10,,Aggregated,30.700000,0.000000,15,17,19,20,24,27,31,34,83,180,210,52745,0,15,16.704276011782436,3.7955410007270984,207.43083800334716,224.01351786899232
1789524419,10,,Aggregated,31.000000,0.000000,15,17,19,20,24,27,31,34,86,190,210,52776,0,15,16.707692683747837,3.7955410007270984,207.43083800334716,224.01292254054874
1789524420,10,,Aggregated,30.700000,0.000000,15,17,19,20,24,27,31,34,91,200,240,52810,0,15,16.729093165034286,3.7955410007270984,242.1547370031476,224.01342548759703
1789524421,10,,Aggregated,30.700000,0.000000,15,17,19,20,24,27,31,34,91,200,240,52838,0,15,16.729970353655848,3.7955410007270984,242.1547370031476,224.010920171089
1789524422,10,,Aggregated,31.400000,0.000000,15,17,19,20,24,27,31,34,91,200,240,52869,0,15,16.729206787142267,3.7955410007270984,242.1547370031476,224.00949516730032
1789524423,10,,Aggregated,31.200000,0.000000,15,17,19,20,24,27,31,34,91,200,240,52897,0,15,16.72883450447922,3.7955410007270984,242.1547370031476,224.01221241280223
1789524424,10,,Aggregated,30.900000,0.000000,15,17,19,20,24,27,31,34,91,200,240,52928,0,15,16.72912559634662,3.7955410007270984,242.1547370031476,224.01088270858526
1789524425,10,,Aggregated,30.200000,0.000000,15,17,19,20,24,27,31,34,97,200,240,52956,0,15,16.73853799764788,3.7955410007270984,242.1547370031476,224.0134640078556
1789524426,10,,Aggregated,30.700000,0.000000,15,17,19,20,24,27,31,34,97,200,240,52992,0,15,16.737661247347546,3.7955410007270984,242.1547370031476,224.01462484903382
1789524427,10,,Aggregated,30.400000,0.000000,15,17,19,20,24,27,31,34,96,200,240,53020,0,15,16.73773158241195,3.7955410007270984,242.1547370031476,224.01284420973218
1789524428,10,,Aggregated,30.700000,0.000000,15,17,19,20,24,27,31,34,96,200,240,53050,0,15,16.73638033412778,3.7955410007270984,242.1547370031476,224.01704052780397
1789524429,10,,Aggregated,30.300000,0.000000,15,17,19,20,24,27,31,34,96,200,240,53081,0,15,16.74125740326023,3.7955410007270984,242.1547370031476,224.01648424106554
1789524430,10,,Aggregated,30.600000,0.000000,15,17,19,20,24,27,31,34,97,200,240,53111,0,15,16.74658771769396,3.7955410007270984,242.1547370031476,224.01382011259437
1789524431,10,,Aggregated,30.200000,0.000000,15,17,19,20,24,27,31,34,97,200,240,53139,0,15,16.74572721930129,3.7955410007270984,242.1547370031476,224.01042548787143
1789524432,10,,Aggregated,29.900000,0.000000,15,17,19,20,24,27,31,34,97,200,240,53170,0,15,16.745973132075598,3.7955410007270984,242.1547370031476,224.0097987586985
1789524433,10,,Aggregated,30.100000,0.000000,15,17,19,20,24,27,31,34,97,200,240,53201,0,15,16.746694671123922,3.7955410007270984,242.1547370031476,224.00838330106578
1789524434,10,,Aggregated,29.900000,0.000000,15,17,19,20,24,27,31,34,97,200,240,53233,0,15,16.746475225451537,3.7955410007270984,242.1547370031476,224.00805891082598
1789524435,10,,Aggregated,30.800000,0.000000,15,17,19,20,24,27,31,34,97,200,240,53260,0,15,16.745941467000154,3.7955410007270984,242.1547370031476,224.00858054825386
1789524436,10,,Aggregated,30.100000,0.000000,15,17,19,20,24,27,31,34,100,200,240,53290,0,15,16.748302846489104,3.7955410007270984,242.1547370031476,224.01015199849877
1789524437,10,,Aggregated,30.600000,0.000000,15,17,19,20,24,27,31,34,100,200,240,53321,0,15,16.74816907395655,3.7955410007270984,242.1547370031476,224.0094709401549
1789524438,10,,Aggregated,29.500000,0.000000,15,17,19,20,24,27,31,34,100,200,240,53350,0,15,16.748593417290106,3.7955410007270984,242.1547370031476,224.01248359887535
1789524439,10,,Aggregated,29.900000,0.000000,15,17,19,20,24,27,31,34,100,200,240,53383,0,15,16.748643590946216,3.7955410007270984,242.1547370031476,224.0142929396999
1789524440,10,,Aggregated,30.000000,0.000000,15,17,19,20,24,27,31,34,100,200,240,53414,0,15,16.748702490647954,3.7955410007270984,242.1547370031476,224.01452802636013
1789524441,10,,Aggregated,29.900000,0.000000,15,17,19,20,24,27,31,34,110,200,240,53443,0,15,16.751992247655785,3.7955410007270984,242.1547370031476,224.0133413169171
1789524442,10,,Aggregated,30.200000,0.000000,15,17,19,20,24,27,31,34,110,200,240,53474,0,15,16.752283876602714,3.7955410007270984,242.1547370031476,224.01537195646483
1789524443,10,,Aggregated,30.100000,0.000000,15,17,19,20,24,27,31,34,110,200,240,53509,0,15,16.751848914471434,3.7955410007270984,242.1547370031476,224.01123175540565
1789524444,10,,Aggregated,30.400000,0.000000,15,17,19,20,24,27,31,34,110,200,240,53543,0,15,16.751722357105024,3.7955410007270984,242.1547370031476,224.00577106251052
1789524445,10,,Aggregated,30.300000,0.000000,15,17,19,20,24,27,31,34,110,200,240,53573,0,15,16.751084766458316,3.7955410007270984,242.1547370031476,224.00567450021467
1789524446,10,,Aggregated,30.800000,0.000000,15,17,19,20,24,27,31,34,110,200,240,53605,0,15,16.76003383823343,3.7955410007270984,242.1547370031476,224.00647327674656
1789524447,10,,Aggregated,31.000000,0.000000,15,17,19,20,24,27,31,34,110,200,240,53633,0,15,16.759646414903262,3.7955410007270984,242.1547370031476,224.00732757817016
1789524448,10,,Aggregated,31.300000,0.000000,15,17,19,20,24,27,31,34,110,200,240,53668,0,15,16.760294085646912,3.7955410007270984,242.1547370031476,224.00914884102258
1789524449,10,,Aggregated,31.300000,0.000000,15,17,19,20,24,27,31,34,110,200,240,53693,0,15,16.759935764242837,3.7955410007270984,242.1547370031476,224.00895833721341
1789524450,10,,Aggregated,31.500000,0.000000,15,17,19,20,24,27,31,34,110,200,240,53722,0,15,16.759970236969917,3.7955410007270984,242.1547370031476,224.01018204832286
1789524451,10,,Aggregated,31.200000,0.000000,15,17,19,20,24,27,31,34,110,200,240,53757,0,15,16.76065175699004,3.7955410007270984,242.1547370031476,224.003367003367
1789524452,10,,Aggregated,31.000000,0.000000,15,17,19,20,24,27,31,34,110,210,240,53789,0,15,16.77763753000642,3.7955410007270984,242.1547370031476,224.00329063563183
1789524453,10,,Aggregated,31.200000,0.000000,15,17,19,20,24,27,31,34,110,210,240,53823,0,15,16.77660777735402,3.7955410007270984,242.1547370031476,224.00810062612638
1789524454,10,,Aggregated,31.100000,0.000000,15,17,19,20,24,27,31,34,110,210,240,53855,0,15,16.776294457441868,3.7955410007270984,242.1547370031476,224.01030544981896
1789524455,10,,Aggregated,31.100000,0.000000,15,17,19,20,24,27,31,34,110,210,240,53887,0,15,16.77653444033878,3.7955410007270984,242.1547370031476,224.00753428470688
1789524456,10,,Aggregated,31.300000,0.000000,15,17,19,20,24,27,31,34,110,210,240,53919,0,15,16.776154058839097,3.7955410007270984,242.1547370031476,224.0082531204214
1789524457,10,,Aggregated,31.300000,0.000000,15,17,19,20,24,27,31,34,110,210,240,53946,0,15,16.78146100844415,3.7955410007270984,242.1547370031476,224.00797093389687
1789524458,10,,Aggregated,31.400000,0.000000,15,17,19,20,24,27,31,34,110,210,240,53980,0,15,16.780814310272852,3.7955410007270984,242.1547370031476,224.00765098184513
1789524459,10,,Aggregated,31.200000,0.000000,15,17,19,20,24,27,31,34,110,210,240,54007,0,15,16.78043784315979,3.7955410007270984,242.1547370031476,224.00818412428018
1789524460,10,,Aggregated,30.800000,0.000000,15,17,19,20,24,27,31,34,110,210,240,54037,0,15,16.780270586663704,3.7955410007270984,242.1547370031476,224.00732831208245
1789524461,10,,Aggregated,31.400000,0.000000,15,17,19,20,24,27,31,34,110,210,240,54070,0,15,16.77978312388695,3.7955410007270984,242.1547370031476,224.0066580358794
1789524462,10,,Aggregated,31.500000,0.000000,15,17,19,20,24,27,31,34,110,210,240,54100,0,15,16.790735212431883,3.7955410007270984,242.1547370031476,224.0039741219963
1789524463,10,,Aggregated,31.500000,0.000000,15,17,19,20,24,27,31,34,110,210,240,54133,0,15,16.790634385820077,3.7955410007270984,242.1547370031476,224.0041379565145
1789524464,10,,Aggregated,31.300000,0.000000,15,17,19,20,24,27,31,34,110,210,240,54161,0,15,16.791370621860043,3.7955410007270984,242.1547370031476,224.00672070308894
1789524465,10,,Aggregated,31.000000,0.000000,15,17,19,20,24,27,31,34,110,210,240,54191,0,15,16.790847143170684,3.7955410007270984,242.1547370031476,224.00583122658745
1789524466,10,,Aggregated,30.600000,0.000000,15,17,19,20,24,27,31,34,110,210,240,54221,0,15,16.79055640905847,3.7955410007270984,242.1547370031476,224.00568045591191
1789524467,10,,Aggregated,30.200000,0.000000,15,17,19,20,24,27,31,34,110,210,240,54254,0,15,16.79070891745382,3.7955410007270984,242.1547370031476,224.00757547830574
1789524468,10,,Aggregated,30.400000,0.000000,15,17,19,20,24,27,31,34,120,210,240,54282,0,15,16.80325930287263,3.7955410007270984,242.1547370031476,224.00924800117903
1789524469,10,,Aggregated,30.500000,0.000000,15,17,19,20,24,27,31,34,120,210,240,54313,0,15,16.803679956373433,3.7955410007270984,242.1547370031476,224.0044924787804
1789524470,10,,Aggregated,30.700000,0.000000,15,17,19,20,24,27,31,34,120,210,240,54347,0,15,16.80387856127325,3.7955410007270984,242.1547370031476,224.00498647579442
1789524471,10,,Aggregated,30.300000,0.000000,15,17,19,20,24,27,31,34,120,210,240,54380,0,15,16.80368920567341,3.7955410007270984,242.1547370031476,224.00601324016182
1789524472,10,,Aggregated,30.500000,0.000000,15,17,19,20,24,27,31,34,120,210,240,54410,0,15,16.803415115171738,3.7955410007270984,242.1547370031476,224.0059364087484
1789524473,10,,Aggregated,30.800000,0.000000,15,17,19,20,24,27,31,34,120,210,240,54438,0,15,16.813771631975374,3.7955410007270984,242.1547370031476,224.00420662037547
1789524474,10,,Aggregated,30.900000,0.000000,15,17,19,20,24,27,31,34,120,210,240,54472,0,15,16.814667823459214,3.7955410007270984,242.1547370031476,224.00800411220445
1789524475,10,,Aggregated,30.900000,0.000000,15,17,19,20,24,27,31,34,120,210,240,54501,0,15,16.816332795773867,3.7955410007270984,242.1547370031476,224.00752279774684
1789524476,10,,Aggregated,31.100000,0.000000,15,17,19,20,24,27,31,34,120,210,240,54536,0,15,16.814845877227445,3.7955410007270984,242.1547370031476,224.00586768373185
1789524477,10,,Aggregated,30.800000,0.000000,15,17,19,20,24,27,31,34,120,210,240,54571,0,15,16.81504495767824,3.7955410007270984,242.1547370031476,224.0042879917905
1789524478,10,,Aggregated,31.200000,0.000000,15,17,19,20,24,27,31,34,120,210,240,54599,0,15,16.815016419521758,3.7955410007270984,242.1547370031476,224.00097071374933
1789524479,10,,Aggregated,31.700000,0.000000,15,17,19,20,24,27,31,34,130,210,240,54633,0,15,16.826640876017233,3.7955410007270984,242.1547370031476,223.9999084802226
1789524480,10,,Aggregated,31.500000,0.000000,15,17,19,20,24,27,31,34,130,210,240,54662,0,15,16.82615131439502,3.7955410007270984,242.1547370031476,223.9944385496323
1789524481,10,,Aggregated,31.900000,0.000000,15,17,19,20,24,27,31,34,130,210,240,54688,0,15,16.827396866980134,3.7955410007270984,242.1547370031476,223.9954651843183
1789524482,10,,Aggregated,31.700000,0.000000,15,17,19,20,24,27,31,34,130,210,240,54719,0,15,16.827165503086807,3.7955410007270984,242.1547370031476,223.99572360606004
1789524483,10,,Aggregated,30.900000,0.000000,15,17,19,20,24,27,31,34,130,210,240,54750,0,15,16.82678162694737,3.7955410007270984,242.1547370031476,223.996
1789524484,10,,Aggregated,31.000000,0.000000,15,17,19,20,24,27,31,34,130,210,240,54782,0,15,16.825919694194425,3.7955410007270984,242.1547370031476,223.99322770253002
1789524485,10,,Aggregated,31.000000,0.000000,15,17,19,20,24,27,31,35,130,210,240,54811,0,15,16.836424708605154,3.7955410007270984,242.1547370031476,223.99693492182226
1789524486,10,,Aggregated,30.300000,0.000000,15,17,19,20,24,27,31,35,130,210,240,54842,0,15,16.83656612011478,3.7955410007270984,242.1547370031476,223.99471208198096
1789524487,10,,Aggregated,31.300000,0.000000,15,17,19,20,24,27,31,35,130,210,240,54873,0,15,16.836278140895004,3.7955410007270984,242.1547370031476,223.99424124797258
1789524488,10,,Aggregated,30.700000,0.000000,15,17,19,20,24,27,31,34,130,210,240,54901,0,15,16.836186756477144,3.7955410007270984,242.1547370031476,223.99683065882223
1789524489,10,,Aggregated,30.000000,0.000000,15,17,19,20,24,27,31,34,130,210,240,54933,0,15,16.83597256720596,3.7955410007270984,242.1547370031476,223.9966322611181
1789524490,10,,Aggregated,30.200000,0.000000,15,17,19,20,24,27,31,34,130,210,240,54962,0,15,16.835906653348637,3.7955410007270984,242.1547370031476,223.99703431461737
1789524491,10,,Aggregated,29.900000,0.000000,15,17,19,20,24,27,31,35,130,210,240,54990,0,15,16.857433085058464,3.7955410007270984,242.1547370031476,223.99385342789597
1789524492,10,,Aggregated,29.900000,0.000000,15,17,19,20,24,27,31,35,130,210,240,55022,0,15,16.857294321478115,3.7955410007270984,242.1547370031476,223.99609247210208
1789524493,10,,Aggregated,29.700000,0.000000,15,17,19,20,24,27,31,35,130,210,240,55051,0,15,16.85652839444142,3.7955410007270984,242.1547370031476,223.99903725636227
1789524494,10,,Aggregated,30.000000,0.000000,15,17,19,20,24,27,31,35,130,210,240,55082,0,15,16.856046211782274,3.7955410007270984,242.1547370031476,224.00168839185216
1789524495,10,,Aggregated,30.200000,0.000000,15,17,19,20,24,27,31,35,130,210,240,55111,0,15,16.85503061473042,3.7955410007270984,242.1547370031476,224.00045362994683
1789524496,10,,Aggregated,30.500000,0.000000,15,17,19,20,24,27,31,35,130,210,240,55138,0,15,16.854572137118403,3.7955410007270984,242.1547370031476,223.99853095868548
1789524497,10,,Aggregated,29.700000,0.000000,15,17,19,20,24,27,31,35,130,210,240,55170,0,15,16.86927806323122,3.7955410007270984,242.1547370031476,223.9984230560087
1789524498,10,,Aggregated,29.700000,0.000000,15,17,19,20,24,27,31,35,130,210,240,55204,0,15,16.86839810036366,3.7955410007270984,242.1547370031476,223.99650387653068
1789524499,10,,Aggregated,29.900000,0.000000,15,17,19,20,24,27,31,35,130,210,240,55233,0,15,16.866995774781014,3.7955410007270984,242.1547370031476,223.9946589900965
1789524500,10,,Aggregated,29.700000,0.000000,15,17,19,20,24,27,31,35,130,210,240,55265,0,15,16.866110964833098,3.7955410007270984,242.1547370031476,223.99592870713835
1789524501,10,,Aggregated,30.100000,0.000000,15,17,19,20,24,27,31,35,130,210,240,55296,0,15,16.86529770018595,3.7955410007270984,242.1547370031476,223.99949363425927
1789524502,10,,Aggregated,30.200000,0.000000,15,17,19,20,24,27,31,35,130,210,240,55330,0,15,16.864626213383428,3.7955410007270984,242.1547370031476,223.99821073558647
1789524503,10,,Aggregated,30.600000,0.000000,15,17,19,20,24,27,31,35,140,220,240,55357,0,15,16.888879688124362,3.7955410007270984,242.1547370031476,224.0003793558177
1789524504,10,,Aggregated,30.900000,0.000000,15,17,19,20,24,27,31,35,140,220,240,55390,0,15,16.89107582606095,3.7955410007270984,242.1547370031476,224.00052356020942
1789524505,10,,Aggregated,30.300000,0.000000,15,17,19,20,24,27,31,35,140,220,240,55425,0,15,16.89099021079867,3.7955410007270984,242.1547370031476,223.9989896256202
1789524506,10,,Aggregated,30.500000,0.000000,15,17,19,20,24,27,31,35,140,220,240,55457,0,15,16.889687403961645,3.7955410007270984,242.1547370031476,224.0012442072236
1789524507,10,,Aggregated,30.800000,0.000000,15,17,19,20,24,27,31,35,140,220,240,55488,0,15,16.891550656673605,3.7955410007270984,242.1547370031476,223.9990628604383
1789524508,10,,Aggregated,31.800000,0.000000,15,17,19,20,24,27,31,35,140,220,240,55518,0,15,16.892440772551208,3.7955410007270984,242.1547370031476,223.99985590259016
1789524509,10,,Aggregated,31.900000,0.000000,15,17,19,20,24,27,31,35,140,220,240,55549,0,15,16.899767070433448,3.7955410007270984,242.1547370031476,223.99434733298528
1789524510,10,,Aggregated,31.900000,0.000000,15,17,19,20,24,27,31,35,140,220,240,55582,0,15,16.89875411069222,3.7955410007270984,242.1547370031476,223.9895469756396
1789524511,10,,Aggregated,31.500000,0.000000,15,17,19,20,24,27,31,35,140,220,240,55608,0,15,16.89837325957574,3.7955410007270984,242.1547370031476,223.9930405697022
1789524512,10,,Aggregated,31.300000,0.000000,15,17,19,20,24,27,31,35,140,220,240,55638,0,15,16.89772068092791,3.7955410007270984,242.1547370031476,223.99624357453538
1789524513,10,,Aggregated,31.300000,0.000000,15,17,19,20,24,27,31,35,140,220,240,55669,0,15,16.8979272766434,3.7955410007270984,242.1547370031476,223.9948445274749
1789524514,10,,Aggregated,30.900000,0.000000,15,17,19,20,24,27,31,35,140,220,240,55698,0,15,16.914102535665066,3.7955410007270984,242.1547370031476,223.9928902294517
1789524515,10,,Aggregated,31.000000,0.000000,15,17,19,20,24,27,31,35,140,220,240,55727,0,15,16.913286811949067,3.7955410007270984,242.1547370031476,223.99406032982216
1789524516,10,,Aggregated,30.500000,0.000000,15,17,19,20,24,27,31,35,140,220,240,55759,0,15,16.912752989947858,3.7955410007270984,242.1547370031476,223.9955343531986
1789524517,10,,Aggregated,30.600000,0.000000,15,17,19,20,24,27,31,35,140,220,240,55789,0,15,16.912817338874987,3.7955410007270984,242.1547370031476,223.99284805248345
1789524518,10,,Aggregated,29.800000,0.000000,15,17,19,20,24,27,31,35,140,220,240,55823,0,15,16.911985413262023,3.7955410007270984,242.1547370031476,223.99335399387348
1789524519,10,,Aggregated,29.600000,0.000000,15,17,19,20,24,27,31,35,140,220,240,55850,0,15,16.9138010238057,3.7955410007270984,242.1547370031476,223.9921933751119
1789524520,10,,Aggregated,29.900000,0.000000,15,17,19,20,24,27,31,35,140,220,240,55884,0,15,16.922859105460347,3.7955410007270984,242.1547370031476,223.99282442201704
1789524521,10,,Aggregated,30.300000,0.000000,15,17,19,20,24,27,31,35,140,220,240,55917,0,15,16.924205580423862,3.7955410007270984,242.1547370031476,223.99216696174688
1789524522,10,,Aggregated,30.100000,0.000000,15,17,19,20,24,27,31,35,140,220,240,55950,0,15,16.92389313682881,3.7955410007270984,242.1547370031476,223.99131367292225
1789524523,10,,Aggregated,30.400000,0.000000,15,17,19,20,24,27,31,35,140,220,240,55977,0,15,16.92438031460395,3.7955410007270984,242.1547370031476,223.9918716615753
1789524524,10,,Aggregated,31.000000,0.000000,15,17,19,20,24,27,31,35,140,220,240,56012,0,15,16.924524089294334,3.7955410007270984,242.1547370031476,223.98948439620082
1789524525,10,,Aggregated,30.700000,0.000000,15,17,19,20,24,27,31,35,150,220,240,56040,0,15,16.93984766999561,3.7955410007270984,242.1547370031476,223.98713418986438
1789524526,10,,Aggregated,31.700000,0.000000,15,17,19,20,24,27,31,35,150,220,240,56072,0,15,16.93989030445755,3.7955410007270984,242.1547370031476,223.9894064773862
1789524527,10,,Aggregated,31.200000,0.000000,15,17,19,20,24,27,31,35,150,220,240,56106,0,15,16.940405555333445,3.7955410007270984,242.1547370031476,223.9882721990518
1789524528,10,,Aggregated,31.400000,0.000000,15,17,19,20,24,27,31,35,150,220,240,56134,0,15,16.94077209586992,3.7955410007270984,242.1547370031476,223.98834930701537
1789524529,10,,Aggregated,31.500000,0.000000,15,17,19,20,24,27,31,35,150,220,240,56168,0,15,16.94064766857643,3.7955410007270984,242.1547370031476,223.9888548639795
1789524530,10,,Aggregated,30.900000,0.000000,15,17,19,20,24,27,31,35,150,220,240,56201,0,15,16.941247992306014,3.7955410007270984,242.1547370031476,223.9882030568851
1789524531,10,,Aggregated,31.200000,0.000000,15,17,19,20,24,27,31,35,150,220,240,56231,0,15,16.95245990191511,3.7955410007270984,242.1547370031476,223.98493713432092
1789524532,10,,Aggregated,31.900000,0.000000,15,17,19,20,24,27,31,35,150,220,240,56263,0,15,16.952003319759026,3.7955410007270984,242.1547370031476,223.98476796473705
1789524533,10,,Aggregated,31.300000,0.000000,15,17,19,20,24,27,31,35,150,220,240,56296,0,15,16.951748037722034,3.7955410007270984,242.1547370031476,223.98658874520393
1789524534,10,,Aggregated,30.900000,0.000000,15,17,19,20,24,27,31,35,150,220,240,56328,0,15,16.950875580609857,3.7955410007270984,242.1547370031476,223.98393339014345
1789524535,10,,Aggregated,31.700000,0.000000,15,17,19,20,24,27,31,35,150,220,240,56359,0,15,16.95058088597331,3.7955410007270984,242.1547370031476,223.98580528398304
1789524536,10,,Aggregated,31.100000,0.000000,15,17,19,20,24,27,31,35,150,220,240,56388,0,15,16.958498057858595,3.7955410007270984,242.1547370031476,223.98299283535505
