Timestamp,User Count,Type,Name,Requests/s,Failures/s,50%,66%,75%,80%,90%,95%,98%,99%,99.9%,99.99%,100%,Total Request Count,Total Failure Count,Total Median Response Time,Total Average Response Time,Total Min Response Time,Total Max Response Time,Total Average Content Size
1789561827,0,,Aggregated,0.000000,0.000000,N/A,N/A,N/A,N/A,N/A,N/A,N/A,N/A,N/A,N/A,N/A,0,0,0,0.0,0,0,0
1789561828,2,,Aggregated,0.000000,0.000000,11,15,15,16,16,16,16,16,16,16,16,5,0,11,12.668103400017117,10.146223000049304,16.37238000000707,225.6
1789561829,4,,Aggregated,0.000000,0.000000,14,15,16,17,22,23,23,23,23,23,23,15,0,14,14.012461066674101,8.204824000017652,22.884310000051755,222.46666666666667
1789561830,6,,Aggregated,0.000000,0.000000,13,14,15,16,17,22,23,23,23,23,23,33,0,13,12.957360424243717,5.378728999971827,22.884310000051755,222.84848484848484
1789561831,8,,Aggregated,3.500000,0.000000,13,14,15,16,17,20,22,23,23,23,23,60,0,13,12.613334100001339,4.82220399999278,22.884310000051755,222.33333333333334
1789561832,10,,Aggregated,5.666667,0.000000,13,14,15,15,17,20,23,23,23,23,23,88,0,13,12.588199420452316,4.82220399999278,22.884310000051755,222.375
1789561833,10,,Aggregated,8.750000,0.000000,13,15,15,16,18,21,23,23,25,25,25,121,0,13,13.138339074379669,4.82220399999278,24.557028999993236,223.27272727272728
1789561834,10,,Aggregated,12.200000,0.000000,14,15,16,17,20,22,23,25,25,25,25,151,0,14,13.750992748344856,4.82220399999278,24.64719500000001,222.7814569536424
1789561835,10,,Aggregated,15.666667,0.000000,14,16,17,17,20,23,25,31,32,32,32,183,0,14,14.277728426229391,4.82220399999278,31.969707999962793,223.91803278688525
1789561836,10,,Aggregated,17.714286,0.000000,14,16,17,17,21,23,27,31,35,35,35,213,0,14,14.633383929577404,4.82220399999278,35.369166999998924,223.50704225352112
1789561837,10,,Aggregated,19.500000,0.000000,14,16,17,18,21,23,30,32,35,35,35,244,0,14,14.89064730737755,4.82220399999278,35.369166999998924,223.44672131147541
1789561838,10,,Aggregated,20.666667,0.000000,15,16,17,18,22,24,27,32,35,35,35,276,0,15,14.990195380434967,4.82220399999278,35.369166999998924,223.6304347826087
1789561839,10,,Aggregated,21.600000,0.000000,15,16,17,17,22,24,27,31,35,35,35,311,0,15,15.038464450160669,4.82220399999278,35.369166999998924,223.39549839228295
1789561840,10,,Aggregated,24.600000,0.000000,15,16,17,17,22,24,27,31,35,35,35,340,0,15,15.030594049999944,4.82220399999278,35.369166999998924,223.48529411764707
1789561841,10,,Aggregated,27.400000,0.000000,15,16,17,17,21,24,27,31,35,35,35,376,0,15,15.117229212765618,4.82220399999278,35.369166999998924,223.34840425531914
1789561842,10,,Aggregated,29.600000,0.000000,15,16,17,18,22,24,27,31,35,35,35,404,0,15,15.256780967821255,4.82220399999278,35.369166999998924,223.4950495049505
1789561843,10,,Aggregated,31.000000,0.000000,15,16,17,18,22,24,27,31,35,35,35,436,0,15,15.240112022935232,4.82220399999278,35.369166999998924,222.87614678899084
1789561844,10,,Aggregated,31.700000,0.000000,15,16,17,18,22,24,27,31,35,35,35,467,0,15,15.300966417557927,4.82220399999278,35.369166999998924,223.27837259100642
1789561845,10,,Aggregated,31.300000,0.000000,15,16,17,18,22,24,27,31,35,35,35,497,0,15,15.302457372232436,4.82220399999278,35.369166999998924,223.13279678068412
1789561846,10,,Aggregated,31.700000,0.000000,15,16,17,18,22,24,27,30,35,35,35,529,0,15,15.29907307372367,4.82220399999278,35.369166999998924,223.07372400756142
1789561847,10,,Aggregated,31.300000,0.000000,15,16,17,18,22,24,27,30,35,35,35,561,0,15,15.348014634580565,4.82220399999278,35.369166999998924,223.11586452762924
1789561848,10,,Aggregated,31.500000,0.000000,15,16,17,18,22,24,27,30,35,35,35,595,0,15,15.37669210924365,4.82220399999278,35.369166999998924,223.14117647058825
1789561849,10,,Aggregated,31.700000,0.000000,15,16,17,18,22,24,27,29,35,35,35,631,0,15,15.364874061807047,4.82220399999278,35.369166999998924,223.8066561014263
1789561850,10,,Aggregated,32.000000,0.000000,15,16,17,18,22,24,27,30,35,35,35,664,0,15,15.390047968373931,4.82220399999278,35.369166999998924,224.09638554216866
1789561851,10,,Aggregated,31.800000,0.000000,15,16,17,18,22,24,27,30,35,35,35,689,0,15,15.4030055602329,4.82220399999278,35.369166999998924,224.07692307692307
1789561852,10,,Aggregated,32.200000,0.000000,15,16,17,18,22,24,27,30,35,35,35,721,0,15,15.452031416089337,4.82220399999278,35.369166999998924,224.24549237170595
1789561853,10,,Aggregated,32.100000,0.000000,15,16,17,18,23,24,27,30,35,35,35,753,0,15,15.534893050465406,4.5144130000380756,35.369166999998924,224.47011952191235
1789561854,10,,Aggregated,31.500000,0.000000,15,16,18,19,23,24,27,30,35,35,35,785,0,15,15.64684412356746,4.5144130000380756,35.369166999998924,224.3171974522293
1789561855,10,,Aggregated,31.900000,0.000000,15,17,18,19,23,25,28,31,35,35,35,820,0,15,15.820530135367,4.5144130000380756,35.369166999998924,224.2560975609756
1789561856,10,,Aggregated,31.200000,0.000000,15,17,18,19,23,25,28,31,35,35,35,855,0,15,15.872419010527514,4.5144130000380756,35.369166999998924,224.3017543859649
1789561857,10,,Aggregated,31.700000,0.000000,15,17,18,19,23,25,28,31,35,35,35,885,0,15,15.89366050056624,4.5144130000380756,35.369166999998924,224.38983050847457
1789561858,10,,Aggregated,32.000000,0.000000,15,17,18,19,23,25,28,30,35,35,35,915,0,15,15.929487692897428,4.5144130000380756,35.369166999998924,224.07868852459018
1789561859,10,,Aggregated,32.500000,0.000000,15,17,18,19,23,25,28,30,35,35,35,954,0,15,15.891435706500328,4.5144130000380756,35.369166999998924,224.20440251572327
1789561860,10,,Aggregated,32.100000,0.000000,15,17,18,19,23,25,28,31,35,35,35,988,0,15,15.936104498989375,4.5144130000380756,35.369166999998924,224.1821862348178
1789561861,10,,Aggregated,31.800000,0.000000,15,17,18,19,23,25,28,31,34,35,35,1019,0,15,15.954878647695345,4.5144130000380756,35.369166999998924,224.18842001962707
1789561862,10,,Aggregated,32.100000,0.000000,15,17,18,19,23,25,28,31,34,35,35,1052,0,15,15.955478202472868,4.5144130000380756,35.369166999998924,224.14733840304183
1789561863,10,,Aggregated,32.200000,0.000000,15,17,18,19,23,25,28,31,34,35,35,1086,0,15,15.9636066767969,4.5144130000380756,35.369166999998924,224.29834254143645
1789561864,10,,Aggregated,32.600000,0.000000,15,17,18,20,23,25,28,31,35,37,37,1115,0,15,16.049597695068584,4.5144130000380756,36.68251699997427,224.23139013452914
1789561865,10,,Aggregated,32.700000,0.000000,15,17,19,20,23,26,29,31,35,37,37,1149,0,15,16.141417417755946,4.5144130000380756,36.68251699997427,224.16797214969537
1789561866,10,,Aggregated,33.600000,0.000000,15,17,19,20,23,26,29,31,37,37,37,1180,0,15,16.179324468645394,4.5144130000380756,37.228203999973175,224.01779661016948
1789561867,10,,Aggregated,33.400000,0.000000,15,17,19,20,23,26,29,31,37,37,37,1208,0,15,16.16796076738539,4.5144130000380756,37.228203999973175,224.01738410596028
1789561868,10,,Aggregated,33.100000,0.000000,15,17,18,20,23,26,29,31,37,37,37,1243,0,15,16.159442695093897,4.5144130000380756,37.228203999973175,224.05792437650845
1789561869,10,,Aggregated,32.400000,0.000000,15,17,18,20,23,26,29,31,37,37,37,1273,0,15,16.116450435193798,4.5144130000380756,37.228203999973175,224.05263157894737
1789561870,10,,Aggregated,32.600000,0.000000,15,17,18,20,23,26,28,31,37,37,37,1306,0,15,16.07859887902122,4.5144130000380756,37.228203999973175,223.99004594180704
1789561871,10,,Aggregated,32.900000,0.000000,15,17,18,20,23,26,29,31,37,37,37,1335,0,15,16.12181145168677,4.5144130000380756,37.228203999973175,223.97378277153558
1789561872,10,,Aggregated,31.900000,0.000000,15,17,18,20,23,26,29,31,41,42,42,1363,0,15,16.160257255320307,4.5144130000380756,41.93036799995298,223.9435069699193
1789561873,10,,Aggregated,32.000000,0.000000,15,17,18,20,23,26,30,32,41,42,42,1398,0,15,16.18836666881372,4.5144130000380756,41.93036799995298,223.8197424892704
1789561874,10,,Aggregated,31.800000,0.000000,15,17,18,20,23,26,29,31,41,42,42,1427,0,15,16.162498561318557,4.5144130000380756,41.93036799995298,223.89838822704976
1789561875,10,,Aggregated,31.200000,0.000000,15,17,18,20,23,26,30,32,42,44,44,1459,0,15,16.179307474298675,4.5144130000380756,43.62763400001768,223.86291980808772
1789561876,10,,Aggregated,31.100000,0.000000,15,17,18,20,23,26,30,32,42,44,44,1490,0,15,16.151985769799893,4.5144130000380756,43.62763400001768,224.03288590604026
1789561877,10,,Aggregated,30.800000,0.000000,15,17,18,20,23,26,30,32,42,44,44,1519,0,15,16.156611676103946,4.5144130000380756,43.62763400001768,224.13627386438446
1789561878,10,,Aggregated,30.800000,0.000000,15,17,18,20,23,26,30,32,42,44,44,1548,0,15,16.178280974807425,4.5144130000380756,43.62763400001768,224.20671834625324
1789561879,10,,Aggregated,30.900000,0.000000,15,17,18,20,23,26,30,32,42,44,44,1582,0,15,16.177943568901348,4.5144130000380756,43.62763400001768,224.16434892541088
1789561880,10,,Aggregated,30.800000,0.000000,15,17,18,20,23,26,30,32,42,44,44,1612,0,15,16.14279949938082,4.5144130000380756,43.62763400001768,224.16004962779155
1789561881,10,,Aggregated,30.600000,0.000000,15,17,18,20,23,26,30,32,42,44,44,1644,0,15,16.157715128954898,4.5144130000380756,43.62763400001768,224.17579075425792
1789561882,10,,Aggregated,31.000000,0.000000,15,17,18,20,23,26,30,32,42,44,44,1678,0,15,16.17422823242077,4.5144130000380756,43.62763400001768,224.1901072705602
1789561883,10,,Aggregated,30.500000,0.000000,15,17,18,20,23,26,30,32,42,44,44,1708,0,15,16.18297870901767,4.5144130000380756,43.62763400001768,224.16334894613584
1789561884,10,,Aggregated,30.900000,0.000000,15,17,18,20,23,26,30,33,42,44,44,1743,0,15,16.21066499082183,4.5144130000380756,43.62763400001768,224.34423407917384
1789561885,10,,Aggregated,31.300000,0.000000,15,17,18,20,23,26,30,33,42,44,44,1777,0,15,16.222466335398103,4.5144130000380756,43.62763400001768,224.33202025886325
1789561886,10,,Aggregated,30.900000,0.000000,15,17,18,20,23,26,30,33,42,44,44,1811,0,15,16.24584113252488,4.5144130000380756,43.62763400001768,224.39204859193816
1789561887,10,,Aggregated,31.600000,0.000000,15,17,18,20,23,26,30,33,42,44,44,1843,0,15,16.252031258818615,4.5144130000380756,43.62763400001768,224.28269126424308
1789561888,10,,Aggregated,31.800000,0.000000,15,17,18,20,23,26,30,33,42,44,44,1876,0,15,16.261905807570702,4.5144130000380756,43.62763400001768,224.3081023454158
1789561889,10,,Aggregated,32.200000,0.000000,15,17,18,20,23,26,30,32,42,44,44,1910,0,15,16.267661914661158,4.5144130000380756,43.62763400001768,224.1738219895288
1789561890,10,,Aggregated,32.400000,0.000000,15,17,18,20,23,26,30,32,42,44,44,1943,0,15,16.23453645187995,4.5144130000380756,43.62763400001768,224.201749871333
1789561891,10,,Aggregated,32.600000,0.000000,15,17,18,20,23,26,30,32,42,44,44,1976,0,15,16.235157758098527,4.5144130000380756,43.62763400001768,224.20344129554655
1789561892,10,,Aggregated,32.500000,0.000000,15,17,18,20,23,26,30,32,41,44,44,2008,0,15,16.250208578686557,4.5144130000380756,43.62763400001768,224.1743027888446
1789561893,10,,Aggregated,33.000000,0.000000,15,17,18,20,23,26,30,32,41,44,44,2040,0,15,16.24295554313848,4.5144130000380756,43.62763400001768,224.25539215686274
1789561894,10,,Aggregated,33.100000,0.000000,15,17,18,20,23,26,30,32,41,44,44,2069,0,15,16.247326992268142,4.5144130000380756,43.62763400001768,224.37071048815852
1789561895,10,,Aggregated,33.000000,0.000000,15,17,18,20,23,26,30,32,41,44,44,2101,0,15,16.25021367872577,4.5144130000380756,43.62763400001768,224.4007615421228
1789561896,10,,Aggregated,33.200000,0.000000,15,17,18,20,23,26,30,32,41,44,44,2135,0,15,16.22292227868984,4.214579999995749,43.62763400001768,224.3864168618267
1789561897,10,,Aggregated,32.600000,0.000000,15,17,18,20,23,26,30,32,41,44,44,2165,0,15,16.212105347345368,4.214579999995749,43.62763400001768,224.46512702078522
1789561898,10,,Aggregated,32.300000,0.000000,15,17,18,20,23,26,30,32,41,44,44,2195,0,15,16.18591404738176,4.214579999995749,43.62763400001768,224.52118451025058
1789561899,10,,Aggregated,32.200000,0.000000,15,17,18,20,23,26,30,32,41,44,44,2230,0,15,16.191964032288265,4.214579999995749,43.62763400001768,224.47264573991032
1789561900,10,,Aggregated,32.000000,0.000000,15,17,18,20,23,26,30,32,41,44,44,2259,0,15,16.18411759451202,4.214579999995749,43.62763400001768,224.3975210270031
1789561901,10,,Aggregated,31.700000,0.000000,15,17,18,20,23,26,30,32,41,44,44,2288,0,15,16.169219006994105,4.214579999995749,43.62763400001768,224.38286713286712
1789561902,10,,Aggregated,32.000000,0.000000,15,17,18,20,23,26,30,32,41,44,44,2320,0,15,16.165755349138998,4.214579999995749,43.62763400001768,224.3155172413793
1789561903,10,,Aggregated,31.600000,0.000000,15,17,18,20,23,26,30,32,41,44,44,2355,0,15,16.15664515881206,4.214579999995749,43.62763400001768,224.33078556263268
1789561905,10,,Aggregated,31.200000,0.000000,15,17,18,20,23,26,30,32,41,44,44,2388,0,15,16.161393698074694,4.214579999995749,43.62763400001768,224.35092127303182
1789561906,10,,Aggregated,31.200000,0.000000,15,17,18,20,23,26,30,32,41,44,44,2422,0,15,16.170347765484046,4.214579999995749,43.62763400001768,224.4128819157721
1789561907,10,,Aggregated,31.400000,0.000000,15,17,18,20,23,26,30,32,41,44,44,2451,0,15,16.158593507140985,4.214579999995749,43.62763400001768,224.47327621379029
1789561908,10,,Aggregated,31.700000,0.000000,15,17,18,20,23,26,30,32,41,44,44,2482,0,15,16.172769406125074,4.214579999995749,43.62763400001768,224.32796132151492
1789561909,10,,Aggregated,32.100000,0.000000,15,17,18,20,23,26,30,32,41,44,44,2516,0,15,16.17067215818846,4.141022999988309,43.62763400001768,224.35532591414943
1789561910,10,,Aggregated,31.600000,0.000000,15,17,18,20,23,26,30,32,41,44,44,2544,0,15,16.16493157704494,4.141022999988309,43.62763400001768,224.36949685534591
1789561911,10,,Aggregated,31.700000,0.000000,15,17,18,20,23,26,30,32,41,44,44,2572,0,15,16.160461025661878,4.141022999988309,43.62763400001768,224.3841368584759
1789561912,10,,Aggregated,32.100000,0.000000,15,17,18,20,23,26,30,33,41,44,44,2606,0,15,16.20612250729187,4.141022999988309,43.62763400001768,224.3380660015349
1789561913,10,,Aggregated,31.400000,0.000000,15,17,18,20,23,26,30,33,41,44,44,2636,0,15,16.21799471775512,4.141022999988309,43.62763400001768,224.24582701062215
1789561914,10,,Aggregated,31.800000,0.000000,15,17,18,20,23,26,30,33,41,44,44,2670,0,15,16.228318509738738,4.141022999988309,43.62763400001768,224.18501872659175
1789561915,10,,Aggregated,31.800000,0.000000,15,17,18,20,23,26,30,33,41,44,44,2704,0,15,16.23193715532639,4.141022999988309,43.62763400001768,224.1412721893491
1789561916,10,,Aggregated,31.600000,0.000000,15,17,18,20,23,26,30,33,41,44,44,2733,0,15,16.238243532382945,4.141022999988309,43.62763400001768,224.16648371752652
1789561917,10,,Aggregated,31.700000,0.000000,15,17,18,20,23,26,30,33,41,44,44,2765,0,15,16.225544886076868,4.141022999988309,43.62763400001768,224.12839059674502
1789561918,10,,Aggregated,31.700000,0.000000,15,17,18,20,23,26,30,33,41,44,44,2797,0,15,16.24917804898199,4.141022999988309,43.62763400001768,224.14122273864857
1789561919,10,,Aggregated,31.100000,0.000000,15,17,18,20,23,26,30,33,41,44,44,2832,0,15,16.25962242584839,4.141022999988309,43.62763400001768,224.17266949152543
1789561920,10,,Aggregated,31.500000,0.000000,15,17,18,20,23,26,30,33,41,44,44,2866,0,15,16.252275151082497,4.141022999988309,43.62763400001768,224.2264480111654
1789561921,10,,Aggregated,31.500000,0.000000,15,17,18,20,23,26,30,33,41,44,44,2894,0,15,16.24379316136918,4.141022999988309,43.62763400001768,224.22460262612302
1789561922,10,,Aggregated,32.000000,0.000000,15,17,18,20,23,26,30,32,41,44,44,2930,0,15,16.232712847099805,4.141022999988309,43.62763400001768,224.2283276450512
1789561923,10,,Aggregated,32.200000,0.000000,15,17,18,20,23,26,30,32,41,44,44,2956,0,15,16.232572423884534,4.141022999988309,43.62763400001768,224.2428958051421
1789561924,10,,Aggregated,32.300000,0.000000,15,17,18,20,23,26,30,32,41,44,44,2988,0,15,16.222178761714385,4.141022999988309,43.62763400001768,224.2218875502008
1789561925,10,,Aggregated,31.800000,0.000000,15,17,18,20,23,26,30,33,39,44,44,3022,0,15,16.239961766049674,4.141022999988309,43.62763400001768,224.18166776968894
1789561926,10,,Aggregated,31.800000,0.000000,15,17,18,20,23,26,30,33,39,44,44,3057,0,15,16.232165541708238,4.141022999988309,43.62763400001768,224.16421328099443
1789561927,10,,Aggregated,31.800000,0.000000,15,17,18,20,23,26,30,33,39,44,44,3087,0,15,16.22898529478528,4.141022999988309,43.62763400001768,224.13087139617753
1789561928,10,,Aggregated,32.300000,0.000000,15,17,18,20,23,26,30,33,39,44,44,3120,0,15,16.24430118237255,4.141022999988309,43.62763400001768,224.13044871794872
1789561929,10,,Aggregated,32.300000,0.000000,15,17,18,20,23,26,30,33,39,44,44,3151,0,15,16.23222130022288,4.141022999988309,43.62763400001768,224.11869247857823
1789561930,10,,Aggregated,32.300000,0.000000,15,17,18,20,23,26,30,33,39,44,44,3184,0,15,16.234563286746983,4.141022999988309,43.62763400001768,224.0945351758794
1789561931,10,,Aggregated,31.900000,0.000000,15,17,18,20,23,26,30,32,39,44,44,3214,0,15,16.242921393902403,4.141022999988309,43.62763400001768,224.05040448039827
1789561932,10,,Aggregated,31.900000,0.000000,15,17,18,20,23,26,30,32,39,44,44,3245,0,15,16.225801905085497,4.141022999988309,43.62763400001768,224.0261941448382
1789561933,10,,Aggregated,31.900000,0.000000,15,17,18,20,23,26,30,32,39,44,44,3279,0,15,16.233181638610112,4.141022999988309,43.62763400001768,224.0064043915828
1789561934,10,,Aggregated,31.900000,0.000000,15,17,18,20,23,26,29,32,39,44,44,3309,0,15,16.237712229979635,4.141022999988309,43.62763400001768,224.06044122091265
1789561935,10,,Aggregated,32.200000,0.000000,15,17,18,20,23,26,30,32,39,44,44,3336,0,15,16.24390447721903,4.141022999988309,43.62763400001768,224.02847721822542
1789561936,10,,Aggregated,32.200000,0.000000,15,17,18,20,23,26,29,32,39,44,44,3369,0,15,16.243455636985065,4.141022999988309,43.62763400001768,224.04660136539033
1789561937,10,,Aggregated,31.300000,0.000000,15,17,18,20,23,26,30,33,39,44,44,3398,0,15,16.25328518422677,4.141022999988309,43.62763400001768,224.0659211300765
1789561938,10,,Aggregated,31.000000,0.000000,15,17,18,20,23,26,30,32,39,44,44,3429,0,15,16.24604781685694,4.141022999988309,43.62763400001768,224.0682414698163
1789561939,10,,Aggregated,30.900000,0.000000,15,17,18,20,23,26,30,32,39,44,44,3461,0,15,16.26459953048319,4.141022999988309,43.62763400001768,224.117885004334
1789561940,10,,Aggregated,30.700000,0.000000,15,17,18,20,23,26,30,32,39,44,44,3494,0,15,16.264552174585646,4.141022999988309,43.62763400001768,224.13136805953062
1789561941,10,,Aggregated,30.900000,0.000000,15,17,18,20,23,26,30,32,39,44,44,3530,0,15,16.246732148159293,4.141022999988309,43.62763400001768,224.21246458923514
1789561942,10,,Aggregated,30.700000,0.000000,15,17,18,20,23,26,30,32,39,44,44,3560,0,15,16.24090431994452,4.141022999988309,43.62763400001768,224.22078651685393
1789561943,10,,Aggregated,31.600000,0.000000,15,17,18,20,23,26,30,33,39,44,44,3593,0,15,16.256461144726547,4.141022999988309,43.62763400001768,224.2724742554968
1789561944,10,,Aggregated,31.300000,0.000000,15,17,18,20,23,26,30,32,39,44,44,3621,0,15,16.250405222314992,4.141022999988309,43.62763400001768,224.2703673018503
1789561945,10,,Aggregated,31.500000,0.000000,15,17,18,20,23,26,30,32,39,44,44,3652,0,15,16.247691704819992,4.141022999988309,43.62763400001768,224.2606790799562
1789561946,10,,Aggregated,31.100000,0.000000,15,17,18,20,23,26,30,33,39,44,44,3682,0,15,16.267417920152806,4.141022999988309,43.62763400001768,224.25909831613254
1789561947,10,,Aggregated,31.600000,0.000000,15,17,18,20,23,26,30,32,39,44,44,3712,0,15,16.257234838901557,4.141022999988309,43.62763400001768,224.23141163793105
1789561948,10,,Aggregated,31.500000,0.000000,15,17,18,20,23,26,30,32,39,44,44,3751,0,15,16.268005648361157,4.141022999988309,43.62763400001768,224.2375366568915
1789561949,10,,Aggregated,31.400000,0.000000,15,17,18,20,23,26,30,32,39,44,44,3783,0,15,16.26606607110833,4.141022999988309,43.62763400001768,224.23314829500396
1789561950,10,,Aggregated,32.100000,0.000000,15,17,18,20,23,26,30,32,39,44,44,3818,0,15,16.264967341540814,4.141022999988309,43.62763400001768,224.231272917758
1789561951,10,,Aggregated,32.000000,0.000000,15,17,18,20,23,26,30,32,39,44,44,3850,0,15,16.256489262598123,4.141022999988309,43.62763400001768,224.2509090909091
1789561952,10,,Aggregated,32.500000,0.000000,15,17,18,20,23,26,30,32,39,44,44,3879,0,15,16.24775203351456,4.141022999988309,43.62763400001768,224.25444702242845
1789561953,10,,Aggregated,31.900000,0.000000,15,17,18,20,23,26,30,32,39,44,44,3914,0,15,16.23729929790573,4.141022999988309,43.62763400001768,224.20873786407768
1789561954,10,,Aggregated,31.700000,0.000000,15,17,18,20,23,26,30,32,39,44,44,3947,0,15,16.25281434481963,4.141022999988309,43.62763400001768,224.2196605016468
1789561955,10,,Aggregated,32.100000,0.000000,15,17,18,20,23,26,30,32,39,44,44,3976,0,15,16.243507444417244,4.141022999988309,43.62763400001768,224.24597585513078
1789561956,10,,Aggregated,32.200000,0.000000,15,17,18,20,23,26,30,32,39,44,44,4007,0,15,16.259003318443533,4.141022999988309,43.62763400001768,224.24681806838032
1789561957,10,,Aggregated,32.400000,0.000000,15,17,18,20,23,26,30,32,39,44,44,4035,0,15,16.251359744486404,4.141022999988309,43.62763400001768,224.2448574969021
1789561958,10,,Aggregated,32.200000,0.000000,15,17,18,20,23,26,30,32,39,44,44,4071,0,15,16.25215608990474,4.141022999988309,43.62763400001768,224.14738393515105
1789561959,10,,Aggregated,32.400000,0.000000,15,17,18,20,23,26,30,32,39,44,44,4101,0,15,16.261228999512795,4.141022999988309,43.62763400001768,224.14533040721776
1789561960,10,,Aggregated,32.200000,0.000000,15,17,18,20,23,26,30,32,39,44,44,4132,0,15,16.265146954259944,4.141022999988309,43.62763400001768,224.17013552758954
1789561961,10,,Aggregated,31.400000,0.000000,15,17,18,20,23,26,30,32,39,44,44,4163,0,15,16.278022991833346,4.141022999988309,43.62763400001768,224.1842421330771
1789561962,10,,Aggregated,31.100000,0.000000,15,17,18,20,23,26,30,32,39,44,44,4195,0,15,16.27629408343317,4.141022999988309,43.62763400001768,224.15828367103694
1789561963,10,,Aggregated,31.200000,0.000000,15,17,18,20,23,26,30,32,39,44,44,4226,0,15,16.26673970350271,4.141022999988309,43.62763400001768,224.14032181732134
1789561964,10,,Aggregated,31.700000,0.000000,15,17,18,20,23,26,30,32,39,44,44,4259,0,15,16.26782900023529,4.141022999988309,43.62763400001768,224.1636534397746
1789561965,10,,Aggregated,31.200000,0.000000,15,17,18,20,23,26,30,32,39,44,44,4291,0,15,16.27350666045263,4.141022999988309,43.62763400001768,224.14914938242833
1789561966,10,,Aggregated,31.500000,0.000000,15,17,18,20,23,26,30,32,39,44,44,4322,0,15,16.266227046043973,4.141022999988309,43.62763400001768,224.1825543729755
1789561967,10,,Aggregated,31.300000,0.000000,15,17,18,20,23,26,30,32,39,44,44,4351,0,15,16.263822130315326,4.141022999988309,43.62763400001768,224.1661686968513
1789561968,10,,Aggregated,31.500000,0.000000,15,17,18,20,23,26,30,32,39,44,44,4379,0,15,16.26706065654302,4.141022999988309,43.62763400001768,224.19593514501028
1789561969,10,,Aggregated,31.300000,0.000000,15,17,18,20,23,26,30,32,39,44,44,4408,0,15,16.266767307396098,4.141022999988309,43.62763400001768,224.24115245009074
1789561970,10,,Aggregated,30.600000,0.000000,15,17,18,20,23,26,30,32,39,44,44,4437,0,15,16.27463902659504,4.141022999988309,43.62763400001768,224.24430921794004
1789561971,10,,Aggregated,31.000000,0.000000,15,17,18,20,23,26,30,32,39,44,44,4468,0,15,16.27986985922175,4.141022999988309,43.62763400001768,224.23500447627575
1789561972,10,,Aggregated,30.600000,0.000000,15,17,18,20,23,26,30,32,39,44,44,4499,0,15,16.275681315181743,4.141022999988309,43.62763400001768,224.25739053122916
1789561973,10,,Aggregated,30.500000,0.000000,15,17,18,20,23,26,30,32,39,44,44,4530,0,15,16.278489661369218,4.141022999988309,43.62763400001768,224.28013245033114
1789561974,10,,Aggregated,30.500000,0.000000,15,17,19,20,23,26,30,32,39,44,44,4562,0,15,16.290518757343854,4.141022999988309,43.62763400001768,224.29548443665058
1789561975,10,,Aggregated,30.300000,0.000000,15,17,19,20,23,26,30,32,39,44,44,4596,0,15,16.298458188860423,4.141022999988309,43.62763400001768,224.28002610966058
1789561976,10,,Aggregated,30.200000,0.000000,15,17,19,20,23,26,30,32,39,44,44,4626,0,15,16.30273146325169,4.141022999988309,43.62763400001768,224.2576740164289
1789561977,10,,Aggregated,30.300000,0.000000,15,17,19,20,23,26,30,32,39,44,44,4655,0,15,16.302155010097167,4.141022999988309,43.62763400001768,224.2794844253491
1789561978,10,,Aggregated,30.200000,0.000000,15,17,19,20,23,26,30,32,39,44,44,4683,0,15,16.301929199018232,4.141022999988309,43.62763400001768,224.27781336749948
1789561979,10,,Aggregated,30.400000,0.000000,15,17,19,20,23,26,30,32,39,44,44,4714,0,15,16.295553621341185,4.141022999988309,43.62763400001768,224.29804836656768
1789561980,10,,Aggregated,30.300000,0.000000,15,17,19,20,23,26,30,32,39,44,44,4745,0,15,16.29251757260317,4.141022999988309,43.62763400001768,224.3173867228662
1789561981,10,,Aggregated,30.800000,0.000000,15,17,18,20,23,26,30,32,39,44,44,4777,0,15,16.285105239481293,4.141022999988309,43.62763400001768,224.31379526899727
1789561982,10,,Aggregated,30.800000,0.000000,15,17,18,20,23,26,29,32,39,44,44,4806,0,15,16.280992000624668,4.141022999988309,43.62763400001768,224.33520599250937
1789561983,10,,Aggregated,30.700000,0.000000,15,17,19,20,23,26,29,32,39,44,44,4835,0,15,16.284026132988984,4.141022999988309,43.62763400001768,224.3089968976215
1789561984,10,,Aggregated,30.300000,0.000000,15,17,18,20,23,26,29,32,39,44,44,4864,0,15,16.273761769737266,4.141022999988309,43.62763400001768,224.33984375
1789561985,10,,Aggregated,30.300000,0.000000,15,17,19,20,23,26,29,32,39,44,44,4898,0,15,16.276109031033478,4.141022999988309,43.62763400001768,224.3811759902001
1789561986,10,,Aggregated,30.200000,0.000000,15,17,19,20,23,26,29,32,39,44,44,4934,0,15,16.2796668915691,4.141022999988309,43.62763400001768,224.35407377381435
1789561987,10,,Aggregated,30.500000,0.000000,15,17,19,20,23,26,29,32,39,44,44,4962,0,15,16.285223261790048,4.141022999988309,43.62763400001768,224.38008867392182
1789561988,10,,Aggregated,30.600000,0.000000,15,17,19,20,23,26,29,32,39,44,44,4995,0,15,16.295164579379776,4.141022999988309,43.62763400001768,224.37877877877878
1789561989,10,,Aggregated,30.700000,0.000000,15,17,19,20,23,26,29,32,39,44,44,5025,0,15,16.291515268259147,4.141022999988309,43.62763400001768,224.34905472636817
1789561990,10,,Aggregated,31.000000,0.000000,15,17,19,20,23,26,29,32,39,44,44,5062,0,15,16.28908685361566,4.141022999988309,43.62763400001768,224.3905570920585
1789561991,10,,Aggregated,30.700000,0.000000,15,17,19,20,23,26,29,32,39,44,44,5090,0,15,16.280679781336442,4.141022999988309,43.62763400001768,224.4163064833006
1789561992,10,,Aggregated,31.400000,0.000000,15,17,19,20,23,26,30,32,39,44,44,5122,0,15,16.30715038910627,4.141022999988309,43.62763400001768,224.44689574385006
1789561993,10,,Aggregated,31.600000,0.000000,15,17,19,20,23,26,30,32,39,44,44,5156,0,15,16.300234132855387,4.141022999988309,43.62763400001768,224.47575640031033
1789561994,10,,Aggregated,31.700000,0.000000,15,17,19,20,23,26,30,32,39,44,44,5188,0,15,16.29888236160418,4.141022999988309,43.62763400001768,224.5053970701619
1789561995,10,,Aggregated,32.100000,0.000000,15,17,19,20,23,26,30,32,39,44,44,5222,0,15,16.303919109154027,4.141022999988309,43.62763400001768,224.53293757181157
1789561996,10,,Aggregated,32.200000,0.000000,15,17,19,20,24,26,30,32,39,44,44,5250,0,15,16.315720893905205,4.141022999988309,43.62763400001768,224.53104761904763
1789561997,10,,Aggregated,32.200000,0.000000,15,17,19,20,24,26,30,33,41,55,55,5281,0,15,16.332205448589768,4.141022999988309,54.7883939999565,224.54023859117592
1789561998,10,,Aggregated,32.000000,0.000000,15,17,19,20,24,26,30,33,41,55,55,5311,0,15,16.344490285634095,4.141022999988309,54.7883939999565,224.5198644323103
1789561999,10,,Aggregated,31.900000,0.000000,15,17,19,20,24,26,30,33,41,55,55,5345,0,15,16.3461216520117,4.141022999988309,54.7883939999565,224.50533208606174
1789562000,10,,Aggregated,31.800000,0.000000,15,17,19,20,24,26,30,33,41,55,55,5374,0,15,16.350904880536408,4.141022999988309,54.7883939999565,224.48939337551172
1789562001,10,,Aggregated,32.000000,0.000000,15,17,19,20,24,26,30,33,41,55,55,5407,0,15,16.348444175698624,4.141022999988309,54.7883939999565,224.46384316626595
1789562002,10,,Aggregated,31.400000,0.000000,15,17,19,20,24,26,30,33,41,55,55,5439,0,15,16.34449798713036,4.141022999988309,54.7883939999565,224.46699760985476
1789562003,10,,Aggregated,31.200000,0.000000,15,17,19,20,24,26,30,33,41,55,55,5473,0,15,16.348636154760143,4.141022999988309,54.7883939999565,224.45203727389
1789562004,10,,Aggregated,31.700000,0.000000,15,17,19,20,24,26,30,33,41,55,55,5508,0,15,16.355211312455012,4.141022999988309,54.7883939999565,224.42519970951344
1789562005,10,,Aggregated,31.500000,0.000000,15,17,19,20,24,26,30,33,42,55,55,5533,0,15,16.36286516193775,4.141022999988309,54.7883939999565,224.43827941442257
1789562006,10,,Aggregated,31.700000,0.000000,15,17,19,20,24,26,30,33,42,55,55,5569,0,15,16.365061616089303,4.141022999988309,54.7883939999565,224.44729753995333
1789562007,10,,Aggregated,31.300000,0.000000,15,17,19,20,24,26,30,33,42,55,55,5601,0,15,16.36108065702576,4.141022999988309,54.7883939999565,224.42670951615784
1789562008,10,,Aggregated,31.500000,0.000000,15,17,19,20,24,26,30,33,42,55,55,5631,0,15,16.36434974516094,4.141022999988309,54.7883939999565,224.45675723672528
1789562009,10,,Aggregated,31.700000,0.000000,15,17,19,20,24,26,30,33,42,55,55,5664,0,15,16.37302379837598,4.141022999988309,54.7883939999565,224.440854519774
1789562010,10,,Aggregated,32.200000,0.000000,15,17,19,20,24,26,30,33,42,55,55,5694,0,15,16.375022289954615,4.141022999988309,54.7883939999565,224.4141201264489
1789562011,10,,Aggregated,31.900000,0.000000,15,17,19,20,24,26,30,33,42,55,55,5727,0,15,16.367717170595697,4.141022999988309,54.7883939999565,224.38204993888598
1789562012,10,,Aggregated,32.200000,0.000000,15,17,19,20,24,26,30,33,42,55,55,5758,0,15,16.37697751267835,4.141022999988309,54.7883939999565,224.3747829107329
1789562013,10,,Aggregated,32.300000,0.000000,15,17,19,20,24,26,30,33,42,55,55,5784,0,15,16.389182248444275,4.141022999988309,54.7883939999565,224.37517289073307
1789562014,10,,Aggregated,32.100000,0.000000,15,17,19,20,24,26,30,33,42,55,55,5819,0,15,16.376301151057277,4.141022999988309,54.7883939999565,224.38872658532395
1789562015,10,,Aggregated,31.700000,0.000000,15,17,19,20,24,26,30,33,43,55,55,5858,0,15,16.38046402850844,4.141022999988309,54.7883939999565,224.36087401843633
1789562016,10,,Aggregated,31.200000,0.000000,15,17,19,20,24,26,30,33,43,55,55,5891,0,15,16.377185776269382,4.141022999988309,54.7883939999565,224.33067390935324
1789562017,10,,Aggregated,32.000000,0.000000,15,17,19,20,24,26,30,33,43,55,55,5922,0,15,16.382159403918045,4.141022999988309,54.7883939999565,224.34599797365755
1789562018,10,,Aggregated,32.400000,0.000000,15,17,19,20,24,26,30,33,43,55,55,5954,0,15,16.385567523010227,4.141022999988309,54.7883939999565,224.38881424252602
1789562019,10,,Aggregated,32.300000,0.000000,15,17,19,20,24,26,30,33,43,55,55,5983,0,15,16.39077820224015,4.141022999988309,54.7883939999565,224.38325254888852
1789562020,10,,Aggregated,31.900000,0.000000,15,17,19,20,24,26,30,33,42,55,55,6018,0,15,16.370110241941315,4.141022999988309,54.7883939999565,224.3594217347956
1789562021,10,,Aggregated,31.900000,0.000000,15,17,19,20,24,26,30,33,42,55,55,6049,0,15,16.378560388990415,4.141022999988309,54.7883939999565,224.360555463713
1789562022,10,,Aggregated,31.800000,0.000000,15,17,19,20,24,26,30,33,42,55,55,6082,0,15,16.36630359684364,4.141022999988309,54.7883939999565,224.35300887865833
1789562023,10,,Aggregated,31.800000,0.000000,15,17,19,20,24,26,30,33,42,55,55,6111,0,15,16.37156477876015,4.141022999988309,54.7883939999565,224.33284241531663
1789562024,10,,Aggregated,31.900000,0.000000,15,17,19,20,24,26,30,33,43,55,55,6141,0,15,16.369893857027094,4.141022999988309,54.7883939999565,224.32991369483798
1789562025,10,,Aggregated,32.400000,0.000000,15,17,19,20,24,26,30,33,43,55,55,6172,0,15,16.368359823882617,4.141022999988309,54.7883939999565,224.33084899546338
1789562026,10,,Aggregated,32.200000,0.000000,15,17,19,20,24,26,30,33,43,55,55,6205,0,15,16.37423555245824,4.141022999988309,54.7883939999565,224.33053988718774
1789562027,10,,Aggregated,31.700000,0.000000,15,17,19,20,24,26,30,33,43,55,55,6239,0,15,16.382883716782114,4.141022999988309,54.7883939999565,224.3199230645937
1789562028,10,,Aggregated,31.100000,0.000000,15,17,19,20,24,26,30,33,43,55,55,6270,0,15,16.38019731228127,4.141022999988309,54.7883939999565,224.32153110047847
1789562029,10,,Aggregated,31.500000,0.000000,15,17,19,20,24,26,30,33,43,55,55,6304,0,15,16.39458964102215,4.141022999988309,54.7883939999565,224.32392131979697
1789562030,10,,Aggregated,31.600000,0.000000,15,17,19,20,24,26,31,33,43,55,55,6334,0,15,16.39199624739557,4.141022999988309,54.7883939999565,224.30707293969056
1789562031,10,,Aggregated,31.800000,0.000000,15,17,19,20,24,26,30,33,43,55,55,6366,0,15,16.39095393418214,4.141022999988309,54.7883939999565,224.32547910775997
1789562032,10,,Aggregated,32.100000,0.000000,15,17,19,20,24,26,30,33,43,55,55,6401,0,15,16.39545130760875,4.141022999988309,54.7883939999565,224.36072488673645
1789562033,10,,Aggregated,32.000000,0.000000,15,17,19,20,24,26,31,33,43,55,55,6431,0,15,16.399998704712097,4.141022999988309,54.7883939999565,224.3514227958327
1789562034,10,,Aggregated,31.900000,0.000000,15,17,19,20,24,26,30,33,43,55,55,6465,0,15,16.394828474401148,4.141022999988309,54.7883939999565,224.3754060324826
1789562035,10,,Aggregated,31.800000,0.000000,15,17,19,20,24,26,31,33,43,55,55,6498,0,15,16.394572312250443,4.141022999988309,54.7883939999565,224.40304709141273
1789562036,10,,Aggregated,32.300000,0.000000,15,17,19,20,24,26,30,33,43,55,55,6529,0,15,16.390190629346442,4.141022999988309,54.7883939999565,224.44555062030938
1789562037,10,,Aggregated,32.200000,0.000000,15,17,19,20,24,26,30,33,43,55,55,6558,0,15,16.389953512351802,4.141022999988309,54.7883939999565,224.46721561451662
1789562038,10,,Aggregated,32.400000,0.000000,15,17,19,20,24,26,30,33,43,55,55,6594,0,15,16.39920231801683,4.141022999988309,54.7883939999565,224.45480740066728
1789562039,10,,Aggregated,31.700000,0.000000,15,17,19,20,24,26,30,33,43,55,55,6628,0,15,16.407997926071715,4.141022999988309,54.7883939999565,224.4770669885335
1789562040,10,,Aggregated,32.300000,0.000000,15,17,19,20,24,26,30,33,43,55,55,6661,0,15,16.409911175199433,4.141022999988309,54.7883939999565,224.48941600360305
1789562041,10,,Aggregated,32.400000,0.000000,15,17,19,20,24,26,30,33,43,55,55,6692,0,15,16.40853507815355,4.141022999988309,54.7883939999565,224.48968918111177
1789562042,10,,Aggregated,32.400000,0.000000,15,17,19,20,24,26,30,33,43,55,55,6722,0,15,16.406556025141953,4.141022999988309,54.7883939999565,224.50104135673908
1789562043,10,,Aggregated,32.300000,0.000000,15,17,19,20,24,26,30,33,43,55,55,6755,0,15,16.40607247742474,4.141022999988309,54.7883939999565,224.520207253886
1789562044,10,,Aggregated,32.400000,0.000000,15,17,19,20,24,26,30,33,43,55,55,6783,0,15,16.402095318001436,4.141022999988309,54.7883939999565,224.52410437859353
1789562045,10,,Aggregated,32.200000,0.000000,15,17,19,20,24,26,30,33,43,55,55,6815,0,15,16.397243263830305,4.141022999988309,54.7883939999565,224.5129860601614
1789562046,10,,Aggregated,31.800000,0.000000,15,17,19,20,24,26,30,33,43,55,55,6852,0,15,16.398448512697506,4.141022999988309,54.7883939999565,224.47008172796265
1789562047,10,,Aggregated,32.000000,0.000000,15,17,19,20,24,26,30,33,43,55,55,6887,0,15,16.4041914544799,4.141022999988309,54.7883939999565,224.44881661100624
1789562048,10,,Aggregated,32.100000,0.000000,15,17,19,20,24,26,30,33,43,55,55,6923,0,15,16.406512684096985,4.141022999988309,54.7883939999565,224.43564928499205
1789562049,10,,Aggregated,33.000000,0.000000,15,17,19,20,24,26,30,33,43,55,55,6954,0,15,16.397032807593266,4.141022999988309,54.7883939999565,224.44909404659188
1789562050,10,,Aggregated,32.700000,0.000000,15,17,19,20,24,26,30,33,43,55,55,6984,0,15,16.398087469215934,4.141022999988309,54.7883939999565,224.44659221076748
1789562051,10,,Aggregated,32.800000,0.000000,15,17,19,20,24,26,30,33,42,55,55,7018,0,15,16.396091049587316,4.141022999988309,54.7883939999565,224.43602165859218
1789562052,10,,Aggregated,32.100000,0.000000,15,17,19,20,24,26,30,33,42,55,55,7049,0,15,16.396301652433543,4.141022999988309,54.7883939999565,224.4431834302738
1789562053,10,,Aggregated,32.600000,0.000000,15,17,19,20,24,26,30,33,42,55,55,7083,0,15,16.402300794437984,4.141022999988309,54.7883939999565,224.4579980234364
1789562054,10,,Aggregated,32.500000,0.000000,15,17,19,20,24,26,30,33,42,55,55,7117,0,15,16.40975999100802,4.141022999988309,54.7883939999565,224.42812982998456
1789562055,10,,Aggregated,32.700000,0.000000,15,17,19,20,24,26,30,33,42,55,55,7147,0,15,16.403634569050606,4.141022999988309,54.7883939999565,224.43836574786624
1789562056,10,,Aggregated,33.300000,0.000000,15,17,19,20,24,26,30,33,42,55,55,7175,0,15,16.4082225453665,4.141022999988309,54.7883939999565,224.4360975609756
1789562057,10,,Aggregated,33.100000,0.000000,15,17,19,20,24,26,30,33,42,55,55,7209,0,15,16.398298615203906,4.141022999988309,54.7883939999565,224.4689970869746
1789562058,10,,Aggregated,32.900000,0.000000,15,17,19,20,24,26,30,33,42,55,55,7240,0,15,16.39913961477968,4.141022999988309,54.7883939999565,224.43770718232045
1789562059,10,,Aggregated,31.900000,0.000000,15,17,19,20,24,26,30,33,42,55,55,7271,0,15,16.391904718058676,4.141022999988309,54.7883939999565,224.4307523036721
1789562060,10,,Aggregated,32.100000,0.000000,15,17,19,20,24,26,30,33,42,55,55,7309,0,15,16.39867070474828,4.141022999988309,54.7883939999565,224.44246818990285
1789562061,10,,Aggregated,31.700000,0.000000,15,17,19,20,24,26,30,33,42,55,55,7339,0,15,16.39158243561865,4.141022999988309,54.7883939999565,224.42022073852024
1789562062,10,,Aggregated,32.400000,0.000000,15,17,19,20,24,26,30,33,42,55,55,7369,0,15,16.39038148866947,4.141022999988309,54.7883939999565,224.41796715972316
1789562063,10,,Aggregated,31.700000,0.000000,15,17,19,20,24,26,30,33,42,55,55,7399,0,15,16.387930282200983,4.141022999988309,54.7883939999565,224.42086768482227
1789562064,10,,Aggregated,31.800000,0.000000,15,17,19,20,24,26,30,33,42,55,55,7429,0,15,16.390280708709767,4.141022999988309,54.7883939999565,224.4061111858931
1789562065,10,,Aggregated,31.800000,0.000000,15,17,19,20,24,26,30,33,42,55,55,7461,0,15,16.38352312987596,4.141022999988309,54.7883939999565,224.44591877764375
1789562066,10,,Aggregated,31.100000,0.000000,15,17,19,20,24,26,30,33,42,55,55,7493,0,15,16.38586409542297,4.141022999988309,54.7883939999565,224.4115841452022
1789562067,10,,Aggregated,31.100000,0.000000,15,17,19,20,24,26,30,33,42,55,55,7531,0,15,16.385332059089663,4.141022999988309,54.7883939999565,224.40605497277917
1789562068,10,,Aggregated,31.700000,0.000000,15,17,19,20,24,26,30,33,42,55,55,7563,0,15,16.384053672485074,4.141022999988309,54.7883939999565,224.3851646172154
1789562069,10,,Aggregated,32.400000,0.000000,15,17,19,20,24,26,30,33,42,55,55,7595,0,15,16.377541895458133,4.141022999988309,54.7883939999565,224.37709019091508
1789562070,10,,Aggregated,32.000000,0.000000,15,17,19,20,24,26,30,33,42,55,55,7628,0,15,16.37267943537036,4.141022999988309,54.7883939999565,224.37126376507604
1789562071,10,,Aggregated,32.300000,0.000000,15,17,19,20,24,26,30,33,42,55,55,7660,0,15,16.371848518407933,4.141022999988309,54.7883939999565,224.37558746736292
1789562072,10,,Aggregated,32.000000,0.000000,15,17,19,20,24,26,30,33,42,55,55,7690,0,15,16.380203489597505,4.141022999988309,54.7883939999565,224.38543563068922
1789562073,10,,Aggregated,32.500000,0.000000,15,17,19,20,24,26,30,33,42,55,55,7720,0,15,16.377801909974714,4.141022999988309,54.7883939999565,224.37746113989638
1789562074,10,,Aggregated,32.100000,0.000000,15,17,19,20,24,26,30,33,42,55,55,7753,0,15,16.37249443557392,4.141022999988309,54.7883939999565,224.3825615890623
1789562075,10,,Aggregated,31.900000,0.000000,15,17,19,20,24,26,30,33,42,55,55,7786,0,15,16.36740238723403,4.141022999988309,54.7883939999565,224.3882609812484
1789562076,10,,Aggregated,32.500000,0.000000,15,17,19,20,24,26,30,33,42,55,55,7814,0,15,16.36637806731559,4.141022999988309,54.7883939999565,224.38149475300742
1789562077,10,,Aggregated,32.800000,0.000000,15,17,19,20,24,26,30,33,42,55,55,7845,0,15,16.367628544168767,4.141022999988309,54.7883939999565,224.37603569152327
1789562078,10,,Aggregated,32.100000,0.000000,15,17,19,20,24,26,30,33,42,55,55,7877,0,15,16.373460309001423,4.141022999988309,54.7883939999565,224.36155896915068
1789562079,10,,Aggregated,31.800000,0.000000,15,17,19,20,24,26,30,33,42,55,55,7905,0,15,16.36791726982975,4.141022999988309,54.7883939999565,224.34244149272612
1789562080,10,,Aggregated,31.500000,0.000000,15,17,19,20,24,26,30,33,42,55,55,7940,0,15,16.370539540806536,4.141022999988309,54.7883939999565,224.3589420654912
1789562081,10,,Aggregated,30.900000,0.000000,15,17,19,20,24,26,30,33,42,55,55,7972,0,15,16.367651377571995,4.141022999988309,54.7883939999565,224.35612142498746
1789562082,10,,Aggregated,31.100000,0.000000,15,17,19,20,24,26,30,33,41,55,55,8003,0,15,16.374693562914466,4.141022999988309,54.7883939999565,224.37373484943146
1789562083,10,,Aggregated,30.700000,0.000000,15,17,19,20,24,26,30,33,41,55,55,8036,0,15,16.3711058735695,4.141022999988309,54.7883939999565,224.35104529616726
1789562084,10,,Aggregated,31.200000,0.000000,15,17,19,20,24,26,30,33,41,55,55,8067,0,15,16.373318686749077,4.141022999988309,54.7883939999565,224.3407710425189
1789562085,10,,Aggregated,31.600000,0.000000,15,17,19,20,24,26,30,33,41,55,55,8099,0,15,16.36775267205883,4.141022999988309,54.7883939999565,224.3330040745771
1789562086,10,,Aggregated,31.400000,0.000000,15,17,19,20,24,26,30,32,41,55,55,8125,0,15,16.36703300701592,4.141022999988309,54.7883939999565,224.32209230769232
1789562087,10,,Aggregated,31.100000,0.000000,15,17,19,20,24,26,30,33,41,55,55,8156,0,15,16.378102366479204,4.141022999988309,54.7883939999565,224.30603236880825
1789562088,10,,Aggregated,31.000000,0.000000,15,17,19,20,24,26,30,33,41,55,55,8189,0,15,16.376167940164173,4.141022999988309,54.7883939999565,224.29490780315058
1789562089,10,,Aggregated,30.600000,0.000000,15,17,19,20,24,26,30,33,41,55,55,8218,0,15,16.374059222682472,4.141022999988309,54.7883939999565,224.3023850085179
1789562090,10,,Aggregated,31.200000,0.000000,15,17,19,20,24,26,30,33,41,55,55,8248,0,15,16.37475603613061,4.141022999988309,54.7883939999565,224.30661978661493
1789562091,10,,Aggregated,31.400000,0.000000,15,17,19,20,24,26,30,33,41,55,55,8274,0,15,16.372953033841583,4.141022999988309,54.7883939999565,224.3399806623157
1789562092,10,,Aggregated,31.000000,0.000000,15,17,19,20,24,26,30,33,41,55,55,8299,0,15,16.373982939029478,4.141022999988309,54.7883939999565,224.33184721050728
1789562093,10,,Aggregated,30.700000,0.000000,15,17,19,20,24,26,30,33,41,55,55,8336,0,15,16.38085018306208,4.141022999988309,54.7883939999565,224.34081094049904
1789562094,10,,Aggregated,30.000000,0.000000,15,17,19,20,24,26,30,33,41,55,55,8369,0,15,16.37432874226379,4.141022999988309,54.7883939999565,224.35225235989964
1789562095,10,,Aggregated,29.500000,0.000000,15,17,19,20,24,26,30,33,41,55,55,8395,0,15,16.372511142585548,4.141022999988309,54.7883939999565,224.35699821322217
1789562096,10,,Aggregated,30.000000,0.000000,15,17,19,20,24,26,30,32,41,55,55,8430,0,15,16.368819325386244,4.141022999988309,54.7883939999565,224.3612099644128
1789562097,10,,Aggregated,29.600000,0.000000,15,17,19,20,24,26,30,32,41,55,55,8462,0,15,16.363401617230735,4.141022999988309,54.7883939999565,224.34259040415978
1789562098,10,,Aggregated,30.200000,0.000000,15,17,19,20,24,26,30,33,41,55,55,8495,0,15,16.3666562897005,4.141022999988309,54.7883939999565,224.34220129487935
1789562099,10,,Aggregated,30.700000,0.000000,15,17,19,20,24,26,30,32,41,55,55,8526,0,15,16.367000498124042,4.141022999988309,54.7883939999565,224.35338963171475
1789562100,10,,Aggregated,30.300000,0.000000,15,17,19,20,24,26,30,33,41,55,55,8559,0,15,16.36228779074727,4.141022999988309,54.7883939999565,224.36359387778947
1789562101,10,,Aggregated,30.600000,0.000000,15,17,19,20,24,26,30,33,42,55,55,8593,0,15,16.36575044000998,4.141022999988309,54.7883939999565,224.34388455719773
1789562102,10,,Aggregated,30.800000,0.000000,15,17,19,20,24,26,30,33,42,55,55,8624,0,15,16.37325827388751,4.141022999988309,54.7883939999565,224.34461966604823
1789562103,10,,Aggregated,31.500000,0.000000,15,17,19,20,24,26,30,33,42,55,55,8658,0,15,16.37681737676208,4.141022999988309,54.7883939999565,224.34141834141835
1789562104,10,,Aggregated,32.000000,0.000000,15,17,19,20,24,26,30,33,42,55,55,8688,0,15,16.380673636510817,4.141022999988309,54.7883939999565,224.32941988950276
1789562105,10,,Aggregated,32.300000,0.000000,15,17,19,20,24,26,30,33,42,55,55,8720,0,15,16.38290297683553,4.141022999988309,54.7883939999565,224.31089449541284
1789562106,10,,Aggregated,32.000000,0.000000,15,17,19,20,24,26,30,33,42,55,55,8754,0,15,16.38403943500183,4.141022999988309,54.7883939999565,224.32385195339273
1789562107,10,,Aggregated,32.300000,0.000000,15,17,19,20,24,26,30,33,42,55,55,8782,0,15,16.383694812571868,4.141022999988309,54.7883939999565,224.3175814165338
1789562108,10,,Aggregated,32.500000,0.000000,15,17,19,20,24,26,30,33,43,55,55,8812,0,15,16.392275244553527,4.141022999988309,54.7883939999565,224.29607353608716
1789562109,10,,Aggregated,31.800000,0.000000,15,17,19,20,24,26,30,33,43,55,55,8843,0,15,16.39093718455343,4.141022999988309,54.7883939999565,224.30136831392062
1789562110,10,,Aggregated,32.200000,0.000000,15,17,19,20,24,26,30,33,43,55,55,8876,0,15,16.39383923704441,4.141022999988309,54.7883939999565,224.30103650292924
1789562111,10,,Aggregated,31.700000,0.000000,15,17,19,20,24,26,30,33,43,55,55,8910,0,15,16.38963597070782,4.141022999988309,54.7883939999565,224.2824915824916
1789562112,10,,Aggregated,31.700000,0.000000,15,17,19,20,24,26,30,33,43,55,55,8940,0,15,16.391440836466092,4.141022999988309,54.7883939999565,224.26577181208054
1789562113,10,,Aggregated,31.900000,0.000000,15,17,19,20,24,26,30,33,43,55,55,8971,0,15,16.39479978909897,4.141022999988309,54.7883939999565,224.27700367851966
1789562114,10,,Aggregated,31.700000,0.000000,15,17,19,20,24,26,30,33,42,55,55,9003,0,15,16.392046959347677,4.141022999988309,54.7883939999565,224.2585804731756
1789562115,10,,Aggregated,31.600000,0.000000,15,17,19,20,24,26,30,33,42,55,55,9043,0,15,16.392603216411292,4.141022999988309,54.7883939999565,224.25832135353312
1789562116,10,,Aggregated,31.400000,0.000000,15,17,19,20,24,26,30,33,42,55,55,9070,0,15,16.393448189747186,3.914475999977185,54.7883939999565,224.261190738699
1789562117,10,,Aggregated,31.700000,0.000000,15,17,19,20,24,26,30,33,42,55,55,9100,0,15,16.392296608352396,3.914475999977185,54.7883939999565,224.25516483516483
1789562118,10,,Aggregated,31.100000,0.000000,15,17,19,20,24,26,30,33,42,55,55,9134,0,15,16.40190424764696,3.914475999977185,54.7883939999565,224.23713597547624
1789562119,10,,Aggregated,31.900000,0.000000,15,17,19,20,24,26,30,33,42,55,55,9168,0,15,16.40109333344321,3.914475999977185,54.7883939999565,224.25643542757416
1789562120,10,,Aggregated,31.800000,0.000000,15,17,19,20,24,26,30,33,42,55,55,9202,0,15,16.39782800967258,3.914475999977185,54.7883939999565,224.25842208215605
1789562121,10,,Aggregated,32.200000,0.000000,15,17,19,20,24,26,30,33,42,55,55,9233,0,15,16.39801497314062,3.914475999977185,54.7883939999565,224.2493230802556
1789562122,10,,Aggregated,32.500000,0.000000,15,17,19,20,24,26,30,33,42,55,55,9266,0,15,16.399292083100313,3.914475999977185,54.7883939999565,224.23019641700841
1789562123,10,,Aggregated,32.600000,0.000000,15,17,19,20,24,26,30,33,42,55,55,9296,0,15,16.399990990641964,3.914475999977185,54.7883939999565,224.2487091222031
1789562124,10,,Aggregated,32.300000,0.000000,15,17,19,20,24,26,30,33,42,55,55,9329,0,15,16.399604443885472,3.914475999977185,54.7883939999565,224.26819594811877
1789562125,10,,Aggregated,32.200000,0.000000,15,17,19,20,24,26,30,33,42,55,55,9357,0,15,16.403100758363543,3.914475999977185,54.7883939999565,224.2728438602116
1789562126,10,,Aggregated,32.200000,0.000000,15,17,19,20,24,26,30,33,42,55,55,9388,0,15,16.41263628312823,3.914475999977185,54.7883939999565,224.27833404345972
1789562127,10,,Aggregated,31.900000,0.000000,15,17,19,20,24,26,30,33,42,55,55,9419,0,15,16.40445496995515,3.914475999977185,54.7883939999565,224.26435927380825
1789562128,10,,Aggregated,31.800000,0.000000,15,17,19,20,24,26,30,33,42,55,55,9452,0,15,16.403714166843802,3.914475999977185,54.7883939999565,224.26375370292
1789562129,10,,Aggregated,31.700000,0.000000,15,17,19,20,24,26,30,33,42,55,55,9481,0,15,16.405686876912558,3.914475999977185,54.7883939999565,224.2747600464086
1789562130,10,,Aggregated,31.500000,0.000000,15,17,19,20,24,26,30,33,42,55,55,9515,0,15,16.402277476616632,3.914475999977185,54.7883939999565,224.30604308985812
1789562131,10,,Aggregated,31.300000,0.000000,15,17,19,20,24,26,30,33,42,55,55,9540,0,15,16.401579303983972,3.914475999977185,54.7883939999565,224.31834381551363
1789562132,10,,Aggregated,31.200000,0.000000,15,17,19,20,24,26,30,33,42,55,55,9579,0,15,16.410603191774385,3.914475999977185,54.7883939999565,224.31193235202005
1789562133,10,,Aggregated,30.700000,0.000000,15,17,19,20,24,26,30,33,42,55,55,9606,0,15,16.41048718873694,3.914475999977185,54.7883939999565,224.2998126171143
1789562134,10,,Aggregated,31.200000,0.000000,15,17,19,20,24,26,30,33,42,55,55,9638,0,15,16.419265267379828,3.914475999977185,54.7883939999565,224.29819464619214
1789562135,10,,Aggregated,31.200000,0.000000,15,17,19,20,24,26,30,33,42,55,55,9669,0,15,16.419973648258008,3.914475999977185,54.7883939999565,224.2986865239425
1789562136,10,,Aggregated,31.100000,0.000000,15,17,19,20,24,26,30,33,42,55,55,9701,0,15,16.425163859808926,3.914475999977185,54.7883939999565,224.29265024224307
1789562137,10,,Aggregated,31.100000,0.000000,15,17,19,20,24,26,30,33,43,55,55,9733,0,15,16.431962239186962,3.914475999977185,54.7883939999565,224.2998047878352
1789562138,10,,Aggregated,31.500000,0.000000,15,17,19,20,24,26,30,33,43,55,55,9767,0,15,16.432791968363546,3.914475999977185,54.7883939999565,224.32507422954848
1789562139,10,,Aggregated,31.400000,0.000000,15,17,19,20,24,26,30,33,43,55,55,9799,0,15,16.43330246831373,3.914475999977185,54.7883939999565,224.32615573017654
1789562140,10,,Aggregated,31.700000,0.000000,15,17,19,20,24,26,30,33,43,55,55,9828,0,15,16.43196326546665,3.914475999977185,54.7883939999565,224.3231583231583
1789562141,10,,Aggregated,32.000000,0.000000,15,17,19,20,24,26,30,33,43,55,55,9862,0,15,16.42720464804358,3.914475999977185,54.7883939999565,224.3297505576962
1789562142,10,,Aggregated,31.700000,0.000000,15,17,19,20,24,26,30,33,43,55,55,9896,0,15,16.432446552648088,3.914475999977185,54.7883939999565,224.3223524656427
1789562143,10,,Aggregated,31.500000,0.000000,15,17,19,20,24,26,30,33,43,55,55,9930,0,15,16.430993743102256,3.914475999977185,54.7883939999565,224.33413897280965
1789562144,10,,Aggregated,31.800000,0.000000,15,17,19,20,24,26,30,33,43,55,55,9965,0,15,16.43683618454644,3.914475999977185,54.7883939999565,224.34721525338685
1789562145,10,,Aggregated,32.100000,0.000000,15,17,19,20,24,26,30,33,42,52,55,10002,0,15,16.44365039092233,3.914475999977185,54.7883939999565,224.35042991401718
1789562146,10,,Aggregated,32.700000,0.000000,15,17,19,20,24,26,30,33,42,52,55,10030,0,15,16.443873754437167,3.914475999977185,54.7883939999565,224.34945164506482
1789562147,10,,Aggregated,33.100000,0.000000,15,17,19,20,24,26,30,33,42,52,55,10062,0,15,16.442896562612308,3.914475999977185,54.7883939999565,224.36076326774003
1789562148,10,,Aggregated,32.700000,0.000000,15,17,19,20,24,26,30,33,42,52,55,10092,0,15,16.445323742469807,3.914475999977185,54.7883939999565,224.363456202933
1789562149,10,,Aggregated,33.000000,0.000000,15,17,19,20,24,26,30,33,42,52,55,10126,0,15,16.44899504918081,3.914475999977185,54.7883939999565,224.35186648232272
1789562150,10,,Aggregated,32.300000,0.000000,15,17,19,20,24,26,30,33,42,52,55,10157,0,15,16.45585771231717,3.914475999977185,54.7883939999565,224.34793738308556
1789562151,10,,Aggregated,32.600000,0.000000,15,17,19,20,24,26,30,33,42,52,55,10188,0,15,16.456156649882764,3.914475999977185,54.7883939999565,224.34854731056146
1789562152,10,,Aggregated,32.800000,0.000000,15,17,19,20,24,26,30,33,42,52,55,10221,0,15,16.45915129840581,3.914475999977185,54.7883939999565,224.36170629096958
1789562153,10,,Aggregated,32.600000,0.000000,15,17,19,20,24,26,30,33,42,52,55,10248,0,15,16.45856556459851,3.914475999977185,54.7883939999565,224.3636807181889
1789562154,10,,Aggregated,32.300000,0.000000,15,17,19,20,24,26,30,33,42,52,55,10280,0,15,16.462456999805983,3.914475999977185,54.7883939999565,224.37538910505836
1789562155,10,,Aggregated,32.100000,0.000000,15,17,19,20,24,26,30,33,42,52,55,10314,0,15,16.463960807931553,3.914475999977185,54.7883939999565,224.36406825673842
1789562156,10,,Aggregated,31.900000,0.000000,15,17,19,20,24,26,30,33,42,52,55,10348,0,15,16.470289635872245,3.914475999977185,54.7883939999565,224.37504831851567
1789562157,10,,Aggregated,31.200000,0.000000,15,17,19,20,24,26,30,33,42,52,55,10379,0,15,16.465682419212445,3.914475999977185,54.7883939999565,224.38009442142788
1789562158,10,,Aggregated,31.700000,0.000000,15,17,19,20,24,26,30,33,42,52,55,10411,0,15,16.469908180674842,3.914475999977185,54.7883939999565,224.3778695610412
1789562159,10,,Aggregated,31.600000,0.000000,15,17,19,20,24,26,30,33,42,52,55,10447,0,15,16.461853843687795,3.914475999977185,54.7883939999565,224.36575093328227
1789562160,10,,Aggregated,31.900000,0.000000,15,17,19,20,24,26,30,33,42,52,55,10477,0,15,16.46576619528553,3.914475999977185,54.7883939999565,224.355731602558
1789562161,10,,Aggregated,31.700000,0.000000,15,17,19,20,24,26,30,33,42,52,55,10511,0,15,16.46501751450922,3.914475999977185,54.7883939999565,224.34887260964703
1789562162,10,,Aggregated,31.700000,0.000000,15,17,19,20,24,26,30,33,42,52,55,10543,0,15,16.4689101787922,3.914475999977185,54.7883939999565,224.35103860381295
1789562163,10,,Aggregated,32.400000,0.000000,15,17,19,20,24,27,30,33,43,52,55,10575,0,15,16.46931998430319,3.914475999977185,54.7883939999565,224.3575413711584
1789562164,10,,Aggregated,31.700000,0.000000,15,17,19,20,24,27,30,33,43,52,55,10606,0,15,16.473990871582718,3.914475999977185,54.7883939999565,224.348953422591
1789562165,10,,Aggregated,32.600000,0.000000,15,17,19,20,24,27,30,33,43,52,55,10637,0,15,16.475354868196533,3.914475999977185,54.7883939999565,224.3451161041647
1789562166,10,,Aggregated,32.500000,0.000000,15,17,19,20,24,27,30,33,43,52,55,10669,0,15,16.47086993645203,3.914475999977185,54.7883939999565,224.33892585996813
1789562167,10,,Aggregated,32.400000,0.000000,15,17,19,20,24,27,30,33,43,52,55,10702,0,15,16.468827976547058,3.914475999977185,54.7883939999565,224.34292655578398
1789562168,10,,Aggregated,32.300000,0.000000,15,17,19,20,24,27,30,33,43,52,55,10735,0,15,16.46550251979571,3.914475999977185,54.7883939999565,224.33041453190498
1789562169,10,,Aggregated,32.200000,0.000000,15,17,19,20,24,26,30,33,43,52,55,10772,0,15,16.46357500148595,3.914475999977185,54.7883939999565,224.32482361678424
1789562170,10,,Aggregated,32.400000,0.000000,15,17,19,20,24,27,30,33,43,52,55,10803,0,15,16.46451887392451,3.914475999977185,54.7883939999565,224.3507359066926
1789562171,10,,Aggregated,32.400000,0.000000,15,17,19,20,24,27,30,33,43,52,55,10833,0,15,16.467527539001754,3.914475999977185,54.7883939999565,224.35410320317547
1789562172,10,,Aggregated,32.500000,0.000000,15,17,19,20,24,27,30,33,43,52,55,10862,0,15,16.467880527619705,3.914475999977185,54.7883939999565,224.36356103848277
1789562173,10,,Aggregated,31.900000,0.000000,15,17,19,20,24,26,30,33,43,52,55,10898,0,15,16.465367757387146,3.914475999977185,54.7883939999565,224.36437878509818
1789562174,10,,Aggregated,32.700000,0.000000,15,17,19,20,24,26,30,33,43,52,55,10928,0,15,16.46305346156711,3.914475999977185,54.7883939999565,224.37170571010247
1789562175,10,,Aggregated,31.800000,0.000000,15,17,19,20,24,27,30,33,43,52,55,10956,0,15,16.46962812623265,3.914475999977185,54.7883939999565,224.36272362175976
1789562176,10,,Aggregated,31.900000,0.000000,15,17,19,20,24,26,30,33,43,52,55,10986,0,15,16.470486661842823,3.914475999977185,54.7883939999565,224.35281267067177
1789562177,10,,Aggregated,32.000000,0.000000,15,17,19,20,24,26,30,33,43,52,55,11018,0,15,16.47042497930705,3.914475999977185,54.7883939999565,224.35469232165548
1789562178,10,,Aggregated,31.900000,0.000000,15,17,19,20,24,27,30,33,43,52,55,11048,0,15,16.473327039736116,3.914475999977185,54.7883939999565,224.35707820419987
1789562179,10,,Aggregated,31.500000,0.000000,15,17,19,20,24,27,30,33,43,52,55,11083,0,15,16.47308461788369,3.914475999977185,54.7883939999565,224.35631146801407
1789562180,10,,Aggregated,31.300000,0.000000,15,17,19,20,24,27,30,33,43,52,55,11118,0,15,16.4721146573129,3.914475999977185,54.7883939999565,224.36040654794027
1789562181,10,,Aggregated,31.400000,0.000000,15,17,19,20,24,26,30,33,43,52,55,11147,0,15,16.47032725109938,3.914475999977185,54.7883939999565,224.35668789808918
1789562182,10,,Aggregated,31.200000,0.000000,15,17,19,20,24,26,30,33,43,52,55,11182,0,15,16.467836775443107,3.914475999977185,54.7883939999565,224.3559291718834
1789562183,10,,Aggregated,31.800000,0.000000,15,17,19,20,24,26,30,33,43,52,55,11217,0,15,16.465583647143127,3.914475999977185,54.7883939999565,224.35936524917537
1789562184,10,,Aggregated,31.700000,0.000000,15,17,19,20,24,26,30,33,43,52,55,11249,0,15,16.4661114123926,3.914475999977185,54.7883939999565,224.3816339230154
1789562185,10,,Aggregated,32.200000,0.000000,15,17,19,20,24,26,30,33,43,52,55,11284,0,15,16.46567498165581,3.914475999977185,54.7883939999565,224.37655086848636
1789562186,10,,Aggregated,31.900000,0.000000,15,17,19,20,24,26,30,33,43,52,55,11313,0,15,16.46410868027968,3.914475999977185,54.7883939999565,224.3937063555202
1789562187,10,,Aggregated,32.300000,0.000000,15,17,19,20,24,26,30,33,43,52,55,11347,0,15,16.46172276390268,3.914475999977185,54.7883939999565,224.39490614259276
1789562188,10,,Aggregated,32.300000,0.000000,15,17,19,20,24,26,30,33,43,52,55,11382,0,15,16.457728896767133,3.914475999977185,54.7883939999565,224.3821823932525
1789562189,10,,Aggregated,33.000000,0.000000,15,17,19,20,24,26,30,33,43,52,55,11417,0,15,16.455764239204957,3.914475999977185,54.7883939999565,224.36182885171235
1789562190,10,,Aggregated,33.000000,0.000000,15,17,19,20,24,26,30,33,43,52,55,11445,0,15,16.45176040270888,3.914475999977185,54.7883939999565,224.35325469637397
1789562191,10,,Aggregated,33.100000,0.000000,15,17,19,20,24,26,30,33,43,52,55,11477,0,15,16.454186813976072,3.914475999977185,54.7883939999565,224.33972292410908
1789562192,10,,Aggregated,33.100000,0.000000,15,17,19,20,24,26,30,33,43,52,55,11509,0,15,16.45487762359919,3.914475999977185,54.7883939999565,224.35381006169084
1789562193,10,,Aggregated,32.800000,0.000000,15,17,19,20,24,26,30,33,43,52,55,11539,0,15,16.455945215356902,3.914475999977185,54.7883939999565,224.34907704307133
1789562194,10,,Aggregated,32.500000,0.000000,15,17,19,20,24,26,30,33,43,52,55,11569,0,15,16.45873731610367,3.914475999977185,54.7883939999565,224.33581121963869
1789562195,10,,Aggregated,31.900000,0.000000,15,17,19,20,24,26,30,33,43,52,55,11596,0,15,16.459596535616043,3.914475999977185,54.7883939999565,224.34149706795446
1789562196,10,,Aggregated,32.100000,0.000000,15,17,19,20,24,26,30,33,43,52,55,11627,0,15,16.458079699062804,3.914475999977185,54.7883939999565,224.3460049883891
1789562197,10,,Aggregated,31.700000,0.000000,15,17,19,20,24,26,30,33,43,52,55,11657,0,15,16.457350969803844,3.914475999977185,54.7883939999565,224.36004117697522
1789562198,10,,Aggregated,31.500000,0.000000,15,17,19,20,24,26,30,33,43,52,55,11691,0,15,16.462904437516343,3.914475999977185,54.7883939999565,224.37267983919253
1789562199,10,,Aggregated,30.900000,0.000000,15,17,19,20,24,26,30,33,43,52,55,11723,0,15,16.45916643939293,3.914475999977185,54.7883939999565,224.37848673547725
1789562200,10,,Aggregated,31.000000,0.000000,15,17,19,20,24,26,30,33,43,52,55,11756,0,15,16.462338841528027,3.914475999977185,54.7883939999565,224.37835998638994
1789562201,10,,Aggregated,30.700000,0.000000,15,17,19,20,24,26,30,33,43,52,55,11794,0,15,16.460620239952842,3.914475999977185,54.7883939999565,224.39087671697473
1789562202,10,,Aggregated,30.400000,0.000000,15,17,19,20,24,26,30,33,43,52,55,11825,0,15,16.459226918308975,3.914475999977185,54.7883939999565,224.39501057082452
1789562203,10,,Aggregated,31.300000,0.000000,15,17,19,20,24,26,30,33,43,52,55,11857,0,15,16.457167747069555,3.914475999977185,54.7883939999565,224.41224593067386
1789562204,10,,Aggregated,31.800000,0.000000,15,17,19,20,24,26,30,33,43,52,55,11889,0,15,16.45727751341606,3.914475999977185,54.7883939999565,224.41004289679535
1789562205,10,,Aggregated,31.700000,0.000000,15,17,19,20,24,26,30,33,43,52,55,11917,0,15,16.457815669296274,3.914475999977185,54.7883939999565,224.39775111185702
1789562206,10,,Aggregated,31.900000,0.000000,15,17,19,20,24,26,30,33,43,52,55,11946,0,15,16.4563631500087,3.914475999977185,54.7883939999565,224.38690775154865
1789562207,10,,Aggregated,32.100000,0.000000,15,17,19,20,24,26,30,33,43,52,55,11977,0,15,16.459890093429372,3.914475999977185,54.7883939999565,224.38740920096853
1789562208,10,,Aggregated,32.000000,0.000000,15,17,19,20,24,26,30,33,42,52,55,12014,0,15,16.461802296154783,3.914475999977185,54.7883939999565,224.39354086898618
1789562209,10,,Aggregated,31.700000,0.000000,15,17,19,20,24,27,30,33,43,52,55,12044,0,15,16.47440154657956,3.914475999977185,54.7883939999565,224.36956160743938
1789562210,10,,Aggregated,32.500000,0.000000,15,17,19,20,24,27,30,33,43,52,55,12070,0,15,16.47839037025719,3.914475999977185,54.7883939999565,224.36901408450703
1789562211,10,,Aggregated,31.900000,0.000000,15,17,19,20,24,27,30,33,43,52,55,12104,0,15,16.47945816027798,3.914475999977185,54.7883939999565,224.36682088565763
1789562212,10,,Aggregated,31.900000,0.000000,15,17,19,20,24,27,30,33,43,52,55,12134,0,15,16.477130495385254,3.914475999977185,54.7883939999565,224.36525465633756
1789562213,10,,Aggregated,31.100000,0.000000,15,17,19,20,24,27,30,33,43,52,55,12167,0,15,16.47830243190635,3.914475999977185,54.7883939999565,224.37544176871867
1789562214,10,,Aggregated,30.800000,0.000000,15,17,19,20,24,27,30,33,43,52,55,12199,0,15,16.4753357507996,3.914475999977185,54.7883939999565,224.3774899581933
1789562215,10,,Aggregated,31.400000,0.000000,15,17,19,20,24,27,30,33,43,52,55,12229,0,15,16.47397041148127,3.914475999977185,54.7883939999565,224.37280235505764
1789562216,10,,Aggregated,30.900000,0.000000,15,17,19,20,24,27,30,33,43,52,55,12264,0,15,16.473837588959903,3.914475999977185,54.7883939999565,224.36855838225702
1789562217,10,,Aggregated,31.100000,0.000000,15,17,19,20,24,26,30,33,43,52,55,12295,0,15,16.473713003741732,3.914475999977185,54.7883939999565,224.36510776738513
1789562218,10,,Aggregated,31.100000,0.000000,15,17,19,20,24,26,30,33,43,52,55,12328,0,15,16.476998923102233,3.914475999977185,54.7883939999565,224.3538286826736
1789562219,10,,Aggregated,31.800000,0.000000,15,17,19,20,24,26,30,33,43,52,55,12361,0,15,16.4699286467927,3.914475999977185,54.7883939999565,224.35717174985842
1789562220,10,,Aggregated,31.000000,0.000000,15,17,19,20,24,26,30,33,43,52,55,12392,0,15,16.468266719738914,3.914475999977185,54.7883939999565,224.34974176888315
1789562221,10,,Aggregated,31.600000,0.000000,15,17,19,20,24,26,30,33,43,52,55,12423,0,15,16.46676930411367,3.914475999977185,54.7883939999565,224.35756258552684
1789562222,10,,Aggregated,32.200000,0.000000,15,17,19,20,24,26,30,33,43,52,55,12454,0,15,16.46620939079845,3.914475999977185,54.7883939999565,224.3544242813554
1789562223,10,,Aggregated,31.800000,0.000000,15,17,19,20,24,26,30,33,43,52,55,12486,0,15,16.468035692375764,3.914475999977185,54.7883939999565,224.36689091782796
1789562224,10,,Aggregated,31.900000,0.000000,15,17,19,20,24,26,30,33,43,52,55,12518,0,15,16.467324897028597,3.914475999977185,54.7883939999565,224.3907972519572
1789562225,10,,Aggregated,32.000000,0.000000,15,17,19,20,24,26,30,33,43,52,55,12551,0,15,16.465642258545426,3.914475999977185,54.7883939999565,224.3907258385786
1789562226,10,,Aggregated,31.800000,0.000000,15,17,19,20,24,26,30,33,43,52,55,12583,0,15,16.464275784868793,3.914475999977185,54.7883939999565,224.4105539219582
1789562227,10,,Aggregated,31.900000,0.000000,15,17,19,20,24,26,30,33,43,52,55,12615,0,15,16.46338735109029,3.914475999977185,54.7883939999565,224.41537851763772
1789562228,10,,Aggregated,32.200000,0.000000,15,17,19,20,24,26,30,33,43,52,55,12646,0,15,16.462866187806743,3.914475999977185,54.7883939999565,224.4190257789024
1789562229,10,,Aggregated,32.000000,0.000000,15,17,19,20,24,26,30,33,43,52,55,12675,0,15,16.465890357002312,3.914475999977185,54.7883939999565,224.42650887573964
1789562230,10,,Aggregated,32.000000,0.000000,15,17,19,20,24,26,30,33,43,52,55,12709,0,15,16.46136836604016,3.914475999977185,54.7883939999565,224.42418758360216
1789562231,10,,Aggregated,31.900000,0.000000,15,17,19,20,24,26,30,33,43,52,55,12740,0,15,16.46709141357961,3.914475999977185,54.7883939999565,224.4243328100471
1789562232,10,,Aggregated,31.100000,0.000000,15,17,19,20,24,26,30,33,43,52,55,12769,0,15,16.46555049103328,3.914475999977185,54.7883939999565,224.43597775863418
1789562233,10,,Aggregated,31.700000,0.000000,15,17,19,20,24,26,30,33,43,52,55,12804,0,15,16.472219941502924,3.914475999977185,54.7883939999565,224.41018431740082
1789562234,10,,Aggregated,31.300000,0.000000,15,17,19,20,24,26,30,33,43,52,55,12831,0,15,16.474742550464008,3.914475999977185,54.7883939999565,224.40378770166004
1789562235,10,,Aggregated,31.100000,0.000000,15,17,19,20,24,26,30,33,43,52,55,12865,0,15,16.473859258764357,3.914475999977185,54.7883939999565,224.4117372716673
1789562236,10,,Aggregated,31.500000,0.000000,15,17,19,20,24,26,30,33,43,52,55,12895,0,15,16.477964242187156,3.914475999977185,54.7883939999565,224.40317952694843
1789562237,10,,Aggregated,31.000000,0.000000,15,17,19,20,24,26,30,33,43,52,55,12929,0,15,16.474295084693583,3.914475999977185,54.7883939999565,224.40413024982598
1789562238,10,,Aggregated,31.300000,0.000000,15,17,19,20,24,26,30,33,43,52,55,12962,0,15,16.474316314997957,3.914475999977185,54.7883939999565,224.3968523376022
1789562239,10,,Aggregated,31.500000,0.000000,15,17,19,20,24,26,30,33,43,52,55,12991,0,15,16.473785048264464,3.914475999977185,54.7883939999565,224.39427295820184
1789562240,10,,Aggregated,31.400000,0.000000,15,17,19,20,24,26,30,33,42,52,55,13025,0,15,16.47624861704443,3.914475999977185,54.7883939999565,224.395547024952
1789562241,10,,Aggregated,31.400000,0.000000,15,17,19,20,24,26,30,33,42,52,55,13059,0,15,16.4775029416497,3.914475999977185,54.7883939999565,224.39666130637875
1789562242,10,,Aggregated,32.000000,0.000000,15,17,19,20,24,26,30,33,42,52,55,13090,0,15,16.4760570819712,3.914475999977185,54.7883939999565,224.3938884644767
1789562243,10,,Aggregated,31.700000,0.000000,15,17,19,20,24,26,30,33,42,52,55,13122,0,15,16.479806711019894,3.914475999977185,54.7883939999565,224.37128486511202
1789562244,10,,Aggregated,32.600000,0.000000,15,17,19,20,24,26,30,33,42,52,55,13154,0,15,16.484682624601103,3.914475999977185,54.7883939999565,224.36977345294207
1789562245,10,,Aggregated,32.000000,0.000000,15,17,19,20,24,26,30,33,42,52,55,13182,0,15,16.487925993172723,3.914475999977185,54.7883939999565,224.36959490213928
1789562246,10,,Aggregated,31.900000,0.000000,15,17,19,20,24,26,30,33,42,52,55,13216,0,15,16.483470414422094,3.914475999977185,54.7883939999565,224.37431900726392
1789562247,10,,Aggregated,32.300000,0.000000,15,17,19,20,24,26,30,33,42,52,55,13249,0,15,16.484828713789906,3.914475999977185,54.7883939999565,224.3703675749113
1789562248,10,,Aggregated,31.700000,0.000000,15,17,19,20,24,27,30,33,42,52,55,13280,0,15,16.487308441792376,3.914475999977185,54.7883939999565,224.38140060240963
1789562249,10,,Aggregated,31.900000,0.000000,15,17,19,20,24,26,30,33,42,52,55,13311,0,15,16.484961022312564,3.914475999977185,54.7883939999565,224.36811659529712
1789562250,10,,Aggregated,31.800000,0.000000,15,17,19,20,24,26,30,33,42,52,55,13341,0,15,16.482266627764222,3.914475999977185,54.7883939999565,224.3670639382355
1789562251,10,,Aggregated,32.000000,0.000000,15,17,19,20,24,26,30,33,42,52,55,13376,0,15,16.481000998355437,3.914475999977185,54.7883939999565,224.36632775119617
1789562252,10,,Aggregated,31.900000,0.000000,15,17,19,20,24,26,30,33,42,52,55,13409,0,15,16.4835737914835,3.914475999977185,54.7883939999565,224.37616526213736
1789562253,10,,Aggregated,32.100000,0.000000,15,17,19,20,24,26,30,33,42,52,55,13438,0,15,16.48406471015046,3.914475999977185,54.7883939999565,224.38376246465248
1789562254,10,,Aggregated,31.500000,0.000000,15,17,19,20,24,26,30,33,42,52,55,13474,0,15,16.48344698241072,3.914475999977185,54.7883939999565,224.39438919400325
1789562255,10,,Aggregated,31.700000,0.000000,15,17,19,20,24,27,30,33,42,52,55,13503,0,15,16.48680287388003,3.914475999977185,54.7883939999565,224.38169295712063
1789562256,10,,Aggregated,32.100000,0.000000,15,17,19,20,24,27,30,33,42,52,55,13538,0,15,16.487177639754915,3.914475999977185,54.7883939999565,224.37767764810164
1789562257,10,,Aggregated,31.800000,0.000000,15,17,19,20,24,27,30,33,42,52,55,13570,0,15,16.487055518717916,3.914475999977185,54.7883939999565,224.36919675755342
1789562258,10,,Aggregated,32.000000,0.000000,15,17,19,20,24,27,30,33,42,52,55,13600,0,15,16.484228496911925,3.914475999977185,54.7883939999565,224.36830882352942
1789562259,10,,Aggregated,31.900000,0.000000,15,17,19,20,24,27,30,33,42,52,55,13633,0,15,16.483958357148282,3.914475999977185,54.7883939999565,224.3784933616959
1789562260,10,,Aggregated,32.100000,0.000000,15,17,19,20,24,27,30,33,42,52,55,13663,0,15,16.483070901925075,3.914475999977185,54.7883939999565,224.37063602429922
1789562261,10,,Aggregated,31.800000,0.000000,15,17,19,20,24,27,30,33,42,52,55,13696,0,15,16.481190858498962,3.914475999977185,54.7883939999565,224.36689544392524
1789562262,10,,Aggregated,31.800000,0.000000,15,17,19,20,24,26,30,33,42,52,55,13730,0,15,16.47568597327038,3.914475999977185,54.7883939999565,224.38164603058996
1789562263,10,,Aggregated,31.500000,0.000000,15,17,19,20,24,26,30,33,42,52,55,13763,0,15,16.47389664586224,3.914475999977185,54.7883939999565,224.37855118796773
1789562264,10,,Aggregated,31.900000,0.000000,15,17,19,20,24,26,30,33,42,52,55,13797,0,15,16.47512096578981,3.914475999977185,54.7883939999565,224.35971588026382
1789562265,10,,Aggregated,32.400000,0.000000,15,17,19,20,24,27,30,33,42,52,55,13832,0,15,16.481809093189835,3.914475999977185,54.7883939999565,224.3656015037594
1789562266,10,,Aggregated,32.400000,0.000000,15,17,19,20,24,26,30,33,42,52,55,13867,0,15,16.480894022571682,3.914475999977185,54.7883939999565,224.35177039013485
1789562267,10,,Aggregated,32.800000,0.000000,15,17,19,20,24,26,30,33,42,52,55,13895,0,15,16.479572055487697,3.914475999977185,54.7883939999565,224.3712846347607
1789562268,10,,Aggregated,33.100000,0.000000,15,17,19,20,24,26,30,33,42,52,55,13924,0,15,16.479163744470064,3.914475999977185,54.7883939999565,224.37209135305946
1789562269,10,,Aggregated,32.800000,0.000000,15,17,19,20,24,26,30,33,42,52,55,13959,0,15,16.479830095207475,3.914475999977185,54.7883939999565,224.37431048069345
1789562270,10,,Aggregated,32.500000,0.000000,15,17,19,20,24,26,30,33,42,52,55,13987,0,15,16.48018157317513,3.914475999977185,54.7883939999565,224.37399013369557
1789562271,10,,Aggregated,32.200000,0.000000,15,17,19,20,24,26,30,33,42,52,55,14015,0,15,16.481669458080685,3.914475999977185,54.7883939999565,224.38316089903674
1789562272,10,,Aggregated,32.400000,0.000000,15,17,19,20,24,26,30,33,42,52,55,14048,0,15,16.478705449814985,3.914475999977185,54.7883939999565,224.37976936218678
1789562273,10,,Aggregated,32.200000,0.000000,15,17,19,20,24,26,30,33,42,52,55,14080,0,15,16.480142594389253,3.914475999977185,54.7883939999565,224.38451704545454
1789562274,10,,Aggregated,31.700000,0.000000,15,17,19,20,24,26,30,33,42,52,55,14111,0,15,16.480898844022455,3.914475999977185,54.7883939999565,224.3785699099993
1789562275,10,,Aggregated,31.800000,0.000000,15,17,19,20,24,26,30,33,42,52,55,14149,0,15,16.482538522863837,3.914475999977185,54.7883939999565,224.37529154003818
1789562276,10,,Aggregated,31.200000,0.000000,15,17,19,20,24,26,30,33,42,52,55,14180,0,15,16.488239883215854,3.914475999977185,54.7883939999565,224.35966149506348
1789562277,10,,Aggregated,31.200000,0.000000,15,17,19,20,24,27,30,33,42,52,55,14207,0,15,16.49309775061596,3.914475999977185,54.7883939999565,224.36123037939043
1789562278,10,,Aggregated,31.600000,0.000000,15,17,19,20,24,27,30,33,42,52,55,14243,0,15,16.495759476585057,3.914475999977185,54.7883939999565,224.36467036438953
1789562279,10,,Aggregated,31.300000,0.000000,15,17,19,20,24,27,30,33,42,52,55,14278,0,15,16.494148080123356,3.914475999977185,54.7883939999565,224.36685810337582
1789562280,10,,Aggregated,31.400000,0.000000,15,17,19,20,24,27,30,33,42,52,55,14307,0,15,16.49154678989312,3.914475999977185,54.7883939999565,224.3703781365765
1789562281,10,,Aggregated,32.000000,0.000000,15,17,19,20,24,26,30,33,42,52,55,14339,0,15,16.490653576190862,3.914475999977185,54.7883939999565,224.35281400376596
1789562282,10,,Aggregated,31.900000,0.000000,15,17,19,20,24,26,30,33,42,52,55,14368,0,15,16.488545706222233,3.914475999977185,54.7883939999565,224.35697383073497
1789562283,10,,Aggregated,32.200000,0.000000,15,17,19,20,24,27,30,33,42,52,55,14400,0,15,16.49534480527784,3.914475999977185,54.7883939999565,224.35194444444446
1789562284,10,,Aggregated,32.500000,0.000000,15,17,19,20,24,27,30,33,42,52,55,14435,0,15,16.496293445029522,3.914475999977185,54.7883939999565,224.34818150329062
1789562285,10,,Aggregated,31.800000,0.000000,15,17,19,20,24,27,30,33,42,52,55,14465,0,15,16.49456933785006,3.914475999977185,54.7883939999565,224.3534047701348
1789562286,10,,Aggregated,32.400000,0.000000,15,17,19,20,24,27,30,33,42,52,55,14501,0,15,16.49779945900291,3.914475999977185,54.7883939999565,224.3603889386939
1789562287,10,,Aggregated,32.300000,0.000000,15,17,19,20,24,27,30,33,42,52,55,14532,0,15,16.495993804294002,3.914475999977185,54.7883939999565,224.36691439581614
1789562288,10,,Aggregated,31.600000,0.000000,15,17,19,20,24,27,30,33,42,52,55,14565,0,15,16.494204973635505,3.914475999977185,54.7883939999565,224.3576381737041
1789562289,10,,Aggregated,32.100000,0.000000,15,17,19,20,24,27,30,33,42,52,55,14596,0,15,16.489606740271363,3.914475999977185,54.7883939999565,224.35482323924361
1789562290,10,,Aggregated,32.200000,0.000000,15,17,19,20,24,27,30,33,42,52,55,14627,0,15,16.490814227182682,3.914475999977185,54.7883939999565,224.34880700075203
1789562291,10,,Aggregated,32.200000,0.000000,15,17,19,20,24,27,30,33,42,52,55,14662,0,15,16.48972685820496,3.914475999977185,54.7883939999565,224.3545218933297
1789562292,10,,Aggregated,32.000000,0.000000,15,17,19,20,24,27,30,33,42,52,55,14697,0,15,16.488394961216645,3.914475999977185,54.7883939999565,224.3640879090971
1789562293,10,,Aggregated,32.100000,0.000000,15,17,19,20,24,26,30,33,42,52,55,14725,0,15,16.488553236332873,3.914475999977185,54.7883939999565,224.36061120543295
1789562294,10,,Aggregated,32.200000,0.000000,15,17,19,20,24,26,30,33,42,52,55,14761,0,15,16.489315605175896,3.914475999977185,54.7883939999565,224.3702323690807
1789562295,10,,Aggregated,32.400000,0.000000,15,17,19,20,24,27,30,33,42,52,55,14794,0,15,16.488239755035917,3.914475999977185,54.7883939999565,224.37886981208598
1789562296,10,,Aggregated,32.000000,0.000000,15,17,19,20,24,26,30,33,42,52,55,14823,0,15,16.488791026310544,3.914475999977185,54.7883939999565,224.3797476894016
1789562297,10,,Aggregated,32.600000,0.000000,15,17,19,20,24,26,30,33,42,52,55,14858,0,15,16.485550821443073,3.914475999977185,54.7883939999565,224.39446762686768
1789562298,10,,Aggregated,32.500000,0.000000,15,17,19,20,24,26,30,33,42,52,55,14886,0,15,16.48576819763544,3.914475999977185,54.7883939999565,224.39392717990057
1789562299,10,,Aggregated,32.200000,0.000000,15,17,19,20,24,26,30,33,42,52,55,14918,0,15,16.48243638725037,3.914475999977185,54.7883939999565,224.3954953747151
1789562300,10,,Aggregated,32.300000,0.000000,15,17,19,20,24,26,30,33,42,52,55,14950,0,15,16.484463759063594,3.914475999977185,54.7883939999565,224.3848160535117
1789562301,10,,Aggregated,32.200000,0.000000,15,17,19,20,24,26,30,33,42,52,55,14983,0,15,16.487197266568845,3.914475999977185,54.7883939999565,224.3754254822132
1789562302,10,,Aggregated,31.900000,0.000000,15,17,19,20,24,26,30,33,42,52,55,15017,0,15,16.483540914829895,3.914475999977185,54.7883939999565,224.38289938070187
1789562303,10,,Aggregated,32.200000,0.000000,15,17,19,20,24,27,30,33,42,52,55,15050,0,15,16.486917170431894,3.914475999977185,54.7883939999565,224.37674418604652
1789562304,10,,Aggregated,32.000000,0.000000,15,17,19,20,24,26,30,33,42,52,55,15082,0,15,16.48587586261774,3.914475999977185,54.7883939999565,224.38423286036334
1789562305,10,,Aggregated,32.200000,0.000000,15,17,19,20,24,27,30,33,42,52,55,15111,0,15,16.487266482827117,3.914475999977185,54.7883939999565,224.37257626894316
1789562306,10,,Aggregated,32.400000,0.000000,15,17,19,20,24,26,30,33,42,52,55,15142,0,15,16.48442365942414,3.914475999977185,54.7883939999565,224.37894597807423
1789562307,10,,Aggregated,31.900000,0.000000,15,17,19,20,24,26,30,33,42,52,55,15174,0,15,16.48476245261635,3.914475999977185,54.7883939999565,224.35929880057995
1789562308,10,,Aggregated,31.800000,0.000000,15,17,19,20,24,26,30,33,42,52,55,15203,0,15,16.48267139860558,3.914475999977185,54.7883939999565,224.34519502729725
1789562309,10,,Aggregated,31.900000,0.000000,15,17,19,20,24,26,30,33,42,52,55,15241,0,15,16.481762070992765,3.914475999977185,54.7883939999565,224.35161734794306
1789562310,10,,Aggregated,31.500000,0.000000,15,17,19,20,24,26,30,33,42,52,55,15268,0,15,16.483575680049807,3.914475999977185,54.7883939999565,224.3466072832067
1789562311,10,,Aggregated,31.600000,0.000000,15,17,19,20,24,26,30,33,42,52,55,15301,0,15,16.486707625906853,3.914475999977185,54.7883939999565,224.34684007581203
1789562312,10,,Aggregated,32.100000,0.000000,15,17,19,20,24,26,30,33,42,52,55,15335,0,15,16.48403264251717,3.914475999977185,54.7883939999565,224.34411477013367
1789562313,10,,Aggregated,31.600000,0.000000,15,17,19,20,24,26,30,33,42,52,55,15366,0,15,16.48429385578556,3.914475999977185,54.7883939999565,224.33853963295587
1789562314,10,,Aggregated,31.600000,0.000000,15,17,19,20,24,26,30,33,42,52,55,15404,0,15,16.47952983809408,3.914475999977185,54.7883939999565,224.33588678265386
1789562315,10,,Aggregated,31.800000,0.000000,15,17,19,20,24,26,30,33,42,52,55,15438,0,15,16.47809912806071,3.914475999977185,54.7883939999565,224.33132530120483
1789562316,10,,Aggregated,31.900000,0.000000,15,17,19,20,24,26,30,33,42,52,55,15474,0,15,16.478895202404093,3.914475999977185,54.7883939999565,224.3408297789841
1789562317,10,,Aggregated,32.100000,0.000000,15,17,19,20,24,26,30,33,42,52,55,15505,0,15,16.478097578523123,3.914475999977185,54.7883939999565,224.3531118993873
1789562318,10,,Aggregated,32.700000,0.000000,15,17,19,20,24,26,30,33,42,52,55,15537,0,15,16.478176769131796,3.914475999977185,54.7883939999565,224.36313316599086
1789562319,10,,Aggregated,32.800000,0.000000,15,17,19,20,24,26,30,33,42,52,55,15567,0,15,16.474467468041404,3.914475999977185,54.7883939999565,224.37091282841908
1789562320,10,,Aggregated,33.300000,0.000000,15,17,19,20,24,26,30,33,42,52,55,15598,0,15,16.473272127516406,3.914475999977185,54.7883939999565,224.3743428644698
1789562321,10,,Aggregated,33.100000,0.000000,15,17,19,20,24,26,30,33,42,52,55,15628,0,15,16.4692518461736,3.914475999977185,54.7883939999565,224.37349628871257
1789562322,10,,Aggregated,32.900000,0.000000,15,17,19,20,24,26,30,33,42,52,55,15656,0,15,16.47138603085084,3.914475999977185,54.7883939999565,224.37301992846193
1789562323,10,,Aggregated,32.900000,0.000000,15,17,19,20,24,26,30,33,42,52,55,15687,0,15,16.470944946771272,3.914475999977185,54.7883939999565,224.37655383438516
1789562324,10,,Aggregated,32.700000,0.000000,15,17,19,20,24,26,30,33,42,52,55,15720,0,15,16.470611161959344,3.914475999977185,54.7883939999565,224.36736641221373
1789562325,10,,Aggregated,32.100000,0.000000,15,17,19,20,24,26,30,33,42,52,55,15751,0,15,16.468433392610045,3.914475999977185,54.7883939999565,224.37642054472732
1789562326,10,,Aggregated,31.800000,0.000000,15,17,19,20,24,26,30,33,42,52,55,15783,0,15,16.467440160172366,3.914475999977185,54.7883939999565,224.38642843565862
1789562327,10,,Aggregated,31.600000,0.000000,15,17,19,20,24,26,30,33,42,52,55,15815,0,15,16.46730210970602,3.914475999977185,54.7883939999565,224.3852671514385
1789562328,10,,Aggregated,31.000000,0.000000,15,17,19,20,24,26,30,33,42,52,55,15842,0,15,16.46703519726048,3.914475999977185,54.7883939999565,224.38385304885747
1789562329,10,,Aggregated,30.800000,0.000000,15,17,19,20,24,26,30,33,42,52,55,15878,0,15,16.466511041881887,3.914475999977185,54.7883939999565,224.3931225595163
1789562330,10,,Aggregated,31.000000,0.000000,15,17,19,20,24,26,30,33,42,52,55,15906,0,15,16.46466846026661,3.914475999977185,54.7883939999565,224.37828492392808
1789562331,10,,Aggregated,30.900000,0.000000,15,17,19,20,24,26,30,33,42,52,55,15936,0,15,16.463240122364482,3.914475999977185,54.7883939999565,224.38309487951807
1789562332,10,,Aggregated,31.000000,0.000000,15,17,19,20,24,26,30,33,42,52,55,15966,0,15,16.462955719779547,3.914475999977185,54.7883939999565,224.38268821245146
1789562333,10,,Aggregated,30.800000,0.000000,15,17,19,20,24,26,30,33,42,52,55,15996,0,15,16.468915263815997,3.914475999977185,54.7883939999565,224.37559389847462
1789562334,10,,Aggregated,30.700000,0.000000,15,17,19,20,24,26,30,33,42,52,55,16028,0,15,16.473787358684866,3.914475999977185,54.7883939999565,224.37715248315448
1789562335,10,,Aggregated,30.700000,0.000000,15,17,19,20,24,26,30,33,42,52,55,16057,0,15,16.472805638973714,3.914475999977185,54.7883939999565,224.38039484337048
1789562336,10,,Aggregated,30.700000,0.000000,15,17,19,20,24,26,30,33,42,52,55,16087,0,15,16.4730981850563,3.914475999977185,54.7883939999565,224.3850935538012
1789562337,10,,Aggregated,30.400000,0.000000,15,17,19,20,24,26,30,33,42,52,55,16121,0,15,16.475003203957623,3.914475999977185,54.7883939999565,224.3948266236586
1789562338,10,,Aggregated,30.500000,0.000000,15,17,19,20,24,26,30,33,42,52,55,16151,0,15,16.474350122345417,3.914475999977185,54.7883939999565,224.40511423441274
1789562339,10,,Aggregated,30.700000,0.000000,15,17,19,20,24,26,30,33,42,52,55,16184,0,15,16.476056033057386,3.914475999977185,54.7883939999565,224.41337123084529
1789562340,10,,Aggregated,30.400000,0.000000,15,17,19,20,24,26,30,33,42,52,55,16217,0,15,16.47778293833637,3.914475999977185,54.7883939999565,224.40741197508788
1789562341,10,,Aggregated,30.700000,0.000000,15,17,19,20,24,26,30,33,42,52,55,16251,0,15,16.47819396597138,3.914475999977185,54.7883939999565,224.40299058519474
1789562342,10,,Aggregated,30.600000,0.000000,15,17,19,20,24,26,30,33,42,52,55,16279,0,15,16.478337954051266,3.914475999977185,54.7883939999565,224.40487744947478
1789562343,10,,Aggregated,30.900000,0.000000,15,17,19,20,24,26,30,33,42,52,55,16313,0,15,16.476341917550446,3.914475999977185,54.7883939999565,224.40084595108195
1789562344,10,,Aggregated,31.500000,0.000000,15,17,19,20,24,26,30,33,42,52,55,16344,0,15,16.47887704276802,3.914475999977185,54.7883939999565,224.3924375917768
1789562345,10,,Aggregated,31.400000,0.000000,15,17,19,20,24,26,30,33,42,52,55,16375,0,15,16.479955314442794,3.914475999977185,54.7883939999565,224.3926106870229
1789562346,10,,Aggregated,31.700000,0.000000,15,17,19,20,24,26,30,33,42,52,55,16404,0,15,16.48026214209953,3.914475999977185,54.7883939999565,224.38478419897586
1789562347,10,,Aggregated,31.600000,0.000000,15,17,19,20,24,26,30,33,42,52,55,16440,0,15,16.47938410437959,3.914475999977185,54.7883939999565,224.3852189781022
1789562348,10,,Aggregated,31.900000,0.000000,15,17,19,20,24,26,30,33,43,52,55,16473,0,15,16.479862929156816,3.914475999977185,54.7883939999565,224.38207976689128
1789562349,10,,Aggregated,31.800000,0.000000,15,17,19,20,24,26,30,33,43,52,55,16503,0,15,16.48046168084593,3.914475999977185,54.7883939999565,224.38120341756044
1789562350,10,,Aggregated,31.900000,0.000000,15,17,19,20,24,26,30,33,43,52,55,16535,0,15,16.479875468944723,3.914475999977185,54.7883939999565,224.39606894466283
1789562351,10,,Aggregated,31.900000,0.000000,15,17,19,20,24,26,30,33,43,52,55,16565,0,15,16.480392863084894,3.914475999977185,54.7883939999565,224.38961666163598
1789562352,10,,Aggregated,31.600000,0.000000,15,17,19,20,24,26,30,33,43,52,55,16599,0,15,16.47696624495458,3.914475999977185,54.7883939999565,224.3989999397554
1789562353,10,,Aggregated,31.600000,0.000000,15,17,19,20,24,26,30,33,43,52,55,16635,0,15,16.477567191523978,3.914475999977185,54.7883939999565,224.39374812143072
1789562354,10,,Aggregated,31.600000,0.000000,15,17,19,20,24,26,30,33,43,52,55,16665,0,15,16.477795073327435,3.914475999977185,54.7883939999565,224.4034803480348
1789562355,10,,Aggregated,32.000000,0.000000,15,17,19,20,24,26,30,33,43,52,55,16699,0,15,16.475876041200202,3.914475999977185,54.7883939999565,224.3908617282472
1789562356,10,,Aggregated,31.900000,0.000000,15,17,19,20,24,26,30,33,43,52,55,16730,0,15,16.473615692229664,3.914475999977185,54.7883939999565,224.38015540944411
1789562357,10,,Aggregated,32.400000,0.000000,15,17,19,20,24,26,30,33,43,52,55,16759,0,15,16.475122466197412,3.914475999977185,54.7883939999565,224.3753207231935
1789562358,10,,Aggregated,32.300000,0.000000,15,17,19,20,24,26,30,33,43,52,55,16790,0,15,16.472624815366416,3.914475999977185,54.7883939999565,224.37254318046456
1789562359,10,,Aggregated,32.200000,0.000000,15,17,19,20,24,26,30,33,43,52,55,16822,0,15,16.469806179586396,3.914475999977185,54.7883939999565,224.3660087980026
1789562360,10,,Aggregated,31.900000,0.000000,15,17,19,20,24,26,30,33,43,52,55,16853,0,15,16.47546504652004,3.914475999977185,54.7883939999565,224.37696552542573
1789562361,10,,Aggregated,31.600000,0.000000,15,17,19,20,24,26,30,33,43,52,55,16887,0,15,16.473134689939133,3.914475999977185,54.7883939999565,224.37555516077455
1789562362,10,,Aggregated,32.200000,0.000000,15,17,19,20,24,26,30,33,43,52,55,16922,0,15,16.472537876255917,3.914475999977185,54.7883939999565,224.37466020564946
1789562363,10,,Aggregated,32.200000,0.000000,15,17,19,20,24,26,30,33,43,52,55,16951,0,15,16.474339395611047,3.914475999977185,54.7883939999565,224.35620317385406
1789562364,10,,Aggregated,32.100000,0.000000,15,17,19,20,24,26,30,33,43,52,55,16984,0,15,16.47317894241658,3.914475999977185,54.7883939999565,224.3561587376354
1789562365,10,,Aggregated,32.200000,0.000000,15,17,19,20,24,26,30,33,43,52,55,17013,0,15,16.4722613284549,3.914475999977185,54.7883939999565,224.367660024687
1789562366,10,,Aggregated,32.100000,0.000000,15,17,19,20,24,26,30,33,43,52,55,17044,0,15,16.47793161405789,3.914475999977185,54.7883939999565,224.37068763201125
1789562367,10,,Aggregated,31.500000,0.000000,15,17,19,20,24,26,30,33,43,52,55,17074,0,15,16.482198655265453,3.914475999977185,54.7883939999565,224.36693217757994
1789562368,10,,Aggregated,31.600000,0.000000,15,17,19,20,24,26,30,33,43,52,55,17105,0,15,16.48610090815562,3.914475999977185,54.7883939999565,224.3538146740719
1789562369,10,,Aggregated,31.500000,0.000000,15,17,19,20,24,26,30,33,43,52,55,17137,0,15,16.489983209546708,3.914475999977185,54.7883939999565,224.33897414950107
1789562370,10,,Aggregated,31.200000,0.000000,15,17,19,20,24,26,30,33,43,52,55,17168,0,15,16.48901519408212,3.914475999977185,54.7883939999565,224.35006989748368
1789562371,10,,Aggregated,31.800000,0.000000,15,17,19,20,24,26,30,33,43,52,55,17199,0,15,16.48831146845756,3.914475999977185,54.7883939999565,224.3583929298215
1789562372,10,,Aggregated,31.100000,0.000000,15,17,19,20,24,26,30,33,43,52,55,17231,0,15,16.489259258777892,3.914475999977185,54.7883939999565,224.37037896813882
1789562373,10,,Aggregated,31.500000,0.000000,15,17,19,20,24,26,30,33,43,52,55,17263,0,15,16.489050620923486,3.914475999977185,54.7883939999565,224.3768174708915
1789562374,10,,Aggregated,30.800000,0.000000,15,17,19,20,24,26,30,33,43,52,55,17293,0,15,16.490541714393228,3.914475999977185,54.7883939999565,224.3733302492338
1789562375,10,,Aggregated,30.800000,0.000000,15,17,19,20,24,26,30,33,43,52,55,17328,0,15,16.489846441943776,3.914475999977185,54.7883939999565,224.370094644506
1789562376,10,,Aggregated,31.000000,0.000000,15,17,19,20,24,26,30,33,43,52,55,17361,0,15,16.490675355970346,3.914475999977185,54.7883939999565,224.3670295489891
1789562377,10,,Aggregated,31.100000,0.000000,15,17,19,20,24,26,30,33,43,52,55,17394,0,15,16.491485817983282,3.914475999977185,54.7883939999565,224.35891686788548
1789562378,10,,Aggregated,31.400000,0.000000,15,17,19,20,24,26,30,33,43,52,55,17426,0,15,16.49452309307939,3.914475999977185,54.7883939999565,224.35510157236314
1789562379,10,,Aggregated,31.400000,0.000000,15,17,19,20,24,26,30,33,43,52,55,17459,0,15,16.495708337247343,3.914475999977185,54.7883939999565,224.3630219371098
1789562380,10,,Aggregated,32.200000,0.000000,15,17,19,20,24,26,30,33,43,52,55,17490,0,15,16.496301531560988,3.914475999977185,54.7883939999565,224.35780445969127
1789562381,10,,Aggregated,31.700000,0.000000,15,17,19,20,24,26,30,33,43,52,55,17520,0,15,16.497760298230713,3.914475999977185,54.7883939999565,224.35182648401826
1789562382,10,,Aggregated,31.900000,0.000000,15,17,19,20,24,26,30,33,43,52,55,17554,0,15,16.49877974843352,3.914475999977185,54.7883939999565,224.34738521134784
1789562383,10,,Aggregated,31.800000,0.000000,15,17,19,20,24,26,30,33,43,52,55,17587,0,15,16.49756618434081,3.914475999977185,54.7883939999565,224.3443452550179
1789562384,10,,Aggregated,32.300000,0.000000,15,17,19,20,24,26,30,33,43,52,55,17614,0,15,16.497785670716592,3.914475999977185,54.7883939999565,224.34773475644374
1789562385,10,,Aggregated,32.300000,0.000000,15,17,19,20,24,26,30,33,43,52,55,17649,0,15,16.4953911115645,3.914475999977185,54.7883939999565,224.3421723610403
1789562386,10,,Aggregated,31.900000,0.000000,15,17,19,20,24,26,30,33,43,52,55,17677,0,15,16.49704047604242,3.914475999977185,54.7883939999565,224.34428918934208
1789562387,10,,Aggregated,32.200000,0.000000,15,17,19,20,24,26,30,33,43,52,55,17712,0,15,16.497530581187995,3.914475999977185,54.7883939999565,224.34372177055104
1789562388,10,,Aggregated,31.900000,0.000000,15,17,19,20,24,26,30,33,43,52,55,17744,0,15,16.497868293282348,3.914475999977185,54.7883939999565,224.34761045987375
1789562389,10,,Aggregated,31.700000,0.000000,15,17,19,20,24,26,30,33,43,52,55,17776,0,15,16.496005634169794,3.914475999977185,54.7883939999565,224.35407290729074
1789562390,10,,Aggregated,31.400000,0.000000,15,17,19,20,24,26,30,33,43,52,55,17808,0,15,16.49605836045606,3.914475999977185,54.7883939999565,224.35551437556154
1789562391,10,,Aggregated,31.500000,0.000000,15,17,19,20,24,26,30,33,43,52,55,17839,0,15,16.495163075789115,3.914475999977185,54.7883939999565,224.35029990470318
1789562392,10,,Aggregated,32.200000,0.000000,15,17,19,20,24,26,30,33,43,52,55,17869,0,15,16.497942937713436,3.914475999977185,54.7883939999565,224.35474844703117
1789562393,10,,Aggregated,31.700000,0.000000,15,17,19,20,24,26,30,33,43,52,55,17903,0,15,16.501486012456063,3.914475999977185,54.7883939999565,224.3430709936882
1789562394,10,,Aggregated,31.700000,0.000000,15,17,19,20,24,27,30,33,43,52,55,17934,0,15,16.503344879669932,3.914475999977185,54.7883939999565,224.34604661536747
1789562395,10,,Aggregated,31.300000,0.000000,15,17,19,20,24,27,30,33,43,52,55,17971,0,15,16.501499637527168,3.914475999977185,54.7883939999565,224.34266317956707
1789562396,10,,Aggregated,31.900000,0.000000,15,17,19,20,24,26,30,33,43,52,55,18002,0,15,16.49955387323634,3.914475999977185,54.7883939999565,224.3404621708699
1789562397,10,,Aggregated,32.000000,0.000000,15,17,19,20,24,26,30,33,43,52,55,18034,0,15,16.500448105190223,3.914475999977185,54.7883939999565,224.34168792281247
1789562398,10,,Aggregated,32.200000,0.000000,15,17,19,20,24,26,30,33,43,52,55,18067,0,15,16.49876924359332,3.914475999977185,54.7883939999565,224.3414512647368
1789562399,10,,Aggregated,32.600000,0.000000,15,17,19,20,24,26,30,33,43,52,55,18099,0,15,16.494518349522107,3.914475999977185,54.7883939999565,224.337698215371
1789562400,10,,Aggregated,32.400000,0.000000,15,17,19,20,24,26,30,33,43,52,55,18130,0,15,16.49499486028685,3.914475999977185,54.7883939999565,224.34798676227248
1789562401,10,,Aggregated,32.500000,0.000000,15,17,19,20,24,26,30,33,43,52,55,18160,0,15,16.495311833259944,3.914475999977185,54.7883939999565,224.34465859030837
1789562402,10,,Aggregated,32.000000,0.000000,15,17,19,20,24,26,30,33,43,52,55,18194,0,15,16.4960730894251,3.914475999977185,54.7883939999565,224.34824667472793
1789562403,10,,Aggregated,32.200000,0.000000,15,17,19,20,24,26,30,33,43,52,55,18226,0,15,16.495973982607303,3.914475999977185,54.7883939999565,224.3472511796335
1789562404,10,,Aggregated,32.200000,0.000000,15,17,19,20,24,26,30,33,43,52,55,18255,0,15,16.49785917343198,3.914475999977185,54.7883939999565,224.35026020268418
1789562405,10,,Aggregated,32.500000,0.000000,15,17,19,20,24,26,30,33,43,52,55,18286,0,15,16.4975952864487,3.914475999977185,54.7883939999565,224.35579131576068
1789562406,10,,Aggregated,32.200000,0.000000,15,17,19,20,24,26,30,33,43,52,55,18319,0,15,16.497017845406454,3.914475999977185,54.7883939999565,224.35302145313608
1789562407,10,,Aggregated,31.700000,0.000000,15,17,19,20,24,26,30,33,43,52,55,18349,0,15,16.498554552509727,3.914475999977185,54.7883939999565,224.3396915363235
1789562408,10,,Aggregated,31.300000,0.000000,15,17,19,20,24,26,30,33,43,52,55,18382,0,15,16.50313060129481,3.914475999977185,54.7883939999565,224.33451202263083
1789562409,10,,Aggregated,31.300000,0.000000,15,17,19,20,24,26,30,33,43,52,55,18412,0,15,16.501651508581446,3.914475999977185,54.7883939999565,224.3238648707365
1789562410,10,,Aggregated,31.400000,0.000000,15,17,19,20,24,26,30,33,43,52,55,18444,0,15,16.501321042832426,3.914475999977185,54.7883939999565,224.31771849924095
1789562411,10,,Aggregated,31.200000,0.000000,15,17,19,20,24,26,30,33,43,52,55,18481,0,15,16.502204838645156,3.914475999977185,54.7883939999565,224.32168172717925
1789562412,10,,Aggregated,31.400000,0.000000,15,17,19,20,24,26,30,33,43,52,55,18511,0,15,16.500417693209503,3.914475999977185,54.7883939999565,224.3259143212144
1789562413,10,,Aggregated,31.500000,0.000000,15,17,19,20,24,26,30,33,43,52,55,18548,0,15,16.50214077011005,3.914475999977185,54.7883939999565,224.32515635108908
1789562414,10,,Aggregated,32.200000,0.000000,15,17,19,20,24,26,30,33,43,52,55,18578,0,15,16.503263968887993,3.914475999977185,54.7883939999565,224.33162880826785
1789562415,10,,Aggregated,31.900000,0.000000,15,17,19,20,24,26,30,33,43,52,55,18612,0,15,16.501246661777405,3.914475999977185,54.7883939999565,224.332796045562
1789562416,10,,Aggregated,32.000000,0.000000,15,17,19,20,24,27,30,33,43,52,55,18645,0,15,16.504531595816633,3.914475999977185,54.7883939999565,224.34770716009655
1789562417,10,,Aggregated,32.300000,0.000000,15,17,19,20,24,27,30,33,43,52,55,18677,0,15,16.50554279675543,3.914475999977185,54.7883939999565,224.33195909407291
1789562418,10,,Aggregated,32.600000,0.000000,15,17,19,20,24,27,30,33,43,52,55,18710,0,15,16.50277523735977,3.914475999977185,54.7883939999565,224.32442544094067
1789562419,10,,Aggregated,32.800000,0.000000,15,17,19,20,24,27,30,33,43,52,55,18741,0,15,16.503894245664647,3.914475999977185,54.7883939999565,224.3244223894136
1789562420,10,,Aggregated,32.700000,0.000000,15,17,19,20,24,27,30,33,43,52,55,18773,0,15,16.500200220050104,3.914475999977185,54.7883939999565,224.30874127736644
1789562421,10,,Aggregated,33.000000,0.000000,15,17,19,20,24,27,30,33,43,52,55,18804,0,15,16.50003373686453,3.914475999977185,54.7883939999565,224.3114762816422
1789562422,10,,Aggregated,32.700000,0.000000,15,17,19,20,24,27,30,33,43,52,55,18840,0,15,16.502095685350355,3.914475999977185,54.7883939999565,224.31900212314224
1789562423,10,,Aggregated,32.800000,0.000000,15,17,19,20,24,27,30,33,43,52,55,18872,0,15,16.502502430902954,3.914475999977185,54.7883939999565,224.3202628232302
1789562424,10,,Aggregated,32.200000,0.000000,15,17,19,20,24,27,30,33,43,52,55,18906,0,15,16.50010347868404,3.914475999977185,54.7883939999565,224.31175288268275
1789562425,10,,Aggregated,32.700000,0.000000,15,17,19,20,24,27,30,33,43,52,55,18936,0,15,16.49960326103722,3.914475999977185,54.7883939999565,224.31104773975497
1789562426,10,,Aggregated,32.400000,0.000000,15,17,19,20,24,27,30,33,43,52,55,18968,0,15,16.498149240246743,3.914475999977185,54.7883939999565,224.3024040489245
1789562427,10,,Aggregated,32.900000,0.000000,15,17,19,20,24,27,30,33,43,52,55,18995,0,15,16.498383367781017,3.914475999977185,54.7883939999565,224.31529349828904
1789562428,10,,Aggregated,32.400000,0.000000,15,17,19,20,24,27,30,33,43,52,55,19027,0,15,16.498873237662302,3.914475999977185,54.7883939999565,224.32390813055133
1789562429,10,,Aggregated,31.900000,0.000000,15,17,19,20,24,27,30,33,43,52,55,19061,0,15,16.499054066260985,3.914475999977185,54.7883939999565,224.32259587639683
1789562430,10,,Aggregated,31.900000,0.000000,15,17,19,20,24,26,30,33,43,52,55,19090,0,15,16.49784416107913,3.914475999977185,54.7883939999565,224.32069146149817
1789562431,10,,Aggregated,31.700000,0.000000,15,17,19,20,24,26,30,33,43,52,55,19125,0,15,16.497803155764743,3.914475999977185,54.7883939999565,224.32491503267974
1789562432,10,,Aggregated,32.000000,0.000000,15,17,19,20,24,26,30,33,43,52,55,19158,0,15,16.495952926401547,3.914475999977185,54.7883939999565,224.32722622403173
1789562433,10,,Aggregated,31.500000,0.000000,15,17,19,20,24,26,30,33,43,52,55,19190,0,15,16.496115942313722,3.914475999977185,54.7883939999565,224.3235539343408
1789562434,10,,Aggregated,31.800000,0.000000,15,17,19,20,24,26,30,33,43,52,55,19221,0,15,16.497930859424603,3.914475999977185,54.7883939999565,224.33811976484054
1789562435,10,,Aggregated,31.800000,0.000000,15,17,19,20,24,27,30,33,43,52,55,19251,0,15,16.49865480037401,3.914475999977185,54.7883939999565,224.33759285231935
1789562436,10,,Aggregated,31.800000,0.000000,15,17,19,20,24,27,30,33,43,52,55,19282,0,15,16.50418495788818,3.914475999977185,54.7883939999565,224.33772430245824
1789562437,10,,Aggregated,31.200000,0.000000,15,17,19,20,24,27,30,33,43,52,55,19317,0,15,16.50296559336335,3.914475999977185,54.7883939999565,224.33245327949476
1789562438,10,,Aggregated,31.300000,0.000000,15,17,19,20,24,27,30,33,43,52,55,19347,0,15,16.501716054220278,3.914475999977185,54.7883939999565,224.324649816509
1789562439,10,,Aggregated,31.800000,0.000000,15,17,19,20,24,27,30,33,43,52,55,19383,0,15,16.50219190646441,3.914475999977185,54.7883939999565,224.3273487076304
1789562440,10,,Aggregated,32.000000,0.000000,15,17,19,20,24,27,30,33,43,52,55,19412,0,15,16.50302514382855,3.914475999977185,54.7883939999565,224.327838450443
1789562441,10,,Aggregated,31.900000,0.000000,15,17,19,20,24,27,30,33,43,52,55,19442,0,15,16.502628776206134,3.914475999977185,54.7883939999565,224.32728114391523
1789562442,10,,Aggregated,32.100000,0.000000,15,17,19,20,24,27,30,33,43,52,55,19479,0,15,16.50129637276039,3.914475999977185,54.7883939999565,224.32866163560757
1789562443,10,,Aggregated,32.200000,0.000000,15,17,19,20,24,26,30,33,43,52,55,19510,0,15,16.501694262378255,3.914475999977185,54.7883939999565,224.33111225012814
1789562444,10,,Aggregated,31.700000,0.000000,15,17,19,20,24,27,30,33,43,52,55,19541,0,15,16.506536877078936,3.914475999977185,54.7883939999565,224.32669771250193
1789562445,10,,Aggregated,31.800000,0.000000,15,17,19,20,24,27,30,33,43,52,55,19575,0,15,16.501599865951437,3.914475999977185,54.7883939999565,224.3344061302682
1789562446,10,,Aggregated,31.900000,0.000000,15,17,19,20,24,27,30,33,43,52,55,19604,0,15,16.5001526955723,3.914475999977185,54.7883939999565,224.3305447867782
1789562447,10,,Aggregated,32.000000,0.000000,15,17,19,20,24,27,30,33,43,52,55,19637,0,15,16.502001423282536,3.914475999977185,54.7883939999565,224.32591536385394
1789562448,10,,Aggregated,32.400000,0.000000,15,17,19,20,24,27,30,33,43,52,55,19669,0,15,16.504082636382083,3.914475999977185,54.7883939999565,224.3298591692511
1789562449,10,,Aggregated,32.100000,0.000000,15,17,19,20,24,27,30,33,43,52,55,19700,0,15,16.502780619340065,3.914475999977185,54.7883939999565,224.32081218274112
1789562450,10,,Aggregated,32.200000,0.000000,15,17,19,20,24,27,30,33,43,52,55,19731,0,15,16.499687560285782,3.914475999977185,54.7883939999565,224.31412498099436
1789562451,10,,Aggregated,32.000000,0.000000,15,17,19,20,24,26,30,33,43,52,55,19763,0,15,16.497220492435293,3.914475999977185,54.7883939999565,224.31786672063959
1789562452,10,,Aggregated,31.600000,0.000000,15,17,19,20,24,26,30,33,43,52,55,19794,0,15,16.496422534050666,3.914475999977185,54.7883939999565,224.32509851470144
1789562453,10,,Aggregated,32.100000,0.000000,15,17,19,20,24,26,30,33,43,52,55,19830,0,15,16.494572826222846,3.914475999977185,54.7883939999565,224.3160363086233
1789562454,10,,Aggregated,32.000000,0.000000,15,17,19,20,24,26,30,33,43,52,55,19860,0,15,16.493597220795536,3.914475999977185,54.7883939999565,224.32235649546828
1789562455,10,,Aggregated,31.700000,0.000000,15,17,19,20,24,26,30,33,43,52,55,19898,0,15,16.49437702321836,3.914475999977185,54.7883939999565,224.32038395818674
1789562456,10,,Aggregated,31.900000,0.000000,15,17,19,20,24,26,30,33,43,52,55,19929,0,15,16.494937316975207,3.914475999977185,54.7883939999565,224.32063826584374
1789562457,10,,Aggregated,31.900000,0.000000,15,17,19,20,24,26,30,33,43,52,55,19963,0,15,16.493474126133282,3.914475999977185,54.7883939999565,224.31713670290037
1789562458,10,,Aggregated,32.100000,0.000000,15,17,19,20,24,26,30,33,43,52,55,19989,0,15,16.492738222122085,3.914475999977185,54.7883939999565,224.314823152734
1789562459,10,,Aggregated,32.300000,0.000000,15,17,19,20,24,27,30,33,43,49,55,20022,0,15,16.496745978024084,3.914475999977185,54.7883939999565,224.31924882629107
1789562460,10,,Aggregated,32.300000,0.000000,15,17,19,20,24,27,30,33,43,49,55,20054,0,15,16.496606468983668,3.914475999977185,54.7883939999565,224.2954024134836
1789562461,10,,Aggregated,32.200000,0.000000,15,17,19,20,24,27,30,33,43,49,55,20085,0,15,16.494837973064392,3.914475999977185,54.7883939999565,224.28439133681852
1789562462,10,,Aggregated,32.300000,0.000000,15,17,19,20,24,27,30,33,43,49,55,20114,0,15,16.49587879044439,3.914475999977185,54.7883939999565,224.27354081734114
1789562463,10,,Aggregated,31.900000,0.000000,15,17,19,20,24,27,30,33,43,49,55,20148,0,15,16.496609259827196,3.914475999977185,54.7883939999565,224.27675203494144
1789562464,10,,Aggregated,32.200000,0.000000,15,17,19,20,24,27,30,33,43,49,55,20180,0,15,16.497822190931533,3.914475999977185,54.7883939999565,224.27135777998018
1789562465,10,,Aggregated,32.000000,0.000000,15,17,19,20,24,27,30,33,43,49,55,20208,0,15,16.49569279834709,3.914475999977185,54.7883939999565,224.26202494061758
1789562466,10,,Aggregated,32.000000,0.000000,15,17,19,20,24,27,30,33,43,49,55,20238,0,15,16.49406591407244,3.914475999977185,54.7883939999565,224.25951180946734
1789562467,10,,Aggregated,31.800000,0.000000,15,17,19,20,24,27,30,33,43,49,55,20272,0,15,16.495186733178674,3.914475999977185,54.7883939999565,224.2536996842936
1789562468,10,,Aggregated,31.200000,0.000000,15,17,19,20,24,27,30,33,43,49,55,20305,0,15,16.494976446441658,3.914475999977185,54.7883939999565,224.25604530903718
1789562469,10,,Aggregated,30.900000,0.000000,15,17,19,20,24,27,30,33,43,49,55,20338,0,15,16.492057793834075,3.914475999977185,54.7883939999565,224.26305438096173
1789562470,10,,Aggregated,31.000000,0.000000,15,17,19,20,24,27,30,33,43,49,55,20370,0,15,16.491732814874755,3.914475999977185,54.7883939999565,224.25125184094256
1789562471,10,,Aggregated,31.400000,0.000000,15,17,19,20,24,26,30,33,43,49,55,20403,0,15,16.491590828260456,3.914475999977185,54.7883939999565,224.25359015831006
1789562472,10,,Aggregated,31.600000,0.000000,15,17,19,20,24,27,30,33,43,49,55,20432,0,15,16.491855534602514,3.914475999977185,54.7883939999565,224.2632635082224
1789562473,10,,Aggregated,31.800000,0.000000,15,17,19,20,24,26,30,33,43,49,55,20464,0,15,16.491037527218438,3.914475999977185,54.7883939999565,224.2556684910086
1789562474,10,,Aggregated,31.900000,0.000000,15,17,19,20,24,27,30,33,43,49,55,20495,0,15,16.493691272017482,3.914475999977185,54.7883939999565,224.2627958038546
1789562475,10,,Aggregated,31.700000,0.000000,15,17,19,20,24,27,30,33,43,49,55,20527,0,15,16.49216490139807,3.914475999977185,54.7883939999565,224.27076533346323
1789562476,10,,Aggregated,31.300000,0.000000,15,17,19,20,24,27,30,33,43,49,55,20558,0,15,16.489416319583505,3.914475999977185,54.7883939999565,224.27312968187567
1789562477,10,,Aggregated,31.600000,0.000000,15,17,19,20,24,26,30,33,43,49,55,20586,0,15,16.488830205673615,3.914475999977185,54.7883939999565,224.27071796366462
1789562478,10,,Aggregated,31.900000,0.000000,15,17,19,20,24,26,30,33,43,49,55,20617,0,15,16.488499061114446,3.914475999977185,54.7883939999565,224.27346364650532
1789562479,10,,Aggregated,31.800000,0.000000,15,17,19,20,24,26,30,33,43,49,55,20652,0,15,16.487438518448354,3.914475999977185,54.7883939999565,224.27745496804184
1789562480,10,,Aggregated,31.200000,0.000000,15,17,19,20,24,27,30,33,43,49,55,20688,0,15,16.491133475347834,3.914475999977185,54.7883939999565,224.27151005413768
1789562481,10,,Aggregated,31.200000,0.000000,15,17,19,20,24,27,30,33,43,49,55,20723,0,15,16.493579204555147,3.914475999977185,54.7883939999565,224.27109974424553
1789562482,10,,Aggregated,31.200000,0.000000,15,17,19,20,24,27,30,33,43,49,55,20756,0,15,16.494770866448132,3.914475999977185,54.7883939999565,224.269078820582
1789562483,10,,Aggregated,31.700000,0.000000,15,17,19,20,24,27,30,33,43,49,55,20785,0,15,16.49499758830879,3.914475999977185,54.7883939999565,224.27414000481116
1789562484,10,,Aggregated,31.700000,0.000000,15,17,19,20,24,27,30,33,43,49,55,20814,0,15,16.4947375115787,3.914475999977185,54.7883939999565,224.27913904103008
1789562485,10,,Aggregated,32.300000,0.000000,15,17,19,20,24,27,30,33,43,49,55,20847,0,15,16.492842163140974,3.914475999977185,54.7883939999565,224.2818151292752
1789562486,10,,Aggregated,32.100000,0.000000,15,17,19,20,24,27,30,33,43,49,55,20885,0,15,16.49213637649027,3.914475999977185,54.7883939999565,224.28202058893942
1789562487,10,,Aggregated,31.900000,0.000000,15,17,19,20,24,27,30,33,43,49,55,20912,0,15,16.491726692425377,3.914475999977185,54.7883939999565,224.2764441469013
1789562488,10,,Aggregated,31.900000,0.000000,15,17,19,20,24,27,30,33,43,49,55,20941,0,15,16.492153583687507,3.914475999977185,54.7883939999565,224.2726230839024
1789562489,10,,Aggregated,32.900000,0.000000,15,17,19,20,24,27,30,33,43,49,55,20970,0,15,16.49107611583214,3.914475999977185,54.7883939999565,224.27567954220314
1789562490,10,,Aggregated,32.600000,0.000000,15,17,19,20,24,27,30,33,43,49,55,21000,0,15,16.489126806571402,3.914475999977185,54.7883939999565,224.27290476190475
1789562491,10,,Aggregated,32.300000,0.000000,15,17,19,20,24,27,30,33,43,49,55,21030,0,15,16.490396019448333,3.914475999977185,54.7883939999565,224.2702330004755
1789562492,10,,Aggregated,31.900000,0.000000,15,17,19,20,24,27,30,33,43,49,55,21066,0,15,16.488304362717102,3.914475999977185,54.7883939999565,224.27086300199375
1789562494,10,,Aggregated,31.100000,0.000000,15,17,19,20,24,27,30,33,43,49,55,21096,0,15,16.492523428232747,3.914475999977185,54.7883939999565,224.26142396662874
1789562495,10,,Aggregated,30.700000,0.000000,15,17,19,20,24,27,30,33,43,49,55,21127,0,15,16.493011766885886,3.914475999977185,54.7883939999565,224.25086382354334
1789562496,10,,Aggregated,30.900000,0.000000,15,17,19,20,24,27,30,33,43,49,55,21158,0,15,16.49241395264197,3.914475999977185,54.7883939999565,224.25541166461858
1789562497,10,,Aggregated,31.100000,0.000000,15,17,19,20,24,27,30,33,43,49,55,21191,0,15,16.491466827945768,3.914475999977185,54.7883939999565,224.24902081072153
1789562498,10,,Aggregated,31.200000,0.000000,15,17,19,20,24,27,30,33,43,49,55,21221,0,15,16.49143949008053,3.914475999977185,54.7883939999565,224.26153338673956
1789562499,10,,Aggregated,30.400000,0.000000,15,17,19,20,24,27,30,33,43,49,55,21258,0,15,16.494449860523037,3.914475999977185,54.7883939999565,224.2629598268887
1789562500,10,,Aggregated,30.400000,0.000000,15,17,19,20,24,27,30,33,43,49,55,21288,0,15,16.49291158939306,3.914475999977185,54.7883939999565,224.2640454716272
1789562501,10,,Aggregated,31.600000,0.000000,15,17,19,20,24,27,30,33,43,49,55,21319,0,15,16.493356168675824,3.914475999977185,54.7883939999565,224.2644120268305
1789562502,10,,Aggregated,31.700000,0.000000,15,17,19,20,24,27,30,33,43,49,55,21351,0,15,16.491161111001777,3.914475999977185,54.7883939999565,224.26153341763853
1789562503,10,,Aggregated,31.800000,0.000000,15,17,19,20,24,27,30,33,43,49,55,21384,0,15,16.49308489969131,3.914475999977185,54.7883939999565,224.26374859708193
1789562504,10,,Aggregated,32.000000,0.000000,15,17,19,20,24,27,30,33,43,49,55,21408,0,15,16.495463802410242,3.914475999977185,54.7883939999565,224.25980941704037
1789562505,10,,Aggregated,31.600000,0.000000,15,17,19,20,24,27,30,33,43,49,55,21441,0,15,16.491938915535513,3.914475999977185,54.7883939999565,224.25134088895106
1789562506,10,,Aggregated,31.100000,0.000000,15,17,19,20,24,27,30,33,43,49,55,21473,0,15,16.490354013272356,3.914475999977185,54.7883939999565,224.25464536860244
1789562507,10,,Aggregated,31.100000,0.000000,15,17,19,20,24,27,30,33,43,49,55,21507,0,15,16.491467797275156,3.914475999977185,54.7883939999565,224.2448040172967
1789562508,10,,Aggregated,31.300000,0.000000,15,17,19,20,24,27,30,33,43,49,55,21538,0,15,16.496415275791485,3.914475999977185,54.7883939999565,224.25136967220726
1789562509,10,,Aggregated,31.600000,0.000000,15,17,19,20,24,27,30,33,43,49,55,21569,0,15,16.497192885854528,3.914475999977185,54.7883939999565,224.2539756131485
1789562510,10,,Aggregated,31.600000,0.000000,15,17,19,20,24,27,30,33,43,49,55,21600,0,15,16.497543905231296,3.914475999977185,54.7883939999565,224.24787037037038
1789562511,10,,Aggregated,31.100000,0.000000,15,17,19,20,24,27,30,33,43,49,55,21633,0,15,16.49651615383882,3.914475999977185,54.7883939999565,224.25414875421808
1789562512,10,,Aggregated,31.200000,0.000000,15,17,19,20,24,27,30,33,43,49,55,21662,0,15,16.495509255931793,3.914475999977185,54.7883939999565,224.2564860123719
1789562513,10,,Aggregated,31.400000,0.000000,15,17,19,20,24,27,30,33,43,49,55,21695,0,15,16.494005683290837,3.914475999977185,54.7883939999565,224.25240838902974
1789562514,10,,Aggregated,31.100000,0.000000,15,17,19,20,24,27,30,33,43,49,55,21725,0,15,16.492022656846718,3.914475999977185,54.7883939999565,224.26034522439585
1789562515,10,,Aggregated,31.200000,0.000000,15,17,19,20,24,27,30,33,43,49,55,21756,0,15,16.490452741358485,3.914475999977185,54.7883939999565,224.26038793895935
1789562516,10,,Aggregated,31.700000,0.000000,15,17,19,20,24,27,30,33,43,49,55,21788,0,15,16.492873280658856,3.914475999977185,54.7883939999565,224.24697080961997
1789562517,10,,Aggregated,31.400000,0.000000,15,17,19,20,24,27,30,33,43,49,55,21818,0,15,16.49164751200822,3.914475999977185,54.7883939999565,224.2570813090109
1789562518,10,,Aggregated,31.500000,0.000000,15,17,19,20,24,27,30,33,43,49,55,21848,0,15,16.493268307213302,3.914475999977185,54.7883939999565,224.2565452215306
1789562519,10,,Aggregated,31.500000,0.000000,15,17,19,20,24,26,30,33,43,49,55,21883,0,15,16.49139039980792,3.914475999977185,54.7883939999565,224.24992002924645
1789562520,10,,Aggregated,30.700000,0.000000,15,17,19,20,24,26,30,33,43,49,55,21918,0,15,16.490757260105728,3.914475999977185,54.7883939999565,224.2476503330596
1789562521,10,,Aggregated,31.500000,0.000000,15,17,19,20,24,26,30,33,43,49,55,21947,0,15,16.48938346648729,3.914475999977185,54.7883939999565,224.24217432906548
1789562522,10,,Aggregated,31.500000,0.000000,15,17,19,20,24,26,30,33,43,49,55,21974,0,15,16.48997495221608,3.914475999977185,54.7883939999565,224.24497132975335
1789562523,10,,Aggregated,31.200000,0.000000,15,17,19,20,24,26,30,33,43,49,55,22006,0,15,16.491142974006955,3.914475999977185,54.7883939999565,224.23784422430245
1789562524,10,,Aggregated,31.300000,0.000000,15,17,19,20,24,26,30,33,43,49,55,22038,0,15,16.490338399990815,3.914475999977185,54.7883939999565,224.2370451039114
1789562525,10,,Aggregated,31.000000,0.000000,15,17,19,20,24,26,30,33,43,49,55,22071,0,15,16.489875072946287,3.914475999977185,54.7883939999565,224.2413121290381
1789562526,10,,Aggregated,31.300000,0.000000,15,17,19,20,24,26,30,33,43,49,55,22105,0,15,16.48921711947507,3.914475999977185,54.7883939999565,224.23578375933047
1789562527,10,,Aggregated,31.600000,0.000000,15,17,19,20,24,26,30,33,43,49,55,22134,0,15,16.489550478539627,3.914475999977185,54.7883939999565,224.2221017439234
1789562528,10,,Aggregated,31.500000,0.000000,15,17,19,20,24,26,30,33,43,49,55,22163,0,15,16.48943232847526,3.914475999977185,54.7883939999565,224.22903036592518
1789562529,10,,Aggregated,31.500000,0.000000,15,17,19,20,24,26,30,33,43,49,55,22196,0,15,16.487951918678924,3.914475999977185,54.7883939999565,224.22927554514328
1789562530,10,,Aggregated,31.500000,0.000000,15,17,19,20,24,26,30,33,43,49,55,22229,0,15,16.49087273916943,3.914475999977185,54.7883939999565,224.22551621755363
1789562531,10,,Aggregated,31.000000,0.000000,15,17,19,20,24,26,30,33,43,49,55,22262,0,15,16.48831663781321,3.914475999977185,54.7883939999565,224.22576587907645
1789562532,10,,Aggregated,31.100000,0.000000,15,17,19,20,24,26,30,33,43,49,55,22292,0,15,16.48852991463299,3.914475999977185,54.7883939999565,224.23147317423292
1789562533,10,,Aggregated,31.400000,0.000000,15,17,19,20,24,26,30,33,43,49,55,22324,0,15,16.48800839638948,3.914475999977185,54.7883939999565,224.22684106790896
1789562534,10,,Aggregated,31.700000,0.000000,15,17,19,20,24,26,30,33,43,49,55,22355,0,15,16.487575895191174,3.914475999977185,54.7883939999565,224.23113397450234
1789562535,10,,Aggregated,31.800000,0.000000,15,17,19,20,24,26,30,33,43,49,55,22388,0,15,16.485424315972782,3.914475999977185,54.7883939999565,224.2251206003216
1789562536,10,,Aggregated,31.600000,0.000000,15,17,19,20,24,26,30,33,43,49,55,22420,0,15,16.485495722078447,3.914475999977185,54.7883939999565,224.2222123104371
1789562537,10,,Aggregated,31.500000,0.000000,15,17,19,20,24,26,30,33,43,49,55,22452,0,15,16.483376008685152,3.914475999977185,54.7883939999565,224.22153928380544
1789562538,10,,Aggregated,31.600000,0.000000,15,17,19,20,24,26,30,33,43,49,55,22480,0,15,16.485853399288235,3.914475999977185,54.7883939999565,224.21739323843417
1789562539,10,,Aggregated,31.800000,0.000000,15,17,19,20,24,26,30,33,43,49,55,22510,0,15,16.48792180453132,3.914475999977185,54.7883939999565,224.21665926254997
1789562540,10,,Aggregated,31.700000,0.000000,15,17,19,20,24,26,30,33,43,49,55,22541,0,15,16.486228831817552,3.914475999977185,54.7883939999565,224.21911184064592
1789562541,10,,Aggregated,31.400000,0.000000,15,17,19,20,24,26,30,33,43,49,55,22568,0,15,16.48372911525168,3.914475999977185,54.7883939999565,224.21636830911024
1789562542,10,,Aggregated,31.200000,0.000000,15,17,19,20,24,26,30,33,43,49,55,22600,0,15,16.484788749115058,3.914475999977185,54.7883939999565,224.22172566371682
1789562543,10,,Aggregated,30.600000,0.000000,15,17,19,20,24,26,30,33,43,49,55,22634,0,15,16.485652340947336,3.914475999977185,54.7883939999565,224.22868251303348
1789562544,10,,Aggregated,30.700000,0.000000,15,17,19,20,24,26,30,33,43,49,55,22666,0,15,16.483268011073978,3.914475999977185,54.7883939999565,224.22769787346687
1789562545,10,,Aggregated,30.700000,0.000000,15,17,19,20,24,26,30,33,43,49,55,22698,0,15,16.4847580812408,3.914475999977185,54.7883939999565,224.22861045025994
1789562546,10,,Aggregated,31.000000,0.000000,15,17,19,20,24,26,30,33,43,49,55,22737,0,15,16.4856328410522,3.914475999977185,54.7883939999565,224.22223688261425
1789562547,10,,Aggregated,31.000000,0.000000,15,17,19,20,24,27,30,33,43,49,55,22767,0,15,16.486791876400257,3.914475999977185,54.7883939999565,224.22176834892608
1789562548,10,,Aggregated,31.400000,0.000000,15,17,19,20,24,27,30,33,43,49,55,22796,0,15,16.486272783251643,3.914475999977185,54.7883939999565,224.22214423583085
1789562549,10,,Aggregated,31.300000,0.000000,15,17,19,20,24,27,30,33,43,49,55,22827,0,15,16.4904333083631,3.914475999977185,54.7883939999565,224.22455863670214
1789562550,10,,Aggregated,31.600000,0.000000,15,17,19,20,24,27,30,33,43,49,55,22859,0,15,16.490888203421203,3.914475999977185,54.7883939999565,224.2258628986395
1789562551,10,,Aggregated,31.800000,0.000000,15,17,19,20,24,27,30,33,43,49,55,22888,0,15,16.490192724178794,3.914475999977185,54.7883939999565,224.2303390422929
1789562552,10,,Aggregated,31.700000,0.000000,15,17,19,20,24,27,30,33,43,49,55,22919,0,15,16.491108777477365,3.914475999977185,54.7883939999565,224.23268903529822
1789562553,10,,Aggregated,32.100000,0.000000,15,17,19,20,24,27,30,33,43,49,55,22950,0,15,16.494330167146153,3.914475999977185,54.7883939999565,224.23315904139434
1789562554,10,,Aggregated,31.700000,0.000000,15,17,19,20,24,27,30,33,43,49,55,22978,0,15,16.49245368613477,3.914475999977185,54.7883939999565,224.244755853425
1789562555,10,,Aggregated,31.700000,0.000000,15,17,19,20,24,27,30,33,43,49,55,23011,0,15,16.492112137456218,3.914475999977185,54.7883939999565,224.24479596714616
1789562556,10,,Aggregated,31.300000,0.000000,15,17,19,20,24,27,30,33,43,49,55,23039,0,15,16.49114701879444,3.914475999977185,54.7883939999565,224.24853509266896
1789562557,10,,Aggregated,31.200000,0.000000,15,17,19,20,24,27,30,33,43,49,55,23069,0,15,16.491010668386362,3.914475999977185,54.7883939999565,224.25389050240582
1789562558,10,,Aggregated,30.400000,0.000000,15,17,19,20,24,27,30,33,43,49,55,23100,0,15,16.491041180909342,3.914475999977185,54.7883939999565,224.25991341991343
1789562559,10,,Aggregated,30.200000,0.000000,15,17,19,20,24,27,30,33,43,49,55,23129,0,15,16.489621627913277,3.914475999977185,54.7883939999565,224.2624843270353
1789562560,10,,Aggregated,30.400000,0.000000,15,17,19,20,24,27,30,33,43,49,55,23162,0,15,16.495260567395157,3.914475999977185,54.7883939999565,224.258785942492
1789562561,10,,Aggregated,30.100000,0.000000,15,17,19,20,24,27,30,33,43,49,55,23192,0,15,16.492905629398347,3.914475999977185,54.7883939999565,224.25038806484994
1789562562,10,,Aggregated,30.100000,0.000000,15,17,19,20,24,27,30,33,43,49,55,23228,0,15,16.4930674233686,3.914475999977185,54.7883939999565,224.24892371276047
1789562563,10,,Aggregated,30.500000,0.000000,15,17,19,20,24,27,30,33,43,49,55,23258,0,15,16.492699492690967,3.914475999977185,54.7883939999565,224.2405623871356
1789562564,10,,Aggregated,30.900000,0.000000,15,17,19,20,24,27,30,33,43,49,55,23291,0,15,16.490271098278587,3.914475999977185,54.7883939999565,224.24065089519556
1789562565,10,,Aggregated,30.600000,0.000000,15,17,19,20,24,27,30,33,43,49,55,23318,0,15,16.49155118093349,3.914475999977185,54.7883939999565,224.24757697915774
1789562566,10,,Aggregated,30.900000,0.000000,15,17,19,20,24,27,30,33,43,49,55,23350,0,15,16.495997965824728,3.914475999977185,54.7883939999565,224.25057815845824
1789562567,10,,Aggregated,30.700000,0.000000,15,17,19,20,24,27,30,33,43,49,55,23382,0,15,16.49730631460129,3.914475999977185,54.7883939999565,224.2480540586776
1789562568,10,,Aggregated,31.000000,0.000000,15,17,19,20,24,27,30,33,43,49,55,23416,0,15,16.498038727707872,3.914475999977185,54.7883939999565,224.24295353604373
1789562569,10,,Aggregated,31.100000,0.000000,15,17,19,20,24,27,30,33,43,49,55,23448,0,15,16.497553924130326,3.914475999977185,54.7883939999565,224.241769020812
1789562570,10,,Aggregated,31.500000,0.000000,15,17,19,20,24,27,30,33,43,49,55,23477,0,15,16.499684164629556,3.914475999977185,54.7883939999565,224.24036290837842
1789562571,10,,Aggregated,31.800000,0.000000,15,17,19,20,24,27,30,33,43,49,55,23510,0,15,16.49802567299058,3.914475999977185,54.7883939999565,224.24053594215226
1789562572,10,,Aggregated,31.700000,0.000000,15,17,19,20,24,27,30,33,43,49,55,23538,0,15,16.49787943465925,3.914475999977185,54.7883939999565,224.2460701843827
1789562573,10,,Aggregated,31.400000,0.000000,15,17,19,20,24,27,30,33,43,49,55,23570,0,15,16.49636290309759,3.914475999977185,54.7883939999565,224.2492999575732
1789562574,10,,Aggregated,30.900000,0.000000,15,17,19,20,24,27,30,33,43,50,55,23600,0,15,16.498693149449597,3.914475999977185,54.7883939999565,224.2391525423729
1789562575,10,,Aggregated,31.500000,0.000000,15,17,19,20,24,27,30,33,43,50,55,23631,0,15,16.497643173035897,3.914475999977185,54.7883939999565,224.23376073801361
1789562576,10,,Aggregated,30.900000,0.000000,15,17,19,20,24,27,30,33,43,50,55,23667,0,15,16.498761274982485,3.914475999977185,54.7883939999565,224.23061647019057
1789562577,10,,Aggregated,31.300000,0.000000,15,17,19,20,24,27,30,33,43,50,55,23697,0,15,16.49782956517743,3.914475999977185,54.7883939999565,224.2264843651095
1789562578,10,,Aggregated,31.500000,0.000000,15,17,19,20,24,27,30,33,43,50,55,23727,0,15,16.50047892455891,3.914475999977185,54.7883939999565,224.2240064062039
1789562579,10,,Aggregated,31.700000,0.000000,15,17,19,20,24,27,30,33,43,50,55,23760,0,15,16.498980753241128,3.914475999977185,54.7883939999565,224.2222643097643
1789562580,10,,Aggregated,31.000000,0.000000,15,17,19,20,24,27,30,33,43,50,55,23790,0,15,16.499225964355144,3.914475999977185,54.7883939999565,224.23135771332494
1789562581,10,,Aggregated,30.900000,0.000000,15,17,19,20,24,27,30,33,43,50,55,23822,0,15,16.49745826731631,3.914475999977185,54.7883939999565,224.23637813785575
1789562582,10,,Aggregated,31.100000,0.000000,15,17,19,20,24,27,30,33,43,50,55,23857,0,15,16.497204672130213,3.914475999977185,54.7883939999565,224.23779184306494
1789562583,10,,Aggregated,31.100000,0.000000,15,17,19,20,24,27,30,33,43,50,55,23887,0,15,16.496750646209684,3.914475999977185,54.7883939999565,224.23355800226065
1789562584,10,,Aggregated,32.000000,0.000000,15,17,19,20,24,27,30,33,43,50,55,23922,0,15,16.495661525374633,3.914475999977185,54.7883939999565,224.23722932865144
1789562585,10,,Aggregated,31.200000,0.000000,15,17,19,20,24,27,30,33,43,50,55,23954,0,15,16.492950442223115,3.914475999977185,54.7883939999565,224.2364114552893
1789562586,10,,Aggregated,32.000000,0.000000,15,17,19,20,24,27,30,33,43,50,55,23986,0,15,16.496535301342952,3.914475999977185,54.7883939999565,224.22429750687903
1789562587,10,,Aggregated,32.100000,0.000000,15,17,19,20,24,27,30,33,43,50,55,24017,0,15,16.496042562935077,3.914475999977185,54.7883939999565,224.22817171170422
1789562588,10,,Aggregated,31.900000,0.000000,15,17,19,20,24,27,30,33,43,50,55,24052,0,15,16.49528921511779,3.914475999977185,54.7883939999565,224.22434724763013
1789562589,10,,Aggregated,32.100000,0.000000,15,17,19,20,24,27,30,33,43,50,55,24079,0,15,16.493968615350035,3.914475999977185,54.7883939999565,224.22164541716847
1789562590,10,,Aggregated,32.400000,0.000000,15,17,19,20,24,27,30,33,43,50,55,24111,0,15,16.496423859566796,3.914475999977185,54.7883939999565,224.2247936626436
1789562591,10,,Aggregated,32.300000,0.000000,15,17,19,20,24,27,30,33,43,50,55,24140,0,15,16.495497665990666,3.914475999977185,54.7883939999565,224.21404308202153
1789562592,10,,Aggregated,31.900000,0.000000,15,17,19,20,24,27,30,33,43,50,55,24171,0,15,16.496362475570557,3.914475999977185,54.7883939999565,224.2184022175334
1789562593,10,,Aggregated,32.000000,0.000000,15,17,19,20,24,27,30,33,43,50,55,24200,0,15,16.49637857376102,3.914475999977185,54.7883939999565,224.2188429752066
1789562594,10,,Aggregated,31.200000,0.000000,15,17,19,20,24,27,30,33,43,50,55,24233,0,15,16.494656904469807,3.914475999977185,54.7883939999565,224.21322163991252
1789562595,10,,Aggregated,31.600000,0.000000,15,17,19,20,24,27,30,33,43,50,55,24258,0,15,16.494208834941738,3.914475999977185,54.7883939999565,224.2142386016984
1789562596,10,,Aggregated,31.000000,0.000000,15,17,19,20,24,27,30,33,43,50,55,24291,0,15,16.49674888176759,3.914475999977185,54.7883939999565,224.2141122226339
1789562597,10,,Aggregated,30.600000,0.000000,15,17,19,20,24,27,30,33,43,50,55,24317,0,15,16.49719961701757,3.914475999977185,54.7883939999565,224.20668668010035
1789562598,10,,Aggregated,30.300000,0.000000,15,17,19,20,24,27,30,33,43,50,55,24351,0,15,16.502194121391987,3.914475999977185,54.7883939999565,224.2075068785676
1789562599,10,,Aggregated,30.100000,0.000000,15,17,19,20,24,27,30,33,43,50,55,24383,0,15,16.50265600094393,3.914475999977185,54.7883939999565,224.19739162531272
1789562600,10,,Aggregated,30.200000,0.000000,15,17,19,20,24,27,30,33,43,50,55,24409,0,15,16.502822481913057,3.914475999977185,54.7883939999565,224.19361710844362
1789562601,10,,Aggregated,29.900000,0.000000,15,17,19,20,24,27,30,33,43,50,55,24442,0,15,16.503236833852213,3.914475999977185,54.7883939999565,224.18075443908026
1789562602,10,,Aggregated,30.100000,0.000000,15,17,19,20,24,27,30,33,43,50,55,24473,0,15,16.503206053324703,3.914475999977185,54.7883939999565,224.17925877497652
1789562603,10,,Aggregated,30.100000,0.000000,15,17,19,20,24,27,30,33,43,50,55,24505,0,15,16.504928993879446,3.914475999977185,54.7883939999565,224.1804121607835
1789562604,10,,Aggregated,30.400000,0.000000,15,17,19,20,24,27,30,33,43,50,55,24535,0,15,16.509112963562927,3.914475999977185,54.7883939999565,224.183696759731
1789562605,10,,Aggregated,30.300000,0.000000,15,17,19,20,24,27,30,33,43,50,55,24570,0,15,16.509394312983932,3.914475999977185,54.7883939999565,224.187382987383
1789562606,10,,Aggregated,30.500000,0.000000,15,17,19,20,24,27,30,33,43,50,55,24596,0,15,16.513172678810186,3.914475999977185,54.7883939999565,224.18385103268824
1789562607,10,,Aggregated,31.000000,0.000000,15,17,19,20,24,27,30,33,43,50,55,24630,0,15,16.512014259277937,3.914475999977185,54.7883939999565,224.18664230613072
1789562608,10,,Aggregated,30.800000,0.000000,15,17,19,20,24,27,30,34,43,52,55,24660,0,15,16.513145868127122,3.914475999977185,54.7883939999565,224.19545823195458
1789562609,10,,Aggregated,31.000000,0.000000,15,17,19,20,24,27,30,34,43,52,55,24688,0,15,16.51487290882269,3.914475999977185,54.7883939999565,224.19916558651977
1789562610,10,,Aggregated,30.500000,0.000000,15,17,19,20,24,27,30,34,43,52,55,24718,0,15,16.515272124161115,3.914475999977185,54.7883939999565,224.19682013107857
1789562611,10,,Aggregated,30.700000,0.000000,15,17,19,20,24,27,30,34,43,52,55,24748,0,15,16.51650829133727,3.914475999977185,54.7883939999565,224.19456117666073
1789562612,10,,Aggregated,30.700000,0.000000,15,17,19,20,24,27,30,34,43,52,55,24776,0,15,16.51492567512974,3.914475999977185,54.7883939999565,224.20354375201808
1789562613,10,,Aggregated,30.500000,0.000000,15,17,19,20,24,27,30,34,43,52,55,24809,0,15,16.516531099440293,3.914475999977185,54.7883939999565,224.20738441694547
1789562614,10,,Aggregated,30.200000,0.000000,15,17,19,20,24,27,30,34,43,52,55,24838,0,15,16.5195813538133,3.914475999977185,54.7883939999565,224.2095981963121
1789562615,10,,Aggregated,30.200000,0.000000,15,17,19,20,24,27,30,34,43,52,55,24867,0,15,16.518848112318125,3.914475999977185,54.7883939999565,224.21755740539672
1789562616,10,,Aggregated,30.200000,0.000000,15,17,19,20,24,27,30,34,43,52,55,24901,0,15,16.519749121561993,3.914475999977185,54.7883939999565,224.2184249628529
1789562617,10,,Aggregated,29.700000,0.000000,15,17,19,20,24,27,30,34,43,52,55,24931,0,15,16.52240036332337,3.914475999977185,54.7883939999565,224.21599614937227
1789562618,10,,Aggregated,30.100000,0.000000,15,17,19,20,24,27,30,34,43,52,55,24964,0,15,16.52329215302098,3.914475999977185,54.7883939999565,224.22316135234738
1789562619,10,,Aggregated,29.900000,0.000000,15,17,19,20,24,27,30,34,43,52,55,24994,0,15,16.524451806914303,3.914475999977185,54.7883939999565,224.22469392654236
1789562620,10,,Aggregated,30.200000,0.000000,15,17,19,20,24,27,30,34,43,52,55,25022,0,15,16.52538760015249,3.914475999977185,54.7883939999565,224.22468227959396
1789562621,10,,Aggregated,30.300000,0.000000,15,17,19,20,24,27,30,34,43,52,55,25055,0,15,16.526394714947767,3.914475999977185,54.7883939999565,224.2247854719617
1789562622,10,,Aggregated,30.400000,0.000000,15,17,19,20,24,27,30,34,43,52,55,25083,0,15,16.527552777379714,3.914475999977185,54.7883939999565,224.22656779492087
1789562623,10,,Aggregated,30.500000,0.000000,15,17,19,20,24,27,30,34,43,52,55,25113,0,15,16.52803520977245,3.914475999977185,54.7883939999565,224.22804921753672
1789562624,10,,Aggregated,30.500000,0.000000,15,17,19,20,24,27,30,34,43,52,55,25149,0,15,16.52840550161103,3.914475999977185,54.7883939999565,224.22307049982106
1789562625,10,,Aggregated,30.600000,0.000000,15,17,19,20,24,27,30,34,43,52,55,25183,0,15,16.530747294445245,3.914475999977185,54.7883939999565,224.2237620617083
1789562626,10,,Aggregated,31.200000,0.000000,15,17,19,20,24,27,30,34,43,52,55,25217,0,15,16.53040548189776,3.914475999977185,54.7883939999565,224.22651385969783
1789562627,10,,Aggregated,31.400000,0.000000,15,17,19,20,24,27,30,34,43,52,55,25248,0,15,16.531962324858064,3.914475999977185,54.7883939999565,224.22690906210394
1789562628,10,,Aggregated,31.700000,0.000000,15,17,19,20,24,27,30,34,43,52,55,25279,0,15,16.533442162071932,3.914475999977185,54.7883939999565,224.2199849677598
1789562629,10,,Aggregated,31.600000,0.000000,15,17,19,20,24,27,30,34,43,52,55,25314,0,15,16.533252916213016,3.914475999977185,54.7883939999565,224.2160464565063
1789562630,10,,Aggregated,31.700000,0.000000,15,17,19,20,24,27,30,34,43,52,55,25347,0,15,16.533858555293175,3.914475999977185,54.7883939999565,224.21955260977631
1789562631,10,,Aggregated,32.000000,0.000000,15,17,19,20,24,27,30,34,43,52,55,25379,0,15,16.534777143544517,3.914475999977185,54.7883939999565,224.22073367744986
1789562632,10,,Aggregated,32.200000,0.000000,15,17,19,20,24,27,30,34,43,52,55,25411,0,15,16.535677851128085,3.914475999977185,54.7883939999565,224.22919208216913
1789562633,10,,Aggregated,32.700000,0.000000,15,17,19,20,24,27,30,34,43,52,55,25443,0,15,16.535877907440778,3.914475999977185,54.7883939999565,224.221396847856
1789562634,10,,Aggregated,32.700000,0.000000,15,17,19,20,24,27,30,34,43,52,55,25474,0,15,16.53687956010107,3.914475999977185,54.7883939999565,224.2308628405433
1789562635,10,,Aggregated,32.800000,0.000000,15,17,19,20,24,27,30,34,43,52,55,25507,0,15,16.537659772180763,3.914475999977185,54.7883939999565,224.2380522993688
1789562636,10,,Aggregated,32.400000,0.000000,15,17,19,20,24,27,30,34,43,52,55,25540,0,15,16.538938361942655,3.914475999977185,54.7883939999565,224.23445575567737
1789562637,10,,Aggregated,32.700000,0.000000,15,17,19,20,24,27,30,34,43,52,55,25572,0,15,16.539095497145933,3.914475999977185,54.7883939999565,224.23220710151728
1789562638,10,,Aggregated,32.000000,0.000000,15,17,19,20,24,27,30,34,43,52,55,25602,0,15,16.54060409608689,3.914475999977185,54.7883939999565,224.2299820326537
1789562639,10,,Aggregated,32.300000,0.000000,15,17,19,20,24,27,30,34,43,52,55,25630,0,15,16.541341239290578,3.914475999977185,54.7883939999565,224.2227467811159
1789562640,10,,Aggregated,31.900000,0.000000,15,17,19,20,24,27,30,34,43,52,55,25665,0,15,16.543029692500205,3.914475999977185,54.7883939999565,224.22427430352622
1789562641,10,,Aggregated,31.600000,0.000000,15,17,19,20,24,27,30,34,43,52,55,25696,0,15,16.544218940691866,3.914475999977185,54.7883939999565,224.23373287671234
1789562642,10,,Aggregated,31.900000,0.000000,15,17,19,20,24,27,30,34,43,52,55,25730,0,15,16.54569990276012,3.914475999977185,54.7883939999565,224.22386319471434
1789562643,10,,Aggregated,31.400000,0.000000,15,17,19,20,24,27,30,34,43,52,55,25761,0,15,16.545404355887477,3.914475999977185,54.7883939999565,224.2278250067932
1789562644,10,,Aggregated,32.000000,0.000000,15,17,19,20,24,27,30,34,43,52,55,25796,0,15,16.544346135254187,3.914475999977185,54.7883939999565,224.2132501162971
1789562645,10,,Aggregated,32.000000,0.000000,15,17,19,20,24,27,30,34,43,52,55,25826,0,15,16.544315506854222,3.914475999977185,54.7883939999565,224.20742662433207
1789562646,10,,Aggregated,32.000000,0.000000,15,17,19,20,24,27,30,34,43,52,55,25859,0,15,16.543394940446912,3.914475999977185,54.7883939999565,224.2077033141266
1789562647,10,,Aggregated,31.400000,0.000000,15,17,19,20,24,27,30,34,43,52,55,25892,0,15,16.543413240731386,3.914475999977185,54.7883939999565,224.19901900200836
1789562648,10,,Aggregated,32.000000,0.000000,15,17,19,20,24,27,30,34,43,52,55,25924,0,15,16.54297862837593,3.914475999977185,54.7883939999565,224.20351797562105
1789562649,10,,Aggregated,31.900000,0.000000,15,17,19,20,24,27,30,34,43,52,55,25957,0,15,16.54303907655035,3.914475999977185,54.7883939999565,224.20707323650652
1789562650,10,,Aggregated,32.500000,0.000000,15,17,19,20,24,27,30,34,43,52,55,25986,0,15,16.542578997229924,3.914475999977185,54.7883939999565,224.2024166859078
1789562651,10,,Aggregated,32.600000,0.000000,15,17,19,20,24,27,30,34,43,52,55,26020,0,15,16.54531979070011,3.914475999977185,54.7883939999565,224.19796310530361
1789562652,10,,Aggregated,32.100000,0.000000,15,17,19,20,24,27,30,34,43,52,55,26054,0,15,16.546242449528577,3.914475999977185,54.7883939999565,224.1933292392723
1789562653,10,,Aggregated,32.300000,0.000000,15,17,19,20,24,27,30,34,43,52,55,26082,0,15,16.546131096580673,3.914475999977185,54.7883939999565,224.19128134345524
1789562654,10,,Aggregated,32.000000,0.000000,15,17,19,20,24,27,30,34,43,52,55,26113,0,15,16.548792945813087,3.914475999977185,54.7883939999565,224.18477386742236
1789562655,10,,Aggregated,31.900000,0.000000,15,17,19,20,24,27,30,34,43,52,55,26144,0,15,16.549914696642336,3.914475999977185,54.7883939999565,224.18681150550796
1789562656,10,,Aggregated,31.700000,0.000000,15,17,19,20,24,27,30,34,43,52,55,26174,0,15,16.549558628334125,3.914475999977185,54.7883939999565,224.1847635057691
1789562657,10,,Aggregated,31.600000,0.000000,15,17,19,20,24,27,30,34,43,52,55,26205,0,15,16.54683552787699,3.914475999977185,54.7883939999565,224.19717611142912
1789562658,10,,Aggregated,31.500000,0.000000,15,17,19,20,24,27,30,34,43,52,55,26242,0,15,16.546505489178315,3.914475999977185,54.7883939999565,224.19160124990472
1789562659,10,,Aggregated,31.100000,0.000000,15,17,19,20,24,27,30,34,43,52,55,26271,0,15,16.54453106147527,3.914475999977185,54.7883939999565,224.19557687183587
1789562660,10,,Aggregated,31.500000,0.000000,15,17,19,20,24,27,30,34,43,52,55,26303,0,15,16.544322471923994,3.914475999977185,54.7883939999565,224.1932479184884
1789562661,10,,Aggregated,31.500000,0.000000,15,17,19,20,24,27,30,34,43,52,55,26334,0,15,16.543823730121392,3.914475999977185,54.7883939999565,224.19180527075264
1789562662,10,,Aggregated,31.400000,0.000000,15,17,19,20,24,27,30,34,43,52,55,26366,0,15,16.545930207237237,3.914475999977185,54.7883939999565,224.18770386103316
1789562663,10,,Aggregated,31.600000,0.000000,15,17,19,20,24,27,30,34,43,52,55,26396,0,15,16.5480341395672,3.914475999977185,54.7883939999565,224.18900590998635
1789562664,10,,Aggregated,31.200000,0.000000,15,17,19,20,24,27,30,34,43,52,55,26426,0,15,16.547031525846347,3.914475999977185,54.7883939999565,224.19382426398244
1789562665,10,,Aggregated,31.300000,0.000000,15,17,19,20,24,27,30,34,43,52,55,26463,0,15,16.546085508521923,3.914475999977185,54.7883939999565,224.19510259607753
1789562666,10,,Aggregated,31.100000,0.000000,15,17,19,20,24,27,30,34,43,52,55,26493,0,15,16.54642938821632,3.914475999977185,54.7883939999565,224.19624051636282
1789562667,10,,Aggregated,31.600000,0.000000,15,17,19,20,24,27,30,34,43,52,55,26524,0,15,16.544874976663177,3.914475999977185,54.7883939999565,224.19985673352434
1789562668,10,,Aggregated,31.900000,0.000000,15,17,19,20,24,27,30,34,43,52,55,26556,0,15,16.542862313112458,3.914475999977185,54.7883939999565,224.20970778731737
1789562669,10,,Aggregated,32.200000,0.000000,15,17,19,20,24,27,30,34,43,52,55,26590,0,15,16.539972616209628,3.914475999977185,54.7883939999565,224.2137645731478
1789562670,10,,Aggregated,31.800000,0.000000,15,17,19,20,24,27,30,34,43,52,55,26622,0,15,16.539041466156288,3.914475999977185,54.7883939999565,224.21117872436332
1789562671,10,,Aggregated,31.800000,0.000000,15,17,19,20,24,27,30,34,43,52,55,26658,0,15,16.53873887703552,3.914475999977185,54.7883939999565,224.2030910045765
1789562672,10,,Aggregated,31.700000,0.000000,15,17,19,20,24,27,30,34,43,52,55,26684,0,15,16.53814906198518,3.914475999977185,54.7883939999565,224.202743216909
1789562673,10,,Aggregated,31.700000,0.000000,15,17,19,20,24,27,30,34,43,52,55,26715,0,15,16.5386280651324,3.914475999977185,54.7883939999565,224.20340632603407
1789562674,10,,Aggregated,32.100000,0.000000,15,17,19,20,24,27,30,34,43,52,55,26747,0,15,16.538893018806306,3.914475999977185,54.7883939999565,224.20099450405652
1789562675,10,,Aggregated,32.000000,0.000000,15,17,19,20,24,27,30,34,43,52,55,26776,0,15,16.538017022520602,3.914475999977185,54.7883939999565,224.19819988049
1789562676,10,,Aggregated,32.100000,0.000000,15,17,19,20,24,27,30,34,43,52,55,26805,0,15,16.538308840440635,3.914475999977185,54.7883939999565,224.19705278865882
1789562677,10,,Aggregated,31.700000,0.000000,15,17,19,20,24,27,30,34,43,52,55,26836,0,15,16.53741200119288,3.914475999977185,54.7883939999565,224.20271277388582
1789562678,10,,Aggregated,31.100000,0.000000,15,17,19,20,24,27,30,34,43,52,55,26870,0,15,16.541058078452266,3.914475999977185,54.7883939999565,224.2
1789562679,10,,Aggregated,31.200000,0.000000,15,17,19,20,24,27,30,34,43,52,55,26899,0,15,16.542544126659443,3.914475999977185,54.7883939999565,224.2060299639392
1789562680,10,,Aggregated,30.900000,0.000000,15,17,19,20,24,27,30,34,43,52,55,26934,0,15,16.543330664922134,3.914475999977185,54.7883939999565,224.20078710922996
1789562681,10,,Aggregated,30.600000,0.000000,15,17,19,20,24,27,30,34,43,52,55,26965,0,15,16.542359436603494,3.914475999977185,54.7883939999565,224.1959206378639
1789562682,10,,Aggregated,31.100000,0.000000,15,17,19,20,24,27,30,34,43,52,55,26997,0,15,16.541833894729514,3.914475999977185,54.7883939999565,224.18853946734822
1789562683,10,,Aggregated,31.400000,0.000000,15,17,19,20,24,27,30,34,43,52,55,27031,0,15,16.540217482853485,3.914475999977185,54.7883939999565,224.17761089119898
1789562684,10,,Aggregated,31.000000,0.000000,15,17,19,20,24,27,30,34,43,52,55,27065,0,15,16.540170982043687,3.914475999977185,54.7883939999565,224.17502309255497
1789562685,10,,Aggregated,31.200000,0.000000,15,17,19,20,24,27,30,34,43,52,55,27099,0,15,16.538056521680197,3.914475999977185,54.7883939999565,224.16583637772612
1789562686,10,,Aggregated,31.700000,0.000000,15,17,19,20,24,27,30,34,43,52,55,27129,0,15,16.538139072137263,3.914475999977185,54.7883939999565,224.15898116406797
1789562687,10,,Aggregated,32.300000,0.000000,15,17,19,20,24,27,30,34,43,52,55,27165,0,15,16.53675628142871,3.914475999977185,54.7883939999565,224.1646972206884
1789562688,10,,Aggregated,32.500000,0.000000,15,17,19,20,24,27,30,34,43,52,55,27194,0,15,16.536832325035345,3.914475999977185,54.7883939999565,224.16356549238802
1789562689,10,,Aggregated,32.400000,0.000000,15,17,19,20,24,27,30,34,43,52,55,27224,0,15,16.53871941852818,3.914475999977185,54.7883939999565,224.16162209814868
1789562690,10,,Aggregated,32.500000,0.000000,15,17,19,20,24,27,30,34,43,52,55,27255,0,15,16.53691503903912,3.914475999977185,54.7883939999565,224.1603008622271
1789562691,10,,Aggregated,32.800000,0.000000,15,17,19,20,24,27,30,34,43,52,55,27293,0,15,16.53875534781856,3.914475999977185,54.7883939999565,224.17059319239365
1789562692,10,,Aggregated,32.600000,0.000000,15,17,19,20,24,27,30,34,43,52,55,27323,0,15,16.538036738023365,3.914475999977185,54.7883939999565,224.16879552025765
1789562693,10,,Aggregated,32.300000,0.000000,15,17,19,20,24,27,30,34,43,52,55,27356,0,15,16.539231540028204,3.914475999977185,54.7883939999565,224.16574060535166
1789562694,10,,Aggregated,32.400000,0.000000,15,17,19,20,24,27,30,34,43,52,55,27390,0,15,16.537904176269137,3.914475999977185,54.7883939999565,224.16823658269442
1789562695,10,,Aggregated,32.600000,0.000000,15,17,19,20,24,27,30,34,43,52,55,27422,0,15,16.537910234593106,3.914475999977185,54.7883939999565,224.16610750492305
1789562696,10,,Aggregated,32.100000,0.000000,15,17,19,20,24,27,30,34,43,52,55,27452,0,15,16.537621814513024,3.914475999977185,54.7883939999565,224.16246539414252
1789562697,10,,Aggregated,32.300000,0.000000,15,17,19,20,24,27,30,34,43,52,55,27484,0,15,16.539897806869867,3.914475999977185,54.7883939999565,224.1650050938728
1789562698,10,,Aggregated,32.400000,0.000000,15,17,19,20,24,27,30,34,43,52,55,27519,0,15,16.539493597696545,3.914475999977185,54.7883939999565,224.15985319233982
1789562699,10,,Aggregated,32.400000,0.000000,15,17,19,20,24,27,30,34,43,52,55,27554,0,15,16.541224280576742,3.914475999977185,54.7883939999565,224.15805327720113
1789562700,10,,Aggregated,32.100000,0.000000,15,17,19,20,24,27,30,34,43,52,55,27585,0,15,16.53979385300027,3.914475999977185,54.7883939999565,224.15508428493746
1789562701,10,,Aggregated,32.600000,0.000000,15,17,19,20,24,27,30,34,43,52,55,27616,0,15,16.54024669760327,3.914475999977185,54.7883939999565,224.14886297798378
1789562702,10,,Aggregated,32.700000,0.000000,15,17,19,20,24,27,30,34,43,52,55,27646,0,15,16.543818772698117,3.914475999977185,54.7883939999565,224.1454459958041
1789562703,10,,Aggregated,32.400000,0.000000,15,17,19,20,24,27,30,34,43,52,55,27677,0,15,16.543516067204244,3.914475999977185,54.7883939999565,224.14242873143766
1789562704,10,,Aggregated,32.700000,0.000000,15,17,19,20,24,27,30,34,43,52,55,27710,0,15,16.541073979791143,3.914475999977185,54.7883939999565,224.1473836160231
1789562705,10,,Aggregated,32.200000,0.000000,15,17,19,20,24,27,30,34,43,52,55,27742,0,15,16.53834200684924,3.914475999977185,54.7883939999565,224.14678105399756
1789562706,10,,Aggregated,32.600000,0.000000,15,17,19,20,24,27,30,34,43,52,55,27776,0,15,16.537686474114746,3.914475999977185,54.7883939999565,224.14764544930875
1789562707,10,,Aggregated,31.800000,0.000000,15,17,19,20,24,27,30,34,43,52,55,27811,0,15,16.53680017550647,3.914475999977185,54.7883939999565,224.14763942324979
1789562708,10,,Aggregated,32.000000,0.000000,15,17,19,20,24,27,30,34,43,52,55,27843,0,15,16.53521433103511,3.914475999977185,54.7883939999565,224.15203103113888
1789562709,10,,Aggregated,32.500000,0.000000,15,17,19,20,24,27,30,34,43,52,55,27875,0,15,16.53563799641297,3.914475999977185,54.7883939999565,224.15454708520178
1789562710,10,,Aggregated,32.600000,0.000000,15,17,19,20,24,27,30,34,43,52,55,27908,0,15,16.534195689086,3.914475999977185,54.7883939999565,224.15644259710479
1789562711,10,,Aggregated,32.000000,0.000000,15,17,19,20,24,27,30,34,43,52,55,27939,0,15,16.532682882029146,3.914475999977185,54.7883939999565,224.1583449658184
1789562712,10,,Aggregated,32.100000,0.000000,15,17,19,20,24,27,30,34,43,52,55,27969,0,15,16.533229367729,3.914475999977185,54.7883939999565,224.15796059923485
1789562713,10,,Aggregated,32.200000,0.000000,15,17,19,20,24,27,30,34,43,52,55,28000,0,15,16.532871455964727,3.914475999977185,54.7883939999565,224.1632857142857
1789562714,10,,Aggregated,31.800000,0.000000,15,17,19,20,24,27,30,34,43,52,55,28033,0,15,16.531241101238255,3.914475999977185,54.7883939999565,224.16341454714086
1789562715,10,,Aggregated,32.100000,0.000000,15,17,19,20,24,27,30,34,43,52,55,28065,0,15,16.532051316871986,3.914475999977185,54.7883939999565,224.16604311419917
1789562716,10,,Aggregated,32.100000,0.000000,15,17,19,20,24,27,30,34,43,52,55,28091,0,15,16.532370040903228,3.914475999977185,54.7883939999565,224.16435869139582
1789562717,10,,Aggregated,32.300000,0.000000,15,17,19,20,24,27,30,34,43,52,55,28125,0,15,16.532760737955996,3.914475999977185,54.7883939999565,224.17319111111112
1789562718,10,,Aggregated,31.700000,0.000000,15,17,19,20,24,27,30,34,43,52,55,28161,0,15,16.532473263769482,3.914475999977185,54.7883939999565,224.17520684634778
1789562719,10,,Aggregated,31.200000,0.000000,15,17,19,20,24,27,30,34,43,52,55,28193,0,15,16.53284551094286,3.914475999977185,54.7883939999565,224.17291526265385
1789562720,10,,Aggregated,31.900000,0.000000,15,17,19,20,24,27,30,34,43,52,55,28224,0,15,16.530944467545776,3.914475999977185,54.7883939999565,224.17176870748298
1789562721,10,,Aggregated,32.400000,0.000000,15,17,19,20,24,27,30,34,43,52,55,28254,0,15,16.53326471391706,3.914475999977185,54.7883939999565,224.174736320521
1789562722,10,,Aggregated,31.600000,0.000000,15,17,19,20,24,27,30,34,43,52,55,28284,0,15,16.532143937633023,3.914475999977185,54.7883939999565,224.1728892660161
1789562723,10,,Aggregated,31.600000,0.000000,15,17,19,20,24,27,30,34,43,52,55,28313,0,15,16.53168375315272,3.914475999977185,54.7883939999565,224.1750432663441
1789562724,10,,Aggregated,31.800000,0.000000,15,17,19,20,24,27,30,34,43,52,55,28349,0,15,16.529254881689386,3.914475999977185,54.7883939999565,224.17069385163498
1789562725,10,,Aggregated,31.300000,0.000000,15,17,19,20,24,27,30,34,43,52,55,28381,0,15,16.527526672633556,3.914475999977185,54.7883939999565,224.15742926605827
1789562726,10,,Aggregated,31.400000,0.000000,15,17,19,20,24,27,30,34,43,52,55,28412,0,15,16.526009501408335,3.914475999977185,54.7883939999565,224.15292834013798
1789562727,10,,Aggregated,31.500000,0.000000,15,17,19,20,24,27,30,34,43,52,55,28442,0,15,16.525417005520485,3.914475999977185,54.7883939999565,224.15269671612404
1789562728,10,,Aggregated,31.800000,0.000000,15,17,19,20,24,27,30,34,43,52,55,28469,0,15,16.52521950195,3.914475999977185,54.7883939999565,224.1519196318803
1789562729,10,,Aggregated,31.900000,0.000000,15,17,19,20,24,27,30,34,43,52,55,28504,0,15,16.52461097624941,3.914475999977185,54.7883939999565,224.15506595565535
1789562730,10,,Aggregated,30.900000,0.000000,15,17,19,20,24,27,30,34,43,52,55,28536,0,15,16.524567688113716,3.914475999977185,54.7883939999565,224.1592724978974
1789562731,10,,Aggregated,30.500000,0.000000,15,17,19,20,24,27,30,34,43,52,55,28565,0,15,16.52368508135876,3.914475999977185,54.7883939999565,224.14853842114476
1789562732,10,,Aggregated,31.200000,0.000000,15,17,19,20,24,27,30,34,43,52,55,28597,0,15,16.52316032709771,3.914475999977185,54.7883939999565,224.1479176137357
1789562733,10,,Aggregated,30.900000,0.000000,15,17,19,20,24,27,30,34,43,52,55,28625,0,15,16.523767337572526,3.914475999977185,54.7883939999565,224.14620087336243
1789562734,10,,Aggregated,31.200000,0.000000,15,17,19,20,24,27,30,34,43,52,55,28661,0,15,16.52099696852909,3.914475999977185,54.7883939999565,224.1501692194969
1789562735,10,,Aggregated,31.300000,0.000000,15,17,19,20,24,27,30,34,43,52,55,28693,0,15,16.522922365978218,3.914475999977185,54.7883939999565,224.15289443418254
1789562736,10,,Aggregated,31.200000,0.000000,15,17,19,20,24,27,30,34,43,52,55,28724,0,15,16.521713927970097,3.914475999977185,54.7883939999565,224.1581256092466
1789562737,10,,Aggregated,30.900000,0.000000,15,17,19,20,24,27,30,34,43,52,55,28756,0,15,16.521119365106877,3.914475999977185,54.7883939999565,224.16549589650856
1789562738,10,,Aggregated,31.300000,0.000000,15,17,19,20,24,27,30,34,43,52,55,28788,0,15,16.52128635334215,3.914475999977185,54.7883939999565,224.1711824371266
1789562739,10,,Aggregated,31.600000,0.000000,15,17,19,20,24,27,30,34,43,52,55,28820,0,15,16.519888937994946,3.914475999977185,54.7883939999565,224.1739417071478
1789562740,10,,Aggregated,31.500000,0.000000,15,17,19,20,24,27,30,34,43,52,55,28847,0,15,16.52048667029548,3.914475999977185,54.7883939999565,224.1701043436059
1789562741,10,,Aggregated,31.600000,0.000000,15,17,19,20,24,27,30,34,43,52,55,28882,0,15,16.52168418589482,3.914475999977185,54.7883939999565,224.1686863790596
1789562742,10,,Aggregated,31.100000,0.000000,15,17,19,20,24,27,30,34,43,52,55,28913,0,15,16.521766557811855,3.914475999977185,54.7883939999565,224.16750250752256
1789562743,10,,Aggregated,31.800000,0.000000,15,17,19,20,24,27,30,34,43,52,55,28940,0,15,16.522267606151168,3.914475999977185,54.7883939999565,224.169799585349
1789562744,10,,Aggregated,31.500000,0.000000,15,17,19,20,24,27,30,34,43,52,55,28977,0,15,16.523340803983018,3.914475999977185,54.7883939999565,224.17413810953514
1789562745,10,,Aggregated,31.600000,0.000000,15,17,19,20,24,27,30,34,43,52,55,29007,0,15,16.521123643569368,3.914475999977185,54.7883939999565,224.170510566415
1789562746,10,,Aggregated,31.100000,0.000000,15,17,19,20,24,27,30,34,43,52,55,29040,0,15,16.52228165678434,3.914475999977185,54.7883939999565,224.16759641873278
1789562747,10,,Aggregated,31.800000,0.000000,15,17,19,20,24,27,30,34,43,52,55,29070,0,15,16.521411605745378,3.914475999977185,54.7883939999565,224.1719642242862
1789562748,10,,Aggregated,31.500000,0.000000,15,17,19,20,24,27,30,34,43,52,55,29104,0,15,16.522030475296116,3.914475999977185,54.7883939999565,224.1790819131391
1789562749,10,,Aggregated,30.900000,0.000000,15,17,19,20,24,27,30,34,43,52,55,29132,0,15,16.522831764005844,3.914475999977185,54.7883939999565,224.1759233832212
1789562750,10,,Aggregated,31.600000,0.000000,15,17,19,20,24,27,30,34,43,52,55,29168,0,15,16.523225710813815,3.914475999977185,54.7883939999565,224.17944322545256
1789562751,10,,Aggregated,31.600000,0.000000,15,17,19,20,24,27,30,34,43,52,55,29194,0,15,16.520864738371504,3.914475999977185,54.7883939999565,224.190415838871
1789562752,10,,Aggregated,32.000000,0.000000,15,17,19,20,24,27,30,34,43,52,55,29222,0,15,16.52156641393531,3.914475999977185,54.7883939999565,224.19338169872015
1789562753,10,,Aggregated,31.400000,0.000000,15,17,19,20,24,27,30,34,43,52,55,29256,0,15,16.52331194575533,3.914475999977185,54.7883939999565,224.19913863822805
1789562754,10,,Aggregated,31.000000,0.000000,15,17,19,20,24,27,30,34,43,52,55,29289,0,15,16.522982202568148,3.914475999977185,54.7883939999565,224.1945098842569
1789562755,10,,Aggregated,31.300000,0.000000,15,17,19,20,24,27,30,34,43,52,55,29323,0,15,16.521373910889675,3.914475999977185,54.7883939999565,224.19830849503802
1789562756,10,,Aggregated,31.400000,0.000000,15,17,19,20,24,27,30,34,43,52,55,29353,0,15,16.521979271693468,3.914475999977185,54.7883939999565,224.2026368684632
1789562757,10,,Aggregated,31.200000,0.000000,15,17,19,20,24,27,30,34,43,52,55,29382,0,15,16.5241871483908,3.914475999977185,54.7883939999565,224.19549383976585
1789562758,10,,Aggregated,31.400000,0.000000,15,17,19,20,24,27,30,34,43,52,55,29414,0,15,16.52382477378184,3.914475999977185,54.7883939999565,224.19330930849256
1789562759,10,,Aggregated,31.300000,0.000000,15,17,19,20,24,27,30,34,43,52,55,29444,0,15,16.5222628478474,3.914475999977185,54.7883939999565,224.18991984784677
1789562760,10,,Aggregated,30.800000,0.000000,15,17,19,20,24,27,30,34,43,52,55,29474,0,15,16.52084306069821,3.914475999977185,54.7883939999565,224.1910497387528
1789562761,10,,Aggregated,30.800000,0.000000,15,17,19,20,24,27,30,34,43,52,55,29508,0,15,16.520614642606052,3.914475999977185,54.7883939999565,224.19957299715333
1789562762,10,,Aggregated,30.500000,0.000000,15,17,19,20,24,27,30,34,43,52,55,29542,0,15,16.521038627514045,3.914475999977185,54.7883939999565,224.19575519599215
1789562763,10,,Aggregated,30.800000,0.000000,15,17,19,20,24,27,30,34,43,52,55,29576,0,15,16.519868294191916,3.914475999977185,54.7883939999565,224.19025561265892
1789562764,10,,Aggregated,31.500000,0.000000,15,17,19,20,24,27,30,34,43,52,55,29605,0,15,16.51918702553691,3.914475999977185,54.7883939999565,224.1907448066205
1789562765,10,,Aggregated,31.800000,0.000000,15,17,19,20,24,27,30,34,43,52,55,29634,0,15,16.517674765911437,3.914475999977185,54.7883939999565,224.18839846122697
1789562766,10,,Aggregated,31.900000,0.000000,15,17,19,20,24,27,30,34,43,52,55,29665,0,15,16.517978555672325,3.914475999977185,54.7883939999565,224.18398786448677
1789562767,10,,Aggregated,31.400000,0.000000,15,17,19,20,24,27,30,34,43,52,55,29696,0,15,16.517291726899913,3.914475999977185,54.7883939999565,224.18601831896552
1789562768,10,,Aggregated,30.900000,0.000000,15,17,19,20,24,27,30,34,43,52,55,29730,0,15,16.517147891322534,3.914475999977185,54.7883939999565,224.18671375714766
1789562769,10,,Aggregated,31.300000,0.000000,15,17,19,20,24,27,30,34,43,52,55,29759,0,15,16.515913275816345,3.914475999977185,54.7883939999565,224.18260022178166
1789562770,10,,Aggregated,31.700000,0.000000,15,17,19,20,24,27,30,34,43,52,55,29791,0,15,16.51744344211402,3.914475999977185,54.7883939999565,224.19133295290524
1789562771,10,,Aggregated,31.600000,0.000000,15,17,19,20,24,27,30,34,43,52,55,29826,0,15,16.51671410219332,3.914475999977185,54.7883939999565,224.18963320592772
1789562772,10,,Aggregated,31.900000,0.000000,15,17,19,20,24,27,30,34,43,52,55,29860,0,15,16.517362071400477,3.914475999977185,54.7883939999565,224.1934360348292
1789562773,10,,Aggregated,31.900000,0.000000,15,17,19,20,24,27,30,34,43,52,55,29893,0,15,16.513748545412586,3.914475999977185,54.7883939999565,224.19810658013583
1789562774,10,,Aggregated,31.900000,0.000000,15,17,19,20,24,27,30,34,43,52,55,29925,0,15,16.51550545580681,3.914475999977185,54.7883939999565,224.20370927318297
1789562775,10,,Aggregated,31.800000,0.000000,15,17,19,20,24,27,30,34,43,52,55,29955,0,15,16.51467506863694,3.914475999977185,54.7883939999565,224.20617593056252
1789562776,10,,Aggregated,31.800000,0.000000,15,17,19,20,24,27,30,34,43,52,55,29984,0,15,16.513108029849892,3.914475999977185,54.7883939999565,224.20057363927427
1789562777,10,,Aggregated,32.000000,0.000000,15,17,19,20,24,27,30,34,43,50,55,30018,0,15,16.511874324106138,3.914475999977185,54.7883939999565,224.20574322073423
1789562778,10,,Aggregated,31.900000,0.000000,15,17,19,20,24,27,30,34,43,50,55,30053,0,15,16.512088455495896,3.914475999977185,54.7883939999565,224.2056034339334
1789562779,10,,Aggregated,32.100000,0.000000,15,17,19,20,24,27,30,34,43,50,55,30082,0,15,16.511581853899948,3.914475999977185,54.7883939999565,224.20759922877468
1789562780,10,,Aggregated,32.200000,0.000000,15,17,19,20,24,27,30,34,43,50,55,30116,0,15,16.51010034851965,3.914475999977185,54.7883939999565,224.2098220215168
1789562781,10,,Aggregated,32.100000,0.000000,15,17,19,20,24,27,30,34,43,50,55,30146,0,15,16.50975962270348,3.914475999977185,54.7883939999565,224.2170768924567
1789562782,10,,Aggregated,32.300000,0.000000,15,17,19,20,24,27,30,34,43,50,55,30179,0,15,16.50923116302792,3.914475999977185,54.7883939999565,224.2142549454919
1789562783,10,,Aggregated,32.200000,0.000000,15,17,19,20,24,27,30,34,43,50,55,30212,0,15,16.510956899841805,3.914475999977185,54.7883939999565,224.21713226532503
1789562784,10,,Aggregated,31.800000,0.000000,15,17,19,20,24,27,30,34,43,50,55,30242,0,15,16.510848476093532,3.914475999977185,54.7883939999565,224.21542887375173
1789562785,10,,Aggregated,31.500000,0.000000,15,17,19,20,24,27,30,34,43,50,55,30274,0,15,16.50953693152609,3.914475999977185,54.7883939999565,224.21341745392087
1789562786,10,,Aggregated,31.700000,0.000000,15,17,19,20,24,27,30,34,43,50,55,30304,0,15,16.508011801116048,3.914475999977185,54.7883939999565,224.21000527983105
1789562787,10,,Aggregated,31.900000,0.000000,15,17,19,20,24,27,30,34,43,50,55,30335,0,15,16.508162794528427,3.914475999977185,54.7883939999565,224.2118674798088
1789562788,10,,Aggregated,32.300000,0.000000,15,17,19,20,24,27,30,34,43,50,55,30368,0,15,16.50709552601486,3.914475999977185,54.7883939999565,224.21776211801895
1789562789,10,,Aggregated,31.500000,0.000000,15,17,19,20,24,27,30,34,43,50,55,30396,0,15,16.507706877978023,3.914475999977185,54.7883939999565,224.21321884458482
1789562790,10,,Aggregated,31.500000,0.000000,15,17,19,20,24,27,30,34,43,50,55,30425,0,15,16.507625344519983,3.914475999977185,54.7883939999565,224.2184387838948
1789562791,10,,Aggregated,31.600000,0.000000,15,17,19,20,24,27,30,34,43,50,55,30455,0,15,16.506902499327513,3.914475999977185,54.7883939999565,224.2209817763914
1789562792,10,,Aggregated,31.100000,0.000000,15,17,19,20,24,27,30,34,43,50,55,30486,0,15,16.507135255987002,3.914475999977185,54.7883939999565,224.21832972511973
1789562793,10,,Aggregated,30.400000,0.000000,15,17,19,20,24,27,30,34,43,50,55,30516,0,15,16.506918991546097,3.914475999977185,54.7883939999565,224.20733385764845
1789562794,10,,Aggregated,30.800000,0.000000,15,17,19,20,24,27,30,34,43,50,55,30545,0,15,16.506772735898515,3.914475999977185,54.7883939999565,224.21086920936324
1789562795,10,,Aggregated,30.500000,0.000000,15,17,19,20,24,27,30,34,43,50,55,30578,0,15,16.508583308425038,3.914475999977185,54.7883939999565,224.2125057230689
1789562796,10,,Aggregated,30.300000,0.000000,15,17,19,20,24,27,30,34,43,50,55,30605,0,15,16.50800157513546,3.914475999977185,54.7883939999565,224.21483417742198
1789562797,10,,Aggregated,29.800000,0.000000,15,17,19,20,24,27,30,34,43,50,55,30636,0,15,16.508610668070915,3.914475999977185,54.7883939999565,224.2165752709231
1789562798,10,,Aggregated,29.900000,0.000000,15,17,19,20,24,27,30,34,43,50,55,30670,0,15,16.50805948095928,3.914475999977185,54.7883939999565,224.21428105640692
1789562799,10,,Aggregated,30.200000,0.000000,15,17,19,20,24,27,30,34,43,50,55,30699,0,15,16.507491590899395,3.914475999977185,54.7883939999565,224.21775953614124
1789562800,10,,Aggregated,30.100000,0.000000,15,17,19,20,24,27,30,34,43,50,55,30729,0,15,16.50749240831202,3.914475999977185,54.7883939999565,224.21757948517686
1789562801,10,,Aggregated,30.200000,0.000000,15,17,19,20,24,27,30,34,43,50,55,30758,0,15,16.509044141752423,3.914475999977185,54.7883939999565,224.21948761297872
1789562802,10,,Aggregated,30.100000,0.000000,15,17,19,20,24,27,30,34,43,50,55,30790,0,15,16.5117838840864,3.914475999977185,54.7883939999565,224.21594673595322
1789562803,10,,Aggregated,30.500000,0.000000,15,17,19,20,24,27,30,34,43,50,55,30821,0,15,16.51253902245289,3.914475999977185,54.7883939999565,224.21482106356055
1789562804,10,,Aggregated,30.300000,0.000000,15,17,19,20,24,27,30,34,43,50,55,30856,0,15,16.512908770256068,3.914475999977185,54.7883939999565,224.20890588540317
1789562805,10,,Aggregated,30.700000,0.000000,15,17,19,20,24,27,30,34,43,50,55,30890,0,15,16.51402890440342,3.914475999977185,54.7883939999565,224.21110391712529
1789562806,10,,Aggregated,30.700000,0.000000,15,17,19,20,24,27,30,34,43,50,55,30919,0,15,16.512243003849505,3.914475999977185,54.7883939999565,224.2145606261522
1789562807,10,,Aggregated,31.300000,0.000000,15,17,19,20,24,27,30,34,43,50,55,30953,0,15,16.512027575292333,3.914475999977185,54.7883939999565,224.21080347623817
1789562808,10,,Aggregated,31.400000,0.000000,15,17,19,20,24,27,30,34,43,50,55,30983,0,15,16.512399362231662,3.914475999977185,54.7883939999565,224.21347190394732
1789562809,10,,Aggregated,31.400000,0.000000,15,17,19,20,24,27,30,34,43,50,55,31017,0,15,16.513333959539068,3.914475999977185,54.7883939999565,224.21117451720025
1789562810,10,,Aggregated,31.400000,0.000000,15,17,19,20,24,27,30,34,43,50,55,31051,0,15,16.511470288107432,3.914475999977185,54.7883939999565,224.20868893111333
1789562811,10,,Aggregated,31.500000,0.000000,15,17,19,20,24,27,30,34,43,50,55,31085,0,15,16.512434502011352,3.914475999977185,54.7883939999565,224.21068039247226
1789562812,10,,Aggregated,32.000000,0.000000,15,17,19,20,24,27,30,34,43,50,55,31122,0,15,16.511006262098274,3.914475999977185,54.7883939999565,224.2102049996787
1789562813,10,,Aggregated,32.600000,0.000000,15,17,19,20,24,27,30,34,43,50,55,31155,0,15,16.511515485316064,3.914475999977185,54.7883939999565,224.2128711282298
1789562814,10,,Aggregated,32.800000,0.000000,15,17,19,20,24,27,30,34,43,50,55,31182,0,15,16.510979917485137,3.914475999977185,54.7883939999565,224.21509204027964
1789562815,10,,Aggregated,32.900000,0.000000,15,17,19,20,24,27,30,33,43,50,55,31210,0,15,16.51032370323682,3.914475999977185,54.7883939999565,224.21944889458507
1789562816,10,,Aggregated,33.100000,0.000000,15,17,19,20,24,27,30,33,43,50,55,31240,0,15,16.510356897631947,3.914475999977185,54.7883939999565,224.2148847631242
1789562817,10,,Aggregated,32.400000,0.000000,15,17,19,20,24,27,30,33,43,50,55,31273,0,15,16.510347216481353,3.914475999977185,54.7883939999565,224.20915805966808
1789562818,10,,Aggregated,31.900000,0.000000,15,17,19,20,24,27,30,33,43,50,55,31307,0,15,16.511899936308858,3.914475999977185,54.7883939999565,224.20420353275625
1789562819,10,,Aggregated,32.000000,0.000000,15,17,19,20,24,27,30,33,43,50,55,31342,0,15,16.508904012571705,3.914475999977185,54.7883939999565,224.20553889349753
1789562820,10,,Aggregated,32.100000,0.000000,15,17,19,20,24,27,30,33,43,50,55,31371,0,15,16.508697377897487,3.914475999977185,54.7883939999565,224.20184246597177
1789562821,10,,Aggregated,32.300000,0.000000,15,17,19,20,24,27,30,33,43,50,55,31405,0,15,16.508279782296537,3.914475999977185,54.7883939999565,224.20254736506925
1789562822,10,,Aggregated,32.300000,0.000000,15,17,19,20,24,27,30,33,43,50,55,31434,0,15,16.50847412426106,3.914475999977185,54.7883939999565,224.21012279697143
1789562823,10,,Aggregated,31.600000,0.000000,15,17,19,20,24,27,30,33,43,50,55,31468,0,15,16.508993915851715,3.914475999977185,54.7883939999565,224.213518494979
1789562824,10,,Aggregated,31.600000,0.000000,15,17,19,20,24,27,30,33,43,50,55,31496,0,15,16.50794743977079,3.914475999977185,54.7883939999565,224.2235521971044
1789562825,10,,Aggregated,31.300000,0.000000,15,17,19,20,24,27,30,33,43,50,55,31530,0,15,16.506398679321947,3.914475999977185,54.7883939999565,224.2183000317158
1789562826,10,,Aggregated,31.000000,0.000000,15,17,19,20,24,27,30,33,43,50,55,31560,0,15,16.507107429626803,3.914475999977185,54.7883939999565,224.22519011406845
1789562827,10,,Aggregated,31.300000,0.000000,15,17,19,20,24,27,30,34,43,50,55,31595,0,15,16.509247107549363,3.914475999977185,54.7883939999565,224.22342142744105
1789562828,10,,Aggregated,31.900000,0.000000,15,17,19,20,24,27,30,33,43,50,55,31624,0,15,16.509512125316913,3.914475999977185,54.7883939999565,224.2138249430812
1789562829,10,,Aggregated,32.200000,0.000000,15,17,19,20,24,27,30,33,43,50,55,31660,0,15,16.5079495898617,3.914475999977185,54.7883939999565,224.21576121288692
1789562830,10,,Aggregated,31.700000,0.000000,15,17,19,20,24,27,30,34,43,50,55,31695,0,15,16.507965707336222,3.914475999977185,54.7883939999565,224.21558605458273
1789562831,10,,Aggregated,31.500000,0.000000,15,17,19,20,24,27,30,33,43,50,55,31725,0,15,16.5081257042087,3.914475999977185,54.7883939999565,224.22241134751772
1789562832,10,,Aggregated,31.700000,0.000000,15,17,19,20,24,27,30,34,43,50,55,31754,0,15,16.50925312965361,3.914475999977185,54.7883939999565,224.21858663475467
1789562833,10,,Aggregated,32.300000,0.000000,15,17,19,20,24,27,30,34,43,50,55,31786,0,15,16.510579398698205,3.914475999977185,54.7883939999565,224.2108790033348
1789562834,10,,Aggregated,32.000000,0.000000,15,17,19,20,24,27,30,33,43,50,55,31817,0,15,16.509648655090704,3.914475999977185,54.7883939999565,224.21095640695225
1789562835,10,,Aggregated,32.000000,0.000000,15,17,19,20,24,27,30,33,43,50,55,31853,0,15,16.507346545914693,3.914475999977185,54.7883939999565,224.20465890183027
1789562836,10,,Aggregated,32.100000,0.000000,15,17,19,20,24,27,30,33,43,50,55,31884,0,15,16.507714119559044,3.914475999977185,54.7883939999565,224.20511855476101
1789562837,10,,Aggregated,32.400000,0.000000,15,17,19,20,24,27,30,33,43,50,55,31916,0,15,16.50729739914213,3.914475999977185,54.7883939999565,224.21161799724277
1789562838,10,,Aggregated,32.500000,0.000000,15,17,19,20,24,27,30,33,43,50,55,31951,0,15,16.50665515367348,3.914475999977185,54.7883939999565,224.22021219993115
1789562839,10,,Aggregated,32.000000,0.000000,15,17,19,20,24,27,30,33,43,50,55,31983,0,15,16.50522362570806,3.914475999977185,54.7883939999565,224.22393146359002
1789562840,10,,Aggregated,32.600000,0.000000,15,17,19,20,24,27,30,34,43,50,55,32015,0,15,16.50623365550586,3.914475999977185,54.7883939999565,224.2176167421521
1789562841,10,,Aggregated,32.300000,0.000000,15,17,19,20,24,27,30,34,43,50,55,32046,0,15,16.50590061031081,3.914475999977185,54.7883939999565,224.22523871934095
1789562842,10,,Aggregated,32.500000,0.000000,15,17,19,20,24,27,30,34,43,50,55,32075,0,15,16.50600659024222,3.914475999977185,54.7883939999565,224.23407638347624
1789562843,10,,Aggregated,32.100000,0.000000,15,17,19,20,24,27,30,33,43,50,55,32104,0,15,16.5065679353669,3.914475999977185,54.7883939999565,224.23741589833043
1789562844,10,,Aggregated,32.200000,0.000000,15,17,19,20,24,27,30,33,43,50,55,32135,0,15,16.510162861086606,3.914475999977185,54.7883939999565,224.23759141123386
1789562845,10,,Aggregated,32.000000,0.000000,15,17,19,20,24,27,30,33,43,50,55,32166,0,15,16.509775801312504,3.914475999977185,54.7883939999565,224.24068892619536
1789562846,10,,Aggregated,31.800000,0.000000,15,17,19,20,24,27,30,33,43,50,55,32200,0,15,16.511647951894968,3.914475999977185,54.7883939999565,224.2357142857143
1789562847,10,,Aggregated,31.600000,0.000000,15,17,19,20,24,27,30,33,43,50,55,32233,0,15,16.512900521360653,3.914475999977185,54.7883939999565,224.2316880215928
1789562848,10,,Aggregated,31.200000,0.000000,15,17,19,20,24,27,30,33,43,50,55,32263,0,15,16.5137504710975,3.914475999977185,54.7883939999565,224.2298298360351
1789562849,10,,Aggregated,31.700000,0.000000,15,17,19,20,24,27,30,33,43,50,55,32294,0,15,16.511354748312968,3.914475999977185,54.7883939999565,224.23561652319316
1789562850,10,,Aggregated,31.600000,0.000000,15,17,19,20,24,27,30,33,43,50,55,32330,0,15,16.51108683049857,3.914475999977185,54.7883939999565,224.2362511599134
1789562851,10,,Aggregated,31.600000,0.000000,15,17,19,20,24,27,30,33,43,50,55,32364,0,15,16.512065892597317,3.914475999977185,54.7883939999565,224.2397107897664
1789562852,10,,Aggregated,31.200000,0.000000,15,17,19,20,24,27,30,33,43,50,55,32395,0,15,16.511065229912635,3.914475999977185,54.7883939999565,224.24420435252352
1789562853,10,,Aggregated,31.400000,0.000000,15,17,19,20,24,27,30,33,43,50,55,32425,0,15,16.51175796416406,3.914475999977185,54.7883939999565,224.24937548188126
1789562854,10,,Aggregated,31.600000,0.000000,15,17,19,20,24,27,30,33,43,50,55,32456,0,15,16.513251424667857,3.914475999977185,54.7883939999565,224.24679566181908
1789562855,10,,Aggregated,31.900000,0.000000,15,17,19,20,24,27,30,33,43,50,55,32489,0,15,16.511868591339198,3.914475999977185,54.7883939999565,224.24679122164426
1789562856,10,,Aggregated,31.800000,0.000000,15,17,19,20,24,27,30,33,43,50,55,32520,0,15,16.512855562362205,3.914475999977185,54.7883939999565,224.24421894218943
1789562857,10,,Aggregated,31.900000,0.000000,15,17,19,20,24,27,30,33,43,50,55,32548,0,15,16.513628915510008,3.914475999977185,54.7883939999565,224.2385707263119
1789562858,10,,Aggregated,32.000000,0.000000,15,17,19,20,24,27,30,33,43,50,55,32577,0,15,16.513145619394674,3.914475999977185,54.7883939999565,224.24606317340454
1789562859,10,,Aggregated,31.600000,0.000000,15,17,19,20,24,27,30,33,43,50,55,32611,0,15,16.513514144338394,3.914475999977185,54.7883939999565,224.24255619269573
1789562860,10,,Aggregated,31.400000,0.000000,15,17,19,20,24,27,30,33,43,50,55,32645,0,15,16.510624108807463,3.914475999977185,54.7883939999565,224.25026803492113
1789562861,10,,Aggregated,31.400000,0.000000,15,17,19,20,24,27,30,33,43,50,55,32674,0,15,16.511157370968345,3.914475999977185,54.7883939999565,224.25901328273244
1789562862,10,,Aggregated,31.100000,0.000000,15,17,19,20,24,27,30,33,43,50,55,32703,0,15,16.51029129728222,3.914475999977185,54.7883939999565,224.26502155765527
1789562863,10,,Aggregated,31.400000,0.000000,15,17,19,20,24,27,30,33,43,50,55,32730,0,15,16.510324493156755,3.914475999977185,54.7883939999565,224.25866177818514
1789562864,10,,Aggregated,30.900000,0.000000,15,17,19,20,24,27,30,33,43,50,55,32761,0,15,16.508920514667455,3.914475999977185,54.7883939999565,224.25618876102683
1789562865,10,,Aggregated,30.700000,0.000000,15,17,19,20,24,27,30,33,43,50,55,32793,0,15,16.507424577014003,3.914475999977185,54.7883939999565,224.25837831244473
1789562866,10,,Aggregated,31.000000,0.000000,15,17,19,20,24,27,30,33,43,50,55,32827,0,15,16.50617527782072,3.914475999977185,54.7883939999565,224.25905504615105
1789562867,10,,Aggregated,30.600000,0.000000,15,17,19,20,24,27,30,33,43,50,55,32855,0,15,16.507467653873693,3.914475999977185,54.7883939999565,224.26586516511946
1789562868,10,,Aggregated,30.500000,0.000000,15,17,19,20,24,27,30,33,43,50,55,32886,0,15,16.507639008484468,3.914475999977185,54.7883939999565,224.27312534209085
1789562869,10,,Aggregated,30.800000,0.000000,15,17,19,20,24,27,30,33,43,50,55,32919,0,15,16.50822197973874,3.914475999977185,54.7883939999565,224.27455268993592
1789562870,10,,Aggregated,30.600000,0.000000,15,17,19,20,24,27,30,33,43,50,55,32955,0,15,16.50726231163771,3.914475999977185,54.7883939999565,224.2817174935518
1789562871,10,,Aggregated,30.600000,0.000000,15,17,19,20,24,27,30,33,43,50,55,32986,0,15,16.50723803304498,3.914475999977185,54.7883939999565,224.28751591584307
1789562872,10,,Aggregated,31.100000,0.000000,15,17,19,20,24,27,30,33,43,50,55,33017,0,15,16.508949206348923,3.914475999977185,54.7883939999565,224.28645849108034
1789562873,10,,Aggregated,30.900000,0.000000,15,17,19,20,24,27,30,33,43,50,55,33046,0,15,16.509738564274716,3.914475999977185,54.7883939999565,224.28127458693942
1789562874,10,,Aggregated,30.900000,0.000000,15,17,19,20,24,27,30,33,43,50,55,33081,0,15,16.508845879780626,3.914475999977185,54.7883939999565,224.278347087452
1789562875,10,,Aggregated,31.200000,0.000000,15,17,19,20,24,27,30,33,43,50,55,33110,0,15,16.50852726291221,3.914475999977185,54.7883939999565,224.28018725460586
1789562876,10,,Aggregated,31.400000,0.000000,15,17,19,20,24,27,30,33,43,50,55,33142,0,15,16.507682690091805,3.914475999977185,54.7883939999565,224.28383923722166
1789562877,10,,Aggregated,31.800000,0.000000,15,17,19,20,24,27,30,33,43,50,55,33176,0,15,16.50782110968842,3.914475999977185,54.7883939999565,224.2815288160116
1789562878,10,,Aggregated,31.400000,0.000000,15,17,19,20,24,27,30,33,43,50,55,33202,0,15,16.5079450440643,3.914475999977185,54.7883939999565,224.28148906692368
1789562879,10,,Aggregated,31.700000,0.000000,15,17,19,20,24,27,30,33,43,50,55,33238,0,15,16.50850245559367,3.914475999977185,54.7883939999565,224.28304952163188
1789562880,10,,Aggregated,31.700000,0.000000,15,17,19,20,24,27,30,33,43,50,55,33268,0,15,16.507626009078486,3.914475999977185,54.7883939999565,224.28123121317782
1789562881,10,,Aggregated,31.900000,0.000000,15,17,19,20,24,27,30,33,43,50,55,33299,0,15,16.507714243671668,3.914475999977185,54.7883939999565,224.27739571758912
1789562882,10,,Aggregated,31.600000,0.000000,15,17,19,20,24,27,30,33,43,50,55,33334,0,15,16.507965472551245,3.914475999977185,54.7883939999565,224.2772244555109
1789562883,10,,Aggregated,31.800000,0.000000,15,17,19,20,24,27,30,33,43,50,55,33363,0,15,16.507738054192448,3.914475999977185,54.7883939999565,224.28058028354764
1789562884,10,,Aggregated,31.700000,0.000000,15,17,19,20,24,27,30,33,43,50,55,33397,0,15,16.50750995867962,3.914475999977185,54.7883939999565,224.28134263556606
1789562885,10,,Aggregated,31.800000,0.000000,15,17,19,20,24,27,30,33,43,50,55,33427,0,15,16.507864792862755,3.914475999977185,54.7883939999565,224.27411972357675
1789562886,10,,Aggregated,31.500000,0.000000,15,17,19,20,24,27,30,33,43,50,55,33460,0,15,16.507062661387394,3.914475999977185,54.7883939999565,224.27262402869098
1789562887,10,,Aggregated,31.500000,0.000000,15,17,19,20,24,27,30,33,43,50,55,33495,0,15,16.506070348709443,3.914475999977185,54.7883939999565,224.27786236751754
1789562888,10,,Aggregated,31.900000,0.000000,15,17,19,20,24,27,30,33,43,50,55,33521,0,15,16.50600384797657,3.914475999977185,54.7883939999565,224.27379851436413
1789562889,10,,Aggregated,31.400000,0.000000,15,17,19,20,24,27,30,33,43,50,55,33553,0,15,16.507464887790114,3.914475999977185,54.7883939999565,224.27726283789826
1789562890,10,,Aggregated,31.900000,0.000000,15,17,19,20,24,27,30,33,43,50,55,33590,0,15,16.508548051027734,3.914475999977185,54.7883939999565,224.27960702590056
1789562891,10,,Aggregated,31.600000,0.000000,15,17,19,20,24,27,30,33,43,50,55,33623,0,15,16.508303616870066,3.914475999977185,54.7883939999565,224.28221752966718
1789562892,10,,Aggregated,31.700000,0.000000,15,17,19,20,24,27,30,33,43,50,55,33653,0,15,16.50770038620694,3.914475999977185,54.7883939999565,224.28045047989778
1789562893,10,,Aggregated,31.700000,0.000000,15,17,19,20,24,27,30,33,43,50,55,33686,0,15,16.506094782521608,3.914475999977185,54.7883939999565,224.2765837439886
1789562894,10,,Aggregated,32.300000,0.000000,15,17,19,20,24,27,30,33,43,50,55,33718,0,15,16.504346315143916,3.914475999977185,54.7883939999565,224.2773296162287
1789562895,10,,Aggregated,31.900000,0.000000,15,17,19,20,24,27,30,33,43,50,55,33753,0,15,16.503767150239145,3.914475999977185,54.7883939999565,224.28107131217965
1789562896,10,,Aggregated,32.200000,0.000000,15,17,19,20,24,27,30,33,43,50,55,33783,0,15,16.503674930054213,3.914475999977185,54.7883939999565,224.28490660983334
1789562897,10,,Aggregated,32.300000,0.000000,15,17,19,20,24,27,30,33,43,55,66,33814,0,15,16.50828843461351,3.914475999977185,65.79074599994783,224.2906192701248
1789562898,10,,Aggregated,32.500000,0.000000,15,17,19,20,24,27,30,33,43,55,66,33850,0,15,16.507831088951882,3.914475999977185,65.79074599994783,224.28573116691285
1789562899,10,,Aggregated,32.500000,0.000000,15,17,19,20,24,27,30,33,43,55,66,33883,0,15,16.50817479641774,3.914475999977185,65.79074599994783,224.28979134079037
1789562900,10,,Aggregated,32.000000,0.000000,15,17,19,20,24,27,30,33,43,55,66,33914,0,15,16.507158571328116,3.914475999977185,65.79074599994783,224.28734445951525
1789562901,10,,Aggregated,32.500000,0.000000,15,17,19,20,24,27,30,33,43,55,66,33944,0,15,16.506996881334622,3.914475999977185,65.79074599994783,224.28585316992695
1789562902,10,,Aggregated,32.500000,0.000000,15,17,19,20,24,27,30,33,43,55,66,33972,0,15,16.506664529495577,3.914475999977185,65.79074599994783,224.28305663487578
1789562903,10,,Aggregated,32.100000,0.000000,15,17,19,20,24,27,30,33,43,55,66,34004,0,15,16.50478410172405,3.914475999977185,65.79074599994783,224.2877308551935
1789562904,10,,Aggregated,31.800000,0.000000,15,17,19,20,24,27,30,33,43,55,66,34038,0,15,16.50408967392399,3.914475999977185,65.79074599994783,224.28709089840766
1789562905,10,,Aggregated,32.000000,0.000000,15,17,19,20,24,27,30,33,43,55,66,34070,0,15,16.50298650158568,3.914475999977185,65.79074599994783,224.29054886997358
1789562906,10,,Aggregated,31.600000,0.000000,15,17,19,20,24,27,30,33,43,55,66,34100,0,15,16.503002236716256,3.914475999977185,65.79074599994783,224.28876832844574
1789562907,10,,Aggregated,31.900000,0.000000,15,17,19,20,24,27,30,33,43,55,66,34130,0,15,16.503583926839273,3.914475999977185,65.79074599994783,224.28578962789334
1789562908,10,,Aggregated,31.300000,0.000000,15,17,19,20,24,27,30,33,43,55,66,34161,0,15,16.502508500015363,3.914475999977185,65.79074599994783,224.2900090746758
1789562909,10,,Aggregated,31.400000,0.000000,15,17,19,20,24,27,30,33,43,55,66,34191,0,15,16.501481137142083,3.914475999977185,65.79074599994783,224.29232839051213
1789562910,10,,Aggregated,31.700000,0.000000,15,17,19,20,24,27,30,33,43,55,66,34225,0,15,16.502979595442653,3.914475999977185,65.79074599994783,224.2927684441198
1789562911,10,,Aggregated,31.300000,0.000000,15,17,19,20,24,27,30,33,43,55,66,34255,0,15,16.50257983535322,3.914475999977185,65.79074599994783,224.29776674937966
1789562912,10,,Aggregated,31.000000,0.000000,15,17,19,20,24,27,30,33,43,55,66,34290,0,15,16.502893965267543,3.914475999977185,65.79074599994783,224.2936132983377
1789562913,10,,Aggregated,31.200000,0.000000,15,17,19,20,24,27,30,33,43,55,66,34322,0,15,16.500761775567423,3.914475999977185,65.79074599994783,224.30129363090728
1789562914,10,,Aggregated,31.100000,0.000000,15,17,19,20,24,27,30,33,43,55,66,34354,0,15,16.50239660799397,3.914475999977185,65.79074599994783,224.2914071141643
1789562915,10,,Aggregated,31.500000,0.000000,15,17,19,20,24,27,30,33,43,55,66,34380,0,15,16.502059482374204,3.914475999977185,65.79074599994783,224.29153577661432
1789562916,10,,Aggregated,31.800000,0.000000,15,17,19,20,24,27,30,33,43,55,66,34411,0,15,16.50220541335692,3.914475999977185,65.79074599994783,224.29034320420794
1789562917,10,,Aggregated,31.200000,0.000000,15,17,19,20,24,27,30,33,43,55,66,34448,0,15,16.503019542964005,3.914475999977185,65.79074599994783,224.29133766836972
1789562918,10,,Aggregated,31.400000,0.000000,15,17,19,20,24,27,30,33,43,55,66,34478,0,15,16.50300501406762,3.914475999977185,65.79074599994783,224.29761007018968
1789562919,10,,Aggregated,31.200000,0.000000,15,17,19,20,24,27,30,33,43,55,66,34508,0,15,16.50198285412147,3.914475999977185,65.79074599994783,224.2932653297786
1789562920,10,,Aggregated,31.500000,0.000000,15,17,19,20,24,27,30,33,43,55,66,34540,0,15,16.501905763029058,3.914475999977185,65.79074599994783,224.29267515923567
1789562921,10,,Aggregated,31.500000,0.000000,15,17,19,20,24,27,30,33,43,55,66,34572,0,15,16.499750852077504,3.914475999977185,65.79074599994783,224.29063982413513
1789562922,10,,Aggregated,31.400000,0.000000,15,17,19,20,24,27,30,33,43,55,66,34604,0,15,16.500391335857795,3.914475999977185,65.79074599994783,224.29265402843603
1789562923,10,,Aggregated,31.500000,0.000000,15,17,19,20,24,27,30,33,43,55,66,34633,0,15,16.50031422931953,3.914475999977185,65.79074599994783,224.29313082897815
1789562924,10,,Aggregated,31.500000,0.000000,15,17,19,20,24,27,30,33,43,55,66,34661,0,15,16.50177135172162,3.914475999977185,65.79074599994783,224.29150918900206
1789562925,10,,Aggregated,31.400000,0.000000,15,17,19,20,24,27,30,33,43,55,66,34698,0,15,16.50000556876543,3.914475999977185,65.79074599994783,224.28840278978615
1789562926,10,,Aggregated,31.000000,0.000000,15,17,19,20,24,27,30,33,43,55,66,34729,0,15,16.50209734602272,3.914475999977185,65.79074599994783,224.29361628610096
1789562927,10,,Aggregated,31.000000,0.000000,15,17,19,20,24,27,30,33,43,55,66,34758,0,15,16.501592863370274,3.914475999977185,65.79074599994783,224.29270959203637
1789562928,10,,Aggregated,31.400000,0.000000,15,17,19,20,24,27,30,33,43,55,66,34790,0,15,16.501762216815873,3.914475999977185,65.79074599994783,224.2883874676631
1789562929,10,,Aggregated,31.500000,0.000000,15,17,19,20,24,27,30,33,43,55,66,34822,0,15,16.502349259491837,3.914475999977185,65.79074599994783,224.29039113204297
1789562930,10,,Aggregated,31.000000,0.000000,15,17,19,20,24,27,30,33,43,55,66,34857,0,15,16.50103539690808,3.914475999977185,65.79074599994783,224.28361591645867
1789562931,10,,Aggregated,31.200000,0.000000,15,17,19,20,24,27,30,33,43,55,66,34883,0,15,16.50006370963006,3.914475999977185,65.79074599994783,224.28102514118626
1789562932,10,,Aggregated,31.400000,0.000000,15,17,19,20,24,27,30,33,43,55,66,34915,0,15,16.50062107856294,3.914475999977185,65.79074599994783,224.2817986538737
1789562933,10,,Aggregated,31.400000,0.000000,15,17,19,20,24,27,30,33,43,55,66,34947,0,15,16.50030436712808,3.914475999977185,65.79074599994783,224.2838870289295
1789562934,10,,Aggregated,31.300000,0.000000,15,17,19,20,24,27,30,33,43,55,66,34979,0,15,16.500692785443377,3.914475999977185,65.79074599994783,224.28459933102718
1789562935,10,,Aggregated,30.900000,0.000000,15,17,19,20,24,27,30,33,43,55,66,35010,0,15,16.499919497315723,3.914475999977185,65.79074599994783,224.28243359040275
1789562936,10,,Aggregated,31.300000,0.000000,15,17,19,20,24,27,30,33,43,55,66,35038,0,15,16.499784059593136,3.914475999977185,65.79074599994783,224.2836063702266
1789562937,10,,Aggregated,31.600000,0.000000,15,17,19,20,24,27,30,33,43,55,66,35069,0,15,16.49872698337634,3.914475999977185,65.79074599994783,224.2876899826057
1789562938,10,,Aggregated,31.100000,0.000000,15,17,19,20,24,27,30,33,43,55,66,35100,0,15,16.499988607522067,3.914475999977185,65.79074599994783,224.2865811965812
1789562939,10,,Aggregated,30.900000,0.000000,15,17,19,20,24,27,30,33,43,55,66,35134,0,15,16.500099424489825,3.914475999977185,65.79074599994783,224.28570615358342
1789562940,10,,Aggregated,31.200000,0.000000,15,17,19,20,24,27,30,33,43,55,66,35167,0,15,16.49926991165085,3.914475999977185,65.79074599994783,224.28714419768534
1789562941,10,,Aggregated,31.200000,0.000000,15,17,19,20,24,27,30,33,43,55,66,35199,0,15,16.497548983068413,3.914475999977185,65.79074599994783,224.28782067672378
1789562942,10,,Aggregated,31.400000,0.000000,15,17,19,20,24,27,30,33,43,55,66,35227,0,15,16.495960678883367,3.914475999977185,65.79074599994783,224.2902319243762
1789562943,10,,Aggregated,31.400000,0.000000,15,17,19,20,24,27,30,33,43,55,66,35261,0,15,16.498432818043266,3.914475999977185,65.79074599994783,224.29213578741386
1789562944,10,,Aggregated,31.400000,0.000000,15,17,19,20,24,27,30,33,43,55,66,35291,0,15,16.49701614182153,3.914475999977185,65.79074599994783,224.29299254767506
1789562945,10,,Aggregated,31.300000,0.000000,15,17,19,20,24,27,30,33,43,55,66,35322,0,15,16.495805363117107,3.914475999977185,65.79074599994783,224.29964328180736
1789562946,10,,Aggregated,31.400000,0.000000,15,17,19,20,24,27,30,33,43,55,66,35355,0,15,16.495071699109634,3.914475999977185,65.79074599994783,224.2983453542639
1789562947,10,,Aggregated,31.200000,0.000000,15,17,19,20,24,27,30,33,43,55,66,35387,0,15,16.49631620725184,3.914475999977185,65.79074599994783,224.2939214965948
1789562948,10,,Aggregated,31.300000,0.000000,15,17,19,20,24,27,30,33,43,55,66,35416,0,15,16.49615645406093,3.914475999977185,65.79074599994783,224.29675852721934
1789562949,10,,Aggregated,31.900000,0.000000,15,17,19,20,24,27,30,33,43,55,66,35446,0,15,16.497513744062005,3.914475999977185,65.79074599994783,224.29504034305705
1789562950,10,,Aggregated,31.700000,0.000000,15,17,19,20,24,27,30,33,43,55,66,35473,0,15,16.49847505711449,3.914475999977185,65.79074599994783,224.29182758717897
1789562951,10,,Aggregated,31.300000,0.000000,15,17,19,20,24,27,30,33,43,55,66,35503,0,15,16.49842268729465,3.914475999977185,65.79074599994783,224.2879193307608
1789562952,10,,Aggregated,30.800000,0.000000,15,17,19,20,24,27,30,33,43,55,66,35537,0,15,16.49901085485611,3.914475999977185,65.79074599994783,224.28468919717477
1789562953,10,,Aggregated,30.400000,0.000000,15,17,19,20,24,27,30,33,43,55,66,35566,0,15,16.498407426840846,3.914475999977185,65.79074599994783,224.29013664735984
1789562954,10,,Aggregated,30.500000,0.000000,15,17,19,20,24,27,30,33,43,55,66,35594,0,15,16.497262600354606,3.914475999977185,65.79074599994783,224.28591897510816
1789562955,10,,Aggregated,30.800000,0.000000,15,17,19,20,24,27,30,33,43,55,66,35628,0,15,16.496906772623245,3.914475999977185,65.79074599994783,224.28258672953856
1789562956,10,,Aggregated,30.400000,0.000000,15,17,19,20,24,27,30,33,43,55,66,35660,0,15,16.494897846831787,3.914475999977185,65.79074599994783,224.27941671340437
1789562957,10,,Aggregated,30.200000,0.000000,15,17,19,20,24,27,30,33,43,55,66,35694,0,15,16.49314570207938,3.914475999977185,65.79074599994783,224.28368913542892
1789562958,10,,Aggregated,30.500000,0.000000,15,17,19,20,24,27,30,33,43,55,66,35723,0,15,16.493825702097276,3.914475999977185,65.79074599994783,224.281527307337
1789562959,10,,Aggregated,30.300000,0.000000,15,17,19,20,24,27,30,33,43,55,66,35759,0,15,16.492935402584553,3.914475999977185,65.79074599994783,224.2843479963086
1789562960,10,,Aggregated,30.300000,0.000000,15,17,19,20,24,26,30,33,43,55,66,35789,0,15,16.49246904319823,3.914475999977185,65.79074599994783,224.2814831372768
1789562961,10,,Aggregated,30.600000,0.000000,15,17,19,20,24,27,30,33,43,55,66,35821,0,15,16.49330003598508,3.914475999977185,65.79074599994783,224.27712794171018
1789562962,10,,Aggregated,31.300000,0.000000,15,17,19,20,24,27,30,33,43,55,66,35851,0,15,16.492521005690815,3.914475999977185,65.79074599994783,224.27803966416556
1789562963,10,,Aggregated,31.700000,0.000000,15,17,19,20,24,27,30,33,43,55,66,35884,0,15,16.49108935049105,3.914475999977185,65.79074599994783,224.28450005573515
1789562964,10,,Aggregated,31.500000,0.000000,15,17,19,20,24,26,30,33,43,55,66,35917,0,15,16.48883865924271,3.914475999977185,65.79074599994783,224.29331514324693
1789562965,10,,Aggregated,31.500000,0.000000,15,17,19,20,24,26,30,33,43,55,66,35951,0,15,16.489332996328876,3.914475999977185,65.79074599994783,224.295179549943
1789562966,10,,Aggregated,31.800000,0.000000,15,17,19,20,24,26,30,33,43,55,66,35979,0,15,16.48824607951914,3.914475999977185,65.79074599994783,224.29381027821785
1789562967,10,,Aggregated,32.000000,0.000000,15,17,19,20,24,27,30,33,43,55,66,36015,0,15,16.49219713902594,3.914475999977185,65.79074599994783,224.29790365125643
1789562968,10,,Aggregated,32.100000,0.000000,15,17,19,20,24,27,30,33,43,55,66,36045,0,15,16.491612745762744,3.914475999977185,65.79074599994783,224.29371618809822
1789562969,10,,Aggregated,32.300000,0.000000,15,17,19,20,24,26,30,33,43,55,66,36078,0,15,16.491845047120623,3.914475999977185,65.79074599994783,224.2936969898553
1789562970,10,,Aggregated,32.400000,0.000000,15,17,19,20,24,26,30,33,43,55,66,36112,0,15,16.492689576761688,3.914475999977185,65.79074599994783,224.2930604785113
1789562971,10,,Aggregated,32.200000,0.000000,15,17,19,20,24,26,30,33,43,55,66,36146,0,15,16.49279318126537,3.914475999977185,65.79074599994783,224.28860731477894
1789562972,10,,Aggregated,32.000000,0.000000,15,17,19,20,24,26,30,33,43,55,66,36177,0,15,16.49243481460645,3.914475999977185,65.79074599994783,224.2940265914808
1789562973,10,,Aggregated,32.200000,0.000000,15,17,19,20,24,26,30,33,43,55,66,36208,0,15,16.49273961201992,3.914475999977185,65.79074599994783,224.28794741493593
1789562974,10,,Aggregated,32.600000,0.000000,15,17,19,20,24,26,30,33,43,55,66,36242,0,15,16.49342165272383,3.914475999977185,65.79074599994783,224.2860769273219
1789562975,10,,Aggregated,32.600000,0.000000,15,17,19,20,24,26,30,33,43,55,66,36274,0,15,16.49387581548812,3.914475999977185,65.79074599994783,224.27675470033634
1789562976,10,,Aggregated,32.600000,0.000000,15,17,19,20,24,26,30,33,43,55,66,36306,0,15,16.494515048477265,3.914475999977185,65.79074599994783,224.28122073486477
1789562977,10,,Aggregated,32.900000,0.000000,15,17,19,20,24,26,30,33,43,55,66,36342,0,15,16.494806678829324,3.914475999977185,65.79074599994783,224.2778603268945
1789562978,10,,Aggregated,32.500000,0.000000,15,17,19,20,24,26,30,33,43,55,66,36372,0,15,16.49410924499657,3.914475999977185,65.79074599994783,224.27754866380732
1789562979,10,,Aggregated,32.300000,0.000000,15,17,19,20,24,26,30,33,43,55,66,36403,0,15,16.494272704447834,3.914475999977185,65.79074599994783,224.2790154657583
1789562980,10,,Aggregated,32.500000,0.000000,15,17,19,20,24,26,30,33,43,55,66,36432,0,15,16.493577954985007,3.914475999977185,65.79074599994783,224.27066864295125
1789562981,10,,Aggregated,32.500000,0.000000,15,17,19,20,24,26,30,33,43,55,66,36465,0,15,16.49482617134275,3.914475999977185,65.79074599994783,224.27429041546688
1789562982,10,,Aggregated,32.400000,0.000000,15,17,19,20,24,26,30,33,43,55,66,36499,0,15,16.49443286328426,3.914475999977185,65.79074599994783,224.2771856763199
1789562983,10,,Aggregated,31.700000,0.000000,15,17,19,20,24,26,30,33,43,55,66,36534,0,15,16.494391033640238,3.914475999977185,65.79074599994783,224.28329775004104
1789562984,10,,Aggregated,31.800000,0.000000,15,17,19,20,24,26,30,33,43,55,66,36565,0,15,16.49462472859323,3.914475999977185,65.79074599994783,224.279803090387
1789562985,10,,Aggregated,32.100000,0.000000,15,17,19,20,24,26,30,33,43,55,66,36595,0,15,16.495189189397774,3.914475999977185,65.79074599994783,224.27815275310834
1789562986,10,,Aggregated,32.100000,0.000000,15,17,19,20,24,26,30,33,43,55,66,36628,0,15,16.494734055285864,3.914475999977185,65.79074599994783,224.2756088238506
1789562987,10,,Aggregated,32.000000,0.000000,15,17,19,20,24,26,30,33,43,55,66,36660,0,15,16.495412277659888,3.914475999977185,65.79074599994783,224.27386797599564
1789562988,10,,Aggregated,32.100000,0.000000,15,17,19,20,24,26,30,33,43,55,66,36691,0,15,16.49505010651143,3.914475999977185,65.79074599994783,224.2728189474258
1789562989,10,,Aggregated,32.200000,0.000000,15,17,19,20,24,26,30,33,43,55,66,36723,0,15,16.495717982817613,3.914475999977185,65.79074599994783,224.27222721455217
1789562990,10,,Aggregated,32.000000,0.000000,15,17,19,20,24,26,30,33,43,55,66,36753,0,15,16.494595731369184,3.914475999977185,65.79074599994783,224.27203221505727
1789562991,10,,Aggregated,32.400000,0.000000,15,17,19,20,24,26,30,33,43,55,66,36789,0,15,16.494073792519835,3.914475999977185,65.79074599994783,224.27736551686647
1789562992,10,,Aggregated,32.100000,0.000000,15,17,19,20,24,26,30,33,43,55,66,36814,0,15,16.493982121937616,3.914475999977185,65.79074599994783,224.27565600043462
1789562993,10,,Aggregated,32.400000,0.000000,15,17,19,20,24,26,30,33,43,55,66,36843,0,15,16.494527410824592,3.914475999977185,65.79074599994783,224.2748147544988
1789562994,10,,Aggregated,32.400000,0.000000,15,17,19,20,24,26,30,33,43,55,66,36878,0,15,16.49416846154917,3.914475999977185,65.79074599994783,224.2758826400564
1789562995,10,,Aggregated,31.500000,0.000000,15,17,19,20,24,26,30,33,43,55,66,36911,0,15,16.49292153623611,3.914475999977185,65.79074599994783,224.27953726531388
1789562996,10,,Aggregated,31.000000,0.000000,15,17,19,20,24,26,30,33,43,55,66,36941,0,15,16.49376725968467,3.914475999977185,65.79074599994783,224.27673858314608
1789562997,10,,Aggregated,31.000000,0.000000,15,17,19,20,24,26,30,33,43,55,66,36969,0,15,16.49296910863183,3.914475999977185,65.79074599994783,224.27155184073143
1789562998,10,,Aggregated,31.500000,0.000000,15,17,19,20,24,26,30,33,43,55,66,37002,0,15,16.49232859810306,3.914475999977185,65.79074599994783,224.27152586346685
1789562999,10,,Aggregated,30.800000,0.000000,15,17,19,20,24,26,30,33,43,55,66,37030,0,15,16.4915444086959,3.914475999977185,65.79074599994783,224.2726708074534
1789563000,10,,Aggregated,30.600000,0.000000,15,17,19,20,24,26,30,33,43,55,66,37066,0,15,16.493016873792953,3.914475999977185,65.79074599994783,224.2691954891275
1789563001,10,,Aggregated,30.700000,0.000000,15,17,19,20,24,26,30,33,43,55,66,37097,0,15,16.492928128285573,3.914475999977185,65.79074599994783,224.27681483677927
1789563002,10,,Aggregated,31.200000,0.000000,15,17,19,20,24,26,30,33,43,55,66,37129,0,15,16.493548977968977,3.914475999977185,65.79074599994783,224.27638772926824
1789563003,10,,Aggregated,30.800000,0.000000,15,17,19,20,24,26,30,33,43,55,66,37158,0,15,16.495484315167946,3.914475999977185,65.79074599994783,224.27065504063728
1789563004,10,,Aggregated,30.700000,0.000000,15,17,19,20,24,26,30,33,43,55,66,37189,0,15,16.495374698325072,3.914475999977185,65.79074599994783,224.27349485062788
1789563005,10,,Aggregated,31.500000,0.000000,15,17,19,20,24,26,30,33,43,55,66,37216,0,15,16.494385264805757,3.914475999977185,65.79074599994783,224.2740219260533
1789563006,10,,Aggregated,31.600000,0.000000,15,17,19,20,24,26,30,33,43,55,66,37249,0,15,16.495236690676546,3.914475999977185,65.79074599994783,224.27173883862653
1789563007,10,,Aggregated,31.300000,0.000000,15,17,19,20,24,26,30,33,43,55,66,37285,0,15,16.496248474239238,3.914475999977185,65.79074599994783,224.27338071610566
1789563008,10,,Aggregated,30.200000,0.000000,15,17,19,20,24,26,30,33,43,55,66,37319,0,15,16.49667971360459,3.914475999977185,65.79074599994783,224.27398912082316
1789563009,10,,Aggregated,31.300000,0.000000,15,17,19,20,24,26,30,33,43,55,66,37353,0,15,16.49623851310494,3.914475999977185,65.79074599994783,224.2720263432656
1789563010,10,,Aggregated,31.700000,0.000000,15,17,19,20,24,26,30,33,43,55,66,37387,0,15,16.495796059432667,3.914475999977185,65.79074599994783,224.27736913900554
1789563011,10,,Aggregated,31.600000,0.000000,15,17,19,20,24,26,30,33,43,55,66,37419,0,15,16.49576686466791,3.914475999977185,65.79074599994783,224.27809401640877
1789563012,10,,Aggregated,31.500000,0.000000,15,17,19,20,24,26,30,33,43,55,66,37450,0,15,16.495873074552982,3.914475999977185,65.79074599994783,224.27460614152204
1789563013,10,,Aggregated,32.200000,0.000000,15,17,19,20,24,26,30,33,43,55,66,37483,0,15,16.496635254488915,3.914475999977185,65.79074599994783,224.27839287143505
1789563014,10,,Aggregated,32.300000,0.000000,15,17,19,20,24,26,30,33,43,55,66,37516,0,15,16.496678831272224,3.914475999977185,65.79074599994783,224.26996481501226
1789563015,10,,Aggregated,32.100000,0.000000,15,17,19,20,24,26,30,33,43,55,66,37549,0,15,16.4959787635359,3.914475999977185,65.79074599994783,224.26613225385498
1789563016,10,,Aggregated,32.300000,0.000000,15,17,19,20,24,26,30,33,43,55,66,37586,0,15,16.49654555637762,3.914475999977185,65.79074599994783,224.26456659394455
1789563017,10,,Aggregated,32.700000,0.000000,15,17,19,20,24,26,30,33,43,55,66,37615,0,15,16.495608951774813,3.914475999977185,65.79074599994783,224.26986574504852
1789563018,10,,Aggregated,33.500000,0.000000,15,17,19,20,24,26,30,33,43,55,66,37647,0,15,16.496181530958893,3.914475999977185,65.79074599994783,224.26945042101627
1789563019,10,,Aggregated,33.400000,0.000000,15,17,19,20,24,26,30,33,43,55,66,37677,0,15,16.497199440560795,3.914475999977185,65.79074599994783,224.26671444117102
1789563020,10,,Aggregated,32.900000,0.000000,15,17,19,20,24,26,30,33,43,55,66,37710,0,15,16.497238169610426,3.914475999977185,65.79074599994783,224.2667462211615
1789563021,10,,Aggregated,32.600000,0.000000,15,17,19,20,24,26,30,33,43,55,66,37743,0,15,16.49739949651614,3.914475999977185,65.79074599994783,224.26566515645285
1789563022,10,,Aggregated,32.400000,0.000000,15,17,19,20,24,26,30,33,43,55,66,37776,0,15,16.497650337145487,3.914475999977185,65.79074599994783,224.26932443879713
1789563023,10,,Aggregated,32.400000,0.000000,15,17,19,20,24,26,30,33,43,55,66,37807,0,15,16.496897534477974,3.914475999977185,65.79074599994783,224.2695797074616
1789563024,10,,Aggregated,32.200000,0.000000,15,17,19,20,24,26,30,33,43,55,66,37837,0,15,16.499401766842215,3.914475999977185,65.79074599994783,224.26904881465234
1789563025,10,,Aggregated,32.200000,0.000000,15,17,19,20,24,26,30,33,43,55,66,37868,0,15,16.498742638481243,3.914475999977185,65.79074599994783,224.26795711418612
1789563026,10,,Aggregated,32.400000,0.000000,15,17,19,20,24,26,30,33,43,55,66,37899,0,15,16.498682783846736,3.914475999977185,65.79074599994783,224.26932109026623
1789563027,10,,Aggregated,31.900000,0.000000,15,17,19,20,24,26,30,33,43,55,66,37932,0,15,16.4976440301858,3.914475999977185,65.79074599994783,224.27554571338183
1789563028,10,,Aggregated,31.700000,0.000000,15,17,19,20,24,26,30,33,43,55,66,37963,0,15,16.497123838895963,3.914475999977185,65.79074599994783,224.27107973553197
1789563029,10,,Aggregated,31.200000,0.000000,15,17,19,20,24,26,30,33,43,55,66,37991,0,15,16.497261725882648,3.914475999977185,65.79074599994783,224.27093258929747
1789563030,10,,Aggregated,31.500000,0.000000,15,17,19,20,24,26,30,33,43,55,66,38025,0,15,16.493989714530095,3.914475999977185,65.79074599994783,224.27029585798817
1789563031,10,,Aggregated,31.600000,0.000000,15,17,19,20,24,26,30,33,43,55,66,38057,0,15,16.492132840055902,3.914475999977185,65.79074599994783,224.26870220984313
1789563032,10,,Aggregated,31.400000,0.000000,15,17,19,20,24,26,30,33,43,55,66,38092,0,15,16.491521931219317,3.914475999977185,65.79074599994783,224.271316811929
1789563033,10,,Aggregated,31.200000,0.000000,15,17,19,20,24,26,30,33,43,55,66,38120,0,15,16.491396515005427,3.914475999977185,65.79074599994783,224.2710650577125
1789563034,10,,Aggregated,31.400000,0.000000,15,17,19,20,24,26,30,33,43,55,66,38151,0,15,16.490519770097947,3.914475999977185,65.79074599994783,224.27493381562738
1789563035,10,,Aggregated,31.700000,0.000000,15,17,19,20,24,26,30,33,43,55,66,38185,0,15,16.491691295142232,3.914475999977185,65.79074599994783,224.27199161974596
1789563036,10,,Aggregated,31.300000,0.000000,15,17,19,20,24,26,30,33,43,55,66,38216,0,15,16.492007393395603,3.914475999977185,65.79074599994783,224.27310550554742
1789563037,10,,Aggregated,31.500000,0.000000,15,17,19,20,24,26,30,33,43,55,66,38245,0,15,16.493423334553704,3.914475999977185,65.79074599994783,224.2697869002484
1789563038,10,,Aggregated,31.800000,0.000000,15,17,19,20,24,26,30,33,43,55,66,38279,0,15,16.49261128955842,3.914475999977185,65.79074599994783,224.2679537082996
1789563039,10,,Aggregated,31.600000,0.000000,15,17,19,20,24,26,30,33,43,55,66,38315,0,15,16.492894990473882,3.914475999977185,65.79074599994783,224.26347383531254
1789563040,10,,Aggregated,31.300000,0.000000,15,17,19,20,24,26,30,33,43,55,66,38344,0,15,16.49339430977485,3.914475999977185,65.79074599994783,224.26846442728979
1789563041,10,,Aggregated,31.800000,0.000000,15,17,19,20,24,26,30,33,43,55,66,38373,0,15,16.49340010450075,3.914475999977185,65.79074599994783,224.26534281916972
1789563042,10,,Aggregated,32.300000,0.000000,15,17,19,20,24,26,30,33,43,55,66,38403,0,15,16.49339929591456,3.914475999977185,65.79074599994783,224.2675311824597
1789563043,10,,Aggregated,32.000000,0.000000,15,17,19,20,24,26,30,33,43,55,66,38434,0,15,16.49285596607189,3.914475999977185,65.79074599994783,224.27009939116408
1789563044,10,,Aggregated,31.600000,0.000000,15,17,19,20,24,26,30,33,43,55,66,38467,0,15,16.49179071976001,3.914475999977185,65.79074599994783,224.2759768112928
1789563045,10,,Aggregated,31.000000,0.000000,15,17,19,20,24,26,30,33,43,55,66,38497,0,15,16.490877040496866,3.914475999977185,65.79074599994783,224.27913863417928
1789563046,10,,Aggregated,31.400000,0.000000,15,17,19,20,24,26,30,33,43,55,66,38531,0,15,16.48979422433905,3.914475999977185,65.79074599994783,224.28078689886067
1789563048,10,,Aggregated,31.500000,0.000000,15,17,19,20,24,26,30,33,43,55,66,38559,0,15,16.490338054851225,3.914475999977185,65.79074599994783,224.28302082522887
1789563049,10,,Aggregated,31.100000,0.000000,15,17,19,20,24,26,30,33,43,55,66,38592,0,15,16.489853139200058,3.914475999977185,65.79074599994783,224.28417806799337
1789563050,10,,Aggregated,31.500000,0.000000,15,17,19,20,24,26,30,33,43,55,66,38621,0,15,16.490132517076418,3.914475999977185,65.79074599994783,224.28699412236867
1789563051,10,,Aggregated,31.400000,0.000000,15,17,19,20,24,26,30,33,43,55,66,38652,0,15,16.48942004175744,3.914475999977185,65.79074599994783,224.2835558315223
1789563052,10,,Aggregated,30.600000,0.000000,15,17,19,20,24,26,30,33,43,55,66,38690,0,15,16.489368163272378,3.914475999977185,65.79074599994783,224.27782372706125
1789563053,10,,Aggregated,30.700000,0.000000,15,17,19,20,24,26,30,33,43,55,66,38721,0,15,16.488714089228257,3.914475999977185,65.79074599994783,224.27804033986726
1789563054,10,,Aggregated,30.700000,0.000000,15,17,19,20,24,26,30,33,43,55,66,38750,0,15,16.4882904584002,3.914475999977185,65.79074599994783,224.27365161290322
1789563055,10,,Aggregated,31.700000,0.000000,15,17,19,20,24,26,30,33,43,55,66,38781,0,15,16.487651723266737,3.914475999977185,65.79074599994783,224.27505737345606
1789563056,10,,Aggregated,31.700000,0.000000,15,17,19,20,24,26,30,33,43,55,66,38814,0,15,16.48720815466088,3.914475999977185,65.79074599994783,224.27861081053229
1789563057,10,,Aggregated,31.500000,0.000000,15,17,19,20,24,26,30,33,43,55,66,38841,0,15,16.487435299091356,3.914475999977185,65.79074599994783,224.28263947890116
1789563058,10,,Aggregated,31.700000,0.000000,15,17,19,20,24,26,30,33,43,55,66,38873,0,15,16.49080445556062,3.914475999977185,65.79074599994783,224.2785738173025
1789563059,10,,Aggregated,31.000000,0.000000,15,17,19,20,24,26,30,33,43,55,66,38907,0,15,16.491356716734966,3.914475999977185,65.79074599994783,224.2755802297787
1789563060,10,,Aggregated,31.000000,0.000000,15,17,19,20,24,26,30,33,43,55,66,38937,0,15,16.49106559634813,3.914475999977185,65.79074599994783,224.27053958959345
1789563061,10,,Aggregated,31.200000,0.000000,15,17,19,20,24,26,30,33,43,55,66,38972,0,15,16.490636223493993,3.914475999977185,65.79074599994783,224.27042492045572
1789563062,10,,Aggregated,31.600000,0.000000,15,17,19,20,24,26,30,33,43,55,66,39004,0,15,16.49076158245329,3.914475999977185,65.79074599994783,224.272356681366
1789563063,10,,Aggregated,31.600000,0.000000,15,17,19,20,24,26,30,33,43,55,66,39034,0,15,16.49015627304424,3.914475999977185,65.79074599994783,224.27306963160322
1789563064,10,,Aggregated,31.400000,0.000000,15,17,19,20,24,26,30,33,43,55,66,39066,0,15,16.489756035171474,3.914475999977185,65.79074599994783,224.2703629754774
1789563065,10,,Aggregated,31.400000,0.000000,15,17,19,20,24,26,30,33,43,55,66,39098,0,15,16.489399057573497,3.914475999977185,65.79074599994783,224.27083226763517
1789563066,10,,Aggregated,31.400000,0.000000,15,17,19,20,24,26,30,33,43,55,66,39130,0,15,16.490251443726272,3.914475999977185,65.79074599994783,224.26813186813186
1789563067,10,,Aggregated,31.500000,0.000000,15,17,19,20,24,26,30,33,43,55,66,39159,0,15,16.490521646543826,3.914475999977185,65.79074599994783,224.26622232436986
1789563068,10,,Aggregated,31.600000,0.000000,15,17,19,20,24,26,30,33,43,55,66,39188,0,15,16.48942987355847,3.914475999977185,65.79074599994783,224.26543839951006
1789563069,10,,Aggregated,31.800000,0.000000,15,17,19,20,24,26,30,33,43,55,66,39223,0,15,16.492573476174922,3.914475999977185,65.79074599994783,224.26400326339137
1789563070,10,,Aggregated,31.700000,0.000000,15,17,19,20,24,26,30,33,43,55,66,39255,0,15,16.493216306789165,3.914475999977185,65.79074599994783,224.26231053368997
1789563071,10,,Aggregated,31.700000,0.000000,15,17,19,20,24,26,30,33,43,55,66,39284,0,15,16.49188735665941,3.914475999977185,65.79074599994783,224.26494247021688
1789563072,10,,Aggregated,31.700000,0.000000,15,17,19,20,24,26,30,33,43,55,66,39320,0,15,16.490835307273848,3.914475999977185,65.79074599994783,224.26411495422178
1789563073,10,,Aggregated,31.100000,0.000000,15,17,19,20,24,26,30,33,43,55,66,39350,0,15,16.491585302643138,3.914475999977185,65.79074599994783,224.26833545108005
1789563074,10,,Aggregated,31.500000,0.000000,15,17,19,20,24,26,30,33,43,55,66,39386,0,15,16.49091945363851,3.914475999977185,65.79074599994783,224.2731427410755
1789563075,10,,Aggregated,31.500000,0.000000,15,17,19,20,24,26,30,33,43,55,66,39414,0,15,16.491415665829567,3.914475999977185,65.79074599994783,224.2695488912569
1789563076,10,,Aggregated,31.600000,0.000000,15,17,19,20,24,26,30,33,43,55,66,39447,0,15,16.4909153727281,3.914475999977185,65.79074599994783,224.26955155018126
1789563077,10,,Aggregated,31.700000,0.000000,15,17,19,20,24,26,30,33,43,55,66,39475,0,15,16.49198373851818,3.914475999977185,65.79074599994783,224.26239392020267
1789563078,10,,Aggregated,31.700000,0.000000,15,17,19,20,24,26,30,33,43,55,66,39505,0,15,16.4924699901786,3.914475999977185,65.79074599994783,224.26318187571192
1789563079,10,,Aggregated,31.500000,0.000000,15,17,19,20,24,26,30,33,43,55,66,39541,0,15,16.491595863306557,3.914475999977185,65.79074599994783,224.26357451758935
1789563080,10,,Aggregated,31.800000,0.000000,15,17,19,20,24,26,30,33,43,55,66,39570,0,15,16.4903799980542,3.914475999977185,65.79074599994783,224.26280010108667
1789563081,10,,Aggregated,31.800000,0.000000,15,17,19,20,24,26,30,33,43,55,66,39598,0,15,16.48944113407252,3.914475999977185,65.79074599994783,224.263876963483
1789563082,10,,Aggregated,31.300000,0.000000,15,17,19,20,24,26,30,33,43,55,66,39635,0,15,16.489934538614953,3.914475999977185,65.79074599994783,224.26123375804212
1789563083,10,,Aggregated,31.600000,0.000000,15,17,19,20,24,26,30,33,43,55,66,39668,0,15,16.490220557300674,3.914475999977185,65.79074599994783,224.26338610466874
1789563084,10,,Aggregated,31.400000,0.000000,15,17,19,20,24,26,30,33,43,55,66,39697,0,15,16.489587021210763,3.914475999977185,65.79074599994783,224.26253873088646
1789563085,10,,Aggregated,31.700000,0.000000,15,17,19,20,24,26,30,33,43,55,66,39730,0,15,16.489029224918273,3.914475999977185,65.79074599994783,224.26375534860307
1789563086,10,,Aggregated,31.400000,0.000000,15,17,19,20,24,26,30,33,43,55,66,39760,0,15,16.488803968460825,3.914475999977185,65.79074599994783,224.25661468812876
1789563087,10,,Aggregated,31.200000,0.000000,15,17,19,20,24,26,30,33,43,55,66,39793,0,15,16.488550151710157,3.914475999977185,65.79074599994783,224.2612268489433
1789563088,10,,Aggregated,31.200000,0.000000,15,17,19,20,24,26,30,33,43,55,66,39827,0,15,16.488006285635443,3.914475999977185,65.79074599994783,224.2571371180355
1789563089,10,,Aggregated,31.700000,0.000000,15,17,19,20,24,26,30,33,43,55,66,39857,0,15,16.48803504799666,3.914475999977185,65.79074599994783,224.2579722507966
1789563090,10,,Aggregated,31.600000,0.000000,15,17,19,20,24,26,30,33,43,55,66,39890,0,15,16.487444903509733,3.914475999977185,65.79074599994783,224.26372524442215
1789563091,10,,Aggregated,31.600000,0.000000,15,17,19,20,24,26,30,33,43,55,66,39921,0,15,16.488286555797803,3.914475999977185,65.79074599994783,224.26271886976778
1789563092,10,,Aggregated,32.200000,0.000000,15,17,19,20,24,26,30,33,43,55,66,39950,0,15,16.487591687459414,3.914475999977185,65.79074599994783,224.2619774718398
1789563093,10,,Aggregated,31.900000,0.000000,15,17,19,20,24,26,30,33,43,55,66,39984,0,15,16.488133476340614,3.914475999977185,65.79074599994783,224.26007903161263
1789563094,10,,Aggregated,31.500000,0.000000,15,17,19,20,24,26,30,33,43,52,66,40016,0,15,16.486605759146435,3.914475999977185,65.79074599994783,224.26529388244703
1789563095,10,,Aggregated,31.400000,0.000000,15,17,19,20,24,26,30,33,43,52,66,40049,0,15,16.486496624734794,3.914475999977185,65.79074599994783,224.26305276036854
1789563096,10,,Aggregated,31.400000,0.000000,15,17,19,20,24,26,30,33,43,52,66,40081,0,15,16.485682796387433,3.914475999977185,65.79074599994783,224.26493849953843
1789563097,10,,Aggregated,32.000000,0.000000,15,17,19,20,24,26,30,33,43,52,66,40114,0,15,16.486546237722603,3.914475999977185,65.79074599994783,224.26960662112978
1789563098,10,,Aggregated,32.300000,0.000000,15,17,19,20,24,26,30,33,43,52,66,40143,0,15,16.486086307999017,3.914475999977185,65.79074599994783,224.26535136885633
1789563099,10,,Aggregated,31.800000,0.000000,15,17,19,20,24,26,30,33,43,52,66,40176,0,15,16.486199606232688,3.914475999977185,65.79074599994783,224.26548187972918
1789563100,10,,Aggregated,32.100000,0.000000,15,17,19,20,24,26,30,33,43,52,66,40206,0,15,16.486131637367663,3.914475999977185,65.79074599994783,224.2674725165398
1789563101,10,,Aggregated,31.900000,0.000000,15,17,19,20,24,26,30,33,43,52,66,40238,0,15,16.485674630796883,3.914475999977185,65.79074599994783,224.26688702221782
1789563102,10,,Aggregated,31.600000,0.000000,15,17,19,20,24,26,30,33,43,52,66,40273,0,15,16.486333547612684,3.914475999977185,65.79074599994783,224.2667047401485
1789563103,10,,Aggregated,31.900000,0.000000,15,17,19,20,24,26,30,33,43,52,66,40305,0,15,16.486946411586818,3.914475999977185,65.79074599994783,224.27410991192158
1789563104,10,,Aggregated,32.100000,0.000000,15,17,19,20,24,26,30,33,43,52,66,40339,0,15,16.48726883351114,3.914475999977185,65.79074599994783,224.2723666922829
1789563105,10,,Aggregated,32.200000,0.000000,15,17,19,20,24,26,30,33,43,52,66,40369,0,15,16.48736460977497,3.914475999977185,65.79074599994783,224.2720899700265
1789563106,10,,Aggregated,32.100000,0.000000,15,17,19,20,24,26,30,33,43,52,66,40407,0,15,16.485973807533508,3.914475999977185,65.79074599994783,224.27453164055734
1789563107,10,,Aggregated,32.000000,0.000000,15,17,19,20,24,26,30,33,43,52,66,40433,0,15,16.48808959787814,3.914475999977185,65.79074599994783,224.27116464274232
1789563108,10,,Aggregated,32.000000,0.000000,15,17,19,20,24,26,30,33,43,52,66,40467,0,15,16.488745845973426,3.914475999977185,65.79074599994783,224.27041787135195
1789563109,10,,Aggregated,32.300000,0.000000,15,17,19,20,24,26,30,33,43,52,66,40500,0,15,16.490193017777955,3.914475999977185,65.79074599994783,224.2681975308642
1789563110,10,,Aggregated,31.800000,0.000000,15,17,19,20,24,26,30,33,43,52,66,40531,0,15,16.490925165527813,3.914475999977185,65.79074599994783,224.26949742172658
1789563111,10,,Aggregated,32.300000,0.000000,15,17,19,20,24,26,30,33,43,52,66,40559,0,15,16.49000644655952,3.914475999977185,65.79074599994783,224.26928671811436
1789563112,10,,Aggregated,32.300000,0.000000,15,17,19,20,24,26,30,33,43,52,66,40592,0,15,16.490610885691975,3.914475999977185,65.79074599994783,224.2703488372093
1789563113,10,,Aggregated,32.100000,0.000000,15,17,19,20,24,26,30,33,43,52,66,40621,0,15,16.490762951330797,3.914475999977185,65.79074599994783,224.2730361143251
1789563114,10,,Aggregated,32.200000,0.000000,15,17,19,20,24,26,30,33,43,52,66,40655,0,15,16.491328956512326,3.914475999977185,65.79074599994783,224.27816996679374
1789563115,10,,Aggregated,31.700000,0.000000,15,17,19,20,24,26,30,33,43,52,66,40687,0,15,16.492906689827425,3.914475999977185,65.79074599994783,224.27772998746528
1789563116,10,,Aggregated,31.600000,0.000000,15,17,19,20,24,26,30,33,43,52,66,40718,0,15,16.49312229193497,3.914475999977185,65.79074599994783,224.27449776511617
1789563117,10,,Aggregated,31.600000,0.000000,15,17,19,20,24,26,30,33,43,52,66,40750,0,15,16.49383192591432,3.914475999977185,65.79074599994783,224.2674355828221
1789563118,10,,Aggregated,31.400000,0.000000,15,17,19,20,24,26,30,33,43,52,66,40781,0,15,16.49560475851521,3.914475999977185,65.79074599994783,224.26647213162994
1789563119,10,,Aggregated,31.300000,0.000000,15,17,19,20,24,26,30,33,43,52,66,40815,0,15,16.497289931544984,3.914475999977185,65.79074599994783,224.26122748989343
1789563120,10,,Aggregated,31.700000,0.000000,15,17,19,20,24,26,30,33,43,52,66,40844,0,15,16.49799849772324,3.914475999977185,65.79074599994783,224.2581529722848
1789563121,10,,Aggregated,31.400000,0.000000,15,17,19,20,24,26,30,33,43,52,66,40881,0,15,16.495626626574886,3.914475999977185,65.79074599994783,224.26124605562487
1789563122,10,,Aggregated,31.300000,0.000000,15,17,19,20,24,26,30,33,43,52,66,40908,0,15,16.49558624127328,3.914475999977185,65.79074599994783,224.25496235455168
1789563123,10,,Aggregated,31.600000,0.000000,15,17,19,20,24,26,30,33,43,52,66,40940,0,15,16.495204925329944,3.914475999977185,65.79074599994783,224.24992672203223
1789563124,10,,Aggregated,31.500000,0.000000,15,17,19,20,24,26,30,33,43,52,66,40972,0,15,16.494359811822903,3.914475999977185,65.79074599994783,224.24846236454164
1789563125,10,,Aggregated,31.700000,0.000000,15,17,19,20,24,26,30,33,43,52,66,41003,0,15,16.493623943443325,3.914475999977185,65.79074599994783,224.24315294002878
1789563126,10,,Aggregated,31.500000,0.000000,15,17,19,20,24,26,30,33,43,52,66,41033,0,15,16.493432522213986,3.914475999977185,65.79074599994783,224.24955523602955
1789563127,10,,Aggregated,31.700000,0.000000,15,17,19,20,24,26,30,33,43,52,66,41067,0,15,16.492650428665502,3.914475999977185,65.79074599994783,224.24669442618162
1789563128,10,,Aggregated,31.500000,0.000000,15,17,19,20,24,26,30,33,43,52,66,41097,0,15,16.49269630895215,3.914475999977185,65.79074599994783,224.24427573788842
1789563129,10,,Aggregated,31.700000,0.000000,15,17,19,20,24,26,30,33,43,52,66,41131,0,15,16.491891826505718,3.914475999977185,65.79074599994783,224.2459701927986
1789563130,10,,Aggregated,31.600000,0.000000,15,17,19,20,24,26,30,33,43,52,66,41160,0,15,16.493273033892294,3.914475999977185,65.79074599994783,224.24300291545188
1789563131,10,,Aggregated,31.600000,0.000000,15,17,19,20,24,26,30,33,43,52,66,41193,0,15,16.494016946787248,3.914475999977185,65.79074599994783,224.2453086689486
1789563132,10,,Aggregated,31.700000,0.000000,15,17,19,20,24,26,30,33,43,52,66,41224,0,15,16.494572233383654,3.914475999977185,65.79074599994783,224.24449349893266
1789563133,10,,Aggregated,31.400000,0.000000,15,17,19,20,24,26,30,33,43,52,66,41256,0,15,16.493549798550703,3.914475999977185,65.79074599994783,224.2452976536746
1789563134,10,,Aggregated,31.300000,0.000000,15,17,19,20,24,26,30,33,43,52,66,41283,0,15,16.496014046290426,3.914475999977185,65.79074599994783,224.24690550589833
1789563135,10,,Aggregated,31.500000,0.000000,15,17,19,20,24,26,30,33,43,52,66,41317,0,15,16.495659029310172,3.914475999977185,65.79074599994783,224.25064743325993
1789563136,10,,Aggregated,31.100000,0.000000,15,17,19,20,24,26,30,33,43,52,66,41350,0,15,16.49651300993974,3.914475999977185,65.79074599994783,224.25395405078598
1789563137,10,,Aggregated,31.300000,0.000000,15,17,19,20,24,26,30,33,43,52,66,41382,0,15,16.498896429969776,3.914475999977185,65.79074599994783,224.25013290802764
1789563138,10,,Aggregated,31.600000,0.000000,15,17,19,20,24,26,30,33,43,52,66,41410,0,15,16.49913397012822,3.914475999977185,65.79074599994783,224.24882878531756
1789563139,10,,Aggregated,31.100000,0.000000,15,17,19,20,24,26,30,33,43,52,66,41443,0,15,16.49882345404557,3.914475999977185,65.79074599994783,224.24559032888547
1789563140,10,,Aggregated,31.000000,0.000000,15,17,19,20,24,26,30,33,43,52,66,41474,0,15,16.499499590394233,3.914475999977185,65.79074599994783,224.24998794425423
1789563141,10,,Aggregated,31.100000,0.000000,15,17,19,20,24,26,30,33,43,52,66,41506,0,15,16.500485378523834,3.914475999977185,65.79074599994783,224.24955428130872
1789563142,10,,Aggregated,31.100000,0.000000,15,17,19,20,24,26,30,33,43,52,66,41541,0,15,16.499788858044102,3.914475999977185,65.79074599994783,224.2537974531186
1789563143,10,,Aggregated,31.500000,0.000000,15,17,19,20,24,26,30,33,43,52,66,41577,0,15,16.49855610974843,3.914475999977185,65.79074599994783,224.25398657911828
1789563144,10,,Aggregated,31.400000,0.000000,15,17,19,20,24,26,30,33,43,52,66,41614,0,15,16.496879857620286,3.914475999977185,65.79074599994783,224.25611573028308
1789563145,10,,Aggregated,31.700000,0.000000,15,17,19,20,24,26,30,33,43,52,66,41649,0,15,16.49566604948525,3.914475999977185,65.79074599994783,224.2603423851713
1789563146,10,,Aggregated,32.800000,0.000000,15,17,19,20,24,26,30,33,43,52,66,41678,0,15,16.49590206761388,3.914475999977185,65.79074599994783,224.252987187485
1789563147,10,,Aggregated,32.900000,0.000000,15,17,19,20,24,26,30,33,43,52,66,41711,0,15,16.496087188080136,3.914475999977185,65.79074599994783,224.25293088154203
1789563148,10,,Aggregated,32.800000,0.000000,15,17,19,20,24,26,30,33,43,52,66,41738,0,15,16.494642621711876,3.914475999977185,65.79074599994783,224.2567204945134
1789563149,10,,Aggregated,33.000000,0.000000,15,17,19,20,24,26,30,33,43,52,66,41771,0,15,16.495831580426852,3.914475999977185,65.79074599994783,224.2567331402169
1789563150,10,,Aggregated,33.000000,0.000000,15,17,19,20,24,26,30,33,43,52,66,41799,0,15,16.49633174575972,3.914475999977185,65.79074599994783,224.2555563530228
1789563151,10,,Aggregated,33.100000,0.000000,15,17,19,20,24,26,30,33,43,55,66,41835,0,15,16.497481206860552,3.914475999977185,65.79074599994783,224.25160750567707
1789563152,10,,Aggregated,32.400000,0.000000,15,17,19,20,24,26,30,33,43,55,66,41865,0,15,16.499222519288452,3.914475999977185,65.79074599994783,224.25013734623192
1789563153,10,,Aggregated,32.600000,0.000000,15,17,19,20,24,26,30,33,43,55,66,41895,0,15,16.50061005036426,3.914475999977185,65.79074599994783,224.24551855830052
1789563154,10,,Aggregated,32.600000,0.000000,15,17,19,20,24,26,30,33,43,55,66,41926,0,15,16.500074955254767,3.914475999977185,65.79074599994783,224.24366741401516
1789563155,10,,Aggregated,32.000000,0.000000,15,17,19,20,24,26,30,33,43,55,66,41964,0,15,16.4999655636024,3.914475999977185,65.79074599994783,224.25054808883806
1789563156,10,,Aggregated,31.300000,0.000000,15,17,19,20,24,26,30,33,43,55,66,41997,0,15,16.500745296211882,3.914475999977185,65.79074599994783,224.24727956758815
1789563157,10,,Aggregated,31.500000,0.000000,15,17,19,20,24,26,30,33,43,55,66,42028,0,15,16.502093423170486,3.914475999977185,65.79074599994783,224.24850099933377
1789563158,10,,Aggregated,31.200000,0.000000,15,17,19,20,24,26,30,33,43,55,66,42060,0,15,16.501422573894637,3.914475999977185,65.79074599994783,224.25035663338087
1789563159,10,,Aggregated,31.800000,0.000000,15,17,19,20,24,26,30,33,43,55,66,42091,0,15,16.5047631804901,3.914475999977185,65.79074599994783,224.25074243900121
1789563160,10,,Aggregated,32.000000,0.000000,15,17,19,20,24,26,30,33,43,55,66,42125,0,15,16.504779890469063,3.914475999977185,65.79074599994783,224.25236795252226
1789563161,10,,Aggregated,31.600000,0.000000,15,17,19,20,24,26,30,33,43,55,66,42152,0,15,16.505293913432553,3.914475999977185,65.79074599994783,224.25073543366864
1789563162,10,,Aggregated,32.500000,0.000000,15,17,19,20,24,26,30,33,43,55,66,42184,0,15,16.505534682296837,3.914475999977185,65.79074599994783,224.2481035463683
1789563163,10,,Aggregated,31.900000,0.000000,15,17,19,20,24,26,30,33,43,55,66,42220,0,15,16.50531557411203,3.914475999977185,65.79074599994783,224.24938417811464
1789563164,10,,Aggregated,32.000000,0.000000,15,17,19,20,24,26,30,33,43,55,66,42253,0,15,16.504905728847874,3.914475999977185,65.79074599994783,224.25051475634865
1789563165,10,,Aggregated,32.400000,0.000000,15,17,19,20,24,26,30,33,43,55,66,42289,0,15,16.50597807853128,3.914475999977185,65.79074599994783,224.24651800704675
1789563166,10,,Aggregated,32.700000,0.000000,15,17,19,20,24,26,30,33,43,55,66,42320,0,15,16.50422143400305,3.914475999977185,65.79074599994783,224.2521739130435
1789563167,10,,Aggregated,32.500000,0.000000,15,17,19,20,24,26,30,33,43,55,66,42353,0,15,16.503916941846125,3.914475999977185,65.79074599994783,224.24782187802518
1789563168,10,,Aggregated,32.800000,0.000000,15,17,19,20,24,26,30,33,43,55,66,42382,0,15,16.503550350266824,3.914475999977185,65.79074599994783,224.24928035486764
1789563169,10,,Aggregated,32.500000,0.000000,15,17,19,20,24,26,30,33,43,55,66,42414,0,15,16.504080274555765,3.914475999977185,65.79074599994783,224.25109633611544
1789563170,10,,Aggregated,32.200000,0.000000,15,17,19,20,24,26,30,33,43,55,66,42448,0,15,16.50240018429627,3.914475999977185,65.79074599994783,224.25475876366377
1789563171,10,,Aggregated,32.200000,0.000000,15,17,19,20,24,26,30,33,43,55,66,42477,0,15,16.50282868481787,3.914475999977185,65.79074599994783,224.25618570049673
1789563172,10,,Aggregated,32.300000,0.000000,15,17,19,20,24,26,30,33,43,55,66,42512,0,15,16.50256202763945,3.914475999977185,65.79074599994783,224.25924444862628
1789563173,10,,Aggregated,32.300000,0.000000,15,17,19,20,24,26,30,33,43,55,66,42541,0,15,16.502524038151623,3.914475999977185,65.79074599994783,224.26494440657248
1789563174,10,,Aggregated,32.400000,0.000000,15,17,19,20,24,26,30,33,43,55,66,42574,0,15,16.501330747874476,3.914475999977185,65.79074599994783,224.26706440550572
1789563175,10,,Aggregated,32.200000,0.000000,15,17,19,20,24,26,30,33,43,55,66,42606,0,15,16.501202660728744,3.914475999977185,65.79074599994783,224.26672299676102
1789563176,10,,Aggregated,32.300000,0.000000,15,17,19,20,24,26,30,33,43,55,66,42637,0,15,16.501307569036502,3.914475999977185,65.79074599994783,224.26795975326596
1789563177,10,,Aggregated,31.800000,0.000000,15,17,19,20,24,26,30,33,43,55,66,42673,0,15,16.5023186469198,3.914475999977185,65.79074599994783,224.2693506432639
1789563178,10,,Aggregated,32.000000,0.000000,15,17,19,20,24,26,30,33,43,55,66,42699,0,15,16.50374133326327,3.914475999977185,65.79074599994783,224.26923347150986
1789563179,10,,Aggregated,31.700000,0.000000,15,17,19,20,24,26,30,33,43,55,66,42730,0,15,16.50379391586726,3.914475999977185,65.79074599994783,224.27369529604493
1789563180,10,,Aggregated,31.900000,0.000000,15,17,19,20,24,26,30,33,43,55,66,42764,0,15,16.502399952717454,3.914475999977185,65.79074599994783,224.27513796651388
1789563181,10,,Aggregated,31.900000,0.000000,15,17,19,20,24,26,30,33,43,55,66,42793,0,15,16.50325820325777,3.914475999977185,65.79074599994783,224.2742971981399
1789563182,10,,Aggregated,31.400000,0.000000,15,17,19,20,24,26,30,33,43,55,66,42823,0,15,16.503238074049232,3.914475999977185,65.79074599994783,224.27282068047543
1789563183,10,,Aggregated,31.600000,0.000000,15,17,19,20,24,26,30,33,43,55,66,42856,0,15,16.503696190008647,3.914475999977185,65.79074599994783,224.2738006346836
1789563184,10,,Aggregated,31.400000,0.000000,15,17,19,20,24,26,30,33,43,55,66,42886,0,15,16.502955099379992,3.914475999977185,65.79074599994783,224.2692720235042
1789563185,10,,Aggregated,31.500000,0.000000,15,17,19,20,24,26,30,33,43,55,66,42918,0,15,16.50310300291278,3.914475999977185,65.79074599994783,224.26443450300573
1789563186,10,,Aggregated,31.200000,0.000000,15,17,19,20,24,26,30,33,43,55,66,42950,0,15,16.5003832819793,3.914475999977185,65.79074599994783,224.26495925494763
1789563187,10,,Aggregated,31.100000,0.000000,15,17,19,20,24,26,30,33,43,55,66,42981,0,15,16.50053256178338,3.914475999977185,65.79074599994783,224.2650008143133
1789563188,10,,Aggregated,30.600000,0.000000,15,17,19,20,24,26,30,33,43,55,66,43012,0,15,16.500265329629205,3.914475999977185,65.79074599994783,224.25990421277783
1789563189,10,,Aggregated,31.000000,0.000000,15,17,19,20,24,26,30,33,43,55,66,43042,0,15,16.501029908972903,3.914475999977185,65.79074599994783,224.26062915292042
1789563190,10,,Aggregated,31.300000,0.000000,15,17,19,20,24,26,30,33,43,55,66,43073,0,15,16.501340289462323,3.914475999977185,65.79074599994783,224.25879321152462
1789563191,10,,Aggregated,30.700000,0.000000,15,17,19,20,24,26,30,33,43,55,66,43103,0,15,16.50106481300631,3.914475999977185,65.79074599994783,224.2637171426583
1789563192,10,,Aggregated,30.700000,0.000000,15,17,19,20,24,26,30,33,43,55,66,43136,0,15,16.500656118462796,3.914475999977185,65.79074599994783,224.25839206231453
1789563193,10,,Aggregated,30.900000,0.000000,15,17,19,20,24,26,30,33,43,55,66,43165,0,15,16.499913517502854,3.914475999977185,65.79074599994783,224.25766245800997
1789563194,10,,Aggregated,31.100000,0.000000,15,17,19,20,24,26,30,33,43,55,66,43200,0,15,16.50081763326415,3.914475999977185,65.79074599994783,224.2554861111111
1789563195,10,,Aggregated,30.700000,0.000000,15,17,19,20,24,26,30,33,43,55,66,43232,0,15,16.50097431756596,3.914475999977185,65.79074599994783,224.2571243523316
1789563196,10,,Aggregated,30.800000,0.000000,15,17,19,20,24,26,30,33,43,55,66,43262,0,15,16.502018433637158,3.914475999977185,65.79074599994783,224.25470389718458
1789563197,10,,Aggregated,31.300000,0.000000,15,17,19,20,24,26,30,33,43,55,66,43293,0,15,16.501089091493096,3.914475999977185,65.79074599994783,224.25378236666435
1789563198,10,,Aggregated,31.300000,0.000000,15,17,19,20,24,26,30,33,43,55,66,43327,0,15,16.501098319293074,3.914475999977185,65.79074599994783,224.25409098252823
1789563199,10,,Aggregated,31.300000,0.000000,15,17,19,20,24,26,30,33,43,55,66,43357,0,15,16.501331976728355,3.914475999977185,65.79074599994783,224.25594483013123
1789563200,10,,Aggregated,31.000000,0.000000,15,17,19,20,24,26,30,33,43,55,66,43393,0,15,16.501776451040715,3.914475999977185,65.79074599994783,224.25407323761897
1789563201,10,,Aggregated,31.600000,0.000000,15,17,19,20,24,26,30,33,43,55,66,43429,0,15,16.500390083423746,3.914475999977185,65.79074599994783,224.25858297451012
1789563202,10,,Aggregated,32.000000,0.000000,15,17,19,20,24,26,30,33,43,55,66,43459,0,15,16.50040967870889,3.914475999977185,65.79074599994783,224.25725396350583
1789563203,10,,Aggregated,32.300000,0.000000,15,17,19,20,24,26,30,33,43,55,66,43490,0,15,16.49950988597404,3.914475999977185,65.79074599994783,224.25753046677397
1789563204,10,,Aggregated,32.100000,0.000000,15,17,19,20,24,26,30,33,43,55,66,43520,0,15,16.50053913168682,3.914475999977185,65.79074599994783,224.25926011029412
1789563205,10,,Aggregated,32.400000,0.000000,15,17,19,20,24,26,30,33,43,55,66,43553,0,15,16.499835010975364,3.914475999977185,65.79074599994783,224.26246182811747
1789563206,10,,Aggregated,32.200000,0.000000,15,17,19,20,24,26,30,33,43,55,66,43581,0,15,16.49971705252311,3.914475999977185,65.79074599994783,224.26658406186183
1789563207,10,,Aggregated,32.000000,0.000000,15,17,19,20,24,26,30,33,43,55,66,43618,0,15,16.498310445573143,3.914475999977185,65.79074599994783,224.26814617818331
1789563208,10,,Aggregated,31.800000,0.000000,15,17,19,20,24,26,30,33,43,55,66,43649,0,15,16.499940870489777,3.914475999977185,65.79074599994783,224.27120896240464
1789563209,10,,Aggregated,31.900000,0.000000,15,17,19,20,24,26,30,33,43,55,66,43682,0,15,16.499522903919416,3.914475999977185,65.79074599994783,224.27349938189644
1789563210,10,,Aggregated,32.000000,0.000000,15,17,19,20,24,26,30,33,43,55,66,43716,0,15,16.500610461478836,3.914475999977185,65.79074599994783,224.27184554854057
1789563211,10,,Aggregated,32.300000,0.000000,15,17,19,20,24,26,30,33,43,55,66,43750,0,15,16.49998477003445,3.914475999977185,65.79074599994783,224.27131428571428
1789563212,10,,Aggregated,32.200000,0.000000,15,17,19,20,24,26,30,33,43,55,66,43782,0,15,16.499099723539512,3.914475999977185,65.79074599994783,224.27602667763009
1789563213,10,,Aggregated,32.000000,0.000000,15,17,19,20,24,26,30,33,43,55,66,43809,0,15,16.498635992261995,3.914475999977185,65.79074599994783,224.27638156543176
1789563214,10,,Aggregated,32.300000,0.000000,15,17,19,20,24,26,30,33,43,55,66,43840,0,15,16.49876193647367,3.914475999977185,65.79074599994783,224.27652828467154
1789563215,10,,Aggregated,31.800000,0.000000,15,17,19,20,24,26,30,33,43,55,66,43871,0,15,16.498245626359232,3.914475999977185,65.79074599994783,224.2747145038864
1789563216,10,,Aggregated,32.100000,0.000000,15,17,19,20,24,26,30,33,43,55,66,43902,0,15,16.498718390734048,3.914475999977185,65.79074599994783,224.27158216026604
1789563217,10,,Aggregated,31.800000,0.000000,15,17,19,20,24,26,30,33,43,55,66,43938,0,15,16.499501758341438,3.914475999977185,65.79074599994783,224.27088169693658
1789563218,10,,Aggregated,32.000000,0.000000,15,17,19,20,24,26,30,33,43,55,66,43965,0,15,16.500305740884937,3.914475999977185,65.79074599994783,224.2683498237234
1789563219,10,,Aggregated,32.100000,0.000000,15,17,19,20,24,26,30,33,43,55,66,43994,0,15,16.499869271105304,3.914475999977185,65.79074599994783,224.26762740373687
1789563220,10,,Aggregated,31.900000,0.000000,15,17,19,20,24,26,30,33,43,55,66,44026,0,15,16.499854148230757,3.914475999977185,65.79074599994783,224.26829600690502
1789563221,10,,Aggregated,31.300000,0.000000,15,17,19,20,24,26,30,33,43,55,66,44058,0,15,16.49965560508892,3.914475999977185,65.79074599994783,224.2699396250397
1789563222,10,,Aggregated,31.500000,0.000000,15,17,19,20,24,26,30,33,43,55,66,44088,0,15,16.4991593149158,3.914475999977185,65.79074599994783,224.27272727272728
1789563223,10,,Aggregated,31.000000,0.000000,15,17,19,20,24,26,30,33,43,55,66,44121,0,15,16.498630332177605,3.914475999977185,65.79074599994783,224.2758323700732
1789563224,10,,Aggregated,30.700000,0.000000,15,17,19,20,24,26,30,33,43,55,66,44153,0,15,16.49846266135955,3.914475999977185,65.79074599994783,224.27019681561842
1789563225,10,,Aggregated,30.800000,0.000000,15,17,19,20,24,26,30,33,43,55,66,44184,0,15,16.49796100923432,3.914475999977185,65.79074599994783,224.27055042549338
1789563226,10,,Aggregated,31.000000,0.000000,15,17,19,20,24,26,30,33,43,55,66,44214,0,15,16.49786253813293,3.914475999977185,65.79074599994783,224.2724024064776
1789563227,10,,Aggregated,31.200000,0.000000,15,17,19,20,24,26,30,33,43,55,66,44248,0,15,16.49963094119531,3.914475999977185,65.79074599994783,224.27585427589946
1789563228,10,,Aggregated,31.300000,0.000000,15,17,19,20,24,26,30,33,43,55,66,44281,0,15,16.500131041440106,3.914475999977185,65.79074599994783,224.28000722657572
1789563229,10,,Aggregated,31.100000,0.000000,15,17,19,20,24,26,30,33,43,55,66,44314,0,15,16.499722542672963,3.914475999977185,65.79074599994783,224.28207789863248
1789563230,10,,Aggregated,31.400000,0.000000,15,17,19,20,24,26,30,33,43,55,66,44343,0,15,16.49925374345466,3.914475999977185,65.79074599994783,224.28353967931804
1789563231,10,,Aggregated,32.000000,0.000000,15,17,19,20,24,26,30,33,43,55,66,44376,0,15,16.49977159899518,3.914475999977185,65.79074599994783,224.27834865693168
1789563232,10,,Aggregated,31.600000,0.000000,15,17,19,20,24,26,30,33,43,55,66,44407,0,15,16.498804177066887,3.914475999977185,65.79074599994783,224.27752381381313
1789563233,10,,Aggregated,31.600000,0.000000,15,17,19,20,24,26,30,33,43,55,66,44439,0,15,16.49956814332026,3.914475999977185,65.79074599994783,224.27415108350772
1789563234,10,,Aggregated,31.900000,0.000000,15,17,19,20,24,26,30,33,43,55,66,44469,0,15,16.500825612179494,3.914475999977185,65.79074599994783,224.2737637455306
1789563235,10,,Aggregated,32.000000,0.000000,15,17,19,20,24,26,30,33,43,55,66,44499,0,15,16.500271074631115,3.914475999977185,65.79074599994783,224.27362412638487
1789563236,10,,Aggregated,31.500000,0.000000,15,17,19,20,24,26,30,33,43,55,66,44531,0,15,16.499560217264584,3.914475999977185,65.79074599994783,224.2783454222901
1789563237,10,,Aggregated,31.500000,0.000000,15,17,19,20,24,26,30,33,43,55,66,44561,0,15,16.50082839364036,3.914475999977185,65.79074599994783,224.2801104104486
1789563238,10,,Aggregated,31.600000,0.000000,15,17,19,20,24,26,30,33,43,55,66,44592,0,15,16.502359132669728,3.914475999977185,65.79074599994783,224.2781664872623
1789563239,10,,Aggregated,31.100000,0.000000,15,17,19,20,24,26,30,33,43,55,66,44624,0,15,16.502307783704026,3.914475999977185,65.79074599994783,224.27778773754034
1789563240,10,,Aggregated,30.900000,0.000000,15,17,19,20,24,26,30,33,43,55,66,44655,0,15,16.50333942644736,3.914475999977185,65.79074599994783,224.27584816929794
1789563241,10,,Aggregated,31.000000,0.000000,15,17,19,20,24,26,30,33,43,55,66,44686,0,15,16.50342174593849,3.914475999977185,65.79074599994783,224.27704426442287
1789563242,10,,Aggregated,31.200000,0.000000,15,17,19,20,24,26,30,33,43,55,66,44717,0,15,16.50168377831716,3.914475999977185,65.79074599994783,224.28423194758145
1789563243,10,,Aggregated,31.200000,0.000000,15,17,19,20,24,27,30,33,43,55,66,44745,0,15,16.50570310349776,3.914475999977185,65.79074599994783,224.2831601296234
1789563244,10,,Aggregated,30.700000,0.000000,15,17,19,20,24,27,30,33,43,55,66,44776,0,15,16.506525614190807,3.914475999977185,65.79074599994783,224.28533142755046
1789563245,10,,Aggregated,31.100000,0.000000,15,17,19,20,24,26,30,33,43,55,66,44807,0,15,16.50672963331639,3.914475999977185,65.79074599994783,224.28741044926016
1789563246,10,,Aggregated,30.700000,0.000000,15,17,19,20,24,26,30,33,43,55,66,44844,0,15,16.507075759611272,3.914475999977185,65.79074599994783,224.28911337079654
1789563247,10,,Aggregated,30.800000,0.000000,15,17,19,20,24,26,30,33,43,55,66,44875,0,15,16.507806864958393,3.914475999977185,65.79074599994783,224.28735376044568
1789563248,10,,Aggregated,31.100000,0.000000,15,17,19,20,24,26,30,33,43,55,66,44906,0,15,16.5071384253331,3.914475999977185,65.79074599994783,224.28548523582594
1789563249,10,,Aggregated,31.300000,0.000000,15,17,19,20,24,26,30,33,43,55,66,44939,0,15,16.50787652573504,3.914475999977185,65.79074599994783,224.2854536149002
1789563250,10,,Aggregated,31.500000,0.000000,15,17,19,20,24,26,30,33,43,55,66,44972,0,15,16.507148496042113,3.914475999977185,65.79074599994783,224.28735657742595
1789563251,10,,Aggregated,31.300000,0.000000,15,17,19,20,24,26,30,33,43,55,66,45008,0,15,16.507151107536565,3.914475999977185,65.79074599994783,224.28963739779596
1789563252,10,,Aggregated,31.100000,0.000000,15,17,19,20,24,26,30,33,43,55,66,45037,0,15,16.506942916846278,3.914475999977185,65.79074599994783,224.29293691853366
1789563253,10,,Aggregated,31.700000,0.000000,15,17,19,20,24,26,30,33,43,55,66,45065,0,15,16.506623274470336,3.914475999977185,65.79074599994783,224.28991456784644
1789563254,10,,Aggregated,31.900000,0.000000,15,17,19,20,24,26,30,33,43,55,66,45098,0,15,16.50684472952249,3.914475999977185,65.79074599994783,224.29300634174464
1789563255,10,,Aggregated,31.800000,0.000000,15,17,19,20,24,26,30,33,43,55,66,45128,0,15,16.506054416681543,3.914475999977185,65.79074599994783,224.2956257755717
1789563256,10,,Aggregated,32.100000,0.000000,15,17,19,20,24,26,30,33,43,55,66,45164,0,15,16.507507535847235,3.914475999977185,65.79074599994783,224.2956779736073
1789563257,10,,Aggregated,32.000000,0.000000,15,17,19,20,24,26,30,33,43,55,66,45196,0,15,16.506884757633525,3.914475999977185,65.79074599994783,224.29715019028234
1789563258,10,,Aggregated,31.800000,0.000000,15,17,19,20,24,26,30,33,43,55,66,45229,0,15,16.506880355745288,3.914475999977185,65.79074599994783,224.29408123106856
1789563259,10,,Aggregated,32.100000,0.000000,15,17,19,20,24,26,30,33,43,55,66,45257,0,15,16.50648474304533,3.914475999977185,65.79074599994783,224.29177806748126
1789563260,10,,Aggregated,32.100000,0.000000,15,17,19,20,24,26,30,33,43,55,66,45290,0,15,16.505773198145338,3.914475999977185,65.79074599994783,224.28873923603444
1789563261,10,,Aggregated,31.800000,0.000000,15,17,19,20,24,26,30,33,43,55,66,45320,0,15,16.506170619858842,3.914475999977185,65.79074599994783,224.28638570167698
1789563262,10,,Aggregated,31.600000,0.000000,15,17,19,20,24,26,30,33,43,55,66,45355,0,15,16.50577447119397,3.914475999977185,65.79074599994783,224.28226215411752
1789563263,10,,Aggregated,31.300000,0.000000,15,17,19,20,24,26,30,33,43,55,66,45386,0,15,16.506125554862784,3.914475999977185,65.79074599994783,224.285264178381
1789563264,10,,Aggregated,31.900000,0.000000,15,17,19,20,24,26,30,33,43,55,66,45415,0,15,16.506799004844275,3.914475999977185,65.79074599994783,224.28254981834195
1789563265,10,,Aggregated,31.900000,0.000000,15,17,19,20,24,26,30,33,43,55,66,45443,0,15,16.507977989987523,3.914475999977185,65.79074599994783,224.28246374579143
1789563266,10,,Aggregated,31.900000,0.000000,15,17,19,20,24,26,30,33,43,55,66,45476,0,15,16.507184241753944,3.914475999977185,65.79074599994783,224.27830064209692
1789563267,10,,Aggregated,31.700000,0.000000,15,17,19,20,24,26,30,33,43,55,66,45507,0,15,16.506890555738725,3.914475999977185,65.79074599994783,224.2805062957347
1789563268,10,,Aggregated,31.400000,0.000000,15,17,19,20,24,26,30,33,43,55,66,45541,0,15,16.506614934322954,3.914475999977185,65.79074599994783,224.27889154827517
1789563269,10,,Aggregated,31.000000,0.000000,15,17,19,20,24,26,30,33,43,55,66,45569,0,15,16.50665304173895,3.914475999977185,65.79074599994783,224.27872018258026
1789563270,10,,Aggregated,31.200000,0.000000,15,17,19,20,24,26,30,33,43,55,66,45601,0,15,16.507570212012926,3.914475999977185,65.79074599994783,224.28122190302844
1789563271,10,,Aggregated,31.200000,0.000000,15,17,19,20,24,26,30,33,43,55,66,45635,0,15,16.507003347868984,3.914475999977185,65.79074599994783,224.28072751177825
1789563272,10,,Aggregated,31.400000,0.000000,15,17,19,20,24,26,30,33,43,55,66,45664,0,15,16.507321849334286,3.914475999977185,65.79074599994783,224.28100911002102
1789563273,10,,Aggregated,31.500000,0.000000,15,17,19,20,24,26,30,33,43,55,66,45691,0,15,16.507443232540325,3.914475999977185,65.79074599994783,224.28042721761398
1789563274,10,,Aggregated,30.800000,0.000000,15,17,19,20,24,26,30,33,43,55,66,45723,0,15,16.505984695929836,3.914475999977185,65.79074599994783,224.27996850600354
1789563275,10,,Aggregated,30.400000,0.000000,15,17,19,20,24,26,30,33,43,55,66,45757,0,15,16.50488704478004,3.914475999977185,65.79074599994783,224.27547697620037
1789563276,10,,Aggregated,30.600000,0.000000,15,17,19,20,24,26,30,33,43,55,66,45792,0,15,16.505199907363732,3.914475999977185,65.79074599994783,224.2782363731656
1789563277,10,,Aggregated,31.000000,0.000000,15,17,19,20,24,26,30,33,43,55,66,45825,0,15,16.505624100752858,3.914475999977185,65.79074599994783,224.27825422804148
1789563278,10,,Aggregated,31.300000,0.000000,15,17,19,20,24,26,30,33,43,55,66,45858,0,15,16.5081673667408,3.914475999977185,65.79074599994783,224.2722970910201
1789563279,10,,Aggregated,31.900000,0.000000,15,17,19,20,24,26,30,33,43,55,66,45890,0,15,16.507513278470256,3.914475999977185,65.79074599994783,224.2718893005012
1789563280,10,,Aggregated,31.700000,0.000000,15,17,19,20,24,26,30,33,43,55,66,45917,0,15,16.508651334603748,3.914475999977185,65.79074599994783,224.27233922076792
1789563281,10,,Aggregated,32.000000,0.000000,15,17,19,20,24,26,30,33,43,55,66,45947,0,15,16.507991097590708,3.914475999977185,65.79074599994783,224.27209611073627
1789563282,10,,Aggregated,31.500000,0.000000,15,17,19,20,24,26,30,33,43,55,66,45981,0,15,16.508125796067937,3.914475999977185,65.79074599994783,224.26661012157194
1789563283,10,,Aggregated,31.300000,0.000000,15,17,19,20,24,26,30,33,43,55,66,46012,0,15,16.506904852473266,3.914475999977185,65.79074599994783,224.26584369294966
1789563284,10,,Aggregated,31.400000,0.000000,15,17,19,20,24,26,30,33,43,55,66,46045,0,15,16.50643779448366,3.914475999977185,65.79074599994783,224.26391573460745
1789563285,10,,Aggregated,32.000000,0.000000,15,17,19,20,24,26,30,33,43,55,66,46076,0,15,16.50511613475563,3.914475999977185,65.79074599994783,224.26404201753624
1789563286,10,,Aggregated,31.900000,0.000000,15,17,19,20,24,26,30,33,43,55,66,46105,0,15,16.506821756534006,3.914475999977185,65.79074599994783,224.263290315584
1789563287,10,,Aggregated,31.700000,0.000000,15,17,19,20,24,26,30,33,43,55,66,46135,0,15,16.50687061298364,3.914475999977185,65.79074599994783,224.26491817492143
1789563288,10,,Aggregated,31.700000,0.000000,15,17,19,20,24,26,30,33,43,55,66,46170,0,15,16.506512136062405,3.914475999977185,65.79074599994783,224.26283300844705
1789563289,10,,Aggregated,31.300000,0.000000,15,17,19,20,24,26,30,33,43,55,66,46202,0,15,16.506374309510417,3.914475999977185,65.79074599994783,224.26633046188476
1789563290,10,,Aggregated,31.100000,0.000000,15,17,19,20,24,26,30,33,43,55,66,46232,0,15,16.50730018311992,3.914475999977185,65.79074599994783,224.26706610140164
1789563291,10,,Aggregated,31.200000,0.000000,15,17,19,20,24,26,30,33,43,55,66,46264,0,15,16.506776219220118,3.914475999977185,65.79074599994783,224.27059916998098
1789563292,10,,Aggregated,31.500000,0.000000,15,17,19,20,24,26,30,33,43,55,66,46298,0,15,16.508449343211364,3.914475999977185,65.79074599994783,224.27193399282908
1789563293,10,,Aggregated,31.500000,0.000000,15,17,19,20,24,26,30,33,43,55,66,46332,0,15,16.507935180091515,3.914475999977185,65.79074599994783,224.27438919105586
1789563294,10,,Aggregated,31.800000,0.000000,15,17,19,20,24,26,30,33,43,55,66,46363,0,15,16.50758832446133,3.914475999977185,65.79074599994783,224.27752733861053
1789563295,10,,Aggregated,31.500000,0.000000,15,17,19,20,24,26,30,33,43,55,66,46395,0,15,16.507139234852886,3.914475999977185,65.79074599994783,224.2780040952689
1789563296,10,,Aggregated,32.100000,0.000000,15,17,19,20,24,26,30,33,43,55,66,46430,0,15,16.507311955718283,3.914475999977185,65.79074599994783,224.27973293129443
1789563297,10,,Aggregated,32.100000,0.000000,15,17,19,20,24,26,30,33,43,55,66,46461,0,15,16.507112684552638,3.914475999977185,65.79074599994783,224.279933707841
1789563298,10,,Aggregated,31.800000,0.000000,15,17,19,20,24,26,30,33,43,55,66,46491,0,15,16.507880040093788,3.914475999977185,65.79074599994783,224.2796025037104
1789563299,10,,Aggregated,32.300000,0.000000,15,17,19,20,24,26,30,33,43,55,66,46520,0,15,16.508621804277727,3.914475999977185,65.79074599994783,224.27889079965607
1789563300,10,,Aggregated,32.000000,0.000000,15,17,19,20,24,26,30,33,43,55,66,46551,0,15,16.508078163347726,3.914475999977185,65.79074599994783,224.27599836738202
1789563301,10,,Aggregated,31.700000,0.000000,15,17,19,20,24,26,30,33,43,55,66,46579,0,15,16.508160984499447,3.914475999977185,65.79074599994783,224.27171042744584
1789563302,10,,Aggregated,31.800000,0.000000,15,17,19,20,24,26,30,33,43,55,66,46610,0,15,16.50824917395407,3.914475999977185,65.79074599994783,224.2748337266681
1789563303,10,,Aggregated,31.600000,0.000000,15,17,19,20,24,26,30,33,43,55,66,46644,0,15,16.50770021713402,3.914475999977185,65.79074599994783,224.2733041763142
1789563304,10,,Aggregated,31.500000,0.000000,15,17,19,20,24,26,30,33,43,55,66,46675,0,15,16.5080573811248,3.914475999977185,65.79074599994783,224.27348687734334
1789563305,10,,Aggregated,31.600000,0.000000,15,17,19,20,24,26,30,33,43,55,66,46710,0,15,16.508980729351336,3.914475999977185,65.79074599994783,224.27131235281524
1789563306,10,,Aggregated,31.300000,0.000000,15,17,19,20,24,26,30,33,43,55,66,46745,0,15,16.508286895133196,3.914475999977185,65.79074599994783,224.2672799229864
1789563307,10,,Aggregated,31.100000,0.000000,15,17,19,20,24,26,30,33,43,55,66,46776,0,15,16.508616419403154,3.914475999977185,65.79074599994783,224.2674020865401
1789563308,10,,Aggregated,31.800000,0.000000,15,17,19,20,24,26,30,33,43,55,66,46808,0,15,16.507935780571724,3.914475999977185,65.79074599994783,224.26786019483848
1789563309,10,,Aggregated,31.300000,0.000000,15,17,19,20,24,26,30,33,43,55,66,46838,0,15,16.50780696171914,3.914475999977185,65.79074599994783,224.26668517016097
1789563310,10,,Aggregated,31.800000,0.000000,15,17,19,20,24,26,30,33,43,55,66,46868,0,15,16.508185724929607,3.914475999977185,65.79074599994783,224.2654903132201
1789563311,10,,Aggregated,31.500000,0.000000,15,17,19,20,24,26,30,33,43,55,66,46899,0,15,16.50929729740507,3.914475999977185,65.79074599994783,224.26096505255975
1789563312,10,,Aggregated,31.700000,0.000000,15,17,19,20,24,26,30,33,43,55,66,46929,0,15,16.508708557203448,3.914475999977185,65.79074599994783,224.2597114790428
1789563313,10,,Aggregated,31.500000,0.000000,15,17,19,20,24,26,30,33,43,55,66,46958,0,15,16.508017486051372,3.914475999977185,65.79074599994783,224.26108437326974
1789563314,10,,Aggregated,31.600000,0.000000,15,17,19,20,24,26,30,33,43,55,66,46994,0,15,16.508468594182244,3.914475999977185,65.79074599994783,224.25933097842278
1789563315,10,,Aggregated,31.600000,0.000000,15,17,19,20,24,26,30,33,43,55,66,47026,0,15,16.50992200510358,3.914475999977185,65.79074599994783,224.25781482584102
1789563316,10,,Aggregated,31.400000,0.000000,15,17,19,20,24,26,30,33,43,55,66,47057,0,15,16.509330977389133,3.914475999977185,65.79074599994783,224.2579424952717
1789563317,10,,Aggregated,31.600000,0.000000,15,17,19,20,24,26,30,33,43,55,66,47089,0,15,16.50988711227676,3.914475999977185,65.79074599994783,224.25555862303298
1789563318,10,,Aggregated,31.300000,0.000000,15,17,19,20,24,26,30,33,43,55,66,47120,0,15,16.51105683605687,3.914475999977185,65.79074599994783,224.2528013582343
1789563319,10,,Aggregated,31.300000,0.000000,15,17,19,20,24,26,30,33,43,55,66,47148,0,15,16.51112857003478,3.914475999977185,65.79074599994783,224.24792143887333
1789563320,10,,Aggregated,31.000000,0.000000,15,17,19,20,24,26,30,33,43,55,66,47181,0,15,16.511665733112896,3.914475999977185,65.79074599994783,224.24800237383693
1789563321,10,,Aggregated,31.300000,0.000000,15,17,19,20,24,26,30,33,43,55,66,47211,0,15,16.511593232467025,3.914475999977185,65.79074599994783,224.24767532990194
1789563322,10,,Aggregated,31.100000,0.000000,15,17,19,20,24,26,30,33,43,55,66,47244,0,15,16.510600492358826,3.914475999977185,65.79074599994783,224.24295148590298
1789563323,10,,Aggregated,31.400000,0.000000,15,17,19,20,24,26,30,33,43,55,66,47276,0,15,16.511949221655804,3.914475999977185,65.79074599994783,224.25019037143582
1789563324,10,,Aggregated,31.700000,0.000000,15,17,19,20,24,26,30,33,43,55,66,47307,0,15,16.51112248102818,3.914475999977185,65.79074599994783,224.25036463948254
1789563325,10,,Aggregated,31.500000,0.000000,15,17,19,20,24,26,30,33,43,55,66,47336,0,15,16.51195696835392,3.914475999977185,65.79074599994783,224.25255619401725
1789563326,10,,Aggregated,31.800000,0.000000,15,17,19,20,24,26,30,33,43,55,66,47368,0,15,16.51199020222517,3.914475999977185,65.79074599994783,224.25508782300287
1789563327,10,,Aggregated,31.500000,0.000000,15,17,19,20,24,26,30,33,43,55,66,47400,0,15,16.51334522350213,3.914475999977185,65.79074599994783,224.2526793248945
1789563328,10,,Aggregated,31.000000,0.000000,15,17,19,20,24,26,30,33,43,55,66,47433,0,15,16.512862583096172,3.914475999977185,65.79074599994783,224.25334682604938
1789563329,10,,Aggregated,31.000000,0.000000,15,17,19,20,24,26,30,33,43,55,66,47466,0,15,16.51315630822064,3.914475999977185,65.79074599994783,224.25540386803186
1789563330,10,,Aggregated,31.300000,0.000000,15,17,19,20,24,26,30,33,43,55,66,47499,0,15,16.515483218973046,3.914475999977185,65.79074599994783,224.25446851512663
1789563331,10,,Aggregated,31.700000,0.000000,15,17,19,20,24,26,30,33,43,55,66,47530,0,15,16.515204691752604,3.914475999977185,65.79074599994783,224.25369240479696
1789563332,10,,Aggregated,31.900000,0.000000,15,17,19,20,24,26,30,33,43,55,66,47568,0,15,16.515629837327637,3.914475999977185,65.79074599994783,224.2509670366633
1789563333,10,,Aggregated,32.200000,0.000000,15,17,19,20,24,26,30,33,43,55,66,47596,0,15,16.516007062169095,3.914475999977185,65.79074599994783,224.24993696949323
1789563334,10,,Aggregated,31.900000,0.000000,15,17,19,20,24,26,30,33,43,55,66,47629,0,15,16.516349944928542,3.914475999977185,65.79074599994783,224.25100254046905
1789563335,10,,Aggregated,32.000000,0.000000,15,17,19,20,24,26,30,33,43,55,66,47660,0,15,16.516329584893022,3.914475999977185,65.79074599994783,224.25432228283677
1789563336,10,,Aggregated,31.500000,0.000000,15,17,19,20,24,26,30,33,43,55,66,47694,0,15,16.5167538765044,3.914475999977185,65.79074599994783,224.2517926783243
1789563337,10,,Aggregated,32.300000,0.000000,15,17,19,20,24,26,30,33,43,55,66,47726,0,15,16.51738390650801,3.914475999977185,65.79074599994783,224.2486066295101
1789563338,10,,Aggregated,32.400000,0.000000,15,17,19,20,24,26,30,33,43,55,66,47758,0,15,16.51631804533276,3.914475999977185,65.79074599994783,224.25019891955276
1789563339,10,,Aggregated,32.200000,0.000000,15,17,19,20,24,26,30,33,43,55,66,47790,0,15,16.515485808914036,3.914475999977185,65.79074599994783,224.25360954174513
1789563340,10,,Aggregated,32.700000,0.000000,15,17,19,20,24,26,30,33,43,55,66,47827,0,15,16.51485530957412,3.914475999977185,65.79074599994783,224.25523240010872
1789563341,10,,Aggregated,32.100000,0.000000,15,17,19,20,24,26,30,33,43,55,66,47859,0,15,16.51741949643749,3.914475999977185,65.79074599994783,224.2595750015671
1789563342,10,,Aggregated,32.300000,0.000000,15,17,19,20,24,26,30,33,43,55,66,47891,0,15,16.516995861289242,3.914475999977185,65.79074599994783,224.2601741454553
1789563343,10,,Aggregated,32.500000,0.000000,15,17,19,20,24,26,30,33,43,55,66,47922,0,15,16.517385257752235,3.914475999977185,65.79074599994783,224.25466382872168
1789563344,10,,Aggregated,32.400000,0.000000,15,17,19,20,24,26,30,33,43,55,66,47955,0,15,16.51725817531024,3.914475999977185,65.79074599994783,224.25473881764154
1789563345,10,,Aggregated,32.600000,0.000000,15,17,19,20,24,26,30,33,43,55,66,47986,0,15,16.517935588588408,3.914475999977185,65.79074599994783,224.25292793731506
1789563346,10,,Aggregated,33.100000,0.000000,15,17,19,20,24,26,30,33,43,55,66,48016,0,15,16.518365290798965,3.914475999977185,65.79074599994783,224.25272825724758
1789563347,10,,Aggregated,32.400000,0.000000,15,17,19,20,24,26,30,33,43,55,66,48046,0,15,16.517799392249145,3.914475999977185,65.79074599994783,224.25816925446446
1789563348,10,,Aggregated,32.400000,0.000000,15,17,19,20,24,26,30,33,43,55,66,48083,0,15,16.517540443296042,3.914475999977185,65.79074599994783,224.25992554541105
1789563349,10,,Aggregated,32.400000,0.000000,15,17,19,20,24,26,30,33,43,55,66,48115,0,15,16.51738717528846,3.914475999977185,65.79074599994783,224.25763275485815
1789563350,10,,Aggregated,31.900000,0.000000,15,17,19,20,24,26,30,33,43,55,66,48146,0,15,16.517560912121546,3.914475999977185,65.79074599994783,224.25871308104516
1789563351,10,,Aggregated,32.500000,0.000000,15,17,19,20,24,26,30,33,43,55,66,48177,0,15,16.51779720995504,3.914475999977185,65.79074599994783,224.25701060672105
1789563352,10,,Aggregated,32.600000,0.000000,15,17,19,20,24,26,30,33,43,55,66,48208,0,15,16.517327782650256,3.914475999977185,65.79074599994783,224.2581729173581
1789563353,10,,Aggregated,31.800000,0.000000,15,17,19,20,24,26,30,33,43,55,66,48241,0,15,16.51657443726299,3.914475999977185,65.79074599994783,224.26110569847225
1789563354,10,,Aggregated,31.700000,0.000000,15,17,19,20,24,26,30,33,43,55,66,48267,0,15,16.516582993225267,3.914475999977185,65.79074599994783,224.26220813392172
1789563355,10,,Aggregated,31.600000,0.000000,15,17,19,20,24,26,30,33,43,55,66,48300,0,15,16.516333634451396,3.914475999977185,65.79074599994783,224.26033126293996
1789563356,10,,Aggregated,31.200000,0.000000,15,17,19,20,24,26,30,33,43,55,66,48329,0,15,16.517561794347134,3.914475999977185,65.79074599994783,224.26342361728982
1789563357,10,,Aggregated,31.000000,0.000000,15,17,19,20,24,26,30,33,43,55,66,48364,0,15,16.517767354830088,3.914475999977185,65.79074599994783,224.26137209494667
1789563358,10,,Aggregated,31.500000,0.000000,15,17,19,20,24,26,30,33,43,55,66,48395,0,15,16.518035993449786,3.914475999977185,65.79074599994783,224.26151461927884
1789563359,10,,Aggregated,31.200000,0.000000,15,17,19,20,24,26,30,33,43,55,66,48432,0,15,16.51807639504879,3.914475999977185,65.79074599994783,224.2603650479022
1789563360,10,,Aggregated,31.500000,0.000000,15,17,19,20,24,26,30,33,43,55,66,48462,0,15,16.517405562131213,3.914475999977185,65.79074599994783,224.26109116421114
1789563361,10,,Aggregated,31.000000,0.000000,15,17,19,20,24,26,30,33,43,55,66,48495,0,15,16.51803394189098,3.914475999977185,65.79074599994783,224.25728425610887
1789563362,10,,Aggregated,31.000000,0.000000,15,17,19,20,24,26,30,33,43,55,66,48523,0,15,16.51825366774526,3.914475999977185,65.79074599994783,224.26000041217566
1789563363,10,,Aggregated,31.800000,0.000000,15,17,19,20,24,26,30,33,43,55,66,48551,0,15,16.518352581120965,3.914475999977185,65.79074599994783,224.25612242796234
1789563364,10,,Aggregated,31.600000,0.000000,15,17,19,20,24,26,30,33,43,55,66,48581,0,15,16.517456487083496,3.914475999977185,65.79074599994783,224.25612893929727
1789563365,10,,Aggregated,31.100000,0.000000,15,17,19,20,24,26,30,33,43,55,66,48613,0,15,16.51846980702698,3.914475999977185,65.79074599994783,224.25665974122148
1789563366,10,,Aggregated,31.000000,0.000000,15,17,19,20,24,26,30,33,43,55,66,48646,0,15,16.519117190046515,3.914475999977185,65.79074599994783,224.25584837396704
1789563367,10,,Aggregated,31.300000,0.000000,15,17,19,20,24,26,30,33,43,55,66,48678,0,15,16.5192606987757,3.914475999977185,65.79074599994783,224.25352315214266
1789563368,10,,Aggregated,31.100000,0.000000,15,17,19,20,24,26,30,33,43,55,66,48713,0,15,16.520133468560825,3.914475999977185,65.79074599994783,224.24779832898815
1789563369,10,,Aggregated,31.800000,0.000000,15,17,19,20,24,26,30,33,43,55,66,48745,0,15,16.51979045438513,3.914475999977185,65.79074599994783,224.24734844599445
1789563370,10,,Aggregated,31.500000,0.000000,15,17,19,20,24,26,30,33,43,55,66,48775,0,15,16.51992974847776,3.914475999977185,65.79074599994783,224.24619169656586
1789563371,10,,Aggregated,31.800000,0.000000,15,17,19,20,24,26,30,33,43,55,66,48806,0,15,16.52038990997015,3.914475999977185,65.79074599994783,224.24062615252222
1789563372,10,,Aggregated,31.700000,0.000000,15,17,19,20,24,26,30,33,43,55,66,48840,0,15,16.521526491666723,3.914475999977185,65.79074599994783,224.247542997543
1789563373,10,,Aggregated,31.000000,0.000000,15,17,19,20,24,26,30,33,43,55,66,48874,0,15,16.521761714654073,3.914475999977185,65.79074599994783,224.24788230961246
1789563374,10,,Aggregated,31.600000,0.000000,15,17,19,20,24,26,30,33,43,55,66,48903,0,15,16.521390253399666,3.914475999977185,65.79074599994783,224.2481238369834
1789563375,10,,Aggregated,32.200000,0.000000,15,17,19,20,24,26,30,33,43,55,66,48934,0,15,16.522400807741125,3.914475999977185,65.79074599994783,224.2464339722892
1789563376,10,,Aggregated,32.200000,0.000000,15,17,19,20,24,26,30,33,43,55,66,48965,0,15,16.522548898784926,3.914475999977185,65.79074599994783,224.24754416419893
1789563377,10,,Aggregated,32.200000,0.000000,15,17,19,20,24,26,30,33,43,55,66,48998,0,15,16.523030690109874,3.914475999977185,65.79074599994783,224.24288746479448
1789563378,10,,Aggregated,31.900000,0.000000,15,17,19,20,24,26,30,33,43,55,66,49026,0,15,16.52425409739737,3.914475999977185,65.79074599994783,224.24476808224208
1789563379,10,,Aggregated,31.700000,0.000000,15,17,19,20,24,26,30,33,43,55,66,49058,0,15,16.523434335133988,3.914475999977185,65.79074599994783,224.24632068164215
1789563380,10,,Aggregated,31.500000,0.000000,15,17,19,20,24,26,30,33,43,55,66,49089,0,15,16.523674510990308,3.914475999977185,65.79074599994783,224.24459654912505
1789563381,10,,Aggregated,31.400000,0.000000,15,17,19,20,24,26,30,33,43,55,66,49118,0,15,16.522730642432567,3.914475999977185,65.79074599994783,224.2477503155666
1789563382,10,,Aggregated,31.000000,0.000000,15,17,19,20,24,26,30,33,43,55,66,49153,0,15,16.52264228612705,3.914475999977185,65.79074599994783,224.25137834923606
1789563383,10,,Aggregated,31.300000,0.000000,15,17,19,20,24,26,30,33,43,55,66,49180,0,15,16.522686791155014,3.914475999977185,65.79074599994783,224.24814965433103
1789563384,10,,Aggregated,30.900000,0.000000,15,17,19,20,24,26,30,33,43,55,66,49211,0,15,16.523436865253775,3.914475999977185,65.79074599994783,224.2474446770031
1789563385,10,,Aggregated,30.900000,0.000000,15,17,19,20,24,26,30,33,43,55,66,49244,0,15,16.523316449801065,3.914475999977185,65.79074599994783,224.2446186337422
1789563386,10,,Aggregated,31.000000,0.000000,15,17,19,20,24,26,30,33,43,55,66,49277,0,15,16.523207391562053,3.914475999977185,65.79074599994783,224.24185725592062
1789563387,10,,Aggregated,30.700000,0.000000,15,17,19,20,24,26,30,33,43,55,66,49311,0,15,16.523314477276944,3.914475999977185,65.79074599994783,224.24690231388533
1789563388,10,,Aggregated,31.200000,0.000000,15,17,19,20,24,26,30,33,43,55,66,49345,0,15,16.523018403404688,3.914475999977185,65.79074599994783,224.2491437835647
1789563389,10,,Aggregated,31.200000,0.000000,15,17,19,20,24,26,30,33,43,55,66,49377,0,15,16.522610986410733,3.914475999977185,65.79074599994783,224.24780768373938
1789563390,10,,Aggregated,31.800000,0.000000,15,17,19,20,24,26,30,33,43,55,66,49409,0,15,16.52224521182379,3.914475999977185,65.79074599994783,224.24649355380598
1789563391,10,,Aggregated,32.100000,0.000000,15,17,19,20,24,26,30,33,43,55,66,49438,0,15,16.521047592843598,3.914475999977185,65.79074599994783,224.24404304381244
1789563392,10,,Aggregated,32.200000,0.000000,15,17,19,20,24,26,30,33,43,55,66,49472,0,15,16.520320304071006,3.914475999977185,65.79074599994783,224.24460300776195
1789563393,10,,Aggregated,32.100000,0.000000,15,17,19,20,24,26,30,33,43,55,66,49503,0,15,16.519895822515828,3.914475999977185,65.79074599994783,224.2455810758944
1789563394,10,,Aggregated,32.200000,0.000000,15,17,19,20,24,26,30,33,43,55,66,49530,0,15,16.519412992893212,3.914475999977185,65.79074599994783,224.2413890571371
1789563395,10,,Aggregated,31.900000,0.000000,15,17,19,20,24,26,30,33,43,55,66,49562,0,15,16.51977641063718,3.914475999977185,65.79074599994783,224.23899358379404
1789563396,10,,Aggregated,31.900000,0.000000,15,17,19,20,24,26,30,33,43,55,66,49594,0,15,16.518845662136556,3.914475999977185,65.79074599994783,224.23956526999234
1789563397,10,,Aggregated,31.900000,0.000000,15,17,19,20,24,26,30,33,43,55,66,49625,0,15,16.51909961730982,3.914475999977185,65.79074599994783,224.24062468513853
1789563398,10,,Aggregated,31.800000,0.000000,15,17,19,20,24,26,30,33,43,55,66,49656,0,15,16.519067449170283,3.914475999977185,65.79074599994783,224.24071612695343
1789563399,10,,Aggregated,31.700000,0.000000,15,17,19,20,24,26,30,33,43,55,66,49682,0,15,16.518963948552788,3.914475999977185,65.79074599994783,224.23889940018518
1789563400,10,,Aggregated,31.100000,0.000000,15,17,19,20,24,26,30,33,43,55,66,49717,0,15,16.517716928233778,3.914475999977185,65.79074599994783,224.23792666492346
1789563401,10,,Aggregated,30.500000,0.000000,15,17,19,20,24,26,30,33,43,55,66,49750,0,15,16.517873615819056,3.914475999977185,65.79074599994783,224.23433165829147
1789563402,10,,Aggregated,30.700000,0.000000,15,17,19,20,24,26,30,33,43,55,66,49782,0,15,16.517776685167306,3.914475999977185,65.79074599994783,224.22940018480574
1789563403,10,,Aggregated,30.700000,0.000000,15,17,19,20,24,26,30,33,43,55,66,49809,0,15,16.518111508663075,3.914475999977185,65.79074599994783,224.22801100202776
1789563404,10,,Aggregated,30.800000,0.000000,15,17,19,20,24,26,30,33,43,55,66,49847,0,15,16.51847003131579,3.914475999977185,65.79074599994783,224.23002387305155
1789563405,10,,Aggregated,30.700000,0.000000,15,17,19,20,24,26,30,33,43,55,66,49875,0,15,16.518588157714248,3.914475999977185,65.79074599994783,224.22999498746867
1789563406,10,,Aggregated,30.600000,0.000000,15,17,19,20,24,26,30,33,43,55,66,49907,0,15,16.51937903133825,3.7748969998574466,65.79074599994783,224.2278638267177
1789563407,10,,Aggregated,31.400000,0.000000,15,17,19,20,24,26,30,33,43,55,66,49937,0,15,16.520327950397466,3.7748969998574466,65.79074599994783,224.2294290806416
1789563408,10,,Aggregated,30.800000,0.000000,15,17,19,20,24,26,30,33,43,55,66,49973,0,15,16.521128825585784,3.7748969998574466,65.79074599994783,224.23074460208514
1789563409,10,,Aggregated,31.200000,0.000000,15,17,19,20,24,26,30,33,43,54,66,50001,0,15,16.521654376692425,3.7748969998574466,65.79074599994783,224.23145537089258
1789563410,10,,Aggregated,31.400000,0.000000,15,17,19,20,24,26,30,33,43,54,66,50031,0,15,16.52062971219839,3.7748969998574466,65.79074599994783,224.22853830625013
1789563411,10,,Aggregated,31.600000,0.000000,15,17,19,20,24,26,30,33,43,54,66,50066,0,15,16.52105079612905,3.7748969998574466,65.79074599994783,224.2265609395598
1789563412,10,,Aggregated,31.300000,0.000000,15,17,19,20,24,26,30,33,43,54,66,50093,0,15,16.520241476274066,3.7748969998574466,65.79074599994783,224.22518116303675
1789563413,10,,Aggregated,31.600000,0.000000,15,17,19,20,24,26,30,33,43,54,66,50129,0,15,16.519032732928984,3.7748969998574466,65.79074599994783,224.22737337668815
1789563414,10,,Aggregated,31.200000,0.000000,15,17,19,20,24,26,30,33,43,54,66,50158,0,15,16.519856198692086,3.7748969998574466,65.79074599994783,224.22584632561106
1789563415,10,,Aggregated,31.500000,0.000000,15,17,19,20,24,26,30,33,43,54,66,50195,0,15,16.51908217392166,3.7748969998574466,65.79074599994783,224.22653650762027
1789563416,10,,Aggregated,32.100000,0.000000,15,17,19,20,24,26,30,33,43,54,66,50229,0,15,16.51788961840766,3.7748969998574466,65.79074599994783,224.22781659997213
1789563417,10,,Aggregated,31.800000,0.000000,15,17,19,20,24,26,30,33,43,54,66,50258,0,15,16.518262841418245,3.7748969998574466,65.79074599994783,224.2253571570695
1789563418,10,,Aggregated,32.300000,0.000000,15,17,19,20,24,26,30,33,43,54,66,50291,0,15,16.5178488223141,3.7748969998574466,65.79074599994783,224.22441391103777
1789563419,10,,Aggregated,32.200000,0.000000,15,17,19,20,24,26,30,33,43,54,66,50323,0,15,16.516790153885875,3.7748969998574466,65.79074599994783,224.22313852512767
1789563420,10,,Aggregated,31.900000,0.000000,15,17,19,20,24,26,30,33,43,54,66,50351,0,15,16.5165286428472,3.7748969998574466,65.79074599994783,224.22307402037694
1789563421,10,,Aggregated,32.200000,0.000000,15,17,19,20,24,26,30,33,43,54,66,50380,0,15,16.51774228406111,3.7748969998574466,65.79074599994783,224.22695514092894
1789563422,10,,Aggregated,32.100000,0.000000,15,17,19,20,24,26,30,33,43,54,66,50415,0,15,16.516379311276395,3.7748969998574466,65.79074599994783,224.2296538728553
1789563423,10,,Aggregated,31.700000,0.000000,15,17,19,20,24,26,30,33,43,54,66,50444,0,15,16.51770229176907,3.7748969998574466,65.79074599994783,224.22898659900088
1789563424,10,,Aggregated,31.800000,0.000000,15,17,19,20,24,26,30,33,43,54,66,50477,0,15,16.519148579075605,3.7748969998574466,65.79074599994783,224.2281038888999
1789563425,10,,Aggregated,31.600000,0.000000,15,17,19,20,24,26,30,33,43,54,66,50509,0,15,16.519186564453832,3.7748969998574466,65.79074599994783,224.2287117147439
1789563426,10,,Aggregated,31.200000,0.000000,15,17,19,20,24,26,30,33,43,54,66,50539,0,15,16.51891926973226,3.7748969998574466,65.79074599994783,224.23023803399354
1789563427,10,,Aggregated,31.400000,0.000000,15,17,19,20,24,26,30,33,43,54,66,50570,0,15,16.51846856280404,3.7748969998574466,65.79074599994783,224.2313229187265
1789563428,10,,Aggregated,31.000000,0.000000,15,17,19,20,24,26,30,33,43,54,66,50603,0,15,16.518940588482888,3.7748969998574466,65.79074599994783,224.23229848032724
1789563429,10,,Aggregated,31.000000,0.000000,15,17,19,20,24,26,30,33,43,54,66,50634,0,15,16.51845789114033,3.7748969998574466,65.79074599994783,224.2288580795513
1789563430,10,,Aggregated,31.100000,0.000000,15,17,19,20,24,26,30,33,43,54,66,50663,0,15,16.51845549436471,3.7748969998574466,65.79074599994783,224.22470047174465
1789563431,10,,Aggregated,30.500000,0.000000,15,17,19,20,24,26,30,33,43,54,66,50695,0,15,16.5185586897919,3.7748969998574466,65.79074599994783,224.22706381299932
1789563432,10,,Aggregated,31.000000,0.000000,15,17,19,20,24,26,30,33,43,55,66,50725,0,15,16.519929600946277,3.7748969998574466,65.79074599994783,224.22690980778708
1789563433,10,,Aggregated,31.300000,0.000000,15,17,19,20,24,26,30,33,43,55,66,50754,0,15,16.51907823982346,3.7748969998574466,65.79074599994783,224.22731213303385
1789563434,10,,Aggregated,31.400000,0.000000,15,17,19,20,24,26,30,33,43,55,66,50787,0,15,16.52012515448836,3.7748969998574466,65.79074599994783,224.2282670762203
1789563435,10,,Aggregated,31.200000,0.000000,15,17,19,20,24,26,30,33,43,55,66,50821,0,15,16.51986998189727,3.7748969998574466,65.79074599994783,224.2313610515338
1789563436,10,,Aggregated,31.200000,0.000000,15,17,19,20,24,26,30,33,43,55,66,50850,0,15,16.519501333510323,3.7748969998574466,65.79074599994783,224.23531956735496
1789563437,10,,Aggregated,31.000000,0.000000,15,17,19,20,24,26,30,33,43,55,66,50877,0,15,16.519807832497985,3.7748969998574466,65.79074599994783,224.23930263183757
1789563438,10,,Aggregated,31.300000,0.000000,15,17,19,20,24,26,30,33,44,55,66,50911,0,15,16.52218918392882,3.7748969998574466,65.79074599994783,224.23613757341244
1789563439,10,,Aggregated,31.100000,0.000000,15,17,19,20,24,26,30,33,44,55,66,50940,0,15,16.5215547074205,3.7748969998574466,65.79074599994783,224.23745583038868
1789563440,10,,Aggregated,30.800000,0.000000,15,17,19,20,24,26,30,33,44,55,66,50973,0,15,16.520900733192082,3.7748969998574466,65.79074599994783,224.2374198104879
1789563441,10,,Aggregated,31.100000,0.000000,15,17,19,20,24,26,30,33,43,55,66,51006,0,15,16.521385268321367,3.7748969998574466,65.79074599994783,224.2383249029526
1789563442,10,,Aggregated,30.900000,0.000000,15,17,19,20,24,26,30,33,43,55,66,51040,0,15,16.520928867672403,3.7748969998574466,65.79074599994783,224.24410266457681
1789563443,10,,Aggregated,30.900000,0.000000,15,17,19,20,24,26,30,33,43,55,66,51068,0,15,16.522091366707134,3.7748969998574466,65.79074599994783,224.24042453199655
1789563444,10,,Aggregated,31.100000,0.000000,15,17,19,20,24,26,30,33,43,55,66,51103,0,15,16.52346957638495,3.7748969998574466,65.79074599994783,224.24288202258185
1789563445,10,,Aggregated,31.600000,0.000000,15,17,19,20,24,26,30,33,43,55,66,51134,0,15,16.523439815680373,3.7748969998574466,65.79074599994783,224.24038800015646
1789563446,10,,Aggregated,31.700000,0.000000,15,17,19,20,24,26,30,33,43,55,66,51170,0,15,16.522893868829396,3.7748969998574466,65.79074599994783,224.2423099472347
1789563447,10,,Aggregated,31.800000,0.000000,15,17,19,20,24,26,30,33,43,55,66,51199,0,15,16.522132514599907,3.7748969998574466,65.79074599994783,224.24529775972186
1789563448,10,,Aggregated,31.300000,0.000000,15,17,19,20,24,26,30,33,43,55,66,51232,0,15,16.522806698977227,3.7748969998574466,65.79074599994783,224.24978529044347
1789563449,10,,Aggregated,31.900000,0.000000,15,17,19,20,24,26,30,33,43,55,66,51260,0,15,16.52277423823648,3.7748969998574466,65.79074599994783,224.24619586422162
1789563450,10,,Aggregated,32.100000,0.000000,15,17,19,20,24,26,30,33,43,55,66,51293,0,15,16.523235454370038,3.7748969998574466,65.79074599994783,224.24617394186342
1789563451,10,,Aggregated,31.900000,0.000000,15,17,19,20,24,26,30,33,43,55,66,51321,0,15,16.52337204996011,3.7748969998574466,65.79074599994783,224.2460786033008
1789563452,10,,Aggregated,31.400000,0.000000,15,17,19,20,24,26,30,33,43,55,66,51354,0,15,16.523882042606267,3.7748969998574466,65.79074599994783,224.2487050667913
1789563453,10,,Aggregated,31.700000,0.000000,15,17,19,20,24,26,30,33,43,55,66,51385,0,15,16.524081190074984,3.7748969998574466,65.79074599994783,224.24880801790405
1789563454,10,,Aggregated,31.500000,0.000000,15,17,19,20,24,26,30,33,43,55,66,51421,0,15,16.52496927344865,3.7748969998574466,65.79074599994783,224.25001458548064
1789563455,10,,Aggregated,31.300000,0.000000,15,17,19,20,24,26,30,33,43,55,66,51452,0,15,16.524522499883446,3.7748969998574466,65.79074599994783,224.25377050454793
1789563456,10,,Aggregated,31.200000,0.000000,15,17,19,20,24,26,30,33,43,55,66,51482,0,15,16.52448472003812,3.7748969998574466,65.79074599994783,224.25173847169884
1789563457,10,,Aggregated,31.300000,0.000000,15,17,19,20,24,26,30,33,43,55,66,51514,0,15,16.52564295756498,3.7748969998574466,65.79074599994783,224.25313507007803
1789563458,10,,Aggregated,31.900000,0.000000,15,17,19,20,24,26,30,33,43,55,66,51546,0,15,16.526550243316695,3.7748969998574466,65.79074599994783,224.25808016140923
1789563459,10,,Aggregated,31.000000,0.000000,15,17,19,20,24,26,30,33,43,55,66,51579,0,15,16.525310020880617,3.7748969998574466,65.79074599994783,224.25636402411834
1789563460,10,,Aggregated,31.200000,0.000000,15,17,19,20,24,26,30,33,43,55,66,51611,0,15,16.524805933735095,3.7748969998574466,65.79074599994783,224.25513940826568
1789563461,10,,Aggregated,31.500000,0.000000,15,17,19,20,24,26,30,33,43,55,66,51643,0,15,16.524440519199146,3.7748969998574466,65.79074599994783,224.2565110469957
1789563462,10,,Aggregated,32.200000,0.000000,15,17,19,20,24,26,30,33,43,55,66,51675,0,15,16.525073386318365,3.7748969998574466,65.79074599994783,224.25619738751814
1789563463,10,,Aggregated,31.900000,0.000000,15,17,19,20,24,26,30,33,43,55,66,51711,0,15,16.524223912533138,3.7748969998574466,65.79074599994783,224.25650248496453
1789563464,10,,Aggregated,32.100000,0.000000,15,17,19,20,24,26,30,33,43,55,66,51743,0,15,16.523933505401722,3.7748969998574466,65.79074599994783,224.25703959955936
1789563465,10,,Aggregated,32.200000,0.000000,15,17,19,20,24,26,30,33,43,55,66,51777,0,15,16.523845394480187,3.7748969998574466,65.79074599994783,224.25830001738223
1789563466,10,,Aggregated,32.700000,0.000000,15,17,19,20,24,26,30,33,43,55,66,51809,0,15,16.52331911766297,3.7748969998574466,65.79074599994783,224.2517902294968
1789563467,10,,Aggregated,32.500000,0.000000,15,17,19,20,24,26,30,33,43,55,66,51841,0,15,16.523450909723966,3.7748969998574466,65.79074599994783,224.2488570822322
1789563468,10,,Aggregated,32.500000,0.000000,15,17,19,20,24,26,30,33,43,55,66,51872,0,15,16.523675489223475,3.7748969998574466,65.79074599994783,224.24556600863664
1789563469,10,,Aggregated,32.500000,0.000000,15,17,19,20,24,26,30,33,43,55,66,51906,0,15,16.52239680023505,3.7748969998574466,65.79074599994783,224.24866104111277
1789563470,10,,Aggregated,32.900000,0.000000,15,17,19,20,24,26,30,33,43,55,66,51933,0,15,16.52299344445728,3.7748969998574466,65.79074599994783,224.24999518610517
1789563471,10,,Aggregated,32.600000,0.000000,15,17,19,20,24,26,30,33,43,55,66,51971,0,15,16.523872129399116,3.7748969998574466,65.79074599994783,224.24844624886956
1789563472,10,,Aggregated,32.600000,0.000000,15,17,19,20,24,26,30,33,43,55,66,52003,0,15,16.524287455358362,3.7748969998574466,65.79074599994783,224.25077399380805
1789563473,10,,Aggregated,32.400000,0.000000,15,17,19,20,24,26,30,33,43,55,66,52038,0,15,16.523616027134036,3.7748969998574466,65.79074599994783,224.24899112187248
1789563474,10,,Aggregated,32.700000,0.000000,15,17,19,20,24,26,30,33,43,55,66,52069,0,15,16.524403526071183,3.7748969998574466,65.79074599994783,224.2492269872669
1789563475,10,,Aggregated,32.600000,0.000000,15,17,19,20,24,26,30,33,43,55,66,52098,0,15,16.524464097354983,3.7748969998574466,65.79074599994783,224.24956812161696
1789563476,10,,Aggregated,32.300000,0.000000,15,17,19,20,24,26,30,33,43,55,66,52133,0,15,16.52405847520764,3.7748969998574466,65.79074599994783,224.25045556557268
1789563477,10,,Aggregated,32.100000,0.000000,15,17,19,20,24,26,30,33,43,55,66,52164,0,15,16.524507823383942,3.7748969998574466,65.79074599994783,224.24892646269458
1789563478,10,,Aggregated,31.900000,0.000000,15,17,19,20,24,26,30,33,43,55,66,52199,0,15,16.524991069369147,3.7748969998574466,65.79074599994783,224.24870208241538
1789563479,10,,Aggregated,32.700000,0.000000,15,17,19,20,24,26,30,33,43,55,66,52230,0,15,16.52470063254834,3.7748969998574466,65.79074599994783,224.25050737124258
1789563480,10,,Aggregated,32.100000,0.000000,15,17,19,20,24,26,30,33,43,55,66,52263,0,15,16.52528260513172,3.7748969998574466,65.79074599994783,224.24793831199892
1789563481,10,,Aggregated,32.800000,0.000000,15,17,19,20,24,26,30,33,43,55,66,52295,0,15,16.526533893125517,3.7748969998574466,65.79074599994783,224.24495649679702
1789563482,10,,Aggregated,32.400000,0.000000,15,17,19,20,24,26,30,33,43,55,66,52325,0,15,16.526772992030544,3.7748969998574466,65.79074599994783,224.24305781175346
1789563483,10,,Aggregated,32.400000,0.000000,15,17,19,20,24,26,30,33,43,55,66,52354,0,15,16.5279532339458,3.7748969998574466,65.79074599994783,224.24504335867366
1789563484,10,,Aggregated,32.200000,0.000000,15,17,19,20,24,26,30,33,43,55,66,52385,0,15,16.528151611243658,3.7748969998574466,65.79074599994783,224.2476281378257
1789563485,10,,Aggregated,32.000000,0.000000,15,17,19,20,24,26,30,33,43,55,66,52417,0,15,16.52761531388669,3.7748969998574466,65.79074599994783,224.24720987465898
1789563486,10,,Aggregated,31.900000,0.000000,15,17,19,20,24,26,30,33,43,55,66,52444,0,15,16.528312726603588,3.7748969998574466,65.79074599994783,224.24403172908245
1789563487,10,,Aggregated,31.600000,0.000000,15,17,19,20,24,26,30,33,43,55,66,52474,0,15,16.52811750053356,3.7748969998574466,65.79074599994783,224.24387315622974
1789563488,10,,Aggregated,31.300000,0.000000,15,17,19,20,24,26,30,33,43,55,66,52506,0,15,16.52975416457163,3.7748969998574466,65.79074599994783,224.24102007389632
1789563489,10,,Aggregated,31.000000,0.000000,15,17,19,20,24,26,30,33,43,55,66,52536,0,15,16.52991516088011,3.7748969998574466,65.79074599994783,224.2389599512715
1789563490,10,,Aggregated,31.200000,0.000000,15,17,19,20,24,26,30,33,43,55,66,52573,0,15,16.529501023966628,3.7748969998574466,65.79074599994783,224.24048465942593
1789563491,10,,Aggregated,30.500000,0.000000,15,17,19,20,24,26,30,33,43,55,66,52603,0,15,16.529787187517773,3.7748969998574466,65.79074599994783,224.2402714674068
1789563492,10,,Aggregated,30.600000,0.000000,15,17,19,20,24,26,30,33,43,55,66,52637,0,15,16.52904574193053,3.7748969998574466,65.79074599994783,224.24323194710945
1789563493,10,,Aggregated,31.100000,0.000000,15,17,19,20,24,26,30,33,43,55,66,52667,0,15,16.529068066246378,3.7748969998574466,65.79074599994783,224.24297947481344
1789563494,10,,Aggregated,30.700000,0.000000,15,17,19,20,24,26,30,33,43,55,66,52699,0,15,16.528655612155813,3.7748969998574466,65.79074599994783,224.24347710582742
1789563495,10,,Aggregated,31.200000,0.000000,15,17,19,20,24,26,30,33,43,55,66,52725,0,15,16.528521860275017,3.7748969998574466,65.79074599994783,224.24176386913228
1789563496,10,,Aggregated,30.800000,0.000000,15,17,19,20,24,26,30,33,43,55,66,52757,0,15,16.52854019633413,3.7748969998574466,65.79074599994783,224.2431904770931
1789563497,10,,Aggregated,31.200000,0.000000,15,17,19,20,24,26,30,33,43,55,66,52789,0,15,16.5288100705071,3.7748969998574466,65.79074599994783,224.24366818844834
1789563498,10,,Aggregated,31.200000,0.000000,15,17,19,20,24,26,30,33,43,55,66,52822,0,15,16.52804271905644,3.7748969998574466,65.79074599994783,224.241944644277
1789563499,10,,Aggregated,31.100000,0.000000,15,17,19,20,24,26,30,33,43,55,66,52853,0,15,16.528350144495093,3.7748969998574466,65.79074599994783,224.2404026261518
1789563500,10,,Aggregated,31.100000,0.000000,15,17,19,20,24,26,30,33,43,55,66,52889,0,15,16.52744829499518,3.7748969998574466,65.79074599994783,224.24231881865794
1789563501,10,,Aggregated,31.600000,0.000000,15,17,19,20,24,26,30,33,43,55,66,52919,0,15,16.528220485572287,3.7748969998574466,65.79074599994783,224.24374988189498
1789563502,10,,Aggregated,31.500000,0.000000,15,17,19,20,24,26,30,33,43,55,66,52953,0,15,16.52942699869695,3.7748969998574466,65.79074599994783,224.2390044001284
1789563503,10,,Aggregated,31.400000,0.000000,15,17,19,20,24,26,30,33,43,55,66,52984,0,15,16.529707123829816,3.7748969998574466,65.79074599994783,224.24260154008758
1789563504,10,,Aggregated,31.600000,0.000000,15,17,19,20,24,26,30,33,43,55,66,53016,0,15,16.528807705164457,3.7748969998574466,65.79074599994783,224.24222876112873
1789563505,10,,Aggregated,31.400000,0.000000,15,17,19,20,24,26,30,33,43,55,66,53047,0,15,16.52930323416967,3.7748969998574466,65.79074599994783,224.24318057571588
1789563506,10,,Aggregated,31.900000,0.000000,15,17,19,20,24,26,30,33,43,55,66,53081,0,15,16.530333298920464,3.7748969998574466,65.79074599994783,224.24434355042294
1789563507,10,,Aggregated,31.900000,0.000000,15,17,19,20,24,26,30,33,43,55,66,53116,0,15,16.530736029972093,3.7748969998574466,65.79074599994783,224.2435047819866
1789563508,10,,Aggregated,32.300000,0.000000,15,17,19,20,24,26,30,33,43,55,66,53148,0,15,16.53028331022804,3.7748969998574466,65.79074599994783,224.24819372318808
1789563509,10,,Aggregated,32.200000,0.000000,15,17,19,20,24,26,30,33,43,55,66,53178,0,15,16.530120847643747,3.7748969998574466,65.79074599994783,224.25228477942005
1789563510,10,,Aggregated,32.600000,0.000000,15,17,19,20,24,26,30,33,43,55,66,53207,0,15,16.530993159603014,3.7748969998574466,65.79074599994783,224.25331253406506
1789563511,10,,Aggregated,32.400000,0.000000,15,17,19,20,24,26,30,33,43,55,66,53236,0,15,16.531508619806118,3.7748969998574466,65.79074599994783,224.2563115185213
1789563512,10,,Aggregated,32.300000,0.000000,15,17,19,20,24,26,30,33,43,55,66,53267,0,15,16.53101037899632,3.7748969998574466,65.79074599994783,224.26079936921545
1789563513,10,,Aggregated,31.900000,0.000000,15,17,19,20,24,26,30,33,43,55,66,53298,0,15,16.53160753983257,3.7748969998574466,65.79074599994783,224.263480806034
1789563514,10,,Aggregated,31.400000,0.000000,15,17,19,20,24,26,30,33,43,55,66,53325,0,15,16.531024344378746,3.7748969998574466,65.79074599994783,224.263872480075
1789563515,10,,Aggregated,31.400000,0.000000,15,17,19,20,24,26,30,33,43,55,66,53356,0,15,16.530681820470008,3.7748969998574466,65.79074599994783,224.26576205112826
1789563516,10,,Aggregated,31.200000,0.000000,15,17,19,20,24,26,30,33,43,55,66,53392,0,15,16.530974263354036,3.7748969998574466,65.79074599994783,224.26680026970334
1789563517,10,,Aggregated,30.800000,0.000000,15,17,19,20,24,26,30,33,43,55,66,53421,0,15,16.531284130922256,3.7748969998574466,65.79074599994783,224.26966923120122
1789563518,10,,Aggregated,31.000000,0.000000,15,17,19,20,24,26,30,33,43,55,66,53450,0,15,16.53093893130026,3.7748969998574466,65.79074599994783,224.27255378858746
1789563519,10,,Aggregated,31.200000,0.000000,15,17,19,20,24,26,30,33,43,55,66,53483,0,15,16.530936756128106,3.7748969998574466,65.79074599994783,224.27088981545538
1789563520,10,,Aggregated,30.500000,0.000000,15,17,19,20,24,26,30,33,43,55,66,53515,0,15,16.53100665561054,3.7748969998574466,65.79074599994783,224.27140054190414
1789563521,10,,Aggregated,30.200000,0.000000,15,17,19,20,24,26,30,33,43,55,66,53541,0,15,16.530854462561383,3.7748969998574466,65.79074599994783,224.27145552006874
1789563522,10,,Aggregated,30.600000,0.000000,15,17,19,20,24,26,30,33,43,55,66,53573,0,15,16.53115124822203,3.7748969998574466,65.79074599994783,224.2719653556829
1789563523,10,,Aggregated,30.700000,0.000000,15,17,19,20,24,26,30,33,43,55,66,53604,0,15,16.53178724373177,3.7748969998574466,65.79074599994783,224.271211103649
1789563524,10,,Aggregated,30.600000,0.000000,15,17,19,20,24,27,30,33,43,55,66,53640,0,15,16.532185763944778,3.7748969998574466,65.79074599994783,224.26810216256524
1789563525,10,,Aggregated,30.600000,0.000000,15,17,19,20,24,26,30,33,43,55,66,53670,0,15,16.53261033687344,3.7748969998574466,65.79074599994783,224.2644866778461
1789563526,10,,Aggregated,30.700000,0.000000,15,17,19,20,24,26,30,33,43,55,66,53702,0,15,16.532589500670344,3.7748969998574466,65.79074599994783,224.2625228110685
1789563527,10,,Aggregated,31.400000,0.000000,15,17,19,20,24,26,30,33,43,55,66,53734,0,15,16.532922760505443,3.7748969998574466,65.79074599994783,224.2622362005434
1789563528,10,,Aggregated,31.100000,0.000000,15,17,19,20,24,26,30,33,43,55,66,53766,0,15,16.533868093107166,3.7748969998574466,65.79074599994783,224.26271249488525
1789563529,10,,Aggregated,30.800000,0.000000,15,17,19,20,24,26,30,33,43,55,66,53797,0,15,16.5342742517055,3.7748969998574466,65.79074599994783,224.264605833039
1789563530,10,,Aggregated,31.100000,0.000000,15,17,19,20,24,27,30,33,43,55,66,53827,0,15,16.535526817006343,3.7748969998574466,65.79074599994783,224.2626377096996
1789563531,10,,Aggregated,31.300000,0.000000,15,17,19,20,24,26,30,33,43,55,66,53855,0,15,16.53601567341938,3.7748969998574466,65.79074599994783,224.2617769937796
1789563532,10,,Aggregated,31.100000,0.000000,15,17,19,20,24,26,30,33,43,55,66,53884,0,15,16.53592488083662,3.7748969998574466,65.79074599994783,224.26210006681018
1789563533,10,,Aggregated,30.900000,0.000000,15,17,19,20,24,26,30,33,43,55,66,53918,0,15,16.536236401888036,3.7748969998574466,65.79074599994783,224.26241700359805
1789563534,10,,Aggregated,31.400000,0.000000,15,17,19,20,24,26,30,33,43,55,66,53953,0,15,16.53635345862139,3.7748969998574466,65.79074599994783,224.26057865178953
1789563535,10,,Aggregated,31.000000,0.000000,15,17,19,20,24,26,30,33,43,55,66,53984,0,15,16.535523363459557,3.7748969998574466,65.79074599994783,224.2591138114997
1789563536,10,,Aggregated,31.200000,0.000000,15,17,19,20,24,26,30,33,43,55,66,54017,0,15,16.535466310217227,3.7748969998574466,65.79074599994783,224.2566414276987
1789563537,10,,Aggregated,31.200000,0.000000,15,17,19,20,24,26,30,33,43,55,66,54047,0,15,16.534899296020207,3.7748969998574466,65.79074599994783,224.25648047070143
1789563538,10,,Aggregated,31.300000,0.000000,15,17,19,20,24,26,30,33,43,55,66,54080,0,15,16.535625189515585,3.7748969998574466,65.79074599994783,224.25649038461538
1789563539,10,,Aggregated,31.800000,0.000000,15,17,19,20,24,26,30,33,43,55,66,54108,0,15,16.53692962543436,3.7748969998574466,65.79074599994783,224.2555075035115
1789563540,10,,Aggregated,31.300000,0.000000,15,17,19,20,24,26,30,33,43,55,66,54142,0,15,16.537387719441533,3.7748969998574466,65.79074599994783,224.25503306120942
1789563541,10,,Aggregated,31.400000,0.000000,15,17,19,20,24,26,30,33,43,55,66,54173,0,15,16.537187716556275,3.7748969998574466,65.79074599994783,224.25752681224964
1789563542,10,,Aggregated,31.600000,0.000000,15,17,19,20,24,27,30,33,43,55,66,54204,0,15,16.538816962641196,3.7748969998574466,65.79074599994783,224.2576562615305
1789563543,10,,Aggregated,31.800000,0.000000,15,17,19,20,24,27,30,33,43,55,66,54231,0,15,16.538282537976514,3.7748969998574466,65.79074599994783,224.26141874573582
1789563544,10,,Aggregated,32.000000,0.000000,15,17,19,20,24,26,30,33,43,55,66,54264,0,15,16.538534195193954,3.7748969998574466,65.79074599994783,224.26223647353677
1789563545,10,,Aggregated,32.100000,0.000000,15,17,19,20,24,27,30,33,43,55,66,54289,0,15,16.539004965775852,3.7748969998574466,65.79074599994783,224.26277883180754
1789563546,10,,Aggregated,31.600000,0.000000,15,17,19,20,24,27,30,33,43,55,66,54327,0,15,16.541138356250208,3.7748969998574466,65.79074599994783,224.2587295451617
1789563547,10,,Aggregated,31.000000,0.000000,15,17,19,20,24,27,30,33,43,55,66,54356,0,15,16.540782285801107,3.7748969998574466,65.79074599994783,224.2591434248289
1789563548,10,,Aggregated,30.500000,0.000000,15,17,19,20,24,27,30,33,43,55,66,54384,0,15,16.540014959583793,3.7748969998574466,65.79074599994783,224.25816416593116
1789563549,10,,Aggregated,30.500000,0.000000,15,17,19,20,24,27,30,33,43,55,66,54414,0,15,16.54092932682772,3.7748969998574466,65.79074599994783,224.25627595839305
1789563550,10,,Aggregated,30.800000,0.000000,15,17,19,20,24,27,30,33,43,55,66,54447,0,15,16.541798255110546,3.7748969998574466,65.79074599994783,224.2563593953753
1789563551,10,,Aggregated,30.600000,0.000000,15,17,19,20,24,27,30,33,43,55,66,54472,0,15,16.542796028142977,3.7748969998574466,65.79074599994783,224.2543325011015
1789563552,10,,Aggregated,30.700000,0.000000,15,17,19,20,24,27,30,33,44,55,66,54505,0,15,16.54566856950742,3.7748969998574466,65.79074599994783,224.25349967892853
1789563553,10,,Aggregated,30.500000,0.000000,15,17,19,20,24,27,30,33,44,55,66,54539,0,15,16.54553280210496,3.7748969998574466,65.79074599994783,224.2522048442399
1789563554,10,,Aggregated,30.100000,0.000000,15,17,19,20,24,27,30,33,44,55,66,54571,0,15,16.545803040039615,3.7748969998574466,65.79074599994783,224.25355958292866
1789563555,10,,Aggregated,30.000000,0.000000,15,17,19,20,24,27,30,33,44,55,66,54604,0,15,16.546085547945246,3.7748969998574466,65.79074599994783,224.2536444216541
1789563556,10,,Aggregated,30.600000,0.000000,15,17,19,20,24,27,30,33,44,55,66,54636,0,15,16.545262578062115,3.7748969998574466,65.79074599994783,224.25486858481588
1789563557,10,,Aggregated,30.700000,0.000000,15,17,19,20,24,27,30,33,44,55,66,54668,0,15,16.545396048456155,3.7748969998574466,65.79074599994783,224.25367673959173
1789563558,10,,Aggregated,31.400000,0.000000,15,17,19,20,24,27,30,33,44,55,66,54700,0,15,16.546274480182824,3.7748969998574466,65.79074599994783,224.25338208409505
1789563559,10,,Aggregated,31.200000,0.000000,15,17,19,20,24,27,30,33,44,55,66,54732,0,15,16.54514458408246,3.7748969998574466,65.79074599994783,224.25387341957173
1789563560,10,,Aggregated,31.300000,0.000000,15,17,19,20,24,27,30,33,44,55,66,54762,0,15,16.543481026021738,3.7748969998574466,65.79074599994783,224.2494795661225
1789563561,10,,Aggregated,31.500000,0.000000,15,17,19,20,24,27,30,33,44,55,66,54789,0,15,16.54360163792008,3.7748969998574466,65.79074599994783,224.2464180766212
1789563562,10,,Aggregated,31.400000,0.000000,15,17,19,20,24,27,30,33,44,55,66,54823,0,15,16.54401913941232,3.7748969998574466,65.79074599994783,224.24934790142822
1789563563,10,,Aggregated,31.500000,0.000000,15,17,19,20,24,27,30,33,44,55,66,54850,0,15,16.543909028787628,3.7748969998574466,65.79074599994783,224.2513582497721
1789563564,10,,Aggregated,31.200000,0.000000,15,17,19,20,24,27,30,33,44,55,66,54879,0,15,16.54358481914761,3.7748969998574466,65.79074599994783,224.25091565079538
1789563565,10,,Aggregated,31.800000,0.000000,15,17,19,20,24,27,30,33,44,55,66,54912,0,15,16.543376467711965,3.7748969998574466,65.79074599994783,224.25346008158508
1789563566,10,,Aggregated,31.000000,0.000000,15,17,19,20,24,27,30,33,44,55,66,54945,0,15,16.543246455946846,3.7748969998574466,65.79074599994783,224.25844025844026
1789563567,10,,Aggregated,30.700000,0.000000,15,17,19,20,24,27,30,33,44,55,66,54974,0,15,16.54240346882163,3.7748969998574466,65.79074599994783,224.25950449303306
1789563568,10,,Aggregated,30.900000,0.000000,15,17,19,20,24,27,30,33,44,55,66,55004,0,15,16.542033384644743,3.7748969998574466,65.79074599994783,224.25767216929677
1789563569,10,,Aggregated,30.700000,0.000000,15,17,19,20,24,27,30,33,44,55,66,55037,0,15,16.5428932196159,3.7748969998574466,65.79074599994783,224.25851699765613
1789563570,10,,Aggregated,30.500000,0.000000,15,17,19,20,24,27,30,33,44,55,66,55068,0,15,16.542037681157858,3.7748969998574466,65.79074599994783,224.25615602527785
1789563571,10,,Aggregated,30.200000,0.000000,15,17,19,20,24,27,30,33,44,55,66,55095,0,15,16.541974593338804,3.7748969998574466,65.79074599994783,224.25657500680643
1789563572,10,,Aggregated,30.300000,0.000000,15,17,19,20,24,27,30,33,44,55,66,55130,0,15,16.54265434948309,3.7748969998574466,65.79074599994783,224.25309269000545
1789563573,10,,Aggregated,30.400000,0.000000,15,17,19,20,24,27,30,33,44,55,66,55166,0,15,16.541657182558126,3.7748969998574466,65.79074599994783,224.24995468223182
1789563574,10,,Aggregated,30.700000,0.000000,15,17,19,20,24,27,30,33,44,55,66,55198,0,15,16.541529174245486,3.7748969998574466,65.79074599994783,224.248813362803
1789563575,10,,Aggregated,30.500000,0.000000,15,17,19,20,24,27,30,33,44,55,66,55233,0,15,16.541925944761303,3.7748969998574466,65.79074599994783,224.24952474064418
1789563576,10,,Aggregated,31.400000,0.000000,15,17,19,20,24,27,30,33,44,55,66,55268,0,15,16.54160250341974,3.7748969998574466,65.79074599994783,224.25195411449664
1789563577,10,,Aggregated,32.000000,0.000000,15,17,19,20,24,27,30,33,44,55,66,55299,0,15,16.541529254073343,3.7748969998574466,65.79074599994783,224.24882909275033
1789563578,10,,Aggregated,31.800000,0.000000,15,17,19,20,24,27,30,33,44,55,66,55326,0,15,16.542345483696675,3.7748969998574466,65.79074599994783,224.24753280555254
1789563579,10,,Aggregated,32.500000,0.000000,15,17,19,20,24,27,30,33,44,55,66,55359,0,15,16.543096945537343,3.7748969998574466,65.79074599994783,224.24913744829206
1789563580,10,,Aggregated,32.500000,0.000000,15,17,19,20,24,27,30,33,44,55,66,55389,0,15,16.543420716748816,3.7748969998574466,65.79074599994783,224.24972467457437
1789563581,10,,Aggregated,32.200000,0.000000,15,17,19,20,24,27,30,33,44,55,66,55424,0,15,16.545722532747554,3.7748969998574466,65.79074599994783,224.24875505196306
1789563582,10,,Aggregated,32.200000,0.000000,15,17,19,20,24,27,30,33,44,55,66,55452,0,15,16.545328789475576,3.7748969998574466,65.79074599994783,224.2543461011325
1789563583,10,,Aggregated,32.000000,0.000000,15,17,19,20,24,27,30,33,44,55,66,55489,0,15,16.544952811674403,3.7748969998574466,65.79074599994783,224.25579844653896
1789563584,10,,Aggregated,32.600000,0.000000,15,17,19,20,24,27,30,33,44,55,66,55522,0,15,16.54527979247865,3.7748969998574466,65.79074599994783,224.25488995353194
1789563585,10,,Aggregated,32.400000,0.000000,15,17,19,20,24,27,30,33,44,55,66,55552,0,15,16.545014080123106,3.7748969998574466,65.79074599994783,224.25385224654377
1789563586,10,,Aggregated,32.300000,0.000000,15,17,19,20,24,27,30,33,44,55,66,55582,0,15,16.545801279604873,3.7748969998574466,65.79074599994783,224.25450685473714
1789563587,10,,Aggregated,32.300000,0.000000,15,17,19,20,24,27,30,33,44,55,66,55615,0,15,16.54623071583202,3.7748969998574466,65.79074599994783,224.25374449339208
1789563588,10,,Aggregated,31.900000,0.000000,15,17,19,20,24,27,30,33,44,55,66,55646,0,15,16.546682002156423,3.7748969998574466,65.79074599994783,224.25304604104517
1789563589,10,,Aggregated,31.100000,0.000000,15,17,19,20,24,27,30,33,44,55,66,55674,0,15,16.54661735618057,3.7748969998574466,65.79074599994783,224.2552358371951
1789563590,10,,Aggregated,31.500000,0.000000,15,17,19,20,24,27,30,33,44,55,66,55707,0,15,16.547615286750258,3.7748969998574466,65.79074599994783,224.25370240723788
1789563591,10,,Aggregated,32.100000,0.000000,15,17,19,20,24,27,30,33,44,55,66,55741,0,15,16.54795303733336,3.7748969998574466,65.79074599994783,224.25159218528552
1789563592,10,,Aggregated,31.400000,0.000000,15,17,19,20,24,27,30,33,44,55,66,55772,0,15,16.547569271193417,3.7748969998574466,65.79074599994783,224.25157785268593
1789563594,10,,Aggregated,31.800000,0.000000,15,17,19,20,24,27,30,33,44,55,66,55804,0,15,16.548603564153094,3.7748969998574466,65.79074599994783,224.25121855064154
1789563595,10,,Aggregated,31.700000,0.000000,15,17,19,20,24,27,30,33,44,55,66,55835,0,15,16.548851247550807,3.7748969998574466,65.79074599994783,224.25140145070296
1789563596,10,,Aggregated,31.800000,0.000000,15,17,19,20,24,27,30,33,44,55,66,55866,0,15,16.54857427752119,3.7748969998574466,65.79074599994783,224.2523896466545
1789563597,10,,Aggregated,31.500000,0.000000,15,17,19,20,24,27,30,33,44,55,66,55898,0,15,16.548636757719414,3.7748969998574466,65.79074599994783,224.2447672546424
1789563598,10,,Aggregated,31.300000,0.000000,15,17,19,20,24,27,30,33,44,55,66,55932,0,15,16.548964457180162,3.7748969998574466,65.79074599994783,224.24443967675035
1789563599,10,,Aggregated,31.600000,0.000000,15,17,19,20,24,27,30,33,44,55,66,55965,0,15,16.548759045028163,3.7748969998574466,65.79074599994783,224.24697578843922
1789563600,10,,Aggregated,31.700000,0.000000,15,17,19,20,24,27,30,33,44,55,66,56000,0,15,16.547773264589313,3.7748969998574466,65.79074599994783,224.25166071428572
1789563601,10,,Aggregated,31.700000,0.000000,15,17,19,20,24,27,30,33,44,55,66,56033,0,15,16.548351676904748,3.7748969998574466,65.79074599994783,224.24924598004748
1789563602,10,,Aggregated,32.500000,0.000000,15,17,19,20,24,27,30,33,44,55,66,56071,0,15,16.54821524962997,3.7748969998574466,65.79074599994783,224.25020063847623
1789563603,10,,Aggregated,32.500000,0.000000,15,17,19,20,24,27,30,33,44,55,66,56103,0,15,16.548133825125262,3.7748969998574466,65.79074599994783,224.25314154323297
1789563604,10,,Aggregated,32.900000,0.000000,15,17,19,20,24,27,30,33,44,55,66,56137,0,15,16.54897411911935,3.7748969998574466,65.79074599994783,224.25428861535173
1789563605,10,,Aggregated,32.900000,0.000000,15,17,19,20,24,27,30,33,44,55,66,56164,0,15,16.548863779538546,3.7748969998574466,65.79074599994783,224.25459368990812
1789563606,10,,Aggregated,33.100000,0.000000,15,17,19,20,24,27,30,33,44,55,66,56192,0,15,16.54830256894227,3.7748969998574466,65.79074599994783,224.2537193906606
1789563607,10,,Aggregated,32.900000,0.000000,15,17,19,20,24,27,30,33,44,55,66,56226,0,15,16.548541089211472,3.7748969998574466,65.79074599994783,224.25402838544446
1789563608,10,,Aggregated,32.600000,0.000000,15,17,19,20,24,27,30,33,44,55,66,56258,0,15,16.549152922606652,3.7748969998574466,65.79074599994783,224.25047104411817
1789563609,10,,Aggregated,32.600000,0.000000,15,17,19,20,24,27,30,33,44,55,66,56288,0,15,16.549126138786352,3.7748969998574466,65.79074599994783,224.25104818078455
1789563610,10,,Aggregated,32.600000,0.000000,15,17,19,20,24,27,30,33,44,55,66,56318,0,15,16.550114525125306,3.7748969998574466,65.79074599994783,224.2516602152065
1789563611,10,,Aggregated,32.400000,0.000000,15,17,19,20,24,27,30,33,44,55,66,56351,0,15,16.54947118711305,3.7748969998574466,65.79074599994783,224.25165480648081
1789563612,10,,Aggregated,31.900000,0.000000,15,17,19,20,24,27,30,33,44,55,66,56386,0,15,16.54939466465092,3.7748969998574466,65.79074599994783,224.25224346468983
1789563613,10,,Aggregated,31.900000,0.000000,15,17,19,20,24,27,30,33,44,55,66,56415,0,15,16.55025237155023,3.7748969998574466,65.79074599994783,224.2509084463352
1789563614,10,,Aggregated,31.400000,0.000000,15,17,19,20,24,27,30,33,44,55,66,56448,0,15,16.551179583067707,3.7748969998574466,65.79074599994783,224.24925595238096
1789563615,10,,Aggregated,31.200000,0.000000,15,17,19,20,24,27,30,33,44,55,66,56484,0,15,16.550912586148385,3.7748969998574466,65.79074599994783,224.24383896324622
1789563616,10,,Aggregated,31.200000,0.000000,15,17,19,20,24,27,30,33,44,55,66,56515,0,15,16.55117355080961,3.7748969998574466,65.79074599994783,224.24556312483412
1789563617,10,,Aggregated,31.900000,0.000000,15,17,19,20,24,27,30,33,44,55,66,56549,0,15,16.551662520380656,3.7748969998574466,65.79074599994783,224.2452032750358
1789563618,10,,Aggregated,32.300000,0.000000,15,17,19,20,24,27,30,33,44,55,66,56578,0,15,16.551534341122082,3.7748969998574466,65.79074599994783,224.24631482201562
1789563619,10,,Aggregated,32.200000,0.000000,15,17,19,20,24,27,30,33,44,55,66,56612,0,15,16.551892961139092,3.7748969998574466,65.79074599994783,224.24503638804495
1789563620,10,,Aggregated,32.100000,0.000000,15,17,19,20,24,27,30,33,44,55,66,56647,0,15,16.551372963599242,3.7748969998574466,65.79074599994783,224.24181333521634
1789563621,10,,Aggregated,32.100000,0.000000,15,17,19,20,24,27,30,33,44,55,66,56674,0,15,16.551590235293194,3.7748969998574466,65.79074599994783,224.2405865123337
