Timestamp,User Count,Type,Name,Requests/s,Failures/s,50%,66%,75%,80%,90%,95%,98%,99%,99.9%,99.99%,100%,Total Request Count,Total Failure Count,Total Median Response Time,Total Average Response Time,Total Min Response Time,Total Max Response Time,Total Average Content Size
1789438608,0,,Aggregated,0.000000,0.000000,N/A,N/A,N/A,N/A,N/A,N/A,N/A,N/A,N/A,N/A,N/A,0,0,0,0.0,0,0,0
1789438609,5,,Aggregated,0.000000,0.000000,7,8,8,9,9,10,10,10,10,10,10,14,0,6,6.622650928745445,4.126087000258849,10.059882000859943,212.57142857142858
1789438610,10,,Aggregated,0.000000,0.000000,8,10,10,11,11,12,16,16,16,16,16,43,0,8,8.299394558064726,3.3773039995139698,16.21551000062027,225.7674418604651
1789438611,15,,Aggregated,12.000000,0.000000,9,9,10,11,11,12,15,16,16,16,16,86,0,8,8.024690907003004,3.3773039995139698,16.21551000062027,228.22093023255815
1789438612,20,,Aggregated,17.500000,0.000000,9,10,11,11,13,15,16,16,16,16,16,148,0,9,8.277361040433567,3.2849089984665625,16.462458999740193,225.8783783783784
1789438613,25,,Aggregated,26.333333,0.000000,9,10,11,11,13,15,16,17,19,19,19,215,0,9,8.343004358091072,3.0795590009802254,18.598902999656275,227.9860465116279
1789438614,30,,Aggregated,32.750000,0.000000,9,10,11,12,14,16,17,19,20,20,20,313,0,9,8.561836552729302,2.705999999307096,19.784292999247555,230.0990415335463
1789438615,35,,Aggregated,40.400000,0.000000,9,10,11,12,15,17,19,22,26,26,26,422,0,9,8.698848142191451,2.649915000802139,26.34528399903502,231.1777251184834
1789438616,40,,Aggregated,48.000000,0.000000,8,10,11,12,15,16,19,20,26,26,26,548,0,8,8.575469996363596,2.649915000802139,26.34528399903502,231.2317518248175
1789438617,45,,Aggregated,56.285714,0.000000,8,10,11,12,15,17,19,20,26,26,26,684,0,8,8.461045733923644,2.649915000802139,26.34528399903502,229.99269005847952
1789438618,50,,Aggregated,63.875000,0.000000,8,10,11,12,15,17,20,26,31,31,31,844,0,8,8.3484028850719,2.649915000802139,31.14922599888814,229.36966824644549
1789438619,50,,Aggregated,72.666667,0.000000,8,10,11,12,15,17,20,24,29,31,31,1013,0,8,8.405203263574034,2.649915000802139,31.14922599888814,228.0730503455084
1789438620,50,,Aggregated,81.000000,0.000000,8,10,11,12,15,17,20,23,29,31,31,1176,0,8,8.376009081626254,2.649915000802139,31.14922599888814,227.71428571428572
1789438621,50,,Aggregated,96.000000,0.000000,8,10,11,12,15,18,20,23,29,31,31,1336,0,8,8.431767499997113,2.649915000802139,31.14922599888814,227.5988023952096
1789438622,50,,Aggregated,109.600000,0.000000,8,10,11,12,15,18,22,24,29,31,31,1492,0,8,8.429320254031117,2.590909998616553,31.14922599888814,227.4396782841823
1789438623,50,,Aggregated,121.400000,0.000000,8,10,11,12,15,18,22,26,31,32,32,1662,0,8,8.546670649820133,2.590909998616553,32.33723899938923,227.1113116726835
1789438624,50,,Aggregated,132.300000,0.000000,8,10,11,12,15,19,23,26,31,32,32,1819,0,8,8.542116395268216,2.590909998616553,32.33723899938923,226.98130841121494
1789438625,50,,Aggregated,141.700000,0.000000,8,10,11,12,15,19,22,26,31,32,32,1981,0,8,8.48716938766768,2.590909998616553,32.33723899938923,226.9005552751136
1789438626,50,,Aggregated,148.700000,0.000000,8,10,11,12,15,19,24,27,45,60,60,2144,0,8,8.640967445420648,2.5848610002867645,60.451227000157814,226.45615671641792
1789438627,50,,Aggregated,154.600000,0.000000,8,10,11,12,15,19,23,27,45,60,60,2299,0,8,8.611748936487997,2.5848610002867645,60.451227000157814,226.37973031752935
1789438628,50,,Aggregated,158.400000,0.000000,8,10,11,12,15,18,22,26,45,60,60,2457,0,8,8.59208326006935,2.4974339994514594,60.451227000157814,226.32193732193733
1789438629,50,,Aggregated,160.400000,0.000000,8,10,11,12,15,19,23,26,45,60,60,2620,0,8,8.629382798465256,2.4697520002519013,60.451227000157814,226.406106870229
1789438630,50,,Aggregated,161.000000,0.000000,8,10,11,12,15,19,24,28,45,60,60,2778,0,8,8.654303226053209,2.4697520002519013,60.451227000157814,225.97408207343412
1789438631,50,,Aggregated,160.900000,0.000000,8,10,11,12,15,19,23,28,45,60,60,2941,0,8,8.60568223392499,2.4697520002519013,60.451227000157814,225.6031961917715
1789438632,50,,Aggregated,160.300000,0.000000,8,10,11,12,15,19,23,27,44,60,60,3100,0,8,8.543379479993863,2.4697520002519013,60.451227000157814,225.40612903225806
1789438633,50,,Aggregated,159.900000,0.000000,8,10,11,12,15,18,22,27,44,60,60,3260,0,8,8.512223134963792,2.4697520002519013,60.451227000157814,225.42546012269938
1789438634,50,,Aggregated,160.500000,0.000000,8,10,11,12,15,18,22,26,44,60,60,3426,0,8,8.510408796253346,2.4697520002519013,60.451227000157814,225.38587273788676
1789438635,50,,Aggregated,159.700000,0.000000,8,10,11,12,15,18,22,27,44,60,60,3582,0,8,8.52966115604611,2.4697520002519013,60.451227000157814,225.30290340591847
1789438636,50,,Aggregated,160.400000,0.000000,8,10,11,12,15,18,23,27,44,60,60,3741,0,8,8.555024080448302,2.4697520002519013,60.451227000157814,225.36434108527132
1789438637,50,,Aggregated,160.300000,0.000000,8,10,11,12,15,19,24,29,47,60,60,3905,0,8,8.62987829269175,2.4697520002519013,60.451227000157814,225.27272727272728
1789438638,50,,Aggregated,160.400000,0.000000,8,10,11,12,15,18,23,29,45,60,60,4061,0,8,8.627427338577474,2.4697520002519013,60.451227000157814,225.23393252893376
1789438639,50,,Aggregated,159.600000,0.000000,8,10,11,12,15,19,23,28,45,60,60,4232,0,8,8.642265555049054,2.4697520002519013,60.451227000157814,225.14319470699434
1789438640,50,,Aggregated,159.400000,0.000000,8,10,11,12,15,19,23,28,45,60,60,4384,0,8,8.672497393013478,2.4697520002519013,60.451227000157814,225.03330291970804
1789438641,50,,Aggregated,160.100000,0.000000,8,10,11,12,15,18,23,27,45,60,60,4540,0,8,8.649475718713065,2.4697520002519013,60.451227000157814,225.09052863436122
1789438642,50,,Aggregated,160.100000,0.000000,8,10,11,12,15,18,22,27,45,60,60,4712,0,8,8.606158316204262,2.4697520002519013,60.451227000157814,225.03310696095076
1789438643,50,,Aggregated,161.000000,0.000000,8,10,11,12,15,18,22,27,45,60,60,4866,0,8,8.604495893536408,2.4697520002519013,60.451227000157814,224.96609124537608
1789438644,50,,Aggregated,159.900000,0.000000,8,10,11,12,15,18,22,26,45,60,60,5022,0,8,8.582639915161751,2.4697520002519013,60.451227000157814,224.98227797690163
1789438645,50,,Aggregated,159.800000,0.000000,8,10,11,12,15,18,22,26,45,60,60,5194,0,8,8.552962604919555,2.4697520002519013,60.451227000157814,225.02252599152868
1789438646,50,,Aggregated,159.400000,0.000000,8,10,11,12,15,18,22,26,45,60,60,5354,0,8,8.538004178545789,2.4697520002519013,60.451227000157814,224.98393724318268
1789438647,50,,Aggregated,159.500000,0.000000,8,10,11,12,15,18,22,26,45,60,60,5519,0,8,8.512964955593738,2.4697520002519013,60.451227000157814,225.02844718246058
1789438648,50,,Aggregated,160.200000,0.000000,8,10,11,12,15,18,22,26,45,60,60,5677,0,8,8.503227250119116,2.4697520002519013,60.451227000157814,225.0563677998943
1789438649,50,,Aggregated,161.600000,0.000000,8,10,11,12,15,18,22,26,45,60,60,5847,0,8,8.512384433886085,2.3721620000287658,60.451227000157814,225.06635881648708
1789438650,50,,Aggregated,161.300000,0.000000,8,10,11,12,15,18,22,26,45,60,60,6000,0,8,8.486455827155927,2.3721620000287658,60.451227000157814,225.02166666666668
1789438651,50,,Aggregated,160.500000,0.000000,8,10,11,12,15,18,22,26,44,60,60,6170,0,8,8.466001868708918,2.3721620000287658,60.451227000157814,225.05364667747165
1789438652,50,,Aggregated,161.900000,0.000000,8,10,11,12,15,18,22,26,44,60,60,6332,0,8,8.484411028418211,2.3721620000287658,60.451227000157814,225.05827542640557
1789438653,50,,Aggregated,161.000000,0.000000,8,10,11,12,15,18,22,26,44,60,60,6493,0,8,8.472628656390631,2.3721620000287658,60.451227000157814,225.10288002464193
1789438654,50,,Aggregated,161.300000,0.000000,8,10,11,12,15,18,22,26,44,60,60,6646,0,8,8.487243024818419,2.3721620000287658,60.451227000157814,225.11585916340655
1789438655,50,,Aggregated,162.500000,0.000000,8,10,11,12,15,18,22,26,44,60,60,6807,0,8,8.471977850881673,2.3721620000287658,60.451227000157814,225.0824151608638
1789438656,50,,Aggregated,162.400000,0.000000,8,10,11,12,15,18,22,26,44,60,60,6965,0,8,8.467801023681737,2.3721620000287658,60.451227000157814,225.0726489590811
1789438657,50,,Aggregated,161.300000,0.000000,8,10,11,12,15,18,22,26,44,60,60,7129,0,8,8.46680654382627,2.3721620000287658,60.451227000157814,225.06887361481273
1789438658,50,,Aggregated,160.600000,0.000000,8,10,11,12,15,18,22,26,44,60,60,7294,0,8,8.461109856311218,2.3721620000287658,60.451227000157814,225.09350150808885
1789438659,50,,Aggregated,160.100000,0.000000,8,10,11,12,15,18,22,26,44,60,60,7451,0,8,8.439103320620077,2.3721620000287658,60.451227000157814,225.0487182928466
1789438660,50,,Aggregated,160.600000,0.000000,8,10,11,12,15,18,22,25,44,60,60,7603,0,8,8.446654880169637,2.3721620000287658,60.451227000157814,225.0236748651848
1789438661,50,,Aggregated,161.000000,0.000000,8,10,11,12,15,18,22,25,44,60,60,7762,0,8,8.42154874477237,2.3721620000287658,60.451227000157814,224.97655243493944
1789438662,50,,Aggregated,159.800000,0.000000,8,10,11,12,15,18,22,25,44,60,60,7926,0,8,8.444230126408982,2.3721620000287658,60.451227000157814,224.91900075700227
1789438663,50,,Aggregated,159.500000,0.000000,8,10,11,12,15,18,22,25,44,60,60,8085,0,8,8.431762929612482,2.3721620000287658,60.451227000157814,224.9356833642548
1789438664,50,,Aggregated,159.300000,0.000000,8,10,11,12,15,18,21,25,44,60,60,8251,0,8,8.42479833958416,2.3721620000287658,60.451227000157814,224.92570597503334
1789438665,50,,Aggregated,158.600000,0.000000,8,10,11,12,15,18,21,24,44,60,60,8412,0,8,8.415833660474657,2.3721620000287658,60.451227000157814,224.96255349500714
1789438666,50,,Aggregated,159.000000,0.000000,8,10,11,12,15,18,21,24,44,60,60,8572,0,8,8.40901881438512,2.3721620000287658,60.451227000157814,224.90655622958468
1789438667,50,,Aggregated,160.200000,0.000000,7,10,11,12,15,18,21,24,44,60,60,8733,0,7,8.386881577452652,2.3721620000287658,60.451227000157814,224.83510821023702
1789438668,50,,Aggregated,160.600000,0.000000,7,10,11,12,15,18,21,24,44,60,60,8887,0,7,8.379802093496897,2.3721620000287658,60.451227000157814,224.85686958478678
1789438669,50,,Aggregated,159.900000,0.000000,7,10,11,12,15,18,21,24,43,60,60,9053,0,7,8.369362462377048,2.3721620000287658,60.451227000157814,224.83464045067933
1789438670,50,,Aggregated,159.900000,0.000000,8,10,11,12,15,18,21,24,43,60,60,9216,0,8,8.380336979155029,2.3721620000287658,60.451227000157814,224.79437934027777
1789438671,50,,Aggregated,159.000000,0.000000,7,10,11,12,15,18,21,24,43,60,60,9381,0,7,8.373524920038731,2.3721620000287658,60.451227000157814,224.74395053832214
1789438672,50,,Aggregated,160.400000,0.000000,7,10,11,12,15,18,21,24,43,60,60,9544,0,7,8.370094968552996,2.3721620000287658,60.451227000157814,224.6802179379715
1789438673,50,,Aggregated,160.900000,0.000000,7,10,11,12,15,18,21,24,43,60,60,9708,0,7,8.370817437666078,2.3721620000287658,60.451227000157814,224.67161104243922
1789438674,50,,Aggregated,161.300000,0.000000,7,10,11,12,15,18,21,24,43,60,60,9870,0,7,8.370964744060592,2.3721620000287658,60.451227000157814,224.68297872340426
1789438675,50,,Aggregated,161.600000,0.000000,7,10,11,12,15,18,21,24,43,49,60,10028,0,7,8.352192643586626,2.3721620000287658,60.451227000157814,224.64559234144394
1789438676,50,,Aggregated,161.600000,0.000000,7,10,11,12,15,18,21,24,43,49,60,10194,0,7,8.365480928769703,2.3721620000287658,60.451227000157814,224.64547773199922
1789438677,50,,Aggregated,161.100000,0.000000,7,10,11,12,15,18,21,24,43,49,60,10360,0,7,8.36906407479402,2.3721620000287658,60.451227000157814,224.64990347490348
1789438678,50,,Aggregated,161.500000,0.000000,7,10,11,12,15,18,21,24,43,49,60,10517,0,7,8.348041798410234,2.3721620000287658,60.451227000157814,224.65855281924505
1789438679,50,,Aggregated,162.300000,0.000000,7,10,11,12,15,18,21,24,43,49,60,10686,0,7,8.346168228699295,2.3721620000287658,60.451227000157814,224.67153284671534
1789438680,50,,Aggregated,162.300000,0.000000,7,10,11,12,15,18,21,24,43,49,60,10840,0,7,8.341879882370057,2.3721620000287658,60.451227000157814,224.67509225092252
1789438681,50,,Aggregated,162.800000,0.000000,7,10,11,12,15,18,21,24,42,49,60,11002,0,7,8.336815135510962,2.3721620000287658,60.451227000157814,224.66060716233412
1789438682,50,,Aggregated,161.200000,0.000000,7,10,11,12,15,18,21,24,42,49,60,11159,0,7,8.334824178858515,2.3721620000287658,60.451227000157814,224.60856707590287
1789438683,50,,Aggregated,161.700000,0.000000,7,10,11,12,15,18,21,24,42,49,60,11325,0,7,8.344212232925049,2.3721620000287658,60.451227000157814,224.58940397350995
1789438684,50,,Aggregated,161.900000,0.000000,7,10,11,12,15,18,21,24,42,49,60,11487,0,7,8.340431667002836,2.3721620000287658,60.451227000157814,224.55593279359275
1789438685,50,,Aggregated,162.000000,0.000000,7,10,11,12,15,18,21,24,42,49,60,11652,0,7,8.342576790322534,2.3721620000287658,60.451227000157814,224.53544455887402
1789438686,50,,Aggregated,161.400000,0.000000,7,10,11,12,15,18,21,24,42,49,60,11818,0,7,8.335210961654374,2.3721620000287658,60.451227000157814,224.58478591978337
1789438687,50,,Aggregated,161.800000,0.000000,7,10,11,12,15,18,21,24,42,49,60,11977,0,7,8.314795337215132,2.3721620000287658,60.451227000157814,224.53377306504132
1789438688,50,,Aggregated,161.400000,0.000000,7,10,11,12,15,18,21,24,42,49,60,12135,0,7,8.315066208307913,2.3721620000287658,60.451227000157814,224.55311083642357
1789438689,50,,Aggregated,161.500000,0.000000,7,10,11,12,15,18,21,24,42,49,60,12304,0,7,8.303407051189147,2.3721620000287658,60.451227000157814,224.54388816644993
1789438690,50,,Aggregated,161.500000,0.000000,7,10,11,12,15,18,21,24,42,49,60,12460,0,7,8.297863900789586,2.3721620000287658,60.451227000157814,224.49871589085072
1789438691,50,,Aggregated,161.600000,0.000000,7,10,11,12,15,18,21,24,42,49,60,12623,0,7,8.29741921221902,2.3721620000287658,60.451227000157814,224.50067337399983
1789438692,50,,Aggregated,162.400000,0.000000,7,10,11,12,15,18,21,24,42,49,60,12776,0,7,8.30309536183769,2.3721620000287658,60.451227000157814,224.5017219787101
1789438693,50,,Aggregated,161.000000,0.000000,7,10,11,12,15,18,21,24,42,49,60,12950,0,7,8.2960263503357,2.3721620000287658,60.451227000157814,224.49474903474905
1789438694,50,,Aggregated,161.400000,0.000000,7,10,11,12,15,18,21,24,42,49,60,13111,0,7,8.31222052405173,2.3721620000287658,60.451227000157814,224.5106399206773
1789438695,50,,Aggregated,160.200000,0.000000,7,10,11,12,15,18,21,24,42,49,60,13267,0,7,8.309997490151934,2.3721620000287658,60.451227000157814,224.49468606316424
1789438696,50,,Aggregated,161.900000,0.000000,7,10,11,12,15,18,21,24,42,49,60,13432,0,7,8.318503742765479,2.3721620000287658,60.451227000157814,224.50558368076236
1789438697,50,,Aggregated,161.600000,0.000000,7,10,11,12,15,18,21,24,42,49,60,13600,0,7,8.32178266417834,2.3721620000287658,60.451227000157814,224.5020588235294
1789438698,50,,Aggregated,161.300000,0.000000,7,10,11,12,15,18,21,24,42,49,60,13769,0,7,8.316007623344836,2.3721620000287658,60.451227000157814,224.52741666061442
1789438699,50,,Aggregated,161.000000,0.000000,7,10,11,12,15,18,21,24,42,49,60,13934,0,7,8.320913842602607,2.3721620000287658,60.451227000157814,224.505454284484
1789438700,50,,Aggregated,162.400000,0.000000,7,10,11,12,15,18,21,24,40,49,60,14098,0,7,8.314155061697681,2.3721620000287658,60.451227000157814,224.50879557384027
1789438701,50,,Aggregated,163.000000,0.000000,7,10,11,12,15,18,21,24,40,49,60,14255,0,7,8.322628634572004,2.3721620000287658,60.451227000157814,224.49722904244126
1789438702,50,,Aggregated,163.000000,0.000000,7,10,11,12,15,17,21,24,40,49,60,14423,0,7,8.303579818680916,2.3721620000287658,60.451227000157814,224.50162934202316
1789438703,50,,Aggregated,164.100000,0.000000,7,10,11,12,15,17,21,24,40,49,60,14575,0,7,8.313038951138136,2.3721620000287658,60.451227000157814,224.51046312178389
1789438704,50,,Aggregated,163.600000,0.000000,7,10,11,12,15,17,21,24,40,49,60,14739,0,7,8.313956516102477,2.3721620000287658,60.451227000157814,224.49372413325193
1789438705,50,,Aggregated,164.600000,0.000000,7,10,11,12,15,17,21,24,40,49,60,14902,0,7,8.306452920469978,2.3721620000287658,60.451227000157814,224.4781908468662
1789438706,50,,Aggregated,162.400000,0.000000,7,10,11,12,15,17,21,24,39,49,60,15066,0,7,8.301815956646335,2.3721620000287658,60.451227000157814,224.46541882384176
1789438707,50,,Aggregated,162.200000,0.000000,7,10,11,12,15,17,21,24,39,49,60,15218,0,7,8.30117562457813,2.3721620000287658,60.451227000157814,224.47121829412538
1789438708,50,,Aggregated,163.500000,0.000000,7,10,11,12,15,17,21,24,39,49,60,15385,0,7,8.303970385689377,2.3721620000287658,60.451227000157814,224.44569385765357
1789438709,50,,Aggregated,162.600000,0.000000,7,10,11,12,15,17,21,24,39,49,60,15549,0,7,8.323045987575716,2.3721620000287658,60.451227000157814,224.42189208309216
1789438710,50,,Aggregated,160.500000,0.000000,7,10,11,12,15,18,21,24,39,49,60,15710,0,7,8.325554294768711,2.3721620000287658,60.451227000157814,224.39891788669638
1789438711,50,,Aggregated,160.800000,0.000000,7,10,11,12,15,18,21,24,39,49,60,15885,0,7,8.321153344086264,2.3721620000287658,60.451227000157814,224.40144790683036
1789438712,50,,Aggregated,160.800000,0.000000,7,10,11,12,15,18,21,24,43,49,60,16041,0,7,8.334755486865351,2.3721620000287658,60.451227000157814,224.3977931550402
1789438713,50,,Aggregated,160.800000,0.000000,7,10,11,12,15,18,21,24,43,49,60,16201,0,7,8.323325112327362,2.3721620000287658,60.451227000157814,224.42102339361767
1789438714,50,,Aggregated,161.600000,0.000000,7,10,11,12,15,17,21,24,43,49,60,16364,0,7,8.317277145124667,2.3721620000287658,60.451227000157814,224.42019066242972
1789438715,50,,Aggregated,161.000000,0.000000,7,10,11,12,15,17,21,24,43,49,60,16520,0,7,8.312634137822277,2.3721620000287658,60.451227000157814,224.45780871670704
1789438716,50,,Aggregated,161.800000,0.000000,7,10,11,12,15,17,21,24,43,49,60,16691,0,7,8.316609200636247,2.3721620000287658,60.451227000157814,224.44994308309867
1789438717,50,,Aggregated,162.000000,0.000000,7,10,11,12,15,17,21,24,43,49,60,16846,0,7,8.319679728649353,2.3721620000287658,60.451227000157814,224.45565712928885
1789438718,50,,Aggregated,161.100000,0.000000,7,10,11,12,15,18,21,24,42,49,60,17014,0,7,8.319312282227454,2.3721620000287658,60.451227000157814,224.46767368049842
1789438719,50,,Aggregated,161.500000,0.000000,7,10,11,12,15,18,21,24,42,49,60,17177,0,7,8.323497849439288,2.3721620000287658,60.451227000157814,224.45293124526984
1789438720,50,,Aggregated,163.000000,0.000000,7,10,11,12,15,18,21,24,42,49,60,17341,0,7,8.32171871027059,2.3721620000287658,60.451227000157814,224.4601234069546
1789438721,50,,Aggregated,162.500000,0.000000,7,10,11,12,15,18,21,24,42,49,60,17504,0,7,8.327387589168177,2.3721620000287658,60.451227000157814,224.45823811700183
1789438722,50,,Aggregated,162.400000,0.000000,7,10,11,12,15,18,21,24,42,49,60,17669,0,7,8.322913003667265,2.3721620000287658,60.451227000157814,224.44626181447734
1789438723,50,,Aggregated,162.500000,0.000000,7,10,11,12,15,18,21,24,42,49,60,17826,0,7,8.329355223314295,2.3721620000287658,60.451227000157814,224.48339504095142
1789438724,50,,Aggregated,162.400000,0.000000,7,10,11,12,15,18,21,24,42,49,60,17991,0,7,8.319324864531898,2.3721620000287658,60.451227000157814,224.4895225390473
1789438725,50,,Aggregated,162.700000,0.000000,7,10,11,12,15,18,21,24,42,49,60,18162,0,7,8.31543136900079,2.3721620000287658,60.451227000157814,224.4643211100099
1789438726,50,,Aggregated,163.300000,0.000000,7,10,11,12,15,18,21,24,42,49,60,18328,0,7,8.326085325337553,2.3721620000287658,60.451227000157814,224.4642623308599
1789438727,50,,Aggregated,162.900000,0.000000,7,10,11,12,15,18,21,24,42,49,60,18491,0,7,8.318800282829065,2.3721620000287658,60.451227000157814,224.44800173057163
1789438728,50,,Aggregated,163.600000,0.000000,7,10,11,12,15,18,21,24,42,49,60,18650,0,7,8.323185755592101,2.3721620000287658,60.451227000157814,224.4425201072386
1789438729,50,,Aggregated,164.500000,0.000000,7,10,11,12,15,18,21,24,42,49,60,18819,0,7,8.320021069440497,2.3721620000287658,60.451227000157814,224.44789840055265
1789438730,50,,Aggregated,163.700000,0.000000,7,10,11,12,15,18,21,24,42,49,60,18983,0,7,8.309497805921355,2.3721620000287658,60.451227000157814,224.44497708476004
1789438731,50,,Aggregated,162.900000,0.000000,7,10,11,12,15,18,21,24,42,49,60,19132,0,7,8.314570135155664,2.3721620000287658,60.451227000157814,224.45813297093875
1789438732,50,,Aggregated,163.700000,0.000000,7,10,11,12,15,18,21,24,42,49,60,19296,0,7,8.311080664893689,2.3721620000287658,60.451227000157814,224.45988805970148
1789438733,50,,Aggregated,162.800000,0.000000,7,10,11,12,15,18,21,24,42,49,60,19467,0,7,8.303429130465382,2.3721620000287658,60.451227000157814,224.45250937483948
1789438734,50,,Aggregated,161.900000,0.000000,7,10,11,12,15,18,21,24,42,49,60,19631,0,7,8.298074984095521,2.3721620000287658,60.451227000157814,224.45453619275636
1789438735,50,,Aggregated,163.200000,0.000000,7,10,11,12,15,18,21,24,42,49,60,19787,0,7,8.302588624338386,2.3721620000287658,60.451227000157814,224.4621721332188
1789438736,50,,Aggregated,162.900000,0.000000,7,10,11,12,15,17,21,24,42,49,60,19956,0,7,8.28780335762679,2.3721620000287658,60.451227000157814,224.4216275806775
1789438737,50,,Aggregated,163.800000,0.000000,7,10,11,12,15,17,21,24,42,48,60,20104,0,7,8.28638818816235,2.3721620000287658,60.451227000157814,224.4201153999204
1789438738,50,,Aggregated,162.100000,0.000000,7,10,11,12,15,17,21,24,42,48,60,20271,0,7,8.272081375995661,2.3721620000287658,60.451227000157814,224.4147797345962
1789438739,50,,Aggregated,161.200000,0.000000,7,10,11,12,15,17,21,24,42,48,60,20435,0,7,8.268651896687617,2.3721620000287658,60.451227000157814,224.40851480303402
1789438740,50,,Aggregated,161.300000,0.000000,7,10,11,12,15,17,21,24,42,48,60,20597,0,7,8.264473222789958,2.3721620000287658,60.451227000157814,224.4128756615041
1789438741,50,,Aggregated,161.500000,0.000000,7,10,11,12,15,17,21,24,42,48,60,20758,0,7,8.26667206594184,2.3721620000287658,60.451227000157814,224.39483572598516
1789438742,50,,Aggregated,161.700000,0.000000,7,10,11,12,15,17,21,24,42,48,60,20923,0,7,8.257797129465557,2.3721620000287658,60.451227000157814,224.38765951345408
1789438743,50,,Aggregated,161.700000,0.000000,7,10,11,12,15,17,21,24,42,48,60,21080,0,7,8.261746317494511,2.3721620000287658,60.451227000157814,224.3902277039848
1789438744,50,,Aggregated,162.000000,0.000000,7,10,11,12,15,17,21,24,42,48,60,21244,0,7,8.255563998719705,2.3721620000287658,60.451227000157814,224.36659762756543
1789438745,50,,Aggregated,161.200000,0.000000,7,10,11,12,15,17,21,24,42,48,60,21403,0,7,8.250297457730117,2.3721620000287658,60.451227000157814,224.3625659954212
1789438746,50,,Aggregated,161.100000,0.000000,7,10,11,12,15,17,21,24,42,48,60,21570,0,7,8.250392735409957,2.3721620000287658,60.451227000157814,224.35303662494204
1789438747,50,,Aggregated,160.000000,0.000000,7,10,11,12,15,17,21,24,42,48,60,21731,0,7,8.249569882141127,2.3721620000287658,60.451227000157814,224.3472918871658
1789438748,50,,Aggregated,161.100000,0.000000,7,10,11,12,15,17,21,24,42,48,60,21906,0,7,8.24574232729908,2.3008600001048762,60.451227000157814,224.33461152195744
1789438749,50,,Aggregated,161.900000,0.000000,7,10,11,12,15,17,21,24,40,48,60,22065,0,7,8.244164885285494,2.3008600001048762,60.451227000157814,224.347564015409
1789438750,50,,Aggregated,162.400000,0.000000,7,10,11,12,15,17,21,24,40,48,60,22240,0,7,8.237066791133525,2.3008600001048762,60.451227000157814,224.34001798561152
1789438751,50,,Aggregated,162.900000,0.000000,7,10,11,12,15,17,21,24,40,48,60,22401,0,7,8.233299506844293,2.3008600001048762,60.451227000157814,224.36690326324717
1789438752,50,,Aggregated,163.000000,0.000000,7,10,11,12,15,17,21,23,40,48,60,22558,0,7,8.24121802526054,2.3008600001048762,60.451227000157814,224.34511038212608
1789438753,50,,Aggregated,164.300000,0.000000,7,10,11,12,15,17,21,23,40,48,60,22722,0,7,8.23776209214926,2.3008600001048762,60.451227000157814,224.34191532435526
1789438754,50,,Aggregated,164.600000,0.000000,7,10,11,12,15,17,21,23,40,48,60,22880,0,7,8.239689820228593,2.3008600001048762,60.451227000157814,224.35227272727272
1789438755,50,,Aggregated,164.100000,0.000000,7,10,11,12,15,17,21,23,40,48,60,23040,0,7,8.24274759443629,2.3008600001048762,60.451227000157814,224.35160590277778
1789438756,50,,Aggregated,163.400000,0.000000,7,10,11,12,15,17,21,23,40,48,60,23198,0,7,8.240300110605125,2.3008600001048762,60.451227000157814,224.36067764462453
1789438757,50,,Aggregated,164.500000,0.000000,7,10,11,12,15,17,21,23,40,48,60,23361,0,7,8.232162937280291,2.3008600001048762,60.451227000157814,224.3661658319421
1789438758,50,,Aggregated,163.300000,0.000000,7,10,11,12,15,17,21,23,40,48,60,23518,0,7,8.232696533880413,2.3008600001048762,60.451227000157814,224.3689089208266
1789438759,50,,Aggregated,162.100000,0.000000,7,10,11,12,15,17,21,23,40,48,60,23681,0,7,8.234600439541541,2.3008600001048762,60.451227000157814,224.37489970862717
1789438760,50,,Aggregated,162.400000,0.000000,7,10,11,12,15,17,21,23,40,48,60,23844,0,7,8.236801112765951,2.3008600001048762,60.451227000157814,224.3603841637309
1789438761,50,,Aggregated,161.800000,0.000000,7,10,11,12,15,17,21,23,39,48,60,24017,0,7,8.238580104125848,2.3008600001048762,60.451227000157814,224.3551650913936
1789438762,50,,Aggregated,161.000000,0.000000,7,10,11,12,15,17,21,23,39,48,60,24177,0,7,8.236291041270007,2.3008600001048762,60.451227000157814,224.36414774372338
1789438763,50,,Aggregated,160.400000,0.000000,7,10,11,12,15,17,21,23,39,48,60,24343,0,7,8.233212112343825,2.3008600001048762,60.451227000157814,224.37131824343754
1789438764,50,,Aggregated,160.600000,0.000000,7,10,11,12,15,17,21,23,39,48,60,24491,0,7,8.236502502788674,2.3008600001048762,60.451227000157814,224.3610714139888
1789438765,50,,Aggregated,160.700000,0.000000,7,10,11,12,15,17,21,23,39,48,60,24654,0,7,8.233843647594957,2.3008600001048762,60.451227000157814,224.36618804250833
1789438766,50,,Aggregated,161.500000,0.000000,7,10,11,12,15,17,21,23,39,48,60,24823,0,7,8.227304339394946,2.3008600001048762,60.451227000157814,224.38391814043428
1789438767,50,,Aggregated,160.400000,0.000000,7,10,11,12,15,17,21,23,39,48,60,24986,0,7,8.227117878124496,2.3008600001048762,60.451227000157814,224.3802529416473
1789438768,50,,Aggregated,162.300000,0.000000,7,10,11,12,15,17,21,23,39,48,60,25156,0,7,8.225354050517655,2.3008600001048762,60.451227000157814,224.37430434091272
1789438769,50,,Aggregated,163.200000,0.000000,7,10,11,12,15,17,21,23,39,48,60,25310,0,7,8.221731141162184,2.3008600001048762,60.451227000157814,224.3911497431845
1789438770,50,,Aggregated,161.600000,0.000000,7,10,11,12,15,17,21,23,39,48,60,25471,0,7,8.227376177841931,2.3008600001048762,60.451227000157814,224.39943465117193
1789438771,50,,Aggregated,162.700000,0.000000,7,10,11,12,15,17,21,23,39,48,60,25633,0,7,8.231257392026563,2.3008600001048762,60.451227000157814,224.3841142277533
1789438772,50,,Aggregated,162.000000,0.000000,7,10,11,12,15,17,21,23,39,48,60,25812,0,7,8.229543471595447,2.3008600001048762,60.451227000157814,224.3828451882845
1789438773,50,,Aggregated,162.200000,0.000000,7,10,11,12,15,17,21,23,39,48,60,25965,0,7,8.227056566871491,2.3008600001048762,60.451227000157814,224.38216830348546
1789438774,50,,Aggregated,162.300000,0.000000,7,10,11,12,15,17,21,23,39,48,60,26129,0,7,8.227863066087373,2.3008600001048762,60.451227000157814,224.37582762447855
1789438775,50,,Aggregated,163.100000,0.000000,7,10,11,12,15,17,21,23,39,48,60,26293,0,7,8.234793549453896,2.3008600001048762,60.451227000157814,224.36230175331838
1789438776,50,,Aggregated,162.300000,0.000000,7,10,11,12,15,17,21,23,39,48,60,26453,0,7,8.229930646270402,2.3008600001048762,60.451227000157814,224.37198049370582
1789438777,50,,Aggregated,163.100000,0.000000,7,10,11,12,15,17,21,23,39,48,60,26618,0,7,8.229778479367154,2.3008600001048762,60.451227000157814,224.36603050567285
1789438778,50,,Aggregated,162.000000,0.000000,7,10,11,12,15,17,21,23,39,48,60,26798,0,7,8.227861086714993,2.3008600001048762,60.451227000157814,224.36860959773117
1789438779,50,,Aggregated,162.500000,0.000000,7,10,11,12,15,17,21,23,39,48,60,26946,0,7,8.229732362383862,2.3008600001048762,60.451227000157814,224.36291100719959
1789438780,50,,Aggregated,164.400000,0.000000,7,10,11,12,15,17,21,23,39,48,60,27113,0,7,8.233476382834416,2.3008600001048762,60.451227000157814,224.3607125733043
1789438781,50,,Aggregated,163.400000,0.000000,7,10,11,12,15,17,21,23,39,48,60,27273,0,7,8.232139243823474,2.3008600001048762,60.451227000157814,224.37036629633704
1789438782,50,,Aggregated,163.800000,0.000000,7,10,11,12,15,17,21,23,39,48,60,27428,0,7,8.230777734825462,2.3008600001048762,60.451227000157814,224.3513198191629
1789438783,50,,Aggregated,163.600000,0.000000,7,10,11,12,15,17,21,23,39,48,60,27607,0,7,8.225121652688731,2.3008600001048762,60.451227000157814,224.3658492411345
1789438784,50,,Aggregated,162.300000,0.000000,7,10,11,12,15,17,21,24,39,48,60,27770,0,7,8.235892480006557,2.3008600001048762,60.451227000157814,224.3593086064098
1789438785,50,,Aggregated,161.600000,0.000000,7,10,11,12,15,17,21,24,39,48,60,27932,0,7,8.238874115701654,2.3008600001048762,60.451227000157814,224.35181870256338
1789438786,50,,Aggregated,163.500000,0.000000,7,10,11,12,15,17,21,24,38,48,60,28094,0,7,8.241136412713326,2.3008600001048762,60.451227000157814,224.36591443012742
1789438787,50,,Aggregated,163.800000,0.000000,7,10,11,12,15,17,21,24,38,48,60,28261,0,7,8.237329466677178,2.3008600001048762,60.451227000157814,224.3718905912742
1789438788,50,,Aggregated,163.600000,0.000000,7,10,11,12,15,17,21,24,38,48,60,28427,0,7,8.232875001574788,2.3008600001048762,60.451227000157814,224.38776515284763
1789438789,50,,Aggregated,164.200000,0.000000,7,10,11,12,15,17,21,24,38,48,60,28594,0,7,8.231655976420031,2.3008600001048762,60.451227000157814,224.39473316080296
1789438790,50,,Aggregated,163.100000,0.000000,7,10,11,12,15,17,21,24,38,48,60,28746,0,7,8.232225322714486,2.3008600001048762,60.451227000157814,224.40130800807069
1789438791,50,,Aggregated,163.200000,0.000000,7,10,11,12,15,17,21,24,38,48,60,28905,0,7,8.237085392137748,2.3008600001048762,60.451227000157814,224.41041342328316
1789438792,50,,Aggregated,163.100000,0.000000,7,10,11,12,15,17,21,24,42,50,60,29070,0,7,8.249765974088302,2.3008600001048762,60.451227000157814,224.40849673202615
1789438793,50,,Aggregated,163.000000,0.000000,7,10,11,12,15,17,21,24,42,50,60,29242,0,7,8.246879767585861,2.3008600001048762,60.451227000157814,224.39651870597086
1789438794,50,,Aggregated,163.600000,0.000000,7,10,11,12,15,17,21,24,42,50,60,29401,0,7,8.248457514837938,2.3008600001048762,60.451227000157814,224.4046120880242
1789438795,50,,Aggregated,163.100000,0.000000,7,10,11,12,15,17,21,24,42,50,60,29564,0,7,8.245473648922802,2.3008600001048762,60.451227000157814,224.4053916925991
1789438796,50,,Aggregated,162.800000,0.000000,7,10,11,12,15,17,21,24,42,50,60,29724,0,7,8.242312849978276,2.3008600001048762,60.451227000157814,224.41051002556856
1789438797,50,,Aggregated,162.300000,0.000000,7,10,11,12,15,17,21,24,42,50,60,29898,0,7,8.242548987884044,2.3008600001048762,60.451227000157814,224.4063148036658
1789438798,50,,Aggregated,163.700000,0.000000,7,10,11,12,15,17,21,24,41,50,60,30061,0,7,8.236119626418699,2.3008600001048762,60.451227000157814,224.4038787798144
1789438799,50,,Aggregated,161.900000,0.000000,7,10,11,12,15,17,21,24,41,50,60,30230,0,7,8.236599140217429,2.3008600001048762,60.451227000157814,224.40291101554746
1789438800,50,,Aggregated,163.000000,0.000000,7,10,11,12,15,17,21,24,41,50,60,30390,0,7,8.22916321345044,2.3008600001048762,60.451227000157814,224.40954261270156
1789438801,50,,Aggregated,162.800000,0.000000,7,10,11,12,15,17,21,24,41,50,60,30557,0,7,8.228435826840508,2.3008600001048762,60.451227000157814,224.40445724383937
1789438802,50,,Aggregated,164.200000,0.000000,7,10,11,12,15,17,21,24,41,50,60,30718,0,7,8.226610961871454,2.3008600001048762,60.451227000157814,224.38339084575819
1789438803,50,,Aggregated,164.500000,0.000000,7,10,11,12,15,17,21,24,41,50,60,30873,0,7,8.22686211753832,2.3008600001048762,60.451227000157814,224.3813364428465
1789438804,50,,Aggregated,163.900000,0.000000,7,10,11,12,15,17,21,24,40,50,60,31038,0,7,8.222234202872945,2.3008600001048762,60.451227000157814,224.36883819833753
1789438805,50,,Aggregated,164.100000,0.000000,7,10,11,12,15,17,21,24,40,50,60,31194,0,7,8.222693202819718,2.3008600001048762,60.451227000157814,224.3627620696288
1789438806,50,,Aggregated,163.000000,0.000000,7,10,11,12,15,17,21,24,40,50,60,31363,0,7,8.218973509828793,2.3008600001048762,60.451227000157814,224.3678538405127
1789438807,50,,Aggregated,162.700000,0.000000,7,10,11,12,15,17,21,24,40,50,60,31524,0,7,8.221716086497546,2.3008600001048762,60.451227000157814,224.37993274965106
1789438808,50,,Aggregated,162.100000,0.000000,7,10,11,12,15,17,21,24,40,50,60,31695,0,7,8.229442263440522,2.3008600001048762,60.451227000157814,224.38715885786402
1789438809,50,,Aggregated,162.700000,0.000000,7,10,11,12,15,17,21,24,40,50,60,31851,0,7,8.231944697269762,2.3008600001048762,60.451227000157814,224.38692662710747
1789438810,50,,Aggregated,161.900000,0.000000,7,10,11,12,15,17,21,24,40,50,60,32011,0,7,8.240402414099718,2.3008600001048762,60.451227000157814,224.39049076879823
1789438811,50,,Aggregated,162.100000,0.000000,7,10,11,12,15,17,21,24,40,50,60,32168,0,7,8.244436216076583,2.3008600001048762,60.451227000157814,224.37531086794328
1789438812,50,,Aggregated,162.100000,0.000000,7,10,11,12,15,17,21,24,40,50,60,32343,0,7,8.23871861214954,2.3008600001048762,60.451227000157814,224.37680487277
1789438813,50,,Aggregated,160.700000,0.000000,7,10,11,12,15,17,21,24,40,50,60,32493,0,7,8.237974319630556,2.3008600001048762,60.451227000157814,224.37555781245192
1789438814,50,,Aggregated,161.600000,0.000000,7,10,11,12,15,17,21,24,40,50,60,32657,0,7,8.235446882988724,2.3008600001048762,60.451227000157814,224.3859815659736
1789438815,50,,Aggregated,161.100000,0.000000,7,10,11,12,15,17,21,24,40,50,60,32819,0,7,8.233002320416968,2.3008600001048762,60.451227000157814,224.39096255218013
1789438816,50,,Aggregated,161.800000,0.000000,7,10,11,12,15,17,21,24,40,50,60,32973,0,7,8.235457755125585,2.3008600001048762,60.451227000157814,224.38392017711462
1789438817,50,,Aggregated,161.600000,0.000000,7,10,11,12,15,17,21,24,40,50,60,33134,0,7,8.237995757975273,2.3008600001048762,60.451227000157814,224.39460976640308
1789438818,50,,Aggregated,161.600000,0.000000,7,10,11,12,15,17,21,24,40,50,60,33298,0,7,8.237231804695488,2.3008600001048762,60.451227000157814,224.38647966844854
1789438819,50,,Aggregated,161.400000,0.000000,7,10,11,12,15,17,21,24,40,50,60,33461,0,7,8.238223963263831,2.3008600001048762,60.451227000157814,224.36564956217686
1789438820,50,,Aggregated,160.700000,0.000000,7,10,11,12,15,17,21,24,40,50,60,33628,0,7,8.231090904447676,2.3008600001048762,60.451227000157814,224.3666884738908
1789438821,50,,Aggregated,161.200000,0.000000,7,10,11,12,15,17,21,24,40,50,60,33802,0,7,8.232452661935884,2.3008600001048762,60.451227000157814,224.36740429560382
1789438822,50,,Aggregated,160.200000,0.000000,7,10,11,12,15,17,21,24,40,50,60,33966,0,7,8.226467709879564,2.3008600001048762,60.451227000157814,224.36801507389742
1789438823,50,,Aggregated,161.000000,0.000000,7,10,11,12,15,17,21,24,40,50,60,34126,0,7,8.232632938310614,2.3008600001048762,60.451227000157814,224.35588700697414
1789438824,50,,Aggregated,162.200000,0.000000,7,10,11,12,15,17,21,24,40,50,60,34283,0,7,8.231272394008238,2.3008600001048762,60.451227000157814,224.36697488551178
1789438825,50,,Aggregated,163.400000,0.000000,7,10,11,12,15,17,21,24,40,50,60,34441,0,7,8.240384673347982,2.3008600001048762,60.451227000157814,224.3609070584478
1789438826,50,,Aggregated,162.400000,0.000000,7,10,11,12,15,17,21,24,40,50,60,34609,0,7,8.244491788199346,2.3008600001048762,60.451227000157814,224.35542777890143
1789438827,50,,Aggregated,162.800000,0.000000,7,10,11,12,15,17,21,24,40,50,60,34774,0,7,8.247271532805811,2.3008600001048762,60.451227000157814,224.36262725024443
1789438828,50,,Aggregated,161.800000,0.000000,7,10,11,12,15,17,21,24,40,50,60,34928,0,7,8.249772654024971,2.3008600001048762,60.451227000157814,224.34971942281265
1789438829,50,,Aggregated,162.300000,0.000000,7,10,11,12,15,17,21,24,39,50,60,35079,0,7,8.254006863786831,2.3008600001048762,60.451227000157814,224.34319678440093
1789438830,50,,Aggregated,162.900000,0.000000,7,10,11,12,15,17,21,24,39,50,60,35238,0,7,8.256699680792826,2.3008600001048762,60.451227000157814,224.35410636244964
1789438831,50,,Aggregated,161.700000,0.000000,7,10,11,12,15,17,21,24,39,50,60,35399,0,7,8.254290929878882,2.3008600001048762,60.451227000157814,224.33105454956356
1789438832,50,,Aggregated,161.000000,0.000000,7,10,11,12,15,17,21,24,39,50,60,35558,0,7,8.254543470155472,2.3008600001048762,60.451227000157814,224.33010855503684
1789438833,50,,Aggregated,160.800000,0.000000,7,10,11,12,15,17,21,24,39,50,60,35715,0,7,8.254163646977382,2.3008600001048762,60.451227000157814,224.33106537869241
1789438834,50,,Aggregated,159.500000,0.000000,7,10,11,12,15,17,21,24,39,50,60,35884,0,7,8.252365797508283,2.3008600001048762,60.451227000157814,224.31780180581876
1789438835,50,,Aggregated,158.600000,0.000000,7,10,11,12,15,17,21,24,39,50,60,36053,0,7,8.25039043796027,2.3008600001048762,60.451227000157814,224.32374559676032
1789438836,50,,Aggregated,159.200000,0.000000,7,10,11,12,15,17,21,24,39,50,60,36214,0,7,8.249665627430392,2.3008600001048762,60.451227000157814,224.33023140222014
1789438837,50,,Aggregated,159.500000,0.000000,7,10,11,12,15,17,21,24,39,50,60,36379,0,7,8.241834726923837,2.3008600001048762,60.451227000157814,224.3113884383848
1789438838,50,,Aggregated,160.700000,0.000000,7,10,11,12,15,17,21,24,39,50,60,36548,0,7,8.242347295249388,2.3008600001048762,60.451227000157814,224.31613220969683
1789438839,50,,Aggregated,161.100000,0.000000,7,10,11,12,15,17,21,24,39,50,60,36711,0,7,8.239750088032789,2.3008600001048762,60.451227000157814,224.3202582332271
1789438840,50,,Aggregated,161.100000,0.000000,7,10,11,12,15,17,21,24,39,50,60,36877,0,7,8.245295856869308,2.3008600001048762,60.451227000157814,224.32689752420208
1789438841,50,,Aggregated,162.200000,0.000000,7,10,11,12,15,17,21,24,39,50,60,37037,0,7,8.244301430590273,2.3008600001048762,60.451227000157814,224.33396333396334
1789438842,50,,Aggregated,162.800000,0.000000,7,10,11,12,15,17,21,24,39,50,60,37197,0,7,8.245651690856361,2.3008600001048762,60.451227000157814,224.32257977793907
1789438843,50,,Aggregated,163.900000,0.000000,7,10,11,12,15,17,21,24,39,50,60,37354,0,7,8.246717081752388,2.3008600001048762,60.451227000157814,224.31932323178242
1789438844,50,,Aggregated,163.000000,0.000000,7,10,11,12,15,17,21,24,39,50,60,37518,0,7,8.248348938530139,2.3008600001048762,60.451227000157814,224.31875366490752
1789438845,50,,Aggregated,163.400000,0.000000,7,10,11,12,15,17,21,24,39,50,60,37679,0,7,8.253532068069145,2.3008600001048762,60.451227000157814,224.31633005122217
1789438846,50,,Aggregated,163.200000,0.000000,7,10,11,12,15,17,21,24,39,50,60,37840,0,7,8.254378335855458,2.3008600001048762,60.451227000157814,224.3093023255814
1789438847,50,,Aggregated,162.100000,0.000000,7,10,11,12,15,17,21,24,39,50,60,37995,0,7,8.261960373253427,2.3008600001048762,60.451227000157814,224.28948545861297
1789438848,50,,Aggregated,162.300000,0.000000,7,10,11,12,15,17,21,24,39,50,60,38154,0,7,8.258115106535936,2.3008600001048762,60.451227000157814,224.29116213241076
1789438849,50,,Aggregated,160.600000,0.000000,7,10,11,12,15,17,21,24,39,50,60,38319,0,7,8.25595940110052,2.3008600001048762,60.451227000157814,224.28549805579476
1789438850,50,,Aggregated,161.300000,0.000000,7,10,11,12,15,17,21,24,39,50,60,38472,0,7,8.258410863921005,2.3008600001048762,60.451227000157814,224.28690996049076
1789438851,50,,Aggregated,160.900000,0.000000,7,10,11,12,15,17,21,24,39,50,60,38639,0,7,8.257032064151359,2.3008600001048762,60.451227000157814,224.29144128988847
1789438852,50,,Aggregated,159.600000,0.000000,7,10,11,12,15,17,21,24,39,50,60,38798,0,7,8.25615804422256,2.3008600001048762,60.451227000157814,224.28810763441413
1789438853,50,,Aggregated,159.000000,0.000000,7,10,11,12,15,17,21,24,39,50,60,38963,0,7,8.258354383947513,2.3008600001048762,60.451227000157814,224.29633241793496
1789438854,50,,Aggregated,159.600000,0.000000,7,10,11,12,15,17,21,24,39,50,60,39127,0,7,8.262201705337578,2.3008600001048762,60.451227000157814,224.27939785825646
1789438855,50,,Aggregated,159.700000,0.000000,7,10,11,12,15,17,21,24,39,50,60,39275,0,7,8.261369526384252,2.3008600001048762,60.451227000157814,224.28667091024826
1789438856,50,,Aggregated,160.300000,0.000000,7,10,11,12,15,17,21,24,39,50,60,39440,0,7,8.261573628568497,2.3008600001048762,60.451227000157814,224.27953853955376
1789438857,50,,Aggregated,161.200000,0.000000,7,10,11,12,15,17,21,24,39,50,60,39608,0,7,8.26004158116382,2.3008600001048762,60.451227000157814,224.28239244597052
1789438858,50,,Aggregated,159.600000,0.000000,7,10,11,12,15,17,21,24,39,50,60,39771,0,7,8.264323628692717,2.3008600001048762,60.451227000157814,224.27004601342688
1789438859,50,,Aggregated,160.300000,0.000000,7,10,11,12,15,17,21,24,39,50,60,39935,0,7,8.265503312551191,2.3008600001048762,60.451227000157814,224.27056466758484
1789438860,50,,Aggregated,159.900000,0.000000,7,10,11,12,15,17,21,24,38,49,60,40092,0,7,8.269001969164325,2.3008600001048762,60.451227000157814,224.26880674448768
1789438861,50,,Aggregated,160.300000,0.000000,7,10,11,12,15,17,21,24,38,49,60,40253,0,7,8.267867977858494,2.3008600001048762,60.451227000157814,224.26939606985815
1789438862,50,,Aggregated,161.500000,0.000000,7,10,11,12,15,17,21,24,38,49,60,40421,0,7,8.263806396445766,2.3008600001048762,60.451227000157814,224.2654065955815
1789438863,50,,Aggregated,161.200000,0.000000,7,10,11,12,15,17,21,24,42,52,60,40575,0,7,8.27537688487274,2.3008600001048762,60.451227000157814,224.2490942698706
1789438864,50,,Aggregated,160.900000,0.000000,7,10,11,12,15,17,21,24,42,52,60,40737,0,7,8.273695877303258,2.3008600001048762,60.451227000157814,224.25320961288264
1789438865,50,,Aggregated,161.200000,0.000000,7,10,11,12,15,17,21,24,42,52,60,40890,0,7,8.27252545274378,2.3008600001048762,60.451227000157814,224.2486671557838
1789438866,50,,Aggregated,160.500000,0.000000,7,10,11,12,15,17,21,24,41,52,60,41056,0,7,8.270683450206946,2.3008600001048762,60.451227000157814,224.2378458690569
1789438867,50,,Aggregated,160.100000,0.000000,7,10,11,12,15,17,21,24,41,52,60,41203,0,7,8.269980801438777,2.3008600001048762,60.451227000157814,224.2360022328471
1789438868,50,,Aggregated,160.300000,0.000000,7,10,11,12,15,18,21,24,41,52,60,41366,0,7,8.279004769271614,2.3008600001048762,60.451227000157814,224.23209882512208
1789438869,50,,Aggregated,160.900000,0.000000,7,10,11,12,15,18,21,24,41,52,60,41528,0,7,8.276929039772847,2.3008600001048762,60.451227000157814,224.21949046426508
1789438870,50,,Aggregated,159.200000,0.000000,7,10,11,12,15,18,21,24,41,52,60,41690,0,7,8.275848052283001,2.3008600001048762,60.451227000157814,224.2217078436076
1789438871,50,,Aggregated,159.200000,0.000000,7,10,11,12,15,18,21,24,41,52,60,41847,0,7,8.27964495446919,2.3008600001048762,60.451227000157814,224.20837813941262
1789438872,50,,Aggregated,158.700000,0.000000,7,10,11,12,15,18,21,24,41,52,60,42017,0,7,8.278485718011218,2.3008600001048762,60.451227000157814,224.20782064402505
1789438873,50,,Aggregated,159.100000,0.000000,7,10,11,12,15,18,21,24,41,52,60,42177,0,7,8.279892175395927,2.3008600001048762,60.451227000157814,224.20122341560565
1789438874,50,,Aggregated,159.600000,0.000000,7,10,11,12,15,18,21,24,41,52,60,42339,0,7,8.279791652959931,2.3008600001048762,60.451227000157814,224.19913082500767
1789438875,50,,Aggregated,160.800000,0.000000,7,10,11,12,15,18,21,24,41,52,60,42496,0,7,8.278465094565822,2.3008600001048762,60.451227000157814,224.20524284638554
1789438876,50,,Aggregated,159.900000,0.000000,7,10,11,12,15,18,21,24,41,52,60,42653,0,7,8.280301932845573,2.3008600001048762,60.451227000157814,224.19750076196283
1789438877,50,,Aggregated,159.500000,0.000000,7,10,11,12,15,18,21,24,41,52,60,42819,0,7,8.286131447223912,2.3008600001048762,60.451227000157814,224.19187743758613
1789438878,50,,Aggregated,160.700000,0.000000,7,10,11,12,15,18,21,24,41,52,60,42979,0,7,8.284407420197725,2.3008600001048762,60.451227000157814,224.18595127853138
1789438879,50,,Aggregated,160.600000,0.000000,7,10,11,12,15,18,21,24,40,52,60,43134,0,7,8.281521840211301,2.3008600001048762,60.451227000157814,224.18066954142904
1789438880,50,,Aggregated,161.400000,0.000000,7,10,11,12,15,18,21,24,40,52,60,43294,0,7,8.280356973707411,2.3008600001048762,60.451227000157814,224.18286598604888
1789438881,50,,Aggregated,160.200000,0.000000,7,10,11,12,15,18,21,24,40,52,60,43453,0,7,8.282562336678556,2.3008600001048762,60.451227000157814,224.18661542356108
1789438882,50,,Aggregated,160.500000,0.000000,7,10,11,12,15,18,21,24,40,52,60,43614,0,7,8.284611732831031,2.3008600001048762,60.451227000157814,224.19672582198376
1789438883,50,,Aggregated,159.800000,0.000000,7,10,11,12,15,18,21,24,40,52,60,43764,0,7,8.284646015485327,2.3008600001048762,60.451227000157814,224.19372086646558
1789438884,50,,Aggregated,160.200000,0.000000,7,10,11,12,15,18,21,24,40,52,60,43925,0,7,8.28410511439284,2.3008600001048762,60.451227000157814,224.18832100170746
1789438885,50,,Aggregated,157.800000,0.000000,7,10,11,12,15,18,21,24,40,52,60,44089,0,7,8.27931380085065,2.3008600001048762,60.451227000157814,224.19519608065505
1789438886,50,,Aggregated,158.200000,0.000000,7,10,11,12,15,18,21,24,40,52,60,44256,0,7,8.277167060979469,2.3008600001048762,60.451227000157814,224.18707067968185
1789438887,50,,Aggregated,158.700000,0.000000,7,10,11,12,15,18,21,24,40,52,60,44420,0,7,8.278900085383093,2.3008600001048762,60.451227000157814,224.20751913552454
1789438888,50,,Aggregated,158.400000,0.000000,7,10,11,12,15,18,21,24,40,52,60,44577,0,7,8.277803579305662,2.3008600001048762,60.451227000157814,224.2052179375014
1789438889,50,,Aggregated,159.100000,0.000000,7,10,11,12,15,18,21,24,40,52,60,44751,0,7,8.272858818500376,2.3008600001048762,60.451227000157814,224.21036401421196
1789438890,50,,Aggregated,159.300000,0.000000,7,10,11,12,15,18,21,24,40,52,60,44918,0,7,8.269727187000958,2.3008600001048762,60.451227000157814,224.2134333674696
1789438891,50,,Aggregated,159.800000,0.000000,7,10,11,12,15,18,21,24,40,52,60,45072,0,7,8.27147772796218,2.3008600001048762,60.451227000157814,224.21492279020234
1789438892,50,,Aggregated,160.900000,0.000000,7,10,11,12,15,18,21,24,40,52,60,45239,0,7,8.272966526110308,2.3008600001048762,60.451227000157814,224.20325382966024
1789438893,50,,Aggregated,162.200000,0.000000,7,10,11,12,15,18,21,24,40,52,60,45394,0,7,8.268846070487758,2.3008600001048762,60.451227000157814,224.20418998105475
1789438894,50,,Aggregated,161.000000,0.000000,7,10,11,12,15,18,21,24,40,52,60,45565,0,7,8.27007748578314,2.3008600001048762,60.451227000157814,224.20796664106223
1789438895,50,,Aggregated,162.500000,0.000000,7,10,11,12,15,18,21,24,40,52,60,45725,0,7,8.272001211256157,2.3008600001048762,60.451227000157814,224.2140185893931
1789438896,50,,Aggregated,162.800000,0.000000,7,10,11,12,15,18,21,24,40,52,60,45888,0,7,8.271435889354244,2.3008600001048762,60.451227000157814,224.21144961645746
1789438897,50,,Aggregated,163.600000,0.000000,7,10,11,12,15,18,21,24,39,52,60,46043,0,7,8.272323919872376,2.3008600001048762,60.451227000157814,224.21931672566947
1789438898,50,,Aggregated,163.600000,0.000000,7,10,11,12,15,18,21,24,39,52,60,46211,0,7,8.271827894542298,2.3008600001048762,60.451227000157814,224.21497046157842
1789438900,50,,Aggregated,161.900000,0.000000,7,10,11,12,15,17,21,24,39,52,60,46375,0,7,8.268719375088112,2.3008600001048762,60.451227000157814,224.21554716981132
1789438901,50,,Aggregated,162.900000,0.000000,7,10,11,12,15,17,21,24,39,52,60,46546,0,7,8.268905196337103,2.3008600001048762,60.451227000157814,224.20852490009884
1789438902,50,,Aggregated,162.900000,0.000000,7,10,11,12,15,17,21,24,39,52,60,46709,0,7,8.269637074904477,2.3008600001048762,60.451227000157814,224.20691943736753
1789438903,50,,Aggregated,162.200000,0.000000,7,10,11,12,15,17,21,24,39,52,60,46870,0,7,8.26602521136578,2.3008600001048762,60.451227000157814,224.20548325154684
1789438904,50,,Aggregated,163.500000,0.000000,7,10,11,12,15,17,21,24,39,52,60,47031,0,7,8.268372344192564,2.3008600001048762,60.451227000157814,224.20901107779974
1789438905,50,,Aggregated,163.500000,0.000000,7,10,11,12,15,17,21,24,39,52,60,47189,0,7,8.267063603312987,2.3008600001048762,60.451227000157814,224.20343724173006
1789438906,50,,Aggregated,163.100000,0.000000,7,10,11,12,15,17,21,24,39,52,60,47344,0,7,8.272259577491011,2.3008600001048762,60.451227000157814,224.2101216627239
1789438907,50,,Aggregated,162.300000,0.000000,7,10,11,12,15,17,21,24,39,52,60,47506,0,7,8.271397663237167,2.3008600001048762,60.451227000157814,224.2024796867764
1789438908,50,,Aggregated,160.600000,0.000000,7,10,11,12,15,17,21,24,39,52,60,47659,0,7,8.272793011241344,2.3008600001048762,60.451227000157814,224.20399085167546
1789438909,50,,Aggregated,161.700000,0.000000,7,10,11,12,15,17,21,24,39,52,60,47824,0,7,8.271485057099937,2.3008600001048762,60.451227000157814,224.2041443626631
1789438910,50,,Aggregated,161.400000,0.000000,7,10,11,12,15,17,21,24,39,52,60,47996,0,7,8.273096703011495,2.3008600001048762,60.451227000157814,224.20137094757897
1789438911,50,,Aggregated,161.200000,0.000000,7,10,11,12,15,17,21,24,39,52,60,48163,0,7,8.274553327320382,2.3008600001048762,60.451227000157814,224.21068039781576
1789438912,50,,Aggregated,161.500000,0.000000,7,10,11,12,15,18,21,24,39,52,60,48318,0,7,8.27705564546811,2.3008600001048762,60.451227000157814,224.20075334243967
1789438913,50,,Aggregated,161.200000,0.000000,7,10,11,12,15,17,21,24,39,52,60,48486,0,7,8.275926445050924,2.3008600001048762,60.451227000157814,224.1993977643031
1789438914,50,,Aggregated,160.500000,0.000000,7,10,11,12,15,17,21,24,39,52,60,48633,0,7,8.278582015128482,2.3008600001048762,60.451227000157814,224.1943125038554
1789438915,50,,Aggregated,160.000000,0.000000,7,10,11,12,15,17,21,24,39,52,60,48799,0,7,8.276187074934422,2.3008600001048762,60.451227000157814,224.18736039672945
1789438916,50,,Aggregated,159.700000,0.000000,7,10,11,12,15,17,21,24,39,52,60,48955,0,7,8.281117551500444,2.3008600001048762,60.451227000157814,224.18206516188337
1789438917,50,,Aggregated,160.200000,0.000000,7,10,11,12,15,17,21,24,39,52,60,49114,0,7,8.279167566126151,2.3008600001048762,60.451227000157814,224.18556826973978
1789438918,50,,Aggregated,161.200000,0.000000,7,10,11,12,15,18,21,24,39,52,60,49270,0,7,8.285385641885892,2.3008600001048762,60.451227000157814,224.1857113862391
1789438919,50,,Aggregated,159.900000,0.000000,7,10,11,12,15,17,21,24,39,52,60,49432,0,7,8.283513934591033,2.3008600001048762,60.451227000157814,224.18957355559152
1789438920,50,,Aggregated,160.700000,0.000000,7,10,11,12,15,18,21,24,39,52,60,49593,0,7,8.287610156487961,2.3008600001048762,60.451227000157814,224.18764745024498
1789438921,50,,Aggregated,160.500000,0.000000,7,10,11,12,15,18,21,24,39,52,60,49760,0,7,8.286721767036068,2.3008600001048762,60.451227000157814,224.19487540192927
1789438922,50,,Aggregated,158.900000,0.000000,7,10,11,12,15,17,21,24,39,52,60,49926,0,7,8.284686826957973,2.3008600001048762,60.451227000157814,224.20087729840162
1789438923,50,,Aggregated,159.400000,0.000000,7,10,11,12,15,18,21,24,38,52,60,50079,0,7,8.2898815918192,2.3008600001048762,60.451227000157814,224.19906547654705
1789438924,50,,Aggregated,159.600000,0.000000,7,10,11,12,15,17,21,24,38,52,60,50241,0,7,8.288507638357222,2.3008600001048762,60.451227000157814,224.20437491291972
1789438925,50,,Aggregated,159.500000,0.000000,7,10,11,12,15,17,21,24,38,52,60,50413,0,7,8.286193035976732,2.3008600001048762,60.451227000157814,224.20359827822188
1789438926,50,,Aggregated,160.400000,0.000000,7,10,11,12,15,17,21,24,38,52,60,50580,0,7,8.284577688349032,2.3008600001048762,60.451227000157814,224.21180308422302
1789438927,50,,Aggregated,160.700000,0.000000,7,10,11,12,15,17,21,24,38,52,60,50747,0,7,8.280771774975825,2.3008600001048762,60.451227000157814,224.20414999901473
1789438928,50,,Aggregated,161.700000,0.000000,7,10,11,12,15,17,21,24,38,52,60,50900,0,7,8.282884769522504,2.3008600001048762,60.451227000157814,224.20504911591357
1789438929,50,,Aggregated,162.400000,0.000000,7,10,11,12,15,17,21,24,38,52,60,51064,0,7,8.282749151548959,2.3008600001048762,60.451227000157814,224.19953391822028
1789438930,50,,Aggregated,162.900000,0.000000,7,10,11,12,15,17,21,24,38,52,60,51229,0,7,8.282885723022224,2.3008600001048762,60.451227000157814,224.20261960998653
1789438931,50,,Aggregated,162.100000,0.000000,7,10,11,12,15,17,21,24,38,52,60,51386,0,7,8.283572212114604,2.3008600001048762,60.451227000157814,224.21034912232903
1789438932,50,,Aggregated,163.900000,0.000000,7,10,11,12,15,18,21,24,40,54,60,51565,0,7,8.294941367646883,2.3008600001048762,60.451227000157814,224.20254048288567
1789438933,50,,Aggregated,162.700000,0.000000,7,10,11,12,15,18,21,24,40,54,60,51729,0,7,8.292277999414516,2.3008600001048762,60.451227000157814,224.19356647141836
1789438934,50,,Aggregated,164.200000,0.000000,7,10,11,12,15,17,21,24,40,54,60,51897,0,7,8.29054717644019,2.3008600001048762,60.451227000157814,224.1932481646338
1789438935,50,,Aggregated,164.600000,0.000000,7,10,11,12,15,18,21,24,40,54,60,52065,0,7,8.289330244842386,2.3008600001048762,60.451227000157814,224.1869778161913
1789438936,50,,Aggregated,165.500000,0.000000,7,10,11,12,15,17,21,24,40,54,60,52236,0,7,8.28824264550737,2.3008600001048762,60.451227000157814,224.19044337238685
1789438937,50,,Aggregated,165.400000,0.000000,7,10,11,12,15,17,21,24,40,54,60,52398,0,7,8.283801876650266,2.3008600001048762,60.451227000157814,224.1887476621245
1789438938,50,,Aggregated,165.200000,0.000000,7,10,11,12,15,17,21,24,40,54,60,52554,0,7,8.283586640250622,2.3008600001048762,60.451227000157814,224.18748335045856
1789438939,50,,Aggregated,166.000000,0.000000,7,10,11,12,15,17,21,24,40,54,60,52718,0,7,8.285499239324789,2.3008600001048762,60.451227000157814,224.19266664137487
1789438940,50,,Aggregated,163.900000,0.000000,7,10,11,12,15,17,21,24,40,54,60,52881,0,7,8.285287282932222,2.3008600001048762,60.451227000157814,224.18957659650914
1789438941,50,,Aggregated,164.500000,0.000000,7,10,11,12,15,17,21,24,40,54,60,53041,0,7,8.285509166375661,2.3008600001048762,60.451227000157814,224.19313361361966
1789438942,50,,Aggregated,164.400000,0.000000,7,10,11,12,15,17,21,24,40,54,60,53199,0,7,8.286379711173609,2.3008600001048762,60.451227000157814,224.19186450873136
1789438943,50,,Aggregated,164.700000,0.000000,7,10,11,12,15,17,21,24,40,54,60,53362,0,7,8.287154574054863,2.3008600001048762,60.451227000157814,224.18874854765565
1789438944,50,,Aggregated,162.700000,0.000000,7,10,11,12,15,17,21,24,40,54,60,53524,0,7,8.288452677111426,2.3008600001048762,60.451227000157814,224.19043793438456
1789438945,50,,Aggregated,162.800000,0.000000,7,10,11,12,15,17,21,24,40,54,60,53689,0,7,8.287900617495534,2.3008600001048762,60.451227000157814,224.19255340945074
1789438946,50,,Aggregated,161.800000,0.000000,7,10,11,12,15,18,21,24,40,54,60,53867,0,7,8.288661895700594,2.3008600001048762,60.451227000157814,224.18231941634025
1789438947,50,,Aggregated,162.300000,0.000000,7,10,11,12,15,18,21,24,39,54,60,54020,0,7,8.28852724571801,2.3008600001048762,60.451227000157814,224.17665679378007
1789438948,50,,Aggregated,162.100000,0.000000,7,10,11,12,15,18,21,24,40,54,60,54189,0,7,8.29235628889068,2.3008600001048762,60.451227000157814,224.17586595065418
1789438949,50,,Aggregated,161.700000,0.000000,7,10,11,12,15,18,21,24,40,54,60,54354,0,7,8.289803147564038,2.3008600001048762,60.451227000157814,224.17531368436545
1789438950,50,,Aggregated,163.500000,0.000000,7,10,11,12,15,18,21,24,40,54,60,54523,0,7,8.28813545114352,2.3008600001048762,60.451227000157814,224.17288116941475
1789438951,50,,Aggregated,164.000000,0.000000,7,10,11,12,15,18,21,24,40,54,60,54684,0,7,8.290152925786295,2.3008600001048762,60.451227000157814,224.1705069124424
1789438952,50,,Aggregated,164.300000,0.000000,7,10,11,12,15,18,21,24,40,54,60,54836,0,7,8.286921381331334,2.3008600001048762,60.451227000157814,224.15814428477643
1789438953,50,,Aggregated,163.600000,0.000000,7,10,11,12,15,17,21,24,39,54,60,55008,0,7,8.284314153571852,2.3008600001048762,60.451227000157814,224.15105075625362
1789438954,50,,Aggregated,163.800000,0.000000,7,10,11,12,15,18,21,24,40,54,60,55170,0,7,8.28837937418278,2.3008600001048762,60.451227000157814,224.15383360522023
1789438955,50,,Aggregated,164.300000,0.000000,7,10,11,12,15,18,21,24,40,54,60,55330,0,7,8.288854648358157,2.3008600001048762,60.451227000157814,224.1515814205675
1789438956,50,,Aggregated,163.300000,0.000000,7,10,11,12,15,17,21,24,40,54,60,55485,0,7,8.287066003292075,2.3008600001048762,60.451227000157814,224.14703072902586
1789438957,50,,Aggregated,163.300000,0.000000,7,10,11,12,15,17,21,24,40,54,60,55654,0,7,8.283602292515585,2.3008600001048762,60.451227000157814,224.14699752039385
1789438958,50,,Aggregated,162.400000,0.000000,7,10,11,12,15,17,21,24,40,54,60,55808,0,7,8.287238645403251,2.3008600001048762,60.451227000157814,224.14454916857798
1789438959,50,,Aggregated,162.600000,0.000000,7,10,11,12,15,17,21,24,40,54,60,55974,0,7,8.289028500458587,2.3008600001048762,60.451227000157814,224.14308428913424
1789438960,50,,Aggregated,161.800000,0.000000,7,10,11,12,15,18,21,24,39,54,60,56137,0,7,8.29282105384435,2.3008600001048762,60.451227000157814,224.143702014714
1789438961,50,,Aggregated,161.600000,0.000000,7,10,11,12,15,18,21,24,41,54,60,56313,0,7,8.292883673035773,2.3008600001048762,60.451227000157814,224.1464848258839
1789438962,50,,Aggregated,160.700000,0.000000,7,10,11,12,15,17,21,24,41,54,60,56477,0,7,8.289254682519529,2.3008600001048762,60.451227000157814,224.14977778564725
1789438963,50,,Aggregated,162.500000,0.000000,7,10,11,12,15,17,21,24,41,54,60,56632,0,7,8.2884444785221,2.3008600001048762,60.451227000157814,224.15726091255826
1789438964,50,,Aggregated,163.000000,0.000000,7,10,11,12,15,17,21,24,41,54,60,56789,0,7,8.28856449994991,2.3008600001048762,60.451227000157814,224.16203842293402
1789438965,50,,Aggregated,162.400000,0.000000,7,10,11,12,15,17,21,24,41,54,60,56954,0,7,8.288413847677793,2.3008600001048762,60.451227000157814,224.15970783439266
1789438966,50,,Aggregated,162.400000,0.000000,7,10,11,12,15,17,21,24,40,54,60,57123,0,7,8.290305856286102,2.3008600001048762,60.451227000157814,224.1526005286837
1789438967,50,,Aggregated,161.700000,0.000000,7,10,11,12,15,17,21,24,40,54,60,57286,0,7,8.289680780184288,2.3008600001048762,60.451227000157814,224.15255036134482
1789438968,50,,Aggregated,162.900000,0.000000,7,10,11,12,15,17,21,24,40,54,60,57445,0,7,8.294317312361793,2.3008600001048762,60.451227000157814,224.15560971363914
1789438969,50,,Aggregated,162.100000,0.000000,7,10,11,12,15,17,21,24,40,54,60,57613,0,7,8.294030156607182,2.3008600001048762,60.451227000157814,224.15618002881294
1789438970,50,,Aggregated,162.700000,0.000000,7,10,11,12,15,17,21,24,40,54,60,57780,0,7,8.292563375659865,2.3008600001048762,60.451227000157814,224.16436483212183
1789438971,50,,Aggregated,162.900000,0.000000,7,10,11,12,15,17,21,24,40,54,60,57953,0,7,8.29238552107065,2.3008600001048762,60.451227000157814,224.16333925767432
1789438972,50,,Aggregated,163.900000,0.000000,7,10,11,12,15,17,21,24,40,54,60,58108,0,7,8.289248063633313,2.3008600001048762,60.451227000157814,224.1666207751084
1789438973,50,,Aggregated,162.700000,0.000000,7,10,11,12,15,17,21,24,40,54,60,58269,0,7,8.288308188618371,2.3008600001048762,60.451227000157814,224.1677907635278
1789438974,50,,Aggregated,163.200000,0.000000,7,10,11,12,15,17,21,24,40,54,60,58442,0,7,8.290561046603425,2.3008600001048762,60.451227000157814,224.1677218438794
1789438975,50,,Aggregated,163.400000,0.000000,7,10,11,12,15,17,21,24,40,54,60,58599,0,7,8.290557915554954,2.3008600001048762,60.451227000157814,224.17251147630506
1789438976,50,,Aggregated,164.600000,0.000000,7,10,11,12,15,17,21,24,40,54,60,58746,0,7,8.290621808286595,2.3008600001048762,60.451227000157814,224.17773124978723
1789438977,50,,Aggregated,163.800000,0.000000,7,10,11,12,15,17,21,24,40,54,60,58911,0,7,8.289061811233811,2.3008600001048762,60.451227000157814,224.17568875082753
1789438978,50,,Aggregated,162.700000,0.000000,7,10,11,12,15,17,21,24,40,54,60,59072,0,7,8.289292237838724,2.3008600001048762,60.451227000157814,224.1698605092091
1789438979,50,,Aggregated,162.300000,0.000000,7,10,11,12,15,17,21,24,40,54,60,59226,0,7,8.287341127910214,2.3008600001048762,60.451227000157814,224.17439975686355
1789438980,50,,Aggregated,162.800000,0.000000,7,10,11,12,15,17,21,24,40,54,60,59390,0,7,8.287616495615383,2.3008600001048762,60.451227000157814,224.17731941404276
1789438981,50,,Aggregated,161.900000,0.000000,7,10,11,12,15,17,21,24,40,54,60,59555,0,7,8.285679820176517,2.3008600001048762,60.451227000157814,224.1740072202166
1789438982,50,,Aggregated,160.300000,0.000000,7,10,11,12,15,17,21,24,40,54,60,59718,0,7,8.28218625274801,2.3008600001048762,60.451227000157814,224.17594360159416
1789438983,50,,Aggregated,159.800000,0.000000,7,10,11,12,15,17,21,24,40,54,60,59880,0,7,8.28478712641311,2.3008600001048762,60.451227000157814,224.17297929191716
1789438984,50,,Aggregated,160.100000,0.000000,7,10,11,12,15,17,21,24,39,54,60,60040,0,7,8.282675566532589,2.3008600001048762,60.451227000157814,224.16850433044638
1789438985,50,,Aggregated,159.700000,0.000000,7,10,11,12,15,17,21,24,39,54,60,60204,0,7,8.276629681078338,2.3008600001048762,60.451227000157814,224.16925785662082
1789438986,50,,Aggregated,159.400000,0.000000,7,10,11,12,15,17,21,24,39,54,60,60356,0,7,8.277586264905704,2.3008600001048762,60.451227000157814,224.16238650672676
1789438987,50,,Aggregated,160.100000,0.000000,7,10,11,12,15,17,21,24,39,54,60,60521,0,7,8.275106704873878,2.3008600001048762,60.451227000157814,224.16103501264024
1789438988,50,,Aggregated,160.100000,0.000000,7,10,11,12,15,17,21,24,39,54,60,60676,0,7,8.275824863021025,2.3008600001048762,60.451227000157814,224.15358626145428
1789438989,50,,Aggregated,160.400000,0.000000,7,10,11,12,15,17,21,24,39,54,60,60842,0,7,8.277159741291829,2.3008600001048762,60.451227000157814,224.15946221360244
1789438990,50,,Aggregated,159.100000,0.000000,7,10,11,12,15,17,21,24,39,54,60,61001,0,7,8.277850519740046,2.3008600001048762,60.451227000157814,224.15478434779757
1789438991,50,,Aggregated,160.500000,0.000000,7,10,11,12,15,17,21,24,39,54,60,61167,0,7,8.279549536917788,2.3008600001048762,60.451227000157814,224.15088201154217
1789438992,50,,Aggregated,160.400000,0.000000,7,10,11,12,15,17,21,24,39,54,60,61325,0,7,8.277637660605947,2.3008600001048762,60.451227000157814,224.14599266204647
1789438993,50,,Aggregated,161.200000,0.000000,7,10,11,12,15,17,21,24,39,54,60,61489,0,7,8.275397904237463,2.3008600001048762,60.451227000157814,224.14761989949423
1789438994,50,,Aggregated,159.500000,0.000000,7,10,11,12,15,17,21,24,39,54,60,61652,0,7,8.278180323714384,2.3008600001048762,60.451227000157814,224.15178745215078
1789438995,50,,Aggregated,161.600000,0.000000,7,10,11,12,15,17,21,24,40,54,60,61818,0,7,8.282528682901908,2.3008600001048762,60.451227000157814,224.1495519104468
1789438996,50,,Aggregated,161.200000,0.000000,7,10,11,12,15,17,21,24,40,54,60,61979,0,7,8.281330047074333,2.3008600001048762,60.451227000157814,224.14501686054953
1789438997,50,,Aggregated,160.700000,0.000000,7,10,11,12,15,17,21,24,39,54,60,62161,0,7,8.277685743498457,2.3008600001048762,60.451227000157814,224.14261353581827
1789438998,50,,Aggregated,161.800000,0.000000,7,10,11,12,15,17,21,24,39,54,60,62326,0,7,8.27698935425993,2.3008600001048762,60.451227000157814,224.13469499085454
1789438999,50,,Aggregated,163.200000,0.000000,7,10,11,12,15,17,21,24,39,54,60,62493,0,7,8.276677046766872,2.3008600001048762,60.451227000157814,224.1362552605892
1789439000,50,,Aggregated,165.100000,0.000000,7,10,11,12,15,17,21,24,39,54,60,62640,0,7,8.278464836248615,2.3008600001048762,60.451227000157814,224.1382662835249
1789439001,50,,Aggregated,164.200000,0.000000,7,10,11,12,15,17,21,24,39,54,60,62799,0,7,8.278985159646249,2.3008600001048762,60.451227000157814,224.14020923900063
1789439002,50,,Aggregated,164.200000,0.000000,7,10,11,12,15,17,21,24,39,54,60,62950,0,7,8.280781935133112,2.3008600001048762,60.451227000157814,224.14061953931693
1789439003,50,,Aggregated,163.300000,0.000000,7,10,11,12,15,17,21,24,39,54,60,63114,0,7,8.278643469335261,2.3008600001048762,60.451227000157814,224.13938270431282
1789439004,50,,Aggregated,164.300000,0.000000,7,10,11,12,15,17,21,24,39,54,60,63273,0,7,8.278277525715989,2.3008600001048762,60.451227000157814,224.1385425062823
1789439005,50,,Aggregated,160.700000,0.000000,7,10,11,12,15,17,21,24,39,54,60,63433,0,7,8.27644815628519,2.3008600001048762,60.451227000157814,224.13518200305833
1789439006,50,,Aggregated,161.100000,0.000000,7,10,11,12,15,17,21,24,39,54,60,63600,0,7,8.278976207541337,2.3008600001048762,60.451227000157814,224.13746855345912
1789439007,50,,Aggregated,161.600000,0.000000,7,10,11,12,15,17,21,24,39,54,60,63769,0,7,8.275866125760606,2.3008600001048762,60.451227000157814,224.12905957440137
1789439008,50,,Aggregated,160.900000,0.000000,7,10,11,12,15,17,21,24,39,54,60,63940,0,7,8.273194412380674,2.3008600001048762,60.451227000157814,224.12713481388803
1789439009,50,,Aggregated,160.800000,0.000000,7,10,11,12,15,17,21,24,39,54,60,64100,0,7,8.270841331991102,2.3008600001048762,60.451227000157814,224.12335413416537
1789439010,50,,Aggregated,160.300000,0.000000,7,10,11,12,15,17,21,24,39,54,60,64271,0,7,8.268161449948316,2.3008600001048762,60.451227000157814,224.12766255387345
1789439011,50,,Aggregated,160.600000,0.000000,7,10,11,12,15,17,21,24,39,54,60,64432,0,7,8.26834466500534,2.3008600001048762,60.451227000157814,224.1280885274398
1789439012,50,,Aggregated,162.300000,0.000000,7,10,11,12,15,17,21,24,39,54,60,64596,0,7,8.269039838947053,2.3008600001048762,60.451227000157814,224.12698928726238
1789439013,50,,Aggregated,161.800000,0.000000,7,10,11,12,15,17,21,24,39,54,60,64763,0,7,8.268314399481646,2.3008600001048762,60.451227000157814,224.13248305359542
1789439014,50,,Aggregated,162.700000,0.000000,7,10,11,12,15,17,21,24,39,54,60,64920,0,7,8.268006906941437,2.3008600001048762,60.451227000157814,224.1319316081331
1789439015,50,,Aggregated,165.300000,0.000000,7,10,11,12,15,17,21,24,39,54,60,65081,0,7,8.268851871692878,2.3008600001048762,60.451227000157814,224.12903919730797
1789439016,50,,Aggregated,164.400000,0.000000,7,10,11,12,15,17,21,24,39,54,60,65252,0,7,8.268623598872498,2.3008600001048762,60.451227000157814,224.13248636057133
1789439017,50,,Aggregated,163.400000,0.000000,7,10,11,12,15,17,21,24,39,54,60,65409,0,7,8.26611892041809,2.3008600001048762,60.451227000157814,224.13823785717562
1789439018,50,,Aggregated,165.500000,0.000000,7,10,11,12,15,17,21,24,39,54,60,65563,0,7,8.267003405863584,2.3008600001048762,60.451227000157814,224.1391486051584
1789439019,50,,Aggregated,163.800000,0.000000,7,10,11,12,15,17,21,24,39,54,60,65727,0,7,8.265392795771128,2.3008600001048762,60.451227000157814,224.14828000669436
1789439020,50,,Aggregated,162.900000,0.000000,7,10,11,12,15,17,21,24,39,54,60,65883,0,7,8.263127883424273,2.3008600001048762,60.451227000157814,224.1438307302339
1789439021,50,,Aggregated,161.800000,0.000000,7,10,11,12,15,17,21,24,39,54,60,66046,0,7,8.261015408422065,2.3008600001048762,60.451227000157814,224.14579232656027
1789439022,50,,Aggregated,160.300000,0.000000,7,10,11,12,15,17,21,24,39,54,60,66207,0,7,8.259410257474956,2.3008600001048762,60.451227000157814,224.14235654840124
1789439023,50,,Aggregated,161.700000,0.000000,7,10,11,12,15,17,21,24,39,54,60,66370,0,7,8.257973721676105,2.3008600001048762,60.451227000157814,224.13789362663854
1789439024,50,,Aggregated,160.700000,0.000000,7,10,11,12,15,17,21,24,39,54,60,66527,0,7,8.259581794995018,2.3008600001048762,60.451227000157814,224.14696288724878
1789439025,50,,Aggregated,160.100000,0.000000,7,10,11,12,15,17,21,24,39,54,60,66687,0,7,8.258336210709997,2.3008600001048762,60.451227000157814,224.14242655989923
1789439026,50,,Aggregated,160.700000,0.000000,7,10,11,12,15,17,21,24,39,54,60,66853,0,7,8.256870643076935,2.3008600001048762,60.451227000157814,224.14157928589592
1789439027,50,,Aggregated,160.800000,0.000000,7,10,11,12,15,17,21,24,39,54,60,67013,0,7,8.25665321993702,2.3008600001048762,60.451227000157814,224.14377807291123
1789439028,50,,Aggregated,159.100000,0.000000,7,10,11,12,15,17,21,24,39,54,60,67174,0,7,8.25927752781799,2.3008600001048762,60.451227000157814,224.14644058713193
1789439029,50,,Aggregated,160.200000,0.000000,7,10,11,12,15,17,21,24,39,54,60,67332,0,7,8.258357569634969,2.3008600001048762,60.451227000157814,224.14600784173945
1789439030,50,,Aggregated,160.100000,0.000000,7,10,11,12,15,17,21,24,39,54,60,67485,0,7,8.260387200602548,2.3008600001048762,60.451227000157814,224.14701044676596
1789439031,50,,Aggregated,161.200000,0.000000,7,10,11,12,15,17,21,24,39,54,60,67653,0,7,8.259359934705829,2.3008600001048762,60.451227000157814,224.14360043161426
1789439032,50,,Aggregated,160.500000,0.000000,7,10,11,12,15,17,21,24,39,54,60,67814,0,7,8.25845791064775,2.3008600001048762,60.451227000157814,224.14143097295545
1789439033,50,,Aggregated,160.000000,0.000000,7,10,11,12,15,17,21,24,39,54,60,67982,0,7,8.254617897129528,2.3008600001048762,60.451227000157814,224.13587420199465
1789439034,50,,Aggregated,160.600000,0.000000,7,10,11,12,15,17,21,24,39,54,60,68142,0,7,8.252957994520989,2.3008600001048762,60.451227000157814,224.1401778638725
1789439035,50,,Aggregated,160.300000,0.000000,7,10,11,12,15,17,21,24,39,54,60,68318,0,7,8.254233332659679,2.3008600001048762,60.451227000157814,224.13798706051114
1789439036,50,,Aggregated,160.300000,0.000000,7,10,11,12,15,17,21,24,39,54,60,68478,0,7,8.252779483288684,2.3008600001048762,60.451227000157814,224.1380881450977
1789439037,50,,Aggregated,162.500000,0.000000,7,10,11,12,15,17,21,24,39,54,60,68644,0,7,8.25136328988169,2.3008600001048762,60.451227000157814,224.13596235650604
1789439038,50,,Aggregated,162.400000,0.000000,7,10,11,12,15,17,21,24,39,54,60,68806,0,7,8.253525212069148,2.3008600001048762,60.451227000157814,224.1373281399878
1789439039,50,,Aggregated,163.100000,0.000000,7,10,11,12,15,17,21,24,39,54,60,68960,0,7,8.255451986407252,2.3008600001048762,60.451227000157814,224.1338602088167
1789439040,50,,Aggregated,163.000000,0.000000,7,10,11,12,15,17,21,24,38,54,60,69121,0,7,8.253987254548576,2.3008600001048762,60.451227000157814,224.12705256000348
1789439041,50,,Aggregated,161.600000,0.000000,7,10,11,12,15,17,21,24,38,54,60,69278,0,7,8.25238689827414,2.3008600001048762,60.451227000157814,224.12975259101015
1789439042,50,,Aggregated,162.700000,0.000000,7,10,11,12,15,17,21,24,38,54,60,69441,0,7,8.250720596069096,2.3008600001048762,60.451227000157814,224.13077288633517
1789439043,50,,Aggregated,162.500000,0.000000,7,10,11,12,15,17,21,24,38,54,60,69600,0,7,8.249965277178685,2.3008600001048762,60.451227000157814,224.13152298850574
1789439044,50,,Aggregated,161.700000,0.000000,7,10,11,12,15,17,21,24,38,54,60,69758,0,7,8.251427372984008,2.3008600001048762,60.451227000157814,224.13393445913013
1789439045,50,,Aggregated,161.700000,0.000000,7,10,11,12,15,17,21,24,38,54,60,69921,0,7,8.251498050250884,2.3008600001048762,60.451227000157814,224.13193461191918
1789439046,50,,Aggregated,161.500000,0.000000,7,10,11,12,15,17,21,24,38,53,60,70081,0,7,8.251453003718334,2.3008600001048762,60.451227000157814,224.12770936487777
1789439047,50,,Aggregated,160.200000,0.000000,7,10,11,12,15,17,21,24,38,53,60,70242,0,7,8.253127462509317,2.3008600001048762,60.451227000157814,224.12109564078472
1789439048,50,,Aggregated,160.000000,0.000000,7,10,11,12,15,17,21,24,38,53,60,70393,0,7,8.25443039632604,2.3008600001048762,60.451227000157814,224.11315045530094
1789439049,50,,Aggregated,158.400000,0.000000,7,10,11,12,15,17,21,24,38,53,60,70551,0,7,8.25298921212419,2.3008600001048762,60.451227000157814,224.11428611926124
1789439050,50,,Aggregated,158.200000,0.000000,7,10,11,12,15,17,21,24,38,53,60,70704,0,7,8.25687711294378,2.3008600001048762,60.451227000157814,224.1107433808554
1789439051,50,,Aggregated,158.500000,0.000000,7,10,11,12,15,17,21,24,38,53,60,70869,0,7,8.25431296488688,2.3008600001048762,60.451227000157814,224.11308188347513
1789439052,50,,Aggregated,157.600000,0.000000,7,10,11,12,15,17,21,24,38,53,60,71037,0,7,8.253386463667946,2.3008600001048762,60.451227000157814,224.1117305066374
1789439053,50,,Aggregated,157.700000,0.000000,7,10,11,12,15,17,21,24,38,53,60,71209,0,7,8.252453451805193,2.3008600001048762,60.451227000157814,224.11460629976548
1789439054,50,,Aggregated,159.400000,0.000000,7,10,11,12,15,17,21,24,38,53,60,71376,0,7,8.249779096875583,2.3008600001048762,60.451227000157814,224.11230665770006
1789439055,50,,Aggregated,159.600000,0.000000,7,10,11,12,15,17,21,24,38,53,60,71533,0,7,8.248492455644119,2.3008600001048762,60.451227000157814,224.11249353445262
1789439056,50,,Aggregated,161.400000,0.000000,7,10,11,12,15,17,21,24,38,53,60,71697,0,7,8.245361483626644,2.3008600001048762,60.451227000157814,224.10106420073365
1789439057,50,,Aggregated,160.700000,0.000000,7,10,11,12,15,17,21,23,38,53,60,71848,0,7,8.244513231023713,2.3008600001048762,60.451227000157814,224.09578554726644
1789439058,50,,Aggregated,161.000000,0.000000,7,10,11,12,15,17,21,23,37,53,60,72017,0,7,8.24587732052968,2.3008600001048762,60.451227000157814,224.09410278128775
1789439059,50,,Aggregated,160.200000,0.000000,7,10,11,12,15,17,21,23,37,53,60,72174,0,7,8.244066497624774,2.3008600001048762,60.451227000157814,224.09284506886135
1789439060,50,,Aggregated,161.200000,0.000000,7,10,11,12,15,17,21,23,37,53,60,72340,0,7,8.241340101016943,2.3008600001048762,60.451227000157814,224.091692009953
1789439061,50,,Aggregated,162.400000,0.000000,7,10,11,12,15,17,21,23,37,53,60,72497,0,7,8.241288648917488,2.3008600001048762,60.451227000157814,224.0874243072127
1789439062,50,,Aggregated,164.200000,0.000000,7,10,11,12,15,17,21,23,37,53,60,72661,0,7,8.239738599394173,2.3008600001048762,60.451227000157814,224.0832496112082
1789439063,50,,Aggregated,163.600000,0.000000,7,10,11,12,15,17,21,23,37,53,60,72826,0,7,8.239458169068556,2.3008600001048762,60.451227000157814,224.07436904402275
1789439064,50,,Aggregated,161.500000,0.000000,7,10,11,12,15,17,21,23,37,53,60,72986,0,7,8.239564432638918,2.3008600001048762,60.451227000157814,224.0737812731209
1789439065,50,,Aggregated,161.300000,0.000000,7,10,11,12,15,17,21,23,37,53,60,73138,0,7,8.240039714069008,2.3008600001048762,60.451227000157814,224.07142661817386
1789439066,50,,Aggregated,160.000000,0.000000,7,10,11,12,15,17,21,23,37,53,60,73303,0,7,8.240773436879492,2.3008600001048762,60.451227000157814,224.07860524125888
1789439067,50,,Aggregated,160.400000,0.000000,7,10,11,12,15,17,21,23,37,53,60,73462,0,7,8.241656627570608,2.3008600001048762,60.451227000157814,224.07707386131605
1789439068,50,,Aggregated,160.600000,0.000000,7,10,11,12,15,17,21,23,37,53,60,73622,0,7,8.240597838792677,2.3008600001048762,60.451227000157814,224.07501833691018
1789439069,50,,Aggregated,161.100000,0.000000,7,10,11,12,15,17,21,23,37,53,60,73786,0,7,8.2418861078876,2.3008600001048762,60.451227000157814,224.08028623316076
1789439070,50,,Aggregated,161.200000,0.000000,7,10,11,12,15,17,21,23,37,53,60,73947,0,7,8.243230499609115,2.3008600001048762,60.451227000157814,224.08213991101735
1789439071,50,,Aggregated,160.200000,0.000000,7,10,11,12,15,17,21,23,37,53,60,74110,0,7,8.243949865896695,2.3008600001048762,60.451227000157814,224.08066387801915
1789439072,50,,Aggregated,159.000000,0.000000,7,10,11,12,15,17,21,23,37,53,60,74272,0,7,8.240939230269879,2.3008600001048762,60.451227000157814,224.07836062042225
1789439073,50,,Aggregated,159.700000,0.000000,7,10,11,12,15,17,21,23,37,53,60,74442,0,7,8.240159958311207,2.3008600001048762,60.451227000157814,224.08072056097365
1789439074,50,,Aggregated,161.200000,0.000000,7,10,11,12,15,17,21,23,39,53,60,74604,0,7,8.243288734539712,2.3008600001048762,60.451227000157814,224.08282397726663
1789439075,50,,Aggregated,161.000000,0.000000,7,10,11,12,15,17,21,24,39,53,60,74762,0,7,8.244305517302946,2.3008600001048762,60.451227000157814,224.08318397046628
1789439076,50,,Aggregated,162.000000,0.000000,7,10,11,12,15,17,21,24,39,53,60,74922,0,7,8.244861804271068,2.3008600001048762,60.451227000157814,224.08774458770455
1789439077,50,,Aggregated,161.500000,0.000000,7,10,11,12,15,17,21,24,38,53,60,75078,0,7,8.246317489725362,2.3008600001048762,60.451227000157814,224.08403260608966
1789439078,50,,Aggregated,161.200000,0.000000,7,10,11,12,15,17,21,24,38,53,60,75241,0,7,8.245492486032719,2.3008600001048762,60.451227000157814,224.08507329780306
1789439079,50,,Aggregated,161.700000,0.000000,7,10,11,12,15,17,21,24,38,53,60,75405,0,7,8.244202605763585,2.3008600001048762,60.451227000157814,224.0839997347656
1789439080,50,,Aggregated,160.600000,0.000000,7,10,11,12,15,17,21,24,38,53,60,75575,0,7,8.243657327801689,2.3008600001048762,60.451227000157814,224.08269930532583
1789439081,50,,Aggregated,161.100000,0.000000,7,10,11,12,15,17,21,24,38,53,60,75748,0,7,8.242414073448915,2.3008600001048762,60.451227000157814,224.0851903680625
1789439082,50,,Aggregated,162.300000,0.000000,7,10,11,12,15,17,21,24,38,53,60,75911,0,7,8.244575972278186,2.3008600001048762,60.451227000157814,224.07611545098865
1789439083,50,,Aggregated,163.200000,0.000000,7,10,11,12,15,17,21,24,38,53,60,76075,0,7,8.244799769814035,2.3008600001048762,60.451227000157814,224.07754189944134
1789439084,50,,Aggregated,162.800000,0.000000,7,10,11,12,15,17,21,24,38,53,60,76239,0,7,8.243540893513702,2.3008600001048762,60.451227000157814,224.07872611130787
1789439085,50,,Aggregated,164.200000,0.000000,7,10,11,12,15,17,21,24,38,53,60,76405,0,7,8.242850057608562,2.3008600001048762,60.451227000157814,224.0741705385773
1789439086,50,,Aggregated,162.200000,0.000000,7,10,11,12,15,17,21,24,38,53,60,76568,0,7,8.24156408198696,2.3008600001048762,60.451227000157814,224.0753578518441
1789439087,50,,Aggregated,163.600000,0.000000,7,10,11,12,15,17,21,24,38,53,60,76729,0,7,8.242179755171888,2.3008600001048762,60.451227000157814,224.0807908352774
1789439088,50,,Aggregated,164.600000,0.000000,7,10,11,12,15,17,21,24,38,53,60,76887,0,7,8.243386471283511,2.3008600001048762,60.451227000157814,224.07579954998894
1789439089,50,,Aggregated,164.300000,0.000000,7,10,11,12,15,17,21,24,38,53,60,77059,0,7,8.244866181530618,2.3008600001048762,60.451227000157814,224.0763700541144
1789439090,50,,Aggregated,163.900000,0.000000,7,10,11,12,15,17,21,23,38,53,60,77220,0,7,8.242692099256256,2.3008600001048762,60.451227000157814,224.07820512820513
1789439091,50,,Aggregated,165.100000,0.000000,7,10,11,12,15,17,21,23,38,53,60,77376,0,7,8.243785710498987,2.3008600001048762,60.451227000157814,224.07821546732836
1789439092,50,,Aggregated,164.300000,0.000000,7,10,11,12,15,17,21,24,38,53,60,77535,0,7,8.242952040388944,2.3008600001048762,60.451227000157814,224.08044109112015
1789439093,50,,Aggregated,163.000000,0.000000,7,10,11,12,15,17,21,24,38,53,60,77697,0,7,8.24176924990106,2.3008600001048762,60.451227000157814,224.07513803621762
1789439094,50,,Aggregated,162.200000,0.000000,7,10,11,12,15,17,21,24,38,53,60,77853,0,7,8.246084677681758,2.3008600001048762,60.451227000157814,224.0793289918179
1789439095,50,,Aggregated,160.900000,0.000000,7,10,11,12,15,17,21,24,38,53,60,78007,0,7,8.243962109446025,2.3008600001048762,60.451227000157814,224.08121066058175
1789439096,50,,Aggregated,161.400000,0.000000,7,10,11,12,15,17,21,24,38,53,60,78176,0,7,8.243887211529717,2.3008600001048762,60.451227000157814,224.07868143675807
1789439097,50,,Aggregated,160.800000,0.000000,7,10,11,12,15,17,21,24,38,53,60,78332,0,7,8.247084517867144,2.3008600001048762,60.451227000157814,224.08005668181585
1789439098,50,,Aggregated,159.500000,0.000000,7,10,11,12,15,17,21,24,38,53,60,78497,0,7,8.245397295725429,2.3008600001048762,60.451227000157814,224.0870733913398
1789439099,50,,Aggregated,159.300000,0.000000,7,10,11,12,15,17,21,24,38,53,60,78652,0,7,8.246062410867554,2.3008600001048762,60.451227000157814,224.0871560799471
1789439100,50,,Aggregated,160.800000,0.000000,7,10,11,12,15,17,21,24,38,53,60,78817,0,7,8.246464389161494,2.3008600001048762,60.451227000157814,224.08348452744966
1789439101,50,,Aggregated,159.500000,0.000000,7,10,11,12,15,17,21,24,38,53,60,78980,0,7,8.24798698014089,2.3008600001048762,60.451227000157814,224.08859204861992
1789439102,50,,Aggregated,159.400000,0.000000,7,10,11,12,15,17,21,24,38,53,60,79139,0,7,8.248738339510632,2.3008600001048762,60.451227000157814,224.0902968195201
1789439103,50,,Aggregated,159.500000,0.000000,7,10,11,12,15,17,21,24,38,54,60,79299,0,7,8.252308354853652,2.3008600001048762,60.451227000157814,224.09450308326714
1789439104,50,,Aggregated,160.000000,0.000000,7,10,11,12,15,17,21,24,38,54,60,79460,0,7,8.251138797011484,2.3008600001048762,60.451227000157814,224.09728165114524
1789439105,50,,Aggregated,159.500000,0.000000,7,10,11,12,15,17,21,24,38,54,60,79612,0,7,8.252296160321754,2.3008600001048762,60.451227000157814,224.09160679294578
1789439106,50,,Aggregated,160.100000,0.000000,7,10,11,12,15,17,21,24,38,54,60,79774,0,7,8.253164295892745,2.3008600001048762,60.451227000157814,224.08631885075337
1789439107,50,,Aggregated,159.200000,0.000000,7,10,11,12,15,17,21,24,38,54,60,79936,0,7,8.256006142671069,2.3008600001048762,60.451227000157814,224.08724479583668
1789439108,50,,Aggregated,159.600000,0.000000,7,10,11,12,15,17,21,24,38,53,60,80089,0,7,8.25648631027436,2.3008600001048762,60.451227000157814,224.08526763975078
1789439109,50,,Aggregated,160.100000,0.000000,7,10,11,12,15,17,21,24,38,53,60,80246,0,7,8.256675840734575,2.3008600001048762,60.451227000157814,224.08893901253646
1789439110,50,,Aggregated,159.800000,0.000000,7,10,11,12,15,17,21,24,38,53,60,80396,0,7,8.256403903037489,2.3008600001048762,60.451227000157814,224.08736753072293
1789439111,50,,Aggregated,158.900000,0.000000,7,10,11,12,15,17,21,24,38,53,60,80567,0,7,8.254704927123965,2.3008600001048762,60.451227000157814,224.08923008179528
1789439112,50,,Aggregated,158.900000,0.000000,7,10,11,12,15,17,21,24,38,53,60,80723,0,7,8.253667464224545,2.3008600001048762,60.451227000157814,224.0907176393345
1789439113,50,,Aggregated,158.600000,0.000000,7,10,11,12,15,17,21,24,38,53,60,80870,0,7,8.253742169155284,2.3008600001048762,60.451227000157814,224.0890070483492
1789439114,50,,Aggregated,158.000000,0.000000,7,10,11,12,15,17,21,24,38,53,60,81035,0,7,8.254018445395308,2.3008600001048762,60.451227000157814,224.08787560930463
1789439115,50,,Aggregated,158.300000,0.000000,7,10,11,12,15,17,21,24,38,53,60,81191,0,7,8.255111911204642,2.3008600001048762,60.451227000157814,224.08395019152368
1789439116,50,,Aggregated,157.500000,0.000000,7,10,11,12,15,17,21,24,38,53,60,81356,0,7,8.256841249454439,2.3008600001048762,60.451227000157814,224.08380451349623
1789439117,50,,Aggregated,157.900000,0.000000,7,10,11,12,15,17,21,24,38,53,60,81519,0,7,8.254973773483476,2.3008600001048762,60.451227000157814,224.07874237907728
1789439118,50,,Aggregated,158.300000,0.000000,7,10,11,12,15,17,21,24,38,53,60,81693,0,7,8.252838900194584,2.3008600001048762,60.451227000157814,224.074180162315
1789439119,50,,Aggregated,158.100000,0.000000,7,10,11,12,15,17,21,24,38,53,60,81853,0,7,8.251902683305277,2.3008600001048762,60.451227000157814,224.07398629249997
1789439120,50,,Aggregated,158.400000,0.000000,7,10,11,12,15,17,21,24,38,53,60,82016,0,7,8.251888584576076,2.3008600001048762,60.451227000157814,224.0734125048771
1789439121,50,,Aggregated,160.500000,0.000000,7,10,11,12,15,17,21,24,38,53,60,82189,0,7,8.252887331779073,2.3008600001048762,60.451227000157814,224.07284429789874
1789439122,50,,Aggregated,160.300000,0.000000,7,10,11,12,15,17,21,24,38,53,60,82352,0,7,8.25516144033655,2.3008600001048762,60.451227000157814,224.06948222265396
1789439123,50,,Aggregated,161.700000,0.000000,7,10,11,12,15,17,21,24,38,53,60,82509,0,7,8.254269016466017,2.3008600001048762,60.451227000157814,224.06910761250288
1789439124,50,,Aggregated,162.900000,0.000000,7,10,11,12,15,17,21,24,38,53,60,82669,0,7,8.254874195001706,2.3008600001048762,60.451227000157814,224.06660295878746
1789439125,50,,Aggregated,163.200000,0.000000,7,10,11,12,15,17,21,24,38,53,60,82831,0,7,8.255179451818762,2.3008600001048762,60.451227000157814,224.07294370465164
1789439126,50,,Aggregated,163.000000,0.000000,7,10,11,12,15,17,21,24,38,53,60,82992,0,7,8.256375728318346,2.3008600001048762,60.451227000157814,224.06641604010025
1789439127,50,,Aggregated,163.400000,0.000000,7,10,11,12,15,17,21,24,38,53,60,83159,0,7,8.2552251183827,2.3008600001048762,60.451227000157814,224.0699022354766
1789439128,50,,Aggregated,162.800000,0.000000,7,10,11,12,15,17,21,24,38,53,60,83316,0,7,8.254434660660465,2.3008600001048762,60.451227000157814,224.07169091170962
1789439129,50,,Aggregated,163.300000,0.000000,7,10,11,12,15,17,21,24,38,53,60,83480,0,7,8.252850266142572,2.3008600001048762,60.451227000157814,224.07078342117873
1789439130,50,,Aggregated,163.400000,0.000000,7,10,11,12,15,17,21,24,38,53,60,83649,0,7,8.250926109607658,2.3008600001048762,60.451227000157814,224.0721467082691
1789439131,50,,Aggregated,161.900000,0.000000,7,10,11,12,15,17,21,24,38,53,60,83814,0,7,8.252799753938262,2.3008600001048762,60.451227000157814,224.07528575178372
1789439132,50,,Aggregated,162.100000,0.000000,7,10,11,12,15,17,21,24,38,53,60,83963,0,7,8.25395205548377,2.3008600001048762,60.451227000157814,224.0791658230411
1789439133,50,,Aggregated,161.700000,0.000000,7,10,11,12,15,17,21,24,37,53,60,84127,0,7,8.253802599564654,2.3008600001048762,60.451227000157814,224.07501753301557
1789439134,50,,Aggregated,161.600000,0.000000,7,10,11,12,15,17,21,24,37,53,60,84285,0,7,8.254563028267935,2.3008600001048762,60.451227000157814,224.07425995135551
1789439135,50,,Aggregated,161.100000,0.000000,7,10,11,12,15,17,21,24,37,53,60,84456,0,7,8.25401108832469,2.3008600001048762,60.451227000157814,224.0744174481387
1789439136,50,,Aggregated,162.100000,0.000000,7,10,11,12,15,17,21,24,37,53,60,84616,0,7,8.25399580893137,2.3008600001048762,60.451227000157814,224.075340361161
1789439137,50,,Aggregated,162.000000,0.000000,7,10,11,12,15,17,21,24,37,53,60,84778,0,7,8.254374327992464,2.3008600001048762,60.451227000157814,224.0809879921678
1789439138,50,,Aggregated,162.100000,0.000000,7,10,11,12,15,17,21,24,37,53,60,84942,0,7,8.253446567087487,2.3008600001048762,60.451227000157814,224.07587530314802
1789439139,50,,Aggregated,161.700000,0.000000,7,10,11,12,15,17,21,24,37,53,60,85108,0,7,8.251176631333864,2.3008600001048762,60.451227000157814,224.07277811721576
1789439140,50,,Aggregated,161.600000,0.000000,7,10,11,12,15,17,21,24,37,53,60,85276,0,7,8.249594055672825,2.3008600001048762,60.451227000157814,224.07438200666073
1789439141,50,,Aggregated,162.900000,0.000000,7,10,11,12,15,17,21,24,37,53,60,85433,0,7,8.25103941398012,2.3008600001048762,60.451227000157814,224.078342092634
1789439142,50,,Aggregated,162.300000,0.000000,7,10,11,12,15,17,21,24,37,53,60,85604,0,7,8.251553484072621,2.3008600001048762,60.451227000157814,224.07806878183263
1789439143,50,,Aggregated,162.400000,0.000000,7,10,11,12,15,17,21,24,37,53,60,85769,0,7,8.248465704666705,2.3008600001048762,60.451227000157814,224.07943429444205
1789439144,50,,Aggregated,162.200000,0.000000,7,10,11,12,15,17,21,24,37,53,60,85929,0,7,8.248528873890693,2.3008600001048762,60.451227000157814,224.0775523979099
1789439145,50,,Aggregated,163.200000,0.000000,7,10,11,12,15,17,21,24,37,53,60,86091,0,7,8.247584819650662,2.3008600001048762,60.451227000157814,224.0744560987792
1789439146,50,,Aggregated,162.600000,0.000000,7,10,11,12,15,17,21,24,37,53,60,86245,0,7,8.249966036901265,2.3008600001048762,60.451227000157814,224.07601600092758
1789439147,50,,Aggregated,162.700000,0.000000,7,10,11,12,15,17,21,24,37,53,60,86412,0,7,8.249962639003284,2.3008600001048762,60.451227000157814,224.07409850483728
1789439148,50,,Aggregated,163.100000,0.000000,7,10,11,12,15,17,21,24,37,53,60,86569,0,7,8.24842241292564,2.3008600001048762,60.451227000157814,224.0775335281683
1789439149,50,,Aggregated,163.200000,0.000000,7,10,11,12,15,17,21,24,37,53,60,86729,0,7,8.248721185169394,2.3008600001048762,60.451227000157814,224.0752804713533
1789439150,50,,Aggregated,162.300000,0.000000,7,10,11,12,15,17,21,24,39,54,65,86904,0,7,8.256312677017766,2.3008600001048762,64.53174999842304,224.06957102089663
1789439151,50,,Aggregated,161.200000,0.000000,7,10,11,12,15,17,21,24,39,54,65,87061,0,7,8.255575965180286,2.3008600001048762,64.53174999842304,224.07391369269823
1789439152,50,,Aggregated,163.000000,0.000000,7,10,11,12,15,17,21,24,39,54,65,87229,0,7,8.259526390713757,2.3008600001048762,64.53174999842304,224.07132948904606
1789439153,50,,Aggregated,162.400000,0.000000,7,10,11,12,15,17,21,24,39,54,65,87388,0,7,8.258758898402425,2.3008600001048762,64.53174999842304,224.07250423399094
1789439154,50,,Aggregated,161.500000,0.000000,7,10,11,12,15,17,21,24,39,54,65,87551,0,7,8.25904029900945,2.3008600001048762,64.53174999842304,224.06772052860617
1789439155,50,,Aggregated,162.100000,0.000000,7,10,11,12,15,17,21,24,39,54,65,87712,0,7,8.2566773470742,2.3008600001048762,64.53174999842304,224.06826887997082
1789439156,50,,Aggregated,162.400000,0.000000,7,10,11,12,15,17,21,24,39,54,65,87874,0,7,8.256231677044052,2.3008600001048762,64.53174999842304,224.0709652456927
1789439157,50,,Aggregated,161.600000,0.000000,7,10,11,12,15,17,21,24,39,54,65,88039,0,7,8.256954924369284,2.3008600001048762,64.53174999842304,224.07333113733685
1789439158,50,,Aggregated,160.800000,0.000000,7,10,11,12,15,17,21,24,39,54,65,88200,0,7,8.2565301934757,2.3008600001048762,64.53174999842304,224.0708276643991
1789439159,50,,Aggregated,161.600000,0.000000,7,10,11,12,15,17,21,24,39,54,65,88365,0,7,8.254063624869032,2.3008600001048762,64.53174999842304,224.07226843207152
1789439160,50,,Aggregated,162.100000,0.000000,7,10,11,12,15,17,21,24,39,54,65,88538,0,7,8.25099829959513,2.3008600001048762,64.53174999842304,224.069823126793
1789439161,50,,Aggregated,163.300000,0.000000,7,10,11,12,15,17,21,24,39,54,65,88691,0,7,8.25069039182727,2.3008600001048762,64.53174999842304,224.0659480668839
1789439162,50,,Aggregated,162.200000,0.000000,7,10,11,12,15,17,21,24,39,54,65,88857,0,7,8.249666576798386,2.3008600001048762,64.53174999842304,224.0644068559596
1789439163,50,,Aggregated,162.700000,0.000000,7,10,11,12,15,17,21,24,39,54,65,89014,0,7,8.249106668766457,2.3008600001048762,64.53174999842304,224.06215876154312
1789439164,50,,Aggregated,162.900000,0.000000,7,10,11,12,15,17,21,24,39,54,65,89174,0,7,8.249626233818814,2.3008600001048762,64.53174999842304,224.06201359140556
1789439165,50,,Aggregated,161.900000,0.000000,7,10,11,12,15,17,21,24,39,54,65,89335,0,7,8.249703072407982,2.3008600001048762,64.53174999842304,224.05902501818997
1789439166,50,,Aggregated,161.800000,0.000000,7,10,11,12,15,17,21,24,39,54,65,89495,0,7,8.251446290000143,2.3008600001048762,64.53174999842304,224.06182468294318
1789439167,50,,Aggregated,162.100000,0.000000,7,10,11,12,15,17,21,24,39,54,65,89675,0,7,8.248203926306617,2.3008600001048762,64.53174999842304,224.05990521327016
1789439168,50,,Aggregated,163.100000,0.000000,7,10,11,12,15,17,21,24,39,54,65,89840,0,7,8.245692404236015,2.3008600001048762,64.53174999842304,224.05783615316116
1789439169,50,,Aggregated,162.700000,0.000000,7,10,11,12,15,17,21,24,39,54,65,90001,0,7,8.245905645199299,2.3008600001048762,64.53174999842304,224.05989933445184
1789439170,50,,Aggregated,163.800000,0.000000,7,10,11,12,15,17,21,24,39,54,65,90166,0,7,8.245517634125711,2.3008600001048762,64.53174999842304,224.05625180223143
1789439171,50,,Aggregated,163.000000,0.000000,7,10,11,12,15,17,21,24,39,54,65,90327,0,7,8.24390908046974,2.3008600001048762,64.53174999842304,224.0553212217831
1789439172,50,,Aggregated,163.000000,0.000000,7,10,11,12,15,17,21,24,39,54,65,90497,0,7,8.242997404008964,2.3008600001048762,64.53174999842304,224.057305767042
1789439173,50,,Aggregated,163.000000,0.000000,7,10,11,12,15,17,21,24,39,54,65,90650,0,7,8.24382821863875,2.3008600001048762,64.53174999842304,224.05362382790955
1789439174,50,,Aggregated,163.900000,0.000000,7,10,11,12,15,17,21,24,39,54,65,90816,0,7,8.24489024526095,2.3008600001048762,64.53174999842304,224.05317344961242
1789439175,50,,Aggregated,163.300000,0.000000,7,10,11,12,15,17,21,24,39,54,65,90977,0,7,8.244252890946473,2.3008600001048762,64.53174999842304,224.05126570451873
1789439176,50,,Aggregated,164.000000,0.000000,7,10,11,12,15,17,21,24,38,54,65,91139,0,7,8.243297775646564,2.3008600001048762,64.53174999842304,224.0454909533789
1789439177,50,,Aggregated,163.800000,0.000000,7,10,11,12,15,17,21,24,38,54,65,91304,0,7,8.24260396272499,2.3008600001048762,64.53174999842304,224.04692017874353
1789439178,50,,Aggregated,163.300000,0.000000,7,10,11,12,15,17,21,24,38,54,65,91459,0,7,8.241508516063467,2.3008600001048762,64.53174999842304,224.04920237483464
1789439179,50,,Aggregated,162.700000,0.000000,7,10,11,12,15,17,21,24,38,54,65,91631,0,7,8.242231883638302,2.3008600001048762,64.53174999842304,224.05010313103645
1789439180,50,,Aggregated,162.200000,0.000000,7,10,11,12,15,17,21,24,38,54,65,91782,0,7,8.242885387534203,2.3008600001048762,64.53174999842304,224.04941055980476
1789439181,50,,Aggregated,160.900000,0.000000,7,10,11,12,15,17,21,24,38,54,65,91946,0,7,8.244197044109118,2.3008600001048762,64.53174999842304,224.0510952080569
1789439182,50,,Aggregated,161.600000,0.000000,7,10,11,12,15,17,21,24,38,54,65,92101,0,7,8.241728453954359,2.3008600001048762,64.53174999842304,224.04837081030607
1789439183,50,,Aggregated,161.100000,0.000000,7,10,11,12,15,17,21,24,38,54,65,92263,0,7,8.242380515804403,2.3008600001048762,64.53174999842304,224.0497924411736
1789439184,50,,Aggregated,160.400000,0.000000,7,10,11,12,15,17,21,24,38,54,65,92434,0,7,8.240719859571762,2.3008600001048762,64.53174999842304,224.05486076551918
1789439185,50,,Aggregated,160.300000,0.000000,7,10,11,12,15,17,21,24,38,54,65,92608,0,7,8.241066537433772,2.3008600001048762,64.53174999842304,224.057252073255
1789439186,50,,Aggregated,160.100000,0.000000,7,10,11,12,15,17,21,24,38,54,65,92766,0,7,8.241550103418042,2.3008600001048762,64.53174999842304,224.0600219908156
1789439187,50,,Aggregated,162.200000,0.000000,7,10,11,12,15,17,21,24,38,54,65,92925,0,7,8.241570637629046,2.3008600001048762,64.53174999842304,224.0567124024751
1789439188,50,,Aggregated,162.400000,0.000000,7,10,11,12,15,17,21,24,38,54,65,93078,0,7,8.245178128372855,2.3008600001048762,64.53174999842304,224.05562001761962
1789439189,50,,Aggregated,162.900000,0.000000,7,10,11,12,15,17,21,24,38,54,65,93233,0,7,8.246390325331937,2.3008600001048762,64.53174999842304,224.05491617774823
1789439190,50,,Aggregated,162.100000,0.000000,7,10,11,12,15,17,21,24,38,54,65,93396,0,7,8.245378909939099,2.3008600001048762,64.53174999842304,224.05866418262025
1789439191,50,,Aggregated,162.400000,0.000000,7,10,11,12,15,17,21,24,38,54,65,93568,0,7,8.244933155690653,2.3008600001048762,64.53174999842304,224.05759447674419
1789439192,50,,Aggregated,161.300000,0.000000,7,10,11,12,15,17,21,24,39,54,65,93735,0,7,8.248276878537117,2.3008600001048762,64.53174999842304,224.05659572198218
1789439193,50,,Aggregated,162.100000,0.000000,7,10,11,12,15,17,21,24,39,54,65,93890,0,7,8.248882457308307,2.3008600001048762,64.53174999842304,224.06067738843328
1789439194,50,,Aggregated,162.700000,0.000000,7,10,11,12,15,17,21,24,38,54,65,94062,0,7,8.25078525101165,2.3008600001048762,64.53174999842304,224.05957772533012
1789439195,50,,Aggregated,163.300000,0.000000,7,10,11,12,15,17,21,24,38,54,65,94223,0,7,8.251193119064869,2.3008600001048762,64.53174999842304,224.05667406047357
1789439196,50,,Aggregated,163.100000,0.000000,7,10,11,12,15,17,21,24,38,54,65,94399,0,7,8.25064456002345,2.3008600001048762,64.53174999842304,224.05306200277545
1789439197,50,,Aggregated,161.800000,0.000000,7,10,11,12,15,17,21,24,38,54,65,94549,0,7,8.250523775372153,2.3008600001048762,64.53174999842304,224.05247014775406
1789439198,50,,Aggregated,161.800000,0.000000,7,10,11,12,15,17,21,24,38,54,65,94723,0,7,8.249969369684903,2.3008600001048762,64.53174999842304,224.05127582530113
1789439199,50,,Aggregated,161.900000,0.000000,7,10,11,12,15,17,21,24,38,54,65,94882,0,7,8.249742018724971,2.3008600001048762,64.53174999842304,224.05380367192933
1789439200,50,,Aggregated,161.700000,0.000000,7,10,11,12,15,17,21,24,38,54,65,95049,0,7,8.249070882257236,2.3008600001048762,64.53174999842304,224.05556081600017
1789439201,50,,Aggregated,163.400000,0.000000,7,10,11,12,15,17,21,24,38,54,65,95217,0,7,8.248980650300515,2.3008600001048762,64.53174999842304,224.05123034752197
1789439202,50,,Aggregated,164.500000,0.000000,7,10,11,12,15,17,21,24,38,54,65,95383,0,7,8.248151425753552,2.3008600001048762,64.53174999842304,224.05140328989444
1789439203,50,,Aggregated,163.800000,0.000000,7,10,11,12,15,17,21,24,38,54,65,95528,0,7,8.248107143608662,2.3008600001048762,64.53174999842304,224.0525814420903
1789439204,50,,Aggregated,163.600000,0.000000,7,10,11,12,15,17,21,24,38,54,65,95700,0,7,8.246873230017483,2.3008600001048762,64.53174999842304,224.0538975966562
1789439205,50,,Aggregated,163.900000,0.000000,7,10,11,12,15,17,21,24,38,54,65,95856,0,7,8.245579124182898,2.3008600001048762,64.53174999842304,224.05278751460523
1789439206,50,,Aggregated,163.600000,0.000000,7,10,11,12,15,17,21,24,38,54,65,96012,0,7,8.246783157133356,2.3008600001048762,64.53174999842304,224.05562846310877
1789439207,50,,Aggregated,163.000000,0.000000,7,10,11,12,15,17,21,24,38,54,65,96177,0,7,8.246899790882035,2.3008600001048762,64.53174999842304,224.05798683676971
1789439208,50,,Aggregated,162.600000,0.000000,7,10,11,12,15,17,21,24,38,54,65,96345,0,7,8.245693397806228,2.3008600001048762,64.53174999842304,224.05566453889668
1789439209,50,,Aggregated,162.200000,0.000000,7,10,11,12,15,17,21,24,38,54,65,96498,0,7,8.244526037530731,2.3008600001048762,64.53174999842304,224.05638458828162
1789439210,50,,Aggregated,162.700000,0.000000,7,10,11,12,15,17,21,24,38,54,65,96648,0,7,8.245012370733381,2.3008600001048762,64.53174999842304,224.06275349722705
1789439211,50,,Aggregated,161.400000,0.000000,7,10,11,12,15,17,21,24,38,54,65,96812,0,7,8.243963258487112,2.3008600001048762,64.53174999842304,224.06619014171798
1789439212,50,,Aggregated,160.700000,0.000000,7,10,11,12,15,17,21,24,38,54,65,96977,0,7,8.244880979053326,2.3008600001048762,64.53174999842304,224.06665498004682
1789439213,50,,Aggregated,159.500000,0.000000,7,10,11,12,15,17,21,24,38,54,65,97139,0,7,8.242751118136397,2.3008600001048762,64.53174999842304,224.06458785863558
1789439214,50,,Aggregated,159.200000,0.000000,7,10,11,12,15,17,21,24,38,54,65,97300,0,7,8.243554979986193,2.3008600001048762,64.53174999842304,224.06218910585818
1789439215,50,,Aggregated,159.100000,0.000000,7,10,11,12,15,17,21,24,38,54,65,97466,0,7,8.241983511190181,2.3008600001048762,64.53174999842304,224.0613855087928
1789439216,50,,Aggregated,159.500000,0.000000,7,10,11,12,15,17,21,24,38,54,65,97642,0,7,8.240504018318584,2.3008600001048762,64.53174999842304,224.0601482968395
1789439217,50,,Aggregated,160.300000,0.000000,7,10,11,12,15,17,21,24,38,54,65,97808,0,7,8.240480976982028,2.3008600001048762,64.53174999842304,224.05790937346637
1789439218,50,,Aggregated,160.700000,0.000000,7,10,11,12,15,17,21,24,38,54,65,97964,0,7,8.24119885770948,2.3008600001048762,64.53174999842304,224.06108366338654
1789439219,50,,Aggregated,162.300000,0.000000,7,10,11,12,15,17,21,24,38,54,65,98128,0,7,8.239622320924072,2.3008600001048762,64.53174999842304,224.06687184086093
1789439220,50,,Aggregated,161.700000,0.000000,7,10,11,12,15,17,21,24,38,54,65,98288,0,7,8.2375113038381,2.3008600001048762,64.53174999842304,224.06402612729937
1789439221,50,,Aggregated,161.700000,0.000000,7,10,11,12,15,17,21,24,38,54,65,98445,0,7,8.236634077775758,2.3008600001048762,64.53174999842304,224.06921631367769
1789439222,50,,Aggregated,162.500000,0.000000,7,10,11,12,15,17,21,24,38,54,65,98603,0,7,8.23480022504012,2.3008600001048762,64.53174999842304,224.06917639422736
1789439223,50,,Aggregated,163.100000,0.000000,7,10,11,12,15,17,21,24,39,54,65,98766,0,7,8.238130101650768,2.3008600001048762,64.53174999842304,224.07084421764574
1789439224,50,,Aggregated,162.500000,0.000000,7,10,11,12,15,17,21,24,39,54,65,98923,0,7,8.237084020022003,2.3008600001048762,64.53174999842304,224.0722582210406
1789439225,50,,Aggregated,162.500000,0.000000,7,10,11,12,15,17,21,24,39,54,65,99078,0,7,8.23770982078399,2.3008600001048762,64.53174999842304,224.0694907042936
1789439226,50,,Aggregated,161.700000,0.000000,7,10,11,12,15,17,21,24,39,54,65,99243,0,7,8.235285698272389,2.3008600001048762,64.53174999842304,224.06573763388855
1789439227,50,,Aggregated,162.100000,0.000000,7,10,11,12,15,17,21,24,39,54,65,99412,0,7,8.23671249022907,2.3008600001048762,64.53174999842304,224.064549551362
1789439228,50,,Aggregated,160.200000,0.000000,7,10,11,12,15,17,21,24,39,54,65,99576,0,7,8.239314989522093,2.3008600001048762,64.53174999842304,224.06237446774324
1789439229,50,,Aggregated,160.000000,0.000000,7,10,11,12,15,17,21,24,39,54,65,99737,0,7,8.239185097482922,2.3008600001048762,64.53174999842304,224.05997774146005
1789439230,50,,Aggregated,160.700000,0.000000,7,10,11,12,15,17,21,24,39,54,65,99893,0,7,8.239505030679144,2.3008600001048762,64.53174999842304,224.06159590762115
1789439231,50,,Aggregated,161.000000,0.000000,7,10,11,12,15,17,21,24,39,53,65,100055,0,7,8.23897130322944,2.3008600001048762,64.53174999842304,224.05672879916045
1789439232,50,,Aggregated,160.700000,0.000000,7,10,11,12,15,17,21,24,39,53,65,100214,0,7,8.239975536567902,2.3008600001048762,64.53174999842304,224.05405432374718
1789439233,50,,Aggregated,160.600000,0.000000,7,10,11,12,15,17,21,24,39,53,65,100380,0,7,8.241838507029486,2.3008600001048762,64.53174999842304,224.05336720462245
1789439234,50,,Aggregated,161.000000,0.000000,7,10,11,12,15,17,21,24,39,53,65,100545,0,7,8.240911575290879,2.3008600001048762,64.53174999842304,224.05822268635933
1789439235,50,,Aggregated,160.300000,0.000000,7,10,11,12,15,17,21,24,39,53,65,100708,0,7,8.23946861600498,2.3008600001048762,64.53174999842304,224.05889303729595
1789439236,50,,Aggregated,161.300000,0.000000,7,10,11,12,15,17,21,24,39,53,65,100865,0,7,8.237952836589864,2.3008600001048762,64.53174999842304,224.06039756109652
1789439237,50,,Aggregated,160.700000,0.000000,7,10,11,12,15,17,21,24,39,53,65,101022,0,7,8.236361020407811,2.3008600001048762,64.53174999842304,224.06505513650492
1789439238,50,,Aggregated,162.900000,0.000000,7,10,11,12,15,17,21,24,39,53,65,101186,0,7,8.235695272890036,2.3008600001048762,64.53174999842304,224.0606408001107
1789439239,50,,Aggregated,160.300000,0.000000,7,10,11,12,15,17,21,24,39,53,65,101344,0,7,8.234384927599557,2.3008600001048762,64.53174999842304,224.05698413324913
1789439240,50,,Aggregated,160.000000,0.000000,7,10,11,12,15,17,21,24,39,53,65,101506,0,7,8.234588497582987,2.3008600001048762,64.53174999842304,224.05583906370066
1789439241,50,,Aggregated,160.400000,0.000000,7,10,11,12,15,17,21,24,39,53,65,101676,0,7,8.236797322816356,2.3008600001048762,64.53174999842304,224.0541130650301
1789439242,50,,Aggregated,159.700000,0.000000,7,10,11,12,15,17,21,24,39,53,65,101847,0,7,8.234929740490038,2.3008600001048762,64.53174999842304,224.05116498276826
1789439243,50,,Aggregated,160.900000,0.000000,7,10,11,12,15,17,21,24,39,53,65,102007,0,7,8.234940314445803,2.3008600001048762,64.53174999842304,224.05372180340564
1789439244,50,,Aggregated,162.000000,0.000000,7,10,11,12,15,17,21,24,39,53,65,102174,0,7,8.232773477740503,2.3008600001048762,64.53174999842304,224.05212676414743
1789439245,50,,Aggregated,163.200000,0.000000,7,10,11,12,15,17,21,24,39,53,65,102324,0,7,8.235299227040166,2.3008600001048762,64.53174999842304,224.05239240060982
1789439246,50,,Aggregated,162.000000,0.000000,7,10,11,12,15,17,21,24,39,53,65,102485,0,7,8.234433284809088,2.3008600001048762,64.53174999842304,224.0489827779675
1789439247,50,,Aggregated,162.400000,0.000000,7,10,11,12,15,17,21,24,39,53,65,102649,0,7,8.233248347462155,2.3008600001048762,64.53174999842304,224.0469074223811
1789439248,50,,Aggregated,160.800000,0.000000,7,10,11,12,15,17,21,24,39,53,65,102818,0,7,8.232338963631495,2.3008600001048762,64.53174999842304,224.04760839541714
1789439249,50,,Aggregated,162.400000,0.000000,7,10,11,12,15,17,21,24,39,53,65,102984,0,7,8.232421684860604,2.3008600001048762,64.53174999842304,224.05259069369998
1789439250,50,,Aggregated,162.700000,0.000000,7,10,11,12,15,17,21,24,39,53,65,103148,0,7,8.232530716346437,2.3008600001048762,64.53174999842304,224.05908985147556
1789439251,50,,Aggregated,162.500000,0.000000,7,10,11,12,15,17,21,24,39,53,65,103309,0,7,8.231832815627776,2.3008600001048762,64.53174999842304,224.05906552188097
1789439252,50,,Aggregated,163.600000,0.000000,7,10,11,12,15,17,21,24,39,53,65,103468,0,7,8.233580220529172,2.3008600001048762,64.53174999842304,224.06046313836163
1789439253,50,,Aggregated,163.600000,0.000000,7,10,11,12,15,17,21,24,39,53,65,103634,0,7,8.234267274598084,2.3008600001048762,64.53174999842304,224.06178474245903
1789439254,50,,Aggregated,162.000000,0.000000,7,10,11,12,15,17,21,24,39,53,65,103791,0,7,8.232777917957224,2.3008600001048762,64.53174999842304,224.06099758167858
1789439255,50,,Aggregated,161.300000,0.000000,7,10,11,12,15,17,21,24,39,53,65,103954,0,7,8.232702957478223,2.3008600001048762,64.53174999842304,224.06217172980357
1789439256,50,,Aggregated,162.600000,0.000000,7,10,11,12,15,17,21,24,39,53,65,104120,0,7,8.230599550573318,2.3008600001048762,64.53174999842304,224.06361890126777
1789439257,50,,Aggregated,161.600000,0.000000,7,10,11,12,15,17,21,24,39,53,65,104289,0,7,8.231064346543562,2.3008600001048762,64.53174999842304,224.05987208622193
1789439258,50,,Aggregated,162.800000,0.000000,7,10,11,12,15,17,21,23,39,53,65,104446,0,7,8.231692921726927,2.3008600001048762,64.53174999842304,224.05857572334028
1789439260,50,,Aggregated,163.000000,0.000000,7,10,11,12,15,17,21,24,39,53,65,104611,0,7,8.232186680757183,2.3008600001048762,64.53174999842304,224.0579288984906
1789439261,50,,Aggregated,162.700000,0.000000,7,10,11,12,15,17,21,23,39,53,65,104782,0,7,8.231910773908583,2.3008600001048762,64.53174999842304,224.06280658891794
1789439262,50,,Aggregated,162.700000,0.000000,7,10,11,12,15,17,21,23,39,53,65,104938,0,7,8.230958344590908,2.3008600001048762,64.53174999842304,224.0640854599859
1789439263,50,,Aggregated,162.600000,0.000000,7,10,11,12,15,17,21,24,39,53,65,105107,0,7,8.23098839087492,2.3008600001048762,64.53174999842304,224.06386824854673
1789439264,50,,Aggregated,162.800000,0.000000,7,10,11,12,15,17,21,24,39,53,65,105280,0,7,8.231824270589728,2.3008600001048762,64.53174999842304,224.06605243161096
1789439265,50,,Aggregated,163.700000,0.000000,7,10,11,12,15,17,21,24,39,53,65,105444,0,7,8.231381977643851,2.3008600001048762,64.53174999842304,224.06722999886196
1789439266,50,,Aggregated,164.100000,0.000000,7,10,11,12,15,17,21,24,39,53,65,105604,0,7,8.230692049673115,2.3008600001048762,64.53174999842304,224.0666546721715
1789439267,50,,Aggregated,164.900000,0.000000,7,10,11,12,15,17,21,23,39,53,65,105772,0,7,8.23024047758083,2.3008600001048762,64.53174999842304,224.07101123170594
1789439268,50,,Aggregated,164.600000,0.000000,7,10,11,12,15,17,21,23,39,53,65,105931,0,7,8.229473376260758,2.3008600001048762,64.53174999842304,224.07322691185772
1789439269,50,,Aggregated,164.400000,0.000000,7,10,11,12,15,17,21,23,39,53,65,106101,0,7,8.228610341652619,2.3008600001048762,64.53174999842304,224.07615385340384
1789439270,50,,Aggregated,164.100000,0.000000,7,10,11,12,15,17,21,24,39,53,65,106263,0,7,8.230420450003203,2.3008600001048762,64.53174999842304,224.077515221667
1789439271,50,,Aggregated,165.300000,0.000000,7,10,11,12,15,17,21,24,39,53,65,106428,0,7,8.230516442671838,2.3008600001048762,64.53174999842304,224.08044875408726
1789439272,50,,Aggregated,164.500000,0.000000,7,10,11,12,15,17,21,23,39,53,65,106594,0,7,8.229755901445413,2.3008600001048762,64.53174999842304,224.08610240726495
1789439273,50,,Aggregated,164.000000,0.000000,7,10,11,12,15,17,21,23,39,53,65,106756,0,7,8.230191349897515,2.3008600001048762,64.53174999842304,224.09007456255387
1789439274,50,,Aggregated,165.400000,0.000000,7,10,11,12,15,17,21,23,39,53,65,106920,0,7,8.231612747191065,2.3008600001048762,64.53174999842304,224.08765432098767
1789439275,50,,Aggregated,164.600000,0.000000,7,10,11,12,15,17,21,23,38,53,65,107088,0,7,8.230472404888317,2.3008600001048762,64.53174999842304,224.08972060361572
1789439276,50,,Aggregated,163.000000,0.000000,7,10,11,12,15,17,21,23,38,53,65,107238,0,7,8.230885606181282,2.3008600001048762,64.53174999842304,224.0852682817658
1789439277,50,,Aggregated,164.000000,0.000000,7,10,11,12,15,17,21,23,38,53,65,107403,0,7,8.228808167394508,2.3008600001048762,64.53174999842304,224.0842341461598
1789439278,50,,Aggregated,163.200000,0.000000,7,10,11,12,15,17,21,23,38,53,65,107574,0,7,8.227877528972433,2.3008600001048762,64.53174999842304,224.08312417498652
1789439279,50,,Aggregated,163.100000,0.000000,7,10,11,12,15,17,21,23,38,53,65,107742,0,7,8.227672052288579,2.3008600001048762,64.53174999842304,224.0793098327486
1789439280,50,,Aggregated,164.000000,0.000000,7,10,11,12,15,17,21,23,38,53,65,107905,0,7,8.227868442766239,2.3008600001048762,64.53174999842304,224.07966266623419
1789439281,50,,Aggregated,163.800000,0.000000,7,10,11,12,15,17,21,23,38,53,65,108065,0,7,8.226396291553185,2.3008600001048762,64.53174999842304,224.07365937167447
1789439282,50,,Aggregated,163.600000,0.000000,7,10,11,12,15,17,21,23,38,53,65,108225,0,7,8.228568454808874,2.3008600001048762,64.53174999842304,224.07428043428044
1789439283,50,,Aggregated,163.600000,0.000000,7,10,11,12,15,17,21,23,38,53,65,108379,0,7,8.229077131267829,2.3008600001048762,64.53174999842304,224.07506989361409
1789439284,50,,Aggregated,162.900000,0.000000,7,10,11,12,15,17,21,23,38,53,65,108545,0,7,8.229062489462201,2.3008600001048762,64.53174999842304,224.07967202542724
1789439285,50,,Aggregated,162.100000,0.000000,7,10,11,12,15,17,21,23,38,53,65,108698,0,7,8.229753782053727,2.3008600001048762,64.53174999842304,224.074913981858
1789439286,50,,Aggregated,162.500000,0.000000,7,10,11,12,15,17,21,23,38,53,65,108854,0,7,8.228957536991507,2.3008600001048762,64.53174999842304,224.07533025887886
1789439287,50,,Aggregated,160.200000,0.000000,7,10,11,12,15,17,21,23,38,53,65,109019,0,7,8.228799733144424,2.3008600001048762,64.53174999842304,224.07595923646338
1789439288,50,,Aggregated,160.900000,0.000000,7,10,11,12,15,17,21,23,38,53,65,109178,0,7,8.22868597545888,2.3008600001048762,64.53174999842304,224.07445639231346
1789439289,50,,Aggregated,160.700000,0.000000,7,10,11,12,15,17,21,23,38,53,65,109347,0,7,8.228436379778598,2.3008600001048762,64.53174999842304,224.0738291859859
1789439290,50,,Aggregated,159.400000,0.000000,7,10,11,12,15,17,21,23,38,53,65,109507,0,7,8.228406458497275,2.3008600001048762,64.53174999842304,224.07328298647576
1789439291,50,,Aggregated,159.700000,0.000000,7,10,11,12,15,17,21,23,38,53,65,109674,0,7,8.23035885989071,2.3008600001048762,64.53174999842304,224.07772124660357
1789439292,50,,Aggregated,160.100000,0.000000,7,10,11,12,15,17,21,23,38,53,65,109837,0,7,8.229223315309527,2.3008600001048762,64.53174999842304,224.08064677658712
1789439293,50,,Aggregated,160.400000,0.000000,7,10,11,12,15,17,21,23,38,53,65,110013,0,7,8.228756294943752,2.3008600001048762,64.53174999842304,224.07717269777208
1789439294,50,,Aggregated,160.500000,0.000000,7,10,11,12,15,17,21,23,38,53,65,110167,0,7,8.231637724215501,2.3008600001048762,64.53174999842304,224.0771102054154
1789439295,50,,Aggregated,161.700000,0.000000,7,10,11,12,15,17,21,23,38,53,65,110324,0,7,8.232004457104813,2.3008600001048762,64.53174999842304,224.0764747471085
1789439296,50,,Aggregated,162.000000,0.000000,7,10,11,12,15,17,21,23,38,53,65,110490,0,7,8.230607172455647,2.3008600001048762,64.53174999842304,224.0748755543488
1789439297,50,,Aggregated,161.900000,0.000000,7,10,11,12,15,17,21,23,39,53,65,110654,0,7,8.233225498875973,2.3008600001048762,64.53174999842304,224.0758400057838
1789439298,50,,Aggregated,162.600000,0.000000,7,10,11,12,15,17,21,23,39,53,65,110813,0,7,8.232028810821944,2.3008600001048762,64.53174999842304,224.08077572126015
1789439299,50,,Aggregated,163.400000,0.000000,7,10,11,12,15,17,21,23,39,53,65,110978,0,7,8.230745398850347,2.3008600001048762,64.53174999842304,224.08433202977167
1789439300,50,,Aggregated,162.900000,0.000000,7,10,11,12,15,17,21,23,39,53,65,111139,0,7,8.23127334010218,2.3008600001048762,64.53174999842304,224.0802778502596
1789439301,50,,Aggregated,162.200000,0.000000,7,10,11,12,15,17,21,23,39,53,65,111300,0,7,8.231595839376528,2.3008600001048762,64.53174999842304,224.08033243486074
1789439302,50,,Aggregated,162.800000,0.000000,7,10,11,12,15,17,21,23,39,53,65,111459,0,7,8.231704859146445,2.3008600001048762,64.53174999842304,224.07933859087197
1789439303,50,,Aggregated,162.000000,0.000000,7,10,11,12,15,17,21,23,39,53,65,111613,0,7,8.231789859770887,2.3008600001048762,64.53174999842304,224.0784048453137
1789439304,50,,Aggregated,161.400000,0.000000,7,10,11,12,15,17,21,23,39,53,65,111787,0,7,8.23137691801012,2.3008600001048762,64.53174999842304,224.0769320225071
1789439305,50,,Aggregated,160.900000,0.000000,7,10,11,12,15,17,21,23,39,53,65,111954,0,7,8.231613256923259,2.3008600001048762,64.53174999842304,224.07964878432213
1789439306,50,,Aggregated,161.700000,0.000000,7,10,11,12,15,17,21,23,39,53,65,112113,0,7,8.231864793419012,2.3008600001048762,64.53174999842304,224.0801958738059
1789439307,50,,Aggregated,163.200000,0.000000,7,10,11,12,15,17,21,23,39,53,65,112289,0,7,8.233305972985637,2.3008600001048762,64.53174999842304,224.07800407876104
1789439308,50,,Aggregated,162.400000,0.000000,7,10,11,12,15,17,21,23,39,53,65,112453,0,7,8.232001004780498,2.3008600001048762,64.53174999842304,224.08288796208194
1789439309,50,,Aggregated,162.500000,0.000000,7,10,11,12,15,17,21,23,39,53,65,112616,0,7,8.233449021183288,2.3008600001048762,64.53174999842304,224.0828923065994
1789439310,50,,Aggregated,163.900000,0.000000,7,10,11,12,15,17,21,23,39,53,65,112786,0,7,8.232121418150971,2.3008600001048762,64.53174999842304,224.084877555725
1789439311,50,,Aggregated,164.100000,0.000000,7,10,11,12,15,17,21,23,39,53,65,112960,0,7,8.232189365222828,2.3008600001048762,64.53174999842304,224.08858888101983
1789439312,50,,Aggregated,164.600000,0.000000,7,10,11,12,15,17,21,23,38,53,65,113121,0,7,8.230676045672965,2.3008600001048762,64.53174999842304,224.08932028535816
1789439313,50,,Aggregated,165.300000,0.000000,7,10,11,12,15,17,21,23,38,53,65,113276,0,7,8.229700936258183,2.3008600001048762,64.53174999842304,224.08586991066068
1789439314,50,,Aggregated,165.500000,0.000000,7,10,11,12,15,17,21,23,38,53,65,113441,0,7,8.22864351140757,2.3008600001048762,64.53174999842304,224.09084017242444
1789439315,50,,Aggregated,165.400000,0.000000,7,10,11,12,15,17,21,23,38,53,65,113599,0,7,8.22898808070126,2.3008600001048762,64.53174999842304,224.09396209473675
1789439316,50,,Aggregated,165.000000,0.000000,7,10,11,12,15,17,21,23,38,53,65,113755,0,7,8.228238114285812,2.3008600001048762,64.53174999842304,224.09751659267724
1789439317,50,,Aggregated,164.100000,0.000000,7,10,11,12,15,17,21,23,38,53,65,113916,0,7,8.228055601219962,2.3008600001048762,64.53174999842304,224.09799325819026
1789439318,50,,Aggregated,163.900000,0.000000,7,10,11,12,15,17,21,23,38,53,65,114076,0,7,8.227143613026362,2.3008600001048762,64.53174999842304,224.09662856341387
1789439319,50,,Aggregated,162.800000,0.000000,7,10,11,12,15,17,21,23,38,53,65,114231,0,7,8.228489980028261,2.3008600001048762,64.53174999842304,224.0995176440721
1789439320,50,,Aggregated,161.900000,0.000000,7,10,11,12,15,17,21,23,38,53,65,114396,0,7,8.228846914154476,2.3008600001048762,64.53174999842304,224.09745095982376
1789439321,50,,Aggregated,161.300000,0.000000,7,10,11,12,15,17,21,23,38,53,65,114558,0,7,8.228792979526679,2.3008600001048762,64.53174999842304,224.09926849281587
1789439322,50,,Aggregated,160.100000,0.000000,7,10,11,12,15,17,21,23,38,53,65,114715,0,7,8.228695954562417,2.3008600001048762,64.53174999842304,224.09500937105
1789439323,50,,Aggregated,159.800000,0.000000,7,10,11,12,15,17,21,23,38,53,65,114879,0,7,8.22816272327948,2.3008600001048762,64.53174999842304,224.09351578617503
1789439324,50,,Aggregated,158.900000,0.000000,7,10,11,12,15,17,21,23,38,53,65,115046,0,7,8.231004588257049,2.3008600001048762,64.53174999842304,224.09281504789388
1789439325,50,,Aggregated,160.100000,0.000000,7,10,11,12,15,17,21,23,38,53,65,115199,0,7,8.23164134216977,2.3008600001048762,64.53174999842304,224.0886726447278
1789439326,50,,Aggregated,160.100000,0.000000,7,10,11,12,15,17,21,23,38,53,65,115366,0,7,8.23112985073261,2.3008600001048762,64.53174999842304,224.0866459788846
1789439327,50,,Aggregated,159.900000,0.000000,7,10,11,12,15,17,21,23,38,53,65,115531,0,7,8.231650954156141,2.3008600001048762,64.53174999842304,224.08652223212817
1789439328,50,,Aggregated,161.000000,0.000000,7,10,11,12,15,17,21,23,38,53,65,115685,0,7,8.231682440278526,2.3008600001048762,64.53174999842304,224.08611315209404
1789439329,50,,Aggregated,160.200000,0.000000,7,10,11,12,15,17,21,23,38,53,65,115852,0,7,8.231435015482086,2.3008600001048762,64.53174999842304,224.09147878327522
1789439330,50,,Aggregated,160.800000,0.000000,7,10,11,12,15,17,21,23,38,53,65,116021,0,7,8.230495841637499,2.3008600001048762,64.53174999842304,224.08822540746934
1789439331,50,,Aggregated,161.000000,0.000000,7,10,11,12,15,17,21,23,38,53,65,116178,0,7,8.23211885299822,2.3008600001048762,64.53174999842304,224.08674619979686
1789439332,50,,Aggregated,162.100000,0.000000,7,10,11,12,15,17,21,23,38,53,65,116336,0,7,8.23229033273981,2.3008600001048762,64.53174999842304,224.0874793701004
1789439333,50,,Aggregated,160.900000,0.000000,7,10,11,12,15,17,21,23,38,53,65,116496,0,7,8.2324969567507,2.3008600001048762,64.53174999842304,224.0880201895344
1789439334,50,,Aggregated,161.500000,0.000000,7,10,11,12,15,17,21,23,38,53,65,116666,0,7,8.231637821410121,2.3008600001048762,64.53174999842304,224.0935491059949
1789439335,50,,Aggregated,161.300000,0.000000,7,10,11,12,15,17,21,23,38,53,65,116828,0,7,8.23089987254458,2.3008600001048762,64.53174999842304,224.09174170575548
1789439336,50,,Aggregated,160.500000,0.000000,7,10,11,12,15,17,21,23,38,53,65,116982,0,7,8.23212447230885,2.3008600001048762,64.53174999842304,224.09249286214973
1789439337,50,,Aggregated,162.300000,0.000000,7,10,11,12,15,17,21,23,38,53,65,117141,0,7,8.232779715869224,2.3008600001048762,64.53174999842304,224.09129169120973
1789439338,50,,Aggregated,161.000000,0.000000,7,10,11,12,15,17,21,23,38,53,65,117309,0,7,8.232264304057132,2.3008600001048762,64.53174999842304,224.09043636890604
1789439339,50,,Aggregated,161.500000,0.000000,7,10,11,12,15,17,21,23,38,53,65,117465,0,7,8.233410315273753,2.3008600001048762,64.53174999842304,224.0935001915464
1789439340,50,,Aggregated,161.700000,0.000000,7,10,11,12,15,17,21,23,38,53,65,117623,0,7,8.23362239737657,2.3008600001048762,64.53174999842304,224.09562755583516
1789439341,50,,Aggregated,161.000000,0.000000,7,10,11,12,15,17,21,23,38,53,65,117785,0,7,8.234070084617079,2.3008600001048762,64.53174999842304,224.09815341512078
1789439342,50,,Aggregated,160.400000,0.000000,7,10,11,12,15,17,21,23,38,53,65,117949,0,7,8.232432467385198,2.3008600001048762,64.53174999842304,224.09876302469712
1789439343,50,,Aggregated,161.200000,0.000000,7,10,11,12,15,17,21,23,38,53,65,118111,0,7,8.233450548125232,2.3008600001048762,64.53174999842304,224.0997366883694
1789439344,50,,Aggregated,161.800000,0.000000,7,10,11,12,15,17,21,23,38,53,65,118288,0,7,8.231596818828717,2.3008600001048762,64.53174999842304,224.0984884350061
1789439345,50,,Aggregated,160.400000,0.000000,7,10,11,12,15,17,21,23,38,53,65,118453,0,7,8.232572930517929,2.3008600001048762,64.53174999842304,224.0955822140427
1789439346,50,,Aggregated,162.200000,0.000000,7,10,11,12,15,17,21,23,38,53,65,118603,0,7,8.234102325486251,2.3008600001048762,64.53174999842304,224.09657428564202
1789439347,50,,Aggregated,160.900000,0.000000,7,10,11,12,15,17,21,23,38,53,65,118769,0,7,8.233401847103822,2.3008600001048762,64.53174999842304,224.09708762387493
1789439348,50,,Aggregated,162.400000,0.000000,7,10,11,12,15,17,21,23,38,53,65,118927,0,7,8.232865985820323,2.3008600001048762,64.53174999842304,224.1001118333095
1789439349,50,,Aggregated,162.000000,0.000000,7,10,11,12,15,17,21,23,38,53,65,119092,0,7,8.233068517857134,2.3008600001048762,64.53174999842304,224.09883115574513
1789439350,50,,Aggregated,161.500000,0.000000,7,10,11,12,15,17,21,23,38,53,65,119258,0,7,8.234108729927142,2.3008600001048762,64.53174999842304,224.09574200472923
1789439351,50,,Aggregated,161.500000,0.000000,7,10,11,12,15,17,21,23,38,53,65,119411,0,7,8.234285659484193,2.3008600001048762,64.53174999842304,224.09559420823877
1789439352,50,,Aggregated,161.900000,0.000000,7,10,11,12,15,17,21,23,38,53,65,119581,0,7,8.233303669367908,2.3008600001048762,64.53174999842304,224.09580117242706
1789439353,50,,Aggregated,161.800000,0.000000,7,10,11,12,15,17,21,23,38,53,65,119747,0,7,8.231628237957658,2.3008600001048762,64.53174999842304,224.09272883663056
1789439354,50,,Aggregated,162.200000,0.000000,7,10,11,12,15,17,21,23,38,53,65,119910,0,7,8.231870063511806,2.3008600001048762,64.53174999842304,224.09407889250272
1789439355,50,,Aggregated,163.700000,0.000000,7,10,11,12,15,17,21,23,38,53,65,120073,0,7,8.230311014871674,2.3008600001048762,64.53174999842304,224.09482564773097
1789439356,50,,Aggregated,162.000000,0.000000,7,10,11,12,15,17,21,23,38,53,65,120240,0,7,8.229683904820956,2.3008600001048762,64.53174999842304,224.09124251497005
1789439357,50,,Aggregated,162.100000,0.000000,7,10,11,12,15,17,21,23,38,53,65,120413,0,7,8.229463817732904,2.3008600001048762,64.53174999842304,224.09273085132003
1789439358,50,,Aggregated,162.100000,0.000000,7,10,11,12,15,17,21,23,38,53,65,120577,0,7,8.227801236045554,2.3008600001048762,64.53174999842304,224.0909211541173
1789439359,50,,Aggregated,163.300000,0.000000,7,10,11,12,15,17,21,23,38,53,65,120741,0,7,8.227386497789873,2.3008600001048762,64.53174999842304,224.09104612352058
1789439360,50,,Aggregated,164.100000,0.000000,7,10,11,12,15,17,21,23,38,53,65,120907,0,7,8.229104432403803,2.3008600001048762,64.53174999842304,224.08746391854896
1789439361,50,,Aggregated,165.300000,0.000000,7,10,11,12,15,17,21,23,38,53,65,121059,0,7,8.230029311018995,2.3008600001048762,64.53174999842304,224.0863050248226
1789439362,50,,Aggregated,164.400000,0.000000,7,10,11,12,15,17,21,23,38,53,65,121223,0,7,8.230349722137435,2.3008600001048762,64.53174999842304,224.08721117279725
1789439363,50,,Aggregated,164.100000,0.000000,7,10,11,12,15,17,21,23,39,53,65,121388,0,7,8.232382525782166,2.3008600001048762,64.53174999842304,224.08674663063894
1789439364,50,,Aggregated,163.500000,0.000000,7,10,11,12,15,17,21,23,39,53,65,121546,0,7,8.231670115089031,2.3008600001048762,64.53174999842304,224.08703700656542
1789439365,50,,Aggregated,162.400000,0.000000,7,10,11,12,15,17,21,23,39,53,65,121713,0,7,8.231973242846914,2.3008600001048762,64.53174999842304,224.08801031935783
1789439366,50,,Aggregated,163.500000,0.000000,7,10,11,12,15,17,21,23,39,53,65,121881,0,7,8.23162748976965,2.3008600001048762,64.53174999842304,224.083499479
1789439367,50,,Aggregated,163.500000,0.000000,7,10,11,12,15,17,21,23,38,53,65,122040,0,7,8.231509426807918,2.3008600001048762,64.53174999842304,224.08439855784988
1789439368,50,,Aggregated,162.900000,0.000000,7,10,11,12,15,17,21,23,38,53,65,122208,0,7,8.232882100677548,2.3008600001048762,64.53174999842304,224.0866309897879
1789439369,50,,Aggregated,163.000000,0.000000,7,10,11,12,15,17,21,23,38,53,65,122375,0,7,8.231305820278672,2.3008600001048762,64.53174999842304,224.08625127681307
1789439370,50,,Aggregated,162.000000,0.000000,7,10,11,12,15,17,21,23,38,53,65,122548,0,7,8.231858293383867,2.3008600001048762,64.53174999842304,224.08821849397788
1789439371,50,,Aggregated,162.700000,0.000000,7,10,11,12,15,17,21,23,38,53,65,122711,0,7,8.230180817983815,2.3008600001048762,64.53174999842304,224.09001637994965
1789439372,50,,Aggregated,163.700000,0.000000,7,10,11,12,15,17,21,23,38,53,65,122869,0,7,8.23166648185953,2.3008600001048762,64.53174999842304,224.08512317997216
1789439373,50,,Aggregated,165.100000,0.000000,7,10,11,12,15,17,21,23,38,53,65,123025,0,7,8.231207265325045,2.3008600001048762,64.53174999842304,224.0847632595001
1789439374,50,,Aggregated,164.800000,0.000000,7,10,11,12,15,17,21,23,38,53,65,123188,0,7,8.232135559304536,2.3008600001048762,64.53174999842304,224.083238627139
1789439375,50,,Aggregated,164.100000,0.000000,7,10,11,12,15,17,21,23,38,53,65,123351,0,7,8.23166904968455,2.3008600001048762,64.53174999842304,224.0850743001678
1789439376,50,,Aggregated,162.700000,0.000000,7,10,11,12,15,17,21,23,38,53,65,123517,0,7,8.231018683652033,2.3008600001048762,64.53174999842304,224.0866682319033
1789439377,50,,Aggregated,163.200000,0.000000,7,10,11,12,15,17,21,23,38,53,65,123669,0,7,8.230404917397639,2.3008600001048762,64.53174999842304,224.08912500303228
1789439378,50,,Aggregated,163.500000,0.000000,7,10,11,12,15,17,21,23,38,53,65,123842,0,7,8.231391894564515,2.3008600001048762,64.53174999842304,224.08884707934303
1789439379,50,,Aggregated,163.300000,0.000000,7,10,11,12,15,17,21,23,38,53,65,124003,0,7,8.230807507379948,2.3008600001048762,64.53174999842304,224.08998169399126
1789439380,50,,Aggregated,163.200000,0.000000,7,10,11,12,15,17,21,23,38,53,65,124170,0,7,8.23194030503863,2.3008600001048762,64.53174999842304,224.0889506321978
1789439381,50,,Aggregated,162.600000,0.000000,7,10,11,12,15,17,21,23,38,53,65,124331,0,7,8.231368372028248,2.3008600001048762,64.53174999842304,224.09100706983776
1789439382,50,,Aggregated,161.200000,0.000000,7,10,11,12,15,17,21,23,38,53,65,124485,0,7,8.23144236494874,2.3008600001048762,64.53174999842304,224.08996264610195
1789439383,50,,Aggregated,161.000000,0.000000,7,10,11,12,15,17,21,23,38,53,65,124652,0,7,8.231108589799366,2.3008600001048762,64.53174999842304,224.08510894329814
1789439384,50,,Aggregated,160.500000,0.000000,7,10,11,12,15,17,21,23,38,53,65,124820,0,7,8.231232870370784,2.3008600001048762,64.53174999842304,224.08326390001602
1789439385,50,,Aggregated,161.600000,0.000000,7,10,11,12,15,17,21,23,38,53,65,124978,0,7,8.232613859300598,2.3008600001048762,64.53174999842304,224.07993406839603
1789439386,50,,Aggregated,163.400000,0.000000,7,10,11,12,15,17,21,23,38,53,65,125134,0,7,8.231398909526295,2.3008600001048762,64.53174999842304,224.08157654993846
1789439387,50,,Aggregated,163.000000,0.000000,7,10,11,12,15,17,21,23,38,53,65,125292,0,7,8.230574857370526,2.3008600001048762,64.53174999842304,224.08105066564505
1789439388,50,,Aggregated,161.400000,0.000000,7,10,11,12,15,17,21,23,38,53,65,125460,0,7,8.229286138105232,2.3008600001048762,64.53174999842304,224.08214570380997
1789439389,50,,Aggregated,160.000000,0.000000,7,10,11,12,15,17,21,23,38,53,65,125622,0,7,8.229484542450072,2.3008600001048762,64.53174999842304,224.07724761586346
1789439390,50,,Aggregated,161.600000,0.000000,7,10,11,12,15,17,21,23,38,53,65,125786,0,7,8.229931069504143,2.3008600001048762,64.53174999842304,224.07925365302975
1789439391,50,,Aggregated,161.500000,0.000000,7,10,11,12,15,17,21,23,38,53,65,125953,0,7,8.230782413500608,2.3008600001048762,64.53174999842304,224.08126840964488
1789439392,50,,Aggregated,162.800000,0.000000,7,10,11,12,15,17,21,23,38,53,65,126108,0,7,8.231382926956814,2.3008600001048762,64.53174999842304,224.07970945538744
1789439393,50,,Aggregated,162.100000,0.000000,7,10,11,12,15,17,21,23,38,53,65,126266,0,7,8.231458538273762,2.3008600001048762,64.53174999842304,224.07998194288248
1789439394,50,,Aggregated,161.900000,0.000000,7,10,11,12,15,17,21,23,38,53,65,126427,0,7,8.232393483905316,2.3008600001048762,64.53174999842304,224.07934222911246
1789439395,50,,Aggregated,161.600000,0.000000,7,10,11,12,15,17,21,23,38,53,65,126595,0,7,8.230724930429204,2.3008600001048762,64.53174999842304,224.08156720249616
1789439396,50,,Aggregated,160.100000,0.000000,7,10,11,12,15,17,21,23,38,53,65,126762,0,7,8.231215330743098,2.3008600001048762,64.53174999842304,224.0782253356684
1789439397,50,,Aggregated,160.400000,0.000000,7,10,11,12,15,17,21,23,38,53,65,126918,0,7,8.23125080870067,2.3008600001048762,64.53174999842304,224.08069777336547
1789439398,50,,Aggregated,162.600000,0.000000,7,10,11,12,15,17,21,23,38,53,65,127076,0,7,8.230977338385323,2.3008600001048762,64.53174999842304,224.08453209103214
1789439399,50,,Aggregated,163.100000,0.000000,7,10,11,12,15,17,21,23,38,53,65,127244,0,7,8.228808701044123,2.3008600001048762,64.53174999842304,224.08262079155008
1789439400,50,,Aggregated,161.800000,0.000000,7,10,11,12,15,17,21,23,38,53,65,127392,0,7,8.229318542535369,2.3008600001048762,64.53174999842304,224.08421250941976
1789439401,50,,Aggregated,160.300000,0.000000,7,10,11,12,15,17,21,23,38,53,65,127553,0,7,8.228649428658454,2.3008600001048762,64.53174999842304,224.0866776947622
1789439402,50,,Aggregated,160.500000,0.000000,7,10,11,12,15,17,21,23,38,53,65,127708,0,7,8.227834838613683,2.3008600001048762,64.53174999842304,224.0843173489523
1789439403,50,,Aggregated,159.600000,0.000000,7,10,11,12,15,17,21,23,38,53,65,127869,0,7,8.228196623526246,2.3008600001048762,64.53174999842304,224.08533733743127
1789439404,50,,Aggregated,159.700000,0.000000,7,10,11,12,15,17,21,23,38,53,65,128029,0,7,8.227206383340135,2.3008600001048762,64.53174999842304,224.08228604456804
1789439405,50,,Aggregated,159.400000,0.000000,7,10,11,12,15,17,21,23,38,53,65,128195,0,7,8.22652923286133,2.3008600001048762,64.53174999842304,224.0829829556535
1789439406,50,,Aggregated,159.800000,0.000000,7,10,11,12,15,17,21,23,38,53,65,128355,0,7,8.227181534826544,2.3008600001048762,64.53174999842304,224.07826730551986
1789439407,50,,Aggregated,159.600000,0.000000,7,10,11,12,15,17,21,23,38,53,65,128515,0,7,8.226462804245683,2.3008600001048762,64.53174999842304,224.0805275648757
1789439408,50,,Aggregated,158.000000,0.000000,7,10,11,12,15,17,21,23,38,53,65,128669,0,7,8.227545391272594,2.3008600001048762,64.53174999842304,224.08086640915838
1789439409,50,,Aggregated,159.100000,0.000000,7,10,11,12,15,17,21,23,38,53,65,128829,0,7,8.227349012424908,2.3008600001048762,64.53174999842304,224.07929115338936
1789439410,50,,Aggregated,158.800000,0.000000,7,10,11,12,15,17,21,23,38,53,65,128985,0,7,8.22709377388602,2.3008600001048762,64.53174999842304,224.07857502810404
1789439411,50,,Aggregated,159.300000,0.000000,7,10,11,12,15,17,21,23,38,53,65,129146,0,7,8.226890760849678,2.3008600001048762,64.53174999842304,224.0765180493395
1789439412,50,,Aggregated,157.800000,0.000000,7,10,11,12,15,17,21,23,38,53,65,129305,0,7,8.226980342304774,2.3008600001048762,64.53174999842304,224.07633888867406
1789439413,50,,Aggregated,159.300000,0.000000,7,10,11,12,15,17,21,23,38,53,65,129470,0,7,8.227812752303604,2.3008600001048762,64.53174999842304,224.07437244149224
1789439414,50,,Aggregated,158.900000,0.000000,7,10,11,12,15,17,21,23,38,53,65,129629,0,7,8.228150777848517,2.3008600001048762,64.53174999842304,224.07395721636362
1789439415,50,,Aggregated,159.600000,0.000000,7,10,11,12,15,17,21,23,38,53,65,129793,0,7,8.22850296791614,2.3008600001048762,64.53174999842304,224.07762360065644
1789439416,50,,Aggregated,159.400000,0.000000,7,10,11,12,15,17,21,23,38,53,65,129955,0,7,8.229844720239655,2.3008600001048762,64.53174999842304,224.07606479165864
1789439417,50,,Aggregated,159.600000,0.000000,7,10,11,12,15,17,21,23,38,52,65,130107,0,7,8.230386377602668,2.3008600001048762,64.53174999842304,224.07505360972124
1789439418,50,,Aggregated,159.100000,0.000000,7,10,11,12,15,17,21,23,38,52,65,130267,0,7,8.230121859548253,2.3008600001048762,64.53174999842304,224.0738560034391
1789439419,50,,Aggregated,158.700000,0.000000,7,10,11,12,15,17,21,23,38,52,65,130424,0,7,8.23009332200147,2.3008600001048762,64.53174999842304,224.07182727105442
1789439420,50,,Aggregated,158.400000,0.000000,7,10,11,12,15,17,21,23,38,52,65,130580,0,7,8.228471632797778,2.3008600001048762,64.53174999842304,224.0738397916986
1789439421,50,,Aggregated,159.400000,0.000000,7,10,11,12,15,17,21,23,38,52,65,130736,0,7,8.228165931822495,2.3008600001048762,64.53174999842304,224.07553390037938
1789439422,50,,Aggregated,159.900000,0.000000,7,10,11,12,15,17,21,23,38,52,65,130915,0,7,8.228335101117263,2.3008600001048762,64.53174999842304,224.07367375778176
1789439423,50,,Aggregated,158.000000,0.000000,7,10,11,12,15,17,21,23,38,52,65,131067,0,7,8.227431913653065,2.3008600001048762,64.53174999842304,224.07609848398147
1789439424,50,,Aggregated,160.100000,0.000000,7,10,11,12,15,17,21,23,38,52,65,131222,0,7,8.22756589929852,2.3008600001048762,64.53174999842304,224.07459877154744
1789439425,50,,Aggregated,160.200000,0.000000,7,10,11,12,15,17,21,23,38,52,65,131387,0,7,8.226823801508203,2.3008600001048762,64.53174999842304,224.0728078120362
1789439426,50,,Aggregated,159.100000,0.000000,7,10,11,12,15,17,21,23,38,52,65,131551,0,7,8.226114994715074,2.3008600001048762,64.53174999842304,224.07455663582945
1789439427,50,,Aggregated,157.600000,0.000000,7,10,11,12,15,17,21,23,38,52,65,131722,0,7,8.225662328242525,2.3008600001048762,64.53174999842304,224.07221269036305
1789439428,50,,Aggregated,160.300000,0.000000,7,10,11,12,15,17,21,23,38,52,65,131880,0,7,8.226278761857467,2.3008600001048762,64.53174999842304,224.06954807400666
1789439429,50,,Aggregated,159.800000,0.000000,7,10,11,12,15,17,21,23,38,52,65,132038,0,7,8.226158420543742,2.3008600001048762,64.53174999842304,224.07429679334737
1789439430,50,,Aggregated,161.200000,0.000000,7,10,11,12,15,17,21,23,38,52,65,132203,0,7,8.227940453089158,2.3008600001048762,64.53174999842304,224.07651868717048
1789439431,50,,Aggregated,161.100000,0.000000,7,10,11,12,15,17,21,23,38,52,65,132362,0,7,8.22654786416613,2.3008600001048762,64.53174999842304,224.07690273643493
1789439432,50,,Aggregated,160.600000,0.000000,7,10,11,12,15,17,21,23,38,52,65,132524,0,7,8.227765708451065,2.3008600001048762,64.53174999842304,224.07735957260573
1789439433,50,,Aggregated,161.600000,0.000000,7,10,11,12,15,17,21,23,38,52,65,132687,0,7,8.226804896589645,2.3008600001048762,64.53174999842304,224.07899040599304
1789439434,50,,Aggregated,161.100000,0.000000,7,10,11,12,15,17,21,23,38,52,65,132845,0,7,8.226916895899608,2.3008600001048762,64.53174999842304,224.0765403289548
1789439435,50,,Aggregated,160.900000,0.000000,7,10,11,12,15,17,21,23,38,52,65,133006,0,7,8.22713906806312,2.3008600001048762,64.53174999842304,224.07384629264845
1789439436,50,,Aggregated,161.400000,0.000000,7,10,11,12,15,17,21,23,38,52,65,133173,0,7,8.225691228738599,2.3008600001048762,64.53174999842304,224.07469231751182
1789439437,50,,Aggregated,162.700000,0.000000,7,10,11,12,15,17,21,23,38,52,65,133332,0,7,8.224456155302637,2.3008600001048762,64.53174999842304,224.07276572765727
1789439438,50,,Aggregated,161.700000,0.000000,7,10,11,12,15,17,21,23,38,52,65,133499,0,7,8.225627676438291,2.3008600001048762,64.53174999842304,224.07122899797002
1789439439,50,,Aggregated,161.800000,0.000000,7,10,11,12,15,17,21,23,38,52,65,133656,0,7,8.225314103795094,2.3008600001048762,64.53174999842304,224.07058418626923
1789439440,50,,Aggregated,161.200000,0.000000,7,10,11,12,15,17,21,23,38,52,65,133820,0,7,8.22537041307584,2.3008600001048762,64.53174999842304,224.06871170228666
1789439441,50,,Aggregated,160.500000,0.000000,7,10,11,12,15,17,21,23,38,52,65,133983,0,7,8.225623531857316,2.3008600001048762,64.53174999842304,224.07041191792987
1789439442,50,,Aggregated,161.300000,0.000000,7,10,11,12,15,17,21,23,38,52,65,134144,0,7,8.22714555391094,2.3008600001048762,64.53174999842304,224.06669698234734
1789439443,50,,Aggregated,162.400000,0.000000,7,10,11,12,15,17,21,23,38,52,65,134304,0,7,8.226465589593776,2.3008600001048762,64.53174999842304,224.06521026923994
1789439444,50,,Aggregated,161.400000,0.000000,7,10,11,12,15,17,21,23,38,52,65,134476,0,7,8.227722262647431,2.3008600001048762,64.53174999842304,224.06311906957376
1789439445,50,,Aggregated,161.600000,0.000000,7,10,11,12,15,17,21,23,38,52,65,134638,0,7,8.227211462980494,2.3008600001048762,64.53174999842304,224.06507078239426
1789439446,50,,Aggregated,162.900000,0.000000,7,10,11,12,15,17,21,23,38,52,65,134799,0,7,8.225986698571662,2.3008600001048762,64.53174999842304,224.06813106922158
1789439447,50,,Aggregated,162.300000,0.000000,7,10,11,12,15,17,21,23,38,52,65,134959,0,7,8.225802941284178,2.3008600001048762,64.53174999842304,224.07133277513913
1789439448,50,,Aggregated,162.700000,0.000000,7,10,11,12,15,17,21,23,38,52,65,135126,0,7,8.226104257765254,2.3008600001048762,64.53174999842304,224.0695647025739
1789439449,50,,Aggregated,162.800000,0.000000,7,10,11,12,15,17,21,23,38,52,65,135283,0,7,8.226780584713287,2.3008600001048762,64.53174999842304,224.06767295225563
1789439450,50,,Aggregated,162.700000,0.000000,7,10,11,12,15,17,21,23,38,52,65,135442,0,7,8.22697900670976,2.3008600001048762,64.53174999842304,224.06706929903575
1789439451,50,,Aggregated,163.200000,0.000000,7,10,11,12,15,17,21,23,38,52,65,135615,0,7,8.226404147865715,2.3008600001048762,64.53174999842304,224.06893042804998
1789439452,50,,Aggregated,162.500000,0.000000,7,10,11,12,15,17,21,23,38,52,65,135769,0,7,8.226022547457827,2.3008600001048762,64.53174999842304,224.06593552283658
1789439453,50,,Aggregated,162.300000,0.000000,7,10,11,12,15,17,21,23,38,52,65,135935,0,7,8.226099371889488,2.3008600001048762,64.53174999842304,224.0640600286902
1789439454,50,,Aggregated,162.400000,0.000000,7,10,11,12,15,17,21,23,38,52,65,136098,0,7,8.226842650507953,2.3008600001048762,64.53174999842304,224.06643742009433
1789439455,50,,Aggregated,162.200000,0.000000,7,10,11,12,15,17,21,23,38,52,65,136258,0,7,8.226993358106116,2.3008600001048762,64.53174999842304,224.06863450219436
1789439456,50,,Aggregated,161.500000,0.000000,7,10,11,12,15,17,21,23,38,52,65,136424,0,7,8.227011729679734,2.3008600001048762,64.53174999842304,224.06500322523897
1789439457,50,,Aggregated,161.900000,0.000000,7,10,11,12,15,17,21,23,38,52,65,136582,0,7,8.227330811599266,2.3008600001048762,64.53174999842304,224.06224831969072
1789439458,50,,Aggregated,160.800000,0.000000,7,10,11,12,15,17,21,23,38,52,65,136751,0,7,8.227368833382362,2.3008600001048762,64.53174999842304,224.06544010647087
1789439459,50,,Aggregated,161.800000,0.000000,7,10,11,12,15,17,21,23,38,52,65,136920,0,7,8.22730276378069,2.3008600001048762,64.53174999842304,224.06425650014606
1789439460,50,,Aggregated,161.700000,0.000000,7,10,11,12,15,17,21,23,38,52,65,137074,0,7,8.227813289966395,2.3008600001048762,64.53174999842304,224.0655631264864
1789439461,50,,Aggregated,162.000000,0.000000,7,10,11,12,15,17,21,23,38,52,65,137241,0,7,8.231488861330412,2.3008600001048762,64.53174999842304,224.06474741513105
1789439462,50,,Aggregated,162.200000,0.000000,7,10,11,12,15,17,21,23,38,52,65,137401,0,7,8.2314060641392,2.3008600001048762,64.53174999842304,224.06590199489088
1789439463,50,,Aggregated,162.300000,0.000000,7,10,11,12,15,17,21,23,38,52,65,137564,0,7,8.230720674491732,2.3008600001048762,64.53174999842304,224.0638757232997
1789439464,50,,Aggregated,162.400000,0.000000,7,10,11,12,15,17,21,23,38,52,65,137720,0,7,8.230367804042809,2.3008600001048762,64.53174999842304,224.0638106302643
1789439465,50,,Aggregated,162.400000,0.000000,7,10,11,12,15,17,21,23,38,52,65,137878,0,7,8.230475117848954,2.3008600001048762,64.53174999842304,224.06252629135903
1789439466,50,,Aggregated,162.300000,0.000000,7,10,11,12,15,17,21,23,38,52,65,138038,0,7,8.23051082452496,2.3008600001048762,64.53174999842304,224.06212781987568
1789439467,50,,Aggregated,162.500000,0.000000,7,10,11,12,15,17,21,23,38,52,65,138200,0,7,8.23038851531663,2.3008600001048762,64.53174999842304,224.06099855282199
1789439468,50,,Aggregated,161.900000,0.000000,7,10,11,12,15,17,21,23,38,52,65,138364,0,7,8.231192710703452,2.3008600001048762,64.53174999842304,224.0581943280044
1789439469,50,,Aggregated,161.100000,0.000000,7,10,11,12,15,17,21,23,38,52,65,138531,0,7,8.231749170227358,2.3008600001048762,64.53174999842304,224.06008763381482
1789439470,50,,Aggregated,160.700000,0.000000,7,10,11,12,15,17,21,23,38,52,65,138693,0,7,8.230870017944516,2.3008600001048762,64.53174999842304,224.05951994693316
1789439471,50,,Aggregated,160.600000,0.000000,7,10,11,12,15,17,21,23,38,52,65,138859,0,7,8.231954750320641,2.3008600001048762,64.53174999842304,224.06325841321052
1789439472,50,,Aggregated,161.200000,0.000000,7,10,11,12,15,17,21,23,38,52,65,139024,0,7,8.231696711069771,2.3008600001048762,64.53174999842304,224.05831367245943
1789439473,50,,Aggregated,160.900000,0.000000,7,10,11,12,15,17,21,23,38,52,65,139192,0,7,8.230559696381803,2.3008600001048762,64.53174999842304,224.05828639576987
1789439474,50,,Aggregated,162.100000,0.000000,7,10,11,12,15,17,21,23,38,52,65,139352,0,7,8.230188545896484,2.3008600001048762,64.53174999842304,224.06046558355817
1789439475,50,,Aggregated,162.600000,0.000000,7,10,11,12,15,17,21,23,38,52,65,139513,0,7,8.229669641787709,2.3008600001048762,64.53174999842304,224.0614781418219
1789439476,50,,Aggregated,162.000000,0.000000,7,10,11,12,15,17,21,23,38,52,65,139671,0,7,8.230573585266413,2.3008600001048762,64.53174999842304,224.05875235374558
1789439477,50,,Aggregated,161.900000,0.000000,7,10,11,12,15,17,21,23,38,52,65,139828,0,7,8.23059405286323,2.3008600001048762,64.53174999842304,224.058965300226
1789439478,50,,Aggregated,162.500000,0.000000,7,10,11,12,15,17,21,23,38,52,65,139986,0,7,8.230632234214537,2.3008600001048762,64.53174999842304,224.06012744131556
1789439479,50,,Aggregated,162.000000,0.000000,7,10,11,12,15,17,21,23,38,52,65,140147,0,7,8.230461142263083,2.3008600001048762,64.53174999842304,224.06536707885292
1789439480,50,,Aggregated,161.900000,0.000000,7,10,11,12,15,17,21,23,38,52,65,140311,0,7,8.23095832310881,2.3008600001048762,64.53174999842304,224.06413609766875
1789439481,50,,Aggregated,161.400000,0.000000,7,10,11,12,15,17,21,23,38,52,65,140460,0,7,8.23003187337863,2.3008600001048762,64.53174999842304,224.06413213726327
1789439482,50,,Aggregated,161.100000,0.000000,7,10,11,12,15,17,21,23,38,52,65,140621,0,7,8.230298319744682,2.3008600001048762,64.53174999842304,224.06319824208333
1789439483,50,,Aggregated,160.900000,0.000000,7,10,11,12,15,17,21,23,38,52,65,140778,0,7,8.230132377827502,2.3008600001048762,64.53174999842304,224.06530139652503
1789439484,50,,Aggregated,159.800000,0.000000,7,10,11,12,15,17,21,23,38,52,65,140947,0,7,8.23023895571936,2.3008600001048762,64.53174999842304,224.06611705109012
1789439485,50,,Aggregated,159.000000,0.000000,7,10,11,12,15,17,21,23,38,52,65,141102,0,7,8.22987458815424,2.3008600001048762,64.53174999842304,224.06634207877988
1789439486,50,,Aggregated,159.100000,0.000000,7,10,11,12,15,17,21,23,38,52,65,141253,0,7,8.23083055683589,2.3008600001048762,64.53174999842304,224.06581807112062
1789439487,50,,Aggregated,158.500000,0.000000,7,10,11,12,15,17,21,23,38,52,65,141418,0,7,8.23146611859679,2.3008600001048762,64.53174999842304,224.06643425872238
1789439488,50,,Aggregated,158.200000,0.000000,7,10,11,12,15,17,21,23,38,52,65,141576,0,7,8.230304960528303,2.3008600001048762,64.53174999842304,224.06474967508618
1789439489,50,,Aggregated,158.200000,0.000000,7,10,11,12,15,17,21,23,38,52,65,141736,0,7,8.230150295688853,2.3008600001048762,64.53174999842304,224.06688491279562
1789439490,50,,Aggregated,158.900000,0.000000,7,10,11,12,15,17,21,23,38,52,65,141903,0,7,8.229249672725183,2.3008600001048762,64.53174999842304,224.06931495458164
1789439491,50,,Aggregated,159.200000,0.000000,7,10,11,12,15,17,21,23,38,52,65,142069,0,7,8.230471465764907,2.3008600001048762,64.53174999842304,224.07033906059732
1789439492,50,,Aggregated,158.900000,0.000000,7,10,11,12,15,17,21,23,38,52,65,142226,0,7,8.231484622697275,2.3008600001048762,64.53174999842304,224.06852474231152
1789439493,50,,Aggregated,159.200000,0.000000,7,10,11,12,15,17,21,23,38,52,65,142390,0,7,8.23085745841517,2.3008600001048762,64.53174999842304,224.07055973031814
1789439494,50,,Aggregated,160.000000,0.000000,7,10,11,12,15,17,21,23,38,52,65,142547,0,7,8.232362335529364,2.3008600001048762,64.53174999842304,224.07422113408208
1789439495,50,,Aggregated,159.900000,0.000000,7,10,11,12,15,17,21,23,38,52,65,142720,0,7,8.235459516870055,2.3008600001048762,64.53174999842304,224.07232343049327
1789439496,50,,Aggregated,160.200000,0.000000,7,10,11,12,15,17,21,23,38,52,65,142880,0,7,8.234853507577332,2.3008600001048762,64.53174999842304,224.07255739081748
1789439497,50,,Aggregated,161.000000,0.000000,7,10,11,12,15,17,21,23,38,52,65,143044,0,7,8.235454116199271,2.3008600001048762,64.53174999842304,224.07399121948492
1789439498,50,,Aggregated,162.100000,0.000000,7,10,11,12,15,17,21,23,38,52,65,143214,0,7,8.236458900845028,2.3008600001048762,64.53174999842304,224.0761936682168
1789439499,50,,Aggregated,162.400000,0.000000,7,10,11,12,15,17,21,23,38,52,65,143379,0,7,8.235557979583042,2.3008600001048762,64.53174999842304,224.07579910586628
1789439500,50,,Aggregated,163.200000,0.000000,7,10,11,12,15,17,21,23,38,52,65,143538,0,7,8.235360415880338,2.3008600001048762,64.53174999842304,224.07835555741337
1789439501,50,,Aggregated,163.300000,0.000000,7,10,11,12,15,17,21,23,38,52,65,143702,0,7,8.236136030386836,2.3008600001048762,64.53174999842304,224.07563569052624
1789439502,50,,Aggregated,163.900000,0.000000,7,10,11,12,15,17,21,23,38,52,65,143865,0,7,8.2358769263589,2.3008600001048762,64.53174999842304,224.07882389740382
1789439503,50,,Aggregated,163.500000,0.000000,7,10,11,12,15,17,21,23,38,52,65,144036,0,7,8.23633812087688,2.3008600001048762,64.53174999842304,224.07775833819323
1789439504,50,,Aggregated,162.300000,0.000000,7,10,11,12,15,17,21,23,38,52,65,144194,0,7,8.23564780887989,2.3008600001048762,64.53174999842304,224.07418477883962
1789439505,50,,Aggregated,163.300000,0.000000,7,10,11,12,15,17,21,23,38,52,65,144356,0,7,8.235745406208423,2.3008600001048762,64.53174999842304,224.07372052425947
1789439506,50,,Aggregated,164.100000,0.000000,7,10,11,12,15,17,21,23,38,52,65,144516,0,7,8.237125151620793,2.3008600001048762,64.53174999842304,224.0773824351629
1789439507,50,,Aggregated,163.700000,0.000000,7,10,11,12,15,17,21,23,38,52,65,144679,0,7,8.236959705690694,2.3008600001048762,64.53174999842304,224.0785393871951
1789439508,50,,Aggregated,162.600000,0.000000,7,10,11,12,15,17,21,23,38,52,65,144826,0,7,8.23850003816721,2.3008600001048762,64.53174999842304,224.080116829851
1789439509,50,,Aggregated,162.400000,0.000000,7,10,11,12,15,17,21,23,38,52,65,144987,0,7,8.23905292443883,2.3008600001048762,64.53174999842304,224.08387648547802
1789439510,50,,Aggregated,161.400000,0.000000,7,10,11,12,15,17,21,23,38,52,65,145149,0,7,8.239697314184786,2.3008600001048762,64.53174999842304,224.0821638454278
1789439511,50,,Aggregated,160.700000,0.000000,7,10,11,12,15,17,21,23,38,52,65,145304,0,7,8.240092240362383,2.3008600001048762,64.53174999842304,224.08259924021363
1789439512,50,,Aggregated,161.100000,0.000000,7,10,11,12,15,17,21,23,38,52,65,145476,0,7,8.23999493540253,2.3008600001048762,64.53174999842304,224.0813879952707
1789439513,50,,Aggregated,159.600000,0.000000,7,10,11,12,15,17,21,23,38,52,65,145640,0,7,8.241964219085459,2.3008600001048762,64.53174999842304,224.0808706399341
1789439514,50,,Aggregated,160.100000,0.000000,7,10,11,12,15,17,21,23,38,52,65,145804,0,7,8.24040113531586,2.3008600001048762,64.53174999842304,224.082213108008
1789439515,50,,Aggregated,160.300000,0.000000,7,10,11,12,15,17,21,23,38,52,65,145966,0,7,8.241888101911192,2.3008600001048762,64.53174999842304,224.08103942013895
1789439516,50,,Aggregated,161.100000,0.000000,7,10,11,12,15,17,21,23,38,52,65,146118,0,7,8.24131521701341,2.3008600001048762,64.53174999842304,224.07611656332554
1789439517,50,,Aggregated,161.000000,0.000000,7,10,11,12,15,17,21,23,38,52,65,146276,0,7,8.240632887155567,2.3008600001048762,64.53174999842304,224.07753151576472
1789439518,50,,Aggregated,160.700000,0.000000,7,10,11,12,15,17,21,23,38,52,65,146443,0,7,8.241096295538767,2.3008600001048762,64.53174999842304,224.07495749199347
1789439519,50,,Aggregated,160.100000,0.000000,7,10,11,12,15,17,21,23,38,52,65,146597,0,7,8.24047233574723,2.3008600001048762,64.53174999842304,224.0808474934685
1789439520,50,,Aggregated,160.000000,0.000000,7,10,11,12,15,17,21,23,38,52,65,146763,0,7,8.239810607159487,2.3008600001048762,64.53174999842304,224.0809400189421
1789439521,50,,Aggregated,160.600000,0.000000,7,10,11,12,15,17,21,23,38,52,65,146930,0,7,8.239881368628248,2.3008600001048762,64.53174999842304,224.07933709929898
1789439522,50,,Aggregated,160.600000,0.000000,7,10,11,12,15,17,21,23,38,52,65,147098,0,7,8.242490219741486,2.3008600001048762,64.53174999842304,224.07951161810493
1789439523,50,,Aggregated,161.200000,0.000000,7,10,11,12,15,17,21,23,38,52,65,147263,0,7,8.24272692535482,2.3008600001048762,64.53174999842304,224.0769643427066
1789439524,50,,Aggregated,162.800000,0.000000,7,10,11,12,15,17,21,23,38,52,65,147433,0,7,8.243497545871932,2.3008600001048762,64.53174999842304,224.07759456838022
1789439525,50,,Aggregated,161.700000,0.000000,7,10,11,12,15,17,21,23,38,52,65,147590,0,7,8.244109977854214,2.3008600001048762,64.53174999842304,224.0752218985026
1789439526,50,,Aggregated,161.200000,0.000000,7,10,11,12,15,17,21,23,38,52,65,147750,0,7,8.243400804998513,2.3008600001048762,64.53174999842304,224.07751607445007
1789439527,50,,Aggregated,161.200000,0.000000,7,10,11,12,15,17,21,23,38,52,65,147922,0,7,8.244201631201184,2.3008600001048762,64.53174999842304,224.0793188301943
1789439528,50,,Aggregated,162.600000,0.000000,7,10,11,12,15,17,21,23,38,52,65,148075,0,7,8.244197111379593,2.3008600001048762,64.53174999842304,224.07600877933479
1789439529,50,,Aggregated,163.700000,0.000000,7,10,11,12,15,17,21,23,38,52,65,148236,0,7,8.24404834044034,2.3008600001048762,64.53174999842304,224.07902938557436
1789439530,50,,Aggregated,163.700000,0.000000,7,10,11,12,15,17,21,23,38,52,65,148403,0,7,8.24377366996284,2.3008600001048762,64.53174999842304,224.0774512644623
1789439531,50,,Aggregated,162.700000,0.000000,7,10,11,12,15,17,21,23,38,52,65,148572,0,7,8.245598678711149,2.3008600001048762,64.53174999842304,224.0747650970573
1789439532,50,,Aggregated,162.700000,0.000000,7,10,11,12,15,17,21,23,38,52,65,148736,0,7,8.243784092448612,2.3008600001048762,64.53174999842304,224.07856201592082
1789439533,50,,Aggregated,163.500000,0.000000,7,10,11,12,15,17,21,23,38,52,65,148894,0,7,8.24326396027665,2.3008600001048762,64.53174999842304,224.07822343412093
1789439534,50,,Aggregated,163.100000,0.000000,7,10,11,12,15,17,21,23,38,52,65,149062,0,7,8.243410477958538,2.3008600001048762,64.53174999842304,224.0770216420013
1789439535,50,,Aggregated,163.700000,0.000000,7,10,11,12,15,17,21,23,38,52,65,149226,0,7,8.243886361354216,2.3008600001048762,64.53174999842304,224.0752817873561
1789439536,50,,Aggregated,162.400000,0.000000,7,10,11,12,15,17,21,23,38,52,65,149384,0,7,8.243568205440075,2.3008600001048762,64.53174999842304,224.07486076152733
1789439537,50,,Aggregated,162.800000,0.000000,7,10,11,12,15,17,21,23,38,52,65,149543,0,7,8.242396856031208,2.3008600001048762,64.53174999842304,224.07870645901178
1789439538,50,,Aggregated,162.700000,0.000000,7,10,11,12,15,17,21,23,38,52,65,149708,0,7,8.242420086918933,2.3008600001048762,64.53174999842304,224.07805862078177
1789439539,50,,Aggregated,162.200000,0.000000,7,10,11,12,15,17,21,23,38,52,65,149866,0,7,8.241252880283001,2.3008600001048762,64.53174999842304,224.07795630763482
1789439540,50,,Aggregated,161.900000,0.000000,7,10,11,12,15,17,21,23,38,52,65,150029,0,7,8.241407198771633,2.3008600001048762,64.53174999842304,224.07759166561132
1789439541,50,,Aggregated,162.300000,0.000000,7,10,11,12,15,17,21,23,38,52,65,150186,0,7,8.241875464340895,2.3008600001048762,64.53174999842304,224.07735741014474
1789439542,50,,Aggregated,162.700000,0.000000,7,10,11,12,15,17,21,23,38,52,65,150349,0,7,8.242170183356784,2.3008600001048762,64.53174999842304,224.07521832536298
1789439543,50,,Aggregated,162.000000,0.000000,7,10,11,12,15,17,21,23,38,52,65,150509,0,7,8.241874037516181,2.3008600001048762,64.53174999842304,224.07420818688584
1789439544,50,,Aggregated,161.000000,0.000000,7,10,11,12,15,17,21,23,38,52,65,150668,0,7,8.241470024919334,2.3008600001048762,64.53174999842304,224.07422279448855
1789439545,50,,Aggregated,161.000000,0.000000,7,10,11,12,15,17,21,23,38,52,65,150831,0,7,8.240811288280023,2.3008600001048762,64.53174999842304,224.07353262923405
1789439546,50,,Aggregated,160.700000,0.000000,7,10,11,12,15,17,21,23,38,52,65,150985,0,7,8.241143654651394,2.3008600001048762,64.53174999842304,224.07284829618837
1789439547,50,,Aggregated,160.100000,0.000000,7,10,11,12,15,17,21,23,38,52,65,151154,0,7,8.240570988121677,2.3008600001048762,64.53174999842304,224.0778940683012
1789439548,50,,Aggregated,160.100000,0.000000,7,10,11,12,15,17,21,23,38,52,65,151309,0,7,8.239542185571011,2.3008600001048762,64.53174999842304,224.07832977549253
1789439549,50,,Aggregated,160.100000,0.000000,7,10,11,12,15,17,21,23,38,52,65,151469,0,7,8.239679664872579,2.3008600001048762,64.53174999842304,224.07779809730044
1789439550,50,,Aggregated,160.600000,0.000000,7,10,11,12,15,17,21,23,38,52,65,151630,0,7,8.239018515818815,2.3008600001048762,64.53174999842304,224.07994460199168
1789439551,50,,Aggregated,160.700000,0.000000,7,10,11,12,15,17,21,23,38,52,65,151786,0,7,8.239296673155518,2.3008600001048762,64.53174999842304,224.0811405531472
1789439552,50,,Aggregated,159.300000,0.000000,7,10,11,12,15,17,21,23,38,52,65,151946,0,7,8.239254762629981,2.3008600001048762,64.53174999842304,224.08284522132863
1789439553,50,,Aggregated,160.000000,0.000000,7,10,11,12,15,17,21,23,38,52,65,152115,0,7,8.238862537583689,2.3008600001048762,64.53174999842304,224.0856260066397
1789439554,50,,Aggregated,159.500000,0.000000,7,10,11,12,15,17,21,23,38,52,65,152269,0,7,8.240489770790537,2.3008600001048762,64.53174999842304,224.08463968371763
1789439555,50,,Aggregated,159.400000,0.000000,7,10,11,12,15,17,21,23,38,52,65,152431,0,7,8.23968090122441,2.3008600001048762,64.53174999842304,224.08293588574503
1789439556,50,,Aggregated,160.000000,0.000000,7,10,11,12,15,17,21,23,38,52,65,152601,0,7,8.23971505386962,2.3008600001048762,64.53174999842304,224.08077928716062
1789439557,50,,Aggregated,160.100000,0.000000,7,10,11,12,15,17,21,23,38,52,65,152766,0,7,8.23898210812969,2.3008600001048762,64.53174999842304,224.08220415537488
1789439558,50,,Aggregated,159.600000,0.000000,7,10,11,12,15,17,21,23,38,52,65,152932,0,7,8.239008322643624,2.3008600001048762,64.53174999842304,224.08021212041953
1789439559,50,,Aggregated,160.300000,0.000000,7,10,11,12,15,17,21,23,38,52,65,153097,0,7,8.237671019305095,2.3008600001048762,64.53174999842304,224.07781994421836
1789439560,50,,Aggregated,160.500000,0.000000,7,10,11,12,15,17,21,23,38,52,65,153269,0,7,8.238591381489922,2.3008600001048762,64.53174999842304,224.0746987322942
1789439561,50,,Aggregated,162.000000,0.000000,7,10,11,12,15,17,21,23,38,52,65,153427,0,7,8.237682646773953,2.3008600001048762,64.53174999842304,224.0751758165121
1789439562,50,,Aggregated,162.600000,0.000000,7,10,11,12,15,17,21,23,38,52,65,153589,0,7,8.23803461114149,2.3008600001048762,64.53174999842304,224.07449752260905
1789439563,50,,Aggregated,163.000000,0.000000,7,10,11,12,15,17,21,23,38,52,65,153744,0,7,8.237640108164369,2.3008600001048762,64.53174999842304,224.07408419190344
1789439564,50,,Aggregated,163.600000,0.000000,7,10,11,12,15,17,21,23,38,52,65,153913,0,7,8.236690201585604,2.3008600001048762,64.53174999842304,224.07507487996466
1789439565,50,,Aggregated,163.300000,0.000000,7,10,11,12,15,17,21,23,38,52,65,154079,0,7,8.239674605433803,2.3008600001048762,64.53174999842304,224.0759675231537
1789439566,50,,Aggregated,163.100000,0.000000,7,10,11,12,15,17,21,23,38,52,65,154241,0,7,8.240103847735904,2.3008600001048762,64.53174999842304,224.0764193696877
1789439567,50,,Aggregated,164.000000,0.000000,7,10,11,12,15,17,21,23,38,52,65,154410,0,7,8.239656450473666,2.3008600001048762,64.53174999842304,224.07620620426138
1789439568,50,,Aggregated,163.900000,0.000000,7,10,11,12,15,17,21,23,38,52,65,154574,0,7,8.23966099184613,2.3008600001048762,64.53174999842304,224.07710222935293
1789439569,50,,Aggregated,164.100000,0.000000,7,10,11,12,15,17,21,23,38,52,65,154736,0,7,8.239097932405178,2.3008600001048762,64.53174999842304,224.08015587839932
1789439570,50,,Aggregated,164.000000,0.000000,7,10,11,12,15,17,21,23,38,52,65,154899,0,7,8.23954246969096,2.3008600001048762,64.53174999842304,224.08095597776617
1789439571,50,,Aggregated,163.300000,0.000000,7,10,11,12,15,17,21,23,38,52,65,155066,0,7,8.240705284889573,2.3008600001048762,64.53174999842304,224.08052700140584
1789439572,50,,Aggregated,164.000000,0.000000,7,10,11,12,15,17,21,23,38,52,65,155225,0,7,8.241131693159454,2.3008600001048762,64.53174999842304,224.07618618134964
1789439573,50,,Aggregated,163.600000,0.000000,7,10,11,12,15,17,21,23,38,52,65,155377,0,7,8.241044024055379,2.3008600001048762,64.53174999842304,224.07741815069156
1789439574,50,,Aggregated,163.100000,0.000000,7,10,11,12,15,17,21,23,38,52,65,155538,0,7,8.241184138581206,2.3008600001048762,64.53174999842304,224.07850814591933
1789439575,50,,Aggregated,162.500000,0.000000,7,10,11,12,15,17,21,23,38,52,65,155708,0,7,8.241317991944317,2.3008600001048762,64.53174999842304,224.0787371233334
1789439576,50,,Aggregated,162.800000,0.000000,7,10,11,12,15,17,21,23,38,52,65,155866,0,7,8.24079322197041,2.3008600001048762,64.53174999842304,224.07698279291185
1789439577,50,,Aggregated,161.900000,0.000000,7,10,11,12,15,17,21,23,38,52,65,156028,0,7,8.239632247446899,2.3008600001048762,64.53174999842304,224.07685159074012
1789439578,50,,Aggregated,162.300000,0.000000,7,10,11,12,15,17,21,23,38,52,65,156191,0,7,8.23983029961818,2.3008600001048762,64.53174999842304,224.07588785525414
1789439579,50,,Aggregated,161.800000,0.000000,7,10,11,12,15,17,21,23,38,52,65,156361,0,7,8.239359820675638,2.3008600001048762,64.53174999842304,224.07338786526051
1789439580,50,,Aggregated,161.900000,0.000000,7,10,11,12,15,17,21,23,38,52,65,156530,0,7,8.23963088269123,2.3008600001048762,64.53174999842304,224.07300836900274
1789439581,50,,Aggregated,161.600000,0.000000,7,10,11,12,15,17,21,23,38,52,65,156691,0,7,8.24019773148839,2.3008600001048762,64.53174999842304,224.06924456414217
1789439582,50,,Aggregated,161.800000,0.000000,7,10,11,12,15,17,21,23,38,52,65,156852,0,7,8.240049217923103,2.3008600001048762,64.53174999842304,224.06917348838397
1789439583,50,,Aggregated,161.800000,0.000000,7,10,11,12,15,17,21,23,38,52,65,157002,0,7,8.242101295930519,2.3008600001048762,64.53174999842304,224.07043222379332
1789439584,50,,Aggregated,162.600000,0.000000,7,10,11,12,15,17,21,23,38,52,65,157167,0,7,8.24249483341092,2.3008600001048762,64.53174999842304,224.0712490535545
1789439585,50,,Aggregated,163.200000,0.000000,7,10,11,12,15,17,21,23,39,53,65,157329,0,7,8.246766307144176,2.3008600001048762,64.53174999842304,224.07086423990492
1789439586,50,,Aggregated,162.400000,0.000000,7,10,11,12,15,17,21,23,39,53,65,157486,0,7,8.245934588145584,2.3008600001048762,64.53174999842304,224.06895851059778
1789439587,50,,Aggregated,162.400000,0.000000,7,10,11,12,15,17,21,23,39,53,65,157646,0,7,8.245676035857125,2.3008600001048762,64.53174999842304,224.06948479504712
1789439588,50,,Aggregated,162.100000,0.000000,7,10,11,12,15,17,21,23,39,53,65,157809,0,7,8.245621062029159,2.3008600001048762,64.53174999842304,224.06637770976306
1789439589,50,,Aggregated,161.500000,0.000000,7,10,11,12,15,17,21,23,39,53,65,157973,0,7,8.245784631505183,2.3008600001048762,64.53174999842304,224.06588467649536
1789439590,50,,Aggregated,161.000000,0.000000,7,10,11,12,15,17,21,23,39,53,65,158138,0,7,8.247219966527911,2.3008600001048762,64.53174999842304,224.06927493708028
1789439591,50,,Aggregated,160.800000,0.000000,7,10,11,12,15,17,21,23,39,53,65,158301,0,7,8.247128347943612,2.3008600001048762,64.53174999842304,224.071262973702
1789439592,50,,Aggregated,159.900000,0.000000,7,10,11,12,15,17,21,23,39,53,65,158470,0,7,8.246682117749769,2.3008600001048762,64.53174999842304,224.07281504385688
1789439593,50,,Aggregated,160.100000,0.000000,7,10,11,12,15,17,21,23,39,53,65,158631,0,7,8.247599274844145,2.3008600001048762,64.53174999842304,224.07138579470595
1789439594,50,,Aggregated,160.900000,0.000000,7,10,11,12,15,17,21,23,39,53,65,158786,0,7,8.248450790716934,2.3008600001048762,64.53174999842304,224.07144206668093
1789439595,50,,Aggregated,160.800000,0.000000,7,10,11,12,15,17,21,23,39,53,65,158951,0,7,8.249804262651779,2.3008600001048762,64.53174999842304,224.06908418317596
1789439596,50,,Aggregated,161.800000,0.000000,7,10,11,12,15,17,21,23,39,53,65,159113,0,7,8.249645646897056,2.3008600001048762,64.53174999842304,224.06912068781307
1789439597,50,,Aggregated,161.700000,0.000000,7,10,11,12,15,17,21,23,39,53,65,159267,0,7,8.249079234466233,2.3008600001048762,64.53174999842304,224.0691794282557
1789439598,50,,Aggregated,161.600000,0.000000,7,10,11,12,15,17,21,23,39,53,65,159433,0,7,8.248887970299412,2.3008600001048762,64.53174999842304,224.06864952676045
1789439599,50,,Aggregated,162.000000,0.000000,7,10,11,12,15,17,21,23,39,53,65,159593,0,7,8.24939522710088,2.3008600001048762,64.53174999842304,224.0668137073681
1789439600,50,,Aggregated,161.400000,0.000000,7,10,11,12,15,17,21,23,39,53,65,159759,0,7,8.248465993500947,2.3008600001048762,64.53174999842304,224.06661909501187
1789439601,50,,Aggregated,162.000000,0.000000,7,10,11,12,15,17,21,23,39,53,65,159915,0,7,8.248525734969903,2.3008600001048762,64.53174999842304,224.0654160022512
1789439602,50,,Aggregated,162.300000,0.000000,7,10,11,12,15,17,21,23,39,53,65,160081,0,7,8.248180847206845,2.3008600001048762,64.53174999842304,224.06498585091296
1789439603,50,,Aggregated,161.900000,0.000000,7,10,11,12,15,17,21,23,39,53,65,160248,0,7,8.248859488703317,2.3008600001048762,64.53174999842304,224.06488068493834
1789439604,50,,Aggregated,160.300000,0.000000,7,10,11,12,15,17,21,23,39,53,65,160400,0,7,8.248193792236332,2.3008600001048762,64.53174999842304,224.06761845386535
1789439605,50,,Aggregated,161.400000,0.000000,7,10,11,12,15,17,21,23,39,53,65,160572,0,7,8.249026978331909,2.3008600001048762,64.53174999842304,224.06659940711955
1789439606,50,,Aggregated,161.400000,0.000000,7,10,11,12,15,17,21,23,39,53,65,160730,0,7,8.249285674477111,2.3008600001048762,64.53174999842304,224.0671063273813
1789439607,50,,Aggregated,160.900000,0.000000,7,10,11,12,15,17,21,23,39,53,65,160892,0,7,8.251120399924735,2.3008600001048762,64.53174999842304,224.06637993187977
1789439609,50,,Aggregated,161.600000,0.000000,7,10,11,12,15,17,21,23,39,53,65,161057,0,7,8.251297614805065,2.3008600001048762,64.53174999842304,224.06715634837354
1789439610,50,,Aggregated,161.500000,0.000000,7,10,11,12,15,17,21,23,39,53,65,161223,0,7,8.25064639195817,2.3008600001048762,64.53174999842304,224.06774467662802
1789439611,50,,Aggregated,162.300000,0.000000,7,10,11,12,15,17,21,23,39,53,65,161380,0,7,8.251532967311261,2.3008600001048762,64.53174999842304,224.06723261866404
1789439612,50,,Aggregated,162.100000,0.000000,7,10,11,12,15,17,21,23,39,53,65,161544,0,7,8.251124877957036,2.3008600001048762,64.53174999842304,224.0676100628931
1789439613,50,,Aggregated,162.100000,0.000000,7,10,11,12,15,17,21,23,39,53,65,161699,0,7,8.251325571028215,2.3008600001048762,64.53174999842304,224.0694252901997
1789439614,50,,Aggregated,162.500000,0.000000,7,10,11,12,15,17,21,23,39,53,65,161869,0,7,8.251718620981483,2.3008600001048762,64.53174999842304,224.06634377181547
1789439615,50,,Aggregated,162.500000,0.000000,7,10,11,12,15,17,21,23,39,53,65,162037,0,7,8.250144791298794,2.3008600001048762,64.53174999842304,224.0657751007486
1789439616,50,,Aggregated,161.300000,0.000000,7,10,11,12,15,17,21,23,39,53,65,162206,0,7,8.249664555199423,2.3008600001048762,64.53174999842304,224.06453522064535
1789439617,50,,Aggregated,163.300000,0.000000,7,10,11,12,15,17,21,23,39,53,65,162367,0,7,8.249445698341892,2.3008600001048762,64.53174999842304,224.0659801560662
1789439618,50,,Aggregated,163.200000,0.000000,7,10,11,12,15,17,21,23,39,53,65,162516,0,7,8.249800565714436,2.3008600001048762,64.53174999842304,224.06569199340373
1789439619,50,,Aggregated,163.100000,0.000000,7,10,11,12,15,17,21,23,39,53,65,162686,0,7,8.25077915401845,2.3008600001048762,64.53174999842304,224.06643472702015
1789439620,50,,Aggregated,162.100000,0.000000,7,10,11,12,15,17,21,23,39,53,65,162861,0,7,8.250873066834055,2.3008600001048762,64.53174999842304,224.06894836701235
1789439621,50,,Aggregated,162.700000,0.000000,7,10,11,12,15,17,21,23,39,53,65,163020,0,7,8.249703138851869,2.3008600001048762,64.53174999842304,224.06844558949822
1789439622,50,,Aggregated,163.300000,0.000000,7,10,11,12,15,17,21,23,39,53,65,163188,0,7,8.249542145853951,2.3008600001048762,64.53174999842304,224.07074662352625
1789439623,50,,Aggregated,163.600000,0.000000,7,10,11,12,15,17,21,23,39,53,65,163344,0,7,8.25003592827768,2.3008600001048762,64.53174999842304,224.07209937310216
1789439624,50,,Aggregated,163.800000,0.000000,7,10,11,12,15,17,21,23,39,55,65,163505,0,7,8.254186505027914,2.3008600001048762,64.53174999842304,224.07504969266995
1789439625,50,,Aggregated,164.200000,0.000000,7,10,11,12,15,17,21,23,39,55,65,163666,0,7,8.253842871980625,2.3008600001048762,64.53174999842304,224.0753913457896
1789439626,50,,Aggregated,163.600000,0.000000,7,10,11,12,15,17,21,23,39,55,65,163821,0,7,8.25356808139125,2.3008600001048762,64.53174999842304,224.0780424976041
1789439627,50,,Aggregated,162.500000,0.000000,7,10,11,12,15,17,21,23,39,55,65,163989,0,7,8.252546735851803,2.3008600001048762,64.53174999842304,224.07590753038315
1789439628,50,,Aggregated,161.300000,0.000000,7,10,11,12,15,17,21,23,39,55,65,164152,0,7,8.252427920175435,2.3008600001048762,64.53174999842304,224.07722111213997
1789439629,50,,Aggregated,161.500000,0.000000,7,10,11,12,15,17,21,23,39,55,65,164309,0,7,8.252631337824791,2.3008600001048762,64.53174999842304,224.07818804812882
1789439630,50,,Aggregated,163.000000,0.000000,7,10,11,12,15,17,21,23,39,55,65,164476,0,7,8.252756488123778,2.3008600001048762,64.53174999842304,224.07728787178675
1789439631,50,,Aggregated,161.700000,0.000000,7,10,11,12,15,17,21,23,39,55,65,164631,0,7,8.2534751379549,2.3008600001048762,64.53174999842304,224.0776220760367
1789439632,50,,Aggregated,161.100000,0.000000,7,10,11,12,15,17,21,23,39,55,65,164794,0,7,8.25350900467034,2.3008600001048762,64.53174999842304,224.079784458172
1789439633,50,,Aggregated,160.400000,0.000000,7,10,11,12,15,17,21,23,39,55,65,164951,0,7,8.252709169818099,2.3008600001048762,64.53174999842304,224.07981158040872
1789439634,50,,Aggregated,160.500000,0.000000,7,10,11,12,15,17,21,23,39,55,65,165114,0,7,8.251929794642818,2.3008600001048762,64.53174999842304,224.0789091173371
1789439635,50,,Aggregated,160.100000,0.000000,7,10,11,12,15,17,21,23,39,55,65,165272,0,7,8.253476245937765,2.3008600001048762,64.53174999842304,224.07473135195315
1789439636,50,,Aggregated,160.000000,0.000000,7,10,11,12,15,17,21,23,39,55,65,165427,0,7,8.253277003328565,2.3008600001048762,64.53174999842304,224.0770672260272
1789439637,50,,Aggregated,159.800000,0.000000,7,10,11,12,15,17,21,23,39,55,65,165582,0,7,8.253281312447234,2.3008600001048762,64.53174999842304,224.07499003514874
1789439638,50,,Aggregated,159.300000,0.000000,7,10,11,12,15,17,21,23,39,55,65,165748,0,7,8.252188677405607,2.3008600001048762,64.53174999842304,224.07419697371915
1789439639,50,,Aggregated,159.500000,0.000000,7,10,11,12,15,17,21,23,39,55,65,165914,0,7,8.251955201487519,2.3008600001048762,64.53174999842304,224.07447834420242
1789439640,50,,Aggregated,159.800000,0.000000,7,10,11,12,15,17,21,23,39,55,65,166072,0,7,8.252937737653598,2.3008600001048762,64.53174999842304,224.07597909340527
1789439641,50,,Aggregated,160.500000,0.000000,7,10,11,12,15,17,21,23,39,55,65,166236,0,7,8.253216275467633,2.3008600001048762,64.53174999842304,224.07280011549844
1789439642,50,,Aggregated,159.700000,0.000000,7,10,11,12,15,17,21,23,39,55,65,166406,0,7,8.253256772884603,2.3008600001048762,64.53174999842304,224.0719144742377
1789439643,50,,Aggregated,160.600000,0.000000,7,10,11,12,15,17,21,23,39,55,65,166570,0,7,8.253244648427902,2.3008600001048762,64.53174999842304,224.07222188869545
1789439644,50,,Aggregated,160.300000,0.000000,7,10,11,12,15,17,21,23,39,55,65,166726,0,7,8.252750454162067,2.3008600001048762,64.53174999842304,224.07218430238834
1789439645,50,,Aggregated,161.400000,0.000000,7,10,11,12,15,17,21,23,39,55,65,166890,0,7,8.252388161211652,2.3008600001048762,64.53174999842304,224.07117262867757
1789439646,50,,Aggregated,161.200000,0.000000,7,10,11,12,15,17,21,23,39,55,65,167060,0,7,8.252302909580935,2.3008600001048762,64.53174999842304,224.06886747276428
1789439647,50,,Aggregated,161.000000,0.000000,7,10,11,12,15,17,21,23,39,55,65,167232,0,7,8.251932151093113,2.3008600001048762,64.53174999842304,224.07009424033677
1789439648,50,,Aggregated,162.900000,0.000000,7,10,11,12,15,17,21,23,39,55,65,167395,0,7,8.25097549149381,2.3008600001048762,64.53174999842304,224.07169270288838
1789439649,50,,Aggregated,164.400000,0.000000,7,10,11,12,15,17,21,23,39,55,65,167555,0,7,8.251977272827457,2.3008600001048762,64.53174999842304,224.07103339202052
1789439650,50,,Aggregated,163.400000,0.000000,7,10,11,12,15,17,21,23,39,55,65,167718,0,7,8.251978066544025,2.3008600001048762,64.53174999842304,224.0680010493805
1789439651,50,,Aggregated,163.400000,0.000000,7,10,11,12,15,17,21,23,39,55,65,167888,0,7,8.251214101547776,2.3008600001048762,64.53174999842304,224.06656223196416
1789439652,50,,Aggregated,163.800000,0.000000,7,10,11,12,15,17,21,23,39,55,65,168051,0,7,8.252291630937274,2.3008600001048762,64.53174999842304,224.06600377266426
1789439653,50,,Aggregated,164.300000,0.000000,7,10,11,12,15,17,21,23,39,55,65,168220,0,7,8.251195482253175,2.3008600001048762,64.53174999842304,224.0647604327666
1789439654,50,,Aggregated,164.200000,0.000000,7,10,11,12,15,17,21,23,39,55,65,168378,0,7,8.250855197416804,2.3008600001048762,64.53174999842304,224.06304861680266
1789439655,50,,Aggregated,163.700000,0.000000,7,10,11,12,15,17,21,23,39,55,65,168543,0,7,8.250523360493284,2.3008600001048762,64.53174999842304,224.06131966323133
1789439656,50,,Aggregated,164.600000,0.000000,7,10,11,12,15,17,21,23,39,55,65,168713,0,7,8.249864696375546,2.3008600001048762,64.53174999842304,224.05834760806815
1789439657,50,,Aggregated,165.300000,0.000000,7,10,11,12,15,17,21,23,39,55,65,168872,0,7,8.249616257079946,2.3008600001048762,64.53174999842304,224.05839333933395
1789439658,50,,Aggregated,165.400000,0.000000,7,10,11,12,15,17,21,23,39,55,65,169041,0,7,8.250005073358224,2.3008600001048762,64.53174999842304,224.05910992007855
1789439659,50,,Aggregated,163.400000,0.000000,7,10,11,12,15,17,21,23,39,55,65,169208,0,7,8.250721824591764,2.3008600001048762,64.53174999842304,224.06072407923975
1789439660,50,,Aggregated,165.000000,0.000000,7,10,11,12,15,17,21,23,39,55,65,169370,0,7,8.250724162895088,2.3008600001048762,64.53174999842304,224.06153982405385
1789439661,50,,Aggregated,164.600000,0.000000,7,10,11,12,15,17,21,23,39,55,65,169538,0,7,8.250619016123297,2.3008600001048762,64.53174999842304,224.06098927674032
1789439662,50,,Aggregated,164.200000,0.000000,7,10,11,12,15,17,21,23,39,55,65,169700,0,7,8.250438539048314,2.3008600001048762,64.53174999842304,224.0598408956983
1789439663,50,,Aggregated,163.700000,0.000000,7,10,11,12,15,17,21,23,39,55,65,169860,0,7,8.250790157615052,2.3008600001048762,64.53174999842304,224.06080890144824
1789439664,50,,Aggregated,164.100000,0.000000,7,10,11,12,15,17,21,23,39,54,65,170019,0,7,8.250455613422872,2.3008600001048762,64.53174999842304,224.06051676577323
1789439665,50,,Aggregated,164.300000,0.000000,7,10,11,12,15,17,21,23,39,54,65,170176,0,7,8.250510335608574,2.3008600001048762,64.53174999842304,224.05974402971043
1789439666,50,,Aggregated,164.200000,0.000000,7,10,11,12,15,17,21,23,39,54,65,170345,0,7,8.251912426149994,2.3008600001048762,64.53174999842304,224.06203880360445
1789439667,50,,Aggregated,164.100000,0.000000,7,10,11,12,15,17,21,23,39,54,65,170504,0,7,8.251906356405353,2.3008600001048762,64.53174999842304,224.06256158213296
1789439668,50,,Aggregated,162.700000,0.000000,7,10,11,12,15,17,21,23,39,54,65,170667,0,7,8.252417228823028,2.3008600001048762,64.53174999842304,224.06155261415506
1789439669,50,,Aggregated,163.000000,0.000000,7,10,11,12,15,17,21,23,39,54,65,170828,0,7,8.251965564746595,2.3008600001048762,64.53174999842304,224.06186339475965
1789439670,50,,Aggregated,161.700000,0.000000,7,10,11,12,15,17,21,23,39,54,65,170996,0,7,8.250526225435332,2.3008600001048762,64.53174999842304,224.061872792346
1789439671,50,,Aggregated,161.700000,0.000000,7,10,11,12,15,17,21,23,39,54,65,171166,0,7,8.250336975161682,2.3008600001048762,64.53174999842304,224.05997686456422
1789439672,50,,Aggregated,162.100000,0.000000,7,10,11,12,15,17,21,23,39,54,65,171320,0,7,8.25065004024349,2.3008600001048762,64.53174999842304,224.05834695307027
1789439673,50,,Aggregated,162.000000,0.000000,7,10,11,12,15,17,21,23,39,54,65,171477,0,7,8.250077693757719,2.3008600001048762,64.53174999842304,224.05719134344548
1789439674,50,,Aggregated,161.800000,0.000000,7,10,11,12,15,17,21,23,39,54,65,171652,0,7,8.249722062728617,2.3008600001048762,64.53174999842304,224.05458136229115
1789439675,50,,Aggregated,161.700000,0.000000,7,10,11,12,15,17,21,23,39,54,65,171814,0,7,8.249913670408116,2.3008600001048762,64.53174999842304,224.05529235103077
1789439676,50,,Aggregated,161.700000,0.000000,7,10,11,12,15,17,21,23,39,54,65,171983,0,7,8.24971232726207,2.3008600001048762,64.53174999842304,224.05378438566603
1789439677,50,,Aggregated,161.900000,0.000000,7,10,11,12,15,17,21,23,39,54,65,172140,0,7,8.249855972415117,2.3008600001048762,64.53174999842304,224.05551295457187
1789439678,50,,Aggregated,163.100000,0.000000,7,10,11,12,15,17,21,23,39,54,65,172298,0,7,8.25018090230022,2.3008600001048762,64.53174999842304,224.05652416162695
1789439679,50,,Aggregated,162.900000,0.000000,7,10,11,12,15,17,21,23,39,54,65,172456,0,7,8.251574696232764,2.3008600001048762,64.53174999842304,224.05563158138887
1789439680,50,,Aggregated,162.100000,0.000000,7,10,11,12,15,17,21,23,39,54,65,172624,0,7,8.251548445578381,2.3008600001048762,64.53174999842304,224.05490545926406
1789439681,50,,Aggregated,162.500000,0.000000,7,10,11,12,15,17,21,23,39,54,65,172787,0,7,8.252099832073732,2.3008600001048762,64.53174999842304,224.05341258312257
1789439682,50,,Aggregated,162.400000,0.000000,7,10,11,12,15,17,21,23,39,54,65,172952,0,7,8.251736597174407,2.3008600001048762,64.53174999842304,224.05496900874232
1789439683,50,,Aggregated,162.300000,0.000000,7,10,11,12,15,17,21,23,39,54,65,173107,0,7,8.25184178603694,2.3008600001048762,64.53174999842304,224.0554050385022
1789439684,50,,Aggregated,162.800000,0.000000,7,10,11,12,15,17,21,23,39,54,65,173288,0,7,8.251884175670128,2.3008600001048762,64.53174999842304,224.05744771709524
1789439685,50,,Aggregated,162.600000,0.000000,7,10,11,12,15,17,21,23,39,54,65,173443,0,7,8.252369887677837,2.3008600001048762,64.53174999842304,224.0571196300802
1789439686,50,,Aggregated,163.300000,0.000000,7,10,11,12,15,17,21,23,39,54,65,173623,0,7,8.252489450818734,2.3008600001048762,64.53174999842304,224.0543533978793
1789439687,50,,Aggregated,162.900000,0.000000,7,10,11,12,15,17,21,23,39,54,65,173772,0,7,8.25223197349121,2.3008600001048762,64.53174999842304,224.0541168887968
1789439688,50,,Aggregated,163.300000,0.000000,7,10,11,12,15,17,21,23,39,54,65,173941,0,7,8.253069355514173,2.3008600001048762,64.53174999842304,224.05606498755324
1789439689,50,,Aggregated,163.400000,0.000000,7,10,11,12,15,17,21,23,39,54,65,174101,0,7,8.255599184269519,2.3008600001048762,64.53174999842304,224.0564499916715
1789439690,50,,Aggregated,163.500000,0.000000,7,10,11,12,15,17,21,23,39,54,65,174259,0,7,8.255737189536733,2.3008600001048762,64.53174999842304,224.0592049765005
1789439691,50,,Aggregated,163.200000,0.000000,7,10,11,12,15,17,21,23,39,54,65,174422,0,7,8.25581655317269,2.3008600001048762,64.53174999842304,224.05917831466215
1789439692,50,,Aggregated,163.300000,0.000000,7,10,11,12,15,17,21,23,39,54,65,174592,0,7,8.256243158268923,2.3008600001048762,64.53174999842304,224.06019176136363
1789439693,50,,Aggregated,163.700000,0.000000,7,10,11,12,15,17,21,23,39,54,65,174752,0,7,8.25592549721586,2.3008600001048762,64.53174999842304,224.05907228529574
1789439694,50,,Aggregated,162.900000,0.000000,7,10,11,12,15,17,21,23,39,54,65,174912,0,7,8.256354224223987,2.3008600001048762,64.53174999842304,224.05930982436882
1789439695,50,,Aggregated,163.700000,0.000000,7,10,11,12,15,17,21,23,39,54,65,175080,0,7,8.257166155194401,2.3008600001048762,64.53174999842304,224.0575051405072
1789439696,50,,Aggregated,162.300000,0.000000,7,10,11,12,15,17,21,23,39,54,65,175240,0,7,8.257834831462311,2.3008600001048762,64.53174999842304,224.05871947044054
1789439697,50,,Aggregated,163.100000,0.000000,7,10,11,12,15,17,21,23,39,54,65,175406,0,7,8.257328940700166,2.3008600001048762,64.53174999842304,224.0606022598999
1789439698,50,,Aggregated,162.000000,0.000000,7,10,11,12,15,17,21,23,39,54,65,175555,0,7,8.257715130075846,2.3008600001048762,64.53174999842304,224.05843752670103
1789439699,50,,Aggregated,162.100000,0.000000,7,10,11,12,15,17,21,23,39,54,65,175716,0,7,8.257043860533338,2.3008600001048762,64.53174999842304,224.05766691707072
1789439700,50,,Aggregated,162.400000,0.000000,7,10,11,12,15,17,21,23,39,54,65,175882,0,7,8.259084867192051,2.3008600001048762,64.53174999842304,224.05641282223309
1789439701,50,,Aggregated,162.700000,0.000000,7,10,11,12,15,17,21,23,39,54,65,176043,0,7,8.258385761617756,2.3008600001048762,64.53174999842304,224.0561908170163
1789439702,50,,Aggregated,161.800000,0.000000,7,10,11,12,15,17,21,23,39,54,65,176203,0,7,8.259233584317352,2.3008600001048762,64.53174999842304,224.05428965454618
1789439703,50,,Aggregated,162.200000,0.000000,7,10,11,12,15,17,21,23,39,54,65,176370,0,7,8.2591823554939,2.3008600001048762,64.53174999842304,224.05114248454953
1789439704,50,,Aggregated,161.700000,0.000000,7,10,11,12,15,17,21,23,39,54,65,176530,0,7,8.257884116413225,2.3008600001048762,64.53174999842304,224.05212711720387
1789439705,50,,Aggregated,161.300000,0.000000,7,10,11,12,15,17,21,23,39,54,65,176697,0,7,8.257923841148411,2.3008600001048762,64.53174999842304,224.0510195419277
1789439706,50,,Aggregated,161.500000,0.000000,7,10,11,12,15,17,21,23,39,54,65,176862,0,7,8.25724643056959,2.3008600001048762,64.53174999842304,224.04994289332927
1789439707,50,,Aggregated,160.900000,0.000000,7,10,11,12,15,17,21,23,39,54,65,177017,0,7,8.257143500253592,2.3008600001048762,64.53174999842304,224.05320957874102
1789439708,50,,Aggregated,161.400000,0.000000,7,10,11,12,15,17,21,23,39,54,65,177179,0,7,8.25909218630522,2.3008600001048762,64.53174999842304,224.05486541858798
1789439709,50,,Aggregated,161.300000,0.000000,7,10,11,12,15,17,21,23,39,54,65,177340,0,7,8.257354013168856,2.3008600001048762,64.53174999842304,224.055920830044
1789439710,50,,Aggregated,160.900000,0.000000,7,10,11,12,15,17,21,23,39,54,65,177501,0,7,8.257170803231364,2.3008600001048762,64.53174999842304,224.05674334229104
1789439711,50,,Aggregated,160.900000,0.000000,7,10,11,12,15,17,21,23,39,54,65,177677,0,7,8.256149000969927,2.3008600001048762,64.53174999842304,224.05740754290088
1789439712,50,,Aggregated,161.400000,0.000000,7,10,11,12,15,17,21,23,39,54,65,177842,0,7,8.256020840140923,2.3008600001048762,64.53174999842304,224.0596315830906
1789439713,50,,Aggregated,162.000000,0.000000,7,10,11,12,15,17,21,23,39,54,65,178004,0,7,8.256703570225092,2.3008600001048762,64.53174999842304,224.06000426956697
1789439714,50,,Aggregated,162.900000,0.000000,7,10,11,12,15,17,21,23,39,54,65,178176,0,7,8.25649924895785,2.3008600001048762,64.53174999842304,224.0591381555316
1789439715,50,,Aggregated,162.200000,0.000000,7,10,11,12,15,17,21,23,39,54,65,178328,0,7,8.256153728507783,2.3008600001048762,64.53174999842304,224.0567044995738
1789439716,50,,Aggregated,164.400000,0.000000,7,10,11,12,15,17,21,23,39,54,65,178498,0,7,8.256903879821268,2.3008600001048762,64.53174999842304,224.0556588869343
1789439717,50,,Aggregated,163.300000,0.000000,7,10,11,12,15,17,21,23,39,54,65,178667,0,7,8.256198647401959,2.3008600001048762,64.53174999842304,224.053479377837
1789439718,50,,Aggregated,163.500000,0.000000,7,10,11,12,15,17,21,23,39,54,65,178820,0,7,8.258160609866678,2.3008600001048762,64.53174999842304,224.05230399284196
1789439719,50,,Aggregated,163.700000,0.000000,7,10,11,12,15,17,21,23,39,54,65,178983,0,7,8.258776562155834,2.3008600001048762,64.53174999842304,224.05056346133432
1789439720,50,,Aggregated,165.300000,0.000000,7,10,11,12,15,17,21,23,39,54,65,179150,0,7,8.260692574688033,2.3008600001048762,64.53174999842304,224.0486687133687
1789439721,50,,Aggregated,164.500000,0.000000,7,10,11,12,15,17,21,23,39,54,65,179312,0,7,8.260834401642645,2.3008600001048762,64.53174999842304,224.0515470241813
1789439722,50,,Aggregated,164.200000,0.000000,7,10,11,12,15,17,21,23,39,54,65,179471,0,7,8.260300447700889,2.3008600001048762,64.53174999842304,224.05003036702308
1789439723,50,,Aggregated,163.200000,0.000000,7,10,11,12,15,17,21,23,39,54,65,179629,0,7,8.26071032307322,2.3008600001048762,64.53174999842304,224.0484721286652
1789439724,50,,Aggregated,162.800000,0.000000,7,10,11,12,15,17,21,23,39,54,65,179784,0,7,8.262160990857458,2.3008600001048762,64.53174999842304,224.04680060517066
1789439725,50,,Aggregated,162.700000,0.000000,7,10,11,12,15,17,21,23,39,54,65,179950,0,7,8.261757758762288,2.3008600001048762,64.53174999842304,224.04862461794943
1789439726,50,,Aggregated,160.100000,0.000000,7,10,11,12,15,17,21,23,39,54,65,180114,0,7,8.26275223845605,2.3008600001048762,64.53174999842304,224.04710905315522
1789439727,50,,Aggregated,161.000000,0.000000,7,10,11,12,15,17,21,23,39,54,65,180280,0,7,8.262295319415813,2.3008600001048762,64.53174999842304,224.04439205680055
1789439728,50,,Aggregated,160.700000,0.000000,7,10,11,12,15,17,21,23,39,54,65,180426,0,7,8.262357429396328,2.3008600001048762,64.53174999842304,224.04533160409252
1789439729,50,,Aggregated,161.700000,0.000000,7,10,11,12,15,17,21,23,39,54,65,180590,0,7,8.264112596512996,2.3008600001048762,64.53174999842304,224.04593831330638
1789439730,50,,Aggregated,159.900000,0.000000,7,10,11,12,15,17,21,23,39,54,65,180748,0,7,8.264196597811551,2.3008600001048762,64.53174999842304,224.0481665080665
1789439731,50,,Aggregated,159.900000,0.000000,7,10,11,12,15,17,21,23,39,54,65,180905,0,7,8.264148133248014,2.3008600001048762,64.53174999842304,224.0489428152898
1789439732,50,,Aggregated,159.300000,0.000000,7,10,11,12,15,17,21,23,39,54,65,181066,0,7,8.264324729194,2.3008600001048762,64.53174999842304,224.0454143792871
1789439733,50,,Aggregated,159.500000,0.000000,7,10,11,12,15,17,21,23,39,54,65,181232,0,7,8.263176870769199,2.3008600001048762,64.53174999842304,224.04543899532092
1789439734,50,,Aggregated,158.800000,0.000000,7,10,11,12,15,17,21,23,39,54,65,181386,0,7,8.263287038118982,2.3008600001048762,64.53174999842304,224.04698819092985
1789439735,50,,Aggregated,160.000000,0.000000,7,10,11,12,15,17,21,23,39,54,65,181539,0,7,8.263183044322535,2.3008600001048762,64.53174999842304,224.04695960647575
1789439736,50,,Aggregated,159.900000,0.000000,7,10,11,12,15,17,21,23,39,54,65,181703,0,7,8.264190279325366,2.3008600001048762,64.53174999842304,224.04735750097686
1789439737,50,,Aggregated,158.300000,0.000000,7,10,11,12,15,17,21,23,39,54,65,181863,0,7,8.264550371308314,2.3008600001048762,64.53174999842304,224.04906440562402
1789439738,50,,Aggregated,158.400000,0.000000,7,10,11,12,15,17,21,23,39,54,65,182028,0,7,8.264743548587298,2.3008600001048762,64.53174999842304,224.0507284593579
1789439739,50,,Aggregated,158.200000,0.000000,7,10,11,12,15,17,21,23,39,54,65,182190,0,7,8.264328218910029,2.3008600001048762,64.53174999842304,224.05005214336683
1789439740,50,,Aggregated,158.700000,0.000000,7,10,11,12,15,17,21,23,39,54,65,182354,0,7,8.264368872940485,2.3008600001048762,64.53174999842304,224.0523048575847
1789439741,50,,Aggregated,158.500000,0.000000,7,10,11,12,15,17,21,23,39,54,65,182505,0,7,8.263873334808563,2.3008600001048762,64.53174999842304,224.0497575408893
1789439742,50,,Aggregated,160.300000,0.000000,7,10,11,12,15,17,21,23,39,54,65,182673,0,7,8.264342425264104,2.3008600001048762,64.53174999842304,224.04831036880108
1789439743,50,,Aggregated,159.200000,0.000000,7,10,11,12,15,17,21,23,39,54,65,182831,0,7,8.26435336653676,2.3008600001048762,64.53174999842304,224.04323665023983
1789439744,50,,Aggregated,159.900000,0.000000,7,10,11,12,15,17,21,23,39,54,65,182995,0,7,8.264132212313363,2.3008600001048762,64.53174999842304,224.03958578103226
1789439745,50,,Aggregated,159.500000,0.000000,7,10,11,12,15,17,21,23,39,54,65,183157,0,7,8.263849556196513,2.3008600001048762,64.53174999842304,224.04204589505179
1789439746,50,,Aggregated,159.600000,0.000000,7,10,11,12,15,17,21,23,39,54,65,183319,0,7,8.263231784710209,2.3008600001048762,64.53174999842304,224.04335611693278
1789439747,50,,Aggregated,161.900000,0.000000,7,10,11,12,15,17,21,23,39,54,65,183482,0,7,8.262707111309588,2.3008600001048762,64.53174999842304,224.04258183364036
1789439748,50,,Aggregated,161.500000,0.000000,7,10,11,12,15,17,21,23,39,54,65,183638,0,7,8.261516318879101,2.3008600001048762,64.53174999842304,224.0431337740555
1789439749,50,,Aggregated,161.000000,0.000000,7,10,11,12,15,17,21,23,39,54,65,183803,0,7,8.260451036638711,2.3008600001048762,64.53174999842304,224.041620648194
1789439750,50,,Aggregated,160.900000,0.000000,7,10,11,12,15,17,21,23,39,54,65,183961,0,7,8.26032396818507,2.3008600001048762,64.53174999842304,224.04060643288523
1789439751,50,,Aggregated,160.600000,0.000000,7,10,11,12,15,17,21,23,39,54,65,184128,0,7,8.26066984396334,2.3008600001048762,64.53174999842304,224.04228580118178
1789439752,50,,Aggregated,160.900000,0.000000,7,10,11,12,15,17,21,23,39,54,65,184294,0,7,8.262130675802167,2.3008600001048762,64.53174999842304,224.04037570403813
1789439753,50,,Aggregated,161.500000,0.000000,7,10,11,12,15,17,21,23,39,54,65,184454,0,7,8.26156983226327,2.3008600001048762,64.53174999842304,224.04048705910418
1789439754,50,,Aggregated,162.100000,0.000000,7,10,11,12,15,17,21,23,39,54,65,184617,0,7,8.261613071208464,2.3008600001048762,64.53174999842304,224.03976340207024
1789439755,50,,Aggregated,161.300000,0.000000,7,10,11,12,15,17,21,23,39,54,65,184763,0,7,8.261729667088574,2.3008600001048762,64.53174999842304,224.0404355850468
1789439756,50,,Aggregated,162.300000,0.000000,7,10,11,12,15,17,21,23,39,54,65,184935,0,7,8.26180626509477,2.3008600001048762,64.53174999842304,224.04166328710087
1789439757,50,,Aggregated,160.600000,0.000000,7,10,11,12,15,17,21,23,39,54,65,185095,0,7,8.260723367288579,2.3008600001048762,64.53174999842304,224.04056835678975
1789439758,50,,Aggregated,160.600000,0.000000,7,10,11,12,15,17,21,23,39,54,65,185252,0,7,8.260682031385766,2.3008600001048762,64.53174999842304,224.04197525532788
1789439759,50,,Aggregated,160.600000,0.000000,7,10,11,12,15,17,21,23,39,54,65,185426,0,7,8.260032702810182,2.3008600001048762,64.53174999842304,224.0418387928338
1789439760,50,,Aggregated,160.900000,0.000000,7,10,11,12,15,17,21,23,39,54,65,185587,0,7,8.26067432255639,2.3008600001048762,64.53174999842304,224.04108046361006
1789439761,50,,Aggregated,162.600000,0.000000,7,10,11,12,15,17,21,23,39,54,65,185751,0,7,8.260037960744555,2.3008600001048762,64.53174999842304,224.04051122201227
1789439762,50,,Aggregated,161.900000,0.000000,7,10,11,12,15,17,21,23,39,54,65,185909,0,7,8.261274066571671,2.3008600001048762,64.53174999842304,224.04119757515772
1789439763,50,,Aggregated,162.600000,0.000000,7,10,11,12,15,17,21,23,39,54,65,186064,0,7,8.261163842851394,2.3008600001048762,64.53174999842304,224.04234564450942
1789439764,50,,Aggregated,161.100000,0.000000,7,10,11,12,15,17,21,23,39,54,65,186234,0,7,8.262320166002537,2.3008600001048762,64.53174999842304,224.0427902531224
1789439765,50,,Aggregated,161.300000,0.000000,7,10,11,12,15,17,21,23,39,54,65,186387,0,7,8.26338969582807,2.3008600001048762,64.53174999842304,224.04137627624243
1789439766,50,,Aggregated,160.700000,0.000000,7,10,11,12,15,17,21,23,39,54,65,186553,0,7,8.264063852901485,2.3008600001048762,64.53174999842304,224.0419451844784
1789439767,50,,Aggregated,161.600000,0.000000,7,10,11,12,15,17,21,23,39,54,65,186711,0,7,8.26450535754369,2.3008600001048762,64.53174999842304,224.044351966408
1789439768,50,,Aggregated,161.500000,0.000000,7,10,11,12,15,17,21,23,39,54,65,186875,0,7,8.264606849227313,2.3008600001048762,64.53174999842304,224.04736321070234
1789439769,50,,Aggregated,160.700000,0.000000,7,10,11,12,15,17,21,23,39,54,65,187038,0,7,8.265181199811533,2.3008600001048762,64.53174999842304,224.04926806317434
1789439770,50,,Aggregated,161.100000,0.000000,7,10,11,12,15,17,21,23,39,54,65,187211,0,7,8.265149520906107,2.3008600001048762,64.53174999842304,224.0517918284716
1789439771,50,,Aggregated,160.500000,0.000000,7,10,11,12,15,17,21,23,39,54,65,187371,0,7,8.26612997016262,2.3008600001048762,64.53174999842304,224.04954341920575
1789439772,50,,Aggregated,161.300000,0.000000,7,10,11,12,15,17,21,23,39,54,65,187532,0,7,8.2658801141105,2.3008600001048762,64.53174999842304,224.0495915363778
1789439773,50,,Aggregated,160.700000,0.000000,7,10,11,12,15,17,21,23,39,54,65,187676,0,7,8.266009846769728,2.3008600001048762,64.53174999842304,224.04932969585883
1789439774,50,,Aggregated,162.300000,0.000000,7,10,11,12,15,17,21,23,39,54,65,187838,0,7,8.265628864869443,2.3008600001048762,64.53174999842304,224.05214067441094
1789439775,50,,Aggregated,161.400000,0.000000,7,10,11,12,15,17,21,23,39,54,65,188012,0,7,8.26510693784102,2.3008600001048762,64.53174999842304,224.05352317937152
1789439776,50,,Aggregated,160.900000,0.000000,7,10,11,12,15,17,21,23,39,54,65,188184,0,7,8.264649768276522,2.3008600001048762,64.53174999842304,224.05419695617056
1789439777,50,,Aggregated,161.700000,0.000000,7,10,11,12,15,17,21,23,39,54,65,188333,0,7,8.265176644015368,2.3008600001048762,64.53174999842304,224.0555983284926
1789439778,50,,Aggregated,161.500000,0.000000,7,10,11,12,15,17,21,23,39,54,65,188502,0,7,8.26498327335177,2.3008600001048762,64.53174999842304,224.054752734719
1789439779,50,,Aggregated,163.400000,0.000000,7,10,11,12,15,17,21,23,39,54,65,188665,0,7,8.264526116960582,2.3008600001048762,64.53174999842304,224.0559139215011
1789439780,50,,Aggregated,163.100000,0.000000,7,10,11,12,15,17,21,23,39,54,65,188832,0,7,8.264910897593548,2.3008600001048762,64.53174999842304,224.05897835112694
1789439781,50,,Aggregated,162.700000,0.000000,7,10,11,12,15,17,21,23,39,54,65,189006,0,7,8.264309412306575,2.3008600001048762,64.53174999842304,224.05840555326287
1789439782,50,,Aggregated,161.800000,0.000000,7,10,11,12,15,17,21,23,39,54,65,189171,0,7,8.263358657328098,2.3008600001048762,64.53174999842304,224.05505072130507
1789439783,50,,Aggregated,162.800000,0.000000,7,10,11,12,15,17,21,23,39,54,65,189336,0,7,8.263187253778561,2.3008600001048762,64.53174999842304,224.05282143913465
1789439784,50,,Aggregated,163.400000,0.000000,7,10,11,12,15,17,21,23,39,54,65,189495,0,7,8.262724372043609,2.3008600001048762,64.53174999842304,224.05329955935514
1789439785,50,,Aggregated,164.400000,0.000000,7,10,11,12,15,17,21,23,39,54,65,189658,0,7,8.262533367210464,2.3008600001048762,64.53174999842304,224.05115523732192
1789439786,50,,Aggregated,164.400000,0.000000,7,10,11,12,15,17,21,23,39,54,65,189824,0,7,8.262907773439737,2.3008600001048762,64.53174999842304,224.05220098617667
1789439787,50,,Aggregated,164.200000,0.000000,7,10,11,12,15,17,21,23,39,54,65,189989,0,7,8.262637166380353,2.3008600001048762,64.53174999842304,224.05455579007204
1789439788,50,,Aggregated,165.300000,0.000000,7,10,11,12,15,17,21,23,39,53,65,190152,0,7,8.262299778079832,2.3008600001048762,64.53174999842304,224.0543144431823
1789439789,50,,Aggregated,163.600000,0.000000,7,10,11,12,15,17,21,23,39,53,65,190308,0,7,8.261699767705306,2.3008600001048762,64.53174999842304,224.05476911112513
1789439790,50,,Aggregated,163.800000,0.000000,7,10,11,12,15,17,21,23,39,53,65,190468,0,7,8.261983702015481,2.3008600001048762,64.53174999842304,224.05463909948128
1789439791,50,,Aggregated,164.300000,0.000000,7,10,11,12,15,17,21,23,39,53,65,190631,0,7,8.262445220795708,2.3008600001048762,64.53174999842304,224.05444549942035
1789439792,50,,Aggregated,163.400000,0.000000,7,10,11,12,15,17,21,23,39,53,65,190799,0,7,8.26227955030418,2.3008600001048762,64.53174999842304,224.0571229408959
1789439793,50,,Aggregated,162.400000,0.000000,7,10,11,12,15,17,21,23,39,53,65,190961,0,7,8.261353038769839,2.3008600001048762,64.53174999842304,224.05776048512524
1789439794,50,,Aggregated,161.900000,0.000000,7,10,11,12,15,17,21,23,39,53,65,191139,0,7,8.261903766078866,2.3008600001048762,64.53174999842304,224.05303993428865
1789439795,50,,Aggregated,162.100000,0.000000,7,10,11,12,15,17,21,23,39,53,65,191296,0,7,8.261923598834048,2.3008600001048762,64.53174999842304,224.0490600953496
1789439796,50,,Aggregated,163.400000,0.000000,7,10,11,12,15,17,21,23,39,53,65,191451,0,7,8.262271901089854,2.3008600001048762,64.53174999842304,224.05115146956663
1789439797,50,,Aggregated,163.300000,0.000000,7,10,11,12,15,17,21,23,39,53,65,191607,0,7,8.262857336143998,2.3008600001048762,64.53174999842304,224.05301476459627
1789439798,50,,Aggregated,162.100000,0.000000,7,10,11,12,15,17,21,23,39,53,65,191764,0,7,8.26293224797948,2.3008600001048762,64.53174999842304,224.05596462318266
1789439799,50,,Aggregated,161.800000,0.000000,7,10,11,12,15,17,21,23,39,53,65,191926,0,7,8.26250163503914,2.3008600001048762,64.53174999842304,224.0553390369205
1789439800,50,,Aggregated,161.200000,0.000000,7,10,11,12,15,17,21,23,39,53,65,192088,0,7,8.262181585531291,2.3008600001048762,64.53174999842304,224.05756736495772
1789439801,50,,Aggregated,160.800000,0.000000,7,10,11,12,15,17,21,23,39,53,65,192246,0,7,8.262075975367859,2.3008600001048762,64.53174999842304,224.05585031678163
1789439802,50,,Aggregated,161.200000,0.000000,7,10,11,12,15,17,21,23,39,53,65,192406,0,7,8.262278613429693,2.3008600001048762,64.53174999842304,224.0541511179485
1789439803,50,,Aggregated,161.500000,0.000000,7,10,11,12,15,17,21,23,39,53,65,192576,0,7,8.26163066162741,2.3008600001048762,64.53174999842304,224.05300764373547
1789439804,50,,Aggregated,160.200000,0.000000,7,10,11,12,15,17,21,23,39,53,65,192736,0,7,8.260967448045875,2.3008600001048762,64.53174999842304,224.0534409762577
1789439805,50,,Aggregated,161.100000,0.000000,7,10,11,12,15,17,21,23,39,53,65,192895,0,7,8.260334485982279,2.3008600001048762,64.53174999842304,224.05351616164234
1789439806,50,,Aggregated,160.300000,0.000000,7,10,11,12,15,17,21,23,39,53,65,193059,0,7,8.26101569151176,2.3008600001048762,64.53174999842304,224.05577051574906
1789439807,50,,Aggregated,159.800000,0.000000,7,10,11,12,15,17,21,23,39,53,65,193214,0,7,8.261024560541951,2.3008600001048762,64.53174999842304,224.05657975094974
1789439808,50,,Aggregated,159.300000,0.000000,7,10,11,12,15,17,21,23,39,53,65,193392,0,7,8.26151636776363,2.3008600001048762,64.53174999842304,224.05517291304707
1789439809,50,,Aggregated,160.100000,0.000000,7,10,11,12,15,17,21,23,39,53,65,193549,0,7,8.261295609838028,2.3008600001048762,64.53174999842304,224.05623898857652
1789439810,50,,Aggregated,161.400000,0.000000,7,10,11,12,15,17,21,23,39,53,65,193720,0,7,8.260600522065674,2.3008600001048762,64.53174999842304,224.0565558538096
1789439811,50,,Aggregated,162.200000,0.000000,7,10,11,12,15,17,21,23,39,53,65,193885,0,7,8.260853853121976,2.3008600001048762,64.53174999842304,224.05302112076745
1789439812,50,,Aggregated,162.900000,0.000000,7,10,11,12,15,17,21,23,38,53,65,194041,0,7,8.260421526824597,2.3008600001048762,64.53174999842304,224.05299910843584
1789439813,50,,Aggregated,162.800000,0.000000,7,10,11,12,15,17,21,23,38,53,65,194213,0,7,8.260631147490372,2.3008600001048762,64.53174999842304,224.05155164690314
1789439814,50,,Aggregated,163.900000,0.000000,7,10,11,12,15,17,21,23,38,53,65,194375,0,7,8.260530599071506,2.3008600001048762,64.53174999842304,224.04997041800644
1789439815,50,,Aggregated,162.400000,0.000000,7,10,11,12,15,17,21,23,38,53,65,194536,0,7,8.26089179917614,2.3008600001048762,64.53174999842304,224.04811962824363
1789439816,50,,Aggregated,163.800000,0.000000,7,10,11,12,15,17,21,23,38,53,65,194698,0,7,8.260664098226718,2.3008600001048762,64.53174999842304,224.0496409824446
1789439817,50,,Aggregated,163.700000,0.000000,7,10,11,12,15,17,21,23,38,53,65,194865,0,7,8.260700309340011,2.3008600001048762,64.53174999842304,224.04864393297925
1789439818,50,,Aggregated,164.000000,0.000000,7,10,11,12,15,17,21,23,38,53,65,195022,0,7,8.260885966786088,2.3008600001048762,64.53174999842304,224.04948159694803
1789439819,50,,Aggregated,164.200000,0.000000,7,10,11,12,15,17,21,23,38,53,65,195193,0,7,8.26193432773482,2.3008600001048762,64.53174999842304,224.05002740876978
1789439820,50,,Aggregated,163.900000,0.000000,7,10,11,12,15,17,21,23,38,53,65,195356,0,7,8.262542986166526,2.3008600001048762,64.53174999842304,224.0513779970925
1789439821,50,,Aggregated,163.200000,0.000000,7,10,11,12,15,17,21,23,38,53,65,195512,0,7,8.263219503030708,2.3008600001048762,64.53174999842304,224.05226789148492
1789439822,50,,Aggregated,163.300000,0.000000,7,10,11,12,15,17,21,23,38,53,65,195682,0,7,8.26277616066115,2.3008600001048762,64.53174999842304,224.05200273913798
1789439823,50,,Aggregated,162.700000,0.000000,7,10,11,12,15,17,21,23,38,53,65,195843,0,7,8.261877428079945,2.3008600001048762,64.53174999842304,224.05136767717
1789439824,50,,Aggregated,162.500000,0.000000,7,10,11,12,15,17,21,23,38,53,65,196007,0,7,8.262402015915145,2.3008600001048762,64.53174999842304,224.05075328942334
1789439825,50,,Aggregated,162.700000,0.000000,7,10,11,12,15,17,21,23,38,53,65,196161,0,7,8.26301379578751,2.3008600001048762,64.53174999842304,224.04964289537676
1789439826,50,,Aggregated,162.000000,0.000000,7,10,11,12,15,17,21,23,38,53,65,196338,0,7,8.262916019417807,2.3008600001048762,64.53174999842304,224.049190681376
1789439827,50,,Aggregated,162.200000,0.000000,7,10,11,12,15,17,21,23,38,53,65,196492,0,7,8.2630984941649,2.3008600001048762,64.53174999842304,224.04804775766954
1789439828,50,,Aggregated,163.300000,0.000000,7,10,11,12,15,17,21,23,38,53,65,196657,0,7,8.263753197940593,2.3008600001048762,64.53174999842304,224.04588191622977
1789439829,50,,Aggregated,163.400000,0.000000,7,10,11,12,15,17,21,23,38,53,65,196818,0,7,8.263539448273976,2.3008600001048762,64.53174999842304,224.0463727911065
1789439830,50,,Aggregated,162.300000,0.000000,7,10,11,12,15,17,21,23,38,53,65,196985,0,7,8.264088213871085,2.3008600001048762,64.53174999842304,224.04580551818665
1789439831,50,,Aggregated,162.300000,0.000000,7,10,11,12,15,17,21,23,38,53,65,197146,0,7,8.26375527793308,2.3008600001048762,64.53174999842304,224.04701084475465
1789439832,50,,Aggregated,162.000000,0.000000,7,10,11,12,15,17,21,23,38,53,65,197309,0,7,8.263479320428413,2.3008600001048762,64.53174999842304,224.04536539134048
1789439833,50,,Aggregated,162.500000,0.000000,7,10,11,12,15,17,21,23,38,53,65,197479,0,7,8.263349151506766,2.3008600001048762,64.53174999842304,224.04538204062203
1789439834,50,,Aggregated,163.200000,0.000000,7,10,11,12,15,17,21,23,39,54,65,197643,0,7,8.26534315708836,2.3008600001048762,64.53174999842304,224.0450863425469
1789439835,50,,Aggregated,163.200000,0.000000,7,10,11,12,15,17,21,23,39,54,65,197808,0,7,8.264580647963733,2.3008600001048762,64.53174999842304,224.04691923481354
1789439836,50,,Aggregated,163.800000,0.000000,7,10,11,12,15,17,21,23,39,54,65,197963,0,7,8.26436441979773,2.3008600001048762,64.53174999842304,224.04710476200097
1789439837,50,,Aggregated,163.800000,0.000000,7,10,11,12,15,17,21,23,39,54,65,198126,0,7,8.264057356860862,2.3008600001048762,64.53174999842304,224.04493100350282
1789439838,50,,Aggregated,162.500000,0.000000,7,10,11,12,15,17,21,23,39,54,65,198281,0,7,8.264180228264,2.3008600001048762,64.53174999842304,224.04460840927774
1789439839,50,,Aggregated,162.000000,0.000000,7,10,11,12,15,17,21,23,39,54,65,198445,0,7,8.262939462109816,2.3008600001048762,64.53174999842304,224.04629494318326
1789439840,50,,Aggregated,162.600000,0.000000,7,10,11,12,15,17,21,23,39,54,65,198605,0,7,8.26290639241889,2.3008600001048762,64.53174999842304,224.04717907404145
1789439841,50,,Aggregated,162.300000,0.000000,7,10,11,12,15,17,21,23,39,54,65,198765,0,7,8.265344089856683,2.3008600001048762,64.53174999842304,224.04418786003572
1789439842,50,,Aggregated,161.800000,0.000000,7,10,11,12,15,17,21,23,39,54,65,198919,0,7,8.264615285947299,2.3008600001048762,64.53174999842304,224.04770283381677
1789439843,50,,Aggregated,161.800000,0.000000,7,10,11,12,15,17,21,23,39,54,65,199086,0,7,8.264524496058632,2.3008600001048762,64.53174999842304,224.04717056950264
1789439844,50,,Aggregated,160.200000,0.000000,7,10,11,12,15,17,21,23,39,54,65,199249,0,7,8.26395172057242,2.3008600001048762,64.53174999842304,224.04831642818783
1789439845,50,,Aggregated,160.200000,0.000000,7,10,11,12,15,17,21,23,39,54,65,199413,0,7,8.26465495681496,2.3008600001048762,64.53174999842304,224.04930470932186
1789439846,50,,Aggregated,159.600000,0.000000,7,10,11,12,15,17,21,23,39,54,65,199576,0,7,8.263802598435376,2.3008600001048762,64.53174999842304,224.05004108710466
1789439847,50,,Aggregated,159.600000,0.000000,7,10,11,12,15,17,21,23,39,54,65,199733,0,7,8.263616405768314,2.3008600001048762,64.53174999842304,224.04992665208053
1789439848,50,,Aggregated,160.400000,0.000000,7,10,11,12,15,17,21,23,39,54,65,199898,0,7,8.263062388684794,2.3008600001048762,64.53174999842304,224.05108605388747
1789439849,50,,Aggregated,160.700000,0.000000,7,10,11,12,15,17,21,23,39,54,65,200054,0,7,8.263193982966293,2.3008600001048762,64.53174999842304,224.05472522418947
1789439850,50,,Aggregated,160.900000,0.000000,7,10,11,12,15,17,21,23,39,54,65,200211,0,7,8.262943406987276,2.3008600001048762,64.53174999842304,224.05660028669755
1789439851,50,,Aggregated,161.300000,0.000000,7,10,11,12,15,17,21,23,39,54,65,200385,0,7,8.261861490756939,2.3008600001048762,64.53174999842304,224.05853731566734
1789439852,50,,Aggregated,161.200000,0.000000,7,10,11,12,15,17,21,23,39,54,65,200551,0,7,8.262087217138372,2.3008600001048762,64.53174999842304,224.05992490688155
1789439853,50,,Aggregated,161.200000,0.000000,7,10,11,12,15,17,21,23,39,54,65,200712,0,7,8.262413358873832,2.3008600001048762,64.53174999842304,224.0608683088206
1789439854,50,,Aggregated,161.600000,0.000000,7,10,11,12,15,17,21,23,39,54,65,200874,0,7,8.262065528576759,2.3008600001048762,64.53174999842304,224.0580015332995
1789439855,50,,Aggregated,163.000000,0.000000,7,10,11,12,15,17,21,23,39,54,65,201042,0,7,8.262642370546061,2.3008600001048762,64.53174999842304,224.05601317137712
1789439856,50,,Aggregated,162.100000,0.000000,7,10,11,12,15,17,21,23,39,54,65,201206,0,7,8.261575430565236,2.3008600001048762,64.53174999842304,224.05543572259276
1789439857,50,,Aggregated,163.500000,0.000000,7,10,11,12,15,17,21,23,39,54,65,201365,0,7,8.261560220958511,2.3008600001048762,64.53174999842304,224.0552380006456
1789439858,50,,Aggregated,162.700000,0.000000,7,10,11,12,15,17,21,23,39,54,65,201534,0,7,8.260868379347048,2.3008600001048762,64.53174999842304,224.05532069030536
1789439859,50,,Aggregated,162.800000,0.000000,7,10,11,12,15,17,21,23,39,54,65,201695,0,7,8.261621128353902,2.3008600001048762,64.53174999842304,224.05647140484396
1789439860,50,,Aggregated,162.400000,0.000000,7,10,11,12,15,17,21,23,39,54,65,201862,0,7,8.260651551333915,2.3008600001048762,64.53174999842304,224.0580396508506
1789439861,50,,Aggregated,162.700000,0.000000,7,10,11,12,15,17,21,23,38,54,65,202031,0,7,8.261451937610243,2.3008600001048762,64.53174999842304,224.0599115977251
1789439862,50,,Aggregated,163.900000,0.000000,7,10,11,12,15,17,21,23,38,54,65,202189,0,7,8.261546508476203,2.3008600001048762,64.53174999842304,224.06040387953846
1789439863,50,,Aggregated,164.600000,0.000000,7,10,11,12,15,17,21,23,38,54,65,202350,0,7,8.262074336542135,2.3008600001048762,64.53174999842304,224.06239683716333
1789439864,50,,Aggregated,164.400000,0.000000,7,10,11,12,15,17,21,23,38,54,65,202516,0,7,8.26226793949753,2.3008600001048762,64.53174999842304,224.0621975547611
1789439865,50,,Aggregated,163.200000,0.000000,7,10,11,12,15,17,21,23,38,54,65,202678,0,7,8.262778740876008,2.3008600001048762,64.53174999842304,224.06364282260532
1789439866,50,,Aggregated,163.100000,0.000000,7,10,11,12,15,17,21,23,38,54,65,202848,0,7,8.26275153345978,2.3008600001048762,64.53174999842304,224.06543816059315
1789439867,50,,Aggregated,162.400000,0.000000,7,10,11,12,15,17,21,23,38,54,65,203000,0,7,8.26316460193229,2.3008600001048762,64.53174999842304,224.0665960591133
1789439868,50,,Aggregated,163.700000,0.000000,7,10,11,12,15,17,21,23,38,54,65,203163,0,7,8.262674243835145,2.3008600001048762,64.53174999842304,224.06841796980748
1789439869,50,,Aggregated,163.500000,0.000000,7,10,11,12,15,17,21,23,38,54,65,203323,0,7,8.26290175486941,2.3008600001048762,64.53174999842304,224.06634271577735
1789439870,50,,Aggregated,162.900000,0.000000,7,10,11,12,15,17,21,23,38,54,65,203479,0,7,8.263176007564942,2.3008600001048762,64.53174999842304,224.06853287071394
1789439871,50,,Aggregated,163.000000,0.000000,7,10,11,12,15,17,21,23,38,54,65,203641,0,7,8.263710981036649,2.3008600001048762,64.53174999842304,224.06772702942925
1789439872,50,,Aggregated,161.700000,0.000000,7,10,11,12,15,17,21,23,38,54,65,203804,0,7,8.26330172889264,2.3008600001048762,64.53174999842304,224.0683990500677
1789439873,50,,Aggregated,160.500000,0.000000,7,10,11,12,15,17,21,23,38,54,65,203982,0,7,8.264115350032016,2.3008600001048762,64.53174999842304,224.06893255287233
1789439874,50,,Aggregated,161.300000,0.000000,7,10,11,12,15,17,21,23,38,54,65,204143,0,7,8.263411102027703,2.3008600001048762,64.53174999842304,224.06802584462852
1789439875,50,,Aggregated,161.300000,0.000000,7,10,11,12,15,17,21,23,38,54,65,204302,0,7,8.264098264222843,2.3008600001048762,64.53174999842304,224.06828616459947
1789439876,50,,Aggregated,163.000000,0.000000,7,10,11,12,15,17,21,23,38,54,65,204469,0,7,8.264066461078357,2.3008600001048762,64.53174999842304,224.06884173150942
1789439877,50,,Aggregated,162.200000,0.000000,7,10,11,12,15,17,21,23,38,54,65,204633,0,7,8.263565099403424,2.3008600001048762,64.53174999842304,224.06967106967107
1789439878,50,,Aggregated,161.600000,0.000000,7,10,11,12,15,17,21,23,38,54,65,204783,0,7,8.26326440188007,2.3008600001048762,64.53174999842304,224.06788161126656
1789439879,50,,Aggregated,162.100000,0.000000,7,10,11,12,15,17,21,23,38,54,65,204947,0,7,8.263481208396248,2.3008600001048762,64.53174999842304,224.06771018848775
1789439880,50,,Aggregated,162.800000,0.000000,7,10,11,12,15,17,21,23,38,54,65,205115,0,7,8.26347173606616,2.3008600001048762,64.53174999842304,224.06823001730737
1789439881,50,,Aggregated,162.500000,0.000000,7,10,11,12,15,17,21,23,38,54,65,205277,0,7,8.26452207580587,2.3008600001048762,64.53174999842304,224.0678741407951
1789439882,50,,Aggregated,162.500000,0.000000,7,10,11,12,15,17,21,23,38,54,65,205452,0,7,8.264404226452768,2.3008600001048762,64.53174999842304,224.06934466444716
1789439883,50,,Aggregated,163.100000,0.000000,7,10,11,12,15,17,21,23,38,54,65,205605,0,7,8.26457097280302,2.3008600001048762,64.53174999842304,224.06971620339974
1789439884,50,,Aggregated,162.500000,0.000000,7,10,11,12,15,17,21,23,38,54,65,205770,0,7,8.265418490621371,2.3008600001048762,64.53174999842304,224.06941245079457
1789439885,50,,Aggregated,163.100000,0.000000,7,10,11,12,15,17,21,23,38,54,65,205933,0,7,8.266009756096153,2.3008600001048762,64.53174999842304,224.07054721681322
1789439886,50,,Aggregated,161.700000,0.000000,7,10,11,12,15,17,21,23,38,54,65,206088,0,7,8.265969964632323,2.3008600001048762,64.53174999842304,224.07084837545128
1789439887,50,,Aggregated,162.600000,0.000000,7,10,11,12,15,17,21,23,38,54,65,206246,0,7,8.266372689124518,2.3008600001048762,64.53174999842304,224.06704130019492
1789439888,50,,Aggregated,162.300000,0.000000,7,10,11,12,15,17,21,23,38,54,65,206407,0,7,8.266270970045714,2.3008600001048762,64.53174999842304,224.06771572669533
1789439889,50,,Aggregated,161.500000,0.000000,7,10,11,12,15,17,21,23,38,54,65,206567,0,7,8.268226945369852,2.3008600001048762,64.53174999842304,224.06807960613264
1789439890,50,,Aggregated,160.600000,0.000000,7,10,11,12,15,17,21,23,38,54,65,206740,0,7,8.268053210560298,2.3008600001048762,64.53174999842304,224.06704556447713
1789439891,50,,Aggregated,160.700000,0.000000,7,10,11,12,15,17,21,23,38,54,65,206899,0,7,8.268669283139088,2.3008600001048762,64.53174999842304,224.06664604468847
1789439892,50,,Aggregated,161.100000,0.000000,7,10,11,12,15,17,21,23,38,54,65,207052,0,7,8.268552430839529,2.3008600001048762,64.53174999842304,224.06458763981996
1789439893,50,,Aggregated,161.800000,0.000000,7,10,11,12,15,17,21,23,38,54,65,207215,0,7,8.26920812573986,2.3008600001048762,64.53174999842304,224.06415076128658
1789439894,50,,Aggregated,161.700000,0.000000,7,10,11,12,15,17,21,23,38,54,65,207371,0,7,8.268000804602316,2.3008600001048762,64.53174999842304,224.0630801799673
1789439895,50,,Aggregated,160.400000,0.000000,7,10,11,12,15,17,21,23,39,54,65,207538,0,7,8.269651749001174,2.3008600001048762,64.53174999842304,224.06877294760477
1789439896,50,,Aggregated,160.800000,0.000000,7,10,11,12,15,17,21,23,39,54,65,207705,0,7,8.26897749199215,2.3008600001048762,64.53174999842304,224.07105269492791
1789439897,50,,Aggregated,160.100000,0.000000,7,10,11,12,15,17,21,23,39,54,65,207879,0,7,8.267965911141637,2.3008600001048762,64.53174999842304,224.07315794284176
1789439898,50,,Aggregated,160.100000,0.000000,7,10,11,12,15,17,21,23,39,54,65,208025,0,7,8.26826717480697,2.3008600001048762,64.53174999842304,224.0736786443937
1789439899,50,,Aggregated,161.500000,0.000000,7,10,11,12,15,17,21,23,39,54,65,208199,0,7,8.267178299791166,2.3008600001048762,64.53174999842304,224.0740157253397
1789439900,50,,Aggregated,163.000000,0.000000,7,10,11,12,15,17,21,23,39,54,65,208356,0,7,8.267083536006778,2.3008600001048762,64.53174999842304,224.07475666647468
1789439901,50,,Aggregated,162.100000,0.000000,7,10,11,12,15,17,21,23,39,54,65,208514,0,7,8.26944117106404,2.3008600001048762,64.53174999842304,224.07361136422494
1789439902,50,,Aggregated,162.800000,0.000000,7,10,11,12,15,17,21,23,39,54,65,208674,0,7,8.269787184379673,2.3008600001048762,64.53174999842304,224.07262045103846
1789439903,50,,Aggregated,161.200000,0.000000,7,10,11,12,15,17,21,23,39,54,65,208841,0,7,8.270205612658627,2.3008600001048762,64.53174999842304,224.07298375319021
1789439904,50,,Aggregated,161.100000,0.000000,7,10,11,12,15,17,21,23,39,54,65,208993,0,7,8.270487906672535,2.3008600001048762,64.53174999842304,224.07451924227126
1789439905,50,,Aggregated,161.500000,0.000000,7,10,11,12,15,17,21,23,39,54,65,209169,0,7,8.27025262960676,2.3008600001048762,64.53174999842304,224.0769473487945
1789439906,50,,Aggregated,162.100000,0.000000,7,10,11,12,15,17,21,23,39,54,65,209327,0,7,8.269309746144737,2.3008600001048762,64.53174999842304,224.07601981588616
1789439907,50,,Aggregated,161.600000,0.000000,7,10,11,12,15,17,21,23,39,54,65,209493,0,7,8.269144466236275,2.3008600001048762,64.53174999842304,224.07826514489744
1789439908,50,,Aggregated,162.500000,0.000000,7,10,11,12,15,17,21,23,39,54,65,209660,0,7,8.270101502629194,2.3008600001048762,64.53174999842304,224.07619002194028
1789439909,50,,Aggregated,161.100000,0.000000,7,10,11,12,15,17,21,23,39,54,65,209815,0,7,8.269674447223652,2.3008600001048762,64.53174999842304,224.07709648976478
1789439910,50,,Aggregated,161.100000,0.000000,7,10,11,12,15,17,21,23,39,54,65,209974,0,7,8.269182943689522,2.3008600001048762,64.53174999842304,224.07755722137026
1789439911,50,,Aggregated,162.000000,0.000000,7,10,11,12,15,17,21,23,39,53,65,210140,0,7,8.268104597997882,2.3008600001048762,64.53174999842304,224.07907585419244
1789439912,50,,Aggregated,161.000000,0.000000,7,10,11,12,15,17,21,23,39,53,65,210299,0,7,8.26835666908214,2.3008600001048762,64.53174999842304,224.0771996062749
1789439913,50,,Aggregated,161.300000,0.000000,7,10,11,12,15,17,21,23,39,53,65,210464,0,7,8.267250372098358,2.3008600001048762,64.53174999842304,224.07761897521667
1789439914,50,,Aggregated,162.400000,0.000000,7,10,11,12,15,17,21,23,39,53,65,210635,0,7,8.26770041633298,2.3008600001048762,64.53174999842304,224.08029529755265
1789439915,50,,Aggregated,162.900000,0.000000,7,10,11,12,15,17,21,23,39,53,65,210792,0,7,8.267375743089477,2.3008600001048762,64.53174999842304,224.0799128999203
1789439916,50,,Aggregated,162.500000,0.000000,7,10,11,12,15,17,21,23,39,53,65,210955,0,7,8.267642697117012,2.3008600001048762,64.53174999842304,224.0822308075182
1789439917,50,,Aggregated,162.800000,0.000000,7,10,11,12,15,17,21,23,39,53,65,211109,0,7,8.267426595494722,2.3008600001048762,64.53174999842304,224.0820429256924
1789439918,50,,Aggregated,161.100000,0.000000,7,10,11,12,15,17,21,23,39,53,65,211266,0,7,8.267265659430615,2.3008600001048762,64.53174999842304,224.08295229710413
1789439919,50,,Aggregated,161.900000,0.000000,7,10,11,12,15,17,21,23,39,53,65,211432,0,7,8.26647569994744,2.3008600001048762,64.53174999842304,224.08207366907564
1789439920,50,,Aggregated,160.600000,0.000000,7,10,11,12,15,17,21,23,39,53,65,211600,0,7,8.266206455162148,2.3008600001048762,64.53174999842304,224.0784404536862
1789439921,50,,Aggregated,160.300000,0.000000,7,10,11,12,15,17,21,23,39,53,65,211754,0,7,8.26557970831389,2.3008600001048762,64.53174999842304,224.07691472179982
1789439922,50,,Aggregated,161.300000,0.000000,7,10,11,12,15,17,21,23,39,53,65,211922,0,7,8.265522184007848,2.3008600001048762,64.53174999842304,224.07605628485953
1789439923,50,,Aggregated,161.900000,0.000000,7,10,11,12,15,17,21,23,38,53,65,212090,0,7,8.265100172937485,2.3008600001048762,64.53174999842304,224.07669385638172
1789439924,50,,Aggregated,160.800000,0.000000,7,10,11,12,15,17,21,23,38,53,65,212261,0,7,8.264876599014135,2.3008600001048762,64.53174999842304,224.07808782583706
1789439925,50,,Aggregated,160.500000,0.000000,7,10,11,12,15,17,21,23,38,53,65,212431,0,7,8.264332134416954,2.3008600001048762,64.53174999842304,224.07961644016174
1789439926,50,,Aggregated,160.900000,0.000000,7,10,11,12,15,17,21,23,38,53,65,212579,0,7,8.26535925966982,2.3008600001048762,64.53174999842304,224.07667737641066
1789439927,50,,Aggregated,162.400000,0.000000,7,10,11,12,15,17,21,23,38,53,65,212744,0,7,8.265098950204658,2.3008600001048762,64.53174999842304,224.07660850599783
1789439928,50,,Aggregated,163.800000,0.000000,7,10,11,12,15,17,21,23,38,53,65,212909,0,7,8.26550601997728,2.3008600001048762,64.53174999842304,224.07676049391995
1789439929,50,,Aggregated,163.000000,0.000000,7,10,11,12,15,17,21,23,38,53,65,213065,0,7,8.26496676593686,2.3008600001048762,64.53174999842304,224.07675122615166
1789439930,50,,Aggregated,163.400000,0.000000,7,10,11,12,15,17,21,23,38,53,65,213232,0,7,8.26506437065401,2.3008600001048762,64.53174999842304,224.07833252044722
1789439931,50,,Aggregated,163.800000,0.000000,7,10,11,12,15,17,21,23,38,53,65,213392,0,7,8.26413153612282,2.3008600001048762,64.53174999842304,224.07824098372947
1789439932,50,,Aggregated,163.200000,0.000000,7,10,11,12,15,17,21,23,38,53,65,213560,0,7,8.264121381088804,2.3008600001048762,64.53174999842304,224.07714927889117
1789439933,50,,Aggregated,163.200000,0.000000,7,10,11,12,15,17,21,23,38,53,65,213721,0,7,8.263020440496383,2.3008600001048762,64.53174999842304,224.07565002971162
1789439934,50,,Aggregated,164.000000,0.000000,7,10,11,12,15,17,21,23,38,53,65,213894,0,7,8.262687401667597,2.3008600001048762,64.53174999842304,224.07652856087594
1789439935,50,,Aggregated,163.800000,0.000000,7,10,11,12,15,17,21,23,38,53,65,214066,0,7,8.262844152094576,2.3008600001048762,64.53174999842304,224.07838236805472
1789439936,50,,Aggregated,163.200000,0.000000,7,10,11,12,15,17,21,23,38,53,65,214220,0,7,8.262964171885427,2.3008600001048762,64.53174999842304,224.07984781999812
1789439937,50,,Aggregated,162.800000,0.000000,7,10,11,12,15,17,21,23,38,53,65,214377,0,7,8.263594075667193,2.3008600001048762,64.53174999842304,224.07865116127198
1789439938,50,,Aggregated,163.000000,0.000000,7,10,11,12,15,17,21,23,38,53,65,214534,0,7,8.263518966584877,2.3008600001048762,64.53174999842304,224.080411496546
1789439939,50,,Aggregated,163.100000,0.000000,7,10,11,12,15,17,21,23,38,53,65,214698,0,7,8.263560176141976,2.3008600001048762,64.53174999842304,224.08157504960457
1789439940,50,,Aggregated,162.800000,0.000000,7,10,11,12,15,17,21,23,38,53,65,214861,0,7,8.263763835695388,2.3008600001048762,64.53174999842304,224.08065679671975
1789439941,50,,Aggregated,161.900000,0.000000,7,10,11,12,15,17,21,23,38,53,65,215027,0,7,8.264063507165819,2.3008600001048762,64.53174999842304,224.08025503773945
1789439942,50,,Aggregated,162.100000,0.000000,7,10,11,12,15,17,21,23,38,53,65,215198,0,7,8.264015226193303,2.3008600001048762,64.53174999842304,224.07986598388462
1789439943,50,,Aggregated,162.300000,0.000000,7,10,11,12,15,17,21,23,38,53,65,215364,0,7,8.264689286367963,2.3008600001048762,64.53174999842304,224.079790494233
1789439944,50,,Aggregated,162.100000,0.000000,7,10,11,12,15,17,21,23,38,53,65,215527,0,7,8.264045709703753,2.3008600001048762,64.53174999842304,224.07952135927286
1789439945,50,,Aggregated,163.600000,0.000000,7,10,11,12,15,17,21,23,38,53,65,215685,0,7,8.264786359794755,2.3008600001048762,64.53174999842304,224.07752509446647
1789439946,50,,Aggregated,163.500000,0.000000,7,10,11,12,15,17,21,23,38,53,65,215852,0,7,8.265031438741865,2.3008600001048762,64.53174999842304,224.07620499230956
1789439947,50,,Aggregated,162.600000,0.000000,7,10,11,12,15,17,21,23,38,53,65,216012,0,7,8.265051561859185,2.3008600001048762,64.53174999842304,224.0784354572894
1789439948,50,,Aggregated,161.500000,0.000000,7,10,11,12,15,17,21,23,38,53,65,216171,0,7,8.263895904627955,2.3008600001048762,64.53174999842304,224.07787816127046
1789439949,50,,Aggregated,162.400000,0.000000,7,10,11,12,15,17,21,23,38,53,65,216334,0,7,8.263378366055932,2.3008600001048762,64.53174999842304,224.07756524633206
1789439950,50,,Aggregated,163.000000,0.000000,7,10,11,12,15,17,21,23,38,53,65,216506,0,7,8.265078833821532,2.3008600001048762,64.53174999842304,224.0789354567541
1789439951,50,,Aggregated,163.300000,0.000000,7,10,11,12,15,17,21,23,38,53,65,216656,0,7,8.26641807818082,2.3008600001048762,64.53174999842304,224.08093475371095
1789439952,50,,Aggregated,163.300000,0.000000,7,10,11,12,15,17,21,23,38,53,65,216820,0,7,8.266353528776465,2.3008600001048762,64.53174999842304,224.0801355963472
1789439953,50,,Aggregated,163.700000,0.000000,7,10,11,12,15,17,21,23,38,53,65,216977,0,7,8.266319877882568,2.3008600001048762,64.53174999842304,224.0815063347728
1789439954,50,,Aggregated,162.400000,0.000000,7,10,11,12,15,17,21,23,38,53,65,217134,0,7,8.265752763037266,2.3008600001048762,64.53174999842304,224.08013945305663
1789439955,50,,Aggregated,161.500000,0.000000,7,10,11,12,15,17,21,23,38,53,65,217301,0,7,8.266669133668657,2.3008600001048762,64.53174999842304,224.0810304600531
1789439956,50,,Aggregated,161.200000,0.000000,7,10,11,12,15,17,21,23,38,53,65,217458,0,7,8.267198999058788,2.3008600001048762,64.53174999842304,224.08082480295045
1789439957,50,,Aggregated,161.100000,0.000000,7,10,11,12,15,17,21,23,38,53,65,217628,0,7,8.268058523293469,2.3008600001048762,64.53174999842304,224.08140496627271
1789439958,50,,Aggregated,161.600000,0.000000,7,10,11,12,15,17,21,23,38,53,65,217783,0,7,8.26862441514851,2.3008600001048762,64.53174999842304,224.08042409187127
1789439959,50,,Aggregated,160.400000,0.000000,7,10,11,12,15,17,21,23,38,53,65,217940,0,7,8.268649792783723,2.3008600001048762,64.53174999842304,224.08172432779665
1789439960,50,,Aggregated,161.200000,0.000000,7,10,11,12,15,17,21,23,38,53,65,218106,0,7,8.267229971079558,2.3008600001048762,64.53174999842304,224.0801445168863
1789439961,50,,Aggregated,160.700000,0.000000,7,10,11,12,15,17,21,23,38,53,65,218255,0,7,8.267148792986628,2.3008600001048762,64.53174999842304,224.07970951410047
1789439963,50,,Aggregated,160.200000,0.000000,7,10,11,12,15,17,21,23,38,53,65,218421,0,7,8.26659591225788,2.3008600001048762,64.53174999842304,224.08063785075612
1789439964,50,,Aggregated,159.800000,0.000000,7,10,11,12,15,17,21,23,38,53,65,218590,0,7,8.266305738781858,2.3008600001048762,64.53174999842304,224.0796742760419
1789439965,50,,Aggregated,159.600000,0.000000,7,10,11,12,15,17,21,23,38,53,65,218741,0,7,8.265683690672093,2.3008600001048762,64.53174999842304,224.08105476339597
1789439966,50,,Aggregated,159.900000,0.000000,7,10,11,12,15,17,21,23,38,53,65,218906,0,7,8.265547745663875,2.3008600001048762,64.53174999842304,224.07995669374068
1789439967,50,,Aggregated,159.800000,0.000000,7,10,11,12,15,17,21,23,38,53,65,219063,0,7,8.265638709879346,2.3008600001048762,64.53174999842304,224.0820631507831
1789439968,50,,Aggregated,159.800000,0.000000,7,10,11,12,15,17,21,23,38,53,65,219223,0,7,8.266479052349835,2.3008600001048762,64.53174999842304,224.08344014998426
1789439969,50,,Aggregated,160.200000,0.000000,7,10,11,12,15,17,21,23,38,53,65,219384,0,7,8.266206297821505,2.3008600001048762,64.53174999842304,224.08298690879917
1789439970,50,,Aggregated,159.400000,0.000000,7,10,11,12,15,17,21,23,38,53,65,219550,0,7,8.265986684118674,2.3008600001048762,64.53174999842304,224.08243224777954
1789439971,50,,Aggregated,160.100000,0.000000,7,10,11,12,15,17,21,23,38,53,65,219706,0,7,8.265569726836071,2.3008600001048762,64.53174999842304,224.08321120042237
1789439972,50,,Aggregated,160.100000,0.000000,7,10,11,12,15,17,21,23,38,53,65,219868,0,7,8.265148611349868,2.3008600001048762,64.53174999842304,224.08314988993396
1789439973,50,,Aggregated,159.900000,0.000000,7,10,11,12,15,17,21,23,38,53,65,220022,0,7,8.265464715675119,2.3008600001048762,64.53174999842304,224.08256447082564
1789439974,50,,Aggregated,161.300000,0.000000,7,10,11,12,15,17,21,23,38,53,65,220174,0,7,8.265680003752829,2.3008600001048762,64.53174999842304,224.08426971395352
1789439975,50,,Aggregated,159.800000,0.000000,7,10,11,12,15,17,21,23,38,53,65,220335,0,7,8.266153496336393,2.3008600001048762,64.53174999842304,224.0853110036989
1789439976,50,,Aggregated,158.200000,0.000000,7,10,11,12,15,17,21,23,38,53,65,220489,0,7,8.2665501211276,2.3008600001048762,64.53174999842304,224.08325585403352
1789439977,50,,Aggregated,158.900000,0.000000,7,10,11,12,15,17,21,23,38,53,65,220650,0,7,8.266360145018512,2.3008600001048762,64.53174999842304,224.0837434851575
1789439978,50,,Aggregated,157.400000,0.000000,7,10,11,12,15,17,21,23,38,53,65,220814,0,7,8.267172192770166,2.3008600001048762,64.53174999842304,224.083341635947
1789439979,50,,Aggregated,158.500000,0.000000,7,10,11,12,15,17,21,23,38,53,65,220965,0,7,8.26647485143963,2.3008600001048762,64.53174999842304,224.08261036815784
1789439980,50,,Aggregated,158.400000,0.000000,7,10,11,12,15,17,21,23,38,53,65,221139,0,7,8.266248814873556,2.3008600001048762,64.53174999842304,224.0847204699307
1789439981,50,,Aggregated,157.700000,0.000000,7,10,11,12,15,17,21,23,38,53,65,221301,0,7,8.265896798353022,2.3008600001048762,64.53174999842304,224.08456807696305
1789439982,50,,Aggregated,159.400000,0.000000,7,10,11,12,15,17,21,23,38,53,65,221466,0,7,8.265404805899434,2.3008600001048762,64.53174999842304,224.0853449287927
1789439983,50,,Aggregated,158.600000,0.000000,7,10,11,12,15,17,21,23,38,53,65,221633,0,7,8.264723778603877,2.3008600001048762,64.53174999842304,224.0881231585549
1789439984,50,,Aggregated,159.000000,0.000000,7,10,11,12,15,17,21,23,38,53,65,221795,0,7,8.264970609194604,2.3008600001048762,64.53174999842304,224.0894745147546
1789439985,50,,Aggregated,160.300000,0.000000,7,10,11,12,15,17,21,23,38,53,65,221961,0,7,8.264928875934482,2.3008600001048762,64.53174999842304,224.09073215564896
1789439986,50,,Aggregated,161.700000,0.000000,7,10,11,12,15,17,21,23,38,53,65,222127,0,7,8.264470794803378,2.3008600001048762,64.53174999842304,224.0895748828373
1789439987,50,,Aggregated,162.100000,0.000000,7,10,11,12,15,17,21,23,38,53,65,222287,0,7,8.26357145651477,2.3008600001048762,64.53174999842304,224.09026618740637
1789439988,50,,Aggregated,163.500000,0.000000,7,10,11,12,15,17,21,23,38,53,65,222460,0,7,8.26292304420266,2.3008600001048762,64.53174999842304,224.09112649465072
1789439989,50,,Aggregated,162.900000,0.000000,7,10,11,12,15,17,21,23,38,53,65,222615,0,7,8.263316508219626,2.3008600001048762,64.53174999842304,224.0879635244705
1789439990,50,,Aggregated,163.900000,0.000000,7,10,11,12,15,17,21,23,38,53,65,222777,0,7,8.263612946279386,2.3008600001048762,64.53174999842304,224.08971303141706
1789439991,50,,Aggregated,164.700000,0.000000,7,10,11,12,15,17,21,23,38,53,65,222934,0,7,8.26333559906647,2.3008600001048762,64.53174999842304,224.09061874814967
1789439992,50,,Aggregated,162.900000,0.000000,7,10,11,12,15,17,21,23,38,53,65,223093,0,7,8.263449111013193,2.3008600001048762,64.53174999842304,224.0904555499276
1789439993,50,,Aggregated,163.600000,0.000000,7,10,11,12,15,17,21,23,38,53,65,223262,0,7,8.26345845103633,2.3008600001048762,64.53174999842304,224.09009146204906
1789439994,50,,Aggregated,162.100000,0.000000,7,10,11,12,15,17,21,23,38,53,65,223427,0,7,8.262938513220416,2.3008600001048762,64.53174999842304,224.09065153271538
1789439995,50,,Aggregated,162.300000,0.000000,7,10,11,12,15,17,21,23,38,53,65,223589,0,7,8.263067397203306,2.3008600001048762,64.53174999842304,224.09116280317906
1789439996,50,,Aggregated,162.100000,0.000000,7,10,11,12,15,17,21,23,38,53,65,223746,0,7,8.262973266039543,2.3008600001048762,64.53174999842304,224.0901915564971
1789439997,50,,Aggregated,162.600000,0.000000,7,10,11,12,15,17,21,23,38,53,65,223905,0,7,8.263450552726828,2.3008600001048762,64.53174999842304,224.09097161742704
1789439998,50,,Aggregated,161.400000,0.000000,7,10,11,12,15,17,21,23,38,53,65,224073,0,7,8.262950764243353,2.3008600001048762,64.53174999842304,224.09298755316348
1789439999,50,,Aggregated,161.600000,0.000000,7,10,11,12,15,17,21,23,38,53,65,224242,0,7,8.262669812824035,2.3008600001048762,64.53174999842304,224.09405463740066
1789440000,50,,Aggregated,160.600000,0.000000,7,10,11,12,15,17,21,23,38,53,65,224413,0,7,8.26259777025091,2.3008600001048762,64.53174999842304,224.0933056462861
1789440001,50,,Aggregated,161.400000,0.000000,7,10,11,12,15,17,21,23,38,53,65,224574,0,7,8.26249961171513,2.3008600001048762,64.53174999842304,224.0916624364352
1789440002,50,,Aggregated,163.000000,0.000000,7,10,11,12,15,17,21,23,38,53,65,224733,0,7,8.262785682148804,2.3008600001048762,64.53174999842304,224.09209150414046
1789440003,50,,Aggregated,163.200000,0.000000,7,10,11,12,15,17,21,23,38,53,65,224895,0,7,8.262927943166073,2.3008600001048762,64.53174999842304,224.0897218702061
1789440004,50,,Aggregated,163.600000,0.000000,7,10,11,12,15,17,21,23,38,53,65,225048,0,7,8.263321886594651,2.3008600001048762,64.53174999842304,224.09043848423448
1789440005,50,,Aggregated,163.100000,0.000000,7,10,11,12,15,17,21,23,38,53,65,225209,0,7,8.26343336335284,2.3008600001048762,64.53174999842304,224.08995644046198
1789440006,50,,Aggregated,162.200000,0.000000,7,10,11,12,15,17,21,23,38,53,65,225356,0,7,8.263358720838553,2.3008600001048762,64.53174999842304,224.08893927829746
1789440007,50,,Aggregated,161.400000,0.000000,7,10,11,12,15,17,21,23,38,53,65,225527,0,7,8.265359991425708,2.3008600001048762,64.53174999842304,224.09051687824518
1789440008,50,,Aggregated,161.100000,0.000000,7,10,11,12,15,17,21,23,38,53,65,225676,0,7,8.265503662233707,2.3008600001048762,64.53174999842304,224.08946897321823
1789440009,50,,Aggregated,161.300000,0.000000,7,10,11,12,15,17,21,23,38,53,65,225835,0,7,8.266967423979017,2.3008600001048762,64.53174999842304,224.0878871742644
1789440010,50,,Aggregated,160.700000,0.000000,7,10,11,12,15,17,21,23,38,53,65,225995,0,7,8.267365685631487,2.3008600001048762,64.53174999842304,224.08998871656453
1789440011,50,,Aggregated,159.400000,0.000000,7,10,11,12,15,17,21,23,38,53,65,226160,0,7,8.267477656567365,2.3008600001048762,64.53174999842304,224.09112133003183
1789440012,50,,Aggregated,158.600000,0.000000,7,10,11,12,15,17,21,23,38,53,65,226326,0,7,8.266830239960258,2.3008600001048762,64.53174999842304,224.09138587700926
1789440013,50,,Aggregated,157.500000,0.000000,7,10,11,12,15,17,21,23,38,53,65,226487,0,7,8.266900981425987,2.3008600001048762,64.53174999842304,224.0909323713944
1789440014,50,,Aggregated,158.800000,0.000000,7,10,11,12,15,17,21,23,38,53,65,226647,0,7,8.266738192,2.3008600001048762,64.53174999842304,224.08863563162097
1789440015,50,,Aggregated,159.400000,0.000000,7,10,11,12,15,17,21,23,38,53,65,226811,0,7,8.26703444073817,2.3008600001048762,64.53174999842304,224.08845690905645
1789440016,50,,Aggregated,159.500000,0.000000,7,10,11,12,15,17,21,23,38,53,65,226975,0,7,8.266676195220946,2.3008600001048762,64.53174999842304,224.08894371626832
1789440017,50,,Aggregated,160.100000,0.000000,7,10,11,12,15,17,21,23,38,53,65,227142,0,7,8.268165011003155,2.3008600001048762,64.53174999842304,224.09107078391492
1789440018,50,,Aggregated,161.600000,0.000000,7,10,11,12,15,17,21,23,38,53,65,227301,0,7,8.26879131106457,2.3008600001048762,64.53174999842304,224.09409109506777
1789440019,50,,Aggregated,161.300000,0.000000,7,10,11,12,15,17,21,23,38,53,65,227463,0,7,8.269754441840169,2.3008600001048762,64.53174999842304,224.0925557123576
1789440020,50,,Aggregated,161.900000,0.000000,7,10,11,12,15,17,21,23,38,53,65,227619,0,7,8.270074126475826,2.3008600001048762,64.53174999842304,224.0911391404057
1789440021,50,,Aggregated,162.200000,0.000000,7,10,11,12,15,17,21,23,38,53,65,227789,0,7,8.26963462479011,2.3008600001048762,64.53174999842304,224.09295444468347
1789440022,50,,Aggregated,161.100000,0.000000,7,10,11,12,15,17,21,23,38,53,65,227941,0,7,8.269716846799438,2.3008600001048762,64.53174999842304,224.09330923352974
1789440023,50,,Aggregated,162.200000,0.000000,7,10,11,12,15,17,21,23,38,53,65,228102,0,7,8.269675295399905,2.3008600001048762,64.53174999842304,224.09256385301313
1789440024,50,,Aggregated,161.700000,0.000000,7,10,11,12,15,17,21,23,38,53,65,228262,0,7,8.270641483016432,2.3008600001048762,64.53174999842304,224.090264695832
1789440025,50,,Aggregated,160.400000,0.000000,7,10,11,12,15,17,21,23,38,53,65,228430,0,7,8.269888856149985,2.3008600001048762,64.53174999842304,224.09131462592478
1789440026,50,,Aggregated,161.400000,0.000000,7,10,11,12,15,17,21,23,38,53,65,228589,0,7,8.270319954071965,2.3008600001048762,64.53174999842304,224.09115924213327
1789440027,50,,Aggregated,160.800000,0.000000,7,10,11,12,15,17,21,23,38,53,65,228763,0,7,8.270114935624903,2.3008600001048762,64.53174999842304,224.091247273379
1789440028,50,,Aggregated,160.700000,0.000000,7,10,11,12,15,17,21,23,38,53,65,228933,0,7,8.269963254556428,2.3008600001048762,64.53174999842304,224.08889937230543
1789440029,50,,Aggregated,161.400000,0.000000,7,10,11,12,15,17,21,23,38,53,65,229094,0,7,8.269998849657261,2.3008600001048762,64.53174999842304,224.08908133779147
1789440030,50,,Aggregated,162.300000,0.000000,7,10,11,12,15,17,21,23,38,53,65,229246,0,7,8.26929933793122,2.3008600001048762,64.53174999842304,224.09094597070396
1789440031,50,,Aggregated,161.600000,0.000000,7,10,11,12,15,17,21,23,38,53,65,229412,0,7,8.26925726068559,2.3008600001048762,64.53174999842304,224.09038759960245
1789440032,50,,Aggregated,162.900000,0.000000,7,10,11,12,15,17,21,23,38,53,65,229562,0,7,8.269394234221727,2.3008600001048762,64.53174999842304,224.09160488234116
1789440033,50,,Aggregated,162.400000,0.000000,7,10,11,12,15,17,21,23,38,53,65,229745,0,7,8.268712309079287,2.3008600001048762,64.53174999842304,224.09150144725675
1789440034,50,,Aggregated,161.900000,0.000000,7,10,11,12,15,17,21,23,38,53,65,229910,0,7,8.267708365736269,2.3008600001048762,64.53174999842304,224.09184463485713
1789440035,50,,Aggregated,162.800000,0.000000,7,10,11,12,15,17,21,23,38,53,65,230076,0,7,8.267237759889783,2.3008600001048762,64.53174999842304,224.09228689650377
1789440036,50,,Aggregated,163.500000,0.000000,7,10,11,12,15,17,21,23,38,53,65,230231,0,7,8.267186370225456,2.3008600001048762,64.53174999842304,224.09242456489352
1789440037,50,,Aggregated,164.400000,0.000000,7,10,11,12,15,17,21,23,38,53,65,230396,0,7,8.266507807784823,2.3008600001048762,64.53174999842304,224.0929790447751
1789440038,50,,Aggregated,163.900000,0.000000,7,10,11,12,15,17,21,23,39,54,65,230551,0,7,8.268232771388526,2.3008600001048762,64.53174999842304,224.0934890761697
1789440039,50,,Aggregated,163.000000,0.000000,7,10,11,12,15,17,21,23,39,54,65,230723,0,7,8.267804655432643,2.3008600001048762,64.53174999842304,224.09295562210963
1789440040,50,,Aggregated,162.000000,0.000000,7,10,11,12,15,17,21,23,39,54,65,230885,0,7,8.267841480093479,2.3008600001048762,64.53174999842304,224.09290339346427
1789440041,50,,Aggregated,162.400000,0.000000,7,10,11,12,15,17,21,23,39,54,65,231045,0,7,8.267589906223375,2.3008600001048762,64.53174999842304,224.09447077409163
1789440042,50,,Aggregated,163.000000,0.000000,7,10,11,12,15,17,21,23,39,54,65,231215,0,7,8.26750331992465,2.3008600001048762,64.53174999842304,224.09309517116105
1789440043,50,,Aggregated,162.500000,0.000000,7,10,11,12,15,17,21,23,39,54,65,231381,0,7,8.267704110637402,2.3008600001048762,64.53174999842304,224.09482628219257
1789440044,50,,Aggregated,164.200000,0.000000,7,10,11,12,15,17,21,23,39,54,65,231547,0,7,8.267324978364599,2.3008600001048762,64.53174999842304,224.09399387597335
1789440045,50,,Aggregated,164.300000,0.000000,7,10,11,12,15,17,21,23,39,54,65,231706,0,7,8.268017866483259,2.3008600001048762,64.53174999842304,224.09396821834565
1789440046,50,,Aggregated,163.000000,0.000000,7,10,11,12,15,17,21,23,39,54,65,231857,0,7,8.267932845415038,2.3008600001048762,64.53174999842304,224.09329026080732
1789440047,50,,Aggregated,161.900000,0.000000,7,10,11,12,15,17,21,23,38,54,65,232023,0,7,8.267878201024908,2.3008600001048762,64.53174999842304,224.09326661580963
1789440048,50,,Aggregated,161.500000,0.000000,7,10,11,12,15,17,21,23,38,54,65,232178,0,7,8.267755538773622,2.3008600001048762,64.53174999842304,224.09371688962779
1789440049,50,,Aggregated,162.000000,0.000000,7,10,11,12,15,17,21,23,38,54,65,232351,0,7,8.267904391254609,2.3008600001048762,64.53174999842304,224.09473598133857
1789440050,50,,Aggregated,161.400000,0.000000,7,10,11,12,15,17,21,23,38,54,65,232502,0,7,8.2688541824689,2.3008600001048762,64.53174999842304,224.09584003578465
1789440051,50,,Aggregated,163.200000,0.000000,7,10,11,12,15,17,21,23,38,54,65,232665,0,7,8.26949609361684,2.3008600001048762,64.53174999842304,224.09602647583435
1789440052,50,,Aggregated,161.500000,0.000000,7,10,11,12,15,17,21,23,38,54,65,232837,0,7,8.26902378771568,2.3008600001048762,64.53174999842304,224.09577945086048
1789440053,50,,Aggregated,161.900000,0.000000,7,10,11,12,15,17,21,23,38,54,65,232991,0,7,8.269828950643339,2.3008600001048762,64.53174999842304,224.09731706374924
1789440054,50,,Aggregated,161.700000,0.000000,7,10,11,12,15,17,21,23,38,54,65,233156,0,7,8.268779815802983,2.3008600001048762,64.53174999842304,224.0958843006399
1789440055,50,,Aggregated,160.300000,0.000000,7,10,11,12,15,17,21,23,38,54,65,233314,0,7,8.268629946935812,2.3008600001048762,64.53174999842304,224.09291769889506
1789440056,50,,Aggregated,160.600000,0.000000,7,10,11,12,15,17,21,23,38,54,65,233485,0,7,8.268989402858292,2.3008600001048762,64.53174999842304,224.09435295629268
1789440057,50,,Aggregated,160.800000,0.000000,7,10,11,12,15,17,21,23,38,54,65,233660,0,7,8.269414997622057,2.3008600001048762,64.53174999842304,224.09160318411367
1789440058,50,,Aggregated,162.500000,0.000000,7,10,11,12,15,17,21,23,38,54,65,233823,0,7,8.268919879290655,2.3008600001048762,64.53174999842304,224.09139391762145
1789440059,50,,Aggregated,162.900000,0.000000,7,10,11,12,15,17,21,23,38,54,65,233988,0,7,8.268163475222682,2.3008600001048762,64.53174999842304,224.0917311998906
1789440060,50,,Aggregated,164.800000,0.000000,7,10,11,12,15,17,21,23,38,54,65,234153,0,7,8.268259002427545,2.3008600001048762,64.53174999842304,224.09164520633945
1789440061,50,,Aggregated,163.800000,0.000000,7,10,11,12,15,17,21,23,38,54,65,234316,0,7,8.268410812942339,2.3008600001048762,64.53174999842304,224.09005787056796
1789440062,50,,Aggregated,164.100000,0.000000,7,10,11,12,15,17,21,23,38,54,65,234475,0,7,8.268434656587715,2.3008600001048762,64.53174999842304,224.08986459110778
1789440063,50,,Aggregated,163.500000,0.000000,7,10,11,12,15,17,21,23,38,54,65,234645,0,7,8.26891467852038,2.3008600001048762,64.53174999842304,224.08988898122695
1789440064,50,,Aggregated,162.200000,0.000000,7,10,11,12,15,17,21,23,38,54,65,234803,0,7,8.268710127849285,2.3008600001048762,64.53174999842304,224.09156612138688
1789440065,50,,Aggregated,164.800000,0.000000,7,10,11,12,15,17,21,23,38,54,65,234966,0,7,8.267960303960448,2.3008600001048762,64.53174999842304,224.091728164926
1789440066,50,,Aggregated,164.000000,0.000000,7,10,11,12,15,17,21,23,38,54,65,235132,0,7,8.269055057488421,2.3008600001048762,64.53174999842304,224.09314767875065
1789440067,50,,Aggregated,165.100000,0.000000,7,10,11,12,15,17,21,23,38,54,65,235294,0,7,8.269568153231093,2.3008600001048762,64.53174999842304,224.09236529618263
1789440068,50,,Aggregated,164.400000,0.000000,7,10,11,12,15,17,21,23,38,54,65,235460,0,7,8.269536199500488,2.3008600001048762,64.53174999842304,224.09257198674933
1789440069,50,,Aggregated,163.600000,0.000000,7,10,11,12,15,17,21,23,38,54,65,235620,0,7,8.268816660832735,2.3008600001048762,64.53174999842304,224.09421526186233
1789440070,50,,Aggregated,162.800000,0.000000,7,10,11,12,15,17,21,23,38,54,65,235785,0,7,8.268703483611704,2.3008600001048762,64.53174999842304,224.09369976885722
1789440071,50,,Aggregated,161.900000,0.000000,7,10,11,12,15,17,21,23,38,54,65,235944,0,7,8.268492762551165,2.3008600001048762,64.53174999842304,224.0925643373004
1789440072,50,,Aggregated,162.800000,0.000000,7,10,11,12,15,17,21,23,38,54,65,236117,0,7,8.267997304160014,2.3008600001048762,64.53174999842304,224.09200946988145
1789440073,50,,Aggregated,164.100000,0.000000,7,10,11,12,15,17,21,23,38,54,65,236280,0,7,8.267988055694039,2.3008600001048762,64.53174999842304,224.09120534958524
1789440074,50,,Aggregated,164.400000,0.000000,7,10,11,12,15,17,21,23,38,54,65,236430,0,7,8.268663750536712,2.3008600001048762,64.53174999842304,224.09140971957873
1789440075,50,,Aggregated,162.800000,0.000000,7,10,11,12,15,17,21,23,38,54,65,236590,0,7,8.268885512136563,2.3008600001048762,64.53174999842304,224.09111120503826
1789440076,50,,Aggregated,162.400000,0.000000,7,10,11,12,15,17,21,23,38,54,65,236745,0,7,8.26829761602314,2.3008600001048762,64.53174999842304,224.0927749266088
1789440077,50,,Aggregated,161.500000,0.000000,7,10,11,12,15,17,21,23,38,54,65,236911,0,7,8.268422219332997,2.3008600001048762,64.53174999842304,224.0939171249963
1789440078,50,,Aggregated,160.600000,0.000000,7,10,11,12,15,17,21,23,38,54,65,237081,0,7,8.268323444638662,2.3008600001048762,64.53174999842304,224.09362201104264
1789440079,50,,Aggregated,161.400000,0.000000,7,10,11,12,15,17,21,23,38,54,65,237247,0,7,8.268628475527066,2.3008600001048762,64.53174999842304,224.09289053180862
1789440080,50,,Aggregated,161.600000,0.000000,7,10,11,12,15,17,21,23,38,54,65,237405,0,7,8.268133370410943,2.3008600001048762,64.53174999842304,224.09422716455003
1789440081,50,,Aggregated,162.300000,0.000000,7,10,11,12,15,17,21,23,38,54,65,237577,0,7,8.26763417237101,2.3008600001048762,64.53174999842304,224.09554796971088
1789440082,50,,Aggregated,161.600000,0.000000,7,10,11,12,15,17,21,23,38,54,65,237743,0,7,8.267515621079745,2.3008600001048762,64.53174999842304,224.0937861472262
1789440083,50,,Aggregated,162.100000,0.000000,7,10,11,12,15,17,21,23,38,54,65,237907,0,7,8.26750926972045,2.3008600001048762,64.53174999842304,224.0957727179108
1789440084,50,,Aggregated,162.900000,0.000000,7,10,11,12,15,17,21,23,38,54,65,238063,0,7,8.26724221125234,2.3008600001048762,64.53174999842304,224.09704153942442
1789440085,50,,Aggregated,162.900000,0.000000,7,10,11,12,15,17,21,23,38,54,65,238231,0,7,8.266822190463632,2.3008600001048762,64.53174999842304,224.09780003442037
1789440086,50,,Aggregated,163.200000,0.000000,7,10,11,12,15,17,21,23,38,54,65,238394,0,7,8.266520519372868,2.3008600001048762,64.53174999842304,224.09721721184258
1789440087,50,,Aggregated,163.700000,0.000000,7,10,11,12,15,17,21,23,38,54,65,238559,0,7,8.266269302886862,2.3008600001048762,64.53174999842304,224.09689846117732
1789440088,50,,Aggregated,164.200000,0.000000,7,10,11,12,15,17,21,23,39,57,77,238705,0,7,8.269636378129485,2.3008600001048762,76.90303599883919,224.0966213527157
1789440089,50,,Aggregated,163.800000,0.000000,7,10,11,12,15,17,21,23,42,65,87,238855,0,7,8.283580731642369,2.3008600001048762,87.07438200144679,224.09588243913672
1789440090,50,,Aggregated,162.800000,0.000000,7,10,11,12,15,18,21,24,43,70,90,239008,0,7,8.294926143315097,2.3008600001048762,90.12283099946217,224.09557420672112
1789440091,50,,Aggregated,160.400000,0.000000,7,10,11,12,15,18,21,24,44,75,98,239149,0,7,8.307847011124638,2.3008600001048762,98.23387099822867,224.09545095317145
1789440092,50,,Aggregated,159.200000,0.000000,7,10,11,12,15,18,21,24,44,75,98,239314,0,7,8.314712805876098,2.3008600001048762,98.23387099822867,224.09527232004814
1789440093,50,,Aggregated,157.500000,0.000000,7,10,11,12,15,18,21,24,45,75,98,239470,0,7,8.325863568724337,2.3008600001048762,98.23387099822867,224.09518937653985
1789440094,50,,Aggregated,155.600000,0.000000,7,10,11,12,15,18,21,24,45,75,98,239621,0,7,8.334433048661888,2.3008600001048762,98.23387099822867,224.09643979450883
1789440095,50,,Aggregated,155.600000,0.000000,7,10,11,12,15,18,21,24,49,140,210,239774,0,7,8.365812725927054,2.3008600001048762,213.36913200138952,224.09580688481654
1789440096,50,,Aggregated,155.600000,0.000000,7,10,11,12,15,18,21,24,49,140,210,239931,0,7,8.376564357813045,2.3008600001048762,213.36913200138952,224.09433128691165
1789440097,50,,Aggregated,154.500000,0.000000,7,10,11,12,15,18,21,24,50,130,210,240085,0,7,8.387182297225628,2.3008600001048762,213.36913200138952,224.09359601807694
1789440098,50,,Aggregated,152.800000,0.000000,7,10,11,12,15,18,21,24,50,130,210,240240,0,7,8.395402918079439,2.3008600001048762,213.36913200138952,224.0921287046287
1789440099,50,,Aggregated,153.200000,0.000000,7,10,11,12,15,18,21,25,50,130,210,240399,0,7,8.39944900149092,2.3008600001048762,213.36913200138952,224.09067425405263
1789440100,50,,Aggregated,152.500000,0.000000,7,10,11,12,15,18,21,25,53,380,530,240489,0,7,8.476149027046604,2.3008600001048762,533.6962019973726,224.09016628619187
1789440101,50,,Aggregated,153.800000,0.000000,7,10,11,12,15,18,21,25,53,380,530,240657,0,7,8.475270774552317,2.3008600001048762,533.6962019973726,224.08729436500911
1789440102,50,,Aggregated,147.600000,0.000000,7,10,11,12,15,18,21,25,53,380,530,240790,0,7,8.474640797647195,2.3008600001048762,533.6962019973726,224.08858341293242
1789440103,50,,Aggregated,149.700000,0.000000,7,10,11,12,15,18,21,25,59,420,530,240928,0,7,8.540219548074372,2.3008600001048762,533.6962019973726,224.08725013281978
1789440104,50,,Aggregated,149.100000,0.000000,7,10,11,12,15,18,21,25,59,420,530,241090,0,7,8.540176004377873,2.3008600001048762,533.6962019973726,224.0876892446804
1789440105,50,,Aggregated,144.100000,0.000000,7,10,11,12,15,18,21,25,59,420,530,241196,0,7,8.541188271896987,2.3008600001048762,533.6962019973726,224.08874110681768
1789440106,50,,Aggregated,145.400000,0.000000,7,10,11,12,15,18,22,25,71,460,530,241360,0,7,8.61615710683,2.3008600001048762,533.6962019973726,224.0891199867418
1789440107,50,,Aggregated,146.100000,0.000000,7,10,11,12,15,18,22,25,71,460,530,241524,0,7,8.615260013019334,2.3008600001048762,533.6962019973726,224.08820655504215
1789440108,50,,Aggregated,142.200000,0.000000,7,10,11,12,15,18,22,25,94,470,530,241634,0,7,8.691375708424587,2.3008600001048762,533.6962019973726,224.08785601364048
1789440109,50,,Aggregated,141.500000,0.000000,7,10,11,12,15,18,22,25,94,470,530,241788,0,7,8.691461170605935,2.3008600001048762,533.6962019973726,224.08712591195592
1789440110,50,,Aggregated,139.900000,0.000000,7,10,11,12,15,18,22,25,94,470,530,241952,0,7,8.691392499700179,2.3008600001048762,533.6962019973726,224.08906725300886
1789440111,50,,Aggregated,137.800000,0.000000,7,10,11,12,15,18,22,25,180,470,530,242074,0,7,8.734646970985889,2.3008600001048762,533.6962019973726,224.088584482431
1789440112,50,,Aggregated,145.400000,0.000000,7,10,11,12,15,18,22,25,180,470,530,242233,0,7,8.73361106057983,2.3008600001048762,533.6962019973726,224.08840661676982
1789440113,50,,Aggregated,139.800000,0.000000,7,10,11,12,15,18,22,25,190,470,530,242331,0,7,8.742421380918907,2.3008600001048762,533.6962019973726,224.0893571189819
1789440114,50,,Aggregated,140.900000,0.000000,7,10,11,12,15,18,22,25,220,470,530,242507,0,7,8.806210269981582,2.3008600001048762,533.6962019973726,224.08889227939812
1789440115,50,,Aggregated,145.800000,0.000000,7,10,11,12,15,18,22,25,220,470,530,242664,0,7,8.805931171794754,2.3008600001048762,533.6962019973726,224.08991857053374
1789440116,50,,Aggregated,139.200000,0.000000,7,10,11,12,15,18,22,25,220,470,530,242826,0,7,8.81219633942584,2.3008600001048762,533.6962019973726,224.08938499172245
1789440117,50,,Aggregated,139.800000,0.000000,7,10,11,12,15,18,22,25,220,470,530,242989,0,7,8.81171025937568,2.3008600001048762,533.6962019973726,224.0883743708563
1789440118,50,,Aggregated,145.900000,0.000000,7,10,11,12,15,18,22,25,220,470,530,243149,0,7,8.814684915715965,2.3008600001048762,533.6962019973726,224.0881105824001
1789440119,50,,Aggregated,144.600000,0.000000,7,10,11,12,15,18,22,25,220,470,530,243305,0,7,8.815338651977692,2.3008600001048762,533.6962019973726,224.08864593822568
1789440120,50,,Aggregated,146.800000,0.000000,7,10,11,12,15,18,22,25,220,470,530,243459,0,7,8.8228366423769,2.3008600001048762,533.6962019973726,224.0886761220575
1789440121,50,,Aggregated,150.300000,0.000000,7,10,11,12,15,18,22,25,220,470,530,243611,0,7,8.82221111393752,2.3008600001048762,533.6962019973726,224.08821440739538
1789440122,50,,Aggregated,149.800000,0.000000,7,10,11,12,15,18,22,25,220,470,530,243774,0,7,8.822272059191931,2.3008600001048762,533.6962019973726,224.0862397138333
1789440123,50,,Aggregated,153.100000,0.000000,7,10,11,12,15,18,22,26,220,470,530,243931,0,7,8.827888195368455,2.3008600001048762,533.6962019973726,224.08423693585482
1789440124,50,,Aggregated,153.000000,0.000000,7,10,11,12,15,18,22,26,220,470,530,244087,0,7,8.827750664568033,2.3008600001048762,533.6962019973726,224.08496970342543
1789440125,50,,Aggregated,152.700000,0.000000,7,10,11,12,15,18,22,26,220,470,530,244243,0,7,8.831956314962685,2.3008600001048762,533.6962019973726,224.0850873924739
1789440126,50,,Aggregated,158.600000,0.000000,7,10,11,12,15,18,22,26,220,470,530,244411,0,7,8.831161145289828,2.3008600001048762,533.6962019973726,224.08376055087538
1789440127,50,,Aggregated,156.800000,0.000000,7,10,11,12,15,18,22,26,220,470,530,244565,0,7,8.837019249690027,2.3008600001048762,533.6962019973726,224.08482407539918
1789440128,50,,Aggregated,157.200000,0.000000,7,10,11,12,15,18,22,26,220,470,530,244734,0,7,8.837060969728125,2.3008600001048762,533.6962019973726,224.08447947567564
1789440129,50,,Aggregated,158.400000,0.000000,7,10,11,12,15,18,22,26,220,470,530,244893,0,7,8.83918743900165,2.3008600001048762,533.6962019973726,224.0854822310152
1789440130,50,,Aggregated,159.000000,0.000000,7,10,11,12,15,18,22,26,220,470,530,245062,0,7,8.83908123330604,2.3008600001048762,533.6962019973726,224.08315854763285
1789440131,50,,Aggregated,158.800000,0.000000,7,10,11,12,15,18,22,26,220,470,530,245219,0,7,8.841937223952582,2.3008600001048762,533.6962019973726,224.0831134618443
1789440132,50,,Aggregated,159.000000,0.000000,7,10,11,12,15,18,22,26,220,470,530,245395,0,7,8.841303619835152,2.3008600001048762,533.6962019973726,224.08300495120113
1789440133,50,,Aggregated,160.000000,0.000000,7,10,11,12,15,18,22,26,220,470,530,245561,0,7,8.839970586984226,2.3008600001048762,533.6962019973726,224.08327462422778
1789440134,50,,Aggregated,160.900000,0.000000,7,10,11,12,15,18,22,26,220,470,530,245721,0,7,8.850557521715604,2.3008600001048762,533.6962019973726,224.08150707509736
1789440135,50,,Aggregated,161.700000,0.000000,7,10,11,12,15,18,22,26,220,470,530,245875,0,7,8.850077939918622,2.3008600001048762,533.6962019973726,224.0811347229283
1789440136,50,,Aggregated,161.900000,0.000000,7,10,11,12,15,18,22,26,220,470,530,246041,0,7,8.850255291518367,2.3008600001048762,533.6962019973726,224.08043374884673
1789440137,50,,Aggregated,163.400000,0.000000,7,10,11,12,15,18,22,26,220,470,530,246205,0,7,8.849044412117896,2.3008600001048762,533.6962019973726,224.080814768181
1789440138,50,,Aggregated,161.900000,0.000000,7,10,11,12,15,18,22,26,220,470,530,246364,0,7,8.85374027257031,2.3008600001048762,533.6962019973726,224.07988991898168
1789440139,50,,Aggregated,162.900000,0.000000,7,10,11,12,15,18,22,26,220,470,530,246511,0,7,8.853957679067218,2.3008600001048762,533.6962019973726,224.0784346337486
1789440140,50,,Aggregated,162.000000,0.000000,7,10,11,12,15,18,22,26,220,470,530,246691,0,7,8.857159601025442,2.3008600001048762,533.6962019973726,224.07868548102687
1789440141,50,,Aggregated,161.800000,0.000000,7,10,11,12,15,18,22,26,220,470,530,246863,0,7,8.85652557287066,2.3008600001048762,533.6962019973726,224.07887370727894
1789440142,50,,Aggregated,161.800000,0.000000,7,10,11,12,15,18,22,26,220,470,530,247028,0,7,8.863659861495746,2.3008600001048762,533.6962019973726,224.0795780235439
1789440143,50,,Aggregated,162.000000,0.000000,7,10,11,12,15,18,22,26,220,470,530,247193,0,7,8.864348797804046,2.3008600001048762,533.6962019973726,224.08021667280224
1789440144,50,,Aggregated,162.800000,0.000000,7,10,11,12,15,18,22,26,220,470,530,247355,0,7,8.864366191298286,2.3008600001048762,533.6962019973726,224.07901194639282
1789440145,50,,Aggregated,163.400000,0.000000,7,10,11,12,15,18,22,26,220,470,530,247517,0,7,8.86437240523105,2.3008600001048762,533.6962019973726,224.07961069340692
1789440146,50,,Aggregated,163.000000,0.000000,7,10,11,12,15,18,22,26,220,470,530,247682,0,7,8.864068942840229,2.3008600001048762,533.6962019973726,224.0790126048724
1789440147,50,,Aggregated,163.600000,0.000000,7,10,11,12,15,18,22,26,220,470,530,247843,0,7,8.867684642820306,2.3008600001048762,533.6962019973726,224.07881198984842
1789440148,50,,Aggregated,163.500000,0.000000,7,10,11,12,15,18,22,26,220,470,530,248004,0,7,8.86736008038772,2.3008600001048762,533.6962019973726,224.07972048837922
1789440149,50,,Aggregated,163.200000,0.000000,7,10,11,12,15,18,22,26,220,470,530,248159,0,7,8.872659340610191,2.3008600001048762,533.6962019973726,224.0805652827421
1789440150,50,,Aggregated,163.500000,0.000000,7,10,11,12,15,18,22,26,220,470,530,248315,0,7,8.87205529222353,2.3008600001048762,533.6962019973726,224.0808972474478
1789440151,50,,Aggregated,163.200000,0.000000,7,10,11,12,15,18,22,26,220,470,530,248474,0,7,8.872070129303046,2.3008600001048762,533.6962019973726,224.08092999669987
1789440152,50,,Aggregated,162.700000,0.000000,7,10,11,12,15,18,22,26,220,470,530,248635,0,7,8.874713910798704,2.3008600001048762,533.6962019973726,224.08026223178555
1789440153,50,,Aggregated,162.200000,0.000000,7,10,11,12,15,18,22,26,220,470,530,248801,0,7,8.874092330100934,2.3008600001048762,533.6962019973726,224.07991527365243
1789440154,50,,Aggregated,160.900000,0.000000,7,10,11,12,15,18,22,26,220,470,530,248948,0,7,8.877606140910764,2.3008600001048762,533.6962019973726,224.0802818259235
1789440155,50,,Aggregated,159.300000,0.000000,7,10,11,12,15,18,22,26,220,470,530,249118,0,7,8.877609148357326,2.3008600001048762,533.6962019973726,224.08061240054914
1789440156,50,,Aggregated,160.500000,0.000000,7,10,11,12,15,18,22,26,220,470,530,249273,0,7,8.883346424384067,2.3008600001048762,533.6962019973726,224.07886534040992
1789440157,50,,Aggregated,158.300000,0.000000,7,10,11,12,15,18,22,26,220,470,530,249430,0,7,8.88240197795564,2.3008600001048762,533.6962019973726,224.07983402156918
1789440158,50,,Aggregated,158.700000,0.000000,7,10,11,12,15,18,22,26,220,470,530,249590,0,7,8.886252591908695,2.3008600001048762,533.6962019973726,224.07941023278175
1789440159,50,,Aggregated,158.100000,0.000000,7,10,11,12,15,18,22,26,220,470,530,249758,0,7,8.885947381727311,2.3008600001048762,533.6962019973726,224.07906453446935
1789440160,50,,Aggregated,158.600000,0.000000,7,10,11,12,15,18,22,26,220,470,530,249917,0,7,8.88754166115322,2.3008600001048762,533.6962019973726,224.07966244793272
1789440161,50,,Aggregated,158.400000,0.000000,7,10,11,12,15,18,22,26,220,470,530,250078,0,7,8.887550968459571,2.3008600001048762,533.6962019973726,224.0807588032534
1789440162,50,,Aggregated,160.200000,0.000000,7,10,11,12,15,18,22,26,220,470,530,250229,0,7,8.887239609303604,2.3008600001048762,533.6962019973726,224.08181305923773
1789440163,50,,Aggregated,159.000000,0.000000,7,10,11,12,15,18,22,26,220,470,530,250401,0,7,8.892797762630577,2.3008600001048762,533.6962019973726,224.08229999081473
1789440164,50,,Aggregated,159.900000,0.000000,7,10,11,12,15,18,22,26,220,470,530,250557,0,7,8.892012327320616,2.3008600001048762,533.6962019973726,224.08394097949767
1789440165,50,,Aggregated,160.000000,0.000000,7,10,11,12,15,18,22,27,220,470,530,250724,0,7,8.89293220072053,2.3008600001048762,533.6962019973726,224.0855362869131
1789440166,50,,Aggregated,159.300000,0.000000,7,10,11,12,15,18,22,27,220,470,530,250879,0,7,8.893639362818137,2.3008600001048762,533.6962019973726,224.08523232315179
1789440167,50,,Aggregated,159.500000,0.000000,7,10,11,12,15,18,22,27,220,470,530,251037,0,7,8.897023560568702,2.3008600001048762,533.6962019973726,224.08644144090314
1789440168,50,,Aggregated,160.100000,0.000000,7,10,11,12,15,18,22,27,220,470,530,251209,0,7,8.897425241314954,2.3008600001048762,533.6962019973726,224.08587271952837
1789440169,50,,Aggregated,159.400000,0.000000,7,10,11,12,15,18,22,27,220,470,530,251362,0,7,8.901403633100804,2.3008600001048762,533.6962019973726,224.08487360858047
1789440170,50,,Aggregated,159.500000,0.000000,7,10,11,12,15,18,22,27,220,470,530,251525,0,7,8.901483461558497,2.3008600001048762,533.6962019973726,224.0851843753106
1789440171,50,,Aggregated,160.300000,0.000000,7,10,11,12,15,18,22,27,220,470,530,251686,0,7,8.906750543278292,2.3008600001048762,533.6962019973726,224.08576559681507
1789440172,50,,Aggregated,158.800000,0.000000,7,10,11,12,15,18,22,27,220,470,530,251833,0,7,8.905884260901246,2.3008600001048762,533.6962019973726,224.08543757172413
1789440173,50,,Aggregated,161.000000,0.000000,7,10,11,12,15,18,22,27,220,470,530,251998,0,7,8.906017585129815,2.3008600001048762,533.6962019973726,224.08470305319884
1789440174,50,,Aggregated,158.700000,0.000000,7,10,11,12,15,18,22,27,210,470,530,252149,0,7,8.912541288081817,2.3008600001048762,533.6962019973726,224.08461266949303
1789440175,50,,Aggregated,158.900000,0.000000,7,10,11,12,15,18,22,27,210,470,530,252312,0,7,8.912644474276048,2.3008600001048762,533.6962019973726,224.08476013824153
1789440176,50,,Aggregated,157.200000,0.000000,7,10,11,12,15,18,22,27,210,470,530,252473,0,7,8.914761487788988,2.3008600001048762,533.6962019973726,224.08602900112092
1789440177,50,,Aggregated,157.800000,0.000000,7,10,11,12,15,18,22,27,210,470,530,252639,0,7,8.913956969147886,2.3008600001048762,533.6962019973726,224.087500346344
1789440178,50,,Aggregated,158.700000,0.000000,7,10,11,12,15,18,22,27,210,470,530,252788,0,7,8.920633938761235,2.3008600001048762,533.6962019973726,224.08750415367817
1789440179,50,,Aggregated,158.800000,0.000000,7,10,11,12,15,18,22,27,210,470,530,252949,0,7,8.920704354544092,2.3008600001048762,533.6962019973726,224.08534526722778
1789440180,50,,Aggregated,158.300000,0.000000,7,10,11,12,15,18,22,27,210,470,530,253118,0,7,8.920131393632841,2.3008600001048762,533.6962019973726,224.08465616826933
1789440181,50,,Aggregated,157.400000,0.000000,7,10,11,12,15,18,22,27,210,470,530,253290,0,7,8.921465983898244,2.3008600001048762,533.6962019973726,224.08531327727113
1789440182,50,,Aggregated,158.600000,0.000000,7,10,11,12,15,18,22,27,210,470,530,253455,0,7,8.920674531445716,2.3008600001048762,533.6962019973726,224.0866938904342
1789440183,50,,Aggregated,158.400000,0.000000,7,10,11,12,15,18,22,27,210,470,530,253604,0,7,8.930493641435369,2.3008600001048762,533.6962019973726,224.08917840412613
1789440184,50,,Aggregated,160.000000,0.000000,7,10,11,12,15,18,22,27,210,470,530,253781,0,7,8.930058098559703,2.3008600001048762,533.6962019973726,224.0864682541246
1789440185,50,,Aggregated,159.200000,0.000000,7,10,11,12,15,18,22,27,210,470,530,253938,0,7,8.937678096935416,2.3008600001048762,533.6962019973726,224.08632815884192
1789440186,50,,Aggregated,161.900000,0.000000,7,10,11,12,15,18,22,27,210,470,530,254104,0,7,8.937069969601412,2.3008600001048762,533.6962019973726,224.08565784088404
1789440187,50,,Aggregated,162.300000,0.000000,7,10,11,12,15,18,22,27,210,470,530,254261,0,7,8.936797864436944,2.3008600001048762,533.6962019973726,224.08557741847943
1789440188,50,,Aggregated,161.400000,0.000000,7,10,11,12,15,18,22,27,210,470,530,254415,0,7,8.9367970603958,2.3008600001048762,533.6962019973726,224.08629601242066
1789440189,50,,Aggregated,162.100000,0.000000,7,10,11,12,15,18,22,27,210,470,530,254568,0,7,8.94120183211799,2.3008600001048762,533.6962019973726,224.0865937588385
1789440190,50,,Aggregated,161.400000,0.000000,7,10,11,12,15,18,22,27,210,470,530,254738,0,7,8.940619452239716,2.3008600001048762,533.6962019973726,224.0869442328981
1789440191,50,,Aggregated,162.300000,0.000000,7,10,11,12,15,18,22,27,210,470,530,254897,0,7,8.941743369846082,2.3008600001048762,533.6962019973726,224.08695276915773
1789440192,50,,Aggregated,160.500000,0.000000,7,10,11,12,15,18,22,27,210,470,530,255061,0,7,8.942961000429955,2.3008600001048762,533.6962019973726,224.08609705129362
1789440193,50,,Aggregated,160.900000,0.000000,7,10,11,12,15,18,22,27,210,470,530,255234,0,7,8.9420346831875,2.3008600001048762,533.6962019973726,224.08555286521388
1789440194,50,,Aggregated,161.300000,0.000000,7,10,11,12,15,18,22,27,210,470,530,255396,0,7,8.949421132064337,2.3008600001048762,533.6962019973726,224.08400288179925
1789440195,50,,Aggregated,161.100000,0.000000,7,10,11,12,15,18,22,27,210,470,530,255556,0,7,8.949246907893777,2.3008600001048762,533.6962019973726,224.08285855155034
1789440196,50,,Aggregated,161.300000,0.000000,7,10,11,12,15,18,22,27,210,470,530,255710,0,7,8.956755396150744,2.3008600001048762,533.6962019973726,224.0819600328497
1789440197,50,,Aggregated,161.700000,0.000000,7,10,11,12,15,18,22,27,210,470,530,255865,0,7,8.957145495432027,2.3008600001048762,533.6962019973726,224.0791628397788
1789440198,50,,Aggregated,160.900000,0.000000,7,10,11,12,15,18,22,28,210,470,530,256026,0,7,8.960091709215918,2.3008600001048762,533.6962019973726,224.07778116285064
1789440199,50,,Aggregated,160.700000,0.000000,7,10,11,12,15,18,22,28,210,470,530,256198,0,7,8.959411062107076,2.3008600001048762,533.6962019973726,224.076745329784
1789440200,50,,Aggregated,161.400000,0.000000,7,10,11,12,15,18,22,28,210,470,530,256353,0,7,8.96070855144548,2.3008600001048762,533.6962019973726,224.07808373609828
1789440201,50,,Aggregated,160.200000,0.000000,7,10,11,12,15,18,22,28,210,470,530,256516,0,7,8.960742977567477,2.3008600001048762,533.6962019973726,224.0778430975066
1789440202,50,,Aggregated,162.200000,0.000000,8,10,11,12,15,18,22,28,210,470,530,256672,0,8,8.966911078476434,2.3008600001048762,533.6962019973726,224.07800617130033
1789440203,50,,Aggregated,160.500000,0.000000,8,10,11,12,15,18,22,28,210,470,530,256833,0,8,8.966504216291101,2.3008600001048762,533.6962019973726,224.08030899456068
1789440204,50,,Aggregated,160.500000,0.000000,8,10,11,12,15,18,22,28,210,470,530,256991,0,8,8.966087029007541,2.3008600001048762,533.6962019973726,224.07936853819783
1789440205,50,,Aggregated,160.500000,0.000000,8,10,11,12,15,18,22,28,210,470,530,257153,0,8,8.971454500000634,2.3008600001048762,533.6962019973726,224.08069126162246
1789440206,50,,Aggregated,159.800000,0.000000,8,10,11,12,15,18,22,28,210,470,530,257309,0,8,8.970898196870936,2.3008600001048762,533.6962019973726,224.08282648488782
1789440207,50,,Aggregated,158.800000,0.000000,8,10,11,12,15,18,22,28,210,470,530,257475,0,8,8.97298739289895,2.3008600001048762,533.6962019973726,224.08234974269345
1789440208,50,,Aggregated,159.100000,0.000000,8,10,11,12,15,18,22,28,210,470,530,257641,0,8,8.972633616740668,2.3008600001048762,533.6962019973726,224.0824286507194
1789440209,50,,Aggregated,159.500000,0.000000,8,10,11,12,15,18,22,28,210,470,530,257792,0,8,8.974958496550345,2.3008600001048762,533.6962019973726,224.08131749627606
1789440210,50,,Aggregated,159.700000,0.000000,8,10,11,12,15,18,22,28,210,470,530,257963,0,8,8.973243917029635,2.3008600001048762,533.6962019973726,224.07978663606795
1789440211,50,,Aggregated,160.500000,0.000000,8,10,11,12,15,18,22,28,210,470,530,258120,0,8,8.976877164096928,2.3008600001048762,533.6962019973726,224.08042383387573
1789440212,50,,Aggregated,159.000000,0.000000,8,10,11,12,15,18,22,28,210,470,530,258279,0,8,8.976481517799282,2.3008600001048762,533.6962019973726,224.07783443485533
1789440213,50,,Aggregated,160.600000,0.000000,8,10,11,12,15,18,22,28,210,470,530,258443,0,8,8.976553114774537,2.3008600001048762,533.6962019973726,224.07827257847958
1789440214,50,,Aggregated,159.100000,0.000000,8,10,11,12,15,18,22,28,210,470,530,258608,0,8,8.976108428349761,2.3008600001048762,533.6962019973726,224.07965337499226
1789440215,50,,Aggregated,160.500000,0.000000,8,10,11,12,15,18,22,28,210,470,530,258766,0,8,8.981727479934383,2.3008600001048762,533.6962019973726,224.08154858057085
1789440216,50,,Aggregated,159.800000,0.000000,8,10,11,12,15,18,22,28,210,470,530,258927,0,8,8.981209739160837,2.3008600001048762,533.6962019973726,224.08282643370526
1789440218,50,,Aggregated,160.900000,0.000000,8,10,11,12,15,18,22,28,210,470,530,259085,0,8,8.982770078007988,2.3008600001048762,533.6962019973726,224.08105062045274
1789440219,50,,Aggregated,160.800000,0.000000,8,10,11,12,15,18,22,28,210,470,530,259250,0,8,8.983603879836927,2.3008600001048762,533.6962019973726,224.08066345226615
1789440220,50,,Aggregated,160.400000,0.000000,8,10,11,12,15,18,22,28,210,470,530,259414,0,8,8.985064809407609,2.3008600001048762,533.6962019973726,224.08049295720355
1789440221,50,,Aggregated,160.800000,0.000000,8,10,11,12,15,18,22,28,210,470,530,259584,0,8,8.984699970439861,2.3008600001048762,533.6962019973726,224.08188871425048
1789440222,50,,Aggregated,161.200000,0.000000,8,10,11,12,15,18,22,28,210,470,530,259734,0,8,8.984608105017623,2.3008600001048762,533.6962019973726,224.08140636189333
1789440223,50,,Aggregated,161.200000,0.000000,8,10,11,12,15,18,22,28,210,470,530,259900,0,8,8.989853010764422,2.3008600001048762,533.6962019973726,224.08265101962294
1789440224,50,,Aggregated,161.300000,0.000000,8,10,11,12,15,18,22,28,210,470,530,260055,0,8,8.990182968140205,2.3008600001048762,533.6962019973726,224.08379765818768
1789440225,50,,Aggregated,161.900000,0.000000,8,10,11,12,15,18,22,28,210,470,530,260211,0,8,8.999655960284944,2.3008600001048762,533.6962019973726,224.08548831525187
1789440226,50,,Aggregated,161.100000,0.000000,8,10,11,12,15,18,22,28,210,470,530,260374,0,8,8.998581110539801,2.3008600001048762,533.6962019973726,224.0861798797115
1789440227,50,,Aggregated,159.500000,0.000000,8,10,11,12,15,18,23,28,210,470,530,260536,0,8,9.000330801734382,2.3008600001048762,533.6962019973726,224.0850554242024
1789440228,50,,Aggregated,160.300000,0.000000,8,10,11,12,15,18,23,28,210,470,530,260691,0,8,8.999344553738572,2.3008600001048762,533.6962019973726,224.08373515004354
1789440229,50,,Aggregated,159.900000,0.000000,8,10,11,12,15,18,23,28,210,470,530,260850,0,8,9.002100872837586,2.3008600001048762,533.6962019973726,224.0847690243435
1789440230,50,,Aggregated,159.400000,0.000000,8,10,11,12,15,18,23,28,210,470,530,261002,0,8,9.001871354425237,2.3008600001048762,533.6962019973726,224.08568516716346
1789440231,50,,Aggregated,158.400000,0.000000,8,10,11,12,15,18,23,28,210,470,530,261151,0,8,9.001593582512449,2.3008600001048762,533.6962019973726,224.0835761685768
1789440232,50,,Aggregated,158.800000,0.000000,8,10,11,12,15,18,23,29,210,470,530,261301,0,8,9.005532714129327,2.3008600001048762,533.6962019973726,224.0822346642378
1789440233,50,,Aggregated,156.300000,0.000000,8,10,11,12,15,18,23,29,210,470,530,261458,0,8,9.005846550324348,2.3008600001048762,533.6962019973726,224.08312998646053
1789440234,50,,Aggregated,156.100000,0.000000,8,10,11,12,15,18,23,29,210,470,530,261622,0,8,9.013790444506476,2.3008600001048762,533.6962019973726,224.08108645297415
1789440235,50,,Aggregated,155.400000,0.000000,8,10,11,12,15,18,23,29,210,470,530,261788,0,8,9.013214229963452,2.3008600001048762,533.6962019973726,224.08081730255014
1789440236,50,,Aggregated,155.700000,0.000000,8,10,11,12,15,18,23,29,210,470,530,261954,0,8,9.01766260211977,2.3008600001048762,533.6962019973726,224.0799796910908
1789440237,50,,Aggregated,157.400000,0.000000,8,10,11,12,15,18,23,29,210,470,530,262115,0,8,9.017504030077196,2.3008600001048762,533.6962019973726,224.08017854758407
1789440238,50,,Aggregated,157.300000,0.000000,8,10,11,12,15,18,23,29,210,470,530,262282,0,8,9.017664397605154,2.3008600001048762,533.6962019973726,224.08098535164442
1789440239,50,,Aggregated,157.900000,0.000000,8,10,11,12,15,18,23,29,210,470,530,262439,0,8,9.01901629662386,2.3008600001048762,533.6962019973726,224.0799995427509
1789440240,50,,Aggregated,159.400000,0.000000,8,10,11,12,15,18,23,29,210,470,530,262604,0,8,9.01836456479975,2.3008600001048762,533.6962019973726,224.0811754581042
1789440241,50,,Aggregated,159.000000,0.000000,8,10,11,12,15,18,23,29,210,470,530,262756,0,8,9.02415314006406,2.3008600001048762,533.6962019973726,224.07722373608976
1789440242,50,,Aggregated,159.100000,0.000000,8,10,11,12,15,18,23,29,210,470,530,262917,0,8,9.023685169109012,2.3008600001048762,533.6962019973726,224.0754915049236
1789440243,50,,Aggregated,159.800000,0.000000,8,10,11,12,15,18,23,29,210,470,530,263065,0,8,9.02846414022623,2.3008600001048762,533.6962019973726,224.07652481325908
1789440244,50,,Aggregated,160.600000,0.000000,8,10,11,12,15,18,23,29,210,470,530,263230,0,8,9.028145964216135,2.3008600001048762,533.6962019973726,224.0766781901759
1789440245,50,,Aggregated,159.700000,0.000000,8,10,11,12,15,18,23,29,210,470,530,263380,0,8,9.033290730976619,2.3008600001048762,533.6962019973726,224.0755296529729
1789440246,50,,Aggregated,160.200000,0.000000,8,10,11,12,15,18,23,29,210,470,530,263538,0,8,9.033515589469655,2.3008600001048762,533.6962019973726,224.07716913689868
1789440247,50,,Aggregated,159.300000,0.000000,8,10,11,12,15,18,23,29,210,470,530,263709,0,8,9.034342381385006,2.3008600001048762,533.6962019973726,224.07862075242028
1789440248,50,,Aggregated,158.300000,0.000000,8,10,11,12,15,18,23,29,210,470,530,263870,0,8,9.033804655935354,2.3008600001048762,533.6962019973726,224.08054344942585
1789440249,50,,Aggregated,158.500000,0.000000,8,10,11,12,15,18,23,29,210,470,530,264043,0,8,9.03317202427517,2.3008600001048762,533.6962019973726,224.08076714777516
1789440250,50,,Aggregated,157.400000,0.000000,8,10,11,12,15,18,23,29,210,470,530,264202,0,8,9.034795111720314,2.3008600001048762,533.6962019973726,224.0804611622925
1789440251,50,,Aggregated,159.600000,0.000000,8,10,11,12,15,18,23,29,210,470,530,264365,0,8,9.034590709166181,2.3008600001048762,533.6962019973726,224.07988198135155
1789440252,50,,Aggregated,158.900000,0.000000,8,10,11,12,15,18,23,29,210,470,530,264511,0,8,9.049696972707011,2.3008600001048762,533.6962019973726,224.0791536079785
1789440253,50,,Aggregated,160.000000,0.000000,8,10,11,12,15,18,23,29,210,470,530,264677,0,8,9.049013425687457,2.3008600001048762,533.6962019973726,224.08089860471443
1789440254,50,,Aggregated,159.500000,0.000000,8,10,11,12,15,18,23,29,210,470,530,264834,0,8,9.050927862769484,2.3008600001048762,533.6962019973726,224.08180973742043
1789440255,50,,Aggregated,160.300000,0.000000,8,10,11,12,15,18,23,29,210,470,530,264990,0,8,9.051152223860079,2.3008600001048762,533.6962019973726,224.08162194799803
1789440256,50,,Aggregated,158.700000,0.000000,8,10,11,12,15,18,23,29,210,470,530,265151,0,8,9.051652346209101,2.3008600001048762,533.6962019973726,224.0826359319784
1789440257,50,,Aggregated,160.000000,0.000000,8,10,11,12,15,18,23,29,210,470,530,265322,0,8,9.052858675193525,2.3008600001048762,533.6962019973726,224.08164795983748
1789440258,50,,Aggregated,160.800000,0.000000,8,10,11,12,15,18,23,29,210,470,530,265480,0,8,9.052725189124203,2.3008600001048762,533.6962019973726,224.08005499472654
1789440259,50,,Aggregated,159.700000,0.000000,8,10,11,12,15,18,23,29,210,470,530,265625,0,8,9.057560989367333,2.3008600001048762,533.6962019973726,224.0804216470588
1789440260,50,,Aggregated,159.700000,0.000000,8,10,11,12,15,18,23,29,210,470,530,265785,0,8,9.056878526010438,2.3008600001048762,533.6962019973726,224.07948153582782
1789440261,50,,Aggregated,158.300000,0.000000,8,10,11,12,15,18,23,30,210,470,530,265943,0,8,9.062489867301128,2.3008600001048762,533.6962019973726,224.08065262105038
1789440262,50,,Aggregated,157.600000,0.000000,8,10,11,12,15,18,23,30,210,470,530,266115,0,8,9.062207730006268,2.3008600001048762,533.6962019973726,224.08105142513574
1789440263,50,,Aggregated,156.700000,0.000000,8,10,11,12,15,18,23,30,210,470,530,266273,0,8,9.062828253201133,2.3008600001048762,533.6962019973726,224.08064655447603
1789440264,50,,Aggregated,158.300000,0.000000,8,10,11,12,15,18,23,30,210,470,530,266430,0,8,9.06645212507463,2.3008600001048762,533.6962019973726,224.08168749765417
1789440265,50,,Aggregated,158.800000,0.000000,8,10,11,12,15,18,23,30,210,470,530,266585,0,8,9.0659655828372,2.3008600001048762,533.6962019973726,224.08327550312282
1789440266,50,,Aggregated,160.100000,0.000000,8,10,11,12,15,18,23,30,210,470,530,266750,0,8,9.067153899957377,2.3008600001048762,533.6962019973726,224.08409372071227
1789440267,50,,Aggregated,159.500000,0.000000,8,10,11,12,15,18,23,30,210,470,530,266914,0,8,9.066228269733527,2.3008600001048762,533.6962019973726,224.08377979424085
1789440268,50,,Aggregated,158.500000,0.000000,8,10,11,12,15,18,23,30,210,470,530,267070,0,8,9.068229114107323,2.3008600001048762,533.6962019973726,224.08411277942113
1789440269,50,,Aggregated,159.400000,0.000000,8,10,11,12,15,18,23,30,210,470,530,267234,0,8,9.067174538556644,2.3008600001048762,533.6962019973726,224.08418464716317
1789440270,50,,Aggregated,159.600000,0.000000,8,10,11,12,15,18,23,30,210,470,530,267389,0,8,9.070381457444592,2.3008600001048762,533.6962019973726,224.0837543803223
1789440271,50,,Aggregated,159.800000,0.000000,8,10,11,12,15,18,23,30,210,470,530,267551,0,8,9.06951657380707,2.3008600001048762,533.6962019973726,224.08382327107728
1789440272,50,,Aggregated,160.600000,0.000000,8,10,11,12,15,18,23,30,210,470,530,267717,0,8,9.069757282207213,2.3008600001048762,533.6962019973726,224.08334547301814
1789440273,50,,Aggregated,160.400000,0.000000,8,10,11,12,15,18,23,30,210,470,530,267877,0,8,9.068656841235551,2.3008600001048762,533.6962019973726,224.082590143984
1789440274,50,,Aggregated,160.600000,0.000000,8,10,11,12,15,18,23,30,210,470,530,268037,0,8,9.072504223381934,2.3008600001048762,533.6962019973726,224.0832235848036
1789440275,50,,Aggregated,160.400000,0.000000,8,10,11,12,15,18,23,30,210,470,530,268206,0,8,9.072261711291324,2.3008600001048762,533.6962019973726,224.08360364794225
1789440276,50,,Aggregated,160.100000,0.000000,8,10,11,12,15,18,23,30,210,470,530,268358,0,8,9.072948713910534,2.3008600001048762,533.6962019973726,224.08231168811812
1789440277,50,,Aggregated,159.600000,0.000000,8,10,11,12,15,18,23,30,210,470,530,268522,0,8,9.076462714632761,2.3008600001048762,533.6962019973726,224.08404525513737
1789440278,50,,Aggregated,160.500000,0.000000,8,10,11,12,15,18,23,30,210,470,530,268682,0,8,9.075598234301555,2.3008600001048762,533.6962019973726,224.08566260486373
1789440279,50,,Aggregated,159.500000,0.000000,8,10,11,12,15,18,23,30,210,470,530,268839,0,8,9.080274271376501,2.3008600001048762,533.6962019973726,224.08742035195786
1789440280,50,,Aggregated,159.800000,0.000000,8,10,11,12,15,18,23,30,210,470,530,269017,0,8,9.078884199168034,2.3008600001048762,533.6962019973726,224.08624733752885
1789440281,50,,Aggregated,158.400000,0.000000,8,10,11,12,15,18,23,30,210,470,530,269187,0,8,9.080469858628405,2.3008600001048762,533.6962019973726,224.08520842388376
1789440282,50,,Aggregated,161.400000,0.000000,8,10,11,12,15,18,23,30,210,470,530,269352,0,8,9.07989764048393,2.3008600001048762,533.6962019973726,224.08670809943865
1789440283,50,,Aggregated,162.300000,0.000000,8,10,11,12,15,18,23,30,210,470,530,269503,0,8,9.08370257272336,2.3008600001048762,533.6962019973726,224.08680422852436
1789440284,50,,Aggregated,162.200000,0.000000,8,10,11,12,15,18,23,30,210,470,530,269681,0,8,9.082445678630153,2.3008600001048762,533.6962019973726,224.08684705262885
1789440285,50,,Aggregated,161.900000,0.000000,8,10,11,12,15,18,23,31,210,470,530,269832,0,8,9.085548482914083,2.3008600001048762,533.6962019973726,224.0881289098402
1789440286,50,,Aggregated,162.600000,0.000000,8,10,11,12,15,18,23,31,210,470,530,269997,0,8,9.085513470955883,2.3008600001048762,533.6962019973726,224.0895602543732
1789440287,50,,Aggregated,162.900000,0.000000,8,10,11,12,15,18,23,31,210,470,530,270140,0,8,9.085222508594516,2.3008600001048762,533.6962019973726,224.09038646627675
1789440288,50,,Aggregated,162.100000,0.000000,8,10,11,12,15,18,23,31,210,470,530,270314,0,8,9.088065953719244,2.3008600001048762,533.6962019973726,224.09063533520276
1789440289,50,,Aggregated,163.400000,0.000000,8,10,11,12,15,18,23,31,210,470,530,270481,0,8,9.087089011164062,2.3008600001048762,533.6962019973726,224.09190294327513
1789440290,50,,Aggregated,162.800000,0.000000,8,10,11,12,15,18,23,31,210,470,530,270649,0,8,9.090089831969228,2.3008600001048762,533.6962019973726,224.0909776130708
1789440291,50,,Aggregated,164.100000,0.000000,8,10,11,12,15,18,23,31,210,470,530,270814,0,8,9.088957005648366,2.3008600001048762,533.6962019973726,224.08998426964632
1789440292,50,,Aggregated,162.200000,0.000000,8,10,11,12,15,18,23,31,210,470,530,270975,0,8,9.0921894677246,2.3008600001048762,533.6962019973726,224.08953224467203
1789440293,50,,Aggregated,162.500000,0.000000,8,10,11,12,15,18,23,31,210,470,530,271141,0,8,9.09122497099911,2.3008600001048762,533.6962019973726,224.08966921269746
1789440294,50,,Aggregated,162.100000,0.000000,8,10,11,12,15,18,23,31,210,470,530,271294,0,8,9.094974338358668,2.3008600001048762,533.6962019973726,224.0913289641496
1789440295,50,,Aggregated,161.900000,0.000000,8,10,11,12,15,18,23,31,210,470,530,271455,0,8,9.094205830633681,2.3008600001048762,533.6962019973726,224.09114586211342
1789440296,50,,Aggregated,161.600000,0.000000,8,10,11,12,15,18,23,31,210,470,530,271604,0,8,9.100709111966948,2.3008600001048762,533.6962019973726,224.09042576692536
1789440297,50,,Aggregated,161.200000,0.000000,8,10,11,12,15,18,23,31,210,470,530,271770,0,8,9.101634844058143,2.3008600001048762,533.6962019973726,224.0921624903411
1789440298,50,,Aggregated,161.300000,0.000000,8,10,11,12,15,18,23,31,210,470,530,271929,0,8,9.101675750132012,2.3008600001048762,533.6962019973726,224.09132530917998
1789440299,50,,Aggregated,161.100000,0.000000,8,10,11,12,15,18,23,31,200,470,530,272080,0,8,9.106093000770548,2.3008600001048762,533.6962019973726,224.09042193472507
1789440300,50,,Aggregated,161.200000,0.000000,8,10,11,12,15,18,23,31,200,470,530,272241,0,8,9.104832553174049,2.3008600001048762,533.6962019973726,224.09090474983563
1789440301,50,,Aggregated,159.700000,0.000000,8,10,11,12,15,18,23,32,200,470,530,272387,0,8,9.11391317866736,2.3008600001048762,533.6962019973726,224.0906357498706
1789440302,50,,Aggregated,158.800000,0.000000,8,10,11,12,15,18,23,32,200,470,530,272557,0,8,9.11427883383538,2.3008600001048762,533.6962019973726,224.09194407041463
1789440303,50,,Aggregated,157.300000,0.000000,8,10,11,12,15,18,23,31,200,470,530,272712,0,8,9.113935666683789,2.3008600001048762,533.6962019973726,224.09299187421163
1789440304,50,,Aggregated,157.400000,0.000000,8,10,11,12,15,18,23,32,200,470,530,272862,0,8,9.115436429897306,2.3008600001048762,533.6962019973726,224.0931753047328
1789440305,50,,Aggregated,157.700000,0.000000,8,10,11,12,15,18,23,32,200,470,530,273019,0,8,9.115651660238374,2.3008600001048762,533.6962019973726,224.09338910478758
1789440306,50,,Aggregated,156.200000,0.000000,8,10,11,12,15,18,23,32,200,470,530,273181,0,8,9.11860217074253,2.3008600001048762,533.6962019973726,224.0941244083593
1789440307,50,,Aggregated,156.000000,0.000000,8,10,11,12,15,18,23,32,200,470,530,273338,0,8,9.118127828840532,2.3008600001048762,533.6962019973726,224.09598738558122
1789440308,50,,Aggregated,155.800000,0.000000,8,10,11,12,15,18,23,32,200,470,530,273498,0,8,9.120625537355384,2.3008600001048762,533.6962019973726,224.09626395805455
1789440309,50,,Aggregated,156.200000,0.000000,8,10,11,12,15,18,23,32,200,470,530,273663,0,8,9.11990517755646,2.3008600001048762,533.6962019973726,224.09699520943641
1789440310,50,,Aggregated,156.400000,0.000000,8,10,11,12,15,18,23,32,200,470,530,273816,0,8,9.119754839624676,2.3008600001048762,533.6962019973726,224.09542174306833
1789440311,50,,Aggregated,157.700000,0.000000,8,10,11,12,15,18,23,32,200,470,530,273985,0,8,9.126460496909221,2.3008600001048762,533.6962019973726,224.09398324725805
1789440312,50,,Aggregated,157.800000,0.000000,8,10,11,12,15,18,23,32,200,470,530,274140,0,8,9.125887076565574,2.3008600001048762,533.6962019973726,224.0958597796746
1789440313,50,,Aggregated,158.900000,0.000000,8,10,11,12,15,18,23,32,200,470,530,274306,0,8,9.126999729618381,2.3008600001048762,533.6962019973726,224.09593665468492
1789440314,50,,Aggregated,157.900000,0.000000,8,10,11,12,15,18,23,32,200,470,530,274466,0,8,9.127054277679884,2.3008600001048762,533.6962019973726,224.09536336012476
1789440315,50,,Aggregated,158.100000,0.000000,8,10,11,12,15,18,23,32,200,470,530,274630,0,8,9.130478523186374,2.3008600001048762,533.6962019973726,224.09403925281288
1789440316,50,,Aggregated,159.900000,0.000000,8,10,11,12,15,18,23,32,200,470,530,274785,0,8,9.130689529649183,2.3008600001048762,533.6962019973726,224.09528540495296
1789440317,50,,Aggregated,159.500000,0.000000,8,10,11,12,15,18,23,32,200,470,530,274942,0,8,9.139833710675942,2.3008600001048762,533.6962019973726,224.0946163190782
1789440318,50,,Aggregated,160.000000,0.000000,8,10,11,12,15,18,23,32,200,470,530,275102,0,8,9.139183349850903,2.3008600001048762,533.6962019973726,224.09569177977622
1789440319,50,,Aggregated,159.500000,0.000000,8,10,11,12,15,18,23,32,200,470,530,275261,0,8,9.138752427829212,2.3008600001048762,533.6962019973726,224.09667915178684
1789440320,50,,Aggregated,159.100000,0.000000,8,10,11,12,15,18,23,33,200,470,530,275421,0,8,9.142551041873094,2.3008600001048762,533.6962019973726,224.0972547481855
1789440321,50,,Aggregated,159.200000,0.000000,8,10,11,12,15,18,23,33,200,470,530,275583,0,8,9.141770176617396,2.3008600001048762,533.6962019973726,224.09898651223043
1789440322,50,,Aggregated,158.700000,0.000000,8,10,11,12,15,18,23,33,200,470,530,275739,0,8,9.14470252487589,2.3008600001048762,533.6962019973726,224.09975737926084
1789440323,50,,Aggregated,158.700000,0.000000,8,10,11,12,15,18,23,33,200,470,530,275902,0,8,9.144279387847028,2.3008600001048762,533.6962019973726,224.0978934549224
1789440324,50,,Aggregated,158.700000,0.000000,8,10,11,12,15,18,23,33,200,470,530,276072,0,8,9.144536004334993,2.3008600001048762,533.6962019973726,224.09669216726073
1789440325,50,,Aggregated,158.500000,0.000000,8,10,11,12,15,18,23,33,200,470,530,276232,0,8,9.143749761156519,2.3008600001048762,533.6962019973726,224.09576370587044
1789440326,50,,Aggregated,158.900000,0.000000,8,10,11,12,15,18,23,33,200,470,530,276390,0,8,9.145824782990575,2.3008600001048762,533.6962019973726,224.09653388328087
1789440327,50,,Aggregated,160.000000,0.000000,8,10,11,12,15,18,23,33,200,470,530,276546,0,8,9.14573532501196,2.3008600001048762,533.6962019973726,224.09715924294693
1789440328,50,,Aggregated,160.000000,0.000000,8,10,11,12,15,18,23,33,200,470,530,276711,0,8,9.150526870940354,2.3008600001048762,533.6962019973726,224.09892270274764
1789440329,50,,Aggregated,159.100000,0.000000,8,10,11,12,15,18,23,33,200,470,530,276872,0,8,9.149991203512018,2.3008600001048762,533.6962019973726,224.09890852090496
1789440330,50,,Aggregated,159.500000,0.000000,8,10,11,12,15,18,23,33,200,470,530,277025,0,8,9.150117890391716,2.3008600001048762,533.6962019973726,224.1001606353217
1789440331,50,,Aggregated,159.700000,0.000000,8,10,11,12,15,18,23,33,200,470,530,277197,0,8,9.15111329859196,2.3008600001048762,533.6962019973726,224.09989285598328
1789440332,50,,Aggregated,160.900000,0.000000,8,10,11,12,15,18,23,33,200,470,530,277372,0,8,9.151358071336677,2.3008600001048762,533.6962019973726,224.09937917309605
1789440333,50,,Aggregated,160.500000,0.000000,8,10,11,12,15,18,23,33,200,470,530,277522,0,8,9.16282082119909,2.3008600001048762,533.6962019973726,224.09891828395587
1789440334,50,,Aggregated,161.600000,0.000000,8,10,11,12,15,18,23,33,200,470,530,277678,0,8,9.162451916542901,2.3008600001048762,533.6962019973726,224.0978903622181
1789440335,50,,Aggregated,161.600000,0.000000,8,10,11,12,15,18,23,33,200,470,530,277847,0,8,9.162817618497963,2.3008600001048762,533.6962019973726,224.09810075329227
1789440336,50,,Aggregated,160.300000,0.000000,8,10,11,12,15,18,23,33,200,470,530,278005,0,8,9.162552450832868,2.3008600001048762,533.6962019973726,224.0985881548893
1789440337,50,,Aggregated,160.200000,0.000000,8,10,11,12,15,18,23,33,200,470,530,278164,0,8,9.16344971815478,2.3008600001048762,533.6962019973726,224.09940538675025
1789440338,50,,Aggregated,160.400000,0.000000,8,10,11,12,15,18,23,33,200,470,530,278326,0,8,9.16259881228054,2.3008600001048762,533.6962019973726,224.09948046535357
1789440339,50,,Aggregated,161.400000,0.000000,8,10,11,12,15,18,23,33,200,470,530,278497,0,8,9.161671135006086,2.3008600001048762,533.6962019973726,224.10030987766476
1789440340,50,,Aggregated,160.800000,0.000000,8,10,11,12,15,18,23,33,200,470,530,278653,0,8,9.170398304855084,2.3008600001048762,533.6962019973726,224.10206601041438
1789440341,50,,Aggregated,161.600000,0.000000,8,10,11,12,15,18,23,33,200,470,530,278803,0,8,9.16964012741183,2.3008600001048762,533.6962019973726,224.10113234075675
1789440342,50,,Aggregated,160.800000,0.000000,8,10,11,12,15,18,23,34,200,470,530,278961,0,8,9.170092941890818,2.3008600001048762,533.6962019973726,224.0994511777632
1789440343,50,,Aggregated,160.500000,0.000000,8,10,11,12,15,18,23,33,200,470,530,279125,0,8,9.170263416980921,2.3008600001048762,533.6962019973726,224.09951455441112
1789440344,50,,Aggregated,158.500000,0.000000,8,10,11,12,15,18,23,34,200,470,530,279277,0,8,9.172490634086584,2.3008600001048762,533.6962019973726,224.0976199257368
1789440345,50,,Aggregated,158.400000,0.000000,8,10,11,12,15,18,23,34,200,470,530,279446,0,8,9.171997746891327,2.3008600001048762,533.6962019973726,224.0981477637898
1789440346,50,,Aggregated,159.900000,0.000000,8,10,11,12,15,18,23,34,200,470,530,279601,0,8,9.173317131071668,2.3008600001048762,533.6962019973726,224.09821495631275
1789440347,50,,Aggregated,158.700000,0.000000,8,10,11,12,15,18,23,34,200,470,530,279765,0,8,9.172421814929569,2.3008600001048762,533.6962019973726,224.09907243579434
1789440348,50,,Aggregated,160.100000,0.000000,8,10,11,12,15,18,23,34,200,470,530,279914,0,8,9.1723942880768,2.3008600001048762,533.6962019973726,224.09920547025158
1789440349,50,,Aggregated,159.800000,0.000000,8,10,11,12,15,18,23,34,200,470,530,280093,0,8,9.180174518019772,2.3008600001048762,533.6962019973726,224.09945625203056
1789440350,50,,Aggregated,159.900000,0.000000,8,10,11,12,15,18,23,34,200,470,530,280267,0,8,9.180102387832658,2.3008600001048762,533.6962019973726,224.09728580246693
1789440351,50,,Aggregated,158.900000,0.000000,8,10,11,12,15,18,23,34,200,470,530,280414,0,8,9.181775797594515,2.3008600001048762,533.6962019973726,224.09824759106178
1789440352,50,,Aggregated,159.700000,0.000000,8,10,11,12,15,18,23,34,200,470,530,280579,0,8,9.180631289835192,2.3008600001048762,533.6962019973726,224.09916993075035
1789440353,50,,Aggregated,161.200000,0.000000,8,10,11,12,15,18,24,34,200,470,530,280729,0,8,9.188642197990585,2.3008600001048762,533.6962019973726,224.098703732069
1789440354,50,,Aggregated,161.700000,0.000000,8,10,11,12,15,18,24,34,200,470,530,280886,0,8,9.188801290558157,2.3008600001048762,533.6962019973726,224.09892269461633
1789440355,50,,Aggregated,161.400000,0.000000,8,10,11,12,15,18,24,34,190,470,530,281049,0,8,9.188422010634202,2.3008600001048762,533.6962019973726,224.09938480478493
1789440356,50,,Aggregated,159.400000,0.000000,8,10,11,12,15,18,24,34,190,470,530,281218,0,8,9.187814782456234,2.3008600001048762,533.6962019973726,224.09815516787688
1789440357,50,,Aggregated,160.700000,0.000000,8,10,11,12,15,18,24,34,190,470,530,281381,0,8,9.188158775392704,2.3008600001048762,533.6962019973726,224.09960516168468
1789440358,50,,Aggregated,159.600000,0.000000,8,10,11,12,15,18,24,34,190,470,530,281547,0,8,9.187521764621126,2.3008600001048762,533.6962019973726,224.10135430318917
1789440359,50,,Aggregated,160.800000,0.000000,8,10,11,12,15,18,24,34,190,470,530,281689,0,8,9.188359852453534,2.3008600001048762,533.6962019973726,224.10101210909903
1789440360,50,,Aggregated,161.000000,0.000000,8,10,11,12,15,18,24,35,190,470,530,281862,0,8,9.195534499995839,2.3008600001048762,533.6962019973726,224.1000489601294
1789440361,50,,Aggregated,161.300000,0.000000,8,10,11,12,15,18,24,35,190,470,530,282030,0,8,9.19500064816797,2.3008600001048762,533.6962019973726,224.09987944544906
1789440362,50,,Aggregated,160.200000,0.000000,8,10,11,12,15,18,24,35,190,470,530,282181,0,8,9.196822454969768,2.3008600001048762,533.6962019973726,224.10001736474106
1789440363,50,,Aggregated,159.500000,0.000000,8,10,11,12,15,18,24,35,190,470,530,282344,0,8,9.197147306919321,2.3008600001048762,533.6962019973726,224.1007423568413
1789440364,50,,Aggregated,160.000000,0.000000,8,10,11,12,15,18,24,35,190,470,530,282497,0,8,9.199457114726304,2.3008600001048762,533.6962019973726,224.10000814167938
1789440365,50,,Aggregated,160.100000,0.000000,8,10,11,12,15,18,24,35,190,470,530,282660,0,8,9.199496925287733,2.3008600001048762,533.6962019973726,224.10079247152055
1789440366,50,,Aggregated,160.700000,0.000000,8,10,11,12,15,18,24,35,190,470,530,282819,0,8,9.202332410466907,2.3008600001048762,533.6962019973726,224.1019238452862
1789440367,50,,Aggregated,160.500000,0.000000,8,10,11,12,15,18,24,35,190,470,530,282987,0,8,9.201155717096007,2.3008600001048762,533.6962019973726,224.10111065172606
1789440368,50,,Aggregated,161.100000,0.000000,8,10,11,12,15,18,24,35,190,470,530,283138,0,8,9.201785564522789,2.3008600001048762,533.6962019973726,224.10074945786153
1789440369,50,,Aggregated,159.000000,0.000000,8,10,11,12,15,18,24,35,190,470,530,283299,0,8,9.201732107945507,2.3008600001048762,533.6962019973726,224.1002721506253
1789440370,50,,Aggregated,159.800000,0.000000,8,10,11,12,15,18,24,35,190,470,530,283455,0,8,9.205702860862731,2.3008600001048762,533.6962019973726,224.09977245065355
1789440371,50,,Aggregated,158.700000,0.000000,8,10,11,12,15,18,24,35,190,470,530,283613,0,8,9.205313371198901,2.3008600001048762,533.6962019973726,224.09921265950433
1789440372,50,,Aggregated,158.400000,0.000000,8,10,11,12,15,18,24,36,190,470,530,283772,0,8,9.208593636950978,2.3008600001048762,533.6962019973726,224.09968213918216
1789440373,50,,Aggregated,158.600000,0.000000,8,10,11,12,15,18,24,36,190,470,530,283940,0,8,9.208275331474532,2.3008600001048762,533.6962019973726,224.1004578432063
1789440374,50,,Aggregated,159.000000,0.000000,8,10,11,12,15,18,24,36,190,470,530,284099,0,8,9.208777839161243,2.3008600001048762,533.6962019973726,224.10158430687895
1789440375,50,,Aggregated,158.400000,0.000000,8,10,11,12,15,18,24,36,190,470,530,284244,0,8,9.208448356105448,2.3008600001048762,533.6962019973726,224.10044539198717
1789440376,50,,Aggregated,159.200000,0.000000,8,10,11,12,15,18,24,36,190,470,530,284413,0,8,9.210931112283383,2.3008600001048762,533.6962019973726,224.10036109460538
1789440377,50,,Aggregated,158.800000,0.000000,8,10,11,12,15,18,24,36,190,470,530,284573,0,8,9.209813684108541,2.3008600001048762,533.6962019973726,224.10044171442829
1789440378,50,,Aggregated,157.800000,0.000000,8,10,11,12,15,18,24,36,190,470,530,284727,0,8,9.210957372043605,2.3008600001048762,533.6962019973726,224.10059460465638
1789440379,50,,Aggregated,158.500000,0.000000,8,10,11,12,15,18,24,36,190,470,530,284898,0,8,9.210281507289857,2.3008600001048762,533.6962019973726,224.1022400999656
1789440380,50,,Aggregated,158.000000,0.000000,8,10,11,12,15,18,24,36,190,470,530,285060,0,8,9.20977342493109,2.3008600001048762,533.6962019973726,224.10551462849926
1789440381,50,,Aggregated,159.100000,0.000000,8,10,11,12,15,18,24,36,190,470,530,285214,0,8,9.210821314731525,2.3008600001048762,533.6962019973726,224.10552076686278
1789440382,50,,Aggregated,159.400000,0.000000,8,10,11,12,15,18,24,36,190,470,530,285382,0,8,9.21098452285658,2.3008600001048762,533.6962019973726,224.10408154683898
1789440383,50,,Aggregated,159.600000,0.000000,8,10,11,12,15,18,24,36,190,470,530,285538,0,8,9.221518867575744,2.3008600001048762,533.6962019973726,224.1029530220146
1789440384,50,,Aggregated,159.500000,0.000000,8,10,11,12,15,18,24,36,190,470,530,285710,0,8,9.220699141261578,2.3008600001048762,533.6962019973726,224.1031045465682
1789440385,50,,Aggregated,160.000000,0.000000,8,10,11,12,15,18,24,36,190,470,530,285862,0,8,9.220987531472753,2.3008600001048762,533.6962019973726,224.10322463286482
1789440386,50,,Aggregated,159.500000,0.000000,8,10,11,12,15,18,24,36,190,470,530,286041,0,8,9.227898559443798,2.3008600001048762,533.6962019973726,224.1039885890484
1789440387,50,,Aggregated,161.000000,0.000000,8,10,11,12,15,18,24,37,190,470,530,286202,0,8,9.228672671567075,2.3008600001048762,533.6962019973726,224.10253946513302
1789440388,50,,Aggregated,162.000000,0.000000,8,10,11,12,15,18,24,37,190,470,530,286365,0,8,9.228777154574722,2.3008600001048762,533.6962019973726,224.10211792642258
1789440389,50,,Aggregated,162.200000,0.000000,8,10,11,12,15,18,24,36,190,470,530,286536,0,8,9.228488034382492,2.3008600001048762,533.6962019973726,224.10087388670183
1789440390,50,,Aggregated,162.300000,0.000000,8,10,11,12,15,18,24,37,190,470,530,286703,0,8,9.229689195630426,2.3008600001048762,533.6962019973726,224.10160340142934
1789440391,50,,Aggregated,163.000000,0.000000,8,10,11,12,15,18,24,37,190,470,530,286860,0,8,9.228719847608113,2.3008600001048762,533.6962019973726,224.10035557414767
1789440392,50,,Aggregated,163.600000,0.000000,8,10,11,12,15,18,24,37,190,470,530,287009,0,8,9.232102310543784,2.3008600001048762,533.6962019973726,224.10100380127452
1789440393,50,,Aggregated,163.500000,0.000000,8,10,11,12,15,18,24,37,190,470,530,287167,0,8,9.23131667492384,2.3008600001048762,533.6962019973726,224.09937423171883
1789440394,50,,Aggregated,162.500000,0.000000,8,10,11,12,15,18,24,37,190,470,530,287336,0,8,9.232030022927333,2.3008600001048762,533.6962019973726,224.0997821365927
1789440395,50,,Aggregated,163.100000,0.000000,8,10,11,12,15,18,24,37,190,470,530,287502,0,8,9.231318781861885,2.3008600001048762,533.6962019973726,224.09949496003506
1789440396,50,,Aggregated,162.200000,0.000000,8,10,11,12,15,18,24,37,190,470,530,287654,0,8,9.233148258758181,2.3008600001048762,533.6962019973726,224.09968225715616
1789440397,50,,Aggregated,161.700000,0.000000,8,10,11,12,15,18,24,37,190,470,530,287819,0,8,9.232741582243719,2.3008600001048762,533.6962019973726,224.09903098822525
1789440398,50,,Aggregated,160.800000,0.000000,8,10,11,12,15,18,24,37,190,470,530,287963,0,8,9.232662327544979,2.3008600001048762,533.6962019973726,224.09915857245548
1789440399,50,,Aggregated,160.900000,0.000000,8,10,11,12,15,18,24,37,180,470,530,288139,0,8,9.237836475641371,2.3008600001048762,533.6962019973726,224.0998649957139
1789440400,50,,Aggregated,160.800000,0.000000,8,10,11,12,15,18,24,37,180,470,530,288309,0,8,9.23746251924785,2.3008600001048762,533.6962019973726,224.099837327312
1789440401,50,,Aggregated,159.600000,0.000000,8,10,11,12,15,18,24,38,180,470,530,288467,0,8,9.243336669687809,2.3008600001048762,533.6962019973726,224.09912745652016
1789440402,50,,Aggregated,159.700000,0.000000,8,10,11,12,15,18,24,38,180,470,530,288628,0,8,9.242934112888666,2.3008600001048762,533.6962019973726,224.09739526310685
1789440403,50,,Aggregated,160.100000,0.000000,8,10,11,12,15,18,24,38,180,470,530,288784,0,8,9.244272280402832,2.3008600001048762,533.6962019973726,224.09704138733449
