Timestamp,User Count,Type,Name,Requests/s,Failures/s,50%,66%,75%,80%,90%,95%,98%,99%,99.9%,99.99%,100%,Total Request Count,Total Failure Count,Total Median Response Time,Total Average Response Time,Total Min Response Time,Total Max Response Time,Total Average Content Size
1789436577,0,,Aggregated,0.000000,0.000000,N/A,N/A,N/A,N/A,N/A,N/A,N/A,N/A,N/A,N/A,N/A,0,0,0,0.0,0,0,0
1789436578,5,,Aggregated,0.000000,0.000000,17,17,19,19,21,22,22,22,22,22,22,12,0,16,15.343913916998039,6.052384000213351,22.01214699925913,220.5
1789436579,10,,Aggregated,0.000000,0.000000,14,16,17,17,21,24,26,26,26,26,26,43,0,14,13.826136023474879,4.874120999375009,26.478433999727713,225.72093023255815
1789436580,15,,Aggregated,8.000000,0.000000,13,16,17,18,23,24,26,26,26,26,26,90,0,13,13.362025722381077,4.759392999403644,26.478433999727713,224.94444444444446
1789436581,20,,Aggregated,19.000000,0.000000,13,15,17,18,23,24,25,26,28,28,28,154,0,13,13.010780876770282,4.660833001253195,27.59907600011502,225.3116883116883
1789436582,25,,Aggregated,27.666667,0.000000,13,15,17,19,24,26,30,31,32,32,32,229,0,13,13.420118969498105,4.659205000280053,31.553045999316964,223.74672489082968
1789436583,30,,Aggregated,35.500000,0.000000,13,15,17,19,23,27,30,31,32,32,32,320,0,13,13.227156343799606,4.537975999483024,32.22948599977826,223.534375
1789436584,35,,Aggregated,43.200000,0.000000,13,16,19,20,25,30,41,59,68,68,68,423,0,13,14.729273813279327,4.390009000417194,67.81512800080236,223.35224586288416
1789436585,40,,Aggregated,49.500000,0.000000,13,16,18,19,25,30,40,58,68,68,68,555,0,13,14.32001121984695,4.311210999730974,67.81512800080236,223.65405405405406
1789436586,45,,Aggregated,57.142857,0.000000,13,16,18,20,26,31,53,60,68,68,68,696,0,13,14.85025164945115,4.189219998806948,68.00663000103668,223.70977011494253
1789436587,50,,Aggregated,65.750000,0.000000,13,16,19,21,27,36,51,60,68,68,68,852,0,13,15.28854836622597,4.189219998806948,68.00663000103668,223.4694835680751
1789436588,50,,Aggregated,73.555556,0.000000,13,16,18,20,27,33,49,59,68,68,68,1009,0,13,14.971315538197663,3.98842600043281,68.00663000103668,223.45887016848366
1789436589,50,,Aggregated,81.800000,0.000000,13,16,19,21,27,38,53,59,68,68,68,1161,0,13,15.284219159379491,3.98842600043281,68.00663000103668,223.3445305770887
1789436590,50,,Aggregated,96.500000,0.000000,13,17,19,21,29,39,50,59,68,68,68,1314,0,13,15.410948880543563,3.9779380003892584,68.00663000103668,223.20852359208524
1789436591,50,,Aggregated,109.300000,0.000000,12,17,19,21,30,40,54,60,70,72,72,1481,0,12,15.525039650931387,3.9779380003892584,72.0524309999746,223.33760972316003
1789436592,50,,Aggregated,120.200000,0.000000,12,16,18,21,29,39,52,59,70,72,72,1647,0,12,15.02324563026031,3.9779380003892584,72.0524309999746,223.36369156041286
1789436593,50,,Aggregated,130.300000,0.000000,12,16,18,20,28,38,50,59,70,72,72,1799,0,12,14.825331725978863,3.9779380003892584,72.0524309999746,223.32573652028904
1789436594,50,,Aggregated,139.000000,0.000000,12,16,18,20,29,41,58,68,96,100,100,1957,0,12,15.366872346979237,3.9779380003892584,99.69855099916458,223.33214103219214
1789436595,50,,Aggregated,147.100000,0.000000,12,16,18,20,28,40,58,66,92,100,100,2127,0,12,15.178962430673538,3.8987230000202544,99.69855099916458,223.42595204513398
1789436596,50,,Aggregated,152.500000,0.000000,12,16,18,20,27,39,56,65,92,100,100,2274,0,12,15.017201404149338,3.8987230000202544,99.69855099916458,223.50395778364117
1789436597,50,,Aggregated,155.800000,0.000000,12,15,18,20,27,38,55,63,92,100,100,2428,0,12,14.902733875627405,3.8987230000202544,99.69855099916458,223.40691927512356
1789436598,50,,Aggregated,157.900000,0.000000,11,15,18,20,27,39,54,63,92,100,100,2593,0,11,14.759912056704106,3.8987230000202544,99.69855099916458,223.35634400308524
1789436599,50,,Aggregated,158.200000,0.000000,11,15,18,20,28,38,52,62,92,100,100,2753,0,11,14.841935691621183,3.8987230000202544,99.69855099916458,223.4071921540138
1789436600,50,,Aggregated,158.100000,0.000000,12,15,18,20,27,37,51,60,92,100,100,2903,0,12,14.784262857746189,3.8987230000202544,99.69855099916458,223.5559765759559
1789436601,50,,Aggregated,158.400000,0.000000,12,16,18,20,27,37,50,60,91,100,100,3073,0,12,14.816296242766482,3.8987230000202544,99.69855099916458,223.625772860397
1789436602,50,,Aggregated,158.500000,0.000000,11,15,18,20,27,36,49,60,91,100,100,3244,0,11,14.663268747545501,3.8987230000202544,99.69855099916458,223.62854500616524
1789436603,50,,Aggregated,159.000000,0.000000,11,15,18,20,27,36,48,59,91,100,100,3401,0,11,14.560718630708877,3.8987230000202544,99.69855099916458,223.74419288444574
1789436604,50,,Aggregated,159.100000,0.000000,11,15,18,20,27,35,48,59,91,100,100,3559,0,11,14.489807062671481,3.8987230000202544,99.69855099916458,223.86906434391682
1789436605,50,,Aggregated,160.000000,0.000000,11,15,18,19,27,35,47,59,91,100,100,3708,0,11,14.391472037225611,3.8987230000202544,99.69855099916458,223.9762675296656
1789436606,50,,Aggregated,159.100000,0.000000,11,15,18,20,27,35,48,59,91,100,100,3872,0,11,14.450034454039137,3.8987230000202544,99.69855099916458,223.94653925619835
1789436607,50,,Aggregated,159.200000,0.000000,11,15,17,19,27,34,47,59,91,100,100,4030,0,11,14.298395375691745,3.8987230000202544,99.69855099916458,223.96004962779156
1789436608,50,,Aggregated,159.200000,0.000000,11,15,17,19,26,34,46,59,91,100,100,4194,0,11,14.24872368479737,3.8987230000202544,99.69855099916458,224.11087267525036
1789436609,50,,Aggregated,159.000000,0.000000,11,15,17,19,26,33,46,58,91,100,100,4355,0,11,14.204010884049971,3.8987230000202544,99.69855099916458,223.9223880597015
1789436610,50,,Aggregated,160.000000,0.000000,11,15,17,19,26,33,46,58,91,100,100,4510,0,11,14.09031222218036,3.8987230000202544,99.69855099916458,223.88181818181818
1789436611,50,,Aggregated,159.900000,0.000000,11,15,17,19,26,34,46,58,91,100,100,4668,0,11,14.190617789421518,3.8987230000202544,99.69855099916458,223.94301628106254
1789436612,50,,Aggregated,160.200000,0.000000,11,15,17,19,26,33,46,58,91,100,100,4834,0,11,14.100035199011929,3.8987230000202544,99.69855099916458,224.00786098469177
1789436613,50,,Aggregated,159.500000,0.000000,11,15,18,19,26,33,45,57,90,100,100,5005,0,11,14.245529842364785,3.8987230000202544,99.69855099916458,224.0043956043956
1789436614,50,,Aggregated,159.200000,0.000000,11,15,17,19,26,33,45,57,90,100,100,5166,0,11,14.154413862568763,3.8987230000202544,99.69855099916458,224.0427797135114
1789436615,50,,Aggregated,159.400000,0.000000,11,15,18,19,26,33,45,56,90,100,100,5334,0,11,14.188648128987296,3.8987230000202544,99.69855099916458,224.01781027371578
1789436616,50,,Aggregated,161.400000,0.000000,11,15,18,19,26,33,45,56,90,100,100,5481,0,11,14.180802188107139,3.8987230000202544,99.69855099916458,224.12972085385877
1789436617,50,,Aggregated,161.500000,0.000000,11,15,18,19,26,33,45,56,90,100,100,5642,0,11,14.11883862176933,3.8987230000202544,99.69855099916458,224.13700815313717
1789436618,50,,Aggregated,161.200000,0.000000,11,15,18,19,26,33,44,55,90,100,100,5806,0,11,14.127949032556751,3.8987230000202544,99.69855099916458,224.0818119187048
1789436619,50,,Aggregated,160.300000,0.000000,11,15,18,20,26,33,44,55,90,100,100,5962,0,11,14.166712173270287,3.8987230000202544,99.69855099916458,224.14055686011406
1789436620,50,,Aggregated,160.000000,0.000000,11,15,18,20,26,33,44,55,88,100,100,6120,0,11,14.18325842075878,3.8987230000202544,99.69855099916458,224.17581699346405
1789436621,50,,Aggregated,159.900000,0.000000,11,15,18,20,26,33,44,54,88,100,100,6278,0,11,14.186038773024832,3.8987230000202544,99.69855099916458,224.25230965275566
1789436622,50,,Aggregated,160.200000,0.000000,11,15,18,20,26,32,43,54,88,100,100,6441,0,11,14.112207492323522,3.8987230000202544,99.69855099916458,224.18879056047197
1789436623,50,,Aggregated,160.300000,0.000000,11,15,18,20,26,32,43,53,88,100,100,6604,0,11,14.105094232291814,3.8987230000202544,99.69855099916458,224.16278013325257
1789436624,50,,Aggregated,160.300000,0.000000,11,15,18,20,26,32,42,53,88,100,100,6760,0,11,14.129282245276906,3.8987230000202544,99.69855099916458,224.15458579881656
1789436625,50,,Aggregated,159.300000,0.000000,11,15,18,20,26,33,44,54,88,100,100,6926,0,11,14.173388167060862,3.8987230000202544,99.69855099916458,224.11550678602367
1789436626,50,,Aggregated,158.000000,0.000000,11,15,18,20,26,32,43,54,88,100,100,7088,0,11,14.187346349049385,3.8987230000202544,99.69855099916458,224.0843679458239
1789436627,50,,Aggregated,158.400000,0.000000,11,15,18,20,26,32,43,54,88,100,100,7247,0,11,14.173070526707207,3.8987230000202544,99.69855099916458,224.19870291154962
1789436628,50,,Aggregated,159.900000,0.000000,11,15,18,20,27,32,43,53,88,100,100,7406,0,11,14.22495453484183,3.8987230000202544,99.69855099916458,224.1901161220632
1789436629,50,,Aggregated,161.000000,0.000000,11,15,18,20,27,33,43,53,88,100,100,7566,0,11,14.24741340841252,3.8987230000202544,99.69855099916458,224.2015596087761
1789436630,50,,Aggregated,161.400000,0.000000,11,15,18,20,27,32,42,53,88,100,100,7734,0,11,14.19559247492227,3.8987230000202544,99.69855099916458,224.16873545384018
1789436631,50,,Aggregated,160.700000,0.000000,11,15,18,20,26,32,42,52,88,100,100,7894,0,11,14.15035843527321,3.8987230000202544,99.69855099916458,224.10729668102357
1789436632,50,,Aggregated,161.200000,0.000000,11,15,18,20,26,32,42,52,83,100,100,8050,0,11,14.113975269197988,3.8987230000202544,99.69855099916458,224.12670807453415
1789436633,50,,Aggregated,161.500000,0.000000,11,15,18,20,26,32,42,51,83,100,100,8205,0,11,14.109608942234601,3.8987230000202544,99.69855099916458,224.11151736745887
1789436634,50,,Aggregated,161.300000,0.000000,11,15,18,20,26,32,42,51,83,100,100,8369,0,11,14.10124690274023,3.8987230000202544,99.69855099916458,224.15641056279125
1789436635,50,,Aggregated,160.100000,0.000000,11,15,18,20,26,32,42,50,83,100,100,8510,0,11,14.113443380144014,3.8987230000202544,99.69855099916458,224.13654524089307
1789436636,50,,Aggregated,160.800000,0.000000,11,15,18,20,26,32,42,50,83,100,100,8686,0,11,14.09548104386641,3.8987230000202544,99.69855099916458,224.11708496431038
1789436637,50,,Aggregated,159.600000,0.000000,11,15,18,20,26,32,41,50,83,100,100,8848,0,11,14.074316906196637,3.8987230000202544,99.69855099916458,224.12872965641952
1789436638,50,,Aggregated,159.300000,0.000000,11,15,18,20,26,32,41,50,76,100,100,9014,0,11,14.081529786446985,3.8987230000202544,99.69855099916458,224.12824495229643
1789436639,50,,Aggregated,159.500000,0.000000,11,15,18,20,26,32,41,49,76,100,100,9173,0,11,14.029996933504995,3.8987230000202544,99.69855099916458,224.18696173552817
1789436640,50,,Aggregated,159.600000,0.000000,11,15,18,20,26,32,41,49,76,100,100,9344,0,11,13.999904405932986,3.8987230000202544,99.69855099916458,224.16138698630138
1789436641,50,,Aggregated,161.300000,0.000000,11,15,18,20,26,32,41,49,76,100,100,9502,0,11,13.994683347193956,3.8987230000202544,99.69855099916458,224.12902546832245
1789436642,50,,Aggregated,160.800000,0.000000,11,15,18,20,26,32,41,49,76,100,100,9663,0,11,14.019727505126944,3.8987230000202544,99.69855099916458,224.08517023698644
1789436643,50,,Aggregated,161.000000,0.000000,11,15,18,20,26,32,40,48,76,100,100,9828,0,11,13.951166026866026,3.8987230000202544,99.69855099916458,224.06939356939358
1789436644,50,,Aggregated,161.000000,0.000000,11,15,18,20,26,32,40,48,76,100,100,9995,0,11,13.96024198359483,3.874448000715347,99.69855099916458,224.103951975988
1789436645,50,,Aggregated,161.900000,0.000000,11,15,18,20,26,31,40,48,74,96,100,10157,0,11,13.904807628633002,3.874448000715347,99.69855099916458,224.1200157526829
1789436646,50,,Aggregated,162.600000,0.000000,11,15,18,20,26,31,40,48,74,96,100,10320,0,11,13.878793355912226,3.874448000715347,99.69855099916458,224.13052325581396
1789436647,50,,Aggregated,163.800000,0.000000,11,15,18,20,25,31,40,48,74,96,100,10465,0,11,13.823352832970349,3.7266709987306967,99.69855099916458,224.14763497372192
1789436648,50,,Aggregated,163.200000,0.000000,11,15,18,20,25,31,39,47,74,96,100,10632,0,11,13.800656443852242,3.7266709987306967,99.69855099916458,224.21265989465763
1789436649,50,,Aggregated,161.900000,0.000000,11,15,18,19,25,31,39,47,74,96,100,10793,0,11,13.747687754382023,3.7266709987306967,99.69855099916458,224.22820346520894
1789436650,50,,Aggregated,161.800000,0.000000,11,15,17,19,25,31,39,47,74,96,100,10945,0,11,13.708356308273215,3.7266709987306967,99.69855099916458,224.17679305619004
1789436651,50,,Aggregated,161.300000,0.000000,11,15,17,19,25,31,39,47,74,96,100,11105,0,11,13.676658556781426,3.7266709987306967,99.69855099916458,224.19018460153083
1789436652,50,,Aggregated,160.100000,0.000000,11,15,17,19,25,31,39,46,74,96,100,11277,0,11,13.655764012331037,3.7266709987306967,99.69855099916458,224.21122638999734
1789436653,50,,Aggregated,160.600000,0.000000,11,15,17,19,25,31,39,46,74,96,100,11445,0,11,13.62470716820218,3.7266709987306967,99.69855099916458,224.18829183049365
1789436654,50,,Aggregated,161.300000,0.000000,11,15,17,19,25,31,39,46,74,96,100,11607,0,11,13.618729289744541,3.7266709987306967,99.69855099916458,224.21280261910917
1789436655,50,,Aggregated,161.200000,0.000000,11,15,17,19,25,30,39,46,74,96,100,11767,0,11,13.578156112184681,3.7266709987306967,99.69855099916458,224.1704767570324
1789436656,50,,Aggregated,161.100000,0.000000,11,15,17,19,25,30,39,46,74,96,100,11933,0,11,13.591888924670005,3.7266709987306967,99.69855099916458,224.20045252660688
1789436657,50,,Aggregated,160.600000,0.000000,11,15,17,19,25,30,38,46,73,96,100,12089,0,11,13.571242270086891,3.7266709987306967,99.69855099916458,224.1839688973447
1789436658,50,,Aggregated,160.700000,0.000000,11,15,17,19,25,30,38,46,73,96,100,12245,0,11,13.54278140564269,3.7266709987306967,99.69855099916458,224.16815026541445
1789436659,50,,Aggregated,161.600000,0.000000,11,15,17,19,25,30,38,45,73,96,100,12402,0,11,13.524546952918014,3.7266709987306967,99.69855099916458,224.1905337848734
1789436660,50,,Aggregated,160.900000,0.000000,11,15,17,19,25,30,38,45,73,96,100,12562,0,11,13.504193981060915,3.7266709987306967,99.69855099916458,224.17608661041234
1789436661,50,,Aggregated,160.900000,0.000000,11,15,17,19,25,30,38,46,74,96,100,12727,0,11,13.514667485745951,3.7266709987306967,99.69855099916458,224.1994185589691
1789436662,50,,Aggregated,161.400000,0.000000,11,15,17,19,25,30,38,46,74,96,100,12881,0,11,13.514995825253397,3.7266709987306967,99.69855099916458,224.16970732086017
1789436663,50,,Aggregated,160.800000,0.000000,11,15,17,19,25,30,38,46,74,96,100,13041,0,11,13.506310424820347,3.7266709987306967,99.69855099916458,224.17705697415843
1789436664,50,,Aggregated,160.600000,0.000000,11,15,17,19,25,30,38,45,74,96,100,13203,0,11,13.511302232528449,3.7266709987306967,99.69855099916458,224.13701431492842
1789436665,50,,Aggregated,160.400000,0.000000,11,15,17,19,25,30,38,45,74,96,100,13355,0,11,13.496740294501791,3.7266709987306967,99.69855099916458,224.13710220891053
1789436666,50,,Aggregated,159.800000,0.000000,11,15,17,19,25,30,38,45,74,96,100,13518,0,11,13.500876304266376,3.7266709987306967,99.69855099916458,224.09957094244712
1789436667,50,,Aggregated,158.700000,0.000000,11,15,17,19,25,30,38,45,74,96,100,13680,0,11,13.493127871277109,3.7266709987306967,99.69855099916458,224.0874269005848
1789436668,50,,Aggregated,158.800000,0.000000,11,15,17,19,25,30,38,45,74,96,100,13835,0,11,13.512291372755262,3.7266709987306967,99.69855099916458,224.0586917238887
1789436669,50,,Aggregated,159.400000,0.000000,11,15,17,19,25,30,38,45,73,96,100,14002,0,11,13.487581125987768,3.7266709987306967,99.69855099916458,224.00571346950434
1789436670,50,,Aggregated,159.700000,0.000000,11,15,17,19,25,30,39,47,74,96,100,14158,0,11,13.536289448443993,3.7266709987306967,99.69855099916458,223.99625653340868
1789436671,50,,Aggregated,159.100000,0.000000,11,15,17,19,25,30,39,46,74,96,100,14311,0,11,13.53629513221173,3.7266709987306967,99.69855099916458,223.9928027391517
1789436672,50,,Aggregated,160.400000,0.000000,11,15,17,19,25,30,39,46,74,96,100,14486,0,11,13.55914289721783,3.7266709987306967,99.69855099916458,224.00082838602788
1789436673,50,,Aggregated,159.600000,0.000000,11,15,17,19,25,30,39,46,74,96,100,14635,0,11,13.545466817909295,3.7266709987306967,99.69855099916458,224.00990775538094
1789436674,50,,Aggregated,158.900000,0.000000,11,15,17,19,25,30,38,46,74,96,100,14801,0,11,13.539982468692363,3.7266709987306967,99.69855099916458,223.99270319573003
1789436675,50,,Aggregated,158.900000,0.000000,11,15,17,19,25,30,38,46,74,96,100,14951,0,11,13.53974489172115,3.7266709987306967,99.69855099916458,224.00695605645106
1789436676,50,,Aggregated,159.000000,0.000000,11,15,17,19,25,31,39,47,74,96,100,15118,0,11,13.62315419262613,3.7266709987306967,99.69855099916458,224.03075803677734
1789436677,50,,Aggregated,159.200000,0.000000,11,15,17,19,25,31,39,47,74,96,100,15276,0,11,13.59754902036693,3.7266709987306967,99.69855099916458,224.057344854674
1789436678,50,,Aggregated,159.700000,0.000000,11,15,17,19,25,31,39,47,74,96,100,15441,0,11,13.598783291309983,3.7266709987306967,99.69855099916458,224.0685836409559
1789436679,50,,Aggregated,159.600000,0.000000,11,15,17,19,25,31,39,47,74,96,100,15616,0,11,13.570494569423738,3.7266709987306967,99.69855099916458,224.027087602459
1789436680,50,,Aggregated,160.100000,0.000000,11,15,17,19,25,31,39,47,74,96,100,15779,0,11,13.565276334756494,3.7266709987306967,99.69855099916458,224.05260155903417
1789436681,50,,Aggregated,160.700000,0.000000,11,15,17,19,25,30,39,47,74,96,100,15934,0,11,13.559534029378797,3.7266709987306967,99.69855099916458,224.06219405045815
1789436682,50,,Aggregated,160.700000,0.000000,11,15,17,19,25,30,39,47,74,96,100,16092,0,11,13.550075293757127,3.7266709987306967,99.69855099916458,224.05574198359434
1789436683,50,,Aggregated,161.200000,0.000000,11,15,17,19,25,30,39,47,74,96,100,16256,0,11,13.51742856017181,3.7266709987306967,99.69855099916458,224.0650221456693
1789436684,50,,Aggregated,161.800000,0.000000,11,14,17,19,25,30,39,47,74,96,100,16419,0,11,13.495391275908785,3.7266709987306967,99.69855099916458,224.09598635726903
1789436685,50,,Aggregated,162.000000,0.000000,11,14,17,19,25,30,39,47,74,96,100,16579,0,11,13.486986963999422,3.7266709987306967,99.69855099916458,224.097412389167
1789436686,50,,Aggregated,162.200000,0.000000,11,15,17,19,25,30,39,47,74,96,100,16743,0,11,13.527814734166007,3.7266709987306967,99.69855099916458,224.08726034760795
1789436687,50,,Aggregated,162.700000,0.000000,11,14,17,19,25,30,39,47,74,96,100,16904,0,11,13.521251436887326,3.7266709987306967,99.69855099916458,224.1007453857075
1789436688,50,,Aggregated,163.000000,0.000000,11,14,17,19,25,30,39,47,73,96,100,17064,0,11,13.505663782005813,3.7266709987306967,99.69855099916458,224.12605485232066
1789436689,50,,Aggregated,162.600000,0.000000,11,14,17,19,25,30,39,47,73,96,100,17229,0,11,13.484201064434933,3.7266709987306967,99.69855099916458,224.13303151662893
1789436690,50,,Aggregated,162.000000,0.000000,11,14,17,19,25,30,39,47,73,96,100,17384,0,11,13.484984365287678,3.7266709987306967,99.69855099916458,224.1468016566958
1789436691,50,,Aggregated,162.100000,0.000000,11,14,17,19,25,30,39,46,73,96,100,17541,0,11,13.509538807717215,3.7266709987306967,99.69855099916458,224.13665127415769
1789436692,50,,Aggregated,161.400000,0.000000,11,15,17,19,25,30,39,46,73,96,100,17709,0,11,13.512503862395604,3.7266709987306967,99.69855099916458,224.12643288723248
1789436693,50,,Aggregated,161.100000,0.000000,11,14,17,19,25,30,38,46,73,96,100,17867,0,11,13.495590024691358,3.7266709987306967,99.69855099916458,224.1207253596015
1789436694,50,,Aggregated,160.300000,0.000000,11,14,17,19,25,30,38,46,73,96,100,18030,0,11,13.471306420142612,3.7266709987306967,99.69855099916458,224.13555185801442
1789436695,50,,Aggregated,160.300000,0.000000,11,14,17,19,25,30,38,46,73,96,100,18188,0,11,13.48179867012218,3.7266709987306967,99.69855099916458,224.12640202331207
1789436696,50,,Aggregated,160.400000,0.000000,11,14,17,19,25,30,38,46,73,96,100,18338,0,11,13.486630540854108,3.7266709987306967,99.69855099916458,224.12384120405716
1789436697,50,,Aggregated,161.100000,0.000000,11,14,17,19,25,30,38,46,73,96,100,18507,0,11,13.48421281440587,3.7266709987306967,99.69855099916458,224.1470794834387
1789436698,50,,Aggregated,159.800000,0.000000,11,14,17,19,25,30,38,46,73,96,100,18668,0,11,13.480760102004263,3.7266709987306967,99.69855099916458,224.15604242554105
1789436699,50,,Aggregated,159.800000,0.000000,11,14,17,19,25,30,38,46,73,96,100,18828,0,11,13.475999428098161,3.7266709987306967,99.69855099916458,224.15466326747398
1789436700,50,,Aggregated,160.100000,0.000000,11,14,17,19,25,30,38,46,73,96,100,18992,0,11,13.469885481109525,3.7266709987306967,99.69855099916458,224.1474304970514
1789436701,50,,Aggregated,160.100000,0.000000,11,14,17,19,25,30,38,46,73,96,100,19143,0,11,13.471556900811517,3.7266709987306967,99.69855099916458,224.17719270751712
1789436702,50,,Aggregated,159.500000,0.000000,11,14,17,19,25,30,38,46,73,96,100,19312,0,11,13.475389782997194,3.7266709987306967,99.69855099916458,224.18149337199668
1789436703,50,,Aggregated,159.300000,0.000000,11,14,17,19,25,30,38,46,73,96,100,19466,0,11,13.470666939959216,3.7266709987306967,99.69855099916458,224.18252337408816
1789436704,50,,Aggregated,160.200000,0.000000,11,14,17,19,25,30,38,46,73,96,100,19627,0,11,13.445833535346972,3.7266709987306967,99.69855099916458,224.20237428032812
1789436705,50,,Aggregated,159.800000,0.000000,11,14,17,19,25,30,38,46,73,96,100,19780,0,11,13.45897255931552,3.7266709987306967,99.69855099916458,224.19155712841254
1789436706,50,,Aggregated,159.900000,0.000000,11,14,17,19,25,30,38,46,73,96,100,19940,0,11,13.456990100163488,3.7266709987306967,99.69855099916458,224.1993480441324
1789436707,50,,Aggregated,159.200000,0.000000,11,14,17,19,25,30,38,46,72,92,100,20106,0,11,13.4556951468845,3.7266709987306967,99.69855099916458,224.2011339898538
1789436708,50,,Aggregated,159.700000,0.000000,11,14,17,19,25,30,38,46,72,92,100,20264,0,11,13.4547503350414,3.7266709987306967,99.69855099916458,224.21348203711014
1789436709,50,,Aggregated,159.600000,0.000000,11,14,17,19,25,30,38,46,72,92,100,20416,0,11,13.436412332204329,3.7266709987306967,99.69855099916458,224.2246277429467
1789436710,50,,Aggregated,159.300000,0.000000,11,14,17,19,25,30,38,46,72,92,100,20588,0,11,13.457976914526663,3.7266709987306967,99.69855099916458,224.203128035749
1789436711,50,,Aggregated,158.900000,0.000000,11,14,17,19,25,30,38,46,72,92,100,20747,0,11,13.449523406481807,3.7266709987306967,99.69855099916458,224.19988432062468
1789436712,50,,Aggregated,159.400000,0.000000,11,14,17,19,25,30,38,46,72,92,100,20903,0,11,13.483663118704902,3.7266709987306967,99.69855099916458,224.20293737740994
1789436713,50,,Aggregated,160.800000,0.000000,11,14,17,19,25,30,38,46,70,92,100,21074,0,11,13.458249371085774,3.7266709987306967,99.69855099916458,224.19844357976655
1789436714,50,,Aggregated,160.100000,0.000000,11,14,17,19,25,30,38,46,70,92,100,21237,0,11,13.443313016540005,3.7266709987306967,99.69855099916458,224.18882139661912
1789436715,50,,Aggregated,160.500000,0.000000,11,14,17,19,25,30,38,45,70,92,100,21391,0,11,13.44189549148033,3.7266709987306967,99.69855099916458,224.20125286335374
1789436716,50,,Aggregated,160.300000,0.000000,11,14,17,19,25,30,38,45,70,92,100,21549,0,11,13.420971217932907,3.7266709987306967,99.69855099916458,224.2146271288691
1789436717,50,,Aggregated,160.900000,0.000000,11,14,17,19,25,30,39,46,73,92,100,21711,0,11,13.453900501599653,3.7266709987306967,99.69855099916458,224.2233890654507
1789436718,50,,Aggregated,160.700000,0.000000,11,14,17,19,25,30,39,46,73,92,100,21866,0,11,13.439947040439197,3.7266709987306967,99.69855099916458,224.21032653434557
1789436719,50,,Aggregated,160.500000,0.000000,11,14,17,19,25,30,39,46,73,92,100,22013,0,11,13.435760036398529,3.7266709987306967,99.69855099916458,224.2155090173988
1789436720,50,,Aggregated,159.800000,0.000000,11,14,17,19,25,30,38,46,73,92,100,22186,0,11,13.423330810161007,3.7266709987306967,99.69855099916458,224.1925087893266
1789436721,50,,Aggregated,158.400000,0.000000,11,14,17,19,25,30,39,47,73,92,100,22348,0,11,13.438719722312047,3.7266709987306967,99.69855099916458,224.18887596205477
1789436722,50,,Aggregated,159.600000,0.000000,11,14,17,19,25,30,39,47,73,92,100,22504,0,11,13.425315982901681,3.7266709987306967,99.69855099916458,224.19387664415214
1789436723,50,,Aggregated,159.000000,0.000000,11,14,17,19,24,30,38,46,73,92,100,22669,0,11,13.410947064635675,3.7266709987306967,99.69855099916458,224.1721734527328
1789436724,50,,Aggregated,159.900000,0.000000,11,14,17,19,24,30,38,46,73,92,100,22835,0,11,13.403140951093903,3.7266709987306967,99.69855099916458,224.16614845631705
1789436725,50,,Aggregated,159.900000,0.000000,11,14,17,19,24,30,38,46,73,92,100,22994,0,11,13.391741034801186,3.7266709987306967,99.69855099916458,224.15791075932853
1789436726,50,,Aggregated,159.900000,0.000000,11,14,17,19,24,30,38,46,72,92,100,23158,0,11,13.395196073721106,3.7266709987306967,99.69855099916458,224.15165385611883
1789436727,50,,Aggregated,159.500000,0.000000,11,14,17,19,25,30,38,46,72,92,100,23324,0,11,13.415698793785273,3.7266709987306967,99.69855099916458,224.14547247470418
1789436728,50,,Aggregated,159.900000,0.000000,11,14,17,19,25,30,38,46,72,92,100,23470,0,11,13.42988652868548,3.7266709987306967,99.69855099916458,224.11682999573924
1789436729,50,,Aggregated,161.200000,0.000000,11,14,17,19,25,30,38,46,73,92,100,23639,0,11,13.438025519026091,3.7266709987306967,99.69855099916458,224.12987012987014
1789436730,50,,Aggregated,160.700000,0.000000,11,14,17,19,25,30,38,47,73,92,100,23788,0,11,13.44134984673986,3.7266709987306967,99.69855099916458,224.13511013956617
1789436731,50,,Aggregated,162.700000,0.000000,11,14,17,19,25,30,39,47,73,92,100,23948,0,11,13.446698271181225,3.7266709987306967,99.69855099916458,224.136170035076
1789436732,50,,Aggregated,160.800000,0.000000,11,14,17,19,25,30,38,47,72,92,100,24111,0,11,13.449024661574905,3.7266709987306967,99.69855099916458,224.13943843059184
1789436733,50,,Aggregated,161.200000,0.000000,11,14,17,19,25,30,39,47,72,92,100,24277,0,11,13.449021677935525,3.7266709987306967,99.69855099916458,224.15928656753306
1789436734,50,,Aggregated,160.100000,0.000000,11,14,17,19,25,30,39,47,72,92,100,24432,0,11,13.439952956337018,3.7266709987306967,99.69855099916458,224.14435985592667
1789436735,50,,Aggregated,160.200000,0.000000,11,14,17,19,25,30,38,47,72,92,100,24584,0,11,13.431436719948666,3.7266709987306967,99.69855099916458,224.1369996745851
1789436736,50,,Aggregated,159.600000,0.000000,11,14,17,19,25,30,38,47,72,92,100,24744,0,11,13.45223867972929,3.7266709987306967,99.69855099916458,224.13243614613643
1789436737,50,,Aggregated,158.800000,0.000000,11,14,17,19,25,30,39,48,73,92,100,24897,0,11,13.49313861430041,3.7266709987306967,99.69855099916458,224.11949230831024
1789436738,50,,Aggregated,158.400000,0.000000,11,14,17,19,25,30,39,48,72,92,100,25050,0,11,13.490562908352326,3.7266709987306967,99.69855099916458,224.10606786427147
1789436739,50,,Aggregated,157.300000,0.000000,11,14,17,19,25,30,39,47,72,92,100,25214,0,11,13.509792954637991,3.7266709987306967,99.69855099916458,224.10970095978425
1789436740,50,,Aggregated,157.400000,0.000000,11,14,17,19,25,30,39,47,72,92,100,25373,0,11,13.50368642412148,3.7266709987306967,99.69855099916458,224.11350648326962
1789436741,50,,Aggregated,155.900000,0.000000,11,14,17,19,25,30,39,48,72,92,100,25525,0,11,13.527217819206395,3.7266709987306967,99.69855099916458,224.088305582762
1789436742,50,,Aggregated,158.100000,0.000000,11,14,17,19,25,30,39,48,72,92,100,25685,0,11,13.518855699912459,3.7266709987306967,99.69855099916458,224.0745960677438
1789436743,50,,Aggregated,157.300000,0.000000,11,14,17,19,25,30,39,47,72,92,100,25839,0,11,13.51222534510872,3.7266709987306967,99.69855099916458,224.08169820813498
1789436744,50,,Aggregated,157.100000,0.000000,11,14,17,19,25,30,39,47,72,92,100,25999,0,11,13.510736343292695,3.7266709987306967,99.69855099916458,224.08108004154005
1789436745,50,,Aggregated,157.000000,0.000000,11,14,17,19,25,30,39,47,72,92,100,26159,0,11,13.492611655540115,3.7266709987306967,99.69855099916458,224.07676134408808
1789436746,50,,Aggregated,156.300000,0.000000,11,14,17,19,25,30,39,48,72,92,100,26322,0,11,13.507204005632953,3.7266709987306967,99.69855099916458,224.0714611351721
1789436747,50,,Aggregated,158.000000,0.000000,11,14,17,19,25,30,39,48,72,92,100,26480,0,11,13.499315258469675,3.7266709987306967,99.69855099916458,224.06748489425982
1789436748,50,,Aggregated,158.100000,0.000000,11,14,17,19,25,30,39,48,72,92,100,26629,0,11,13.517729567512133,3.7266709987306967,99.69855099916458,224.04784257764092
1789436749,50,,Aggregated,158.100000,0.000000,11,14,17,19,25,30,39,48,72,92,100,26793,0,11,13.51773542519624,3.7266709987306967,99.69855099916458,224.04863210540066
1789436750,50,,Aggregated,158.100000,0.000000,11,14,17,19,25,30,39,48,72,92,100,26967,0,11,13.516347958070309,3.7266709987306967,99.69855099916458,224.05818222271665
1789436751,50,,Aggregated,159.100000,0.000000,11,14,17,19,25,30,39,47,72,92,100,27115,0,11,13.50543840218639,3.7266709987306967,99.69855099916458,224.04399778720264
1789436752,50,,Aggregated,158.700000,0.000000,11,14,17,19,25,30,39,47,72,92,100,27277,0,11,13.503238836392791,3.7266709987306967,99.69855099916458,224.05345162591195
1789436753,50,,Aggregated,158.700000,0.000000,11,14,17,19,25,30,39,47,72,92,100,27448,0,11,13.481821372897311,3.7266709987306967,99.69855099916458,224.04302681433984
1789436754,50,,Aggregated,159.700000,0.000000,11,14,17,19,25,30,39,47,72,92,100,27605,0,11,13.507507074199868,3.7266709987306967,99.69855099916458,224.0536859264626
1789436755,50,,Aggregated,159.600000,0.000000,11,14,17,19,25,30,39,47,72,92,100,27753,0,11,13.493494720112578,3.7266709987306967,99.69855099916458,224.02994270889633
1789436756,50,,Aggregated,160.500000,0.000000,11,14,17,19,25,30,39,47,72,92,100,27923,0,11,13.492770519402466,3.7266709987306967,99.69855099916458,224.03864197972996
1789436757,50,,Aggregated,159.800000,0.000000,11,14,17,19,25,30,39,47,71,92,100,28097,0,11,13.491409337874957,3.7266709987306967,99.69855099916458,224.03790440260525
1789436758,50,,Aggregated,159.700000,0.000000,11,14,17,19,25,30,39,47,71,92,100,28257,0,11,13.49503204775017,3.7266709987306967,99.69855099916458,224.04568779417488
1789436759,50,,Aggregated,160.500000,0.000000,11,14,17,19,25,30,39,47,71,92,100,28415,0,11,13.501216209512004,3.7266709987306967,99.69855099916458,224.0533169100827
1789436760,50,,Aggregated,162.100000,0.000000,11,14,17,19,25,30,39,47,71,92,100,28571,0,11,13.493887274448362,3.7266709987306967,99.69855099916458,224.03591053865807
1789436761,50,,Aggregated,162.200000,0.000000,11,14,17,19,25,30,39,47,71,92,100,28733,0,11,13.475874550839206,3.7266709987306967,99.69855099916458,224.05401454773258
1789436762,50,,Aggregated,160.300000,0.000000,11,14,17,19,25,30,39,47,71,92,100,28891,0,11,13.478092671671494,3.7266709987306967,99.69855099916458,224.06818732477242
1789436763,50,,Aggregated,161.100000,0.000000,11,14,17,19,25,30,39,47,70,92,100,29052,0,11,13.477815287803416,3.7266709987306967,99.69855099916458,224.05231997797054
1789436764,50,,Aggregated,161.000000,0.000000,11,14,17,19,25,30,40,48,73,92,100,29205,0,11,13.53666286595712,3.7266709987306967,99.69855099916458,224.05766135935627
1789436765,50,,Aggregated,160.700000,0.000000,11,14,17,19,25,31,40,48,73,92,100,29358,0,11,13.556642643070406,3.7266709987306967,99.69855099916458,224.0445875059609
1789436766,50,,Aggregated,160.200000,0.000000,11,14,17,19,25,30,40,48,73,92,100,29520,0,11,13.546277000652688,3.7266709987306967,99.69855099916458,224.03912601626016
1789436767,50,,Aggregated,158.400000,0.000000,11,14,17,19,25,30,40,48,73,92,100,29683,0,11,13.530224259922532,3.7266709987306967,99.69855099916458,224.0578108681737
1789436768,50,,Aggregated,159.600000,0.000000,11,14,17,19,25,31,40,48,73,92,100,29832,0,11,13.553933694900447,3.7266709987306967,99.69855099916458,224.06275140788415
1789436769,50,,Aggregated,158.700000,0.000000,11,14,17,19,25,31,40,48,73,92,100,29992,0,11,13.552071398248415,3.7266709987306967,99.69855099916458,224.07265270738864
1789436770,50,,Aggregated,158.000000,0.000000,11,14,17,19,25,30,40,48,73,91,100,30146,0,11,13.549406200731815,3.7266709987306967,99.69855099916458,224.06405493266104
1789436771,50,,Aggregated,157.200000,0.000000,11,14,17,19,25,31,40,48,73,91,100,30313,0,11,13.559505955209476,3.7266709987306967,99.69855099916458,224.06046910566423
1789436772,50,,Aggregated,158.500000,0.000000,11,14,17,19,25,31,40,48,73,91,100,30473,0,11,13.556106634963742,3.7266709987306967,99.69855099916458,224.04883011190233
1789436773,50,,Aggregated,157.600000,0.000000,11,14,17,19,25,31,40,48,73,91,100,30623,0,11,13.555583205246272,3.7266709987306967,99.69855099916458,224.0552852431179
1789436774,50,,Aggregated,157.400000,0.000000,11,14,17,19,25,31,40,48,73,91,100,30784,0,11,13.544721442120752,3.7266709987306967,99.69855099916458,224.0539890852391
1789436775,50,,Aggregated,157.200000,0.000000,11,14,17,19,25,31,40,48,73,91,100,30944,0,11,13.567879252108682,3.7266709987306967,99.69855099916458,224.0447582730093
1789436776,50,,Aggregated,157.700000,0.000000,11,14,17,19,25,31,40,48,73,91,100,31109,0,11,13.568487404102994,3.7266709987306967,99.69855099916458,224.05483943553313
1789436777,50,,Aggregated,159.000000,0.000000,11,14,17,19,25,31,40,48,73,91,100,31272,0,11,13.576222814186584,3.7266709987306967,99.69855099916458,224.04758250191864
1789436778,50,,Aggregated,158.500000,0.000000,11,14,17,19,25,31,40,48,73,91,100,31421,0,11,13.568684584617374,3.7266709987306967,99.69855099916458,224.03997326628686
1789436779,50,,Aggregated,158.900000,0.000000,11,14,17,19,25,31,40,48,73,91,100,31580,0,11,13.566745581768547,3.7266709987306967,99.69855099916458,224.0372070930969
1789436780,50,,Aggregated,158.500000,0.000000,11,14,17,19,25,31,40,48,73,91,100,31731,0,11,13.563715755955899,3.7266709987306967,99.69855099916458,224.0326809744414
1789436781,50,,Aggregated,158.900000,0.000000,11,14,17,19,25,31,40,48,73,91,100,31889,0,11,13.561565933338839,3.7266709987306967,99.69855099916458,224.02107309730627
1789436782,50,,Aggregated,157.200000,0.000000,11,14,17,19,25,30,40,48,72,91,100,32053,0,11,13.546721519116682,3.7266709987306967,99.69855099916458,224.0344117555299
1789436783,50,,Aggregated,157.900000,0.000000,11,14,17,19,25,31,40,48,72,91,100,32208,0,11,13.554143079801396,3.7266709987306967,99.69855099916458,224.0323522106309
1789436784,50,,Aggregated,157.900000,0.000000,11,14,17,19,25,31,40,48,72,91,100,32372,0,11,13.571093647666391,3.7266709987306967,99.69855099916458,224.0325898924997
1789436785,50,,Aggregated,158.600000,0.000000,11,14,17,19,25,31,40,48,72,91,100,32536,0,11,13.564923177287907,3.7266709987306967,99.69855099916458,224.0245574133268
1789436786,50,,Aggregated,158.600000,0.000000,11,14,17,19,25,31,40,48,72,91,100,32701,0,11,13.555636435651463,3.7266709987306967,99.69855099916458,224.02158955383626
1789436787,50,,Aggregated,159.400000,0.000000,11,14,17,19,25,31,40,48,72,91,100,32857,0,11,13.545658480544063,3.7266709987306967,99.69855099916458,224.03807407858295
1789436788,50,,Aggregated,158.000000,0.000000,11,14,17,19,25,31,40,48,72,91,100,33025,0,11,13.53794360657776,3.7266709987306967,99.69855099916458,224.03297501892504
1789436789,50,,Aggregated,158.800000,0.000000,11,14,17,19,25,31,40,48,72,91,100,33184,0,11,13.528717332818351,3.7266709987306967,99.69855099916458,224.04333413693345
1789436790,50,,Aggregated,159.500000,0.000000,11,14,17,19,25,31,40,48,72,91,100,33339,0,11,13.545581819228284,3.7266709987306967,99.69855099916458,224.05096133657278
1789436791,50,,Aggregated,160.000000,0.000000,11,14,17,19,25,31,40,48,72,91,100,33497,0,11,13.549573588298816,3.7266709987306967,99.69855099916458,224.04675045526466
1789436792,50,,Aggregated,161.000000,0.000000,11,14,17,19,25,31,40,48,72,91,100,33666,0,11,13.545160518750132,3.7266709987306967,99.69855099916458,224.0460108120953
1789436793,50,,Aggregated,160.300000,0.000000,11,14,17,19,25,31,40,48,72,91,100,33838,0,11,13.539061750405912,3.7266709987306967,99.69855099916458,224.0513032685147
1789436794,50,,Aggregated,160.600000,0.000000,11,14,17,19,25,31,40,48,72,91,100,33992,0,11,13.521591217028844,3.7266709987306967,99.69855099916458,224.04874676394445
1789436795,50,,Aggregated,161.400000,0.000000,11,14,17,19,25,31,40,48,72,91,100,34158,0,11,13.516909007619223,3.7266709987306967,99.69855099916458,224.0436793723286
1789436796,50,,Aggregated,161.500000,0.000000,11,14,17,19,25,30,40,48,72,91,100,34319,0,11,13.51265503165187,3.7266709987306967,99.69855099916458,224.0597628136018
1789436797,50,,Aggregated,161.900000,0.000000,11,14,17,19,25,30,40,48,72,91,100,34477,0,11,13.507267409642695,3.7266709987306967,99.69855099916458,224.07506453577747
1789436798,50,,Aggregated,161.800000,0.000000,11,14,17,19,25,31,40,48,73,91,100,34634,0,11,13.526442291223674,3.7266709987306967,99.69855099916458,224.06897846047238
1789436799,50,,Aggregated,162.300000,0.000000,11,14,17,19,25,31,40,49,74,91,100,34804,0,11,13.564935654414548,3.7266709987306967,99.69855099916458,224.05930352833008
1789436800,50,,Aggregated,162.200000,0.000000,11,14,17,19,25,31,40,49,74,91,100,34956,0,11,13.561235116668088,3.7266709987306967,99.69855099916458,224.05947476828013
1789436801,50,,Aggregated,161.200000,0.000000,11,14,17,19,25,31,40,49,73,91,100,35112,0,11,13.568971913255286,3.7266709987306967,99.69855099916458,224.0774948735475
1789436802,50,,Aggregated,161.500000,0.000000,11,14,17,19,25,31,40,49,73,91,100,35270,0,11,13.561745180952792,3.7266709987306967,99.69855099916458,224.0772327757301
1789436803,50,,Aggregated,161.100000,0.000000,11,14,17,19,25,31,40,49,73,91,100,35443,0,11,13.552449237485712,3.7266709987306967,99.69855099916458,224.07730722568633
1789436804,50,,Aggregated,160.400000,0.000000,11,14,17,19,25,31,40,49,73,91,100,35588,0,11,13.550000671327906,3.7266709987306967,99.69855099916458,224.0773013375295
1789436805,50,,Aggregated,160.700000,0.000000,11,14,17,19,25,31,40,49,73,91,100,35756,0,11,13.541281775149178,3.7266709987306967,99.69855099916458,224.08764962523773
1789436806,50,,Aggregated,159.900000,0.000000,11,14,17,19,25,31,40,49,73,91,100,35915,0,11,13.534860378177783,3.7266709987306967,99.69855099916458,224.0769038006404
1789436807,50,,Aggregated,158.900000,0.000000,11,14,17,19,25,30,40,49,73,91,100,36073,0,11,13.520488601149344,3.7266709987306967,99.69855099916458,224.07734316524824
1789436808,50,,Aggregated,161.000000,0.000000,11,14,17,19,25,30,40,49,73,91,100,36227,0,11,13.51384197336961,3.7266709987306967,99.69855099916458,224.08330802992242
1789436809,50,,Aggregated,158.700000,0.000000,11,14,17,19,25,30,40,49,73,91,100,36380,0,11,13.52094142460898,3.7266709987306967,99.69855099916458,224.07916437603077
1789436810,50,,Aggregated,158.000000,0.000000,11,14,17,19,25,30,40,48,73,91,100,36550,0,11,13.515228397927524,3.7266709987306967,99.69855099916458,224.0816415868673
1789436811,50,,Aggregated,158.700000,0.000000,11,14,17,19,25,30,40,48,73,91,100,36706,0,11,13.505889807995036,3.7266709987306967,99.69855099916458,224.08775132130987
1789436812,50,,Aggregated,158.800000,0.000000,11,14,17,19,25,30,40,48,73,91,100,36867,0,11,13.50528369208993,3.7266709987306967,99.69855099916458,224.09165378251552
1789436813,50,,Aggregated,159.900000,0.000000,11,14,17,19,25,30,40,48,73,91,100,37018,0,11,13.498554379255928,3.7266709987306967,99.69855099916458,224.08884866821546
1789436814,50,,Aggregated,159.500000,0.000000,11,14,17,19,25,30,40,48,73,91,100,37169,0,11,13.502173852869257,3.7266709987306967,99.69855099916458,224.09217358551481
1789436815,50,,Aggregated,158.500000,0.000000,11,14,17,19,25,30,40,49,73,91,100,37328,0,11,13.499545361666618,3.7266709987306967,99.69855099916458,224.11198028289755
1789436816,50,,Aggregated,157.500000,0.000000,11,14,17,19,25,30,40,49,73,91,100,37487,0,11,13.499410467076508,3.7266709987306967,99.69855099916458,224.11523994984927
1789436817,50,,Aggregated,157.700000,0.000000,11,14,17,19,25,30,40,48,73,91,100,37645,0,11,13.50065107544933,3.7266709987306967,99.69855099916458,224.09916323548944
1789436818,50,,Aggregated,156.000000,0.000000,11,14,17,19,25,30,40,48,73,91,100,37800,0,11,13.489902894002434,3.7266709987306967,99.69855099916458,224.1031746031746
1789436819,50,,Aggregated,156.700000,0.000000,11,14,17,19,25,30,40,49,75,91,100,37965,0,11,13.502790475129574,3.7266709987306967,99.69855099916458,224.1026735150797
1789436820,50,,Aggregated,157.000000,0.000000,11,14,17,19,25,30,40,49,74,91,100,38117,0,11,13.510618404945538,3.7266709987306967,99.69855099916458,224.09491827793374
1789436821,50,,Aggregated,156.300000,0.000000,11,14,17,19,25,30,40,50,75,91,100,38279,0,11,13.529035547592887,3.7266709987306967,99.69855099916458,224.09778207372187
1789436822,50,,Aggregated,156.400000,0.000000,11,14,17,19,25,30,40,49,75,91,100,38440,0,11,13.524356063041264,3.7266709987306967,99.69855099916458,224.09771071800208
1789436823,50,,Aggregated,156.000000,0.000000,11,14,17,19,25,30,40,50,75,91,100,38591,0,11,13.551794400282303,3.7266709987306967,99.69855099916458,224.09841672928923
1789436824,50,,Aggregated,157.100000,0.000000,11,14,17,19,25,31,40,50,75,91,100,38754,0,11,13.553107262999808,3.7266709987306967,99.69855099916458,224.1132270217268
1789436825,50,,Aggregated,155.800000,0.000000,11,14,17,19,25,31,40,50,75,91,100,38910,0,11,13.554597664926469,3.7266709987306967,99.69855099916458,224.11051143664866
1789436826,50,,Aggregated,157.000000,0.000000,11,14,17,19,25,30,40,50,75,91,100,39071,0,11,13.545582882119362,3.7266709987306967,99.69855099916458,224.10478359908885
1789436827,50,,Aggregated,157.500000,0.000000,11,14,17,19,25,31,40,50,75,91,100,39228,0,11,13.545824004799739,3.7266709987306967,99.69855099916458,224.09895992658306
1789436828,50,,Aggregated,158.400000,0.000000,11,14,17,19,25,31,40,50,75,91,100,39391,0,11,13.545251512154282,3.7266709987306967,99.69855099916458,224.09398085857177
1789436829,50,,Aggregated,158.300000,0.000000,11,14,17,19,25,30,40,50,75,91,100,39551,0,11,13.541745279367412,3.7266709987306967,99.69855099916458,224.0979241991353
1789436830,50,,Aggregated,158.400000,0.000000,11,14,17,19,25,30,40,50,75,91,100,39714,0,11,13.53245234429324,3.7266709987306967,99.69855099916458,224.0972201238858
1789436831,50,,Aggregated,159.300000,0.000000,11,14,17,19,25,30,40,50,75,91,100,39859,0,11,13.5299586869534,3.7266709987306967,99.69855099916458,224.09641486238993
1789436832,50,,Aggregated,159.200000,0.000000,11,14,17,19,25,30,40,49,74,91,100,40020,0,11,13.537144139887083,3.7266709987306967,99.69855099916458,224.0859820089955
1789436833,50,,Aggregated,158.400000,0.000000,11,14,17,19,25,30,40,49,74,91,100,40183,0,11,13.524959074939137,3.7266709987306967,99.69855099916458,224.09053579872085
1789436834,50,,Aggregated,158.200000,0.000000,11,14,17,19,25,30,40,49,74,91,100,40340,0,11,13.528811174647124,3.7266709987306967,99.69855099916458,224.08889439762024
1789436835,50,,Aggregated,159.200000,0.000000,11,14,17,19,25,30,40,49,74,91,100,40505,0,11,13.5176931597891,3.7266709987306967,99.69855099916458,224.10450561659056
1789436836,50,,Aggregated,159.900000,0.000000,11,14,17,19,25,30,40,49,74,91,100,40659,0,11,13.530444938642665,3.7266709987306967,99.69855099916458,224.1034211367717
1789436837,50,,Aggregated,158.900000,0.000000,11,14,17,19,25,30,40,49,74,91,100,40823,0,11,13.526337558662446,3.7266709987306967,99.69855099916458,224.1014379149009
1789436838,50,,Aggregated,158.700000,0.000000,11,14,17,19,25,30,40,49,74,91,100,40988,0,11,13.534529807706495,3.7266709987306967,99.69855099916458,224.1058846491656
1789436839,50,,Aggregated,159.200000,0.000000,11,14,17,19,25,30,40,49,74,91,100,41156,0,11,13.526638605483342,3.7266709987306967,99.69855099916458,224.09911070074838
1789436840,50,,Aggregated,159.100000,0.000000,11,14,17,19,25,30,40,49,74,91,100,41312,0,11,13.51804379769236,3.7266709987306967,99.69855099916458,224.08784372579396
1789436841,50,,Aggregated,159.800000,0.000000,11,14,17,19,25,30,40,49,74,91,100,41472,0,11,13.512660892150397,3.7266709987306967,99.69855099916458,224.08711902006172
1789436842,50,,Aggregated,160.200000,0.000000,11,14,17,19,25,30,40,49,74,91,100,41630,0,11,13.517781475432898,3.7266709987306967,99.69855099916458,224.0985827528225
1789436843,50,,Aggregated,160.400000,0.000000,11,14,17,19,25,30,40,49,74,91,100,41801,0,11,13.509984455760911,3.7266709987306967,99.69855099916458,224.1056194827875
1789436844,50,,Aggregated,161.100000,0.000000,11,14,17,19,25,30,40,49,74,91,100,41946,0,11,13.508888877515178,3.7266709987306967,99.69855099916458,224.09037810518285
1789436845,50,,Aggregated,160.900000,0.000000,11,14,17,19,25,30,40,49,74,91,100,42107,0,11,13.514765279674304,3.7266709987306967,99.69855099916458,224.08943881064906
1789436846,50,,Aggregated,160.600000,0.000000,11,14,17,19,25,30,40,49,74,91,100,42271,0,11,13.514562371442379,3.7266709987306967,99.69855099916458,224.08348513165055
1789436847,50,,Aggregated,160.500000,0.000000,11,14,17,19,25,30,40,49,74,91,100,42416,0,11,13.513302922959008,3.7266709987306967,99.69855099916458,224.09451622029422
1789436848,50,,Aggregated,160.500000,0.000000,11,14,17,19,25,30,40,49,74,91,100,42577,0,11,13.521379573977308,3.7266709987306967,99.69855099916458,224.0925147380041
1789436849,50,,Aggregated,159.500000,0.000000,11,14,17,19,25,30,40,49,74,91,100,42732,0,11,13.52197846698569,3.7266709987306967,99.69855099916458,224.1024758962838
1789436850,50,,Aggregated,158.900000,0.000000,11,14,17,19,25,30,40,49,74,91,100,42901,0,11,13.529579463257713,3.7266709987306967,99.69855099916458,224.10375049532644
1789436851,50,,Aggregated,158.200000,0.000000,11,14,17,19,25,30,40,49,74,91,100,43058,0,11,13.526335760189141,3.7266709987306967,99.69855099916458,224.109433786985
1789436852,50,,Aggregated,158.000000,0.000000,11,14,17,19,25,30,40,49,74,91,100,43212,0,11,13.53206966241384,3.7266709987306967,99.69855099916458,224.11649541793946
1789436853,50,,Aggregated,159.000000,0.000000,11,14,17,19,25,31,40,49,74,91,100,43380,0,11,13.53605613529802,3.7266709987306967,99.69855099916458,224.11772706316276
1789436854,50,,Aggregated,157.100000,0.000000,11,14,17,19,25,31,40,48,74,91,100,43545,0,11,13.540561680152527,3.7266709987306967,99.69855099916458,224.1309909289241
1789436855,50,,Aggregated,158.000000,0.000000,11,14,17,19,25,30,40,48,74,91,100,43706,0,11,13.53697394358317,3.7266709987306967,99.69855099916458,224.124673957809
1789436856,50,,Aggregated,158.800000,0.000000,11,14,17,19,25,30,40,48,74,91,100,43887,0,11,13.536323851168891,3.7266709987306967,99.69855099916458,224.12951443479847
1789436857,50,,Aggregated,159.600000,0.000000,11,14,17,19,25,30,40,48,74,91,100,44035,0,11,13.53384215910646,3.7266709987306967,99.69855099916458,224.12494606562962
1789436858,50,,Aggregated,160.100000,0.000000,11,14,17,19,25,30,40,48,74,91,100,44204,0,11,13.52671064282056,3.7266709987306967,99.69855099916458,224.1307573975206
1789436859,50,,Aggregated,162.100000,0.000000,11,14,17,19,25,30,40,48,74,91,100,44364,0,11,13.527474005325013,3.7266709987306967,99.69855099916458,224.1405193400054
1789436860,50,,Aggregated,163.100000,0.000000,11,14,17,19,25,30,39,48,74,91,100,44516,0,11,13.528927800144732,3.7266709987306967,99.69855099916458,224.13330038637793
1789436861,50,,Aggregated,162.600000,0.000000,11,14,17,19,25,30,39,48,74,91,100,44675,0,11,13.525899084929899,3.7266709987306967,99.69855099916458,224.11905987688863
1789436862,50,,Aggregated,162.000000,0.000000,11,14,17,19,25,30,39,48,74,91,100,44827,0,11,13.524749089795405,3.7266709987306967,99.69855099916458,224.11414995426864
1789436863,50,,Aggregated,161.600000,0.000000,11,14,17,19,25,30,39,48,74,91,100,44984,0,11,13.524428242514361,3.7266709987306967,99.69855099916458,224.11319580295216
1789436864,50,,Aggregated,161.900000,0.000000,11,14,17,19,25,30,39,48,74,91,100,45142,0,11,13.518358918440876,3.7266709987306967,99.69855099916458,224.1160116964246
1789436865,50,,Aggregated,161.000000,0.000000,11,14,17,19,25,30,39,48,74,91,100,45313,0,11,13.514795990538598,3.7266709987306967,99.69855099916458,224.12435724847174
1789436866,50,,Aggregated,159.600000,0.000000,11,14,17,19,25,30,39,48,74,91,100,45466,0,11,13.506845120359433,3.7266709987306967,99.69855099916458,224.1376193199314
1789436867,50,,Aggregated,160.000000,0.000000,11,14,17,19,25,30,39,48,74,91,100,45623,0,11,13.503387599045642,3.7266709987306967,99.69855099916458,224.1315126142516
1789436868,50,,Aggregated,159.500000,0.000000,11,14,17,19,25,30,39,48,74,91,100,45788,0,11,13.499069716700326,3.7266709987306967,99.69855099916458,224.12924783786144
1789436869,50,,Aggregated,157.700000,0.000000,11,14,17,19,25,30,39,48,74,91,100,45949,0,11,13.502125985642293,3.7266709987306967,99.69855099916458,224.12213541099916
1789436870,50,,Aggregated,158.300000,0.000000,11,14,17,19,25,30,39,48,74,91,100,46107,0,11,13.502500193100502,3.7266709987306967,99.69855099916458,224.11833344177674
1789436871,50,,Aggregated,158.700000,0.000000,11,14,17,19,25,30,39,48,74,91,100,46272,0,11,13.499048090470968,3.7266709987306967,99.69855099916458,224.11482105809128
1789436872,50,,Aggregated,158.800000,0.000000,11,14,17,19,25,30,39,48,74,91,100,46424,0,11,13.495548246990328,3.7266709987306967,99.69855099916458,224.11013699810442
1789436873,50,,Aggregated,158.700000,0.000000,11,14,17,19,25,30,39,48,74,91,100,46586,0,11,13.493493304432468,3.7266709987306967,99.69855099916458,224.1125660069549
1789436874,50,,Aggregated,159.700000,0.000000,11,14,17,19,25,30,39,48,74,91,100,46743,0,11,13.491188037273732,3.7266709987306967,99.69855099916458,224.10968487260124
1789436875,50,,Aggregated,159.500000,0.000000,11,14,17,19,25,30,39,48,74,91,100,46903,0,11,13.511376082196913,3.7266709987306967,99.69855099916458,224.10029209219027
1789436876,50,,Aggregated,159.900000,0.000000,11,14,17,19,25,30,39,48,74,91,100,47072,0,11,13.504415510437024,3.7266709987306967,99.69855099916458,224.09742522093813
1789436877,50,,Aggregated,159.000000,0.000000,11,14,17,19,25,30,39,48,74,91,100,47238,0,11,13.492942400552664,3.7266709987306967,99.69855099916458,224.09636309750624
1789436878,50,,Aggregated,159.600000,0.000000,11,14,17,19,25,30,39,48,74,91,100,47393,0,11,13.489735334591495,3.7266709987306967,99.69855099916458,224.08994999261495
1789436879,50,,Aggregated,161.200000,0.000000,11,14,17,19,25,30,39,48,74,91,100,47550,0,11,13.49268307519037,3.7266709987306967,99.69855099916458,224.09577287066247
1789436880,50,,Aggregated,160.600000,0.000000,11,14,17,19,25,30,39,48,74,91,100,47707,0,11,13.49382791232546,3.7266709987306967,99.69855099916458,224.0900706395288
1789436881,50,,Aggregated,159.900000,0.000000,11,14,17,19,25,30,39,48,74,91,100,47871,0,11,13.494979250951534,3.7266709987306967,99.69855099916458,224.08439347412838
1789436882,50,,Aggregated,159.600000,0.000000,11,14,17,19,25,30,39,48,74,91,100,48021,0,11,13.495702591872133,3.7266709987306967,99.69855099916458,224.09518752212574
1789436883,50,,Aggregated,159.700000,0.000000,11,14,17,19,25,30,39,48,74,91,100,48187,0,11,13.494853896949227,3.7266709987306967,99.69855099916458,224.0962500259406
1789436884,50,,Aggregated,159.300000,0.000000,11,14,17,19,25,30,39,48,74,91,100,48342,0,11,13.50075557166175,3.7266709987306967,99.69855099916458,224.0963965082123
1789436885,50,,Aggregated,160.300000,0.000000,11,14,17,19,25,30,39,48,74,91,100,48504,0,11,13.507051011035482,3.7266709987306967,99.69855099916458,224.10244515916213
1789436886,50,,Aggregated,159.100000,0.000000,11,14,17,19,25,30,39,48,74,91,100,48670,0,11,13.518422882807865,3.7266709987306967,99.69855099916458,224.09794534620917
1789436887,50,,Aggregated,160.400000,0.000000,11,14,17,19,25,30,39,48,74,91,100,48831,0,11,13.521618513470145,3.7266709987306967,99.69855099916458,224.09807294546496
1789436888,50,,Aggregated,160.100000,0.000000,11,14,17,19,25,30,39,48,74,91,100,48995,0,11,13.52436751630283,3.7266709987306967,99.69855099916458,224.10478620267375
1789436889,50,,Aggregated,159.200000,0.000000,11,14,17,19,25,30,39,48,74,91,100,49150,0,11,13.522729431683588,3.7266709987306967,99.69855099916458,224.1079552390641
1789436890,50,,Aggregated,158.800000,0.000000,11,14,17,19,25,30,39,47,74,91,100,49311,0,11,13.51959095115201,3.7266709987306967,99.69855099916458,224.11893897913245
1789436891,50,,Aggregated,159.700000,0.000000,11,14,17,19,25,30,39,47,74,91,100,49472,0,11,13.519342518561206,3.7266709987306967,99.69855099916458,224.1170561125485
1789436892,50,,Aggregated,160.500000,0.000000,11,14,17,19,25,30,39,47,74,91,100,49632,0,11,13.513391452475462,3.7266709987306967,99.69855099916458,224.1249194068343
1789436893,50,,Aggregated,159.500000,0.000000,11,14,17,19,25,30,39,47,74,91,100,49807,0,11,13.507964963865934,3.7266709987306967,99.69855099916458,224.13469994177524
1789436894,50,,Aggregated,160.100000,0.000000,11,14,17,19,25,30,39,48,74,91,100,49967,0,11,13.514375356400917,3.7266709987306967,99.69855099916458,224.14159345167812
1789436895,50,,Aggregated,160.900000,0.000000,11,14,17,19,25,30,39,48,74,91,100,50131,0,11,13.524031460059893,3.7266709987306967,99.69855099916458,224.14543894995114
1789436896,50,,Aggregated,161.900000,0.000000,11,14,17,19,25,31,39,48,74,91,100,50288,0,11,13.533011014203261,3.7266709987306967,99.69855099916458,224.1570752465797
1789436897,50,,Aggregated,162.100000,0.000000,11,14,17,19,25,31,39,47,74,91,100,50442,0,11,13.53387395603351,3.7266709987306967,99.69855099916458,224.15041037230878
1789436898,50,,Aggregated,162.400000,0.000000,11,14,17,19,25,31,39,48,74,91,100,50620,0,11,13.53776451329981,3.7266709987306967,99.69855099916458,224.14873567759778
1789436899,50,,Aggregated,161.700000,0.000000,11,14,17,19,25,31,39,48,74,91,100,50767,0,11,13.536645750767999,3.7266709987306967,99.69855099916458,224.1558689700002
1789436900,50,,Aggregated,162.200000,0.000000,11,14,17,19,25,31,39,48,74,91,100,50924,0,11,13.543175850801646,3.7266709987306967,99.69855099916458,224.15896237530438
1789436901,50,,Aggregated,161.800000,0.000000,11,14,17,19,25,31,39,48,74,91,100,51084,0,11,13.538216141868581,3.7266709987306967,99.69855099916458,224.16382820452588
1789436902,50,,Aggregated,161.500000,0.000000,11,14,17,19,25,31,40,48,74,91,100,51242,0,11,13.566710841755077,3.7266709987306967,99.69855099916458,224.1617813512353
1789436903,50,,Aggregated,162.100000,0.000000,11,14,17,19,25,31,40,48,74,91,100,51413,0,11,13.569209261416496,3.7266709987306967,99.69855099916458,224.16381070935367
1789436904,50,,Aggregated,162.100000,0.000000,11,14,17,19,25,31,40,48,74,91,100,51571,0,11,13.584615515661783,3.7266709987306967,99.69855099916458,224.15894591921816
1789436905,50,,Aggregated,160.400000,0.000000,11,14,17,19,25,31,40,48,74,91,100,51740,0,11,13.596526028897825,3.7266709987306967,99.69855099916458,224.15726710475454
1789436906,50,,Aggregated,161.200000,0.000000,11,14,17,19,25,31,40,48,74,91,100,51899,0,11,13.592609757609697,3.7266709987306967,99.69855099916458,224.155128229831
1789436907,50,,Aggregated,160.700000,0.000000,11,14,17,19,25,31,40,48,74,91,100,52072,0,11,13.587601305887459,3.7266709987306967,99.69855099916458,224.15576509448456
1789436908,50,,Aggregated,159.600000,0.000000,11,14,17,19,25,31,40,48,74,91,100,52223,0,11,13.598359853650031,3.7266709987306967,99.69855099916458,224.15533385672978
1789436909,50,,Aggregated,161.400000,0.000000,11,14,17,19,25,31,40,48,74,91,100,52379,0,11,13.603035891486229,3.7266709987306967,99.69855099916458,224.15662765612174
1789436910,50,,Aggregated,162.000000,0.000000,11,14,17,19,25,31,40,48,74,91,100,52529,0,11,13.607187287539476,3.7266709987306967,99.69855099916458,224.15570446800814
1789436911,50,,Aggregated,160.500000,0.000000,11,14,17,19,25,31,40,48,74,91,100,52685,0,11,13.607449982445768,3.7266709987306967,99.69855099916458,224.15611654171016
1789436912,50,,Aggregated,160.100000,0.000000,11,14,17,19,25,31,40,48,74,91,100,52851,0,11,13.611274155572444,3.7266709987306967,99.69855099916458,224.15613706457776
1789436913,50,,Aggregated,159.600000,0.000000,11,14,17,19,25,31,40,48,74,91,100,53015,0,11,13.606076483733968,3.7266709987306967,99.69855099916458,224.15340941243045
1789436914,50,,Aggregated,160.000000,0.000000,11,14,17,19,25,31,40,48,74,91,100,53176,0,11,13.611386872953123,3.7266709987306967,99.69855099916458,224.15721378065294
1789436915,50,,Aggregated,160.700000,0.000000,11,15,17,19,25,31,39,48,74,91,100,53341,0,11,13.616958548492686,3.7266709987306967,99.69855099916458,224.1540466058004
1789436916,50,,Aggregated,160.800000,0.000000,11,15,17,19,25,31,40,48,74,91,100,53497,0,11,13.626152103074034,3.7266709987306967,99.69855099916458,224.14741013514777
1789436917,50,,Aggregated,159.900000,0.000000,11,15,17,19,25,31,39,48,74,91,100,53658,0,11,13.621082841387185,3.7266709987306967,99.69855099916458,224.14283051921427
1789436918,50,,Aggregated,160.600000,0.000000,11,15,17,19,25,31,39,48,74,91,100,53812,0,11,13.622643563873552,3.7266709987306967,99.69855099916458,224.14076785847024
1789436919,50,,Aggregated,159.300000,0.000000,11,15,17,19,25,31,39,48,74,91,100,53979,0,11,13.622505773007102,3.7266709987306967,99.69855099916458,224.14020267140924
1789436920,50,,Aggregated,158.100000,0.000000,11,15,17,19,25,31,39,48,74,91,100,54138,0,11,13.62277783302202,3.7266709987306967,99.69855099916458,224.14095459751007
1789436921,50,,Aggregated,158.300000,0.000000,11,15,17,19,25,31,39,48,74,91,100,54292,0,11,13.612814530946515,3.7266709987306967,99.69855099916458,224.13992853459072
1789436922,50,,Aggregated,160.200000,0.000000,11,15,17,19,25,31,39,48,74,91,100,54454,0,11,13.623216712971415,3.7266709987306967,99.69855099916458,224.13850222205897
1789436923,50,,Aggregated,160.700000,0.000000,11,15,17,19,25,31,39,48,74,91,100,54597,0,11,13.622447085355178,3.7266709987306967,99.69855099916458,224.14458669890286
1789436924,50,,Aggregated,160.100000,0.000000,11,15,17,19,25,31,39,48,74,91,100,54754,0,11,13.61998447647899,3.7266709987306967,99.69855099916458,224.13630054425246
1789436925,50,,Aggregated,159.200000,0.000000,11,15,17,19,25,31,39,48,74,91,100,54915,0,11,13.616833828191512,3.7266709987306967,99.69855099916458,224.1345169807885
1789436926,50,,Aggregated,158.200000,0.000000,11,15,17,19,25,31,39,48,74,91,100,55072,0,11,13.627881120916744,3.7266709987306967,99.69855099916458,224.13215427077282
1789436927,50,,Aggregated,158.200000,0.000000,11,15,17,19,25,31,40,48,74,91,100,55233,0,11,13.639681216666322,3.7266709987306967,99.69855099916458,224.1246537396122
1789436928,50,,Aggregated,156.900000,0.000000,11,15,17,19,25,31,40,48,74,91,100,55389,0,11,13.636331193434351,3.7266709987306967,99.69855099916458,224.1254761775804
1789436929,50,,Aggregated,155.900000,0.000000,11,15,17,19,25,31,40,48,74,91,100,55550,0,11,13.639105820344563,3.7266709987306967,99.69855099916458,224.1333393339334
1789436930,50,,Aggregated,156.800000,0.000000,11,15,17,19,25,31,39,48,74,91,100,55711,0,11,13.637573106085737,3.7266709987306967,99.69855099916458,224.13227190321481
1789436931,50,,Aggregated,158.400000,0.000000,11,15,17,19,25,31,39,48,74,91,100,55873,0,11,13.634241320031911,3.7266709987306967,99.69855099916458,224.13088611672902
1789436932,50,,Aggregated,156.600000,0.000000,11,15,17,19,25,31,39,48,74,91,100,56033,0,11,13.627426765462298,3.7266709987306967,99.69855099916458,224.13452786750665
1789436933,50,,Aggregated,158.000000,0.000000,11,15,17,19,25,31,39,48,74,91,100,56194,0,11,13.631272147651906,3.7266709987306967,99.69855099916458,224.1362956899313
1789436934,50,,Aggregated,157.200000,0.000000,11,15,17,19,25,31,39,48,74,91,100,56351,0,11,13.635710082645275,3.7266709987306967,99.69855099916458,224.1305211974943
1789436935,50,,Aggregated,157.800000,0.000000,11,15,17,19,25,31,39,48,74,91,100,56507,0,11,13.631281958892545,3.7266709987306967,99.69855099916458,224.12566584670927
1789436936,50,,Aggregated,159.300000,0.000000,11,15,17,19,25,31,39,48,74,91,100,56655,0,11,13.634116977092027,3.7266709987306967,99.69855099916458,224.13001500308886
1789436937,50,,Aggregated,158.800000,0.000000,11,15,17,19,25,31,39,48,74,91,100,56824,0,11,13.634795524974274,3.7266709987306967,99.69855099916458,224.12526397296918
1789436938,50,,Aggregated,159.000000,0.000000,11,15,17,19,25,31,39,48,74,91,100,56987,0,11,13.637448174235177,3.7266709987306967,99.69855099916458,224.1225367189008
1789436939,50,,Aggregated,159.700000,0.000000,11,15,17,19,25,31,39,48,74,91,100,57149,0,11,13.639133340393448,3.7266709987306967,99.69855099916458,224.12780626082696
1789436940,50,,Aggregated,160.300000,0.000000,11,15,17,19,25,31,39,48,74,91,100,57314,0,11,13.637036858396536,3.7266709987306967,99.69855099916458,224.13455700177968
1789436941,50,,Aggregated,159.400000,0.000000,11,15,17,19,25,31,39,48,74,91,100,57470,0,11,13.631906388465735,3.7266709987306967,99.69855099916458,224.140055681225
1789436942,50,,Aggregated,159.900000,0.000000,11,15,17,19,25,31,39,48,74,91,100,57630,0,11,13.62717074752957,3.7266709987306967,99.69855099916458,224.1497483949332
1789436943,50,,Aggregated,158.900000,0.000000,11,15,17,19,25,31,39,48,74,91,100,57798,0,11,13.624656474308926,3.7266709987306967,99.69855099916458,224.16597460119726
1789436944,50,,Aggregated,159.900000,0.000000,11,15,17,19,25,31,39,48,74,91,100,57959,0,11,13.626304365070098,3.7266709987306967,99.69855099916458,224.1554892251419
1789436945,50,,Aggregated,159.700000,0.000000,11,15,17,19,25,31,39,48,74,91,100,58113,0,11,13.630722558895409,3.7266709987306967,99.69855099916458,224.15440607093078
1789436946,50,,Aggregated,159.400000,0.000000,11,15,17,19,25,31,39,48,74,91,100,58275,0,11,13.638279341777602,3.7266709987306967,99.69855099916458,224.14671814671814
1789436947,50,,Aggregated,160.600000,0.000000,11,15,17,19,25,31,39,48,74,91,100,58429,0,11,13.642186159032175,3.7266709987306967,99.69855099916458,224.1441749816016
1789436948,50,,Aggregated,160.400000,0.000000,11,15,17,19,25,31,39,48,74,91,100,58591,0,11,13.643737634211899,3.7266709987306967,99.69855099916458,224.1294908774385
1789436949,50,,Aggregated,161.300000,0.000000,11,15,17,19,25,31,39,48,74,91,100,58750,0,11,13.647147214963592,3.7266709987306967,99.69855099916458,224.13635744680852
1789436950,50,,Aggregated,159.700000,0.000000,11,15,17,19,25,31,39,48,74,91,100,58902,0,11,13.65190520383222,3.7266709987306967,99.69855099916458,224.12919765033445
1789436951,50,,Aggregated,160.500000,0.000000,11,15,17,19,25,31,39,48,74,91,100,59058,0,11,13.66179699460056,3.7266709987306967,99.69855099916458,224.12276067594567
1789436952,50,,Aggregated,159.900000,0.000000,11,15,18,19,25,31,39,47,74,91,100,59214,0,11,13.670263898100348,3.7266709987306967,99.69855099916458,224.12468335191002
1789436953,50,,Aggregated,158.900000,0.000000,11,15,18,19,25,31,39,47,74,91,100,59371,0,11,13.673531280290511,3.7266709987306967,99.69855099916458,224.12634114298226
1789436954,50,,Aggregated,157.700000,0.000000,11,15,18,19,25,31,39,47,74,91,100,59532,0,11,13.6748832543699,3.7266709987306967,99.69855099916458,224.1277800174696
1789436955,50,,Aggregated,158.400000,0.000000,11,15,18,19,25,31,39,48,74,91,100,59685,0,11,13.686469691935287,3.7266709987306967,99.69855099916458,224.13341710647566
1789436956,50,,Aggregated,157.200000,0.000000,11,15,18,19,25,31,39,48,74,91,100,59850,0,11,13.686414094171262,3.7266709987306967,99.69855099916458,224.13617376775272
1789436957,50,,Aggregated,156.700000,0.000000,11,15,18,19,25,31,39,47,74,91,100,60018,0,11,13.68421136700902,3.7266709987306967,99.69855099916458,224.14360691792461
1789436958,50,,Aggregated,157.400000,0.000000,11,15,18,19,25,31,39,48,74,91,100,60172,0,11,13.68615209416601,3.7266709987306967,99.69855099916458,224.14634713820382
1789436959,50,,Aggregated,157.200000,0.000000,11,15,18,19,25,31,39,48,75,110,190,60324,0,11,13.7033381215959,3.7266709987306967,191.42619200101763,224.14349181088787
1789436960,50,,Aggregated,158.300000,0.000000,11,15,18,19,25,31,40,48,75,110,190,60479,0,11,13.71796466532424,3.7266709987306967,191.42619200101763,224.14214851436034
1789436961,50,,Aggregated,157.700000,0.000000,11,15,18,19,25,31,40,48,75,110,190,60633,0,11,13.718610426205867,3.7266709987306967,191.42619200101763,224.14198538749525
1789436962,50,,Aggregated,156.700000,0.000000,11,15,18,19,25,31,40,48,75,110,190,60797,0,11,13.717133235145551,3.7266709987306967,191.42619200101763,224.14293468427718
1789436963,50,,Aggregated,157.400000,0.000000,11,15,18,20,25,31,40,48,75,110,190,60951,0,11,13.722837852244291,3.7266709987306967,191.42619200101763,224.13783202900692
1789436964,50,,Aggregated,158.000000,0.000000,11,15,18,20,25,31,40,48,74,110,190,61100,0,11,13.724964241213787,3.7266709987306967,191.42619200101763,224.12847790507365
1789436965,50,,Aggregated,157.700000,0.000000,11,15,18,20,25,31,40,48,74,110,190,61262,0,11,13.72677637571651,3.7266709987306967,191.42619200101763,224.13096209722178
1789436966,50,,Aggregated,157.000000,0.000000,11,15,18,20,25,31,40,48,74,110,190,61416,0,11,13.72521413444603,3.7266709987306967,191.42619200101763,224.123371759802
1789436967,50,,Aggregated,156.700000,0.000000,11,15,18,20,25,31,40,48,74,110,190,61573,0,11,13.73219556929389,3.7266709987306967,191.42619200101763,224.13018693258408
1789436968,50,,Aggregated,156.700000,0.000000,11,15,18,20,25,31,40,48,74,110,190,61731,0,11,13.73100829053707,3.7266709987306967,191.42619200101763,224.1378561824691
1789436969,50,,Aggregated,156.600000,0.000000,11,15,18,20,25,31,40,48,74,110,190,61890,0,11,13.729414032592338,3.7266709987306967,191.42619200101763,224.12459201809662
1789436970,50,,Aggregated,155.300000,0.000000,11,15,18,20,25,31,39,48,74,110,190,62046,0,11,13.735520882702419,3.7266709987306967,191.42619200101763,224.11776746285014
1789436971,50,,Aggregated,156.000000,0.000000,11,15,18,20,25,31,39,48,74,110,190,62203,0,11,13.736366940246585,3.7266709987306967,191.42619200101763,224.11214893172354
1789436972,50,,Aggregated,157.700000,0.000000,11,15,18,20,25,31,40,48,74,110,190,62357,0,11,13.743284420243898,3.7266709987306967,191.42619200101763,224.10922590887952
1789436973,50,,Aggregated,156.300000,0.000000,11,15,18,20,25,31,39,48,74,110,190,62519,0,11,13.74475937161731,3.7266709987306967,191.42619200101763,224.10507205809435
1789436974,50,,Aggregated,155.300000,0.000000,11,15,18,20,25,31,39,48,74,110,190,62685,0,11,13.741193971845714,3.7266709987306967,191.42619200101763,224.1014756321289
1789436975,50,,Aggregated,155.500000,0.000000,11,15,18,20,25,31,39,47,74,110,190,62842,0,11,13.738412937973767,3.7266709987306967,191.42619200101763,224.10443652334425
1789436976,50,,Aggregated,157.800000,0.000000,11,15,18,20,25,31,39,47,74,110,190,63008,0,11,13.738038586769157,3.7266709987306967,191.42619200101763,224.10163788725242
1789436977,50,,Aggregated,158.100000,0.000000,11,15,18,20,25,31,39,47,74,110,190,63175,0,11,13.737022601506029,3.7266709987306967,191.42619200101763,224.10271468144043
1789436978,50,,Aggregated,158.500000,0.000000,11,15,18,20,25,31,39,48,74,110,190,63329,0,11,13.742176602459242,3.7266709987306967,191.42619200101763,224.10265439214263
1789436979,50,,Aggregated,158.600000,0.000000,11,15,18,20,25,31,39,47,74,110,190,63490,0,11,13.73963976881642,3.7266709987306967,191.42619200101763,224.1003622617735
1789436980,50,,Aggregated,160.400000,0.000000,11,15,18,20,25,31,39,47,74,110,190,63651,0,11,13.730287230650902,3.7266709987306967,191.42619200101763,224.1015537854865
1789436981,50,,Aggregated,159.300000,0.000000,11,15,18,20,25,31,39,48,74,110,190,63805,0,11,13.745787040563709,3.7266709987306967,191.42619200101763,224.0986443068725
1789436982,50,,Aggregated,158.900000,0.000000,11,15,18,20,25,31,39,48,74,110,190,63956,0,11,13.747558998720192,3.7266709987306967,191.42619200101763,224.09980298955531
1789436983,50,,Aggregated,160.200000,0.000000,11,15,18,20,25,31,39,48,74,110,190,64128,0,11,13.74402726508151,3.7266709987306967,191.42619200101763,224.10026821357286
1789436984,50,,Aggregated,161.300000,0.000000,11,15,18,20,25,31,39,48,74,110,190,64281,0,11,13.743658376412268,3.7266709987306967,191.42619200101763,224.09053997293134
1789436985,50,,Aggregated,160.200000,0.000000,11,15,18,20,25,31,39,48,74,110,190,64444,0,11,13.73909921265206,3.7266709987306967,191.42619200101763,224.08466265284588
1789436986,50,,Aggregated,159.700000,0.000000,11,15,18,20,25,31,39,48,74,110,190,64593,0,11,13.736062367302134,3.7266709987306967,191.42619200101763,224.0894369358909
1789436987,50,,Aggregated,159.300000,0.000000,11,15,18,20,25,31,39,48,74,110,190,64755,0,11,13.742322896658997,3.7266709987306967,191.42619200101763,224.08630993745658
1789436988,50,,Aggregated,159.700000,0.000000,11,15,18,20,25,31,39,48,74,110,190,64917,0,11,13.739060618484649,3.7266709987306967,191.42619200101763,224.0846773572408
1789436989,50,,Aggregated,158.700000,0.000000,11,15,18,20,25,31,39,48,74,110,190,65079,0,11,13.754063739380797,3.7266709987306967,191.42619200101763,224.08515803869145
1789436990,50,,Aggregated,157.800000,0.000000,11,15,18,20,25,31,39,48,74,110,190,65236,0,11,13.751647921809301,3.7266709987306967,191.42619200101763,224.08184131461155
1789436991,50,,Aggregated,158.300000,0.000000,11,15,18,20,25,31,39,47,74,110,190,65394,0,11,13.748757287444693,3.7266709987306967,191.42619200101763,224.07890632168088
1789436992,50,,Aggregated,158.600000,0.000000,11,15,18,20,25,31,39,47,74,110,190,65547,0,11,13.741596251684397,3.7266709987306967,191.42619200101763,224.07283323416786
1789436993,50,,Aggregated,158.700000,0.000000,11,15,18,20,25,31,39,47,74,110,190,65703,0,11,13.732273916946841,3.7266709987306967,191.42619200101763,224.0818379678249
1789436994,50,,Aggregated,158.000000,0.000000,11,15,18,20,25,31,39,47,74,110,190,65854,0,11,13.728698701691053,3.7266709987306967,191.42619200101763,224.08435326631638
1789436995,50,,Aggregated,158.800000,0.000000,11,15,18,20,25,31,39,47,74,110,190,66017,0,11,13.735189009606039,3.7266709987306967,191.42619200101763,224.08070648469334
1789436996,50,,Aggregated,157.700000,0.000000,11,15,18,20,25,31,39,47,74,110,190,66176,0,11,13.737160778910358,3.7266709987306967,191.42619200101763,224.08356503868472
1789436997,50,,Aggregated,157.200000,0.000000,11,15,18,20,25,31,39,47,74,110,190,66334,0,11,13.745773816190269,3.7266709987306967,191.42619200101763,224.08598908553682
1789436998,50,,Aggregated,156.600000,0.000000,11,15,18,20,25,31,39,47,74,110,190,66492,0,11,13.73702834882633,3.7266709987306967,191.42619200101763,224.08434097335018
1789436999,50,,Aggregated,158.100000,0.000000,11,15,18,20,25,31,39,48,74,110,190,66649,0,11,13.739969229233079,3.7266709987306967,191.42619200101763,224.08804333148285
1789437000,50,,Aggregated,157.100000,0.000000,11,15,18,20,25,31,39,47,74,110,190,66811,0,11,13.738356607791635,3.7266709987306967,191.42619200101763,224.08356408375866
1789437001,50,,Aggregated,157.500000,0.000000,11,15,18,20,25,31,39,47,74,110,190,66964,0,11,13.736861774537974,3.7266709987306967,191.42619200101763,224.0865987694881
1789437002,50,,Aggregated,157.400000,0.000000,11,15,18,20,25,31,39,47,74,110,190,67125,0,11,13.733272750140209,3.7266709987306967,191.42619200101763,224.08539292364992
1789437003,50,,Aggregated,156.800000,0.000000,11,15,18,20,25,31,39,47,74,110,190,67284,0,11,13.729752603518927,3.7266709987306967,191.42619200101763,224.0881190178943
1789437004,50,,Aggregated,157.900000,0.000000,11,15,18,20,25,31,39,47,74,110,190,67436,0,11,13.733815029719693,3.7266709987306967,191.42619200101763,224.08474701939616
1789437005,50,,Aggregated,157.500000,0.000000,11,15,18,20,25,31,39,47,74,110,190,67601,0,11,13.730292522198946,3.7266709987306967,191.42619200101763,224.08115264567093
1789437006,50,,Aggregated,158.800000,0.000000,11,15,18,20,25,31,39,47,74,110,190,67750,0,11,13.725792575796017,3.7266709987306967,191.42619200101763,224.08242066420664
1789437007,50,,Aggregated,158.200000,0.000000,11,15,18,20,25,31,39,47,74,110,190,67915,0,11,13.725014341694553,3.7266709987306967,191.42619200101763,224.0801590223073
1789437008,50,,Aggregated,158.200000,0.000000,11,15,18,20,25,31,39,47,74,110,190,68070,0,11,13.721948155592708,3.7266709987306967,191.42619200101763,224.0811958278243
1789437009,50,,Aggregated,156.300000,0.000000,11,15,18,20,25,31,39,47,74,110,190,68242,0,11,13.724423562002817,3.7266709987306967,191.42619200101763,224.0803317604994
1789437010,50,,Aggregated,158.400000,0.000000,11,15,18,20,25,31,39,47,74,110,190,68405,0,11,13.72716773339974,3.7266709987306967,191.42619200101763,224.08363423726337
1789437011,50,,Aggregated,157.900000,0.000000,11,15,18,20,25,31,39,47,74,110,190,68553,0,11,13.729818005298277,3.7266709987306967,191.42619200101763,224.0806675127274
1789437012,50,,Aggregated,157.900000,0.000000,11,15,18,20,25,31,39,47,74,110,190,68730,0,11,13.729372277829324,3.7266709987306967,191.42619200101763,224.08382074785393
1789437013,50,,Aggregated,159.400000,0.000000,11,15,18,20,25,31,39,47,74,110,190,68890,0,11,13.725618256702122,3.7266709987306967,191.42619200101763,224.08600667731164
1789437014,50,,Aggregated,159.700000,0.000000,11,15,18,20,25,31,39,48,74,110,190,69049,0,11,13.741120938235273,3.7266709987306967,191.42619200101763,224.08013150081825
1789437015,50,,Aggregated,159.900000,0.000000,11,15,18,20,25,31,39,47,74,110,190,69211,0,11,13.736321334212855,3.7266709987306967,191.42619200101763,224.07514701420294
1789437016,50,,Aggregated,158.700000,0.000000,11,15,18,20,25,31,39,47,74,110,190,69370,0,11,13.735159440294197,3.7266709987306967,191.42619200101763,224.07526308202392
1789437017,50,,Aggregated,161.100000,0.000000,11,15,18,20,25,31,39,47,74,110,190,69532,0,11,13.733120093931122,3.7266709987306967,191.42619200101763,224.06950756486222
1789437018,50,,Aggregated,161.000000,0.000000,11,15,18,20,25,31,39,47,74,110,190,69691,0,11,13.732977218237899,3.7266709987306967,191.42619200101763,224.06877502116487
1789437019,50,,Aggregated,162.200000,0.000000,11,15,18,20,25,31,39,47,74,110,190,69860,0,11,13.736434506086628,3.7266709987306967,191.42619200101763,224.06780704265674
1789437020,50,,Aggregated,161.300000,0.000000,11,15,18,20,25,31,39,47,74,100,190,70016,0,11,13.735120778353597,3.7266709987306967,191.42619200101763,224.06789876599635
1789437021,50,,Aggregated,161.700000,0.000000,11,15,18,20,25,31,39,47,74,100,190,70169,0,11,13.732061494922304,3.7266709987306967,191.42619200101763,224.06616882098933
1789437022,50,,Aggregated,162.000000,0.000000,11,15,18,20,25,31,39,47,74,100,190,70323,0,11,13.731518799855241,3.7266709987306967,191.42619200101763,224.0709014120558
1789437023,50,,Aggregated,161.100000,0.000000,11,15,18,20,25,31,39,47,74,100,190,70487,0,11,13.724349111413892,3.7266709987306967,191.42619200101763,224.06449416204407
1789437024,50,,Aggregated,160.000000,0.000000,11,15,18,20,25,31,39,47,74,100,190,70650,0,11,13.728302392742082,3.7266709987306967,191.42619200101763,224.06178343949045
1789437025,50,,Aggregated,159.800000,0.000000,11,15,18,20,25,31,39,47,74,100,190,70799,0,11,13.727791108663034,3.7266709987306967,191.42619200101763,224.06617325103463
1789437026,50,,Aggregated,160.900000,0.000000,11,15,18,20,25,31,39,47,74,100,190,70968,0,11,13.730369073191243,3.7266709987306967,191.42619200101763,224.06670612106865
1789437027,50,,Aggregated,159.900000,0.000000,11,15,18,20,25,31,39,47,74,100,190,71128,0,11,13.73284568223816,3.7266709987306967,191.42619200101763,224.0646018445619
1789437028,50,,Aggregated,159.300000,0.000000,11,15,18,20,25,31,39,47,74,100,190,71282,0,11,13.733943441321149,3.7266709987306967,191.42619200101763,224.06674896888416
1789437029,50,,Aggregated,159.700000,0.000000,11,15,18,20,25,31,39,47,74,100,190,71445,0,11,13.73295060416051,3.7266709987306967,191.42619200101763,224.0611659318357
1789437030,50,,Aggregated,159.000000,0.000000,11,15,18,20,25,31,39,47,74,100,190,71608,0,11,13.727559702983795,3.7266709987306967,191.42619200101763,224.0623254384985
1789437031,50,,Aggregated,158.600000,0.000000,11,15,18,20,25,31,39,47,74,100,190,71771,0,11,13.729846841638771,3.7266709987306967,191.42619200101763,224.0560254141645
1789437032,50,,Aggregated,159.200000,0.000000,11,15,18,20,25,31,39,47,74,100,190,71927,0,11,13.730444216389534,3.7266709987306967,191.42619200101763,224.05419383541647
1789437033,50,,Aggregated,159.400000,0.000000,11,15,18,20,25,31,39,47,74,100,190,72076,0,11,13.734619543526858,3.7266709987306967,191.42619200101763,224.04554914257173
1789437034,50,,Aggregated,159.400000,0.000000,11,15,18,20,25,31,39,47,74,100,190,72229,0,11,13.732316640674002,3.7266709987306967,191.42619200101763,224.0516274626535
1789437035,50,,Aggregated,159.600000,0.000000,11,15,18,20,25,31,39,47,74,100,190,72385,0,11,13.733231473070816,3.7266709987306967,191.42619200101763,224.0479519237411
1789437036,50,,Aggregated,158.000000,0.000000,11,15,18,20,25,31,39,47,74,100,190,72546,0,11,13.731476906821019,3.7266709987306967,191.42619200101763,224.05171890938163
1789437037,50,,Aggregated,157.200000,0.000000,11,15,18,20,25,31,39,47,74,100,190,72703,0,11,13.728481844975203,3.7266709987306967,191.42619200101763,224.0551421536938
1789437038,50,,Aggregated,157.700000,0.000000,11,15,18,20,25,31,39,47,74,100,190,72860,0,11,13.722968926135653,3.7266709987306967,191.42619200101763,224.05163326928357
1789437039,50,,Aggregated,157.700000,0.000000,11,15,18,20,25,31,39,47,74,100,190,73017,0,11,13.730081526305659,3.7266709987306967,191.42619200101763,224.05144007559883
1789437040,50,,Aggregated,157.300000,0.000000,11,15,18,20,25,31,39,47,74,100,190,73180,0,11,13.736319719120699,3.7266709987306967,191.42619200101763,224.05013664935774
1789437041,50,,Aggregated,157.900000,0.000000,11,15,18,20,25,31,39,47,74,100,190,73346,0,11,13.735984243684223,3.7266709987306967,191.42619200101763,224.0553540752052
1789437042,50,,Aggregated,156.900000,0.000000,11,15,18,20,25,31,39,47,74,100,190,73498,0,11,13.735427738268474,3.7266709987306967,191.42619200101763,224.05494027048354
1789437043,50,,Aggregated,156.100000,0.000000,11,15,18,20,25,31,39,47,74,100,190,73670,0,11,13.7390540779731,3.7266709987306967,191.42619200101763,224.04377629971495
1789437044,50,,Aggregated,157.400000,0.000000,11,15,18,20,25,31,39,47,74,100,190,73832,0,11,13.741490303124333,3.7266709987306967,191.42619200101763,224.0391970961101
1789437045,50,,Aggregated,157.500000,0.000000,11,15,18,20,25,31,39,47,74,100,190,73978,0,11,13.746171562008536,3.7266709987306967,191.42619200101763,224.03856551947877
1789437046,50,,Aggregated,158.600000,0.000000,11,15,18,20,25,31,39,47,74,100,190,74137,0,11,13.746157029745726,3.7266709987306967,191.42619200101763,224.03880653384948
1789437047,50,,Aggregated,159.800000,0.000000,11,15,18,20,25,31,39,47,74,100,190,74298,0,11,13.74160487950219,3.7266709987306967,191.42619200101763,224.0424237529947
1789437048,50,,Aggregated,158.700000,0.000000,11,15,18,20,25,31,39,47,74,100,190,74454,0,11,13.740668878210208,3.7266709987306967,191.42619200101763,224.04306014451876
1789437049,50,,Aggregated,158.900000,0.000000,11,15,18,20,25,31,39,47,74,100,190,74614,0,11,13.735300934385759,3.7266709987306967,191.42619200101763,224.04273996837054
1789437050,50,,Aggregated,158.900000,0.000000,11,15,18,20,25,31,39,47,74,100,190,74783,0,11,13.73656501392389,3.7266709987306967,191.42619200101763,224.0413730393271
1789437051,50,,Aggregated,159.300000,0.000000,11,15,18,20,25,31,39,47,74,100,190,74936,0,11,13.735258184707764,3.7266709987306967,191.42619200101763,224.0393669264439
1789437052,50,,Aggregated,159.400000,0.000000,11,15,18,20,25,31,39,47,74,100,190,75095,0,11,13.736429014718206,3.7266709987306967,191.42619200101763,224.04012251148546
1789437053,50,,Aggregated,159.900000,0.000000,11,15,18,20,25,31,39,47,74,100,190,75244,0,11,13.737586171618466,3.7266709987306967,191.42619200101763,224.04683429908033
1789437054,50,,Aggregated,158.900000,0.000000,11,15,18,20,25,31,39,47,74,100,190,75411,0,11,13.73643027793382,3.7266709987306967,191.42619200101763,224.04723448833724
1789437055,50,,Aggregated,159.300000,0.000000,11,15,18,20,25,31,39,47,74,100,190,75563,0,11,13.734364415246398,3.7266709987306967,191.42619200101763,224.04560433016158
1789437056,50,,Aggregated,158.500000,0.000000,11,15,18,20,25,31,39,47,74,100,190,75720,0,11,13.735730460898779,3.7266709987306967,191.42619200101763,224.0513206550449
1789437057,50,,Aggregated,158.200000,0.000000,11,15,18,20,25,31,39,47,74,100,190,75868,0,11,13.742326346486992,3.7266709987306967,191.42619200101763,224.04981019665735
1789437058,50,,Aggregated,158.000000,0.000000,11,15,18,20,25,31,39,47,74,100,190,76018,0,11,13.740157640220726,3.7266709987306967,191.42619200101763,224.0519350680102
1789437059,50,,Aggregated,156.700000,0.000000,11,15,18,20,25,31,39,47,74,100,190,76182,0,11,13.739394938046928,3.7266709987306967,191.42619200101763,224.05654879105302
1789437060,50,,Aggregated,157.600000,0.000000,11,15,18,20,25,31,39,47,74,100,190,76346,0,11,13.7363203385021,3.7266709987306967,191.42619200101763,224.05569381500013
1789437061,50,,Aggregated,156.000000,0.000000,11,15,18,20,25,31,39,47,74,100,190,76509,0,11,13.737622711540931,3.7266709987306967,191.42619200101763,224.05931328340458
1789437062,50,,Aggregated,155.400000,0.000000,11,15,18,20,25,31,39,47,74,100,190,76658,0,11,13.732761811412736,3.7266709987306967,191.42619200101763,224.06442902241122
1789437063,50,,Aggregated,156.500000,0.000000,11,15,18,20,25,31,39,47,74,100,190,76827,0,11,13.73035437084981,3.7266709987306967,191.42619200101763,224.06674736746197
1789437064,50,,Aggregated,156.400000,0.000000,11,15,18,20,25,31,39,47,74,100,190,76988,0,11,13.724762629348225,3.7266709987306967,191.42619200101763,224.06850418247
1789437065,50,,Aggregated,156.800000,0.000000,11,15,18,20,25,31,39,47,74,100,190,77155,0,11,13.728696987936761,3.7266709987306967,191.42619200101763,224.06297712397122
1789437066,50,,Aggregated,157.300000,0.000000,11,15,18,20,25,31,39,46,74,100,190,77311,0,11,13.730299367777697,3.7266709987306967,191.42619200101763,224.06771352071505
1789437067,50,,Aggregated,157.300000,0.000000,11,15,18,20,25,31,39,46,74,100,190,77470,0,11,13.72870999425921,3.7266709987306967,191.42619200101763,224.0626048793081
1789437068,50,,Aggregated,159.100000,0.000000,11,15,18,20,25,31,39,46,74,100,190,77633,0,11,13.722858462641657,3.7266709987306967,191.42619200101763,224.05905993585202
1789437069,50,,Aggregated,160.000000,0.000000,11,15,18,20,25,31,39,46,74,100,190,77798,0,11,13.720786966622057,3.7266709987306967,191.42619200101763,224.05766215069795
1789437070,50,,Aggregated,159.400000,0.000000,11,15,18,20,25,31,39,46,74,100,190,77952,0,11,13.718762406432976,3.7266709987306967,191.42619200101763,224.06723368226602
1789437071,50,,Aggregated,160.700000,0.000000,11,15,18,20,25,31,39,46,74,100,190,78106,0,11,13.722798629660751,3.7266709987306967,191.42619200101763,224.06496299900135
1789437072,50,,Aggregated,161.700000,0.000000,11,15,18,20,25,31,39,46,74,100,190,78261,0,11,13.718826550622778,3.7266709987306967,191.42619200101763,224.06117989803352
1789437073,50,,Aggregated,159.900000,0.000000,11,15,18,20,25,31,39,46,74,100,190,78426,0,11,13.727538351366846,3.7266709987306967,191.42619200101763,224.05642261494913
1789437074,50,,Aggregated,159.700000,0.000000,11,15,18,20,25,31,39,46,74,100,190,78583,0,11,13.726892978052337,3.7266709987306967,191.42619200101763,224.05894404642225
1789437075,50,,Aggregated,159.700000,0.000000,11,15,18,20,25,31,39,46,74,100,190,78737,0,11,13.728830994288298,3.7266709987306967,191.42619200101763,224.06238490163454
1789437076,50,,Aggregated,159.400000,0.000000,11,15,18,20,25,31,39,47,74,100,190,78896,0,11,13.73200342187542,3.7266709987306967,191.42619200101763,224.0617902048266
1789437077,50,,Aggregated,159.100000,0.000000,11,15,18,20,25,31,39,47,73,100,190,79057,0,11,13.730438767677747,3.7266709987306967,191.42619200101763,224.0612595975056
1789437078,50,,Aggregated,158.100000,0.000000,11,15,18,20,25,31,39,47,73,100,190,79221,0,11,13.728042653391181,3.7266709987306967,191.42619200101763,224.0615619595814
1789437079,50,,Aggregated,157.700000,0.000000,11,15,18,20,25,31,39,47,73,100,190,79377,0,11,13.732225600202929,3.7266709987306967,191.42619200101763,224.0634062763773
1789437080,50,,Aggregated,158.100000,0.000000,11,15,18,20,25,31,39,47,73,100,190,79537,0,11,13.736806856070997,3.7266709987306967,191.42619200101763,224.0615311113067
1789437081,50,,Aggregated,157.900000,0.000000,11,15,18,20,25,31,39,46,73,100,190,79706,0,11,13.737128763723149,3.7266709987306967,191.42619200101763,224.0628810879984
1789437082,50,,Aggregated,158.000000,0.000000,11,15,18,20,25,31,39,46,73,100,190,79871,0,11,13.737453759090338,3.7266709987306967,191.42619200101763,224.0686857557812
1789437083,50,,Aggregated,159.200000,0.000000,11,15,18,20,25,31,39,46,73,96,190,80029,0,11,13.7330611301068,3.7266709987306967,191.42619200101763,224.06503892339026
1789437084,50,,Aggregated,160.300000,0.000000,11,15,18,20,25,31,39,46,73,96,190,80184,0,11,13.734921110125654,3.7266709987306967,191.42619200101763,224.0652000399082
1789437085,50,,Aggregated,160.100000,0.000000,11,15,18,20,25,31,39,46,73,96,190,80345,0,11,13.731599534859912,3.7266709987306967,191.42619200101763,224.06575393615034
1789437086,50,,Aggregated,160.300000,0.000000,11,15,18,20,25,31,39,46,73,96,190,80499,0,11,13.729362485960337,3.7266709987306967,191.42619200101763,224.0687834631486
1789437087,50,,Aggregated,160.600000,0.000000,11,15,18,20,25,31,39,46,73,96,190,80662,0,11,13.726404144260249,3.7266709987306967,191.42619200101763,224.06652450968238
1789437088,50,,Aggregated,160.700000,0.000000,11,15,18,20,25,31,39,46,73,96,190,80820,0,11,13.724532954247847,3.7266709987306967,191.42619200101763,224.06581291759466
1789437089,50,,Aggregated,160.600000,0.000000,11,15,18,20,25,31,39,46,73,96,190,80975,0,11,13.725877583628563,3.7266709987306967,191.42619200101763,224.0716270453844
1789437090,50,,Aggregated,160.500000,0.000000,11,15,18,20,25,31,39,46,73,96,190,81138,0,11,13.719807102040054,3.7266709987306967,191.42619200101763,224.07378786758363
1789437091,50,,Aggregated,160.300000,0.000000,11,15,18,20,25,31,39,46,73,96,190,81302,0,11,13.720975391617992,3.7266709987306967,191.42619200101763,224.0729010356449
1789437092,50,,Aggregated,159.700000,0.000000,11,15,18,20,25,31,39,46,73,96,190,81465,0,11,13.720987324474788,3.7266709987306967,191.42619200101763,224.07344258270422
1789437093,50,,Aggregated,159.200000,0.000000,11,15,18,20,25,31,39,46,73,96,190,81620,0,11,13.716530216936478,3.7266709987306967,191.42619200101763,224.0782038716001
1789437094,50,,Aggregated,159.700000,0.000000,11,15,18,20,25,31,39,46,73,96,190,81783,0,11,13.712937083102238,3.7266709987306967,191.42619200101763,224.08153283689765
1789437095,50,,Aggregated,158.900000,0.000000,11,15,18,20,25,31,39,46,73,96,190,81940,0,11,13.712721251663975,3.7266709987306967,191.42619200101763,224.0806321698804
1789437096,50,,Aggregated,158.700000,0.000000,11,15,18,20,25,31,39,46,73,96,190,82096,0,11,13.729212910730643,3.7266709987306967,191.42619200101763,224.08300038978757
1789437097,50,,Aggregated,159.400000,0.000000,11,15,18,20,25,31,39,46,73,96,190,82261,0,11,13.72807175810322,3.7266709987306967,191.42619200101763,224.07512673077156
1789437098,50,,Aggregated,159.200000,0.000000,11,15,18,20,25,31,39,46,73,96,190,82419,0,11,13.733178610797541,3.7266709987306967,191.42619200101763,224.07272594911367
1789437099,50,,Aggregated,159.200000,0.000000,11,15,18,20,25,31,39,46,73,96,190,82576,0,11,13.733724681848363,3.7266709987306967,191.42619200101763,224.0729873086611
1789437100,50,,Aggregated,160.200000,0.000000,11,15,18,20,25,31,39,46,73,96,190,82737,0,11,13.73401006705957,3.7266709987306967,191.42619200101763,224.07199922646458
1789437101,50,,Aggregated,159.700000,0.000000,11,15,18,20,25,31,39,46,73,96,190,82904,0,11,13.735369817901654,3.7266709987306967,191.42619200101763,224.07503859886134
1789437102,50,,Aggregated,159.600000,0.000000,11,15,18,20,25,31,39,46,73,96,190,83060,0,11,13.731653933160555,3.7266709987306967,191.42619200101763,224.07222489766434
1789437103,50,,Aggregated,159.800000,0.000000,11,15,18,20,25,31,39,46,73,96,190,83233,0,11,13.72740764657414,3.7266709987306967,191.42619200101763,224.07235111073732
1789437104,50,,Aggregated,159.200000,0.000000,11,15,18,20,25,31,39,46,73,96,190,83394,0,11,13.726029992137564,3.7266709987306967,191.42619200101763,224.07626447945896
1789437105,50,,Aggregated,158.800000,0.000000,11,15,18,20,25,31,39,46,73,96,190,83553,0,11,13.727783171380166,3.7266709987306967,191.42619200101763,224.07966201093916
1789437106,50,,Aggregated,160.800000,0.000000,11,15,18,20,25,31,39,46,73,96,190,83715,0,11,13.729386191140609,3.7266709987306967,191.42619200101763,224.08156244400644
1789437107,50,,Aggregated,160.200000,0.000000,11,15,18,20,25,31,39,46,73,96,190,83878,0,11,13.731721647849668,3.7266709987306967,191.42619200101763,224.08303726841365
1789437108,50,,Aggregated,161.500000,0.000000,11,15,18,20,25,31,39,46,73,96,190,84029,0,11,13.732165175110142,3.7266709987306967,191.42619200101763,224.08220971331326
1789437109,50,,Aggregated,161.500000,0.000000,11,15,18,20,25,31,39,46,73,96,190,84203,0,11,13.732401547157748,3.7266709987306967,191.42619200101763,224.0728358847072
1789437110,50,,Aggregated,160.900000,0.000000,11,15,18,20,25,31,39,46,73,96,190,84366,0,11,13.73348948739203,3.7266709987306967,191.42619200101763,224.07172320603087
1789437111,50,,Aggregated,161.200000,0.000000,11,15,18,20,25,31,39,46,73,96,190,84518,0,11,13.73135179733703,3.7266709987306967,191.42619200101763,224.0749781111716
1789437112,50,,Aggregated,162.500000,0.000000,11,15,18,20,25,31,39,46,73,96,190,84680,0,11,13.735442668154587,3.7266709987306967,191.42619200101763,224.08064478034956
1789437113,50,,Aggregated,162.900000,0.000000,11,15,18,20,25,31,39,46,73,96,190,84844,0,11,13.735621535292161,3.7266709987306967,191.42619200101763,224.08348262693886
1789437114,50,,Aggregated,162.100000,0.000000,11,15,18,20,25,31,39,46,73,96,190,85002,0,11,13.735995616389104,3.7266709987306967,191.42619200101763,224.08706853956377
1789437115,50,,Aggregated,162.200000,0.000000,11,15,18,20,25,31,39,46,73,96,190,85153,0,11,13.732467423934484,3.7266709987306967,191.42619200101763,224.08620952873065
1789437116,50,,Aggregated,161.000000,0.000000,11,15,18,20,25,31,39,46,73,96,190,85312,0,11,13.737066056279113,3.7266709987306967,191.42619200101763,224.0845367591898
1789437117,50,,Aggregated,160.800000,0.000000,11,15,18,20,25,31,39,46,73,96,190,85474,0,11,13.735683809922094,3.7266709987306967,191.42619200101763,224.0900390762103
1789437118,50,,Aggregated,159.600000,0.000000,11,15,18,20,25,31,39,46,73,96,190,85631,0,11,13.734333349538055,3.7266709987306967,191.42619200101763,224.09284020973712
1789437119,50,,Aggregated,159.600000,0.000000,11,15,18,20,25,31,39,46,73,96,190,85795,0,11,13.733942282723994,3.7266709987306967,191.42619200101763,224.09452765312665
1789437120,50,,Aggregated,159.600000,0.000000,11,15,18,20,25,31,39,46,73,96,190,85967,0,11,13.73196483918616,3.7266709987306967,191.42619200101763,224.0971186618121
1789437121,50,,Aggregated,159.500000,0.000000,11,15,18,20,25,31,39,46,72,96,190,86120,0,11,13.72637349734465,3.7266709987306967,191.42619200101763,224.10006967022758
1789437122,50,,Aggregated,159.300000,0.000000,11,15,18,20,25,31,39,46,72,96,190,86283,0,11,13.725074896333394,3.7266709987306967,191.42619200101763,224.0928340461041
1789437123,50,,Aggregated,159.100000,0.000000,11,15,18,20,25,31,39,46,72,96,190,86454,0,11,13.721729742121248,3.7266709987306967,191.42619200101763,224.09295116478128
1789437124,50,,Aggregated,159.600000,0.000000,11,15,18,20,25,31,39,46,72,96,190,86605,0,11,13.722553268533652,3.7266709987306967,191.42619200101763,224.09447491484326
1789437125,50,,Aggregated,160.200000,0.000000,11,15,18,20,25,31,39,46,72,96,190,86769,0,11,13.720137077785374,3.7266709987306967,191.42619200101763,224.09738501077572
1789437126,50,,Aggregated,160.700000,0.000000,11,15,18,20,25,31,39,46,72,96,190,86925,0,11,13.714791280544667,3.7266709987306967,191.42619200101763,224.10183491515676
1789437127,50,,Aggregated,159.900000,0.000000,11,15,18,20,25,31,39,46,72,96,190,87081,0,11,13.712733064242942,3.7266709987306967,191.42619200101763,224.0996543448054
1789437128,50,,Aggregated,161.300000,0.000000,11,15,18,20,25,31,39,46,72,96,190,87240,0,11,13.717281957890295,3.7266709987306967,191.42619200101763,224.0984869325997
1789437129,50,,Aggregated,160.900000,0.000000,11,15,18,20,25,31,39,46,72,96,190,87394,0,11,13.715361923202298,3.7266709987306967,191.42619200101763,224.09533835274732
1789437130,50,,Aggregated,160.300000,0.000000,11,15,18,20,25,31,39,46,72,96,190,87558,0,11,13.716416366606456,3.7266709987306967,191.42619200101763,224.0939377327029
1789437131,50,,Aggregated,160.700000,0.000000,11,15,18,20,25,31,39,46,72,96,190,87718,0,11,13.716727152013759,3.7266709987306967,191.42619200101763,224.0978020474703
1789437132,50,,Aggregated,158.800000,0.000000,11,15,18,20,25,31,39,46,72,96,190,87887,0,11,13.715303875457561,3.7266709987306967,191.42619200101763,224.09918417968527
1789437133,50,,Aggregated,159.100000,0.000000,11,15,18,20,25,31,39,46,72,96,190,88038,0,11,13.72759133412113,3.7266709987306967,191.42619200101763,224.0989459097208
1789437134,50,,Aggregated,159.200000,0.000000,11,15,18,20,25,31,39,46,72,96,190,88193,0,11,13.727005731490724,3.7266709987306967,191.42619200101763,224.10216230313063
1789437135,50,,Aggregated,160.000000,0.000000,11,15,18,20,25,31,39,46,72,96,190,88352,0,11,13.729484898399178,3.7266709987306967,191.42619200101763,224.10364224918507
1789437137,50,,Aggregated,158.300000,0.000000,11,15,18,20,25,31,39,46,72,96,190,88528,0,11,13.739238929506527,3.7266709987306967,191.42619200101763,224.10475781673594
1789437138,50,,Aggregated,158.800000,0.000000,11,15,18,20,25,31,39,46,72,96,190,88671,0,11,13.739823136937037,3.7266709987306967,191.42619200101763,224.10888565596417
1789437139,50,,Aggregated,157.800000,0.000000,11,15,18,20,25,31,39,46,72,96,190,88837,0,11,13.738482888000892,3.7266709987306967,191.42619200101763,224.11192408568502
1789437140,50,,Aggregated,160.100000,0.000000,11,15,18,20,25,31,39,46,72,96,190,88999,0,11,13.741252823990576,3.7266709987306967,191.42619200101763,224.11315857481546
1789437141,50,,Aggregated,159.400000,0.000000,11,15,18,20,25,31,39,46,72,96,190,89156,0,11,13.7391138882895,3.7266709987306967,191.42619200101763,224.1087644129391
1789437142,50,,Aggregated,160.500000,0.000000,11,15,18,20,25,31,39,46,72,96,190,89303,0,11,13.743254077985444,3.7266709987306967,191.42619200101763,224.11224706896743
1789437143,50,,Aggregated,160.500000,0.000000,11,15,18,20,25,31,39,46,72,96,190,89484,0,11,13.738169933533587,3.7266709987306967,191.42619200101763,224.11088015734657
1789437144,50,,Aggregated,159.700000,0.000000,11,15,18,20,25,31,39,46,72,96,190,89638,0,11,13.736167385833156,3.7266709987306967,191.42619200101763,224.1084249983266
1789437145,50,,Aggregated,159.700000,0.000000,11,15,18,20,25,31,39,46,72,96,190,89807,0,11,13.735888264359216,3.7266709987306967,191.42619200101763,224.1107263353636
1789437146,50,,Aggregated,159.900000,0.000000,11,15,18,20,25,31,39,46,72,96,190,89963,0,11,13.73547510332379,3.7266709987306967,191.42619200101763,224.11003412514034
1789437147,50,,Aggregated,160.700000,0.000000,11,15,18,20,25,31,39,46,72,95,190,90130,0,11,13.733458962923669,3.7266709987306967,191.42619200101763,224.10817707755464
1789437148,50,,Aggregated,160.900000,0.000000,11,15,18,20,25,31,39,46,72,95,190,90294,0,11,13.737774901636106,3.7266709987306967,191.42619200101763,224.1102509579817
1789437149,50,,Aggregated,159.800000,0.000000,11,15,18,20,25,31,39,46,72,95,190,90443,0,11,13.733860868517535,3.7266709987306967,191.42619200101763,224.10818968853312
1789437150,50,,Aggregated,161.800000,0.000000,11,15,18,20,25,31,39,46,72,95,190,90592,0,11,13.736561558750381,3.7266709987306967,191.42619200101763,224.106466354645
1789437151,50,,Aggregated,160.500000,0.000000,11,15,18,20,25,31,39,46,72,95,190,90743,0,11,13.73883199174952,3.7266709987306967,191.42619200101763,224.106278170217
1789437152,50,,Aggregated,160.500000,0.000000,11,15,18,20,25,31,39,46,72,95,190,90898,0,11,13.738676294597568,3.7266709987306967,191.42619200101763,224.1104204712975
1789437153,50,,Aggregated,158.200000,0.000000,11,15,18,20,25,31,39,46,72,95,190,91058,0,11,13.737477141792363,3.7266709987306967,191.42619200101763,224.11018252103054
1789437154,50,,Aggregated,159.700000,0.000000,11,15,18,20,25,31,39,46,72,95,190,91208,0,11,13.737051295942464,3.7266709987306967,191.42619200101763,224.11672221734935
1789437155,50,,Aggregated,157.200000,0.000000,11,15,18,20,25,31,39,46,72,95,190,91371,0,11,13.737171761656464,3.7266709987306967,191.42619200101763,224.11958936642918
1789437156,50,,Aggregated,156.900000,0.000000,11,15,18,20,25,31,39,46,72,95,190,91531,0,11,13.736813702825364,3.7266709987306967,191.42619200101763,224.1224830931597
1789437157,50,,Aggregated,156.300000,0.000000,11,15,18,20,25,31,39,46,72,95,190,91693,0,11,13.741737204621028,3.7266709987306967,191.42619200101763,224.1271525634454
1789437158,50,,Aggregated,156.700000,0.000000,11,15,18,20,25,31,39,46,72,95,190,91840,0,11,13.746787035434737,3.7266709987306967,191.42619200101763,224.1240418118467
1789437159,50,,Aggregated,156.000000,0.000000,11,15,18,20,25,31,39,46,72,95,190,91997,0,11,13.746964963643626,3.7266709987306967,191.42619200101763,224.11727556333358
1789437160,50,,Aggregated,154.900000,0.000000,11,15,18,20,25,31,39,46,72,95,190,92158,0,11,13.746407804144242,3.7266709987306967,191.42619200101763,224.1151717702207
1789437161,50,,Aggregated,155.200000,0.000000,11,15,18,20,25,31,39,46,72,95,190,92316,0,11,13.75436883669494,3.7266709987306967,191.42619200101763,224.11700030330604
1789437162,50,,Aggregated,156.800000,0.000000,11,15,18,20,25,31,39,46,72,95,190,92483,0,11,13.75125987830565,3.7266709987306967,191.42619200101763,224.11419395997103
1789437163,50,,Aggregated,157.800000,0.000000,11,15,18,20,25,31,39,46,72,95,190,92640,0,11,13.753572694887254,3.7266709987306967,191.42619200101763,224.1118847150259
1789437164,50,,Aggregated,157.800000,0.000000,11,15,18,20,25,31,39,46,72,95,190,92803,0,11,13.754221717685548,3.7266709987306967,191.42619200101763,224.114209669946
1789437165,50,,Aggregated,157.500000,0.000000,11,15,18,20,25,31,39,46,72,95,190,92967,0,11,13.753233632518642,3.7266709987306967,191.42619200101763,224.11123301816772
1789437166,50,,Aggregated,159.100000,0.000000,11,15,18,20,25,31,39,46,72,95,190,93119,0,11,13.74969971853611,3.7266709987306967,191.42619200101763,224.11081519346212
1789437167,50,,Aggregated,159.500000,0.000000,11,15,18,20,25,31,39,46,72,95,190,93276,0,11,13.755270888506677,3.7266709987306967,191.42619200101763,224.11188301385135
1789437168,50,,Aggregated,158.100000,0.000000,11,15,18,20,25,31,39,46,72,95,190,93438,0,11,13.753378189401957,3.7266709987306967,191.42619200101763,224.11362614781996
1789437169,50,,Aggregated,158.400000,0.000000,11,15,18,20,25,31,39,46,72,95,190,93604,0,11,13.751646478679648,3.7266709987306967,191.42619200101763,224.1102944318619
1789437170,50,,Aggregated,159.400000,0.000000,11,15,18,20,25,31,39,46,72,95,190,93768,0,11,13.750954868508641,3.7266709987306967,191.42619200101763,224.1103254841737
1789437171,50,,Aggregated,160.300000,0.000000,11,15,18,20,25,31,39,46,72,95,190,93930,0,11,13.746636163731816,3.7266709987306967,191.42619200101763,224.11333972106888
1789437172,50,,Aggregated,160.000000,0.000000,11,15,18,20,25,31,39,46,72,95,190,94083,0,11,13.749689407622316,3.7266709987306967,191.42619200101763,224.11411200748276
1789437173,50,,Aggregated,160.300000,0.000000,11,15,18,20,25,31,39,46,72,95,190,94240,0,11,13.75025158565731,3.7266709987306967,191.42619200101763,224.1108552631579
1789437174,50,,Aggregated,159.900000,0.000000,11,15,18,20,25,31,39,46,72,95,190,94400,0,11,13.748988578785536,3.7266709987306967,191.42619200101763,224.10516949152543
1789437175,50,,Aggregated,159.500000,0.000000,11,15,18,20,25,31,39,46,72,95,190,94551,0,11,13.74914332711816,3.7266709987306967,191.42619200101763,224.10604858753476
1789437176,50,,Aggregated,159.300000,0.000000,11,15,18,20,25,31,39,46,72,95,190,94705,0,11,13.750885108519544,3.7266709987306967,191.42619200101763,224.1041338894462
1789437177,50,,Aggregated,158.500000,0.000000,11,15,18,20,25,31,39,46,72,95,190,94854,0,11,13.74951898838561,3.7266709987306967,191.42619200101763,224.10342210133467
1789437178,50,,Aggregated,158.200000,0.000000,11,15,18,20,25,31,39,46,72,95,190,95028,0,11,13.75086485755063,3.7266709987306967,191.42619200101763,224.1040430188997
1789437179,50,,Aggregated,157.800000,0.000000,11,15,18,20,25,31,39,46,72,95,190,95190,0,11,13.748356656648017,3.7266709987306967,191.42619200101763,224.10285744300873
1789437180,50,,Aggregated,157.600000,0.000000,11,15,18,20,25,31,39,46,72,95,190,95350,0,11,13.750944927795697,3.7266709987306967,191.42619200101763,224.10211851074988
1789437181,50,,Aggregated,158.200000,0.000000,11,15,18,20,25,31,39,46,72,95,190,95508,0,11,13.749359940165437,3.7266709987306967,191.42619200101763,224.1033107174268
1789437182,50,,Aggregated,157.200000,0.000000,11,15,18,20,25,31,39,46,72,95,190,95661,0,11,13.75069056773735,3.7266709987306967,191.42619200101763,224.10116975569983
1789437183,50,,Aggregated,157.600000,0.000000,11,15,18,20,25,31,39,46,72,95,190,95813,0,11,13.750306215882189,3.7266709987306967,191.42619200101763,224.09699101374554
1789437184,50,,Aggregated,157.600000,0.000000,11,15,18,20,25,31,39,46,72,95,190,95974,0,11,13.75363413759268,3.7266709987306967,191.42619200101763,224.09121220330505
1789437185,50,,Aggregated,158.100000,0.000000,11,15,18,20,25,31,39,46,72,95,190,96128,0,11,13.753263514952039,3.7266709987306967,191.42619200101763,224.0893808255659
1789437186,50,,Aggregated,156.900000,0.000000,11,15,18,20,25,31,39,46,72,95,190,96290,0,11,13.757591202194432,3.7266709987306967,191.42619200101763,224.09475542631634
1789437187,50,,Aggregated,157.700000,0.000000,11,15,18,20,25,31,39,46,72,95,190,96452,0,11,13.756150935494174,3.7266709987306967,191.42619200101763,224.09166217393107
1789437188,50,,Aggregated,158.200000,0.000000,11,15,18,20,25,31,39,46,72,95,190,96607,0,11,13.754652675150794,3.7266709987306967,191.42619200101763,224.08754024035525
1789437189,50,,Aggregated,158.300000,0.000000,11,15,18,20,25,31,39,46,72,95,190,96770,0,11,13.756751501242984,3.7266709987306967,191.42619200101763,224.07946677689367
1789437190,50,,Aggregated,159.300000,0.000000,11,15,18,20,25,31,39,46,72,95,190,96922,0,11,13.758595492635916,3.7266709987306967,191.42619200101763,224.0813024906626
1789437191,50,,Aggregated,157.600000,0.000000,11,15,18,20,25,31,39,46,71,95,190,97081,0,11,13.757319550007239,3.7266709987306967,191.42619200101763,224.08192128222825
1789437192,50,,Aggregated,158.800000,0.000000,11,15,18,20,25,31,39,46,71,95,190,97242,0,11,13.763467529629589,3.7266709987306967,191.42619200101763,224.07965693835996
1789437193,50,,Aggregated,157.000000,0.000000,11,15,18,20,25,31,39,46,71,95,190,97400,0,11,13.766366451142211,3.7266709987306967,191.42619200101763,224.07856262833675
1789437194,50,,Aggregated,157.500000,0.000000,11,15,18,20,25,31,39,46,71,95,190,97552,0,11,13.764333980495083,3.7266709987306967,191.42619200101763,224.07269968837133
1789437195,50,,Aggregated,157.900000,0.000000,11,15,18,20,25,31,39,46,71,95,190,97704,0,11,13.764805394674077,3.7266709987306967,191.42619200101763,224.07218742323752
1789437196,50,,Aggregated,157.900000,0.000000,11,15,18,20,25,31,39,46,71,95,190,97858,0,11,13.765283647174904,3.7266709987306967,191.42619200101763,224.07083733573137
1789437197,50,,Aggregated,157.000000,0.000000,11,15,18,20,25,31,39,46,72,95,190,98013,0,11,13.775420266977251,3.7266709987306967,191.42619200101763,224.07384734678052
1789437198,50,,Aggregated,156.900000,0.000000,11,15,18,20,25,31,39,46,72,95,190,98181,0,11,13.786353609163008,3.7266709987306967,191.42619200101763,224.07480062333852
1789437199,50,,Aggregated,157.900000,0.000000,11,15,18,20,25,31,39,46,72,95,190,98341,0,11,13.787002585180518,3.7266709987306967,191.42619200101763,224.07333665510825
1789437200,50,,Aggregated,156.400000,0.000000,11,15,18,20,25,31,39,46,72,95,190,98496,0,11,13.78322040765335,3.7266709987306967,191.42619200101763,224.06796215074723
1789437201,50,,Aggregated,156.600000,0.000000,11,15,18,20,25,31,39,46,72,95,190,98660,0,11,13.7896886313827,3.7266709987306967,191.42619200101763,224.07367727549158
1789437202,50,,Aggregated,156.500000,0.000000,11,15,18,20,25,31,39,46,72,95,190,98815,0,11,13.789653189356171,3.7266709987306967,191.42619200101763,224.0711228052421
1789437203,50,,Aggregated,157.400000,0.000000,11,15,18,20,25,31,39,46,72,95,190,98972,0,11,13.786818817354778,3.7266709987306967,191.42619200101763,224.07074728205959
1789437204,50,,Aggregated,156.700000,0.000000,11,15,18,20,25,31,39,46,72,95,190,99132,0,11,13.78801799893296,3.7266709987306967,191.42619200101763,224.07011862970586
1789437205,50,,Aggregated,156.400000,0.000000,11,15,18,20,25,31,39,46,72,95,190,99296,0,11,13.787864577155394,3.7266709987306967,191.42619200101763,224.07124154044473
1789437206,50,,Aggregated,157.800000,0.000000,11,15,18,20,25,31,39,46,72,95,190,99453,0,11,13.790241229145618,3.7266709987306967,191.42619200101763,224.07140056106905
1789437207,50,,Aggregated,158.700000,0.000000,11,15,18,20,25,31,39,46,72,95,190,99608,0,11,13.793541247612847,3.7266709987306967,191.42619200101763,224.06971327604208
1789437208,50,,Aggregated,159.300000,0.000000,11,15,18,20,25,31,39,46,72,95,190,99769,0,11,13.797365669679,3.7266709987306967,191.42619200101763,224.0678567490904
1789437209,50,,Aggregated,157.700000,0.000000,11,15,18,20,25,31,39,46,72,95,190,99926,0,11,13.792080117659161,3.7266709987306967,191.42619200101763,224.06981166062886
1789437210,50,,Aggregated,158.500000,0.000000,11,15,18,20,25,31,39,46,72,94,190,100100,0,11,13.78885292399805,3.7266709987306967,191.42619200101763,224.0688111888112
1789437211,50,,Aggregated,159.300000,0.000000,11,15,18,20,25,31,39,46,72,94,190,100252,0,11,13.788174686472262,3.7266709987306967,191.42619200101763,224.07126042373218
1789437212,50,,Aggregated,159.900000,0.000000,11,15,18,20,25,31,39,46,72,94,190,100417,0,11,13.78774746450525,3.7266709987306967,191.42619200101763,224.06654251770118
1789437213,50,,Aggregated,159.600000,0.000000,11,15,18,20,25,31,39,46,72,94,190,100566,0,11,13.789081554891435,3.7266709987306967,191.42619200101763,224.0673289183223
1789437214,50,,Aggregated,160.700000,0.000000,11,15,18,20,25,31,39,46,72,94,190,100726,0,11,13.78757760941757,3.7266709987306967,191.42619200101763,224.06893949923554
1789437215,50,,Aggregated,160.100000,0.000000,11,15,18,20,25,31,39,46,72,94,190,100891,0,11,13.784341192100298,3.7266709987306967,191.42619200101763,224.06514951779644
1789437216,50,,Aggregated,158.300000,0.000000,11,15,18,20,25,31,39,46,72,94,190,101056,0,11,13.78308303833708,3.7266709987306967,191.42619200101763,224.06723994616846
1789437217,50,,Aggregated,159.600000,0.000000,11,15,18,20,25,31,39,46,72,94,190,101208,0,11,13.780570977207208,3.7266709987306967,191.42619200101763,224.06238637261876
1789437218,50,,Aggregated,160.400000,0.000000,11,15,18,20,25,31,39,46,72,94,190,101374,0,11,13.776020541748236,3.7266709987306967,191.42619200101763,224.0572237457336
1789437219,50,,Aggregated,160.500000,0.000000,11,15,18,20,25,31,39,46,72,94,190,101531,0,11,13.776105764842105,3.7266709987306967,191.42619200101763,224.05643596537018
1789437220,50,,Aggregated,159.800000,0.000000,11,15,18,20,25,31,39,46,72,94,190,101676,0,11,13.77675462511487,3.7266709987306967,191.42619200101763,224.05429009795822
1789437221,50,,Aggregated,159.600000,0.000000,11,15,18,20,25,31,39,46,72,94,190,101843,0,11,13.781044922912654,3.7266709987306967,191.42619200101763,224.0546036546449
1789437222,50,,Aggregated,158.900000,0.000000,11,15,18,20,25,31,39,46,72,94,190,102009,0,11,13.783609639768963,3.7266709987306967,191.42619200101763,224.05255418639533
1789437223,50,,Aggregated,159.100000,0.000000,11,15,18,20,25,31,39,46,72,94,190,102168,0,11,13.782216544213444,3.7266709987306967,191.42619200101763,224.05529128494246
1789437224,50,,Aggregated,158.600000,0.000000,11,15,18,20,25,31,39,46,72,94,190,102322,0,11,13.783752675018125,3.7266709987306967,191.42619200101763,224.0495299153652
1789437225,50,,Aggregated,159.800000,0.000000,11,15,18,20,25,31,39,46,72,94,190,102477,0,11,13.785489571144868,3.7266709987306967,191.42619200101763,224.0479717400002
1789437226,50,,Aggregated,160.300000,0.000000,11,15,18,20,25,31,39,46,72,94,190,102639,0,11,13.786040907931943,3.7266709987306967,191.42619200101763,224.03980942916436
1789437227,50,,Aggregated,158.500000,0.000000,11,15,18,20,25,31,39,46,72,94,190,102791,0,11,13.786395706844276,3.7266709987306967,191.42619200101763,224.03860260139507
1789437228,50,,Aggregated,157.400000,0.000000,11,15,18,20,25,31,39,46,72,96,190,102958,0,11,13.794867724754173,3.7266709987306967,191.42619200101763,224.0404339633637
1789437229,50,,Aggregated,157.800000,0.000000,11,15,18,20,25,31,39,46,72,96,190,103113,0,11,13.792692448190339,3.7266709987306967,191.42619200101763,224.04619204174062
1789437230,50,,Aggregated,157.900000,0.000000,11,15,18,20,25,31,39,46,72,96,190,103272,0,11,13.790617161091598,3.7266709987306967,191.42619200101763,224.04985862576498
1789437231,50,,Aggregated,157.800000,0.000000,11,15,18,20,25,31,39,46,72,96,190,103436,0,11,13.79943468738411,3.7266709987306967,191.42619200101763,224.05125874937158
1789437232,50,,Aggregated,157.800000,0.000000,11,15,18,20,25,31,39,46,72,96,190,103595,0,11,13.799451912382562,3.7266709987306967,191.42619200101763,224.04650803610213
1789437233,50,,Aggregated,158.300000,0.000000,11,15,18,20,25,31,39,46,72,96,190,103760,0,11,13.802518689632574,3.7266709987306967,191.42619200101763,224.04337895142638
1789437234,50,,Aggregated,158.400000,0.000000,11,15,18,20,25,31,39,46,72,96,190,103928,0,11,13.802146057686816,3.7266709987306967,191.42619200101763,224.04155761681164
1789437235,50,,Aggregated,158.900000,0.000000,11,15,18,20,25,31,39,46,72,96,190,104086,0,11,13.800607850866292,3.7266709987306967,191.42619200101763,224.04405971984704
1789437236,50,,Aggregated,159.900000,0.000000,11,15,18,20,25,31,39,46,72,96,190,104246,0,11,13.803530676086002,3.7266709987306967,191.42619200101763,224.04386739059532
1789437237,50,,Aggregated,159.700000,0.000000,11,15,18,20,25,31,39,46,72,96,190,104413,0,11,13.800679035630251,3.7266709987306967,191.42619200101763,224.0431938551713
1789437238,50,,Aggregated,160.700000,0.000000,11,15,18,20,25,31,39,46,72,96,190,104567,0,11,13.79953389398423,3.7266709987306967,191.42619200101763,224.0476154044775
1789437239,50,,Aggregated,161.300000,0.000000,11,15,18,20,25,31,39,46,72,96,190,104733,0,11,13.79746851183729,3.7266709987306967,191.42619200101763,224.04515291264454
1789437240,50,,Aggregated,161.700000,0.000000,11,15,18,20,25,31,39,46,72,96,190,104894,0,11,13.795848245297652,3.7266709987306967,191.42619200101763,224.04693309436192
1789437241,50,,Aggregated,161.500000,0.000000,11,15,18,20,25,31,39,46,72,96,190,105041,0,11,13.796777099020918,3.7266709987306967,191.42619200101763,224.0465437305433
1789437242,50,,Aggregated,162.000000,0.000000,11,15,18,20,25,31,39,46,72,96,190,105193,0,11,13.796328622182717,3.7266709987306967,191.42619200101763,224.04590609641326
1789437243,50,,Aggregated,160.700000,0.000000,11,15,18,20,25,31,39,46,72,96,190,105357,0,11,13.798912506138876,3.7266709987306967,191.42619200101763,224.04796074299762
1789437244,50,,Aggregated,160.000000,0.000000,11,15,18,20,25,31,39,46,72,96,190,105507,0,11,13.799257714486052,3.7266709987306967,191.42619200101763,224.04464158776196
1789437245,50,,Aggregated,159.100000,0.000000,11,15,18,20,25,31,39,46,72,96,190,105674,0,11,13.801798858662407,3.7266709987306967,191.42619200101763,224.03853360334614
1789437246,50,,Aggregated,158.400000,0.000000,11,15,18,20,25,31,39,46,72,96,190,105836,0,11,13.799111174234609,3.7266709987306967,191.42619200101763,224.0400619826902
1789437247,50,,Aggregated,158.900000,0.000000,11,15,18,20,25,31,39,46,72,96,190,105989,0,11,13.796833347803089,3.7266709987306967,191.42619200101763,224.04293841813774
1789437248,50,,Aggregated,158.300000,0.000000,11,15,18,20,25,31,39,46,72,96,190,106148,0,11,13.801263558826328,3.7266709987306967,191.42619200101763,224.04088630968081
1789437249,50,,Aggregated,157.500000,0.000000,11,15,18,20,25,31,39,46,72,96,190,106315,0,11,13.798054557638089,3.7266709987306967,191.42619200101763,224.04330527206886
1789437250,50,,Aggregated,158.100000,0.000000,11,15,18,20,25,31,39,46,72,96,190,106468,0,11,13.80406637461294,3.7266709987306967,191.42619200101763,224.04494308148927
1789437251,50,,Aggregated,158.500000,0.000000,11,15,18,20,25,31,39,46,72,96,190,106628,0,11,13.804831438865042,3.7266709987306967,191.42619200101763,224.0472671343362
1789437252,50,,Aggregated,156.700000,0.000000,11,15,18,20,25,31,39,46,72,96,190,106797,0,11,13.805213791729248,3.7266709987306967,191.42619200101763,224.05188347987303
1789437253,50,,Aggregated,159.000000,0.000000,11,15,18,20,25,31,39,46,72,96,190,106965,0,11,13.809707461527802,3.7266709987306967,191.42619200101763,224.05312952835038
1789437254,50,,Aggregated,159.300000,0.000000,11,15,18,20,25,31,39,46,72,96,190,107123,0,11,13.817769868303943,3.7266709987306967,191.42619200101763,224.05174425660223
1789437255,50,,Aggregated,160.200000,0.000000,11,15,18,20,25,31,39,46,72,96,190,107286,0,11,13.81858799990976,3.7266709987306967,191.42619200101763,224.05454579348657
1789437256,50,,Aggregated,161.000000,0.000000,11,15,18,20,25,31,39,46,72,96,190,107435,0,11,13.819432982382947,3.7266709987306967,191.42619200101763,224.04948108158422
1789437257,50,,Aggregated,160.400000,0.000000,11,15,18,20,25,31,39,46,72,96,190,107597,0,11,13.826593980894533,3.7266709987306967,191.42619200101763,224.0497411637871
1789437258,50,,Aggregated,160.700000,0.000000,11,15,18,20,25,31,39,46,72,96,190,107750,0,11,13.82533539233703,3.7266709987306967,191.42619200101763,224.0529837587007
1789437259,50,,Aggregated,161.200000,0.000000,11,15,18,20,25,31,39,46,72,96,190,107909,0,11,13.826607656954703,3.7266709987306967,191.42619200101763,224.05101520725796
1789437260,50,,Aggregated,159.800000,0.000000,11,15,18,20,25,31,39,46,72,96,190,108067,0,11,13.827664788162283,3.7266709987306967,191.42619200101763,224.05087584554028
1789437261,50,,Aggregated,159.100000,0.000000,11,15,18,20,25,31,39,46,72,96,190,108224,0,11,13.8278715466933,3.7266709987306967,191.42619200101763,224.0519016114725
1789437262,50,,Aggregated,160.400000,0.000000,11,15,18,20,25,31,39,46,72,96,190,108388,0,11,13.829065259035351,3.7266709987306967,191.42619200101763,224.05416651289812
1789437263,50,,Aggregated,159.100000,0.000000,11,15,18,20,25,31,39,46,72,96,190,108547,0,11,13.829941123313654,3.7266709987306967,191.42619200101763,224.0471961454485
1789437264,50,,Aggregated,158.500000,0.000000,11,15,18,20,25,31,39,46,72,96,190,108705,0,11,13.834125891654816,3.7266709987306967,191.42619200101763,224.04972172393175
1789437265,50,,Aggregated,157.600000,0.000000,11,15,18,20,25,31,39,46,72,96,190,108860,0,11,13.836433642801179,3.7266709987306967,191.42619200101763,224.0523883887562
1789437266,50,,Aggregated,158.500000,0.000000,11,15,18,20,25,31,39,46,72,96,190,109019,0,11,13.832297604558132,3.7266709987306967,191.42619200101763,224.05619203991964
1789437267,50,,Aggregated,157.400000,0.000000,11,15,18,20,25,31,39,46,72,96,190,109178,0,11,13.836331536832674,3.7266709987306967,191.42619200101763,224.05678799758192
1789437268,50,,Aggregated,157.100000,0.000000,11,15,18,20,25,31,39,46,72,96,190,109329,0,11,13.841566130206179,3.7266709987306967,191.42619200101763,224.05543817285442
1789437269,50,,Aggregated,157.000000,0.000000,11,15,18,20,25,31,39,46,72,96,190,109489,0,11,13.842144771276738,3.7266709987306967,191.42619200101763,224.05741216012566
1789437270,50,,Aggregated,157.700000,0.000000,11,15,18,20,25,31,39,46,72,96,190,109654,0,11,13.84077945941161,3.7266709987306967,191.42619200101763,224.05732577014973
1789437271,50,,Aggregated,158.100000,0.000000,11,15,18,20,25,31,39,46,72,96,190,109805,0,11,13.839644889297468,3.7266709987306967,191.42619200101763,224.05855835344474
1789437272,50,,Aggregated,157.100000,0.000000,11,15,18,20,25,31,39,46,72,96,190,109967,0,11,13.83863158146819,3.7266709987306967,191.42619200101763,224.06087280729673
1789437273,50,,Aggregated,157.600000,0.000000,11,15,18,20,25,31,39,46,72,95,190,110117,0,11,13.841877024985298,3.7266709987306967,191.42619200101763,224.06601160583742
1789437274,50,,Aggregated,158.400000,0.000000,11,15,18,20,25,31,39,46,72,95,190,110283,0,11,13.840280825524404,3.7266709987306967,191.42619200101763,224.0660391900837
1789437275,50,,Aggregated,158.300000,0.000000,11,15,18,20,25,31,39,46,72,95,190,110439,0,11,13.83798305090875,3.7266709987306967,191.42619200101763,224.06181693061328
1789437276,50,,Aggregated,156.900000,0.000000,11,15,18,20,25,31,39,46,72,95,190,110612,0,11,13.83755691634999,3.7266709987306967,191.42619200101763,224.06643040538097
1789437277,50,,Aggregated,158.300000,0.000000,11,15,18,20,25,31,39,46,72,95,190,110763,0,11,13.837009174086242,3.7266709987306967,191.42619200101763,224.06380289446838
1789437278,50,,Aggregated,159.200000,0.000000,11,15,18,20,25,31,39,46,72,95,190,110924,0,11,13.839497081635216,3.7266709987306967,191.42619200101763,224.06165482672822
1789437279,50,,Aggregated,158.500000,0.000000,11,15,18,20,25,31,39,46,72,95,190,111080,0,11,13.842387880908412,3.7266709987306967,191.42619200101763,224.06451206337775
1789437280,50,,Aggregated,158.600000,0.000000,11,15,18,20,25,31,39,46,72,95,190,111231,0,11,13.840715537595745,3.7266709987306967,191.42619200101763,224.06241964919852
1789437281,50,,Aggregated,158.900000,0.000000,11,15,18,20,25,31,39,46,72,95,190,111389,0,11,13.84706869419169,3.7266709987306967,191.42619200101763,224.0623580425356
1789437282,50,,Aggregated,159.100000,0.000000,11,15,18,20,25,31,39,46,72,95,190,111548,0,11,13.848404423461723,3.7266709987306967,191.42619200101763,224.06369455301754
1789437283,50,,Aggregated,157.200000,0.000000,11,15,18,20,25,31,39,46,72,95,190,111693,0,11,13.857101628341177,3.7266709987306967,191.42619200101763,224.0646862381707
1789437284,50,,Aggregated,157.900000,0.000000,11,15,18,20,25,31,39,46,72,95,190,111851,0,11,13.856037315780032,3.7266709987306967,191.42619200101763,224.06833197736273
1789437285,50,,Aggregated,156.900000,0.000000,11,15,18,20,25,31,39,46,72,95,190,112019,0,11,13.857714469932029,3.7266709987306967,191.42619200101763,224.06810451798356
1789437286,50,,Aggregated,156.600000,0.000000,11,15,18,20,25,31,39,46,72,95,190,112176,0,11,13.856753304265734,3.7266709987306967,191.42619200101763,224.0691859221224
1789437287,50,,Aggregated,157.600000,0.000000,11,15,18,20,25,31,39,46,72,95,190,112339,0,11,13.852923791891714,3.7266709987306967,191.42619200101763,224.07312687490543
1789437288,50,,Aggregated,156.500000,0.000000,11,15,18,20,25,31,39,46,72,95,190,112491,0,11,13.853557081849457,3.7266709987306967,191.42619200101763,224.07369478447166
1789437289,50,,Aggregated,157.800000,0.000000,11,15,18,20,25,31,39,46,72,95,190,112651,0,11,13.8540529704869,3.7266709987306967,191.42619200101763,224.0748151370161
1789437290,50,,Aggregated,157.300000,0.000000,11,15,18,20,25,31,39,46,72,95,190,112813,0,11,13.855246960193663,3.6922750005032867,191.42619200101763,224.0778722310372
1789437291,50,,Aggregated,156.500000,0.000000,11,15,18,20,25,31,39,46,72,95,190,112967,0,11,13.856303303197643,3.6922750005032867,191.42619200101763,224.07576548903663
1789437292,50,,Aggregated,157.100000,0.000000,11,15,18,20,25,31,39,46,71,95,190,113117,0,11,13.858384308144025,3.6922750005032867,191.42619200101763,224.07621312446406
1789437293,50,,Aggregated,158.700000,0.000000,11,15,18,20,25,31,39,46,71,95,190,113283,0,11,13.857277907394055,3.6922750005032867,191.42619200101763,224.07782279777194
1789437294,50,,Aggregated,156.600000,0.000000,11,15,18,20,25,31,39,46,71,95,190,113440,0,11,13.85363444523382,3.6922750005032867,191.42619200101763,224.08350669957687
1789437295,50,,Aggregated,157.500000,0.000000,11,15,18,20,25,31,39,46,71,95,190,113600,0,11,13.854936076992313,3.6922750005032867,191.42619200101763,224.08336267605634
1789437296,50,,Aggregated,158.300000,0.000000,11,15,18,20,25,31,39,46,71,95,190,113750,0,11,13.854579458983034,3.6922750005032867,191.42619200101763,224.082610989011
1789437297,50,,Aggregated,158.100000,0.000000,11,15,18,20,25,31,39,46,71,95,190,113921,0,11,13.854400608029486,3.6922750005032867,191.42619200101763,224.08240798448048
1789437298,50,,Aggregated,157.300000,0.000000,11,15,18,20,25,31,39,46,71,95,190,114068,0,11,13.856500742840558,3.6922750005032867,191.42619200101763,224.08443209313742
1789437299,50,,Aggregated,157.600000,0.000000,11,15,18,20,25,31,39,46,71,95,190,114223,0,11,13.857705147775127,3.6922750005032867,191.42619200101763,224.08770562846362
1789437300,50,,Aggregated,157.400000,0.000000,11,15,18,20,25,31,39,46,71,95,190,114387,0,11,13.856065017242413,3.6922750005032867,191.42619200101763,224.08709905845944
1789437301,50,,Aggregated,157.200000,0.000000,11,15,18,20,26,31,39,46,71,95,190,114543,0,11,13.860659510064462,3.6922750005032867,191.42619200101763,224.08625581659288
1789437302,50,,Aggregated,157.500000,0.000000,11,15,18,20,26,31,39,46,74,240,330,114690,0,11,13.910408259615501,3.6922750005032867,332.4733200006449,224.0811491847589
1789437303,50,,Aggregated,156.600000,0.000000,11,15,18,20,26,31,39,46,74,240,330,114844,0,11,13.913452890253785,3.6922750005032867,332.4733200006449,224.08108390512348
1789437304,50,,Aggregated,156.700000,0.000000,11,15,18,20,26,31,39,46,74,240,330,115019,0,11,13.914761101437925,3.6922750005032867,332.4733200006449,224.08341230579296
1789437305,50,,Aggregated,156.000000,0.000000,11,15,18,20,26,31,39,46,74,240,330,115168,0,11,13.91771883618966,3.6922750005032867,332.4733200006449,224.08483259238676
1789437306,50,,Aggregated,156.800000,0.000000,11,15,18,20,26,31,39,46,74,240,330,115324,0,11,13.922785020770004,3.6922750005032867,332.4733200006449,224.08430161978427
1789437307,50,,Aggregated,156.000000,0.000000,11,15,18,20,26,31,39,46,74,250,340,115420,0,11,13.93137720300023,3.6922750005032867,342.739021001762,224.09142263039334
1789437308,50,,Aggregated,157.000000,0.000000,11,15,18,20,26,31,39,47,80,1100,1500,115458,0,11,14.207217138000662,3.6922750005032867,1484.4841319991247,224.0891579622027
1789437309,50,,Aggregated,157.000000,0.000000,11,15,18,20,26,31,39,47,82,1300,2100,115484,0,11,14.291713178382105,3.6922750005032867,2065.599368999756,224.09157112673617
1789437310,50,,Aggregated,139.600000,0.000000,11,15,18,20,26,31,39,47,150,2200,2900,115634,0,11,14.793474494882734,3.6922750005032867,2868.0854009999166,224.08929034712975
1789437311,50,,Aggregated,129.800000,0.000000,11,15,18,20,26,31,39,47,150,2200,2900,115797,0,11,14.796963712274785,3.6922750005032867,2868.0854009999166,224.09002823907355
1789437312,50,,Aggregated,124.300000,0.000000,11,15,18,20,26,31,40,47,150,2200,2900,115957,0,11,14.797009446693963,3.6922750005032867,2868.0854009999166,224.0894383262761
1789437313,50,,Aggregated,125.600000,0.000000,11,15,18,20,26,31,40,47,140,2200,2900,116115,0,11,14.799407579126576,3.6922750005032867,2868.0854009999166,224.0901089437196
1789437314,50,,Aggregated,127.000000,0.000000,11,15,18,20,26,31,40,47,140,2200,2900,116275,0,11,14.799645435065838,3.6922750005032867,2868.0854009999166,224.08730165555795
1789437315,50,,Aggregated,127.100000,0.000000,11,15,18,20,26,31,39,47,140,2200,2900,116434,0,11,14.800036750358796,3.6922750005032867,2868.0854009999166,224.08658982771357
1789437316,50,,Aggregated,126.300000,0.000000,11,15,18,20,26,31,40,47,140,2200,2900,116595,0,11,14.801378955858146,3.6922750005032867,2868.0854009999166,224.0885887044899
1789437317,50,,Aggregated,126.200000,0.000000,11,15,18,20,26,31,40,47,140,2200,2900,116751,0,11,14.79973293303944,3.6922750005032867,2868.0854009999166,224.08815342052745
1789437318,50,,Aggregated,126.200000,0.000000,11,15,18,20,26,31,40,47,140,2200,2900,116908,0,11,14.803319775792017,3.6922750005032867,2868.0854009999166,224.0917730180997
1789437319,50,,Aggregated,130.000000,0.000000,11,15,18,20,26,31,40,47,130,2200,2900,117080,0,11,14.800626961652833,3.6922750005032867,2868.0854009999166,224.088093611206
1789437320,50,,Aggregated,142.900000,0.000000,11,15,18,20,26,31,40,47,130,2200,2900,117236,0,11,14.802453832835603,3.6922750005032867,2868.0854009999166,224.0903562045788
1789437321,50,,Aggregated,153.700000,0.000000,11,15,18,20,26,31,40,47,130,2200,2900,117402,0,11,14.801825915336348,3.6922750005032867,2868.0854009999166,224.09280932181736
1789437322,50,,Aggregated,159.100000,0.000000,11,15,18,20,26,31,40,47,130,2200,2900,117567,0,11,14.79886601059246,3.6922750005032867,2868.0854009999166,224.09029744741295
1789437323,50,,Aggregated,160.100000,0.000000,11,15,18,20,26,31,40,47,130,2200,2900,117720,0,11,14.799607660281193,3.6922750005032867,2868.0854009999166,224.09589704383282
1789437324,50,,Aggregated,159.900000,0.000000,11,15,18,20,26,31,40,47,130,2200,2900,117880,0,11,14.79937289600712,3.6922750005032867,2868.0854009999166,224.0925856803529
1789437325,50,,Aggregated,160.000000,0.000000,11,15,18,20,26,31,40,47,130,2200,2900,118033,0,11,14.802052610467586,3.6922750005032867,2868.0854009999166,224.088212618505
1789437326,50,,Aggregated,159.800000,0.000000,11,15,18,20,26,31,40,47,130,2200,2900,118195,0,11,14.801784469836507,3.6922750005032867,2868.0854009999166,224.08480054147807
1789437327,50,,Aggregated,160.300000,0.000000,11,15,18,20,26,31,40,47,130,2200,2900,118356,0,11,14.801296607551233,3.6922750005032867,2868.0854009999166,224.0836712967657
1789437328,50,,Aggregated,159.600000,0.000000,11,15,18,20,26,31,40,47,130,2200,2900,118495,0,11,14.803588843430772,3.6922750005032867,2868.0854009999166,224.08114266424744
1789437329,50,,Aggregated,158.900000,0.000000,11,15,18,20,26,31,40,47,130,2200,2900,118664,0,11,14.805713713327892,3.6922750005032867,2868.0854009999166,224.0779174812917
1789437330,50,,Aggregated,159.700000,0.000000,11,15,18,20,26,31,40,47,130,2200,2900,118837,0,11,14.803420325297202,3.6922750005032867,2868.0854009999166,224.0786371248012
1789437331,50,,Aggregated,159.200000,0.000000,11,15,18,20,26,31,40,47,130,2200,2900,118987,0,11,14.803429037603705,3.6922750005032867,2868.0854009999166,224.0768319228151
1789437332,50,,Aggregated,159.400000,0.000000,11,15,18,20,26,31,40,47,130,2200,2900,119142,0,11,14.80284019341086,3.6922750005032867,2868.0854009999166,224.07285424115761
1789437333,50,,Aggregated,158.200000,0.000000,11,15,18,20,26,31,40,47,130,2200,2900,119305,0,11,14.798790239858777,3.6922750005032867,2868.0854009999166,224.07429696995098
1789437334,50,,Aggregated,156.600000,0.000000,11,15,18,20,26,31,40,47,130,2200,2900,119457,0,11,14.799294721902838,3.6922750005032867,2868.0854009999166,224.07525720552167
1789437335,50,,Aggregated,157.900000,0.000000,11,15,18,20,26,31,40,47,130,2200,2900,119624,0,11,14.798601188468336,3.6922750005032867,2868.0854009999166,224.078169932455
1789437336,50,,Aggregated,157.500000,0.000000,11,15,18,20,26,31,40,47,130,2200,2900,119778,0,11,14.796017413960255,3.6922750005032867,2868.0854009999166,224.08084957170766
1789437337,50,,Aggregated,157.600000,0.000000,11,15,18,20,26,31,40,47,130,2200,2900,119937,0,11,14.79880862455561,3.6922750005032867,2868.0854009999166,224.08316866354835
1789437338,50,,Aggregated,158.800000,0.000000,11,15,18,20,26,31,40,47,120,2100,2900,120101,0,11,14.797772018795259,3.6922750005032867,2868.0854009999166,224.08371287499688
1789437339,50,,Aggregated,158.000000,0.000000,11,15,18,20,26,31,40,47,120,2100,2900,120255,0,11,14.793839317253532,3.6922750005032867,2868.0854009999166,224.08370545923248
1789437340,50,,Aggregated,159.000000,0.000000,11,15,18,20,26,31,40,47,120,2100,2900,120410,0,11,14.795756511181146,3.6922750005032867,2868.0854009999166,224.09190266589152
1789437341,50,,Aggregated,158.200000,0.000000,11,15,18,20,26,31,40,47,120,2100,2900,120567,0,11,14.794376156579608,3.6922750005032867,2868.0854009999166,224.09584712234692
1789437342,50,,Aggregated,158.200000,0.000000,11,15,18,20,26,31,40,47,120,2100,2900,120724,0,11,14.793948539903639,3.6922750005032867,2868.0854009999166,224.09436400384348
1789437343,50,,Aggregated,157.100000,0.000000,11,15,18,20,26,31,40,47,120,2100,2900,120887,0,11,14.791137137767821,3.6922750005032867,2868.0854009999166,224.09457592627825
1789437344,50,,Aggregated,158.700000,0.000000,11,15,18,20,26,31,39,47,110,2100,2900,121047,0,11,14.791073575341366,3.6922750005032867,2868.0854009999166,224.09078291903145
1789437345,50,,Aggregated,157.800000,0.000000,11,15,18,20,26,31,39,47,110,2100,2900,121210,0,11,14.78932544302737,3.6922750005032867,2868.0854009999166,224.09113109479415
1789437346,50,,Aggregated,158.300000,0.000000,11,15,18,20,26,31,39,47,110,2100,2900,121366,0,11,14.786690102881796,3.6922750005032867,2868.0854009999166,224.09377420364848
1789437347,50,,Aggregated,159.000000,0.000000,11,15,18,20,26,31,39,47,110,2100,2900,121533,0,11,14.786570235626096,3.6922750005032867,2868.0854009999166,224.08689820871697
1789437348,50,,Aggregated,158.400000,0.000000,11,15,18,20,26,31,39,47,110,2100,2900,121689,0,11,14.78444546081695,3.6922750005032867,2868.0854009999166,224.08680324433598
1789437349,50,,Aggregated,159.800000,0.000000,11,15,18,20,26,31,39,47,110,2100,2900,121845,0,11,14.787339699916654,3.6922750005032867,2868.0854009999166,224.08106200500637
1789437350,50,,Aggregated,158.200000,0.000000,11,15,18,20,26,31,39,47,110,2100,2900,121997,0,11,14.784722996543707,3.6922750005032867,2868.0854009999166,224.08287908719066
1789437351,50,,Aggregated,158.500000,0.000000,11,15,18,20,26,31,39,47,110,2100,2900,122157,0,11,14.780790873869945,3.6922750005032867,2868.0854009999166,224.08381836489107
1789437352,50,,Aggregated,158.200000,0.000000,11,15,18,20,26,31,39,47,110,2100,2900,122315,0,11,14.779586952878502,3.6922750005032867,2868.0854009999166,224.0810693700691
1789437353,50,,Aggregated,158.700000,0.000000,11,15,18,20,26,31,39,47,110,2100,2900,122469,0,11,14.77991696655741,3.6922750005032867,2868.0854009999166,224.07808506642496
1789437354,50,,Aggregated,159.100000,0.000000,11,15,18,20,26,31,39,47,110,2100,2900,122623,0,11,14.777325247737453,3.6922750005032867,2868.0854009999166,224.07773419342212
1789437355,50,,Aggregated,159.100000,0.000000,11,15,18,20,26,31,39,47,110,2100,2900,122790,0,11,14.777055676393203,3.6922750005032867,2868.0854009999166,224.07604853815457
1789437356,50,,Aggregated,157.400000,0.000000,11,15,18,20,26,31,39,47,110,2100,2900,122950,0,11,14.773489262507638,3.6922750005032867,2868.0854009999166,224.07333062220414
1789437357,50,,Aggregated,156.500000,0.000000,11,15,18,20,26,31,39,47,100,2100,2900,123108,0,11,14.774815646857306,3.6922750005032867,2868.0854009999166,224.07733859700426
1789437358,50,,Aggregated,158.000000,0.000000,11,15,18,20,26,31,39,47,100,2100,2900,123269,0,11,14.770450871811274,3.6922750005032867,2868.0854009999166,224.07984975946914
1789437359,50,,Aggregated,157.100000,0.000000,11,15,18,20,26,31,39,47,100,2100,2900,123428,0,11,14.767065038843054,3.6922750005032867,2868.0854009999166,224.08028972356354
1789437360,50,,Aggregated,158.100000,0.000000,11,15,18,20,26,31,39,47,100,2100,2900,123596,0,11,14.766357732696166,3.6922750005032867,2868.0854009999166,224.08434738988316
1789437361,50,,Aggregated,159.100000,0.000000,11,15,18,20,26,31,39,47,100,2100,2900,123750,0,11,14.762457770006554,3.6922750005032867,2868.0854009999166,224.08401616161615
1789437362,50,,Aggregated,159.200000,0.000000,11,15,18,20,26,31,39,47,100,2100,2900,123914,0,11,14.758208838366107,3.6922750005032867,2868.0854009999166,224.08530109592135
1789437363,50,,Aggregated,159.800000,0.000000,11,15,18,20,26,31,39,47,100,2100,2900,124072,0,11,14.758611675658456,3.6922750005032867,2868.0854009999166,224.08183151718356
1789437364,50,,Aggregated,158.600000,0.000000,11,15,18,20,26,31,39,47,100,2100,2900,124237,0,11,14.758735132885548,3.6922750005032867,2868.0854009999166,224.07964616016162
1789437365,50,,Aggregated,159.900000,0.000000,11,15,18,20,26,31,39,47,100,2100,2900,124395,0,11,14.757622870214295,3.6922750005032867,2868.0854009999166,224.07714940311106
1789437366,50,,Aggregated,160.600000,0.000000,11,15,18,20,26,31,39,47,100,2100,2900,124553,0,11,14.760421676726507,3.6922750005032867,2868.0854009999166,224.07238685539488
1789437367,50,,Aggregated,161.300000,0.000000,11,15,18,20,26,31,39,47,100,2100,2900,124703,0,11,14.760838717002168,3.6922750005032867,2868.0854009999166,224.07440077624435
1789437368,50,,Aggregated,159.800000,0.000000,11,15,18,20,26,31,39,47,100,2100,2900,124864,0,11,14.758569524581329,3.6922750005032867,2868.0854009999166,224.07501761916964
1789437369,50,,Aggregated,159.600000,0.000000,11,15,18,20,26,31,39,47,100,2100,2900,125013,0,11,14.758860710944658,3.6922750005032867,2868.0854009999166,224.07473622743234
1789437370,50,,Aggregated,159.000000,0.000000,11,15,18,20,26,31,39,47,100,2100,2900,125162,0,11,14.757877928095828,3.6922750005032867,2868.0854009999166,224.07293747303495
1789437371,50,,Aggregated,158.100000,0.000000,11,15,18,20,26,31,39,47,100,2100,2900,125324,0,11,14.75555171522882,3.6922750005032867,2868.0854009999166,224.07161437553862
1789437372,50,,Aggregated,156.100000,0.000000,11,15,18,20,26,31,39,47,100,2100,2900,125480,0,11,14.755936148512427,3.6922750005032867,2868.0854009999166,224.07092763787057
1789437373,50,,Aggregated,156.500000,0.000000,11,15,18,20,26,31,39,47,100,2100,2900,125649,0,11,14.755146204341743,3.6922750005032867,2868.0854009999166,224.07013187530342
1789437374,50,,Aggregated,157.000000,0.000000,11,15,18,20,26,31,39,47,100,2100,2900,125814,0,11,14.750840530015283,3.6922750005032867,2868.0854009999166,224.0642853736468
1789437375,50,,Aggregated,155.800000,0.000000,11,15,18,20,26,31,39,47,100,2100,2900,125975,0,11,14.751212521034748,3.6922750005032867,2868.0854009999166,224.06070252034135
1789437376,50,,Aggregated,157.600000,0.000000,11,15,18,20,26,31,39,47,98,2100,2900,126143,0,11,14.747034937002885,3.6922750005032867,2868.0854009999166,224.06033628500987
1789437377,50,,Aggregated,157.800000,0.000000,11,15,18,20,26,31,39,47,98,2100,2900,126309,0,11,14.744765590887164,3.6922750005032867,2868.0854009999166,224.05858648235676
1789437378,50,,Aggregated,157.700000,0.000000,11,15,18,20,26,31,39,47,98,2100,2900,126468,0,11,14.740894320764074,3.6922750005032867,2868.0854009999166,224.05771420438373
1789437379,50,,Aggregated,159.000000,0.000000,11,15,18,20,26,31,39,47,98,2100,2900,126621,0,11,14.737040625910325,3.6922750005032867,2868.0854009999166,224.05980840460904
1789437380,50,,Aggregated,159.900000,0.000000,11,15,18,20,26,31,39,47,98,2100,2900,126782,0,11,14.735317711310776,3.6922750005032867,2868.0854009999166,224.06063952296068
1789437381,50,,Aggregated,159.900000,0.000000,11,15,18,20,26,31,39,47,98,2100,2900,126948,0,11,14.730707718982503,3.6922750005032867,2868.0854009999166,224.05971736459023
1789437382,50,,Aggregated,162.400000,0.000000,11,15,18,20,26,31,39,47,96,2100,2900,127102,0,11,14.731082985817654,3.6922750005032867,2868.0854009999166,224.05937750782834
1789437383,50,,Aggregated,161.500000,0.000000,11,15,18,20,26,31,39,47,96,2100,2900,127256,0,11,14.728849250969619,3.6922750005032867,2868.0854009999166,224.0611837555793
1789437384,50,,Aggregated,161.700000,0.000000,11,15,18,20,26,31,39,47,96,2100,2900,127402,0,11,14.72749623054887,3.6922750005032867,2868.0854009999166,224.06276196606018
1789437385,50,,Aggregated,161.100000,0.000000,11,15,18,20,26,31,39,47,96,2100,2900,127574,0,11,14.730277892724143,3.6922750005032867,2868.0854009999166,224.06194835938356
1789437386,50,,Aggregated,160.000000,0.000000,11,15,18,20,26,31,39,47,96,2100,2900,127727,0,11,14.730208467155565,3.6922750005032867,2868.0854009999166,224.06144354756628
1789437387,50,,Aggregated,158.500000,0.000000,11,15,18,20,26,31,39,47,96,2100,2900,127884,0,11,14.729142695813177,3.6922750005032867,2868.0854009999166,224.05826373901348
1789437388,50,,Aggregated,159.900000,0.000000,11,15,18,20,26,31,39,47,95,2100,2900,128039,0,11,14.729694394093775,3.6922750005032867,2868.0854009999166,224.05891173782987
1789437389,50,,Aggregated,157.500000,0.000000,11,15,18,20,26,31,39,47,95,2100,2900,128195,0,11,14.73031103263285,3.6922750005032867,2868.0854009999166,224.06032216545108
1789437390,50,,Aggregated,157.000000,0.000000,11,15,18,20,26,31,39,47,95,2100,2900,128363,0,11,14.72583354467701,3.6922750005032867,2868.0854009999166,224.0571660057805
1789437391,50,,Aggregated,156.900000,0.000000,11,15,18,20,26,31,39,47,95,2100,2900,128522,0,11,14.727850444253649,3.6922750005032867,2868.0854009999166,224.05120524112604
1789437392,50,,Aggregated,157.500000,0.000000,11,15,18,20,26,31,39,47,95,2100,2900,128695,0,11,14.724995675778933,3.6922750005032867,2868.0854009999166,224.05404250359376
1789437393,50,,Aggregated,157.400000,0.000000,11,15,18,20,26,31,39,47,95,2100,2900,128854,0,11,14.723129836437714,3.6922750005032867,2868.0854009999166,224.05376627811322
1789437394,50,,Aggregated,158.400000,0.000000,11,15,18,20,26,31,39,47,94,2100,2900,129013,0,11,14.723112562767628,3.6922750005032867,2868.0854009999166,224.0482742049251
1789437395,50,,Aggregated,159.600000,0.000000,11,15,18,20,26,31,39,46,94,2100,2900,129170,0,11,14.725230126092193,3.6922750005032867,2868.0854009999166,224.0498412944182
1789437396,50,,Aggregated,159.700000,0.000000,11,15,18,20,26,31,39,46,94,2100,2900,129330,0,11,14.72619091760854,3.6922750005032867,2868.0854009999166,224.05206835227713
1789437397,50,,Aggregated,160.400000,0.000000,11,15,18,20,26,31,39,46,94,2100,2900,129496,0,11,14.725123352685143,3.6922750005032867,2868.0854009999166,224.04965404336812
1789437398,50,,Aggregated,158.600000,0.000000,11,15,18,20,26,31,39,46,94,2100,2900,129652,0,11,14.722123177230625,3.6922750005032867,2868.0854009999166,224.05101348224477
1789437399,50,,Aggregated,161.300000,0.000000,11,15,18,20,26,31,39,46,94,2100,2900,129820,0,11,14.72003918594433,3.6922750005032867,2868.0854009999166,224.04902942535819
1789437400,50,,Aggregated,160.800000,0.000000,11,15,18,20,26,31,39,46,94,2100,2900,129984,0,11,14.716232775066954,3.6922750005032867,2868.0854009999166,224.05194485475135
1789437401,50,,Aggregated,160.700000,0.000000,11,15,18,20,26,31,39,46,93,2100,2900,130155,0,11,14.715104358835957,3.6922750005032867,2868.0854009999166,224.0512850063386
1789437402,50,,Aggregated,161.200000,0.000000,11,15,18,20,26,31,39,46,93,2100,2900,130314,0,11,14.716045976643244,3.6922750005032867,2868.0854009999166,224.0485289377964
1789437403,50,,Aggregated,161.800000,0.000000,11,15,18,20,26,31,39,46,93,2100,2900,130474,0,11,14.712802703467926,3.6922750005032867,2868.0854009999166,224.04976470407897
1789437404,50,,Aggregated,162.200000,0.000000,11,15,18,20,26,31,39,46,93,2100,2900,130636,0,11,14.70946812270186,3.6922750005032867,2868.0854009999166,224.051670289966
1789437405,50,,Aggregated,161.700000,0.000000,11,15,18,20,26,31,39,46,93,2100,2900,130789,0,11,14.708846849110238,3.6922750005032867,2868.0854009999166,224.05113579888217
1789437406,50,,Aggregated,162.200000,0.000000,11,15,18,20,26,31,39,46,93,2100,2900,130949,0,11,14.706990238507267,3.6922750005032867,2868.0854009999166,224.05001947323004
1789437407,50,,Aggregated,160.800000,0.000000,11,15,18,20,26,31,39,46,92,2100,2900,131104,0,11,14.707319356863943,3.6922750005032867,2868.0854009999166,224.05092140590676
1789437408,50,,Aggregated,161.800000,0.000000,11,15,18,20,26,31,39,46,92,2100,2900,131270,0,11,14.703781226718142,3.6922750005032867,2868.0854009999166,224.0482745486402
1789437409,50,,Aggregated,160.200000,0.000000,11,15,18,20,26,31,39,46,92,2100,2900,131415,0,11,14.701230806850843,3.6922750005032867,2868.0854009999166,224.04592322033253
1789437410,50,,Aggregated,161.400000,0.000000,11,15,18,20,26,31,39,46,92,2100,2900,131585,0,11,14.70421781796037,3.6922750005032867,2868.0854009999166,224.0414940912718
1789437411,50,,Aggregated,161.200000,0.000000,11,15,18,20,26,31,39,46,92,2100,2900,131743,0,11,14.700749121633141,3.6922750005032867,2868.0854009999166,224.04006284963907
1789437412,50,,Aggregated,160.400000,0.000000,11,15,18,20,26,31,39,46,92,2100,2900,131908,0,11,14.700822701013685,3.6922750005032867,2868.0854009999166,224.03753373563393
1789437413,50,,Aggregated,160.000000,0.000000,11,15,18,20,26,31,39,46,91,2100,2900,132063,0,11,14.699442645467059,3.6922750005032867,2868.0854009999166,224.03425637763794
1789437414,50,,Aggregated,159.300000,0.000000,11,15,18,20,26,31,39,46,91,2100,2900,132228,0,11,14.701285676114884,3.6922750005032867,2868.0854009999166,224.03696645188614
1789437415,50,,Aggregated,159.700000,0.000000,11,15,18,20,26,31,39,46,91,2100,2900,132383,0,11,14.699875788880005,3.6922750005032867,2868.0854009999166,224.03776919997281
1789437416,50,,Aggregated,157.200000,0.000000,11,15,18,20,26,31,39,46,91,2100,2900,132542,0,11,14.698700393764232,3.6922750005032867,2868.0854009999166,224.0372183911515
1789437417,50,,Aggregated,160.000000,0.000000,11,15,18,20,26,31,39,46,91,2100,2900,132704,0,11,14.697757826669287,3.6922750005032867,2868.0854009999166,224.03603508560406
1789437418,50,,Aggregated,159.300000,0.000000,11,15,18,20,26,31,39,46,91,2100,2900,132860,0,11,14.695910547450806,3.6922750005032867,2868.0854009999166,224.03466807165438
1789437419,50,,Aggregated,159.400000,0.000000,11,15,18,20,26,31,39,46,91,2100,2900,133037,0,11,14.692720030249554,3.6922750005032867,2868.0854009999166,224.03474221457188
1789437420,50,,Aggregated,159.400000,0.000000,11,15,18,20,26,31,39,46,91,2100,2900,133195,0,11,14.691059591188086,3.6922750005032867,2868.0854009999166,224.0314801606667
1789437421,50,,Aggregated,160.500000,0.000000,11,15,18,20,26,31,39,46,91,2100,2900,133361,0,11,14.693105441068166,3.6922750005032867,2868.0854009999166,224.03180839975704
1789437422,50,,Aggregated,161.200000,0.000000,11,15,18,20,26,31,39,46,91,2100,2900,133525,0,11,14.69307245748943,3.6922750005032867,2868.0854009999166,224.03876427635274
1789437423,50,,Aggregated,160.500000,0.000000,11,15,18,20,26,31,39,46,91,2100,2900,133679,0,11,14.691977444626895,3.6922750005032867,2868.0854009999166,224.0395798891374
1789437424,50,,Aggregated,160.500000,0.000000,11,15,18,20,26,31,39,46,91,2100,2900,133844,0,11,14.692710921059339,3.6922750005032867,2868.0854009999166,224.03794716236814
1789437425,50,,Aggregated,161.000000,0.000000,11,15,18,20,26,31,39,46,91,2100,2900,134005,0,11,14.692824670581318,3.6922750005032867,2868.0854009999166,224.03432707734785
1789437426,50,,Aggregated,161.300000,0.000000,11,15,18,20,26,31,39,46,91,2100,2900,134157,0,11,14.693648594879486,3.6922750005032867,2868.0854009999166,224.03351297360555
1789437427,50,,Aggregated,160.800000,0.000000,11,15,18,20,26,31,39,46,91,2100,2900,134322,0,11,14.694506390317546,3.6922750005032867,2868.0854009999166,224.03388127038014
1789437428,50,,Aggregated,161.500000,0.000000,11,15,18,20,26,31,39,46,91,2100,2900,134466,0,11,14.692675905568969,3.6922750005032867,2868.0854009999166,224.03388217095772
1789437429,50,,Aggregated,161.400000,0.000000,11,15,18,20,26,31,39,46,91,2100,2900,134629,0,11,14.695456816980233,3.6922750005032867,2868.0854009999166,224.0386618039204
1789437430,50,,Aggregated,160.300000,0.000000,11,15,18,20,26,31,39,46,91,2100,2900,134786,0,11,14.695054480674939,3.6922750005032867,2868.0854009999166,224.03685100826496
1789437431,50,,Aggregated,160.300000,0.000000,11,15,18,20,26,31,39,46,91,2100,2900,134942,0,11,14.692176845209374,3.6922750005032867,2868.0854009999166,224.03889078270663
1789437432,50,,Aggregated,158.000000,0.000000,11,15,18,20,26,31,39,46,91,2100,2900,135103,0,11,14.691581922201818,3.6922750005032867,2868.0854009999166,224.03759353974374
1789437433,50,,Aggregated,158.800000,0.000000,11,15,18,20,26,31,39,46,91,2100,2900,135258,0,11,14.694127226598232,3.6922750005032867,2868.0854009999166,224.03846722559848
1789437434,50,,Aggregated,157.700000,0.000000,11,15,18,20,26,31,39,46,91,2100,2900,135422,0,11,14.694040153986967,3.6922750005032867,2868.0854009999166,224.03896708068112
1789437435,50,,Aggregated,157.300000,0.000000,11,15,18,20,26,31,39,46,91,2100,2900,135586,0,11,14.69313189612665,3.6922750005032867,2868.0854009999166,224.03338840293245
1789437436,50,,Aggregated,158.300000,0.000000,11,15,18,20,26,31,39,46,91,2100,2900,135742,0,11,14.69325740651554,3.6922750005032867,2868.0854009999166,224.03578848108913
1789437437,50,,Aggregated,157.300000,0.000000,11,15,18,20,26,31,39,46,91,2100,2900,135905,0,11,14.695619745147168,3.6922750005032867,2868.0854009999166,224.03879180309775
1789437438,50,,Aggregated,158.100000,0.000000,11,15,18,20,26,31,39,46,90,2100,2900,136069,0,11,14.69476402133646,3.6922750005032867,2868.0854009999166,224.0398621287729
1789437439,50,,Aggregated,159.000000,0.000000,11,15,18,20,26,31,39,46,90,2100,2900,136221,0,11,14.693446735739967,3.6922750005032867,2868.0854009999166,224.0389881149015
1789437440,50,,Aggregated,158.800000,0.000000,11,15,18,20,26,31,39,46,90,2100,2900,136380,0,11,14.692685235710828,3.6922750005032867,2868.0854009999166,224.03672825927555
1789437441,50,,Aggregated,158.700000,0.000000,11,15,18,20,26,31,39,46,90,2100,2900,136536,0,11,14.695808362594816,3.6922750005032867,2868.0854009999166,224.03662037850825
1789437442,50,,Aggregated,159.400000,0.000000,11,15,18,20,26,31,39,46,90,2100,2900,136688,0,11,14.695075178137369,3.6922750005032867,2868.0854009999166,224.03570906004916
1789437443,50,,Aggregated,159.200000,0.000000,11,15,18,20,26,31,39,46,90,2100,2900,136844,0,11,14.69374188124593,3.6922750005032867,2868.0854009999166,224.0327526234252
1789437444,50,,Aggregated,159.100000,0.000000,11,15,18,20,26,31,39,46,90,2100,2900,137005,0,11,14.691165931412911,3.6922750005032867,2868.0854009999166,224.03671398854055
1789437445,50,,Aggregated,157.800000,0.000000,11,15,18,20,26,31,39,46,90,2100,2900,137168,0,11,14.688692756883832,3.6922750005032867,2868.0854009999166,224.04068733232242
1789437446,50,,Aggregated,158.300000,0.000000,11,15,18,20,26,31,39,46,90,2100,2900,137329,0,11,14.687705367717154,3.6922750005032867,2868.0854009999166,224.03836043370302
1789437447,50,,Aggregated,158.300000,0.000000,11,15,18,20,26,31,39,46,90,2100,2900,137490,0,11,14.683610737713582,3.6922750005032867,2868.0854009999166,224.03998836279
1789437448,50,,Aggregated,157.400000,0.000000,11,15,18,20,26,31,39,46,90,2100,2900,137643,0,11,14.681055351708846,3.6922750005032867,2868.0854009999166,224.04085932448436
1789437449,50,,Aggregated,157.500000,0.000000,11,15,18,20,26,31,39,46,90,2100,2900,137811,0,11,14.676640984451632,3.6922750005032867,2868.0854009999166,224.04059908135054
1789437450,50,,Aggregated,157.500000,0.000000,11,15,18,20,26,31,39,46,90,2100,2900,137965,0,11,14.680516401726981,3.6922750005032867,2868.0854009999166,224.04136556372993
1789437451,50,,Aggregated,157.900000,0.000000,11,15,18,20,26,31,39,46,90,2100,2900,138118,0,11,14.679007509884725,3.6922750005032867,2868.0854009999166,224.03953865535266
1789437452,50,,Aggregated,158.400000,0.000000,11,15,18,20,26,31,39,46,90,2100,2900,138282,0,11,14.677468814569071,3.6922750005032867,2868.0854009999166,224.04192158053831
1789437453,50,,Aggregated,157.600000,0.000000,11,15,18,20,26,31,39,46,90,2100,2900,138445,0,11,14.676564564579724,3.6922750005032867,2868.0854009999166,224.04330239445267
1789437454,50,,Aggregated,157.900000,0.000000,11,15,18,20,26,31,39,46,90,2100,2900,138609,0,11,14.67495460183859,3.6922750005032867,2868.0854009999166,224.04175775021824
1789437455,50,,Aggregated,160.000000,0.000000,11,15,18,20,26,31,39,46,90,2100,2900,138767,0,11,14.674706738376063,3.6922750005032867,2868.0854009999166,224.0427046776251
1789437456,50,,Aggregated,159.800000,0.000000,11,15,18,20,26,31,39,46,90,2100,2900,138934,0,11,14.677243780005035,3.6922750005032867,2868.0854009999166,224.0399110368952
1789437457,50,,Aggregated,160.100000,0.000000,11,15,18,20,26,31,39,46,90,2100,2900,139093,0,11,14.675470812378878,3.6922750005032867,2868.0854009999166,224.04028240098353
1789437458,50,,Aggregated,159.700000,0.000000,11,15,18,20,26,31,39,46,90,2100,2900,139256,0,11,14.672224699037777,3.6922750005032867,2868.0854009999166,224.0397110357902
1789437459,50,,Aggregated,160.400000,0.000000,11,15,18,20,26,31,39,46,90,2100,2900,139415,0,11,14.67014818754229,3.6922750005032867,2868.0854009999166,224.04186780475558
1789437460,50,,Aggregated,161.200000,0.000000,11,15,18,20,26,31,39,46,90,2100,2900,139584,0,11,14.665482377967459,3.6922750005032867,2868.0854009999166,224.0390230972031
1789437461,50,,Aggregated,160.100000,0.000000,11,15,18,20,26,31,39,46,90,2100,2900,139742,0,11,14.6641226228995,3.6922750005032867,2868.0854009999166,224.03962301956463
1789437462,50,,Aggregated,160.700000,0.000000,11,15,18,20,26,31,39,46,90,2100,2900,139900,0,11,14.665029822832075,3.6922750005032867,2868.0854009999166,224.03914224446032
1789437463,50,,Aggregated,161.500000,0.000000,11,15,18,20,26,31,39,46,88,2100,2900,140063,0,11,14.66139885980731,3.6922750005032867,2868.0854009999166,224.04076022932537
1789437464,50,,Aggregated,161.800000,0.000000,11,15,18,20,26,31,39,46,88,2100,2900,140222,0,11,14.65849656153962,3.6922750005032867,2868.0854009999166,224.04216884654335
1789437465,50,,Aggregated,159.800000,0.000000,11,15,18,20,26,31,39,46,88,2100,2900,140387,0,11,14.65427967187991,3.6922750005032867,2868.0854009999166,224.0407088975475
1789437466,50,,Aggregated,161.400000,0.000000,11,15,18,20,26,31,39,46,88,2100,2900,140555,0,11,14.657691152013125,3.6922750005032867,2868.0854009999166,224.04322151470956
1789437467,50,,Aggregated,161.500000,0.000000,11,15,18,20,26,31,39,46,88,2100,2900,140707,0,11,14.654021560435579,3.6922750005032867,2868.0854009999166,224.04591100655972
1789437468,50,,Aggregated,161.200000,0.000000,11,15,18,20,26,31,39,46,88,2100,2900,140869,0,11,14.655153976724538,3.6922750005032867,2868.0854009999166,224.04577302316338
1789437469,50,,Aggregated,160.400000,0.000000,11,15,18,20,26,31,39,46,88,2100,2900,141028,0,11,14.652275073873135,3.6922750005032867,2868.0854009999166,224.0468559435006
1789437470,50,,Aggregated,161.000000,0.000000,11,15,18,20,26,31,39,46,88,2100,2900,141183,0,11,14.649520619027562,3.6922750005032867,2868.0854009999166,224.04403504671242
1789437471,50,,Aggregated,161.300000,0.000000,11,15,18,20,26,31,39,46,88,2100,2900,141346,0,11,14.648770291385498,3.6922750005032867,2868.0854009999166,224.04179106589504
1789437472,50,,Aggregated,160.100000,0.000000,11,15,18,20,26,31,39,46,88,2100,2900,141495,0,11,14.647824359780833,3.6922750005032867,2868.0854009999166,224.04148556486095
1789437473,50,,Aggregated,159.500000,0.000000,11,15,18,20,26,31,39,46,88,2100,2900,141650,0,11,14.646346516189096,3.6922750005032867,2868.0854009999166,224.038806918461
1789437474,50,,Aggregated,159.900000,0.000000,11,15,18,20,26,31,39,46,88,2100,2900,141813,0,11,14.642692193939927,3.6922750005032867,2868.0854009999166,224.0385578190998
1789437475,50,,Aggregated,160.000000,0.000000,11,15,18,20,26,31,39,46,88,2100,2900,141971,0,11,14.644090309289869,3.6922750005032867,2868.0854009999166,224.03712730064592
1789437476,50,,Aggregated,158.300000,0.000000,11,15,18,20,26,31,39,46,88,2100,2900,142132,0,11,14.640957419153978,3.6922750005032867,2868.0854009999166,224.0362902091014
1789437477,50,,Aggregated,157.600000,0.000000,11,15,18,20,26,31,39,46,88,2100,2900,142296,0,11,14.64047886959727,3.6922750005032867,2868.0854009999166,224.03577753415416
1789437478,50,,Aggregated,158.300000,0.000000,11,15,18,20,26,31,39,46,88,2100,2900,142460,0,11,14.639131434741033,3.6922750005032867,2868.0854009999166,224.036024147129
1789437479,50,,Aggregated,158.200000,0.000000,11,15,18,20,26,31,39,46,88,2100,2900,142619,0,11,14.638367956739296,3.6922750005032867,2868.0854009999166,224.0354861554211
1789437480,50,,Aggregated,157.500000,0.000000,11,15,18,20,26,31,39,46,88,2100,2900,142774,0,11,14.639035401783172,3.6922750005032867,2868.0854009999166,224.03567876504124
1789437481,50,,Aggregated,159.100000,0.000000,11,15,18,20,26,31,39,46,88,2100,2900,142946,0,11,14.641055427890215,3.6922750005032867,2868.0854009999166,224.0350831782631
1789437482,50,,Aggregated,159.000000,0.000000,11,15,18,20,26,31,39,46,88,2100,2900,143091,0,11,14.640679300278864,3.6922750005032867,2868.0854009999166,224.0329231048773
1789437483,50,,Aggregated,160.400000,0.000000,11,15,18,20,26,31,39,46,88,2100,2900,143257,0,11,14.64269411469045,3.6922750005032867,2868.0854009999166,224.0337016690284
1789437484,50,,Aggregated,160.200000,0.000000,11,15,18,20,26,31,39,46,88,2100,2900,143413,0,11,14.643479080224317,3.6922750005032867,2868.0854009999166,224.0292999937244
1789437485,50,,Aggregated,160.300000,0.000000,11,15,18,20,26,31,39,46,88,2100,2900,143576,0,11,14.642675284826199,3.6922750005032867,2868.0854009999166,224.02432161364015
1789437486,50,,Aggregated,160.300000,0.000000,11,15,18,20,26,31,39,46,88,2100,2900,143742,0,11,14.642056127820801,3.6922750005032867,2868.0854009999166,224.02603971003603
1789437487,50,,Aggregated,160.900000,0.000000,11,15,18,20,26,31,39,46,88,2100,2900,143902,0,11,14.639825443122586,3.6922750005032867,2868.0854009999166,224.02368278411697
1789437488,50,,Aggregated,160.100000,0.000000,11,15,18,20,26,31,39,46,87,2100,2900,144066,0,11,14.638515701839724,3.6922750005032867,2868.0854009999166,224.02473866144683
1789437489,50,,Aggregated,161.000000,0.000000,11,15,18,20,26,31,39,46,87,2100,2900,144225,0,11,14.638852078490073,3.6922750005032867,2868.0854009999166,224.02261743803086
1789437490,50,,Aggregated,160.800000,0.000000,11,15,18,20,26,31,39,46,87,2100,2900,144381,0,11,14.635938490710243,3.6922750005032867,2868.0854009999166,224.02462927947582
1789437491,50,,Aggregated,159.900000,0.000000,11,15,18,20,26,31,39,46,87,2100,2900,144536,0,11,14.638257878689199,3.6922750005032867,2868.0854009999166,224.02510793158797
1789437492,50,,Aggregated,160.500000,0.000000,11,15,18,20,26,31,39,46,87,2100,2900,144695,0,11,14.637023474551478,3.6922750005032867,2868.0854009999166,224.02452745430043
1789437493,50,,Aggregated,159.300000,0.000000,11,15,18,20,26,31,39,46,87,2100,2900,144852,0,11,14.6356042130742,3.6922750005032867,2868.0854009999166,224.02694474360035
1789437494,50,,Aggregated,158.100000,0.000000,11,15,18,20,26,31,39,46,87,2100,2900,145010,0,11,14.6375905327441,3.6922750005032867,2868.0854009999166,224.02372250189643
1789437495,50,,Aggregated,159.600000,0.000000,11,15,18,20,26,31,39,46,87,2100,2900,145167,0,11,14.63876882651174,3.6922750005032867,2868.0854009999166,224.02392417009375
1789437496,50,,Aggregated,159.300000,0.000000,11,15,18,20,26,31,39,46,87,2100,2900,145324,0,11,14.634961359584349,3.6922750005032867,2868.0854009999166,224.0268778728909
1789437497,50,,Aggregated,158.300000,0.000000,11,15,18,20,26,31,39,46,87,2100,2900,145483,0,11,14.633757729227732,3.6922750005032867,2868.0854009999166,224.0247245382622
1789437498,50,,Aggregated,159.600000,0.000000,11,15,18,20,26,31,39,46,87,2100,2900,145644,0,11,14.630033181457872,3.6922750005032867,2868.0854009999166,224.02534261624234
1789437499,50,,Aggregated,157.700000,0.000000,11,15,18,20,26,31,39,46,87,2100,2900,145803,0,11,14.626502165725478,3.6922750005032867,2868.0854009999166,224.02365520599713
1789437500,50,,Aggregated,157.400000,0.000000,11,15,18,20,26,31,39,46,87,2100,2900,145967,0,11,14.626696100319114,3.6922750005032867,2868.0854009999166,224.02599217631382
1789437501,50,,Aggregated,157.200000,0.000000,11,15,18,20,26,31,39,46,87,2100,2900,146126,0,11,14.62881456806653,3.6922750005032867,2868.0854009999166,224.02415723416777
1789437502,50,,Aggregated,157.500000,0.000000,11,15,18,20,26,31,39,46,87,2100,2900,146285,0,11,14.626575484644992,3.6922750005032867,2868.0854009999166,224.02701575691287
1789437503,50,,Aggregated,158.000000,0.000000,11,15,18,20,26,31,39,46,87,2100,2900,146444,0,11,14.625683084266376,3.6922750005032867,2868.0854009999166,224.02928081724073
1789437504,50,,Aggregated,158.700000,0.000000,11,15,18,20,26,31,39,46,87,2100,2900,146604,0,11,14.623273171204694,3.6922750005032867,2868.0854009999166,224.03269351450166
1789437505,50,,Aggregated,157.500000,0.000000,11,15,18,20,26,31,39,46,87,2100,2900,146763,0,11,14.622417511888466,3.6922750005032867,2868.0854009999166,224.03435470793048
1789437506,50,,Aggregated,158.400000,0.000000,11,15,18,20,26,31,39,46,87,2100,2900,146917,0,11,14.623867253308264,3.6922750005032867,2868.0854009999166,224.0316777500221
1789437507,50,,Aggregated,159.100000,0.000000,11,15,18,20,26,31,39,46,86,2100,2900,147082,0,11,14.624044515211157,3.6922750005032867,2868.0854009999166,224.03135665819067
1789437508,50,,Aggregated,158.400000,0.000000,11,15,18,20,26,31,39,46,86,2100,2900,147225,0,11,14.624565862960036,3.6922750005032867,2868.0854009999166,224.02963491254883
1789437509,50,,Aggregated,158.900000,0.000000,11,15,18,20,26,31,39,46,86,2100,2900,147397,0,11,14.627731183940595,3.6922750005032867,2868.0854009999166,224.03092328880507
1789437510,50,,Aggregated,160.000000,0.000000,11,15,18,20,26,31,39,46,86,2100,2900,147558,0,11,14.623609882109378,3.6922750005032867,2868.0854009999166,224.02881578769026
1789437511,50,,Aggregated,159.300000,0.000000,11,15,18,20,26,31,39,46,86,2100,2900,147712,0,11,14.622186038658471,3.6922750005032867,2868.0854009999166,224.027594237435
1789437512,50,,Aggregated,158.800000,0.000000,11,15,18,20,26,31,39,46,86,2100,2900,147870,0,11,14.624693318775424,3.6922750005032867,2868.0854009999166,224.02784202339893
1789437513,50,,Aggregated,159.100000,0.000000,11,15,18,20,26,31,39,46,86,2100,2900,148027,0,11,14.628301567756735,3.6922750005032867,2868.0854009999166,224.02609659048687
1789437514,50,,Aggregated,158.300000,0.000000,11,15,18,20,26,31,39,46,86,2100,2900,148178,0,11,14.627748234983079,3.6922750005032867,2868.0854009999166,224.02609024281608
1789437515,50,,Aggregated,158.300000,0.000000,11,15,18,20,26,31,39,46,86,2100,2900,148337,0,11,14.626255284375,3.6922750005032867,2868.0854009999166,224.0265206927469
1789437516,50,,Aggregated,157.900000,0.000000,11,15,18,20,26,31,39,46,86,2100,2900,148510,0,11,14.622775438403778,3.6922750005032867,2868.0854009999166,224.02856373308194
1789437517,50,,Aggregated,157.000000,0.000000,11,15,18,20,26,31,39,46,86,2100,2900,148670,0,11,14.623174865624302,3.6922750005032867,2868.0854009999166,224.02788726710165
1789437518,50,,Aggregated,158.400000,0.000000,11,15,18,20,26,31,39,46,86,2100,2900,148827,0,11,14.62091485005662,3.6922750005032867,2868.0854009999166,224.0258689619491
1789437519,50,,Aggregated,159.300000,0.000000,11,15,18,20,26,31,39,46,86,2100,2900,148984,0,11,14.621372714616172,3.6922750005032867,2868.0854009999166,224.0252241851474
1789437520,50,,Aggregated,158.400000,0.000000,11,15,18,20,26,31,39,46,86,2100,2900,149154,0,11,14.61986535069367,3.6922750005032867,2868.0854009999166,224.03014334178098
1789437521,50,,Aggregated,158.900000,0.000000,11,15,18,20,26,31,39,46,86,2100,2900,149313,0,11,14.620854168239568,3.6922750005032867,2868.0854009999166,224.0324017332717
1789437522,50,,Aggregated,159.100000,0.000000,11,15,18,20,26,31,39,46,86,2100,2900,149474,0,11,14.619417624418729,3.6922750005032867,2868.0854009999166,224.0302928937474
1789437523,50,,Aggregated,158.600000,0.000000,11,15,18,20,26,31,39,46,86,2100,2900,149633,0,11,14.617202143693977,3.6922750005032867,2868.0854009999166,224.02701944089873
1789437524,50,,Aggregated,160.600000,0.000000,11,15,18,20,26,31,39,46,86,2100,2900,149797,0,11,14.61712382259577,3.6922750005032867,2868.0854009999166,224.02678958857655
1789437525,50,,Aggregated,160.600000,0.000000,11,15,18,20,26,31,39,46,86,2100,2900,149952,0,11,14.614496144002063,3.6922750005032867,2868.0854009999166,224.02632175629535
1789437526,50,,Aggregated,160.500000,0.000000,11,15,18,20,26,31,39,46,85,2000,2900,150099,0,11,14.615509904325824,3.6922750005032867,2868.0854009999166,224.0272686693449
1789437527,50,,Aggregated,161.700000,0.000000,11,15,18,20,26,31,39,46,85,2000,2900,150261,0,11,14.615280072410016,3.6922750005032867,2868.0854009999166,224.02898290308198
1789437528,50,,Aggregated,160.000000,0.000000,11,15,18,20,26,31,39,46,85,2000,2900,150429,0,11,14.613960211756913,3.6922750005032867,2868.0854009999166,224.0268897619475
1789437529,50,,Aggregated,158.600000,0.000000,11,15,18,20,26,31,39,46,85,2000,2900,150594,0,11,14.61198660015263,3.6922750005032867,2868.0854009999166,224.02646851800205
1789437530,50,,Aggregated,158.700000,0.000000,11,15,18,20,26,31,39,46,85,2000,2900,150759,0,11,14.610502300787262,3.6922750005032867,2868.0854009999166,224.02558387890608
1789437531,50,,Aggregated,159.500000,0.000000,11,15,18,20,26,31,39,46,85,2000,2900,150922,0,11,14.610674066076399,3.6922750005032867,2868.0854009999166,224.02227640768078
1789437532,50,,Aggregated,160.100000,0.000000,11,15,18,20,26,31,39,46,85,2000,2900,151088,0,11,14.614046105801814,3.6922750005032867,2868.0854009999166,224.02298660383352
1789437533,50,,Aggregated,161.100000,0.000000,11,15,18,20,26,31,39,46,85,2000,2900,151246,0,11,14.611552664198632,3.6922750005032867,2868.0854009999166,224.0229956494717
1789437534,50,,Aggregated,160.100000,0.000000,11,15,18,20,26,31,39,46,85,2000,2900,151402,0,11,14.609569162490473,3.6922750005032867,2868.0854009999166,224.02269454828865
1789437535,50,,Aggregated,160.700000,0.000000,11,15,18,20,26,31,39,46,85,2000,2900,151565,0,11,14.60654665129411,3.6922750005032867,2868.0854009999166,224.02269653284068
1789437536,50,,Aggregated,160.100000,0.000000,11,15,18,20,26,31,39,46,85,2000,2900,151713,0,11,14.609259731666924,3.6922750005032867,2868.0854009999166,224.021745005372
1789437537,50,,Aggregated,160.700000,0.000000,11,15,18,20,26,31,39,46,85,2000,2900,151875,0,11,14.611247588894866,3.6922750005032867,2868.0854009999166,224.02105679012345
1789437538,50,,Aggregated,161.100000,0.000000,11,15,18,20,26,31,39,46,85,2000,2900,152027,0,11,14.607122170367099,3.6922750005032867,2868.0854009999166,224.01941102567307
1789437539,50,,Aggregated,160.700000,0.000000,11,15,18,20,26,31,39,46,85,2000,2900,152188,0,11,14.603550717674215,3.6922750005032867,2868.0854009999166,224.02165742371278
1789437540,50,,Aggregated,161.000000,0.000000,11,15,18,20,26,31,39,46,85,2000,2900,152341,0,11,14.602871051177265,3.6922750005032867,2868.0854009999166,224.0206969889918
1789437541,50,,Aggregated,159.500000,0.000000,11,15,18,20,26,31,39,46,85,2000,2900,152496,0,11,14.60120006683053,3.6922750005032867,2868.0854009999166,224.02178417794565
1789437542,50,,Aggregated,158.800000,0.000000,11,15,18,20,26,31,39,46,85,2000,2900,152659,0,11,14.605523341266458,3.6922750005032867,2868.0854009999166,224.02455145127377
1789437543,50,,Aggregated,157.700000,0.000000,11,15,18,20,26,31,39,46,85,2000,2900,152817,0,11,14.607476710970575,3.6922750005032867,2868.0854009999166,224.0227265291165
1789437544,50,,Aggregated,158.000000,0.000000,11,15,18,20,26,31,39,46,85,2000,2900,152974,0,11,14.608221967500368,3.6922750005032867,2868.0854009999166,224.02524612025573
1789437545,50,,Aggregated,157.000000,0.000000,11,15,18,20,26,31,39,46,84,2000,2900,153143,0,11,14.609911897059671,3.6922750005032867,2868.0854009999166,224.02657646774583
1789437546,50,,Aggregated,157.400000,0.000000,11,15,18,20,26,31,39,46,84,2000,2900,153291,0,11,14.609587505955417,3.6922750005032867,2868.0854009999166,224.02614634910074
1789437547,50,,Aggregated,157.100000,0.000000,11,15,18,20,26,31,39,46,84,2000,2900,153445,0,11,14.610266171008485,3.6922750005032867,2868.0854009999166,224.0287660073642
1789437548,50,,Aggregated,157.100000,0.000000,11,15,18,20,26,31,39,46,84,2000,2900,153603,0,11,14.607634695822393,3.6922750005032867,2868.0854009999166,224.02751899376966
1789437549,50,,Aggregated,156.800000,0.000000,11,15,18,20,26,31,39,46,84,2000,2900,153757,0,11,14.604478799276798,3.6922750005032867,2868.0854009999166,224.028226357174
1789437550,50,,Aggregated,156.900000,0.000000,11,15,18,20,26,31,39,46,84,2000,2900,153914,0,11,14.604084268314764,3.6922750005032867,2868.0854009999166,224.02720350325507
1789437551,50,,Aggregated,157.500000,0.000000,11,15,18,20,26,31,39,46,84,2000,2900,154079,0,11,14.602284988579832,3.6922750005032867,2868.0854009999166,224.02687582344123
1789437552,50,,Aggregated,156.900000,0.000000,11,15,18,20,26,31,39,46,84,2000,2900,154244,0,11,14.602530380568348,3.6922750005032867,2868.0854009999166,224.02775472627783
1789437553,50,,Aggregated,156.900000,0.000000,11,15,18,20,26,31,39,46,84,2000,2900,154401,0,11,14.600240885016213,3.6922750005032867,2868.0854009999166,224.0257964650488
1789437554,50,,Aggregated,157.100000,0.000000,11,15,18,20,26,31,39,46,84,2000,2900,154562,0,11,14.601316917931937,3.6922750005032867,2868.0854009999166,224.02397096310867
1789437555,50,,Aggregated,157.700000,0.000000,11,15,18,20,26,31,39,46,84,2000,2900,154719,0,11,14.607197896944736,3.6922750005032867,2868.0854009999166,224.02652550753302
1789437556,50,,Aggregated,158.900000,0.000000,11,15,18,20,26,31,39,46,84,2000,2900,154868,0,11,14.606179613867154,3.6922750005032867,2868.0854009999166,224.02985768525454
1789437557,50,,Aggregated,157.700000,0.000000,11,15,18,20,26,31,39,46,83,2000,2900,155024,0,11,14.606253311186597,3.6922750005032867,2868.0854009999166,224.03290458251627
1789437558,50,,Aggregated,157.000000,0.000000,11,15,18,20,26,31,39,46,83,2000,2900,155184,0,11,14.605104449211169,3.6922750005032867,2868.0854009999166,224.03751675430456
1789437559,50,,Aggregated,157.800000,0.000000,11,15,18,20,26,31,39,46,83,2000,2900,155343,0,11,14.60578469254093,3.6922750005032867,2868.0854009999166,224.0412377770482
1789437560,50,,Aggregated,157.700000,0.000000,11,15,18,20,26,31,39,46,83,2000,2900,155505,0,11,14.605587933882328,3.6922750005032867,2868.0854009999166,224.04098903572233
1789437561,50,,Aggregated,157.700000,0.000000,11,15,18,20,26,31,39,46,83,2000,2900,155667,0,11,14.601909756142083,3.6922750005032867,2868.0854009999166,224.04295065749324
1789437562,50,,Aggregated,158.400000,0.000000,11,15,18,20,26,31,39,46,83,2000,2900,155821,0,11,14.60068067792129,3.6922750005032867,2868.0854009999166,224.0409829227126
1789437563,50,,Aggregated,158.600000,0.000000,11,15,18,20,26,31,39,46,83,2000,2900,155974,0,11,14.598108955129538,3.6922750005032867,2868.0854009999166,224.0405772756998
1789437564,50,,Aggregated,158.300000,0.000000,11,15,18,20,26,31,39,46,83,2000,2900,156136,0,11,14.599253061435968,3.6922750005032867,2868.0854009999166,224.04236050622535
1789437565,50,,Aggregated,158.100000,0.000000,11,15,18,20,26,31,39,46,83,2000,2900,156296,0,11,14.596994788077534,3.6922750005032867,2868.0854009999166,224.04252188155806
1789437566,50,,Aggregated,156.600000,0.000000,11,15,18,20,26,31,39,46,83,2000,2900,156453,0,11,14.599538082851419,3.6922750005032867,2868.0854009999166,224.0400759333474
1789437567,50,,Aggregated,157.600000,0.000000,11,15,18,20,26,31,39,46,83,2000,2900,156607,0,11,14.599561779296943,3.6922750005032867,2868.0854009999166,224.0415945647385
1789437568,50,,Aggregated,158.100000,0.000000,11,15,18,20,26,31,39,46,83,2000,2900,156778,0,11,14.601267589064552,3.6922750005032867,2868.0854009999166,224.04316294378037
1789437569,50,,Aggregated,158.100000,0.000000,11,15,18,20,26,31,39,46,83,2000,2900,156937,0,11,14.600327598204103,3.6922750005032867,2868.0854009999166,224.042144299942
1789437570,50,,Aggregated,158.500000,0.000000,11,15,18,20,26,31,39,46,83,2000,2900,157098,0,11,14.599850259279968,3.6922750005032867,2868.0854009999166,224.0416555271232
1789437571,50,,Aggregated,159.200000,0.000000,11,15,18,20,26,31,39,46,83,2000,2900,157255,0,11,14.59789817845779,3.6922750005032867,2868.0854009999166,224.04380782804998
1789437572,50,,Aggregated,159.300000,0.000000,11,15,18,20,26,31,39,46,83,2000,2900,157409,0,11,14.60072051185378,3.6922750005032867,2868.0854009999166,224.04433037501033
1789437573,50,,Aggregated,158.600000,0.000000,11,15,18,20,26,31,39,46,83,2000,2900,157572,0,11,14.599740658406242,3.6922750005032867,2868.0854009999166,224.04137156347574
1789437574,50,,Aggregated,158.300000,0.000000,11,15,18,20,26,31,39,46,83,2000,2900,157731,0,11,14.59626494286717,3.6922750005032867,2868.0854009999166,224.0443539950929
1789437575,50,,Aggregated,158.000000,0.000000,11,15,18,20,26,31,39,46,83,2000,2900,157894,0,11,14.594366600671295,3.6922750005032867,2868.0854009999166,224.04695555245925
1789437576,50,,Aggregated,159.600000,0.000000,11,15,18,20,26,31,39,46,83,2000,2900,158056,0,11,14.595773290633675,3.6922750005032867,2868.0854009999166,224.05031128207725
1789437577,50,,Aggregated,159.000000,0.000000,11,15,18,20,26,31,39,46,83,2000,2900,158205,0,11,14.594276373960293,3.6922750005032867,2868.0854009999166,224.04865838627097
1789437578,50,,Aggregated,158.600000,0.000000,11,15,18,20,26,31,39,46,83,2000,2900,158354,0,11,14.591985574872556,3.6922750005032867,2868.0854009999166,224.05154274599946
1789437579,50,,Aggregated,159.200000,0.000000,11,15,18,20,26,31,39,46,83,2000,2900,158513,0,11,14.590184399717103,3.6922750005032867,2868.0854009999166,224.0513207118659
1789437580,50,,Aggregated,158.200000,0.000000,11,15,18,20,26,31,39,46,83,2000,2900,158670,0,11,14.589563767148,3.6922750005032867,2868.0854009999166,224.04850948509485
1789437581,50,,Aggregated,157.300000,0.000000,11,15,18,20,26,31,39,46,83,2000,2900,158837,0,11,14.590508024908287,3.6922750005032867,2868.0854009999166,224.0473441326643
1789437582,50,,Aggregated,157.200000,0.000000,11,15,18,20,26,31,39,45,83,2000,2900,158997,0,11,14.589867307681002,3.6922750005032867,2868.0854009999166,224.04464235174248
1789437583,50,,Aggregated,157.500000,0.000000,11,15,18,20,26,31,39,45,83,2000,2900,159154,0,11,14.588427889078188,3.6922750005032867,2868.0854009999166,224.04202847556454
1789437584,50,,Aggregated,158.400000,0.000000,11,15,18,20,26,31,39,45,83,2000,2900,159309,0,11,14.590518575437338,3.6922750005032867,2868.0854009999166,224.04026137882983
1789437585,50,,Aggregated,158.800000,0.000000,11,15,18,20,26,31,39,45,83,2000,2900,159462,0,11,14.590531219559319,3.6922750005032867,2868.0854009999166,224.0412386650111
1789437586,50,,Aggregated,158.100000,0.000000,11,15,18,20,26,31,39,45,83,2000,2900,159623,0,11,14.589267623627983,3.6922750005032867,2868.0854009999166,224.04130357154045
1789437587,50,,Aggregated,157.700000,0.000000,11,15,18,20,26,31,39,45,83,2000,2900,159779,0,11,14.587508754206537,3.6922750005032867,2868.0854009999166,224.0435914607051
1789437588,50,,Aggregated,157.300000,0.000000,11,15,18,20,26,31,39,45,83,2000,2900,159944,0,11,14.588102864830034,3.6922750005032867,2868.0854009999166,224.04389036162658
1789437589,50,,Aggregated,156.900000,0.000000,11,15,18,20,26,31,39,45,82,1900,2900,160107,0,11,14.58865946366098,3.6922750005032867,2868.0854009999166,224.04043545878693
1789437590,50,,Aggregated,157.600000,0.000000,11,15,18,20,26,31,39,45,82,1900,2900,160271,0,11,14.588780028797304,3.6922750005032867,2868.0854009999166,224.0412052086778
1789437591,50,,Aggregated,157.900000,0.000000,11,15,18,20,26,31,39,45,82,1900,2900,160425,0,11,14.587572140815848,3.6922750005032867,2868.0854009999166,224.04123422159887
1789437592,50,,Aggregated,158.400000,0.000000,11,15,18,20,26,31,39,45,82,1900,2900,160577,0,11,14.587560565768328,3.6922750005032867,2868.0854009999166,224.03912141838495
1789437593,50,,Aggregated,159.800000,0.000000,11,15,18,20,26,31,39,45,82,1900,2900,160732,0,11,14.587320403879632,3.6922750005032867,2868.0854009999166,224.03760918796505
1789437594,50,,Aggregated,158.500000,0.000000,11,15,18,20,26,31,39,45,82,1900,2900,160892,0,11,14.58775803244643,3.6922750005032867,2868.0854009999166,224.0377893245158
1789437595,50,,Aggregated,158.300000,0.000000,11,15,18,20,26,31,39,45,82,1900,2900,161047,0,11,14.586606484202434,3.6922750005032867,2868.0854009999166,224.0373493452222
1789437596,50,,Aggregated,156.700000,0.000000,11,15,18,20,26,31,39,45,82,1900,2900,161210,0,11,14.583929849397409,3.6922750005032867,2868.0854009999166,224.03705105142362
1789437597,50,,Aggregated,157.200000,0.000000,11,15,18,20,26,31,39,45,82,1900,2900,161366,0,11,14.583567997077198,3.6922750005032867,2868.0854009999166,224.03617862498916
1789437598,50,,Aggregated,158.500000,0.000000,11,15,18,20,26,31,39,45,82,1900,2900,161530,0,11,14.582891299017895,3.6922750005032867,2868.0854009999166,224.03292267690213
1789437599,50,,Aggregated,159.100000,0.000000,11,15,18,20,26,31,39,45,82,1900,2900,161692,0,11,14.587109780578878,3.6922750005032867,2868.0854009999166,224.031337357445
1789437600,50,,Aggregated,158.600000,0.000000,11,15,18,20,26,31,39,45,82,1900,2900,161852,0,11,14.588514709446722,3.6922750005032867,2868.0854009999166,224.03188097768333
1789437601,50,,Aggregated,159.000000,0.000000,11,15,18,20,26,31,39,45,82,1900,2900,162002,0,11,14.585203276430985,3.6922750005032867,2868.0854009999166,224.03034530437895
1789437602,50,,Aggregated,157.900000,0.000000,11,15,18,20,26,31,39,45,82,1900,2900,162156,0,11,14.584448740011855,3.6922750005032867,2868.0854009999166,224.03066183181627
1789437603,50,,Aggregated,156.700000,0.000000,11,15,18,20,26,31,39,45,82,1900,2900,162310,0,11,14.58171142507158,3.6922750005032867,2868.0854009999166,224.03156921939498
1789437604,50,,Aggregated,156.900000,0.000000,11,15,18,20,26,31,39,45,82,1900,2900,162480,0,11,14.579742706550824,3.6922750005032867,2868.0854009999166,224.03271171836533
1789437605,50,,Aggregated,157.500000,0.000000,11,15,18,20,26,31,39,45,82,1900,2900,162644,0,11,14.577986493091498,3.6922750005032867,2868.0854009999166,224.0317995130469
1789437606,50,,Aggregated,158.100000,0.000000,11,15,18,20,26,31,39,45,82,1900,2900,162802,0,11,14.578688289961867,3.6922750005032867,2868.0854009999166,224.03544182503902
1789437607,50,,Aggregated,159.100000,0.000000,11,15,18,20,26,31,39,45,82,1900,2900,162961,0,11,14.578088567751632,3.6922750005032867,2868.0854009999166,224.03526610661447
1789437608,50,,Aggregated,159.100000,0.000000,11,15,18,20,26,31,39,45,82,1900,2900,163120,0,11,14.577740077803902,3.6922750005032867,2868.0854009999166,224.03417116233447
1789437609,50,,Aggregated,158.300000,0.000000,11,15,18,20,26,31,39,45,82,1900,2900,163279,0,11,14.575425471293618,3.6922750005032867,2868.0854009999166,224.0333784503825
1789437610,50,,Aggregated,159.100000,0.000000,11,15,18,20,26,31,39,45,82,1900,2900,163435,0,11,14.573380716311398,3.6922750005032867,2868.0854009999166,224.0344724202282
1789437611,50,,Aggregated,158.300000,0.000000,11,15,18,20,26,31,39,45,82,1900,2900,163600,0,11,14.573424675399314,3.6922750005032867,2868.0854009999166,224.03466992665037
1789437612,50,,Aggregated,158.600000,0.000000,11,15,18,20,26,31,39,45,82,1900,2900,163758,0,11,14.574933698325232,3.6922750005032867,2868.0854009999166,224.03596160187593
1789437613,50,,Aggregated,158.300000,0.000000,11,15,18,20,26,31,39,45,82,1900,2900,163920,0,11,14.57446467650286,3.6922750005032867,2868.0854009999166,224.03745119570522
1789437614,50,,Aggregated,159.700000,0.000000,11,15,18,20,26,31,39,45,82,1900,2900,164080,0,11,14.575460179871698,3.6922750005032867,2868.0854009999166,224.0365492442711
1789437615,50,,Aggregated,159.500000,0.000000,11,15,18,20,26,31,39,45,82,1900,2900,164230,0,11,14.576956471176658,3.6922750005032867,2868.0854009999166,224.03750228338305
1789437616,50,,Aggregated,160.100000,0.000000,11,15,18,20,26,31,39,45,82,1900,2900,164384,0,11,14.574121481575737,3.6922750005032867,2868.0854009999166,224.03808764843293
1789437617,50,,Aggregated,159.400000,0.000000,11,15,18,20,26,31,39,45,82,1900,2900,164549,0,11,14.574398837260308,3.673436000099173,2868.0854009999166,224.03720472321314
1789437618,50,,Aggregated,157.900000,0.000000,11,15,18,20,26,31,39,45,82,1900,2900,164710,0,11,14.5734321934755,3.673436000099173,2868.0854009999166,224.0352498330399
1789437619,50,,Aggregated,157.700000,0.000000,11,15,18,20,26,31,39,45,82,1900,2900,164868,0,11,14.57352267079332,3.673436000099173,2868.0854009999166,224.03195283499528
1789437620,50,,Aggregated,159.000000,0.000000,11,15,18,20,26,31,39,45,82,1900,2900,165028,0,11,14.573215081067167,3.673436000099173,2868.0854009999166,224.03237632401775
1789437621,50,,Aggregated,159.200000,0.000000,11,15,18,20,26,31,39,45,82,1900,2900,165188,0,11,14.57294520654259,3.673436000099173,2868.0854009999166,224.03318037629853
1789437622,50,,Aggregated,159.700000,0.000000,11,15,18,20,26,31,39,45,82,1900,2900,165349,0,11,14.575080531496047,3.673436000099173,2868.0854009999166,224.03132162879726
1789437623,50,,Aggregated,159.300000,0.000000,11,15,18,20,26,31,39,45,82,1900,2900,165496,0,11,14.576689641328779,3.673436000099173,2868.0854009999166,224.0319584763378
1789437624,50,,Aggregated,158.200000,0.000000,11,15,18,20,26,31,39,45,82,1900,2900,165664,0,11,14.577256242957738,3.673436000099173,2868.0854009999166,224.03201661193742
1789437625,50,,Aggregated,158.800000,0.000000,11,15,18,20,26,31,39,45,82,1900,2900,165837,0,11,14.576783266088714,3.673436000099173,2868.0854009999166,224.0321641129543
1789437626,50,,Aggregated,157.600000,0.000000,11,15,18,20,26,31,39,45,82,1900,2900,165997,0,11,14.57686736913518,3.673436000099173,2868.0854009999166,224.03291625752271
1789437627,50,,Aggregated,158.700000,0.000000,11,15,18,20,26,31,39,45,81,1900,2900,166163,0,11,14.581356651482883,3.673436000099173,2868.0854009999166,224.03276300981565
1789437628,50,,Aggregated,160.500000,0.000000,11,15,18,20,26,31,39,45,81,1900,2900,166314,0,11,14.582117739969837,3.673436000099173,2868.0854009999166,224.0321380040165
1789437629,50,,Aggregated,161.700000,0.000000,11,15,18,20,26,31,39,45,81,1900,2900,166471,0,11,14.581325017170164,3.673436000099173,2868.0854009999166,224.030876248716
1789437630,50,,Aggregated,159.900000,0.000000,11,15,18,20,26,31,39,45,81,1900,2900,166644,0,11,14.579344261715555,3.673436000099173,2868.0854009999166,224.02990206668107
1789437631,50,,Aggregated,159.600000,0.000000,11,15,18,20,26,31,39,45,81,1900,2900,166803,0,11,14.577425442308007,3.673436000099173,2868.0854009999166,224.03218767048554
1789437632,50,,Aggregated,159.400000,0.000000,11,15,18,20,26,31,39,45,81,1900,2900,166954,0,11,14.57844196983786,3.673436000099173,2868.0854009999166,224.03078093367034
1789437633,50,,Aggregated,161.500000,0.000000,11,15,18,20,26,31,39,45,81,1900,2900,167108,0,11,14.57643736526861,3.673436000099173,2868.0854009999166,224.03113555305552
1789437634,50,,Aggregated,161.300000,0.000000,11,15,18,20,26,31,39,45,81,1900,2900,167266,0,11,14.574827158085391,3.673436000099173,2868.0854009999166,224.03186541197852
1789437635,50,,Aggregated,159.700000,0.000000,11,15,18,20,26,31,39,45,81,1900,2900,167420,0,11,14.57218726751477,3.673436000099173,2868.0854009999166,224.03429100465894
1789437636,50,,Aggregated,161.000000,0.000000,11,15,18,20,26,31,39,45,81,1900,2900,167578,0,11,14.571518279239045,3.673436000099173,2868.0854009999166,224.03473009583598
1789437637,50,,Aggregated,159.300000,0.000000,11,15,18,20,26,31,39,45,81,1900,2900,167750,0,11,14.572131571858764,3.673436000099173,2868.0854009999166,224.03557675111773
1789437638,50,,Aggregated,157.900000,0.000000,11,15,18,20,26,31,39,45,81,1900,2900,167904,0,11,14.572246648074499,3.673436000099173,2868.0854009999166,224.03677101200685
1789437639,50,,Aggregated,157.600000,0.000000,11,15,18,20,26,31,39,45,81,1900,2900,168070,0,11,14.568784992879879,3.673436000099173,2868.0854009999166,224.0362765514369
1789437640,50,,Aggregated,158.900000,0.000000,11,15,18,20,26,31,39,45,81,1900,2900,168231,0,11,14.570203982888579,3.673436000099173,2868.0854009999166,224.03769222081542
1789437641,50,,Aggregated,158.800000,0.000000,11,15,18,20,26,31,39,45,81,1900,2900,168385,0,11,14.568164159083803,3.673436000099173,2868.0854009999166,224.0350090566262
1789437642,50,,Aggregated,159.100000,0.000000,11,15,18,20,26,31,39,45,81,1900,2900,168547,0,11,14.567909316530834,3.673436000099173,2868.0854009999166,224.03437023500862
1789437644,50,,Aggregated,158.300000,0.000000,11,15,18,20,26,31,39,45,81,1900,2900,168707,0,11,14.56540330478477,3.673436000099173,2868.0854009999166,224.03355521703307
1789437645,50,,Aggregated,158.000000,0.000000,11,15,18,20,26,31,39,45,81,1900,2900,168866,0,11,14.566293469824124,3.673436000099173,2868.0854009999166,224.03335188847961
1789437646,50,,Aggregated,159.400000,0.000000,11,15,18,20,26,31,39,45,81,1900,2900,169023,0,11,14.564374443574778,3.673436000099173,2868.0854009999166,224.0332380800246
1789437647,50,,Aggregated,159.400000,0.000000,11,15,18,20,26,31,39,45,81,1900,2900,169187,0,11,14.56247514640812,3.673436000099173,2868.0854009999166,224.0334422857548
1789437648,50,,Aggregated,160.300000,0.000000,11,15,18,20,26,31,39,45,81,1900,2900,169341,0,11,14.563851827834624,3.673436000099173,2868.0854009999166,224.0369727354864
1789437649,50,,Aggregated,160.700000,0.000000,11,15,18,20,26,31,39,45,81,1900,2900,169505,0,11,14.56211546613577,3.673436000099173,2868.0854009999166,224.04031739476713
1789437650,50,,Aggregated,158.700000,0.000000,11,15,18,20,26,31,39,45,81,1900,2900,169661,0,11,14.563543250330614,3.673436000099173,2868.0854009999166,224.04117033378324
1789437651,50,,Aggregated,158.700000,0.000000,11,15,18,20,26,31,39,45,81,1900,2900,169811,0,11,14.565847658740273,3.673436000099173,2868.0854009999166,224.04127530018667
1789437652,50,,Aggregated,159.000000,0.000000,11,15,18,20,26,31,39,45,81,1900,2900,169959,0,11,14.568700998083873,3.673436000099173,2868.0854009999166,224.0396978094717
1789437653,50,,Aggregated,157.900000,0.000000,11,15,18,20,26,31,39,45,80,1800,2900,170133,0,11,14.565195710410954,3.673436000099173,2868.0854009999166,224.04149694650656
1789437654,50,,Aggregated,157.000000,0.000000,11,15,18,20,26,31,39,45,80,1800,2900,170285,0,11,14.564682469479594,3.673436000099173,2868.0854009999166,224.04157735560972
1789437655,50,,Aggregated,157.800000,0.000000,11,15,18,20,26,31,39,45,80,1800,2900,170449,0,11,14.563405481852854,3.673436000099173,2868.0854009999166,224.0416077536389
1789437656,50,,Aggregated,157.600000,0.000000,11,15,18,20,26,31,39,45,80,1800,2900,170604,0,11,14.562713570170343,3.673436000099173,2868.0854009999166,224.04363907059624
1789437657,50,,Aggregated,157.600000,0.000000,11,15,18,20,26,31,39,45,80,1800,2900,170753,0,11,14.56209076121857,3.673436000099173,2868.0854009999166,224.04471370927598
1789437658,50,,Aggregated,157.300000,0.000000,11,15,18,20,26,31,39,45,80,1800,2900,170917,0,11,14.560322353887361,3.673436000099173,2868.0854009999166,224.04750843976902
1789437659,50,,Aggregated,156.600000,0.000000,11,15,18,20,26,31,39,45,80,1800,2900,171077,0,11,14.55910786403415,3.673436000099173,2868.0854009999166,224.0474815433986
1789437660,50,,Aggregated,156.600000,0.000000,11,15,18,20,26,31,39,45,80,1800,2900,171227,0,11,14.56228419161925,3.673436000099173,2868.0854009999166,224.04795388577736
1789437661,50,,Aggregated,156.600000,0.000000,11,15,18,20,26,31,39,45,80,1800,2900,171397,0,11,14.563247050539879,3.673436000099173,2868.0854009999166,224.04609765631838
1789437662,50,,Aggregated,156.700000,0.000000,11,15,18,20,26,31,39,45,80,1800,2900,171552,0,11,14.565138235691714,3.673436000099173,2868.0854009999166,224.04625419697817
1789437663,50,,Aggregated,157.500000,0.000000,11,15,18,20,26,31,39,45,80,1800,2900,171712,0,11,14.564602381804358,3.673436000099173,2868.0854009999166,224.04718948005964
1789437664,50,,Aggregated,159.600000,0.000000,11,15,18,20,26,31,39,45,80,1800,2900,171870,0,11,14.564856842807824,3.673436000099173,2868.0854009999166,224.04744283470063
1789437665,50,,Aggregated,158.200000,0.000000,11,15,18,20,26,31,39,45,80,1800,2900,172023,0,11,14.563877672650632,3.673436000099173,2868.0854009999166,224.04683676020068
1789437666,50,,Aggregated,157.500000,0.000000,11,15,18,20,26,31,39,45,85,1800,2900,172154,0,11,14.590220382090413,3.673436000099173,2868.0854009999166,224.0490432984421
1789437667,50,,Aggregated,157.500000,0.000000,11,15,18,20,26,31,39,45,87,1800,2900,172192,0,11,14.604521827537802,3.673436000099173,2868.0854009999166,224.05201751533173
1789437668,50,,Aggregated,155.100000,0.000000,11,15,18,20,26,31,39,46,220,1800,2900,172332,0,11,14.86531750900812,3.673436000099173,2868.0854009999166,224.04468699951258
1789437669,50,,Aggregated,143.900000,0.000000,11,15,18,20,26,31,39,46,220,1800,2900,172488,0,11,14.863707079723643,3.673436000099173,2868.0854009999166,224.04489587681462
1789437670,50,,Aggregated,141.000000,0.000000,11,15,18,20,26,31,39,46,220,1800,2900,172643,0,11,14.86555556457757,3.673436000099173,2868.0854009999166,224.04658167432217
1789437671,50,,Aggregated,141.000000,0.000000,11,15,18,20,26,31,39,46,220,1800,2900,172819,0,11,14.864553141722562,3.673436000099173,2868.0854009999166,224.05002343492325
1789437672,50,,Aggregated,141.000000,0.000000,11,15,18,20,26,31,39,46,220,1800,2900,172982,0,11,14.862570672760004,3.673436000099173,2868.0854009999166,224.0513116971708
1789437673,50,,Aggregated,142.400000,0.000000,11,15,18,20,26,31,39,46,210,1800,2900,173147,0,11,14.860818176597755,3.673436000099173,2868.0854009999166,224.0517825893605
1789437674,50,,Aggregated,142.200000,0.000000,11,15,18,20,26,31,39,46,210,1800,2900,173299,0,11,14.858886321412008,3.673436000099173,2868.0854009999166,224.0518756599865
1789437675,50,,Aggregated,142.100000,0.000000,11,15,18,20,26,31,39,46,210,1800,2900,173454,0,11,14.858113647741709,3.673436000099173,2868.0854009999166,224.0521117990937
1789437676,50,,Aggregated,143.500000,0.000000,11,15,18,20,26,31,39,46,210,1800,2900,173620,0,11,14.863441334099651,3.673436000099173,2868.0854009999166,224.0503455823062
1789437677,50,,Aggregated,142.400000,0.000000,11,15,18,20,26,31,39,46,210,1800,2900,173777,0,11,14.862233825105701,3.673436000099173,2868.0854009999166,224.05259614333312
1789437678,50,,Aggregated,145.800000,0.000000,11,15,18,20,26,31,39,46,210,1800,2900,173934,0,11,14.860819848398805,3.673436000099173,2868.0854009999166,224.0561247369692
1789437679,50,,Aggregated,157.000000,0.000000,11,15,18,20,26,31,39,46,200,1800,2900,174101,0,11,14.858007892380883,3.673436000099173,2868.0854009999166,224.05626619031483
1789437680,50,,Aggregated,160.500000,0.000000,11,15,18,20,26,31,39,46,200,1800,2900,174254,0,11,14.856742993448657,3.673436000099173,2868.0854009999166,224.05412788228676
1789437681,50,,Aggregated,160.700000,0.000000,11,15,18,20,26,31,39,46,200,1800,2900,174408,0,11,14.85584907615708,3.673436000099173,2868.0854009999166,224.0529161506353
1789437682,50,,Aggregated,160.000000,0.000000,11,15,18,20,26,31,39,46,200,1800,2900,174575,0,11,14.853937774603498,3.673436000099173,2868.0854009999166,224.0531691250179
1789437683,50,,Aggregated,159.000000,0.000000,11,15,18,20,26,31,39,46,200,1800,2900,174741,0,11,14.851176736423644,3.673436000099173,2868.0854009999166,224.05345625811916
1789437684,50,,Aggregated,158.900000,0.000000,11,15,18,20,26,31,39,46,200,1800,2900,174884,0,11,14.8485471218831,3.673436000099173,2868.0854009999166,224.05459047139817
1789437685,50,,Aggregated,159.200000,0.000000,11,15,18,20,26,31,39,46,200,1800,2900,175048,0,11,14.8479209146601,3.673436000099173,2868.0854009999166,224.0533853571592
1789437686,50,,Aggregated,158.500000,0.000000,11,15,18,20,26,31,39,46,200,1800,2900,175207,0,11,14.845877558033859,3.673436000099173,2868.0854009999166,224.05237804425622
1789437687,50,,Aggregated,159.300000,0.000000,11,15,18,20,26,31,39,46,200,1800,2900,175357,0,11,14.844032392156793,3.673436000099173,2868.0854009999166,224.05139800521223
1789437688,50,,Aggregated,158.200000,0.000000,11,15,18,20,26,31,39,46,200,1800,2900,175528,0,11,14.841084522232537,3.673436000099173,2868.0854009999166,224.04969577503303
1789437689,50,,Aggregated,157.500000,0.000000,11,15,18,20,26,31,39,46,200,1800,2900,175672,0,11,14.841980979902566,3.673436000099173,2868.0854009999166,224.0520117036295
1789437690,50,,Aggregated,158.300000,0.000000,11,15,18,20,26,31,39,46,200,1800,2900,175827,0,11,14.841035376520368,3.673436000099173,2868.0854009999166,224.04770598372264
1789437691,50,,Aggregated,158.000000,0.000000,11,15,18,20,26,31,39,46,200,1800,2900,175993,0,11,14.839865379392624,3.673436000099173,2868.0854009999166,224.04880307739512
1789437692,50,,Aggregated,157.500000,0.000000,11,15,18,20,26,31,39,46,200,1800,2900,176157,0,11,14.836830536234356,3.673436000099173,2868.0854009999166,224.04993273046202
1789437693,50,,Aggregated,157.800000,0.000000,11,15,18,20,26,31,39,46,200,1800,2900,176323,0,11,14.833398898115666,3.673436000099173,2868.0854009999166,224.04917112344958
1789437694,50,,Aggregated,158.300000,0.000000,11,15,18,20,26,31,39,46,200,1800,2900,176483,0,11,14.835410759123844,3.673436000099173,2868.0854009999166,224.0482936033499
1789437695,50,,Aggregated,159.000000,0.000000,11,15,18,20,26,31,39,46,200,1800,2900,176640,0,11,14.835560575398894,3.673436000099173,2868.0854009999166,224.05121716485507
1789437696,50,,Aggregated,158.900000,0.000000,11,15,18,20,26,31,39,46,200,1800,2900,176797,0,11,14.83414121989878,3.673436000099173,2868.0854009999166,224.0502723462502
1789437697,50,,Aggregated,158.500000,0.000000,11,15,18,20,26,31,39,46,200,1800,2900,176957,0,11,14.832112212749063,3.673436000099173,2868.0854009999166,224.04767259842788
1789437698,50,,Aggregated,159.100000,0.000000,11,15,18,20,26,31,39,46,200,1800,2900,177117,0,11,14.832580822142557,3.673436000099173,2868.0854009999166,224.04781585053948
1789437699,50,,Aggregated,160.400000,0.000000,11,15,18,20,26,31,39,46,200,1800,2900,177280,0,11,14.83323555773035,3.673436000099173,2868.0854009999166,224.04648014440434
1789437700,50,,Aggregated,158.800000,0.000000,11,15,18,20,26,31,39,46,200,1800,2900,177430,0,11,14.834475847474609,3.673436000099173,2868.0854009999166,224.04374682973568
1789437701,50,,Aggregated,159.100000,0.000000,11,15,18,20,26,31,39,46,200,1800,2900,177589,0,11,14.832556613480618,3.673436000099173,2868.0854009999166,224.04479444109714
1789437702,50,,Aggregated,159.300000,0.000000,11,15,18,20,26,31,39,46,200,1800,2900,177758,0,11,14.832054525745328,3.673436000099173,2868.0854009999166,224.04418366543277
1789437703,50,,Aggregated,159.500000,0.000000,11,15,18,20,26,31,39,46,200,1800,2900,177923,0,11,14.830540074956293,3.673436000099173,2868.0854009999166,224.045693923776
1789437704,50,,Aggregated,159.500000,0.000000,11,15,18,20,26,31,39,46,200,1800,2900,178075,0,11,14.828555235521328,3.673436000099173,2868.0854009999166,224.04556507089708
1789437705,50,,Aggregated,159.000000,0.000000,11,15,18,20,26,31,39,46,200,1800,2900,178242,0,11,14.82689384717098,3.673436000099173,2868.0854009999166,224.04884370687043
1789437706,50,,Aggregated,158.900000,0.000000,11,15,18,20,26,31,39,46,200,1800,2900,178386,0,11,14.82694992464904,3.673436000099173,2868.0854009999166,224.04830536028612
1789437707,50,,Aggregated,160.100000,0.000000,11,15,18,20,26,31,39,46,240,1800,2900,178471,0,11,14.868891333714965,3.673436000099173,2868.0854009999166,224.05170027623535
1789437708,50,,Aggregated,159.400000,0.000000,11,15,18,20,26,31,39,46,290,1800,2900,178643,0,11,14.963558513350263,3.673436000099173,2868.0854009999166,224.0483254311672
1789437709,50,,Aggregated,152.900000,0.000000,11,15,18,20,26,31,39,46,290,1800,2900,178804,0,11,14.961926985539707,3.673436000099173,2868.0854009999166,224.0490760833091
1789437710,50,,Aggregated,152.000000,0.000000,11,15,18,20,26,31,39,46,290,1800,2900,178964,0,11,14.961103397870227,3.673436000099173,2868.0854009999166,224.0469647526877
1789437711,50,,Aggregated,152.600000,0.000000,11,15,18,20,26,31,39,46,290,1800,2900,179121,0,11,14.96986436104329,3.673436000099173,2868.0854009999166,224.0447407060032
1789437712,50,,Aggregated,153.100000,0.000000,11,15,18,20,26,31,39,46,290,1800,2900,179275,0,11,14.969726915160635,3.673436000099173,2868.0854009999166,224.04474131920233
1789437713,50,,Aggregated,151.300000,0.000000,11,15,18,20,26,31,39,46,290,1800,2900,179423,0,11,14.973015261362375,3.673436000099173,2868.0854009999166,224.04127675938983
1789437714,50,,Aggregated,150.700000,0.000000,11,15,18,20,26,31,39,46,290,1800,2900,179587,0,11,14.974069402904451,3.673436000099173,2868.0854009999166,224.0431490029902
1789437715,50,,Aggregated,150.200000,0.000000,11,15,18,20,26,31,39,46,290,1800,2900,179745,0,11,14.97401718902554,3.673436000099173,2868.0854009999166,224.04288297310077
1789437716,50,,Aggregated,151.100000,0.000000,11,15,18,20,26,31,39,46,290,1800,2900,179913,0,11,14.971659612437131,3.673436000099173,2868.0854009999166,224.04266506589295
1789437717,50,,Aggregated,150.000000,0.000000,11,15,18,20,26,31,39,46,290,1600,2900,180072,0,11,14.973080589277625,3.673436000099173,2868.0854009999166,224.04248856013152
1789437718,50,,Aggregated,151.100000,0.000000,11,15,18,20,26,31,39,46,290,1600,2900,180241,0,11,14.97365231216757,3.673436000099173,2868.0854009999166,224.04038481810466
1789437719,50,,Aggregated,157.300000,0.000000,11,15,18,20,26,31,39,46,290,1600,2900,180407,0,11,14.972870148882217,3.673436000099173,2868.0854009999166,224.0389341876978
1789437720,50,,Aggregated,159.400000,0.000000,11,15,18,20,26,31,39,46,290,1600,2900,180559,0,11,14.970600320883431,3.673436000099173,2868.0854009999166,224.04232411566304
1789437721,50,,Aggregated,159.300000,0.000000,11,15,18,20,26,31,39,46,290,1600,2900,180714,0,11,14.971552016342931,3.673436000099173,2868.0854009999166,224.0406554002457
1789437722,50,,Aggregated,160.100000,0.000000,11,15,18,20,26,31,39,46,290,1600,2900,180876,0,11,14.971952898125748,3.673436000099173,2868.0854009999166,224.04063004489262
1789437723,50,,Aggregated,161.300000,0.000000,11,15,18,20,26,31,39,46,290,1600,2900,181038,0,11,14.971578971245744,3.673436000099173,2868.0854009999166,224.03893657685126
1789437724,50,,Aggregated,160.200000,0.000000,11,15,18,20,26,31,39,46,290,1600,2900,181193,0,11,14.97078780835568,3.673436000099173,2868.0854009999166,224.03909091410816
1789437725,50,,Aggregated,160.400000,0.000000,11,15,18,20,26,31,39,46,290,1600,2900,181355,0,11,14.971010670179462,3.673436000099173,2868.0854009999166,224.04048413332967
1789437726,50,,Aggregated,160.200000,0.000000,11,15,18,20,26,31,39,46,290,1600,2900,181523,0,11,14.969607852213828,3.673436000099173,2868.0854009999166,224.03984068134616
1789437727,50,,Aggregated,160.700000,0.000000,11,15,18,20,26,31,39,46,290,1600,2900,181684,0,11,14.968338349812988,3.673436000099173,2868.0854009999166,224.03811012527245
1789437728,50,,Aggregated,160.900000,0.000000,11,15,18,20,26,31,39,46,290,1600,2900,181843,0,11,14.965209117603795,3.673436000099173,2868.0854009999166,224.03862122820235
1789437729,50,,Aggregated,160.900000,0.000000,11,15,18,20,26,31,39,46,280,1600,2900,182004,0,11,14.965545777793018,3.673436000099173,2868.0854009999166,224.040092525439
1789437730,50,,Aggregated,159.800000,0.000000,11,15,18,20,26,31,39,46,280,1600,2900,182161,0,11,14.963397070527934,3.673436000099173,2868.0854009999166,224.0396462470013
1789437731,50,,Aggregated,159.100000,0.000000,11,15,18,20,26,31,39,46,280,1600,2900,182326,0,11,14.9636719565253,3.673436000099173,2868.0854009999166,224.04114607900135
1789437732,50,,Aggregated,159.400000,0.000000,11,15,18,20,26,31,39,46,280,1600,2900,182478,0,11,14.964296196760396,3.673436000099173,2868.0854009999166,224.03913896469712
1789437733,50,,Aggregated,159.200000,0.000000,11,15,18,20,26,31,39,46,280,1600,2900,182635,0,11,14.963718967779695,3.673436000099173,2868.0854009999166,224.04072603827305
1789437734,50,,Aggregated,160.700000,0.000000,11,15,18,20,26,31,39,46,280,1600,2900,182796,0,11,14.960418527207642,3.673436000099173,2868.0854009999166,224.04101840302852
1789437735,50,,Aggregated,159.400000,0.000000,11,15,18,20,26,31,39,46,280,1600,2900,182960,0,11,14.96072779058509,3.673436000099173,2868.0854009999166,224.04058264101442
1789437736,50,,Aggregated,160.000000,0.000000,11,15,18,20,26,31,39,46,280,1600,2900,183118,0,11,14.9608771412775,3.673436000099173,2868.0854009999166,224.03880557891634
1789437737,50,,Aggregated,160.100000,0.000000,11,15,18,20,26,31,39,46,280,1600,2900,183269,0,11,14.958418468150372,3.673436000099173,2868.0854009999166,224.03929742618774
1789437738,50,,Aggregated,158.300000,0.000000,11,15,18,20,26,31,39,46,280,1600,2900,183439,0,11,14.954718847548605,3.673436000099173,2868.0854009999166,224.04009507247642
1789437739,50,,Aggregated,158.800000,0.000000,11,15,18,20,26,31,39,46,280,1600,2900,183607,0,11,14.954360833903161,3.673436000099173,2868.0854009999166,224.03957910101468
1789437740,50,,Aggregated,160.000000,0.000000,11,15,18,20,26,31,39,46,280,1600,2900,183759,0,11,14.955292712990705,3.673436000099173,2868.0854009999166,224.04034088126295
1789437741,50,,Aggregated,160.700000,0.000000,11,15,18,20,26,31,39,46,280,1600,2900,183916,0,11,14.95437800238402,3.673436000099173,2868.0854009999166,224.04072511363884
1789437742,50,,Aggregated,160.700000,0.000000,11,15,18,20,26,31,39,46,290,1600,2900,183949,0,11,14.970642045928273,3.673436000099173,2868.0854009999166,224.04297930404624
1789437743,50,,Aggregated,159.400000,0.000000,11,15,18,20,26,31,39,46,470,1600,2900,184123,0,11,15.143657077934138,3.673436000099173,2868.0854009999166,224.03869152685976
1789437744,50,,Aggregated,149.300000,0.000000,11,15,18,20,26,31,39,46,470,1600,2900,184283,0,11,15.144887861818349,3.673436000099173,2868.0854009999166,224.03839203833235
1789437745,50,,Aggregated,148.300000,0.000000,11,15,18,20,26,31,39,46,470,1600,2900,184446,0,11,15.146898498099509,3.673436000099173,2868.0854009999166,224.03967556900122
1789437746,50,,Aggregated,147.900000,0.000000,11,15,18,20,26,31,39,46,470,1600,2900,184607,0,11,15.14479817676172,3.673436000099173,2868.0854009999166,224.0384871646254
1789437747,50,,Aggregated,148.100000,0.000000,11,15,18,20,26,31,39,46,470,1600,2900,184761,0,11,15.14531882619952,3.673436000099173,2868.0854009999166,224.03677182955278
1789437748,50,,Aggregated,148.700000,0.000000,11,15,18,20,26,31,39,46,470,1600,2900,184920,0,11,15.142288979696364,3.673436000099173,2868.0854009999166,224.03658879515467
1789437749,50,,Aggregated,148.700000,0.000000,11,15,18,20,26,31,39,46,460,1600,2900,185079,0,11,15.14012390416763,3.673436000099173,2868.0854009999166,224.03569826938767
1789437750,50,,Aggregated,147.500000,0.000000,11,15,18,20,26,31,39,46,460,1600,2900,185232,0,11,15.139562044379103,3.673436000099173,2868.0854009999166,224.03488058218883
1789437751,50,,Aggregated,146.200000,0.000000,11,15,18,20,26,31,39,46,460,1600,2900,185390,0,11,15.139138442539684,3.673436000099173,2868.0854009999166,224.0334160418577
1789437752,50,,Aggregated,147.100000,0.000000,11,15,18,20,26,31,39,46,460,1600,2900,185555,0,11,15.139287075640315,3.673436000099173,2868.0854009999166,224.03465818759938
1789437753,50,,Aggregated,146.500000,0.000000,11,15,18,20,26,31,39,46,460,1600,2900,185706,0,11,15.137398846932458,3.673436000099173,2868.0854009999166,224.03237913691535
1789437754,50,,Aggregated,156.100000,0.000000,11,15,18,20,26,31,39,46,460,1600,2900,185873,0,11,15.135632548172303,3.673436000099173,2868.0854009999166,224.03248992591716
1789437755,50,,Aggregated,158.900000,0.000000,11,15,18,20,26,31,39,46,460,1600,2900,186025,0,11,15.13522072530803,3.673436000099173,2868.0854009999166,224.03371589840074
1789437756,50,,Aggregated,158.100000,0.000000,11,15,18,20,26,31,39,46,460,1600,2900,186193,0,11,15.13339328117292,3.673436000099173,2868.0854009999166,224.03470055265237
1789437757,50,,Aggregated,157.500000,0.000000,11,15,18,20,26,31,39,46,460,1600,2900,186350,0,11,15.13274470115613,3.673436000099173,2868.0854009999166,224.0338449154816
1789437758,50,,Aggregated,157.500000,0.000000,11,15,18,20,26,31,39,46,460,1600,2900,186513,0,11,15.130763663854195,3.673436000099173,2868.0854009999166,224.03235699388247
1789437759,50,,Aggregated,158.300000,0.000000,11,15,18,20,26,31,39,46,460,1600,2900,186671,0,11,15.129137621175405,3.673436000099173,2868.0854009999166,224.03328851294523
1789437760,50,,Aggregated,159.000000,0.000000,11,15,18,20,26,31,39,46,460,1600,2900,186829,0,11,15.126693045038106,3.673436000099173,2868.0854009999166,224.03375814247252
1789437761,50,,Aggregated,159.500000,0.000000,11,15,18,20,26,31,39,46,460,1600,2900,186993,0,11,15.124185290350027,3.673436000099173,2868.0854009999166,224.03610830351937
1789437762,50,,Aggregated,159.100000,0.000000,11,15,18,20,26,31,39,46,460,1600,2900,187158,0,11,15.120283561046984,3.673436000099173,2868.0854009999166,224.03461246647217
1789437763,50,,Aggregated,160.000000,0.000000,11,15,18,20,26,31,39,46,460,1600,2900,187313,0,11,15.118709585877289,3.673436000099173,2868.0854009999166,224.03280071324468
1789437764,50,,Aggregated,159.900000,0.000000,11,15,18,20,26,31,39,46,460,1600,2900,187474,0,11,15.118607105355778,3.673436000099173,2868.0854009999166,224.03503952548087
1789437765,50,,Aggregated,159.900000,0.000000,11,15,18,20,26,31,39,46,460,1600,2900,187632,0,11,15.117454872678806,3.673436000099173,2868.0854009999166,224.03490875756802
1789437766,50,,Aggregated,159.800000,0.000000,11,15,18,20,26,31,39,46,460,1600,2900,187793,0,11,15.118402410576925,3.673436000099173,2868.0854009999166,224.0352409301731
1789437767,50,,Aggregated,160.400000,0.000000,11,15,18,20,26,31,39,46,460,1600,2900,187955,0,11,15.116387521765725,3.673436000099173,2868.0854009999166,224.03537016839138
1789437768,50,,Aggregated,161.000000,0.000000,11,15,18,20,26,31,39,46,450,1600,2900,188113,0,11,15.114914602959203,3.673436000099173,2868.0854009999166,224.0370149856735
1789437769,50,,Aggregated,159.800000,0.000000,11,15,18,20,26,31,39,46,450,1600,2900,188265,0,11,15.113487350386276,3.673436000099173,2868.0854009999166,224.03754813693465
1789437770,50,,Aggregated,159.200000,0.000000,11,15,18,20,26,31,39,46,450,1600,2900,188434,0,11,15.112728910395479,3.673436000099173,2868.0854009999166,224.03771612341723
1789437771,50,,Aggregated,158.900000,0.000000,11,15,18,20,26,31,39,46,450,1600,2900,188593,0,11,15.111078407080061,3.673436000099173,2868.0854009999166,224.04016585981452
1789437772,50,,Aggregated,159.500000,0.000000,11,15,18,20,26,31,39,46,450,1600,2900,188762,0,11,15.109396526745071,3.673436000099173,2868.0854009999166,224.03791547027473
1789437773,50,,Aggregated,159.600000,0.000000,11,15,18,20,26,31,39,46,450,1600,2900,188921,0,11,15.108450109540227,3.673436000099173,2868.0854009999166,224.03753420742004
1789437774,50,,Aggregated,160.700000,0.000000,11,15,18,20,26,31,39,46,450,1600,2900,189086,0,11,15.10598915983977,3.673436000099173,2868.0854009999166,224.03898755063832
1789437775,50,,Aggregated,160.400000,0.000000,11,15,18,20,26,31,39,46,450,1600,2900,189252,0,11,15.105489513582212,3.673436000099173,2868.0854009999166,224.0383139940397
1789437776,50,,Aggregated,161.100000,0.000000,11,15,18,20,26,31,39,46,450,1600,2900,189407,0,11,15.103228333744015,3.673436000099173,2868.0854009999166,224.0375487706368
1789437777,50,,Aggregated,161.300000,0.000000,11,15,18,20,26,31,39,46,450,1600,2900,189571,0,11,15.09959317147908,3.673436000099173,2868.0854009999166,224.03719450759874
1789437778,50,,Aggregated,161.300000,0.000000,11,15,18,20,26,31,39,46,450,1600,2900,189726,0,11,15.10171545690348,3.673436000099173,2868.0854009999166,224.03562505929602
1789437779,50,,Aggregated,161.100000,0.000000,11,15,18,20,26,31,39,46,450,1600,2900,189878,0,11,15.101356389663186,3.673436000099173,2868.0854009999166,224.03546487744762
1789437780,50,,Aggregated,162.200000,0.000000,11,15,18,20,26,31,39,46,450,1500,2900,190033,0,11,15.102228929798821,3.673436000099173,2868.0854009999166,224.03539911489057
1789437781,50,,Aggregated,160.800000,0.000000,11,15,18,20,26,31,39,46,450,1500,2900,190192,0,11,15.10071712389822,3.673436000099173,2868.0854009999166,224.03624232354673
1789437782,50,,Aggregated,159.800000,0.000000,11,15,18,20,26,31,39,46,450,1500,2900,190348,0,11,15.101356595811154,3.673436000099173,2868.0854009999166,224.03649105848237
1789437783,50,,Aggregated,159.800000,0.000000,11,15,18,20,26,31,39,46,450,1500,2900,190502,0,11,15.102930760577097,3.673436000099173,2868.0854009999166,224.03510724296856
1789437784,50,,Aggregated,158.200000,0.000000,11,15,18,20,26,31,39,46,450,1500,2900,190671,0,11,15.100494978955695,3.673436000099173,2868.0854009999166,224.03357091534633
1789437785,50,,Aggregated,158.300000,0.000000,11,15,18,20,26,31,39,46,450,1500,2900,190825,0,11,15.099173085845417,3.673436000099173,2868.0854009999166,224.03333944713742
1789437786,50,,Aggregated,158.700000,0.000000,11,15,18,20,26,31,39,46,450,1500,2900,190992,0,11,15.097588656176473,3.673436000099173,2868.0854009999166,224.03493863617325
1789437787,50,,Aggregated,158.000000,0.000000,11,15,18,20,26,31,39,46,440,1500,2900,191155,0,11,15.094388835680256,3.673436000099173,2868.0854009999166,224.03160785749785
1789437788,50,,Aggregated,157.800000,0.000000,11,15,18,20,26,31,39,46,440,1500,2900,191317,0,11,15.093454691686906,3.673436000099173,2868.0854009999166,224.03302372502182
1789437789,50,,Aggregated,158.000000,0.000000,11,15,18,20,26,31,39,46,440,1500,2900,191464,0,11,15.092090701815847,3.673436000099173,2868.0854009999166,224.03260142898927
1789437790,50,,Aggregated,157.600000,0.000000,11,15,18,20,26,31,39,46,440,1500,2900,191627,0,11,15.08996827315813,3.673436000099173,2868.0854009999166,224.0328763691964
1789437791,50,,Aggregated,158.800000,0.000000,11,15,18,20,26,31,39,46,440,1500,2900,191791,0,11,15.088031998834518,3.673436000099173,2868.0854009999166,224.0344228874139
1789437792,50,,Aggregated,159.100000,0.000000,11,15,18,20,26,31,39,46,440,1500,2900,191954,0,11,15.086790255011445,3.673436000099173,2868.0854009999166,224.0351959323588
1789437793,50,,Aggregated,159.200000,0.000000,11,15,18,20,26,31,39,46,440,1500,2900,192094,0,11,15.084686488128053,3.673436000099173,2868.0854009999166,224.03589909107
1789437794,50,,Aggregated,160.000000,0.000000,11,15,18,20,26,31,39,46,440,1500,2900,192170,0,11,15.116297227972487,3.673436000099173,2868.0854009999166,224.03868449810065
1789437795,50,,Aggregated,158.900000,0.000000,11,15,18,20,26,31,39,47,620,1500,2900,192247,0,11,15.393110569062,3.673436000099173,2868.0854009999166,224.0351526941903
1789437796,50,,Aggregated,153.300000,0.000000,11,15,18,20,26,31,39,47,620,1500,2900,192398,0,11,15.392154568532199,3.673436000099173,2868.0854009999166,224.03677273152528
1789437797,50,,Aggregated,139.100000,0.000000,11,15,18,20,26,31,39,47,620,1500,2900,192557,0,11,15.393058634484664,3.673436000099173,2868.0854009999166,224.03595299054305
1789437798,50,,Aggregated,139.600000,0.000000,11,15,18,20,26,31,39,47,620,1500,2900,192712,0,11,15.391356030908614,3.673436000099173,2868.0854009999166,224.0335111461663
1789437799,50,,Aggregated,138.800000,0.000000,11,15,18,20,26,31,39,47,620,1500,2900,192879,0,11,15.388814748227976,3.673436000099173,2868.0854009999166,224.03269925704717
1789437800,50,,Aggregated,138.200000,0.000000,11,15,18,20,26,31,39,47,610,1500,2900,193039,0,11,15.387930779648027,3.673436000099173,2868.0854009999166,224.03195209258232
1789437801,50,,Aggregated,138.600000,0.000000,11,15,18,20,26,31,39,47,610,1500,2900,193189,0,11,15.386169091503524,3.673436000099173,2868.0854009999166,224.03161153067722
1789437802,50,,Aggregated,140.200000,0.000000,11,15,18,20,26,31,39,47,610,1500,2900,193359,0,11,15.387794082750025,3.673436000099173,2868.0854009999166,224.03249913373568
1789437803,50,,Aggregated,138.900000,0.000000,11,15,18,20,26,31,39,47,610,1500,2900,193512,0,11,15.38724832798717,3.673436000099173,2868.0854009999166,224.032225391707
1789437804,50,,Aggregated,138.800000,0.000000,11,15,18,20,26,31,39,47,610,1500,2900,193671,0,11,15.3879723012658,3.673436000099173,2868.0854009999166,224.02967403483225
1789437805,50,,Aggregated,138.800000,0.000000,11,15,18,20,26,31,39,47,610,1500,2900,193832,0,11,15.38665016970081,3.673436000099173,2868.0854009999166,224.0287826571464
1789437806,50,,Aggregated,144.800000,0.000000,11,15,18,20,26,31,39,47,610,1500,2900,193981,0,11,15.385440104584696,3.673436000099173,2868.0854009999166,224.02902861620467
1789437807,50,,Aggregated,158.300000,0.000000,11,15,18,20,26,31,39,47,610,1500,2900,194143,0,11,15.383625685991522,3.673436000099173,2868.0854009999166,224.02968430486806
1789437808,50,,Aggregated,158.000000,0.000000,11,15,18,20,26,31,39,47,610,1500,2900,194303,0,11,15.383883625479138,3.673436000099173,2868.0854009999166,224.03134279964797
1789437809,50,,Aggregated,158.600000,0.000000,11,15,18,20,26,31,39,47,610,1500,2900,194462,0,11,15.38148071211578,3.673436000099173,2868.0854009999166,224.0328341783999
1789437810,50,,Aggregated,157.900000,0.000000,11,15,18,20,26,31,39,47,610,1500,2900,194621,0,11,15.3790549906663,3.673436000099173,2868.0854009999166,224.03548435163728
1789437811,50,,Aggregated,158.800000,0.000000,11,15,18,20,26,31,39,47,610,1500,2900,194781,0,11,15.377039141556242,3.673436000099173,2868.0854009999166,224.03677976804718
1789437812,50,,Aggregated,157.900000,0.000000,11,15,18,20,26,31,39,47,610,1500,2900,194951,0,11,15.37681181910568,3.673436000099173,2868.0854009999166,224.03470102743768
1789437813,50,,Aggregated,158.400000,0.000000,11,15,18,20,26,31,39,47,610,1500,2900,195113,0,11,15.373986135446996,3.673436000099173,2868.0854009999166,224.0339136807901
1789437814,50,,Aggregated,158.500000,0.000000,11,15,18,20,26,31,39,47,610,1500,2900,195260,0,11,15.371779763143905,3.673436000099173,2868.0854009999166,224.03534774147292
1789437815,50,,Aggregated,159.700000,0.000000,11,15,18,20,26,31,39,47,610,1500,2900,195417,0,11,15.373881261683918,3.673436000099173,2868.0854009999166,224.03243832419903
1789437816,50,,Aggregated,158.500000,0.000000,11,15,18,20,26,31,39,47,610,1500,2900,195569,0,11,15.375855653444457,3.673436000099173,2868.0854009999166,224.03232618666559
1789437817,50,,Aggregated,159.600000,0.000000,11,15,18,20,26,31,39,47,610,1500,2900,195724,0,11,15.372942821245662,3.673436000099173,2868.0854009999166,224.03228525883387
1789437818,50,,Aggregated,158.500000,0.000000,11,15,18,20,26,31,39,47,610,1500,2900,195886,0,11,15.373492090090526,3.673436000099173,2868.0854009999166,224.03074237056248
1789437819,50,,Aggregated,157.700000,0.000000,11,15,18,20,26,31,39,47,610,1500,2900,196047,0,11,15.3709422398072,3.673436000099173,2868.0854009999166,224.03070692231964
1789437820,50,,Aggregated,158.500000,0.000000,11,15,18,20,26,31,39,47,610,1500,2900,196200,0,11,15.37059915002796,3.673436000099173,2868.0854009999166,224.03321610601427
1789437821,50,,Aggregated,158.400000,0.000000,11,15,18,20,26,31,39,47,610,1500,2900,196353,0,11,15.369140741483356,3.673436000099173,2868.0854009999166,224.0307558326076
1789437822,50,,Aggregated,157.500000,0.000000,11,15,18,20,26,31,39,47,610,1500,2900,196513,0,11,15.368180416539765,3.673436000099173,2868.0854009999166,224.03071552518153
1789437823,50,,Aggregated,157.300000,0.000000,11,15,18,20,26,31,39,47,610,1500,2900,196664,0,11,15.366358668991179,3.673436000099173,2868.0854009999166,224.03065126306797
1789437824,50,,Aggregated,156.200000,0.000000,11,15,18,20,26,31,39,47,610,1500,2900,196825,0,11,15.364399443736765,3.673436000099173,2868.0854009999166,224.03020957703544
1789437825,50,,Aggregated,155.600000,0.000000,11,15,18,20,26,31,39,47,610,1500,2900,196976,0,11,15.364039054780774,3.673436000099173,2868.0854009999166,224.02854154820892
1789437826,50,,Aggregated,155.200000,0.000000,11,15,18,20,26,31,39,47,610,1500,2900,197138,0,11,15.362150936853883,3.673436000099173,2868.0854009999166,224.03034422587223
1789437827,50,,Aggregated,155.600000,0.000000,11,15,18,20,26,31,39,47,610,1500,2900,197298,0,11,15.360403486621616,3.673436000099173,2868.0854009999166,224.02952386744923
1789437828,50,,Aggregated,155.900000,0.000000,11,15,18,20,26,31,39,47,610,1500,2900,197447,0,11,15.362540331306569,3.673436000099173,2868.0854009999166,224.0307272331309
1789437829,50,,Aggregated,156.800000,0.000000,11,15,18,20,26,31,39,47,610,1500,2900,197603,0,11,15.362295963262211,3.673436000099173,2868.0854009999166,224.0316442564131
1789437830,50,,Aggregated,156.400000,0.000000,11,15,18,20,26,31,39,47,610,1500,2900,197757,0,11,15.359155305817266,3.673436000099173,2868.0854009999166,224.03161455725967
1789437831,50,,Aggregated,155.000000,0.000000,11,15,18,20,26,31,39,47,610,1500,2900,197913,0,11,15.358292309532418,3.673436000099173,2868.0854009999166,224.02834578830092
1789437832,50,,Aggregated,155.400000,0.000000,11,15,18,20,26,31,39,47,600,1500,2900,198079,0,11,15.35545329703046,3.673436000099173,2868.0854009999166,224.02944784656626
1789437833,50,,Aggregated,155.300000,0.000000,11,15,18,20,26,31,39,47,600,1500,2900,198233,0,11,15.35502314089739,3.673436000099173,2868.0854009999166,224.0299950058769
1789437834,50,,Aggregated,156.300000,0.000000,11,15,18,20,26,31,39,47,600,1500,2900,198392,0,11,15.356053266742132,3.673436000099173,2868.0854009999166,224.02939634662687
1789437835,50,,Aggregated,156.800000,0.000000,11,15,18,20,26,31,39,47,600,1500,2900,198544,0,11,15.3550430445167,3.673436000099173,2868.0854009999166,224.02970626158432
1789437836,50,,Aggregated,156.600000,0.000000,11,15,18,20,26,31,39,47,600,1500,2900,198718,0,11,15.352494732996085,3.673436000099173,2868.0854009999166,224.02915689570145
1789437837,50,,Aggregated,155.900000,0.000000,11,15,18,20,26,31,39,47,600,1500,2900,198872,0,11,15.351757885863776,3.673436000099173,2868.0854009999166,224.02856611287663
1789437838,50,,Aggregated,156.800000,0.000000,11,15,18,20,26,31,39,47,600,1500,2900,199035,0,11,15.352084955015407,3.673436000099173,2868.0854009999166,224.03033134875776
1789437839,50,,Aggregated,157.800000,0.000000,11,15,18,20,26,31,39,47,600,1500,2900,199197,0,11,15.351189098573249,3.673436000099173,2868.0854009999166,224.02952353700107
1789437840,50,,Aggregated,158.100000,0.000000,11,15,18,20,26,31,39,47,600,1500,2900,199352,0,11,15.347241303440638,3.673436000099173,2868.0854009999166,224.02893374533488
1789437841,50,,Aggregated,157.800000,0.000000,11,15,18,20,26,31,39,47,600,1500,2900,199516,0,11,15.345592517163956,3.673436000099173,2868.0854009999166,224.02901020469537
1789437842,50,,Aggregated,158.400000,0.000000,11,15,18,20,26,31,39,47,600,1500,2900,199674,0,11,15.342814138778591,3.673436000099173,2868.0854009999166,224.0305798451476
1789437843,50,,Aggregated,158.800000,0.000000,11,15,18,20,26,31,39,47,600,1500,2900,199833,0,11,15.344277950345976,3.673436000099173,2868.0854009999166,224.02905926448585
1789437844,50,,Aggregated,158.600000,0.000000,11,15,18,20,26,31,39,47,600,1500,2900,199986,0,11,15.342826057426475,3.673436000099173,2868.0854009999166,224.0274269198844
1789437845,50,,Aggregated,159.300000,0.000000,11,15,18,20,26,31,39,47,590,1500,2900,200152,0,11,15.342664558333174,3.673436000099173,2868.0854009999166,224.02651484871498
1789437846,50,,Aggregated,159.100000,0.000000,11,15,18,20,26,31,39,47,590,1500,2900,200310,0,11,15.341507321703851,3.673436000099173,2868.0854009999166,224.02575507962658
1789437847,50,,Aggregated,160.000000,0.000000,11,15,18,20,26,31,39,47,590,1500,2900,200479,0,11,15.339464900979664,3.673436000099173,2868.0854009999166,224.02384289626346
1789437848,50,,Aggregated,159.500000,0.000000,11,15,18,20,26,31,39,47,590,1500,2900,200630,0,11,15.337087098083579,3.673436000099173,2868.0854009999166,224.02320191397098
1789437849,50,,Aggregated,158.500000,0.000000,11,15,18,20,26,31,39,47,590,1500,2900,200794,0,11,15.33619835928618,3.673436000099173,2868.0854009999166,224.0226700000996
1789437850,50,,Aggregated,159.600000,0.000000,11,15,18,20,26,31,39,47,590,1500,2900,200948,0,11,15.334579821239902,3.53025300137233,2868.0854009999166,224.0225033341959
1789437851,50,,Aggregated,160.400000,0.000000,11,15,18,20,26,31,39,47,570,1500,2900,201094,0,11,15.332174820917164,3.53025300137233,2868.0854009999166,224.02242732254567
1789437852,50,,Aggregated,159.400000,0.000000,11,15,18,20,26,31,39,47,570,1500,2900,201260,0,11,15.333435569146966,3.53025300137233,2868.0854009999166,224.02066481168637
1789437853,50,,Aggregated,158.400000,0.000000,11,15,18,20,26,31,39,47,570,1500,2900,201409,0,11,15.33266151556541,3.53025300137233,2868.0854009999166,224.02063462903843
1789437854,50,,Aggregated,158.400000,0.000000,11,15,18,20,26,31,39,47,570,1500,2900,201570,0,11,15.33209976157417,3.53025300137233,2868.0854009999166,224.0193233120008
1789437855,50,,Aggregated,157.700000,0.000000,11,15,18,20,26,31,39,47,570,1500,2900,201731,0,11,15.333021409255279,3.53025300137233,2868.0854009999166,224.02097843167385
1789437856,50,,Aggregated,158.200000,0.000000,11,15,18,20,26,31,39,47,570,1500,2900,201886,0,11,15.332611402323586,3.53025300137233,2868.0854009999166,224.02163101948625
1789437857,50,,Aggregated,158.000000,0.000000,11,15,18,20,26,31,39,47,570,1500,2900,202054,0,11,15.333991510252153,3.53025300137233,2868.0854009999166,224.01964326368198
1789437858,50,,Aggregated,158.400000,0.000000,11,15,18,20,26,31,39,47,570,1500,2900,202206,0,11,15.331841365896649,3.53025300137233,2868.0854009999166,224.02042966084093
1789437859,50,,Aggregated,157.200000,0.000000,11,15,18,20,26,31,39,47,570,1500,2900,202364,0,11,15.331643694256355,3.53025300137233,2868.0854009999166,224.01951434049533
1789437860,50,,Aggregated,157.100000,0.000000,11,15,18,20,26,31,39,47,570,1500,2900,202531,0,11,15.329452480165973,3.53025300137233,2868.0854009999166,224.01718749228513
1789437861,50,,Aggregated,156.600000,0.000000,11,15,18,20,26,31,39,47,570,1500,2900,202700,0,11,15.328549777071913,3.53025300137233,2868.0854009999166,224.01601874691661
1789437862,50,,Aggregated,157.800000,0.000000,11,15,18,20,26,31,39,47,570,1500,2900,202857,0,11,15.328247473749881,3.53025300137233,2868.0854009999166,224.0168148005738
1789437863,50,,Aggregated,159.200000,0.000000,11,15,18,20,26,31,39,47,560,1500,2900,203019,0,11,15.326597628258742,3.53025300137233,2868.0854009999166,224.0201015668484
1789437864,50,,Aggregated,160.400000,0.000000,11,15,18,20,26,31,39,47,560,1500,2900,203174,0,11,15.32508057213749,3.53025300137233,2868.0854009999166,224.02044060755804
1789437865,50,,Aggregated,159.600000,0.000000,11,15,18,20,26,31,39,47,560,1500,2900,203334,0,11,15.327005201001647,3.53025300137233,2868.0854009999166,224.02013927823188
1789437866,50,,Aggregated,159.400000,0.000000,11,15,18,20,26,31,39,47,560,1500,2900,203486,0,11,15.325326846016269,3.53025300137233,2868.0854009999166,224.02104321673235
1789437867,50,,Aggregated,159.400000,0.000000,11,15,18,20,26,31,39,47,560,1500,2900,203646,0,11,15.325696655959206,3.53025300137233,2868.0854009999166,224.02226903548313
1789437868,50,,Aggregated,158.500000,0.000000,11,15,18,20,26,31,39,47,560,1500,2900,203802,0,11,15.324249422112956,3.53025300137233,2868.0854009999166,224.02108909627972
1789437869,50,,Aggregated,159.700000,0.000000,11,15,18,20,26,31,39,46,560,1500,2900,203960,0,11,15.321209585117042,3.53025300137233,2868.0854009999166,224.0239752892724
1789437870,50,,Aggregated,158.800000,0.000000,11,15,18,20,26,31,39,46,560,1500,2900,204125,0,11,15.31973844211367,3.53025300137233,2868.0854009999166,224.02329454990814
1789437871,50,,Aggregated,159.700000,0.000000,11,15,18,20,26,31,39,46,560,1500,2900,204289,0,11,15.318363118858398,3.53025300137233,2868.0854009999166,224.0236331863194
1789437872,50,,Aggregated,159.200000,0.000000,11,15,18,20,26,31,39,46,560,1500,2900,204455,0,11,15.315477671617073,3.53025300137233,2868.0854009999166,224.02144237118193
1789437873,50,,Aggregated,159.800000,0.000000,11,15,18,20,26,31,39,46,560,1500,2900,204619,0,11,15.31332660264432,3.53025300137233,2868.0854009999166,224.02083872954125
1789437874,50,,Aggregated,158.300000,0.000000,11,15,18,20,26,31,39,46,560,1500,2900,204790,0,11,15.310577046347428,3.53025300137233,2868.0854009999166,224.02113872747694
1789437875,50,,Aggregated,159.300000,0.000000,11,15,18,20,26,31,39,46,560,1500,2900,204941,0,11,15.309617619014752,3.53025300137233,2868.0854009999166,224.02133784845395
1789437876,50,,Aggregated,161.000000,0.000000,11,15,18,20,26,31,39,46,560,1500,2900,205111,0,11,15.310197535902464,3.53025300137233,2868.0854009999166,224.02292904817392
1789437877,50,,Aggregated,160.700000,0.000000,11,15,18,20,26,31,39,46,560,1500,2900,205270,0,11,15.306617682142928,3.53025300137233,2868.0854009999166,224.02410483753107
1789437878,50,,Aggregated,162.300000,0.000000,11,15,18,20,26,31,39,46,560,1500,2900,205435,0,11,15.303242449146884,3.53025300137233,2868.0854009999166,224.02209944751382
1789437879,50,,Aggregated,161.700000,0.000000,11,15,18,20,26,31,39,46,560,1500,2900,205597,0,11,15.30356224278798,3.53025300137233,2868.0854009999166,224.01998570018046
1789437880,50,,Aggregated,163.100000,0.000000,11,15,18,20,26,31,39,46,560,1500,2900,205754,0,11,15.301450249586802,3.53025300137233,2868.0854009999166,224.02190479893466
1789437881,50,,Aggregated,163.300000,0.000000,11,15,18,20,26,31,39,46,560,1500,2900,205913,0,11,15.298575163066367,3.53025300137233,2868.0854009999166,224.02130511429584
1789437882,50,,Aggregated,162.300000,0.000000,11,15,18,20,26,31,39,46,560,1500,2900,206076,0,11,15.29738058890651,3.53025300137233,2868.0854009999166,224.01927929501738
1789437883,50,,Aggregated,161.500000,0.000000,11,15,18,20,26,31,39,46,560,1500,2900,206241,0,11,15.295485475630395,3.53025300137233,2868.0854009999166,224.01815836812273
1789437884,50,,Aggregated,162.000000,0.000000,11,15,18,20,26,31,39,46,560,1500,2900,206392,0,11,15.295400300711746,3.53025300137233,2868.0854009999166,224.01506356835537
1789437885,50,,Aggregated,161.300000,0.000000,11,15,18,20,26,31,39,46,560,1500,2900,206543,0,11,15.29308207118861,3.53025300137233,2868.0854009999166,224.01528979437697
1789437886,50,,Aggregated,160.900000,0.000000,11,15,18,20,26,31,39,46,560,1500,2900,206699,0,11,15.29141048894048,3.53025300137233,2868.0854009999166,224.0139671696525
1789437887,50,,Aggregated,159.900000,0.000000,11,15,18,20,26,31,39,46,560,1500,2900,206865,0,11,15.291138998663355,3.53025300137233,2868.0854009999166,224.01495178014648
1789437888,50,,Aggregated,158.700000,0.000000,11,15,18,20,26,31,39,46,550,1500,2900,207023,0,11,15.29212109361529,3.53025300137233,2868.0854009999166,224.01846171681407
1789437889,50,,Aggregated,158.300000,0.000000,11,15,18,20,26,31,39,46,550,1500,2900,207183,0,11,15.289724834337363,3.53025300137233,2868.0854009999166,224.01862604557323
1789437890,50,,Aggregated,158.600000,0.000000,11,15,18,20,26,31,39,46,550,1500,2900,207339,0,11,15.288143167366021,3.53025300137233,2868.0854009999166,224.0159931320205
1789437891,50,,Aggregated,157.100000,0.000000,11,15,18,20,26,31,39,46,550,1500,2900,207498,0,11,15.286166418044996,3.53025300137233,2868.0854009999166,224.01495918032944
1789437892,50,,Aggregated,158.100000,0.000000,11,15,18,20,26,31,39,46,550,1500,2900,207665,0,11,15.284741919285858,3.53025300137233,2868.0854009999166,224.0157850384032
1789437893,50,,Aggregated,158.000000,0.000000,11,15,18,20,26,31,39,46,550,1500,2900,207823,0,11,15.283197598093098,3.53025300137233,2868.0854009999166,224.01750528093618
1789437894,50,,Aggregated,157.400000,0.000000,11,15,18,20,26,31,39,46,550,1500,2900,207980,0,11,15.282908956979101,3.53025300137233,2868.0854009999166,224.01765073564766
1789437895,50,,Aggregated,158.600000,0.000000,11,15,18,20,26,31,39,46,550,1500,2900,208135,0,11,15.280463083150414,3.53025300137233,2868.0854009999166,224.01863694236914
1789437896,50,,Aggregated,158.100000,0.000000,11,15,18,20,26,31,39,46,550,1500,2900,208299,0,11,15.28025626466529,3.53025300137233,2868.0854009999166,224.01979846278667
1789437897,50,,Aggregated,158.400000,0.000000,11,15,18,20,26,31,39,46,550,1500,2900,208466,0,11,15.280375204678526,3.53025300137233,2868.0854009999166,224.0206316617578
1789437898,50,,Aggregated,158.300000,0.000000,11,15,18,20,26,31,39,46,550,1500,2900,208631,0,11,15.279742758465925,3.53025300137233,2868.0854009999166,224.0223121204423
1789437899,50,,Aggregated,160.000000,0.000000,11,15,18,20,26,31,39,46,550,1500,2900,208786,0,11,15.278641228106835,3.53025300137233,2868.0854009999166,224.0215531692738
1789437900,50,,Aggregated,159.500000,0.000000,11,15,18,20,26,31,39,46,550,1500,2900,208940,0,11,15.276529311244945,3.53025300137233,2868.0854009999166,224.0207427969752
1789437901,50,,Aggregated,161.200000,0.000000,11,15,18,20,26,31,39,46,550,1500,2900,209091,0,11,15.275504677492247,3.53025300137233,2868.0854009999166,224.01975694793177
1789437902,50,,Aggregated,160.000000,0.000000,11,15,18,20,26,31,39,46,550,1500,2900,209258,0,11,15.275433119668211,3.53025300137233,2868.0854009999166,224.02325359126056
1789437903,50,,Aggregated,159.600000,0.000000,11,15,18,20,26,31,39,46,550,1500,2900,209423,0,11,15.272558286566076,3.53025300137233,2868.0854009999166,224.02423325040706
1789437904,50,,Aggregated,160.100000,0.000000,11,15,18,20,26,31,39,46,550,1500,2900,209585,0,11,15.27186436081079,3.53025300137233,2868.0854009999166,224.02368967244794
1789437905,50,,Aggregated,159.600000,0.000000,11,15,18,20,26,31,39,46,550,1500,2900,209738,0,11,15.272714785234468,3.53025300137233,2868.0854009999166,224.02409673020625
1789437906,50,,Aggregated,160.400000,0.000000,11,15,18,20,26,31,39,46,550,1500,2900,209895,0,11,15.273326976457344,3.53025300137233,2868.0854009999166,224.0256985635675
1789437907,50,,Aggregated,160.600000,0.000000,11,15,18,20,26,31,39,46,540,1500,2900,210060,0,11,15.271687693118665,3.53025300137233,2868.0854009999166,224.02520708369036
1789437908,50,,Aggregated,161.300000,0.000000,11,15,18,20,26,31,39,46,540,1500,2900,210225,0,11,15.269193611613833,3.53025300137233,2868.0854009999166,224.02410274705673
1789437909,50,,Aggregated,159.600000,0.000000,11,15,18,20,26,31,39,46,540,1500,2900,210383,0,11,15.266521829033337,3.53025300137233,2868.0854009999166,224.02454095625598
1789437910,50,,Aggregated,159.400000,0.000000,11,15,18,20,26,31,39,46,540,1500,2900,210542,0,11,15.267887128855634,3.53025300137233,2868.0854009999166,224.02487864654083
1789437911,50,,Aggregated,158.000000,0.000000,11,15,18,20,26,31,39,46,540,1500,2900,210701,0,11,15.266533093063252,3.53025300137233,2868.0854009999166,224.02653048632897
1789437912,50,,Aggregated,159.800000,0.000000,11,15,18,20,26,31,39,46,540,1500,2900,210853,0,11,15.265384377222638,3.53025300137233,2868.0854009999166,224.0268528311193
1789437913,50,,Aggregated,159.600000,0.000000,11,15,18,20,26,31,39,46,540,1500,2900,211022,0,11,15.264263471967547,3.53025300137233,2868.0854009999166,224.02564187620249
1789437914,50,,Aggregated,160.000000,0.000000,11,15,18,20,26,31,39,46,540,1500,2900,211182,0,11,15.263179649049315,3.53025300137233,2868.0854009999166,224.02711405328105
1789437915,50,,Aggregated,159.100000,0.000000,11,15,18,20,26,31,39,46,540,1500,2900,211340,0,11,15.261732343368665,3.53025300137233,2868.0854009999166,224.02782246616826
1789437916,50,,Aggregated,158.300000,0.000000,11,15,18,20,26,31,39,46,540,1500,2900,211500,0,11,15.260202699203418,3.53025300137233,2868.0854009999166,224.02794799054374
1789437917,50,,Aggregated,159.100000,0.000000,11,15,18,20,26,31,39,46,540,1500,2900,211666,0,11,15.258506944282582,3.53025300137233,2868.0854009999166,224.0273874878346
1789437918,50,,Aggregated,159.400000,0.000000,11,15,18,20,26,31,39,46,540,1500,2900,211833,0,11,15.26131510484919,3.53025300137233,2868.0854009999166,224.0263037392663
1789437919,50,,Aggregated,160.400000,0.000000,11,15,18,20,26,31,39,46,540,1500,2900,211986,0,11,15.260362580432242,3.53025300137233,2868.0854009999166,224.02565735473098
1789437920,50,,Aggregated,159.600000,0.000000,11,15,18,20,26,31,39,46,530,1500,2900,212138,0,11,15.259507458067443,3.53025300137233,2868.0854009999166,224.02299446586656
1789437921,50,,Aggregated,160.400000,0.000000,11,15,18,20,26,31,39,46,530,1500,2900,212302,0,11,15.25872152780248,3.53025300137233,2868.0854009999166,224.02525176399658
1789437922,50,,Aggregated,159.900000,0.000000,11,15,18,20,26,31,39,46,530,1500,2900,212457,0,11,15.257575874810179,3.53025300137233,2868.0854009999166,224.027342003323
1789437923,50,,Aggregated,160.100000,0.000000,11,15,18,20,26,31,39,46,530,1500,2900,212624,0,11,15.25563537054409,3.53025300137233,2868.0854009999166,224.0300671608097
1789437924,50,,Aggregated,159.300000,0.000000,11,15,18,20,26,31,39,46,530,1500,2900,212784,0,11,15.253588077607176,3.53025300137233,2868.0854009999166,224.02746447101285
1789437925,50,,Aggregated,160.500000,0.000000,11,15,18,20,26,31,39,46,530,1500,2900,212943,0,11,15.252125965434685,3.53025300137233,2868.0854009999166,224.02480475995924
1789437926,50,,Aggregated,159.600000,0.000000,11,15,18,20,26,31,39,46,530,1500,2900,213092,0,11,15.252520315030848,3.53025300137233,2868.0854009999166,224.02778612054888
1789437927,50,,Aggregated,159.700000,0.000000,11,15,18,20,26,31,39,46,530,1500,2900,213259,0,11,15.252753795101484,3.53025300137233,2868.0854009999166,224.0281348032205
1789437928,50,,Aggregated,158.300000,0.000000,11,15,18,20,26,31,39,46,530,1500,2900,213416,0,11,15.250740664268674,3.53025300137233,2868.0854009999166,224.0260289762717
1789437929,50,,Aggregated,158.600000,0.000000,11,15,18,20,26,31,39,46,530,1500,2900,213582,0,11,15.249829592693038,3.53025300137233,2868.0854009999166,224.02522684495884
1789437930,50,,Aggregated,158.900000,0.000000,11,15,18,20,26,31,39,46,530,1500,2900,213735,0,11,15.251610602131455,3.53025300137233,2868.0854009999166,224.02260743443983
1789437931,50,,Aggregated,159.200000,0.000000,11,15,18,20,26,31,39,46,530,1500,2900,213899,0,11,15.250372396806785,3.53025300137233,2868.0854009999166,224.0242824884642
1789437932,50,,Aggregated,159.100000,0.000000,11,15,18,20,26,31,39,46,520,1500,2900,214063,0,11,15.249793806419403,3.53025300137233,2868.0854009999166,224.02501599996262
1789437933,50,,Aggregated,158.200000,0.000000,11,15,18,20,26,31,39,46,520,1500,2900,214220,0,11,15.246583176993528,3.53025300137233,2868.0854009999166,224.02725235738959
1789437934,50,,Aggregated,159.200000,0.000000,11,15,18,20,26,31,39,46,520,1500,2900,214386,0,11,15.245785465079628,3.53025300137233,2868.0854009999166,224.02713796609854
1789437935,50,,Aggregated,159.400000,0.000000,11,15,18,20,26,31,39,46,520,1500,2900,214536,0,11,15.244981369194651,3.53025300137233,2868.0854009999166,224.02808386471267
1789437936,50,,Aggregated,160.300000,0.000000,11,15,18,20,26,31,39,46,520,1500,2900,214697,0,11,15.243760807824684,3.53025300137233,2868.0854009999166,224.028500631122
1789437937,50,,Aggregated,159.400000,0.000000,11,15,18,20,26,31,39,46,520,1500,2900,214860,0,11,15.241951805098813,3.53025300137233,2868.0854009999166,224.03019175276924
1789437938,50,,Aggregated,160.300000,0.000000,11,15,18,20,26,31,39,46,520,1500,2900,215040,0,11,15.240779712953566,3.53025300137233,2868.0854009999166,224.0262183779762
1789437939,50,,Aggregated,160.400000,0.000000,11,15,18,20,26,31,39,46,520,1500,2900,215184,0,11,15.241438782574575,3.53025300137233,2868.0854009999166,224.02542010558406
1789437940,50,,Aggregated,160.300000,0.000000,11,15,18,20,26,31,39,46,520,1500,2900,215350,0,11,15.239965693106713,3.53025300137233,2868.0854009999166,224.02655676805202
1789437941,50,,Aggregated,160.100000,0.000000,11,15,18,20,26,31,39,46,520,1500,2900,215501,0,11,15.239007232613819,3.53025300137233,2868.0854009999166,224.02888153651259
1789437942,50,,Aggregated,160.400000,0.000000,11,15,18,20,26,31,39,46,520,1500,2900,215667,0,11,15.237348039452083,3.53025300137233,2868.0854009999166,224.0317294718246
1789437943,50,,Aggregated,161.800000,0.000000,11,15,18,20,26,31,39,46,520,1500,2900,215833,0,11,15.235311105394027,3.53025300137233,2868.0854009999166,224.0326873091696
1789437944,50,,Aggregated,160.100000,0.000000,11,15,18,20,26,31,39,46,520,1500,2900,215997,0,11,15.233034988877211,3.53025300137233,2868.0854009999166,224.03069950045602
1789437945,50,,Aggregated,159.900000,0.000000,11,15,18,20,26,31,39,46,520,1500,2900,216149,0,11,15.23141968597829,3.53025300137233,2868.0854009999166,224.033106792074
1789437946,50,,Aggregated,160.600000,0.000000,11,15,18,20,26,31,39,46,520,1500,2900,216298,0,11,15.231474745617238,3.53025300137233,2868.0854009999166,224.03248296331913
1789437947,50,,Aggregated,161.200000,0.000000,11,15,18,20,26,31,39,46,520,1500,2900,216464,0,11,15.232181144968793,3.53025300137233,2868.0854009999166,224.03338199423462
1789437948,50,,Aggregated,160.700000,0.000000,11,15,18,20,26,31,39,46,520,1500,2900,216622,0,11,15.230875704233828,3.53025300137233,2868.0854009999166,224.03651060372445
1789437949,50,,Aggregated,159.000000,0.000000,11,15,18,20,26,31,39,46,520,1500,2900,216771,0,11,15.230492711379965,3.53025300137233,2868.0854009999166,224.03840458363896
1789437950,50,,Aggregated,159.900000,0.000000,11,15,18,20,26,31,39,46,520,1500,2900,216925,0,11,15.23061436002094,3.53025300137233,2868.0854009999166,224.03994468134147
1789437951,50,,Aggregated,159.500000,0.000000,11,15,18,20,26,31,39,46,520,1500,2900,217078,0,11,15.232611322669893,3.53025300137233,2868.0854009999166,224.03985664139157
1789437952,50,,Aggregated,157.700000,0.000000,11,15,18,20,26,31,39,46,520,1500,2900,217231,0,11,15.231372215330902,3.53025300137233,2868.0854009999166,224.03999429179078
1789437953,50,,Aggregated,156.600000,0.000000,11,15,18,20,26,31,39,46,520,1500,2900,217402,0,11,15.229583765381863,3.53025300137233,2868.0854009999166,224.0385967010423
1789437954,50,,Aggregated,157.700000,0.000000,11,15,18,20,26,31,39,46,520,1500,2900,217561,0,11,15.228851501420483,3.53025300137233,2868.0854009999166,224.03911546646688
1789437955,50,,Aggregated,157.000000,0.000000,11,15,18,20,26,31,39,46,520,1500,2900,217715,0,11,15.227453373600943,3.53025300137233,2868.0854009999166,224.0384677215626
1789437956,50,,Aggregated,155.900000,0.000000,11,15,18,20,26,31,39,46,520,1500,2900,217878,0,11,15.229025453370879,3.53025300137233,2868.0854009999166,224.0349232139087
1789437957,50,,Aggregated,155.400000,0.000000,11,15,18,20,26,31,39,46,520,1500,2900,218040,0,11,15.230807723773284,3.53025300137233,2868.0854009999166,224.0368556228215
1789437958,50,,Aggregated,156.200000,0.000000,11,15,18,20,26,31,39,46,520,1500,2900,218202,0,11,15.228642580331673,3.53025300137233,2868.0854009999166,224.0388584889231
1789437959,50,,Aggregated,157.900000,0.000000,11,15,18,20,26,31,39,46,520,1500,2900,218370,0,11,15.226569698820906,3.53025300137233,2868.0854009999166,224.03907130100288
1789437960,50,,Aggregated,157.300000,0.000000,11,15,18,20,26,31,39,46,520,1500,2900,218533,0,11,15.223741874245663,3.53025300137233,2868.0854009999166,224.0398887124599
1789437961,50,,Aggregated,157.900000,0.000000,11,15,18,20,26,31,39,46,520,1500,2900,218684,0,11,15.221977167463276,3.53025300137233,2868.0854009999166,224.04210184558542
1789437962,50,,Aggregated,159.600000,0.000000,11,15,18,20,26,31,39,46,560,1500,2900,218755,0,11,15.308595245446007,3.53025300137233,2868.0854009999166,224.04323558318666
1789437963,50,,Aggregated,161.000000,0.000000,11,15,18,20,26,31,39,46,610,1500,2900,218895,0,11,15.368352631460562,3.53025300137233,2868.0854009999166,224.04156787500855
1789437964,50,,Aggregated,158.900000,0.000000,11,15,18,20,26,31,39,46,610,1500,2900,219058,0,11,15.370269119870258,3.53025300137233,2868.0854009999166,224.0415734645619
1789437965,50,,Aggregated,151.000000,0.000000,11,15,18,20,26,31,39,46,610,1500,2900,219224,0,11,15.369820614410564,3.53025300137233,2868.0854009999166,224.0409945991315
1789437966,50,,Aggregated,150.400000,0.000000,11,15,18,20,26,31,39,46,610,1500,2900,219378,0,11,15.36862943800451,3.53025300137233,2868.0854009999166,224.0420780570522
1789437967,50,,Aggregated,150.600000,0.000000,11,15,18,20,26,31,39,46,610,1500,2900,219537,0,11,15.36714421996544,3.53025300137233,2868.0854009999166,224.04025745090806
1789437968,50,,Aggregated,150.400000,0.000000,11,15,18,20,26,31,39,46,610,1500,2900,219703,0,11,15.366461025964767,3.53025300137233,2868.0854009999166,224.0423890433904
1789437969,50,,Aggregated,149.100000,0.000000,11,15,18,20,26,31,39,46,610,1500,2900,219859,0,11,15.365753559715689,3.53025300137233,2868.0854009999166,224.0428047066529
1789437970,50,,Aggregated,149.700000,0.000000,11,15,18,20,26,31,39,46,610,1500,2900,220014,0,11,15.36420636195214,3.53025300137233,2868.0854009999166,224.04251093112256
1789437971,50,,Aggregated,148.700000,0.000000,11,15,18,20,26,31,39,46,610,1500,2900,220169,0,11,15.362705337125306,3.53025300137233,2868.0854009999166,224.04370733391167
1789437972,50,,Aggregated,148.600000,0.000000,11,15,18,20,26,31,39,46,610,1500,2900,220340,0,11,15.361267902335257,3.53025300137233,2868.0854009999166,224.044562948171
1789437973,50,,Aggregated,147.800000,0.000000,11,15,18,20,26,31,39,46,610,1500,2900,220489,0,11,15.359096620033435,3.53025300137233,2868.0854009999166,224.04375728494392
1789437974,50,,Aggregated,149.900000,0.000000,11,15,18,20,26,31,39,46,610,1500,2900,220648,0,11,15.359459852142571,3.53025300137233,2868.0854009999166,224.04359885428374
1789437975,50,,Aggregated,158.400000,0.000000,11,15,18,20,26,31,39,46,610,1500,2900,220803,0,11,15.358889222055645,3.53025300137233,2868.0854009999166,224.04371770311093
1789437976,50,,Aggregated,158.200000,0.000000,11,15,18,20,26,31,39,46,610,1500,2900,220965,0,11,15.36031893721886,3.53025300137233,2868.0854009999166,224.04288009413256
1789437977,50,,Aggregated,158.500000,0.000000,11,15,18,20,26,31,39,46,610,1500,2900,221120,0,11,15.359170870932317,3.53025300137233,2868.0854009999166,224.04200886396526
1789437978,50,,Aggregated,158.900000,0.000000,11,15,18,20,26,31,39,46,610,1500,2900,221279,0,11,15.357195723821734,3.53025300137233,2868.0854009999166,224.0398139904826
1789437979,50,,Aggregated,159.000000,0.000000,11,15,18,20,26,31,39,46,610,1500,2900,221442,0,11,15.35467309059953,3.53025300137233,2868.0854009999166,224.04046206230075
1789437980,50,,Aggregated,157.000000,0.000000,11,15,18,20,26,31,39,46,610,1500,2900,221603,0,11,15.353491976744621,3.53025300137233,2868.0854009999166,224.04172777444347
1789437981,50,,Aggregated,158.100000,0.000000,11,15,18,20,26,31,39,46,610,1500,2900,221765,0,11,15.351956644193343,3.53025300137233,2868.0854009999166,224.04021373976957
1789437982,50,,Aggregated,158.300000,0.000000,11,15,18,20,26,31,39,46,610,1500,2900,221933,0,11,15.350816215621553,3.53025300137233,2868.0854009999166,224.03879549233326
1789437983,50,,Aggregated,158.100000,0.000000,11,15,18,20,26,31,39,46,610,1500,2900,222095,0,11,15.34931513040156,3.53025300137233,2868.0854009999166,224.03954614016524
1789437984,50,,Aggregated,159.200000,0.000000,11,15,18,20,26,31,39,46,610,1500,2900,222262,0,11,15.347016230419701,3.53025300137233,2868.0854009999166,224.0363939854766
1789437985,50,,Aggregated,158.100000,0.000000,11,15,18,20,26,31,39,46,610,1500,2900,222420,0,11,15.345564706966783,3.53025300137233,2868.0854009999166,224.03760003596798
1789437986,50,,Aggregated,160.300000,0.000000,11,15,18,20,26,31,39,46,610,1500,2900,222582,0,11,15.344832672720745,3.53025300137233,2868.0854009999166,224.03709194813598
1789437987,50,,Aggregated,160.500000,0.000000,11,15,18,20,26,31,39,46,610,1500,2900,222745,0,11,15.344016627127539,3.53025300137233,2868.0854009999166,224.0370962311163
1789437988,50,,Aggregated,160.300000,0.000000,11,15,18,20,26,31,39,46,610,1500,2900,222899,0,11,15.34268343411826,3.53025300137233,2868.0854009999166,224.0373308090211
1789437989,50,,Aggregated,161.300000,0.000000,11,15,18,20,26,31,39,46,610,1500,2900,223068,0,11,15.340362277366248,3.53025300137233,2868.0854009999166,224.03682733516237
1789437990,50,,Aggregated,161.800000,0.000000,11,15,18,20,26,31,39,46,610,1500,2900,223226,0,11,15.339529638445077,3.53025300137233,2868.0854009999166,224.0379480884843
1789437991,50,,Aggregated,161.500000,0.000000,11,15,18,20,26,31,39,46,610,1500,2900,223377,0,11,15.3368544119294,3.53025300137233,2868.0854009999166,224.0387685392856
1789437992,50,,Aggregated,161.800000,0.000000,11,15,18,20,26,31,39,46,610,1500,2900,223537,0,11,15.336239703760691,3.53025300137233,2868.0854009999166,224.03843658991576
1789437993,50,,Aggregated,162.000000,0.000000,11,15,18,20,26,31,39,46,610,1500,2900,223702,0,11,15.334220319731347,3.53025300137233,2868.0854009999166,224.0393916907314
1789437994,50,,Aggregated,160.100000,0.000000,11,15,18,20,26,31,39,46,610,1500,2900,223860,0,11,15.332766816490425,3.53025300137233,2868.0854009999166,224.03797015992137
1789437995,50,,Aggregated,160.600000,0.000000,11,15,18,20,26,31,39,46,600,1500,2900,224025,0,11,15.330470196609841,3.53025300137233,2868.0854009999166,224.03855819662985
1789437996,50,,Aggregated,160.200000,0.000000,11,15,18,20,26,31,39,46,600,1500,2900,224182,0,11,15.329390249852915,3.53025300137233,2868.0854009999166,224.03825017173546
1789437997,50,,Aggregated,159.700000,0.000000,11,15,18,20,26,31,39,46,600,1500,2900,224342,0,11,15.32821992983266,3.53025300137233,2868.0854009999166,224.03839673355859
1789437998,50,,Aggregated,160.100000,0.000000,11,15,18,20,26,31,39,46,600,1500,2900,224498,0,11,15.326719728276021,3.53025300137233,2868.0854009999166,224.03968409518126
1789437999,50,,Aggregated,159.700000,0.000000,11,15,18,20,26,31,39,46,600,1500,2900,224657,0,11,15.324018591049988,3.53025300137233,2868.0854009999166,224.03809362717388
1789438000,50,,Aggregated,160.600000,0.000000,11,15,18,20,26,31,39,46,600,1500,2900,224825,0,11,15.322341383513956,3.53025300137233,2868.0854009999166,224.03754475703326
1789438001,50,,Aggregated,159.600000,0.000000,11,15,18,20,26,31,39,46,600,1500,2900,224981,0,11,15.323654794353892,3.53025300137233,2868.0854009999166,224.03836768438222
1789438002,50,,Aggregated,158.700000,0.000000,11,15,18,20,26,31,39,46,600,1500,2900,225147,0,11,15.3243443149699,3.53025300137233,2868.0854009999166,224.0394408986129
1789438003,50,,Aggregated,159.900000,0.000000,11,15,18,20,26,31,39,46,600,1500,2900,225299,0,11,15.322608969247671,3.53025300137233,2868.0854009999166,224.04053724162114
1789438004,50,,Aggregated,160.200000,0.000000,11,15,18,20,26,31,39,46,600,1500,2900,225461,0,11,15.32114323081391,3.53025300137233,2868.0854009999166,224.03863639387743
1789438005,50,,Aggregated,160.200000,0.000000,11,15,18,20,26,31,39,46,600,1500,2900,225622,0,11,15.321494973537773,3.53025300137233,2868.0854009999166,224.0390786359486
1789438006,50,,Aggregated,159.900000,0.000000,11,15,18,20,26,31,39,46,600,1500,2900,225781,0,11,15.322680629200638,3.53025300137233,2868.0854009999166,224.03856391813306
1789438007,50,,Aggregated,160.000000,0.000000,11,15,18,20,26,31,39,46,600,1500,2900,225937,0,11,15.320405978469863,3.53025300137233,2868.0854009999166,224.03983853906178
1789438008,50,,Aggregated,159.800000,0.000000,11,15,18,20,26,31,39,46,590,1500,2900,226101,0,11,15.320336646713349,3.53025300137233,2868.0854009999166,224.04153895825317
1789438009,50,,Aggregated,159.500000,0.000000,11,15,18,20,26,31,39,46,590,1500,2900,226248,0,11,15.320067649449005,3.53025300137233,2868.0854009999166,224.0399782539514
1789438010,50,,Aggregated,158.600000,0.000000,11,15,18,20,26,31,39,46,590,1500,2900,226397,0,11,15.319402141850544,3.53025300137233,2868.0854009999166,224.0394086494079
1789438011,50,,Aggregated,159.200000,0.000000,11,15,18,20,26,31,39,46,590,1500,2900,226562,0,11,15.31997134641091,3.53025300137233,2868.0854009999166,224.04086740053495
1789438012,50,,Aggregated,158.800000,0.000000,11,15,18,20,26,31,39,46,590,1500,2900,226732,0,11,15.316040251700462,3.53025300137233,2868.0854009999166,224.04065151809183
1789438013,50,,Aggregated,157.000000,0.000000,11,15,18,20,26,31,39,46,590,1500,2900,226889,0,11,15.316616029638054,3.53025300137233,2868.0854009999166,224.0425097735016
1789438014,50,,Aggregated,157.400000,0.000000,11,15,18,20,26,31,39,46,580,1500,2900,227045,0,11,15.316596828617874,3.53025300137233,2868.0854009999166,224.04229998458456
1789438015,50,,Aggregated,158.300000,0.000000,11,15,18,20,26,31,39,46,580,1500,2900,227205,0,11,15.31486384913868,3.53025300137233,2868.0854009999166,224.0420193217579
1789438016,50,,Aggregated,158.100000,0.000000,11,15,18,20,26,31,39,46,580,1500,2900,227354,0,11,15.314663974095716,3.53025300137233,2868.0854009999166,224.04244482173175
1789438017,50,,Aggregated,157.500000,0.000000,11,15,18,20,26,31,39,46,580,1500,2900,227503,0,11,15.312796334094761,3.53025300137233,2868.0854009999166,224.04381920238416
1789438018,50,,Aggregated,156.700000,0.000000,11,15,18,20,26,31,39,46,580,1500,2900,227672,0,11,15.315996683661321,3.53025300137233,2868.0854009999166,224.0437691064338
1789438019,50,,Aggregated,156.600000,0.000000,11,15,18,20,26,31,39,46,580,1500,2900,227829,0,11,15.314937583997388,3.53025300137233,2868.0854009999166,224.04385745449437
1789438020,50,,Aggregated,155.600000,0.000000,11,15,18,20,26,31,39,46,580,1500,2900,227990,0,11,15.31253887188716,3.53025300137233,2868.0854009999166,224.04494933988332
1789438021,50,,Aggregated,156.800000,0.000000,11,15,18,20,26,31,39,46,580,1500,2900,228149,0,11,15.312367940558802,3.53025300137233,2868.0854009999166,224.0458121666104
1789438022,50,,Aggregated,157.000000,0.000000,11,15,18,20,26,31,39,46,580,1500,2900,228308,0,11,15.31096840187182,3.53025300137233,2868.0854009999166,224.04305587189236
1789438023,50,,Aggregated,158.500000,0.000000,11,15,18,20,26,31,39,46,580,1500,2900,228467,0,11,15.309553346805231,3.53025300137233,2868.0854009999166,224.04429086038684
1789438024,50,,Aggregated,158.400000,0.000000,11,15,18,20,26,31,39,46,580,1500,2900,228621,0,11,15.310752329569612,3.53025300137233,2868.0854009999166,224.0451008437545
1789438025,50,,Aggregated,157.400000,0.000000,11,15,18,20,26,31,39,46,580,1500,2900,228786,0,11,15.309300470905283,3.53025300137233,2868.0854009999166,224.046488858584
1789438026,50,,Aggregated,156.900000,0.000000,11,15,18,20,26,31,39,46,580,1500,2900,228935,0,11,15.30857546015473,3.53025300137233,2868.0854009999166,224.0451481861664
1789438028,50,,Aggregated,156.900000,0.000000,11,15,18,20,26,31,39,46,570,1500,2900,229103,0,11,15.30654132766716,3.53025300137233,2868.0854009999166,224.04503214711286
1789438029,50,,Aggregated,157.400000,0.000000,11,15,18,20,26,31,39,46,570,1500,2900,229252,0,11,15.305466816283065,3.53025300137233,2868.0854009999166,224.04487201856472
1789438030,50,,Aggregated,157.400000,0.000000,11,15,18,20,26,31,39,46,570,1500,2900,229409,0,11,15.305082334853994,3.53025300137233,2868.0854009999166,224.04496772140587
1789438031,50,,Aggregated,159.800000,0.000000,11,15,18,20,26,31,39,46,570,1500,2900,229561,0,11,15.307628883876346,3.53025300137233,2868.0854009999166,224.0450424941519
1789438032,50,,Aggregated,157.800000,0.000000,11,15,18,20,26,31,39,46,570,1500,2900,229734,0,11,15.30622007867597,3.53025300137233,2868.0854009999166,224.04590526434922
1789438033,50,,Aggregated,156.700000,0.000000,11,15,18,20,26,31,39,46,570,1500,2900,229896,0,11,15.303586069477262,3.53025300137233,2868.0854009999166,224.04523349688554
1789438034,50,,Aggregated,158.100000,0.000000,11,15,18,20,26,31,39,46,570,1500,2900,230057,0,11,15.301948127331674,3.53025300137233,2868.0854009999166,224.04624940775548
1789438035,50,,Aggregated,158.200000,0.000000,11,15,18,20,26,31,39,46,570,1500,2900,230217,0,11,15.300777408026047,3.53025300137233,2868.0854009999166,224.0463215140498
1789438036,50,,Aggregated,158.600000,0.000000,11,15,18,20,26,31,39,46,570,1500,2900,230382,0,11,15.300889511474551,3.53025300137233,2868.0854009999166,224.04635344775198
1789438037,50,,Aggregated,159.300000,0.000000,11,15,18,20,26,31,39,46,570,1500,2900,230546,0,11,15.299357080940572,3.53025300137233,2868.0854009999166,224.04564815698384
1789438038,50,,Aggregated,159.300000,0.000000,11,15,18,20,26,31,39,46,570,1500,2900,230693,0,11,15.29973405700008,3.53025300137233,2868.0854009999166,224.0464816877842
1789438039,50,,Aggregated,160.100000,0.000000,11,15,18,20,26,31,39,46,570,1500,2900,230862,0,11,15.297440798869141,3.53025300137233,2868.0854009999166,224.04697611560152
1789438040,50,,Aggregated,158.800000,0.000000,11,15,18,20,26,31,39,46,560,1500,2900,231021,0,11,15.294895918399325,3.53025300137233,2868.0854009999166,224.047428588743
1789438041,50,,Aggregated,160.000000,0.000000,11,15,18,20,26,31,39,46,560,1500,2900,231186,0,11,15.292252338033192,3.53025300137233,2868.0854009999166,224.04686702481985
1789438042,50,,Aggregated,160.400000,0.000000,11,15,18,20,26,31,39,46,560,1500,2900,231343,0,11,15.291373756731515,3.53025300137233,2868.0854009999166,224.0483308334378
1789438043,50,,Aggregated,161.700000,0.000000,11,15,18,20,26,31,39,46,560,1500,2900,231498,0,11,15.290936817275023,3.53025300137233,2868.0854009999166,224.04825095681173
1789438044,50,,Aggregated,159.700000,0.000000,11,15,18,20,26,31,39,46,560,1500,2900,231656,0,11,15.289229150246637,3.53025300137233,2868.0854009999166,224.0467201367545
1789438045,50,,Aggregated,160.000000,0.000000,11,15,18,20,26,31,39,46,560,1500,2900,231818,0,11,15.288106644240361,3.53025300137233,2868.0854009999166,224.04741650777765
1789438046,50,,Aggregated,159.800000,0.000000,11,15,18,20,26,31,39,46,560,1500,2900,231972,0,11,15.286407484047624,3.53025300137233,2868.0854009999166,224.05020002414085
1789438047,50,,Aggregated,159.700000,0.000000,11,15,18,20,26,31,39,46,560,1500,2900,232129,0,11,15.284285290702512,3.53025300137233,2868.0854009999166,224.05028238608705
1789438048,50,,Aggregated,158.500000,0.000000,11,15,18,20,26,31,39,46,560,1500,2900,232289,0,11,15.28384184525089,3.53025300137233,2868.0854009999166,224.05158660117354
1789438049,50,,Aggregated,158.800000,0.000000,11,15,18,20,26,31,39,46,560,1500,2900,232444,0,11,15.282560374754722,3.53025300137233,2868.0854009999166,224.0515091807059
1789438050,50,,Aggregated,157.800000,0.000000,11,15,18,20,26,31,39,46,560,1500,2900,232606,0,11,15.285552669731176,3.53025300137233,2868.0854009999166,224.051039096154
1789438051,50,,Aggregated,158.300000,0.000000,11,15,18,20,26,31,39,46,560,1500,2900,232763,0,11,15.286358582160744,3.53025300137233,2868.0854009999166,224.0514815499027
1789438052,50,,Aggregated,157.900000,0.000000,11,15,18,20,26,31,39,46,560,1500,2900,232924,0,11,15.284031227943371,3.53025300137233,2868.0854009999166,224.0529614809981
1789438053,50,,Aggregated,157.200000,0.000000,11,15,18,20,26,31,39,46,560,1500,2900,233073,0,11,15.281871012963625,3.53025300137233,2868.0854009999166,224.05626992401523
1789438054,50,,Aggregated,158.100000,0.000000,11,15,18,20,26,31,39,46,560,1500,2900,233229,0,11,15.28251988009408,3.53025300137233,2868.0854009999166,224.0570340738073
1789438055,50,,Aggregated,156.800000,0.000000,11,15,18,20,26,31,39,46,560,1500,2900,233378,0,11,15.282130136244467,3.53025300137233,2868.0854009999166,224.05483807385443
1789438056,50,,Aggregated,157.100000,0.000000,11,15,18,20,26,31,39,46,560,1500,2900,233535,0,11,15.28087882861443,3.53025300137233,2868.0854009999166,224.05525510094847
1789438057,50,,Aggregated,155.700000,0.000000,11,15,18,20,26,31,39,46,560,1500,2900,233694,0,11,15.280444901120543,3.53025300137233,2868.0854009999166,224.05661677236043
1789438058,50,,Aggregated,156.600000,0.000000,11,15,18,20,26,31,39,46,560,1500,2900,233853,0,11,15.278920012796297,3.53025300137233,2868.0854009999166,224.05766015402838
1789438059,50,,Aggregated,156.100000,0.000000,11,15,18,20,26,31,39,46,560,1500,2900,234001,0,11,15.276825735823518,3.53025300137233,2868.0854009999166,224.05687155183097
1789438060,50,,Aggregated,156.400000,0.000000,11,15,18,20,26,31,39,46,560,1500,2900,234153,0,11,15.27782431480887,3.53025300137233,2868.0854009999166,224.05727878780115
1789438061,50,,Aggregated,155.800000,0.000000,11,15,18,20,26,31,39,46,560,1500,2900,234326,0,11,15.27599558332595,3.53025300137233,2868.0854009999166,224.0582223056767
1789438062,50,,Aggregated,155.300000,0.000000,11,15,18,20,26,31,39,46,560,1500,2900,234481,0,11,15.27598841653879,3.53025300137233,2868.0854009999166,224.05656748307965
1789438063,50,,Aggregated,156.000000,0.000000,11,15,18,20,26,31,39,46,560,1500,2900,234638,0,11,15.2740448275958,3.53025300137233,2868.0854009999166,224.05603525430664
1789438064,50,,Aggregated,155.000000,0.000000,11,15,18,20,26,31,39,46,560,1500,2900,234791,0,11,15.273117082888234,3.53025300137233,2868.0854009999166,224.05653964589783
1789438065,50,,Aggregated,155.900000,0.000000,11,15,18,20,26,31,39,46,560,1500,2900,234952,0,11,15.27265288322466,3.53025300137233,2868.0854009999166,224.05794375021281
1789438066,50,,Aggregated,154.700000,0.000000,11,15,18,20,26,31,39,46,560,1500,2900,235103,0,11,15.272453047261783,3.53025300137233,2868.0854009999166,224.06087544608107
1789438067,50,,Aggregated,156.400000,0.000000,11,15,18,20,26,31,39,46,560,1500,2900,235269,0,11,15.270441512406608,3.53025300137233,2868.0854009999166,224.06211188044324
1789438068,50,,Aggregated,155.900000,0.000000,11,15,18,20,26,31,39,46,560,1500,2900,235426,0,11,15.269404886212158,3.53025300137233,2868.0854009999166,224.06006983085982
1789438069,50,,Aggregated,156.000000,0.000000,11,15,18,20,26,31,39,46,560,1500,2900,235591,0,11,15.268019921301663,3.53025300137233,2868.0854009999166,224.06176381950075
1789438070,50,,Aggregated,157.800000,0.000000,11,15,18,20,26,31,39,46,560,1500,2900,235751,0,11,15.269148581725604,3.53025300137233,2868.0854009999166,224.06271447416978
1789438071,50,,Aggregated,158.400000,0.000000,11,15,18,20,26,31,39,46,560,1500,2900,235895,0,11,15.268485524828371,3.53025300137233,2868.0854009999166,224.06359609148137
1789438072,50,,Aggregated,158.600000,0.000000,11,15,18,20,26,31,39,46,550,1500,2900,236067,0,11,15.268985328133123,3.53025300137233,2868.0854009999166,224.06259663570088
1789438073,50,,Aggregated,157.600000,0.000000,11,15,18,20,26,31,39,46,550,1500,2900,236225,0,11,15.266043092028344,3.53025300137233,2868.0854009999166,224.06290612763254
1789438074,50,,Aggregated,158.300000,0.000000,11,15,18,20,26,31,39,46,550,1500,2900,236373,0,11,15.266867711813108,3.53025300137233,2868.0854009999166,224.06220253582262
1789438075,50,,Aggregated,158.700000,0.000000,11,15,18,20,26,31,39,46,550,1500,2900,236527,0,11,15.266459460913113,3.53025300137233,2868.0854009999166,224.06317671978252
1789438076,50,,Aggregated,158.700000,0.000000,11,15,18,20,26,31,39,46,550,1500,2900,236693,0,11,15.265732578797868,3.53025300137233,2868.0854009999166,224.06513500610495
1789438077,50,,Aggregated,157.500000,0.000000,11,15,18,20,26,31,39,46,550,1500,2900,236862,0,11,15.26589220607114,3.53025300137233,2868.0854009999166,224.06541783823494
1789438078,50,,Aggregated,158.300000,0.000000,11,15,18,20,26,31,39,46,550,1500,2900,237011,0,11,15.265147411088241,3.53025300137233,2868.0854009999166,224.06368058866465
1789438079,50,,Aggregated,158.900000,0.000000,11,15,18,20,26,31,39,46,550,1500,2900,237176,0,11,15.265710646766347,3.53025300137233,2868.0854009999166,224.0640241845718
1789438080,50,,Aggregated,157.500000,0.000000,11,15,18,20,26,31,39,46,550,1500,2900,237335,0,11,15.26486770682985,3.53025300137233,2868.0854009999166,224.06277203109528
1789438081,50,,Aggregated,157.200000,0.000000,11,15,18,20,26,31,39,46,550,1500,2900,237488,0,11,15.265417269990342,3.53025300137233,2868.0854009999166,224.06344320555144
1789438082,50,,Aggregated,157.900000,0.000000,11,15,18,20,26,31,39,46,550,1500,2900,237659,0,11,15.262722808387105,3.53025300137233,2868.0854009999166,224.06269486953997
1789438083,50,,Aggregated,158.100000,0.000000,11,15,18,20,26,31,39,46,550,1500,2900,237821,0,11,15.264729323673908,3.53025300137233,2868.0854009999166,224.06202564113346
1789438084,50,,Aggregated,159.000000,0.000000,11,15,18,20,26,31,39,46,550,1500,2900,237983,0,11,15.262999789890245,3.53025300137233,2868.0854009999166,224.0607942584134
1789438085,50,,Aggregated,158.700000,0.000000,11,15,18,20,26,31,39,46,550,1500,2900,238138,0,11,15.260916817800743,3.53025300137233,2868.0854009999166,224.06055732390462
1789438086,50,,Aggregated,160.200000,0.000000,11,15,18,20,26,31,39,46,550,1500,2900,238302,0,11,15.260506288740409,3.53025300137233,2868.0854009999166,224.06101921091724
1789438087,50,,Aggregated,160.700000,0.000000,11,15,18,20,26,31,39,46,550,1500,2900,238472,0,11,15.259235761105765,3.53025300137233,2868.0854009999166,224.05983092354657
1789438088,50,,Aggregated,160.500000,0.000000,11,15,18,20,26,31,39,46,550,1500,2900,238634,0,11,15.25751556412084,3.53025300137233,2868.0854009999166,224.0609510798964
1789438089,50,,Aggregated,160.400000,0.000000,11,15,18,20,26,31,39,46,550,1500,2900,238802,0,11,15.256484404043604,3.53025300137233,2868.0854009999166,224.0615447106808
1789438090,50,,Aggregated,162.000000,0.000000,11,15,18,20,26,31,39,46,550,1500,2900,238956,0,11,15.254823349597528,3.53025300137233,2868.0854009999166,224.06019099750583
1789438091,50,,Aggregated,162.300000,0.000000,11,15,18,20,26,31,39,46,540,1500,2900,239116,0,11,15.253162911392026,3.53025300137233,2868.0854009999166,224.05878318473043
1789438092,50,,Aggregated,162.100000,0.000000,11,15,18,20,26,31,39,46,540,1500,2900,239276,0,11,15.251108962551244,3.53025300137233,2868.0854009999166,224.0588985105067
1789438093,50,,Aggregated,162.300000,0.000000,11,15,18,20,26,31,39,46,540,1500,2900,239435,0,11,15.251185912220064,3.53025300137233,2868.0854009999166,224.05911834109466
1789438094,50,,Aggregated,161.600000,0.000000,11,15,18,20,26,31,39,46,540,1500,2900,239591,0,11,15.252088810132221,3.53025300137233,2868.0854009999166,224.05813240063276
1789438095,50,,Aggregated,161.400000,0.000000,11,15,18,20,26,31,39,46,540,1500,2900,239749,0,11,15.250091955926342,3.53025300137233,2868.0854009999166,224.058636323822
1789438096,50,,Aggregated,160.800000,0.000000,11,15,18,20,26,31,39,46,540,1500,2900,239918,0,11,15.248320855581499,3.53025300137233,2868.0854009999166,224.06082078043332
1789438097,50,,Aggregated,161.200000,0.000000,11,15,18,20,26,31,39,46,540,1400,2900,240078,0,11,15.246724659695593,3.53025300137233,2868.0854009999166,224.0613009105374
1789438098,50,,Aggregated,160.600000,0.000000,11,15,18,20,26,31,39,46,540,1400,2900,240245,0,11,15.244491615519166,3.53025300137233,2868.0854009999166,224.06196174738287
1789438099,50,,Aggregated,160.800000,0.000000,11,15,18,20,26,31,39,46,540,1400,2900,240405,0,11,15.243732796732203,3.53025300137233,2868.0854009999166,224.06234479316154
1789438100,50,,Aggregated,160.900000,0.000000,11,15,18,20,26,31,39,46,540,1400,2900,240566,0,11,15.243523151332361,3.53025300137233,2868.0854009999166,224.0625607941272
1789438101,50,,Aggregated,160.300000,0.000000,11,15,18,20,26,31,39,46,540,1400,2900,240715,0,11,15.241698500269662,3.53025300137233,2868.0854009999166,224.060822964917
1789438102,50,,Aggregated,160.500000,0.000000,11,15,18,20,26,31,39,46,540,1400,2900,240877,0,11,15.24376416158623,3.53025300137233,2868.0854009999166,224.0597483362878
1789438103,50,,Aggregated,159.900000,0.000000,11,15,18,20,26,31,39,46,530,1400,2900,241039,0,11,15.241683509421321,3.53025300137233,2868.0854009999166,224.05932649903127
1789438104,50,,Aggregated,160.100000,0.000000,11,15,18,20,26,31,39,46,530,1400,2900,241196,0,11,15.242239545835801,3.53025300137233,2868.0854009999166,224.05881109139455
1789438105,50,,Aggregated,159.700000,0.000000,11,15,18,20,26,31,39,46,530,1400,2900,241362,0,11,15.241485326614866,3.53025300137233,2868.0854009999166,224.0598147181412
1789438106,50,,Aggregated,160.000000,0.000000,11,15,18,20,26,31,39,46,530,1400,2900,241521,0,11,15.241344455937277,3.53025300137233,2868.0854009999166,224.0592495062541
1789438107,50,,Aggregated,160.700000,0.000000,11,15,18,20,26,31,39,46,530,1400,2900,241672,0,11,15.239862834906143,3.53025300137233,2868.0854009999166,224.05858767254793
1789438108,50,,Aggregated,160.600000,0.000000,11,15,18,20,26,31,39,46,530,1400,2900,241832,0,11,15.23873187324861,3.53025300137233,2868.0854009999166,224.05969433325615
1789438109,50,,Aggregated,158.600000,0.000000,11,15,18,20,26,31,39,46,530,1400,2900,241987,0,11,15.237149361360153,3.53025300137233,2868.0854009999166,224.0600528127544
1789438110,50,,Aggregated,157.300000,0.000000,11,15,18,20,26,31,39,46,530,1400,2900,242152,0,11,15.23613475453214,3.53025300137233,2868.0854009999166,224.06040007928905
1789438111,50,,Aggregated,158.600000,0.000000,11,15,18,20,26,31,39,46,530,1400,2900,242313,0,11,15.2350820137981,3.53025300137233,2868.0854009999166,224.0598234514863
1789438112,50,,Aggregated,158.100000,0.000000,11,15,18,20,26,31,39,46,530,1400,2900,242470,0,11,15.236300301915511,3.53025300137233,2868.0854009999166,224.05968573431764
1789438113,50,,Aggregated,159.400000,0.000000,11,15,18,20,26,31,39,46,530,1400,2900,242632,0,11,15.23781656020829,3.53025300137233,2868.0854009999166,224.05943568861485
1789438114,50,,Aggregated,157.700000,0.000000,11,15,18,20,26,31,39,46,530,1400,2900,242782,0,11,15.237797255902233,3.53025300137233,2868.0854009999166,224.05929187501545
1789438115,50,,Aggregated,157.800000,0.000000,11,15,18,20,26,31,39,46,530,1400,2900,242938,0,11,15.238141688144479,3.53025300137233,2868.0854009999166,224.05837291819313
1789438116,50,,Aggregated,157.700000,0.000000,11,15,18,20,26,31,39,46,520,1400,2900,243084,0,11,15.240481501902412,3.53025300137233,2868.0854009999166,224.05833374471376
1789438117,50,,Aggregated,156.800000,0.000000,11,15,18,20,26,31,39,46,520,1400,2900,243246,0,11,15.240174456963107,3.53025300137233,2868.0854009999166,224.05917466268716
1789438118,50,,Aggregated,156.200000,0.000000,11,15,18,20,26,31,39,46,520,1400,2900,243412,0,11,15.238598456643185,3.53025300137233,2868.0854009999166,224.06035446074966
1789438119,50,,Aggregated,157.400000,0.000000,11,15,18,20,26,31,39,46,520,1400,2900,243574,0,11,15.237756818344483,3.53025300137233,2868.0854009999166,224.06006388202354
1789438120,50,,Aggregated,158.500000,0.000000,11,15,18,20,26,31,39,46,520,1400,2900,243732,0,11,15.236454947694368,3.53025300137233,2868.0854009999166,224.06117785108233
1789438121,50,,Aggregated,157.300000,0.000000,11,15,18,20,26,31,39,46,520,1400,2900,243886,0,11,15.236290315222837,3.53025300137233,2868.0854009999166,224.06285313630138
1789438122,50,,Aggregated,157.200000,0.000000,11,15,18,20,26,31,39,46,520,1400,2900,244046,0,11,15.236388258530978,3.53025300137233,2868.0854009999166,224.063000417954
1789438123,50,,Aggregated,156.500000,0.000000,11,15,18,20,26,31,39,46,520,1400,2900,244208,0,11,15.233825224232804,3.53025300137233,2868.0854009999166,224.06063683417415
1789438124,50,,Aggregated,157.300000,0.000000,11,15,18,20,26,31,39,46,520,1400,2900,244368,0,11,15.234068553593128,3.53025300137233,2868.0854009999166,224.06076081974726
1789438125,50,,Aggregated,159.300000,0.000000,11,15,18,20,26,31,39,46,520,1400,2900,244527,0,11,15.232553159608,3.53025300137233,2868.0854009999166,224.06026328380915
1789438126,50,,Aggregated,158.300000,0.000000,11,15,18,20,26,31,39,46,520,1400,2900,244688,0,11,15.231913826315417,3.53025300137233,2868.0854009999166,224.05888314915322
1789438127,50,,Aggregated,158.500000,0.000000,11,15,18,20,26,31,39,46,520,1400,2900,244845,0,11,15.232345262457779,3.53025300137233,2868.0854009999166,224.0563417672405
1789438128,50,,Aggregated,160.000000,0.000000,11,15,18,20,26,31,39,46,520,1400,2900,245013,0,11,15.229932752745702,3.53025300137233,2868.0854009999166,224.05770714207
1789438129,50,,Aggregated,160.300000,0.000000,11,15,18,20,26,31,39,46,520,1400,2900,245161,0,11,15.22826956012779,3.53025300137233,2868.0854009999166,224.05771717361245
1789438130,50,,Aggregated,159.900000,0.000000,11,15,18,20,26,31,39,46,520,1400,2900,245332,0,11,15.225764223128184,3.53025300137233,2868.0854009999166,224.05780330327883
1789438131,50,,Aggregated,158.600000,0.000000,11,15,18,20,26,31,39,46,520,1400,2900,245481,0,11,15.224487461080399,3.53025300137233,2868.0854009999166,224.05704718491452
1789438132,50,,Aggregated,159.900000,0.000000,11,15,18,20,26,31,39,46,520,1400,2900,245642,0,11,15.225516594965386,3.53025300137233,2868.0854009999166,224.05627295006553
1789438133,50,,Aggregated,159.100000,0.000000,11,15,18,20,26,31,39,46,520,1400,2900,245796,0,11,15.224798219907935,3.53025300137233,2868.0854009999166,224.05700662337873
1789438134,50,,Aggregated,159.500000,0.000000,11,15,18,20,26,31,39,46,520,1400,2900,245957,0,11,15.22355959315045,3.53025300137233,2868.0854009999166,224.05796948247053
1789438135,50,,Aggregated,158.500000,0.000000,11,15,18,20,26,31,39,46,520,1400,2900,246117,0,11,15.222033888445354,3.53025300137233,2868.0854009999166,224.0554979948561
1789438136,50,,Aggregated,158.900000,0.000000,11,15,18,20,26,31,39,46,520,1400,2900,246274,0,11,15.220146948640506,3.53025300137233,2868.0854009999166,224.05463426914739
1789438137,50,,Aggregated,159.300000,0.000000,11,15,18,20,26,31,39,46,520,1400,2900,246438,0,11,15.21761007812723,3.53025300137233,2868.0854009999166,224.05420430290783
1789438138,50,,Aggregated,158.300000,0.000000,11,15,18,20,26,31,39,46,520,1400,2900,246602,0,11,15.216039025508811,3.53025300137233,2868.0854009999166,224.0547886878452
1789438139,50,,Aggregated,158.800000,0.000000,11,15,18,20,26,31,39,46,520,1400,2900,246769,0,11,15.21354376224134,3.53025300137233,2868.0854009999166,224.05474755743225
1789438140,50,,Aggregated,158.600000,0.000000,11,15,18,20,26,31,39,46,520,1400,2900,246929,0,11,15.211080414825895,3.53025300137233,2868.0854009999166,224.05395073077688
1789438141,50,,Aggregated,160.200000,0.000000,11,15,18,20,26,31,39,46,520,1400,2900,247085,0,11,15.208592606352243,3.53025300137233,2868.0854009999166,224.0535888459437
1789438142,50,,Aggregated,159.100000,0.000000,11,15,18,20,26,31,39,46,520,1400,2900,247250,0,11,15.208693811771623,3.53025300137233,2868.0854009999166,224.05261071789687
1789438143,50,,Aggregated,161.000000,0.000000,11,15,18,20,26,31,39,46,520,1400,2900,247407,0,11,15.209283490853236,3.53025300137233,2868.0854009999166,224.05216505596042
1789438144,50,,Aggregated,160.000000,0.000000,11,15,18,20,26,31,39,46,520,1400,2900,247567,0,11,15.208534046785354,3.53025300137233,2868.0854009999166,224.05139214838812
1789438145,50,,Aggregated,160.000000,0.000000,11,15,18,20,26,31,39,46,520,1400,2900,247620,0,11,15.218056967746993,3.53025300137233,2868.0854009999166,224.05470075115096
1789438146,50,,Aggregated,160.400000,0.000000,11,15,18,20,26,31,39,46,610,1400,2900,247788,0,11,15.34219005903234,3.53025300137233,2868.0854009999166,224.0508418486771
1789438147,50,,Aggregated,154.100000,0.000000,11,15,18,20,26,31,39,46,610,1400,2900,247945,0,11,15.341076703319306,3.53025300137233,2868.0854009999166,224.05168081631007
1789438148,50,,Aggregated,149.900000,0.000000,11,15,18,20,26,31,39,46,610,1400,2900,248109,0,11,15.34437140427601,3.53025300137233,2868.0854009999166,224.04953468032195
1789438149,50,,Aggregated,149.900000,0.000000,11,15,18,20,26,31,39,46,610,1400,2900,248272,0,11,15.343123490186217,3.53025300137233,2868.0854009999166,224.04824547270735
1789438150,50,,Aggregated,149.500000,0.000000,11,15,18,20,26,31,39,46,610,1400,2900,248430,0,11,15.346162903379303,3.53025300137233,2868.0854009999166,224.0465563740289
1789438151,50,,Aggregated,150.400000,0.000000,11,15,18,20,26,31,39,46,610,1400,2900,248593,0,11,15.344060133702516,3.53025300137233,2868.0854009999166,224.04745507717433
1789438152,50,,Aggregated,149.400000,0.000000,11,15,18,20,26,31,39,46,610,1400,2900,248749,0,11,15.343575717532605,3.53025300137233,2868.0854009999166,224.04834994311534
1789438153,50,,Aggregated,149.100000,0.000000,11,15,18,20,26,31,39,46,610,1400,2900,248906,0,11,15.342292570329843,3.53025300137233,2868.0854009999166,224.04846407880888
1789438154,50,,Aggregated,149.800000,0.000000,11,15,18,20,26,31,39,46,610,1400,2900,249076,0,11,15.344213913863713,3.53025300137233,2868.0854009999166,224.0475156177231
1789438155,50,,Aggregated,148.500000,0.000000,11,15,18,20,26,31,39,46,610,1400,2900,249233,0,11,15.343693444477715,3.53025300137233,2868.0854009999166,224.04707643048874
1789438156,50,,Aggregated,149.300000,0.000000,11,15,18,20,26,31,39,46,610,1400,2900,249394,0,11,15.343815072000616,3.53025300137233,2868.0854009999166,224.04749111847119
1789438157,50,,Aggregated,155.200000,0.000000,11,15,18,20,26,31,39,46,610,1400,2900,249552,0,11,15.342001278897865,3.53025300137233,2868.0854009999166,224.04712043982818
1789438158,50,,Aggregated,160.600000,0.000000,11,15,18,20,26,31,39,46,610,1400,2900,249714,0,11,15.340238778913108,3.53025300137233,2868.0854009999166,224.04646515613862
1789438159,50,,Aggregated,159.500000,0.000000,11,15,18,20,26,31,39,46,610,1400,2900,249871,0,11,15.338120691026663,3.53025300137233,2868.0854009999166,224.0445149697244
1789438160,50,,Aggregated,160.200000,0.000000,11,15,18,20,26,31,39,46,610,1400,2900,250030,0,11,15.336125299694093,3.53025300137233,2868.0854009999166,224.04423069231692
1789438161,50,,Aggregated,157.800000,0.000000,11,15,18,20,26,31,39,46,610,1400,2900,250187,0,11,15.335262993047278,3.53025300137233,2868.0854009999166,224.04480648474942
1789438162,50,,Aggregated,159.900000,0.000000,11,15,18,20,26,31,39,46,610,1400,2900,250341,0,11,15.335713095479834,3.53025300137233,2868.0854009999166,224.04717964696155
1789438163,50,,Aggregated,159.000000,0.000000,11,15,18,20,26,31,39,46,610,1400,2900,250506,0,11,15.332886179123554,3.53025300137233,2868.0854009999166,224.04755574716773
1789438164,50,,Aggregated,158.800000,0.000000,11,15,18,20,26,31,39,46,610,1400,2900,250667,0,11,15.332729630144836,3.53025300137233,2868.0854009999166,224.04904115818994
1789438165,50,,Aggregated,159.900000,0.000000,11,15,18,20,26,31,39,46,610,1400,2900,250824,0,11,15.331440539687225,3.53025300137233,2868.0854009999166,224.0505653366504
1789438166,50,,Aggregated,159.500000,0.000000,11,15,18,20,26,31,39,46,610,1400,2900,250998,0,11,15.330956842419036,3.53025300137233,2868.0854009999166,224.04921951569335
1789438167,50,,Aggregated,159.600000,0.000000,11,15,18,20,26,31,39,46,600,1400,2900,251150,0,11,15.330210523708852,3.53025300137233,2868.0854009999166,224.05145530559426
1789438168,50,,Aggregated,158.700000,0.000000,11,15,18,20,26,31,39,46,600,1400,2900,251319,0,11,15.327750683507722,3.53025300137233,2868.0854009999166,224.05046972174804
1789438169,50,,Aggregated,159.600000,0.000000,11,15,18,20,26,31,39,46,600,1400,2900,251486,0,11,15.326561223378178,3.53025300137233,2868.0854009999166,224.04897290505238
1789438170,50,,Aggregated,159.900000,0.000000,11,15,18,20,26,31,39,46,600,1400,2900,251649,0,11,15.324763111860134,3.53025300137233,2868.0854009999166,224.04701787012863
1789438171,50,,Aggregated,161.800000,0.000000,11,15,18,20,26,31,39,46,600,1400,2900,251808,0,11,15.322702531510046,3.53025300137233,2868.0854009999166,224.04685315796164
1789438172,50,,Aggregated,161.300000,0.000000,11,15,18,20,26,31,39,46,600,1400,2900,251961,0,11,15.322950415983021,3.53025300137233,2868.0854009999166,224.04784867499336
1789438173,50,,Aggregated,161.500000,0.000000,11,15,18,20,26,31,39,46,600,1400,2900,252119,0,11,15.324742376209283,3.53025300137233,2868.0854009999166,224.04856833479428
1789438174,50,,Aggregated,161.400000,0.000000,11,15,18,20,26,31,39,46,600,1400,2900,252272,0,11,15.323550614303265,3.53025300137233,2868.0854009999166,224.05033852349845
1789438175,50,,Aggregated,160.100000,0.000000,11,15,18,20,26,31,39,46,600,1400,2900,252433,0,11,15.32374964959621,3.53025300137233,2868.0854009999166,224.05064710239944
1789438176,50,,Aggregated,160.600000,0.000000,11,15,18,20,26,31,39,46,600,1400,2900,252593,0,11,15.32261924833831,3.53025300137233,2868.0854009999166,224.05096736647494
1789438177,50,,Aggregated,159.800000,0.000000,11,15,18,20,26,31,39,46,600,1400,2900,252738,0,11,15.322473175622685,3.53025300137233,2868.0854009999166,224.05104891231235
1789438178,50,,Aggregated,159.500000,0.000000,11,15,18,20,26,31,39,46,600,1400,2900,252891,0,11,15.322032079803225,3.53025300137233,2868.0854009999166,224.05259973664542
1789438179,50,,Aggregated,158.100000,0.000000,11,15,18,20,26,31,39,46,600,1400,2900,253046,0,11,15.32043429865914,3.53025300137233,2868.0854009999166,224.05071409941274
1789438180,50,,Aggregated,157.000000,0.000000,11,15,18,20,26,31,39,46,600,1400,2900,253204,0,11,15.319478872523687,3.53025300137233,2868.0854009999166,224.05134200091626
1789438181,50,,Aggregated,156.000000,0.000000,11,15,18,20,26,31,39,46,600,1400,2900,253353,0,11,15.317938118859852,3.53025300137233,2868.0854009999166,224.05047108185022
1789438182,50,,Aggregated,154.600000,0.000000,11,15,18,20,26,31,39,46,600,1400,2900,253521,0,11,15.315824564373322,3.53025300137233,2868.0854009999166,224.0494120802616
1789438183,50,,Aggregated,154.500000,0.000000,11,15,18,20,26,31,39,46,600,1400,2900,253671,0,11,15.317762399223744,3.53025300137233,2868.0854009999166,224.04908720350375
1789438184,50,,Aggregated,154.900000,0.000000,11,15,18,20,26,31,39,46,600,1400,2900,253835,0,11,15.315220429300448,3.53025300137233,2868.0854009999166,224.0482990919298
1789438185,50,,Aggregated,156.000000,0.000000,11,15,18,20,26,31,39,46,600,1400,2900,253998,0,11,15.314159775141816,3.53025300137233,2868.0854009999166,224.04755942960182
1789438186,50,,Aggregated,155.200000,0.000000,11,15,18,20,26,31,39,46,590,1400,2900,254154,0,11,15.313585501221576,3.53025300137233,2868.0854009999166,224.0482856850571
1789438187,50,,Aggregated,157.000000,0.000000,11,15,18,20,26,31,39,46,590,1400,2900,254325,0,11,15.311713704124545,3.53025300137233,2868.0854009999166,224.04779710999705
1789438188,50,,Aggregated,156.300000,0.000000,11,15,18,20,26,31,39,46,590,1400,2900,254488,0,11,15.310445674717322,3.53025300137233,2868.0854009999166,224.0499748514665
1789438189,50,,Aggregated,158.600000,0.000000,11,15,18,20,26,31,39,46,590,1400,2900,254652,0,11,15.31022148746312,3.53025300137233,2868.0854009999166,224.0500290592652
1789438190,50,,Aggregated,158.200000,0.000000,11,15,18,20,26,31,39,46,590,1400,2900,254818,0,11,15.309238963348092,3.53025300137233,2868.0854009999166,224.04880738409375
1789438191,50,,Aggregated,159.900000,0.000000,11,15,18,20,26,31,39,46,590,1400,2900,254982,0,11,15.30759413693683,3.53025300137233,2868.0854009999166,224.04910542704974
1789438192,50,,Aggregated,161.100000,0.000000,11,15,18,20,26,31,39,46,580,1400,2900,255141,0,11,15.305011011740243,3.53025300137233,2868.0854009999166,224.0493491833927
1789438193,50,,Aggregated,161.600000,0.000000,11,15,18,20,26,31,39,46,580,1400,2900,255302,0,11,15.304234137634662,3.53025300137233,2868.0854009999166,224.04708149564047
1789438194,50,,Aggregated,162.200000,0.000000,11,15,18,20,26,31,39,46,580,1400,2900,255459,0,11,15.30308818374539,3.53025300137233,2868.0854009999166,224.0471230216982
1789438195,50,,Aggregated,163.000000,0.000000,11,15,18,20,26,31,39,46,580,1400,2900,255618,0,11,15.303479873915,3.53025300137233,2868.0854009999166,224.04713674310887
1789438196,50,,Aggregated,162.000000,0.000000,11,15,18,20,26,31,39,46,580,1400,2900,255779,0,11,15.303802150533846,3.53025300137233,2868.0854009999166,224.0467982125194
1789438197,50,,Aggregated,160.400000,0.000000,11,15,18,20,26,31,39,46,580,1400,2900,255942,0,11,15.302022710830533,3.53025300137233,2868.0854009999166,224.04874932601916
1789438198,50,,Aggregated,162.300000,0.000000,11,15,18,20,26,31,39,46,580,1400,2900,256089,0,11,15.30575768908619,3.53025300137233,2868.0854009999166,224.04826447055515
1789438199,50,,Aggregated,161.300000,0.000000,11,15,18,20,26,31,39,46,580,1400,2900,256243,0,11,15.30565655064293,3.53025300137233,2868.0854009999166,224.05090870775007
1789438200,50,,Aggregated,161.000000,0.000000,11,15,18,20,26,31,39,46,580,1400,2900,256404,0,11,15.303540903470312,3.53025300137233,2868.0854009999166,224.05178936366048
1789438201,50,,Aggregated,159.100000,0.000000,11,15,18,20,26,31,39,46,580,1400,2900,256569,0,11,15.301887905095345,3.53025300137233,2868.0854009999166,224.0506491431155
1789438202,50,,Aggregated,158.600000,0.000000,11,15,18,20,26,31,39,46,580,1400,2900,256730,0,11,15.302361630629123,3.53025300137233,2868.0854009999166,224.05081213726484
1789438203,50,,Aggregated,158.800000,0.000000,11,15,18,20,26,31,39,46,580,1400,2900,256896,0,11,15.299922934698921,3.53025300137233,2868.0854009999166,224.05244924015943
1789438204,50,,Aggregated,159.000000,0.000000,11,15,18,20,26,31,39,46,570,1400,2900,257053,0,11,15.298768980032921,3.53025300137233,2868.0854009999166,224.05159247314756
1789438205,50,,Aggregated,157.800000,0.000000,11,15,18,20,26,31,39,46,570,1400,2900,257208,0,11,15.297796341588937,3.53025300137233,2868.0854009999166,224.0500917545333
1789438206,50,,Aggregated,159.200000,0.000000,11,15,18,20,26,31,39,46,570,1400,2900,257370,0,11,15.295982763664783,3.53025300137233,2868.0854009999166,224.05054979212807
1789438207,50,,Aggregated,159.300000,0.000000,11,15,18,20,26,31,39,46,570,1400,2900,257524,0,11,15.297597552820049,3.53025300137233,2868.0854009999166,224.05019726316772
1789438208,50,,Aggregated,158.500000,0.000000,11,15,18,20,26,31,39,46,570,1400,2900,257688,0,11,15.298702490296154,3.53025300137233,2868.0854009999166,224.04869066467975
1789438209,50,,Aggregated,157.600000,0.000000,11,15,18,20,26,31,39,46,570,1400,2900,257843,0,11,15.297716687966874,3.53025300137233,2868.0854009999166,224.049576680383
1789438210,50,,Aggregated,159.100000,0.000000,11,15,18,20,26,31,39,46,570,1400,2900,258004,0,11,15.295964666615433,3.53025300137233,2868.0854009999166,224.05113486612612
1789438211,50,,Aggregated,159.200000,0.000000,11,15,18,20,26,31,39,46,570,1400,2900,258165,0,11,15.295662001477512,3.53025300137233,2868.0854009999166,224.0517227354599
1789438212,50,,Aggregated,159.600000,0.000000,11,15,18,20,26,31,39,46,570,1400,2900,258314,0,11,15.295258496389826,3.53025300137233,2868.0854009999166,224.05070185897785
1789438213,50,,Aggregated,159.000000,0.000000,11,15,18,20,26,31,39,46,570,1400,2900,258475,0,11,15.296312494053403,3.53025300137233,2868.0854009999166,224.05233001257375
1789438214,50,,Aggregated,157.800000,0.000000,11,15,18,20,26,31,39,46,570,1400,2900,258635,0,11,15.293623569487705,3.53025300137233,2868.0854009999166,224.05384035416708
1789438215,50,,Aggregated,157.700000,0.000000,11,15,18,20,26,31,39,46,570,1400,2900,258788,0,11,15.311165409359983,3.53025300137233,2868.0854009999166,224.0545040728318
1789438216,50,,Aggregated,157.200000,0.000000,11,15,18,20,26,31,39,46,570,1400,2900,258944,0,11,15.309408025207984,3.53025300137233,2868.0854009999166,224.05482652619872
1789438217,50,,Aggregated,157.900000,0.000000,11,15,18,20,26,31,39,46,570,1400,2900,259094,0,11,15.31033921720867,3.53025300137233,2868.0854009999166,224.05631160891414
1789438218,50,,Aggregated,157.300000,0.000000,11,15,18,20,26,31,39,46,570,1400,2900,259250,0,11,15.309547923160926,3.53025300137233,2868.0854009999166,224.05581099324976
1789438219,50,,Aggregated,156.900000,0.000000,11,15,18,20,26,31,39,46,570,1400,2900,259416,0,11,15.307743550792846,3.53025300137233,2868.0854009999166,224.05409458167577
1789438220,50,,Aggregated,156.400000,0.000000,11,15,18,20,26,31,39,46,570,1400,2900,259581,0,11,15.30764530266653,3.53025300137233,2868.0854009999166,224.0537096320609
1789438221,50,,Aggregated,156.500000,0.000000,11,15,18,20,26,31,39,46,570,1400,2900,259733,0,11,15.306942348632933,3.53025300137233,2868.0854009999166,224.05339329234252
1789438222,50,,Aggregated,156.000000,0.000000,11,15,18,20,26,31,39,46,570,1400,2900,259894,0,11,15.30579802140668,3.53025300137233,2868.0854009999166,224.05503397538996
1789438223,50,,Aggregated,156.900000,0.000000,11,15,18,20,26,31,39,46,560,1400,2900,260050,0,11,15.303180163693419,3.53025300137233,2868.0854009999166,224.05326283407038
1789438224,50,,Aggregated,157.200000,0.000000,11,15,18,20,26,31,39,46,560,1400,2900,260208,0,11,15.303785224499165,3.53025300137233,2868.0854009999166,224.0545947857099
1789438225,50,,Aggregated,157.000000,0.000000,11,15,18,20,26,31,39,46,560,1400,2900,260364,0,11,15.301123960234413,3.53025300137233,2868.0854009999166,224.0553686377533
1789438226,50,,Aggregated,157.200000,0.000000,11,15,18,20,26,31,39,46,560,1400,2900,260523,0,11,15.301332785940124,3.53025300137233,2868.0854009999166,224.05558818223344
1789438227,50,,Aggregated,156.400000,0.000000,11,15,18,20,26,31,39,46,560,1400,2900,260681,0,11,15.301720832532794,3.53025300137233,2868.0854009999166,224.05540104572256
1789438228,50,,Aggregated,157.300000,0.000000,11,15,18,20,26,31,39,46,560,1400,2900,260847,0,11,15.300312137331353,3.53025300137233,2868.0854009999166,224.0540316737398
1789438229,50,,Aggregated,158.800000,0.000000,11,15,18,20,26,31,39,46,560,1400,2900,261008,0,11,15.298595364756927,3.53025300137233,2868.0854009999166,224.05371482866425
1789438230,50,,Aggregated,158.500000,0.000000,11,15,18,20,26,31,39,46,560,1400,2900,261169,0,11,15.296338375869542,3.53025300137233,2868.0854009999166,224.0522956399879
1789438231,50,,Aggregated,159.000000,0.000000,11,15,18,20,26,31,39,46,560,1400,2900,261326,0,11,15.295609183508247,3.53025300137233,2868.0854009999166,224.05179354522704
1789438232,50,,Aggregated,159.400000,0.000000,11,15,18,20,26,31,39,46,560,1400,2900,261391,0,11,15.300460808652458,3.53025300137233,2868.0854009999166,224.05474174703795
1789438233,50,,Aggregated,159.400000,0.000000,11,15,18,20,26,31,39,46,570,1400,2900,261394,0,11,15.312158720228753,3.53025300137233,2868.0854009999166,224.05444654429712
1789438234,50,,Aggregated,156.500000,0.000000,11,15,18,20,26,31,39,46,710,2200,3000,261473,0,11,15.66673761232507,3.53025300137233,2976.5987699993275,224.0520321409859
1789438235,50,,Aggregated,143.200000,0.000000,11,15,18,20,26,31,39,47,730,2300,3000,261611,0,11,15.73741035364898,3.53025300137233,2976.5987699993275,224.0519626468306
1789438236,50,,Aggregated,127.300000,0.000000,11,15,18,20,26,31,39,47,730,2300,3000,261775,0,11,15.7362535414935,3.53025300137233,2976.5987699993275,224.0526902874606
1789438237,50,,Aggregated,122.600000,0.000000,11,15,18,20,26,31,39,47,730,2300,3000,261933,0,11,15.7361831180777,3.53025300137233,2976.5987699993275,224.0524752513047
1789438238,50,,Aggregated,122.300000,0.000000,11,15,18,20,26,31,39,47,730,2300,3000,262087,0,11,15.734703756719886,3.53025300137233,2976.5987699993275,224.05247112600014
1789438239,50,,Aggregated,121.500000,0.000000,11,15,18,20,26,31,39,47,730,2300,3000,262240,0,11,15.73496851461054,3.53025300137233,2976.5987699993275,224.05119356314827
1789438240,50,,Aggregated,121.400000,0.000000,11,15,18,20,26,31,39,47,730,2300,3000,262397,0,11,15.734812686880819,3.53025300137233,2976.5987699993275,224.05120104269486
1789438241,50,,Aggregated,120.700000,0.000000,11,15,18,20,26,31,39,47,730,2300,3000,262555,0,11,15.733392527628375,3.53025300137233,2976.5987699993275,224.05168440898098
1789438242,50,,Aggregated,119.900000,0.000000,11,15,18,20,26,31,39,47,730,2300,3000,262712,0,11,15.731055512136667,3.53025300137233,2976.5987699993275,224.05051539328238
1789438243,50,,Aggregated,119.800000,0.000000,11,15,18,20,26,31,39,47,730,2300,3000,262861,0,11,15.729964837954101,3.53025300137233,2976.5987699993275,224.05139978924223
1789438244,50,,Aggregated,121.900000,0.000000,11,15,18,20,26,31,39,46,730,2300,3000,263026,0,11,15.729053004864326,3.53025300137233,2976.5987699993275,224.05227239892633
1789438245,50,,Aggregated,135.800000,0.000000,11,15,18,20,26,31,39,46,730,2300,3000,263182,0,11,15.727718705274064,3.53025300137233,2976.5987699993275,224.05226801225007
1789438246,50,,Aggregated,151.300000,0.000000,11,15,18,20,26,31,39,46,730,2300,3000,263341,0,11,15.726305947985516,3.53025300137233,2976.5987699993275,224.05306427787545
1789438247,50,,Aggregated,156.000000,0.000000,11,15,18,20,26,31,39,46,730,2300,3000,263494,0,11,15.724105460156434,3.53025300137233,2976.5987699993275,224.0507222175837
1789438248,50,,Aggregated,155.900000,0.000000,11,15,18,20,26,31,39,46,730,2300,3000,263668,0,11,15.722732943229625,3.53025300137233,2976.5987699993275,224.051333495153
1789438249,50,,Aggregated,156.500000,0.000000,11,15,18,20,26,31,39,46,730,2300,3000,263828,0,11,15.721883902912026,3.53025300137233,2976.5987699993275,224.04831935958276
1789438250,50,,Aggregated,156.600000,0.000000,11,15,18,20,26,31,39,46,730,2300,3000,263980,0,11,15.721280325568133,3.53025300137233,2976.5987699993275,224.04906432305478
1789438251,50,,Aggregated,158.600000,0.000000,11,15,18,20,26,31,39,46,720,2300,3000,264137,0,11,15.72081265155761,3.53025300137233,2976.5987699993275,224.04900865838562
1789438252,50,,Aggregated,158.000000,0.000000,11,15,18,20,26,31,39,46,720,2300,3000,264285,0,11,15.719625443280771,3.53025300137233,2976.5987699993275,224.05064229903323
1789438253,50,,Aggregated,157.100000,0.000000,11,15,18,20,26,31,39,46,720,2300,3000,264450,0,11,15.719428194964852,3.53025300137233,2976.5987699993275,224.05059935715636
1789438254,50,,Aggregated,158.100000,0.000000,11,15,18,20,26,31,39,46,720,2300,3000,264608,0,11,15.717288429614555,3.53025300137233,2976.5987699993275,224.05234157697424
1789438255,50,,Aggregated,157.600000,0.000000,11,15,18,20,26,31,39,46,720,2300,3000,264777,0,11,15.716003971460742,3.53025300137233,2976.5987699993275,224.05247056957364
1789438256,50,,Aggregated,157.900000,0.000000,11,15,18,20,26,31,39,46,720,2300,3000,264926,0,11,15.715104298152953,3.53025300137233,2976.5987699993275,224.05212021470146
1789438257,50,,Aggregated,157.700000,0.000000,11,15,18,20,26,31,39,46,720,2300,3000,265087,0,11,15.712932117702843,3.53025300137233,2976.5987699993275,224.05180563362217
1789438258,50,,Aggregated,158.100000,0.000000,11,15,18,20,26,31,39,46,720,2300,3000,265254,0,11,15.70993720861324,3.53025300137233,2976.5987699993275,224.05170138810348
1789438259,50,,Aggregated,157.500000,0.000000,11,15,18,20,26,31,39,46,720,2300,3000,265410,0,11,15.708379310427292,3.53025300137233,2976.5987699993275,224.05236049885085
1789438260,50,,Aggregated,158.800000,0.000000,11,15,18,20,26,31,39,46,720,2300,3000,265576,0,11,15.705358716535095,3.53025300137233,2976.5987699993275,224.05275326083682
1789438261,50,,Aggregated,157.600000,0.000000,11,15,18,20,26,31,39,46,720,2300,3000,265738,0,11,15.70486345045314,3.53025300137233,2976.5987699993275,224.0538236910039
1789438262,50,,Aggregated,158.900000,0.000000,11,15,18,20,26,31,39,46,720,2300,3000,265898,0,11,15.703542171180379,3.53025300137233,2976.5987699993275,224.05294511429196
1789438263,50,,Aggregated,159.700000,0.000000,11,15,18,20,26,31,39,46,720,2300,3000,266054,0,11,15.701404305127936,3.53025300137233,2976.5987699993275,224.05260962060333
1789438264,50,,Aggregated,159.900000,0.000000,11,15,18,20,26,31,39,46,720,2300,3000,266211,0,11,15.70002442851913,3.53025300137233,2976.5987699993275,224.05147796296922
1789438265,50,,Aggregated,159.200000,0.000000,11,15,18,20,26,31,39,46,720,2300,3000,266371,0,11,15.70066832680549,3.53025300137233,2976.5987699993275,224.05467937575787
1789438266,50,,Aggregated,159.400000,0.000000,11,15,18,20,26,31,39,46,720,2300,3000,266524,0,11,15.701065927062846,3.53025300137233,2976.5987699993275,224.05344359232188
1789438267,50,,Aggregated,159.900000,0.000000,11,15,18,20,26,31,39,46,720,2300,3000,266684,0,11,15.699984920139595,3.53025300137233,2976.5987699993275,224.0544052136611
1789438268,50,,Aggregated,159.900000,0.000000,11,15,18,20,26,31,39,46,720,2300,3000,266848,0,11,15.697303287393927,3.53025300137233,2976.5987699993275,224.05493389495143
1789438269,50,,Aggregated,160.900000,0.000000,11,15,18,20,26,31,39,46,710,2300,3000,267001,0,11,15.695785967552549,3.53025300137233,2976.5987699993275,224.05416459114386
1789438270,50,,Aggregated,159.400000,0.000000,11,15,18,20,26,31,39,46,710,2300,3000,267161,0,11,15.69517165357033,3.53025300137233,2976.5987699993275,224.05358940863374
1789438271,50,,Aggregated,159.100000,0.000000,11,15,18,20,26,31,39,46,710,2300,3000,267315,0,11,15.69445021242549,3.53025300137233,2976.5987699993275,224.05425434412584
1789438272,50,,Aggregated,158.800000,0.000000,11,15,18,20,26,31,39,46,710,2300,3000,267474,0,11,15.692885409088378,3.53025300137233,2976.5987699993275,224.0532948996912
1789438273,50,,Aggregated,158.000000,0.000000,11,15,18,20,26,31,39,46,710,2300,3000,267635,0,11,15.691163489332542,3.53025300137233,2976.5987699993275,224.0545294897902
1789438274,50,,Aggregated,157.000000,0.000000,11,15,18,20,26,31,39,46,710,2300,3000,267796,0,11,15.69060664191965,3.53025300137233,2976.5987699993275,224.05511284709257
1789438275,50,,Aggregated,157.500000,0.000000,11,15,18,20,26,31,39,46,710,2300,3000,267956,0,11,15.690095852731455,3.53025300137233,2976.5987699993275,224.053199032677
1789438276,50,,Aggregated,158.400000,0.000000,11,15,18,20,26,31,39,46,710,2300,3000,268111,0,11,15.692344848594528,3.53025300137233,2976.5987699993275,224.05345547180085
1789438277,50,,Aggregated,158.500000,0.000000,11,15,18,20,26,31,39,46,710,2300,3000,268274,0,11,15.689577843494057,3.53025300137233,2976.5987699993275,224.0548021798609
1789438278,50,,Aggregated,158.400000,0.000000,11,15,18,20,26,31,39,46,710,2300,3000,268435,0,11,15.689739278333764,3.53025300137233,2976.5987699993275,224.05398699871478
1789438279,50,,Aggregated,157.500000,0.000000,11,15,18,20,26,31,39,46,710,2300,3000,268598,0,11,15.689116763328597,3.53025300137233,2976.5987699993275,224.05296018585395
1789438280,50,,Aggregated,158.700000,0.000000,11,15,18,20,26,31,39,46,710,2300,3000,268753,0,11,15.688705179404629,3.53025300137233,2976.5987699993275,224.05339103191406
1789438281,50,,Aggregated,158.400000,0.000000,11,15,18,20,26,31,39,46,710,2300,3000,268907,0,11,15.68632219424748,3.53025300137233,2976.5987699993275,224.0545541767228
1789438282,50,,Aggregated,158.900000,0.000000,11,15,18,20,26,31,39,46,710,2300,3000,269058,0,11,15.684525301412803,3.53025300137233,2976.5987699993275,224.05552706107977
1789438283,50,,Aggregated,158.700000,0.000000,11,15,18,20,26,31,39,46,710,2300,3000,269219,0,11,15.684505286660778,3.53025300137233,2976.5987699993275,224.0561995995825
1789438284,50,,Aggregated,159.300000,0.000000,11,15,18,20,26,31,39,46,710,2300,3000,269378,0,11,15.683822112049022,3.53025300137233,2976.5987699993275,224.05471122363372
1789438285,50,,Aggregated,159.000000,0.000000,11,15,18,20,26,31,39,46,710,2300,3000,269543,0,11,15.68151521165654,3.53025300137233,2976.5987699993275,224.0543512537888
1789438286,50,,Aggregated,158.900000,0.000000,11,15,18,20,26,31,39,46,710,2300,3000,269694,0,11,15.679068780538465,3.53025300137233,2976.5987699993275,224.05383879507886
1789438287,50,,Aggregated,158.300000,0.000000,11,15,18,20,26,31,39,46,710,2300,3000,269853,0,11,15.679264643452296,3.53025300137233,2976.5987699993275,224.05248783596994
1789438288,50,,Aggregated,157.500000,0.000000,11,15,18,20,26,31,39,46,710,2300,3000,270013,0,11,15.677178031493115,3.53025300137233,2976.5987699993275,224.05360852995966
1789438289,50,,Aggregated,158.200000,0.000000,11,15,18,20,26,31,39,46,710,2300,3000,270176,0,11,15.677468206526704,3.53025300137233,2976.5987699993275,224.05375384934266
1789438290,50,,Aggregated,157.300000,0.000000,11,15,18,20,26,31,39,46,710,2300,3000,270332,0,11,15.677262409154547,3.53025300137233,2976.5987699993275,224.05341949898644
1789438291,50,,Aggregated,157.700000,0.000000,11,15,18,20,26,31,39,46,710,2300,3000,270491,0,11,15.6761362124565,3.53025300137233,2976.5987699993275,224.0540942212495
1789438292,50,,Aggregated,157.900000,0.000000,11,15,18,20,26,31,39,46,710,2300,3000,270654,0,11,15.673530182611602,3.53025300137233,2976.5987699993275,224.05253201504505
1789438293,50,,Aggregated,157.900000,0.000000,11,15,18,20,26,31,39,46,710,2300,3000,270815,0,11,15.67184703039917,3.53025300137233,2976.5987699993275,224.0524269335155
1789438294,50,,Aggregated,158.200000,0.000000,11,15,18,20,26,31,39,46,710,2300,3000,270975,0,11,15.66983197922154,3.53025300137233,2976.5987699993275,224.0505360273088
1789438295,50,,Aggregated,158.600000,0.000000,11,15,18,20,26,31,39,46,700,2300,3000,271131,0,11,15.667721643381137,3.53025300137233,2976.5987699993275,224.05104174734723
1789438296,50,,Aggregated,157.900000,0.000000,11,15,18,20,26,31,39,46,700,2300,3000,271294,0,11,15.665694253881677,3.53025300137233,2976.5987699993275,224.0505392673631
1789438297,50,,Aggregated,158.800000,0.000000,11,15,18,20,26,31,39,46,700,2300,3000,271466,0,11,15.663055049463223,3.53025300137233,2976.5987699993275,224.05140238556578
1789438298,50,,Aggregated,159.900000,0.000000,11,15,18,20,26,31,39,46,700,2300,3000,271624,0,11,15.662540030702667,3.53025300137233,2976.5987699993275,224.05102641887314
1789438299,50,,Aggregated,159.200000,0.000000,11,15,18,20,26,31,39,46,700,2300,3000,271785,0,11,15.663139068902192,3.53025300137233,2976.5987699993275,224.050197766617
1789438300,50,,Aggregated,160.800000,0.000000,11,15,18,20,26,31,39,46,700,2300,3000,271944,0,11,15.661164075925836,3.53025300137233,2976.5987699993275,224.0500581001971
1789438301,50,,Aggregated,160.400000,0.000000,11,15,18,20,26,31,39,46,700,2300,3000,272111,0,11,15.659248036851004,3.53025300137233,2976.5987699993275,224.05077339762082
1789438302,50,,Aggregated,160.300000,0.000000,11,15,18,20,26,31,39,46,700,2300,3000,272280,0,11,15.657203612000723,3.53025300137233,2976.5987699993275,224.052861025415
1789438303,50,,Aggregated,161.200000,0.000000,11,15,18,20,26,31,39,46,700,2300,3000,272428,0,11,15.655906839644027,3.53025300137233,2976.5987699993275,224.0510887280309
1789438304,50,,Aggregated,161.000000,0.000000,11,15,18,20,26,31,39,46,700,2300,3000,272584,0,11,15.655791586056202,3.53025300137233,2976.5987699993275,224.05041014879816
1789438305,50,,Aggregated,162.000000,0.000000,11,15,18,20,26,31,39,46,700,2300,3000,272749,0,11,15.65558689460468,3.53025300137233,2976.5987699993275,224.05003868025182
1789438306,50,,Aggregated,160.800000,0.000000,11,15,18,20,26,31,39,46,700,2300,3000,272901,0,11,15.653694048217233,3.53025300137233,2976.5987699993275,224.05256484952417
1789438307,50,,Aggregated,160.500000,0.000000,11,15,18,20,26,31,39,46,700,2300,3000,273059,0,11,15.652810430055505,3.53025300137233,2976.5987699993275,224.05272486898437
1789438308,50,,Aggregated,160.200000,0.000000,11,15,18,20,26,31,39,46,700,2300,3000,273222,0,11,15.652757809731721,3.53025300137233,2976.5987699993275,224.05091098081414
1789438309,50,,Aggregated,160.800000,0.000000,11,15,18,20,26,31,39,46,700,2300,3000,273389,0,11,15.651472267565737,3.53025300137233,2976.5987699993275,224.05033121303345
1789438310,50,,Aggregated,159.100000,0.000000,11,15,18,20,26,31,39,46,700,2300,3000,273540,0,11,15.650228005134615,3.53025300137233,2976.5987699993275,224.04965635738833
1789438311,50,,Aggregated,159.600000,0.000000,11,15,18,20,26,31,39,46,700,2300,3000,273705,0,11,15.651430881611699,3.53025300137233,2976.5987699993275,224.05058731115616
1789438312,50,,Aggregated,159.900000,0.000000,11,15,18,20,26,31,39,46,700,2300,3000,273864,0,11,15.651698414751506,3.53025300137233,2976.5987699993275,224.05161320947624
1789438313,50,,Aggregated,159.200000,0.000000,11,15,18,20,26,31,39,46,690,2300,3000,274029,0,11,15.650627042198074,3.53025300137233,2976.5987699993275,224.05243605603786
1789438314,50,,Aggregated,159.300000,0.000000,11,15,18,20,26,31,39,46,690,2300,3000,274191,0,11,15.651597192484408,3.53025300137233,2976.5987699993275,224.050362703371
1789438315,50,,Aggregated,159.500000,0.000000,11,15,18,20,26,31,39,46,690,2300,3000,274350,0,11,15.652003931490752,3.53025300137233,2976.5987699993275,224.04839438673227
1789438316,50,,Aggregated,161.000000,0.000000,11,15,18,20,26,31,39,46,690,2300,3000,274507,0,11,15.65108043337145,3.53025300137233,2976.5987699993275,224.04898964325136
1789438317,50,,Aggregated,161.100000,0.000000,11,15,18,20,26,31,39,46,690,2300,3000,274661,0,11,15.650876967714703,3.53025300137233,2976.5987699993275,224.04921339396566
1789438318,50,,Aggregated,160.700000,0.000000,11,15,18,20,26,31,39,46,690,2300,3000,274825,0,11,15.649687929553295,3.53025300137233,2976.5987699993275,224.04956244883107
1789438319,50,,Aggregated,160.300000,0.000000,11,15,18,20,26,31,39,46,690,2300,3000,274976,0,11,15.64916334290802,3.53025300137233,2976.5987699993275,224.05032439194693
1789438320,50,,Aggregated,160.100000,0.000000,12,15,18,20,26,31,39,46,690,2300,3000,275144,0,12,15.64916729732965,3.53025300137233,2976.5987699993275,224.0500283487919
1789438321,50,,Aggregated,159.800000,0.000000,11,15,18,20,26,31,39,46,690,2300,3000,275303,0,11,15.647283942723039,3.53025300137233,2976.5987699993275,224.0494110125934
1789438322,50,,Aggregated,158.300000,0.000000,12,15,18,20,26,31,39,46,690,2300,3000,275458,0,11,15.64667320005765,3.53025300137233,2976.5987699993275,224.04931786334032
1789438323,50,,Aggregated,159.100000,0.000000,12,15,18,20,26,31,39,46,690,2300,3000,275635,0,12,15.64524580249051,3.53025300137233,2976.5987699993275,224.04850617664664
1789438324,50,,Aggregated,159.400000,0.000000,11,15,18,20,26,31,39,46,690,2300,3000,275799,0,11,15.643237533622171,3.53025300137233,2976.5987699993275,224.04952157186938
1789438325,50,,Aggregated,158.300000,0.000000,12,15,18,20,26,31,39,46,690,2300,3000,275965,0,12,15.64243818617386,3.53025300137233,2976.5987699993275,224.04755313173771
1789438326,50,,Aggregated,159.200000,0.000000,11,15,18,20,26,31,39,46,690,2300,3000,276125,0,11,15.641047343215805,3.53025300137233,2976.5987699993275,224.04664554096877
1789438327,50,,Aggregated,159.900000,0.000000,11,15,18,20,26,31,39,46,690,2300,3000,276281,0,11,15.64015847562244,3.53025300137233,2976.5987699993275,224.04581567317334
1789438328,50,,Aggregated,160.900000,0.000000,11,15,18,20,26,31,39,46,690,2300,3000,276448,0,11,15.63876361655153,3.53025300137233,2976.5987699993275,224.04378038546128
1789438329,50,,Aggregated,160.700000,0.000000,11,15,18,20,26,31,39,46,690,2300,3000,276606,0,11,15.636412415014263,3.53025300137233,2976.5987699993275,224.0439469859656
1789438330,50,,Aggregated,160.700000,0.000000,11,15,18,20,26,31,39,46,690,2300,3000,276762,0,11,15.636117227605142,3.53025300137233,2976.5987699993275,224.04507482963703
1789438331,50,,Aggregated,161.700000,0.000000,12,15,18,20,26,31,39,46,690,2300,3000,276918,0,12,15.638222665631933,3.53025300137233,2976.5987699993275,224.04490860110212
1789438332,50,,Aggregated,162.800000,0.000000,12,15,18,20,26,31,39,46,680,2300,3000,277084,0,12,15.6361363015961,3.53025300137233,2976.5987699993275,224.04440891570786
1789438333,50,,Aggregated,161.200000,0.000000,11,15,18,20,26,31,39,46,680,2300,3000,277252,0,11,15.634086046659538,3.53025300137233,2976.5987699993275,224.04623591534056
1789438334,50,,Aggregated,161.100000,0.000000,11,15,18,20,26,31,39,46,680,2300,3000,277407,0,11,15.632725340515707,3.53025300137233,2976.5987699993275,224.04584599523443
1789438335,50,,Aggregated,162.000000,0.000000,11,15,18,20,26,31,39,46,680,2300,3000,277567,0,11,15.632853834535194,3.53025300137233,2976.5987699993275,224.04743359261008
1789438336,50,,Aggregated,161.200000,0.000000,11,15,18,20,26,31,39,46,680,2300,3000,277733,0,11,15.631129555959955,3.53025300137233,2976.5987699993275,224.04843140714283
1789438337,50,,Aggregated,160.600000,0.000000,11,15,18,20,26,31,39,46,680,2300,3000,277899,0,11,15.630665154557713,3.53025300137233,2976.5987699993275,224.04817937452097
1789438338,50,,Aggregated,160.000000,0.000000,11,15,18,20,26,31,39,46,680,2300,3000,278057,0,11,15.629384239355383,3.53025300137233,2976.5987699993275,224.04764490733913
1789438339,50,,Aggregated,160.600000,0.000000,11,15,18,20,26,31,39,46,680,2300,3000,278222,0,11,15.62986210705989,3.53025300137233,2976.5987699993275,224.04779276980253
1789438340,50,,Aggregated,161.900000,0.000000,12,15,18,20,26,31,39,46,680,2300,3000,278393,0,12,15.628723925771824,3.53025300137233,2976.5987699993275,224.04751915457643
1789438341,50,,Aggregated,160.700000,0.000000,12,15,18,20,26,31,39,46,680,2300,3000,278545,0,12,15.627491643269199,3.53025300137233,2976.5987699993275,224.04773375935665
1789438342,50,,Aggregated,161.200000,0.000000,12,15,18,20,26,31,39,46,680,2300,3000,278701,0,12,15.626897197711672,3.53025300137233,2976.5987699993275,224.04757787019062
1789438343,50,,Aggregated,163.300000,0.000000,12,15,18,20,26,31,39,46,680,2300,3000,278864,0,12,15.624960002099387,3.53025300137233,2976.5987699993275,224.04772218715934
1789438344,50,,Aggregated,162.200000,0.000000,12,15,18,20,26,31,39,46,680,2300,3000,279029,0,12,15.627409325559142,3.53025300137233,2976.5987699993275,224.04672632593744
1789438345,50,,Aggregated,161.500000,0.000000,12,15,18,20,26,31,39,46,680,2300,3000,279191,0,12,15.628130570320824,3.53025300137233,2976.5987699993275,224.0465165424387
1789438346,50,,Aggregated,161.200000,0.000000,12,15,18,20,26,31,39,46,680,2300,3000,279358,0,12,15.62657491870802,3.53025300137233,2976.5987699993275,224.04649231452115
1789438347,50,,Aggregated,161.500000,0.000000,12,15,18,20,26,31,39,46,680,2300,3000,279518,0,12,15.626794760829174,3.53025300137233,2976.5987699993275,224.04679126210118
1789438348,50,,Aggregated,161.600000,0.000000,12,15,18,20,26,31,39,46,680,2300,3000,279683,0,12,15.626478318122395,3.53025300137233,2976.5987699993275,224.04737506391163
1789438350,50,,Aggregated,162.200000,0.000000,12,15,18,20,26,31,39,46,680,2300,3000,279835,0,12,15.626124615850124,3.53025300137233,2976.5987699993275,224.04986152554184
1789438351,50,,Aggregated,161.400000,0.000000,12,15,18,20,26,31,39,46,680,2300,3000,279995,0,12,15.625766431044912,3.53025300137233,2976.5987699993275,224.04982588974804
1789438352,50,,Aggregated,162.200000,0.000000,12,15,18,20,26,31,39,46,670,2200,3000,280159,0,12,15.62321725068415,3.53025300137233,2976.5987699993275,224.04983955539532
1789438353,50,,Aggregated,160.800000,0.000000,12,15,18,20,26,31,39,46,670,2200,3000,280317,0,12,15.621908946804608,3.53025300137233,2976.5987699993275,224.04869130306045
1789438354,50,,Aggregated,161.300000,0.000000,12,15,18,20,26,31,39,46,670,2200,3000,280469,0,12,15.620793856684427,3.53025300137233,2976.5987699993275,224.04922112604245
1789438355,50,,Aggregated,161.300000,0.000000,12,15,18,20,26,31,39,46,670,2200,3000,280631,0,12,15.618942615696188,3.53025300137233,2976.5987699993275,224.04863325862075
1789438356,50,,Aggregated,160.200000,0.000000,12,15,18,20,26,31,39,46,670,2200,3000,280787,0,12,15.616848717459964,3.53025300137233,2976.5987699993275,224.04718523293457
1789438357,50,,Aggregated,159.800000,0.000000,12,15,18,20,26,31,39,46,670,2200,3000,280946,0,12,15.616355774000846,3.53025300137233,2976.5987699993275,224.0474432809152
1789438358,50,,Aggregated,158.900000,0.000000,12,15,18,20,26,31,39,46,670,2200,3000,281105,0,12,15.614523475375528,3.53025300137233,2976.5987699993275,224.04795361163977
1789438359,50,,Aggregated,157.800000,0.000000,11,15,18,20,26,31,39,46,670,2200,3000,281256,0,11,15.612801528608907,3.53025300137233,2976.5987699993275,224.04791364450892
1789438360,50,,Aggregated,158.500000,0.000000,12,15,18,20,26,31,39,46,670,2200,3000,281411,0,12,15.612685668710265,3.53025300137233,2976.5987699993275,224.04925891311996
1789438361,50,,Aggregated,157.100000,0.000000,11,15,18,20,26,31,39,46,670,2200,3000,281572,0,11,15.610735385355875,3.53025300137233,2976.5987699993275,224.04996945719034
1789438362,50,,Aggregated,157.500000,0.000000,12,15,18,20,26,31,39,46,670,2200,3000,281741,0,12,15.611559723481522,3.53025300137233,2976.5987699993275,224.05152249761306
1789438363,50,,Aggregated,157.000000,0.000000,12,15,18,20,26,31,39,46,670,2200,3000,281894,0,12,15.61085161422883,3.53025300137233,2976.5987699993275,224.0525623106558
1789438364,50,,Aggregated,157.200000,0.000000,12,15,18,20,26,31,39,46,670,2200,3000,282043,0,12,15.609402651614873,3.53025300137233,2976.5987699993275,224.05301319302376
1789438365,50,,Aggregated,156.900000,0.000000,12,15,18,20,26,31,39,46,670,2200,3000,282203,0,12,15.609065566331418,3.53025300137233,2976.5987699993275,224.05215394591838
1789438366,50,,Aggregated,157.200000,0.000000,12,15,18,20,26,31,39,46,670,2200,3000,282367,0,12,15.607957162864027,3.53025300137233,2976.5987699993275,224.0513941076684
1789438367,50,,Aggregated,156.600000,0.000000,12,15,18,20,26,31,39,46,670,2200,3000,282540,0,12,15.609919991216932,3.53025300137233,2976.5987699993275,224.0507680328449
1789438368,50,,Aggregated,157.800000,0.000000,12,15,18,20,26,31,39,46,670,2200,3000,282690,0,12,15.610276275066065,3.53025300137233,2976.5987699993275,224.05261593972196
1789438369,50,,Aggregated,158.900000,0.000000,12,15,18,20,26,31,39,46,670,2200,3000,282852,0,12,15.608755727834394,3.53025300137233,2976.5987699993275,224.0530206609817
1789438370,50,,Aggregated,158.900000,0.000000,12,15,18,20,26,31,39,46,660,2200,3000,283003,0,12,15.606671085184303,3.53025300137233,2976.5987699993275,224.0513775472345
1789438371,50,,Aggregated,158.800000,0.000000,12,15,18,20,26,31,39,46,660,2200,3000,283161,0,12,15.605112226819429,3.53025300137233,2976.5987699993275,224.04957603624794
